version 1
nodes
0 "weapon_bone" -1
1 "charge_level" 0
2 "c_weapon_stattrack" 0
end
skeleton
time 0
0  0.000000 -2.036239 -1.622628  0.000000 -0.000000 0.000000
1  0.000000 2.077242 16.328623  0.000000 -0.000000 0.000000
2  0.772546 5.069391 12.834337  -1.545290 0.000065 -0.019740
end
triangles
painted_wood_01
0  -9.000000 -1.000000 1.000000  0.000000 0.000000 1.000000  0.298096 0.539551 0
0  -11.000000 0.000000 1.000000  0.000000 0.000000 1.000000  0.298096 0.539551 0
0  -11.000000 -1.000000 1.000000  0.000000 0.000000 1.000000  0.298096 0.539551 0
painted_wood_01
0  -2.000000 -9.000000 1.000000  0.707107 0.707107 0.000000  0.298096 0.539551 0
0  -9.000000 -2.000000 -1.000000  0.707107 0.707107 0.000000  0.298096 0.539551 0
0  -9.000000 -2.000000 1.000000  0.707107 0.707107 0.000000  0.298096 0.539551 0
painted_wood_01
0  -1.000000 -9.000000 1.000000  0.000000 1.000000 0.000000  0.298096 0.539551 0
0  0.000000 -9.000000 1.000000  0.000000 1.000000 0.000000  0.298096 0.539551 0
0  0.000000 -9.000000 -1.000000  0.000000 1.000000 0.000000  0.298096 0.539551 0
painted_wood_01
0  0.000000 -9.000000 -1.000000  1.000000 0.000000 0.000000  0.298096 0.539551 0
0  0.000000 -11.000000 1.000000  1.000000 0.000000 0.000000  0.298096 0.539551 0
0  0.000000 -11.000000 -1.000000  1.000000 0.000000 0.000000  0.298096 0.539551 0
painted_wood_01
0  -1.000000 -11.000000 1.000000  0.000000 -1.000000 0.000000  0.298096 0.539551 0
0  -2.000000 -11.000000 1.000000  0.000000 -1.000000 0.000000  0.298096 0.539551 0
0  -2.000000 -11.000000 -1.000000  0.000000 -1.000000 0.000000  0.298096 0.539551 0
painted_wood_01
0  -2.000000 -9.000000 -1.000000  0.000000 0.000000 -1.000000  0.298096 0.539551 0
0  0.000000 -11.000000 -1.000000  0.000000 0.000000 -1.000000  0.298096 0.539551 0
0  -2.000000 -11.000000 -1.000000  0.000000 0.000000 -1.000000  0.298096 0.539551 0
painted_wood_01
0  -1.000000 -9.000000 1.000000  0.000000 0.000000 1.000000  0.298096 0.539551 0
0  -2.000000 -11.000000 1.000000  0.000000 0.000000 1.000000  0.298096 0.539551 0
0  -1.000000 -11.000000 1.000000  0.000000 0.000000 1.000000  0.298096 0.539551 0
painted_wood_01
0  -11.000000 -1.000000 1.000000  -1.000000 0.000000 0.000000  0.298096 0.539551 0
0  -11.000000 0.000000 1.000000  -1.000000 0.000000 0.000000  0.298096 0.539551 0
0  -11.000000 0.000000 -1.000000  -1.000000 0.000000 0.000000  0.298096 0.539551 0
painted_wood_01
0  -11.000000 0.000000 -1.000000  0.000000 1.000000 0.000000  0.298096 0.539551 0
0  -9.000000 0.000000 1.000000  0.000000 1.000000 0.000000  0.298096 0.539551 0
0  -9.000000 0.000000 -1.000000  0.000000 1.000000 0.000000  0.298096 0.539551 0
painted_wood_01
0  -9.000000 -1.000000 1.000000  1.000000 0.000000 0.000000  0.298096 0.539551 0
0  -9.000000 -2.000000 1.000000  1.000000 0.000000 0.000000  0.298096 0.539551 0
0  -9.000000 -2.000000 -1.000000  1.000000 0.000000 0.000000  0.298096 0.539551 0
gold_player
0  -2.250000 -9.103554 -1.250000  0.000000 0.000000 -1.000000  0.288257 -0.466981 0
0  -10.396446 -2.250000 -1.250000  0.000000 0.000000 -1.000000  -0.831273 0.897801 0
0  -9.103554 -2.250000 -1.250000  0.000000 0.000000 -1.000000  0.130286 0.872311 0
painted_wood_01
0  -11.000000 0.000000 -1.000000  0.000000 0.000000 -1.000000  0.298096 0.539551 0
0  -9.000000 -2.000000 -1.000000  0.000000 0.000000 -1.000000  0.298096 0.539551 0
0  -11.000000 -2.000000 -1.000000  0.000000 0.000000 -1.000000  0.298096 0.539551 0
painted_wood_01
0  -11.000000 -1.000000 1.000000  0.000000 0.000000 1.000000  0.298096 0.539551 0
0  -9.000000 -2.000000 1.000000  0.000000 0.000000 1.000000  0.298096 0.539551 0
0  -9.000000 -1.000000 1.000000  0.000000 0.000000 1.000000  0.298096 0.539551 0
painted_wood_01
0  -1.000000 -11.000000 1.000000  0.000000 0.000000 1.000000  0.298096 0.539551 0
0  0.000000 -9.000000 1.000000  0.000000 0.000000 1.000000  0.298096 0.539551 0
0  -1.000000 -9.000000 1.000000  0.000000 0.000000 1.000000  0.298096 0.539551 0
painted_wood_01
0  -9.103554 -2.250000 1.250000  0.500000 0.500000 0.707107  0.298096 0.539551 0
0  -2.000000 -9.000000 1.000000  0.500000 0.500000 0.707107  0.298096 0.539551 0
0  -9.000000 -2.000000 1.000000  0.500000 0.500000 0.707107  0.298096 0.539551 0
painted_wood_01
0  -2.250000 -10.396447 -1.250000  0.707107 0.000000 -0.707107  0.298096 0.539551 0
0  -2.000000 -9.000000 -1.000000  0.707107 0.000000 -0.707107  0.298096 0.539551 0
0  -2.000000 -11.000000 -1.000000  0.707107 0.000000 -0.707107  0.298096 0.539551 0
painted_wood_01
0  -2.250000 -9.103554 -1.250000  0.500000 0.500000 -0.707107  0.298096 0.539551 0
0  -9.000000 -2.000000 -1.000000  0.500000 0.500000 -0.707107  0.298096 0.539551 0
0  -2.000000 -9.000000 -1.000000  0.500000 0.500000 -0.707107  0.298096 0.539551 0
painted_wood_01
0  -10.396446 -2.250000 -1.250000  -0.500000 -0.500000 -0.707107  0.298096 0.539551 0
0  -2.000000 -11.000000 -1.000000  -0.500000 -0.500000 -0.707107  0.298096 0.539551 0
0  -11.000000 -2.000000 -1.000000  -0.500000 -0.500000 -0.707107  0.298096 0.539551 0
painted_wood_01
0  -9.103554 -2.250000 -1.250000  0.000000 0.707107 -0.707107  0.298096 0.539551 0
0  -11.000000 -2.000000 -1.000000  0.000000 0.707107 -0.707107  0.298096 0.539551 0
0  -9.000000 -2.000000 -1.000000  0.000000 0.707107 -0.707107  0.298096 0.539551 0
black
0  -2.000000 -11.000000 -1.000000  0.000000 0.000000 1.000000  0.375000 1.125000 0
0  -11.000000 -2.000000 -1.000000  0.000000 0.000000 1.000000  0.375000 -0.125000 0
0  -11.000000 -2.000000 -1.000000  0.000000 0.000000 1.000000  0.375000 -0.125000 0
painted_wood_01
0  -2.250000 -9.103554 1.250000  0.571614 -0.032714 0.819870  0.298096 0.539551 0
0  -2.000000 -11.000000 1.000000  0.571613 -0.032711 0.819871  0.298096 0.539551 0
0  -2.000000 -9.000000 1.000000  0.571614 -0.032718 0.819870  0.298096 0.539551 0
black
0  -11.000000 -2.000000 1.000000  0.954520 0.298148 0.000000  0.625000 -0.125000 0
0  -10.810495 -2.606698 -0.437000  0.954520 0.298148 0.000000  0.000000 0.000000 0
0  -11.000000 -2.000000 -1.000000  0.954520 0.298148 0.000000  0.375000 -0.125000 0
black
0  -2.606698 -10.810495 0.437000  -0.707107 -0.707107 0.000000  0.000000 0.000000 0
0  -4.657647 -8.759546 0.437000  -0.707107 -0.707107 0.000000  0.000000 0.000000 0
0  -4.657647 -8.759546 0.000000  -0.707107 -0.707107 0.000000  0.000000 0.000000 0
painted_wood_01
0  -9.567706 -7.516756 1.368258  -0.595875 -0.595875 0.538392  0.298096 0.539551 0
0  -7.849488 -9.900437 0.631742  -0.595875 -0.595875 0.538392  0.298096 0.539551 0
0  -7.516756 -9.567706 1.368258  -0.595875 -0.595875 0.538392  0.298096 0.539551 0
black
0  -11.000000 -2.000000 1.000000  0.000000 0.000000 0.000000  0.000000 0.000000 0
0  -11.000000 -2.000000 1.000000  0.000000 0.000000 0.000000  0.000000 0.000000 0
0  -11.000000 -2.000000 -1.000000  0.000000 0.000000 0.000000  0.000000 0.000000 0
painted_wood_01
0  -11.000000 -2.000000 1.000000  -0.032718 0.571614 0.819870  0.298096 0.539551 0
0  -9.103554 -2.250000 1.250000  -0.032722 0.571615 0.819869  0.298096 0.539551 0
0  -9.000000 -2.000000 1.000000  -0.032724 0.571615 0.819869  0.298096 0.539551 0
black
0  -10.810495 -2.606698 -0.437000  -0.626334 -0.626334 -0.464124  0.000000 0.000000 0
0  -11.000000 -2.000000 -1.000000  -0.626334 -0.626334 -0.464124  0.000000 0.000000 0
0  -8.759546 -4.657647 -0.437000  -0.626334 -0.626334 -0.464124  0.000000 0.000000 0
painted_wood_01
0  -2.000000 -11.000000 1.000000  -0.278780 -0.892512 -0.354547  0.298096 0.539551 0
0  -2.606698 -10.810495 0.437000  0.223158 0.714557 0.663030  0.298096 0.539551 0
0  -2.000000 -11.000000 1.000000  0.000000 0.000000 -0.354547  0.298096 0.539551 0
black
0  -2.000000 -11.000000 1.000000  -0.298148 -0.954520 0.000000  0.000000 0.000000 0
0  -2.606698 -10.810495 -0.437000  -0.298148 -0.954520 0.000000  0.000000 0.000000 0
0  -2.000000 -11.000000 -1.000000  -0.298148 -0.954520 0.000000  0.000000 0.000000 0
black
0  -4.657647 -8.759546 -0.437000  -0.626334 -0.626334 -0.464125  0.000000 0.000000 0
0  -2.000000 -11.000000 -1.000000  -0.626334 -0.626334 -0.464125  0.000000 0.000000 0
0  -2.606698 -10.810495 -0.437000  -0.626334 -0.626334 -0.464125  0.000000 0.000000 0
gold_player
0  -8.734072 -6.683122 -0.437000  -0.707107 0.707106 0.000000  0.000000 0.000000 0
0  -9.567706 -7.516756 1.368258  -0.707107 0.707106 0.000000  0.000000 0.000000 0
0  -8.734072 -6.683122 0.437000  -0.707107 0.707106 0.000000  0.000000 0.000000 0
painted_wood_01
0  -6.683122 -8.734072 -0.437000  -0.012576 -0.999921 0.000000  0.298096 0.539551 0
0  -4.657647 -8.759546 -0.437000  -0.012576 -0.999921 0.000000  0.298096 0.539551 0
0  -4.657647 -8.759546 0.000000  -0.012576 -0.999921 0.000000  0.298096 0.539551 0
black
0  -8.759546 -4.657647 -0.437000  -0.707107 -0.707107 0.000000  0.000000 0.000000 0
0  -10.810495 -2.606698 0.437000  -0.707107 -0.707107 0.000000  0.000000 0.000000 0
0  -10.810495 -2.606698 -0.437000  -0.707107 -0.707107 0.000000  0.000000 0.000000 0
gold_player
0  -6.683122 -8.734072 -0.437000  0.707106 -0.707107 0.000001  0.000000 0.000000 0
0  -7.516756 -9.567706 1.368258  0.707106 -0.707107 0.000001  0.000000 0.000000 0
0  -7.849488 -9.900437 0.631742  0.707106 -0.707107 0.000001  0.000000 0.000000 0
painted_wood_01
0  -8.734072 -6.683122 0.437000  -0.999921 -0.012576 0.000000  0.298096 0.539551 0
0  -8.759546 -4.657647 -0.437000  -0.999921 -0.012576 0.000000  0.298096 0.539551 0
0  -8.734072 -6.683122 -0.437000  -0.999921 -0.012576 0.000000  0.298096 0.539551 0
black
0  -4.657647 -8.759546 -0.437000  -0.357950 -0.357984 -0.862391  0.000000 0.000000 0
0  -8.734072 -6.683122 -0.437000  -0.357976 -0.357959 -0.862391  0.000000 0.000000 0
0  -8.759546 -4.657647 -0.437000  -0.357975 -0.357960 -0.862391  0.000000 0.000000 0
painted_wood_01
0  -8.734072 -6.683122 0.437000  -0.805177 -0.010127 0.592948  0.298096 0.539551 0
0  -7.934072 -5.883121 1.537000  -0.805177 -0.010127 0.592948  0.298096 0.539551 0
0  -8.759546 -4.657647 0.437000  -0.805177 -0.010127 0.592948  0.298096 0.539551 0
painted_wood_01
0  -4.657647 -8.759546 0.437000  -0.010127 -0.805177 0.592948  0.298096 0.539551 0
0  -5.883122 -7.934072 1.537000  -0.010127 -0.805177 0.592948  0.298096 0.539551 0
0  -6.683122 -8.734072 0.437000  -0.010127 -0.805177 0.592948  0.298096 0.539551 0
painted_wood_01
0  -8.734072 -6.683122 0.437000  0.707107 0.707107 0.000000  0.298096 0.539551 0
0  -6.683122 -8.734072 -0.437000  0.707107 0.707107 0.000000  0.298096 0.539551 0
0  -8.734072 -6.683122 -0.437000  0.707107 0.707107 0.000000  0.298096 0.539551 0
black
0  -11.000000 -2.000000 -1.000000  -0.954520 -0.298148 0.000000  0.000000 0.000000 0
0  -10.810495 -2.606698 0.437000  -0.954520 -0.298148 0.000000  0.000000 0.000000 0
0  -11.000000 -2.000000 1.000000  -0.954520 -0.298148 0.000000  0.000000 0.000000 0
painted_wood_01
0  -10.596446 -2.450000 1.250000  -0.786942 -0.533493 0.310013  0.298096 0.539551 0
0  -11.000000 -2.000000 1.000000  -0.786942 -0.533493 0.310013  0.298096 0.539551 0
0  -10.810495 -2.606698 0.437000  -0.786942 -0.533493 0.310013  0.298096 0.539551 0
painted_wood_01
0  -10.810495 -2.606698 0.437000  -0.758755 -0.649495 0.049470  0.298096 0.539551 0
0  -7.934072 -5.883121 1.537000  -0.758732 -0.649522 0.049479  0.298096 0.539551 0
0  -10.596446 -2.450000 1.250000  -0.758758 -0.649491 0.049468  0.298096 0.539551 0
gold_player
0  -9.103554 -2.250000 1.250000  0.000000 0.000000 1.000000  1.887944 0.906250 0
0  -2.450000 -10.596446 1.250000  0.000000 0.000000 1.000000  -0.340223 -0.524255 0
0  -2.250000 -9.103554 1.250000  0.000000 0.000000 1.000000  1.031250 1.762944 0
painted_wood_01
0  -2.450000 -10.596446 1.250000  -0.649517 -0.758736 0.049464  0.298096 0.539551 0
0  -4.657647 -8.759546 0.437000  -0.649508 -0.758744 0.049467  0.298096 0.539551 0
0  -2.606698 -10.810495 0.437000  -0.649537 -0.758719 0.049457  0.298096 0.539551 0
painted_wood_01
0  -7.934072 -5.883121 1.537000  0.329474 0.329474 0.884813  0.298096 0.539551 0
0  -2.450000 -10.596446 1.250000  0.329474 0.329474 0.884813  0.298096 0.539551 0
0  -10.596446 -2.450000 1.250000  0.329474 0.329474 0.884813  0.298096 0.539551 0
painted_wood_01
0  -8.703589 -7.031862 -0.291190  -0.384498 -0.384498 -0.839239  0.298096 0.539551 0
0  -7.879970 -9.551697 0.485932  -0.384498 -0.384498 -0.839239  0.298096 0.539551 0
0  -9.551698 -7.879970 0.485932  -0.384498 -0.384498 -0.839239  0.298096 0.539551 0
gold_player
0  -2.000000 -11.000000 -1.000000  -0.707107 -0.707107 0.000000  0.375000 1.125000 0
0  -2.000000 -11.000000 1.000000  -0.707107 -0.707107 0.000000  0.625000 1.125000 0
0  -11.000000 -2.000000 1.000000  -0.707107 -0.707107 0.000000  0.000000 0.000000 0
black
0  -9.866996 -8.245355 0.044917  0.682135 0.682136 -0.263403  0.000000 0.000000 0
0  -8.871435 -10.006626 -1.938043  0.682135 0.682136 -0.263403  0.000000 0.000000 0
0  -10.006626 -8.871435 -1.938043  0.682135 0.682136 -0.263403  0.000000 0.000000 0
c_invasion_wrangler_laser
0  -9.108167 -7.843901 1.814342  -0.602227 0.776673 0.184668  0.000000 0.000000 0
0  -7.579334 -7.428634 5.053491  -0.602224 0.776673 0.184674  0.000000 0.000000 0
0  -8.421432 -7.391927 2.370491  -0.602226 0.776673 0.184671  0.000000 0.000000 0
painted_wood_01
0  -10.311981 -9.076738 -2.280855  0.240727 0.240728 -0.940266  0.298096 0.539551 0
0  -9.534464 -10.769707 -2.515230  0.240727 0.240728 -0.940266  0.298096 0.539551 0
0  -10.769707 -9.534464 -2.515230  0.240727 0.240728 -0.940266  0.298096 0.539551 0
painted_wood_01
0  -7.500491 -8.213733 5.985076  -0.514837 -0.514837 0.685482  0.298096 0.539551 0
0  -8.575023 -7.861777 5.442380  -0.514837 -0.514837 0.685482  0.298096 0.539551 0
0  -7.861779 -8.575021 5.442380  -0.514837 -0.514837 0.685482  0.298096 0.539551 0
gold_player
0  -8.753550 -9.620193 1.795608  0.601388 -0.779815 0.173844  0.000000 0.000000 0
0  -8.758602 -8.961437 4.768085  0.601388 -0.779815 0.173844  0.000000 0.000000 0
0  -9.206296 -9.880781 2.192893  0.601388 -0.779815 0.173844  0.000000 0.000000 0
painted_wood_01
0  -9.679433 -10.557434 -0.093381  -0.681796 -0.681796 0.265156  0.298096 0.539551 0
0  -10.680840 -9.802841 -0.728016  -0.681796 -0.681796 0.265156  0.298096 0.539551 0
0  -9.802840 -10.680841 -0.728016  -0.681796 -0.681796 0.265156  0.298096 0.539551 0
painted_wood_01
0  -10.769707 -9.534464 -2.515230  -0.705332 -0.705329 -0.070844  0.298096 0.539551 0
0  -9.802840 -10.680841 -0.728016  -0.705332 -0.705329 -0.070844  0.298096 0.539551 0
0  -10.680840 -9.802841 -0.728016  -0.705332 -0.705329 -0.070844  0.298096 0.539551 0
painted_wood_01
0  -8.213735 -7.500489 5.985076  -0.844792 0.475155 0.246077  0.298096 0.539551 0
0  -9.567706 -7.516756 1.368258  -0.844792 0.475155 0.246077  0.298096 0.539551 0
0  -8.575023 -7.861777 5.442380  -0.844792 0.475155 0.246077  0.298096 0.539551 0
painted_wood_01
0  -7.500491 -8.213733 5.985076  0.475154 -0.844792 0.246078  0.298096 0.539551 0
0  -7.861779 -8.575021 5.442380  0.475154 -0.844792 0.246078  0.298096 0.539551 0
0  -7.516756 -9.567706 1.368258  0.475154 -0.844792 0.246078  0.298096 0.539551 0
gold_player
0  -8.178309 -8.438931 5.104466  -0.280078 -0.280075 0.918213  0.000000 0.000000 0
0  -8.961439 -8.758601 4.768085  -0.280078 -0.280075 0.918213  0.000000 0.000000 0
0  -8.758602 -8.961437 4.768085  -0.280078 -0.280075 0.918213  0.000000 0.000000 0
painted_wood_01
0  -8.438933 -8.178308 5.104466  -0.661520 -0.661522 0.353243  0.298096 0.539551 0
0  -7.861779 -8.575021 5.442380  -0.661520 -0.661522 0.353243  0.298096 0.539551 0
0  -8.575023 -7.861777 5.442380  -0.661520 -0.661522 0.353243  0.298096 0.539551 0
painted_wood_01
0  -9.752638 -10.193002 0.203365  -0.580932 -0.580930 0.570121  0.298096 0.539551 0
0  -10.557433 -9.679434 -0.093381  -0.580932 -0.580930 0.570121  0.298096 0.539551 0
0  -9.679433 -10.557434 -0.093381  -0.580932 -0.580930 0.570121  0.298096 0.539551 0
painted_wood_01
0  -10.193001 -9.752639 0.203365  -0.575240 -0.584729 0.572006  0.298096 0.539551 0
0  -9.883766 -8.501668 1.793140  -0.575240 -0.584729 0.572006  0.298096 0.539551 0
0  -10.557433 -9.679434 -0.093381  -0.575240 -0.584730 0.572005  0.298096 0.539551 0
painted_wood_01
0  -8.178309 -8.438931 5.104466  -0.668347 -0.655645 0.351343  0.298096 0.539551 0
0  -8.501670 -9.883765 1.793140  -0.668347 -0.655645 0.351344  0.298096 0.539551 0
0  -7.861779 -8.575021 5.442380  -0.668347 -0.655644 0.351345  0.298096 0.539551 0
painted_wood_01
0  -8.753550 -9.620193 1.795608  -0.584737 -0.575227 0.572011  0.298096 0.539551 0
0  -9.679433 -10.557434 -0.093381  -0.584737 -0.575227 0.572011  0.298096 0.539551 0
0  -8.501670 -9.883765 1.793140  -0.584737 -0.575227 0.572011  0.298096 0.539551 0
painted_wood_01
0  -9.620194 -8.753548 1.795608  -0.655637 -0.668355 0.351343  0.298096 0.539551 0
0  -8.575023 -7.861777 5.442380  -0.655637 -0.668355 0.351343  0.298096 0.539551 0
0  -9.883766 -8.501668 1.793140  -0.655637 -0.668355 0.351343  0.298096 0.539551 0
gold_player
0  -10.326581 -9.983860 0.953694  -0.579810 -0.579808 0.572401  0.000000 0.000000 0
0  -9.206296 -9.880781 2.192893  -0.579810 -0.579808 0.572401  0.000000 0.000000 0
0  -9.880782 -9.206294 2.192893  -0.579810 -0.579808 0.572401  0.000000 0.000000 0
gold_player
0  -8.961439 -8.758601 4.768085  -0.662000 -0.662011 0.351423  0.000000 0.000000 0
0  -9.206296 -9.880781 2.192893  -0.662000 -0.662011 0.351423  0.000000 0.000000 0
0  -8.758602 -8.961437 4.768085  -0.662000 -0.662011 0.351423  0.000000 0.000000 0
gold_player
0  -8.438933 -8.178308 5.104466  -0.779816 0.601386 0.173844  0.000000 0.000000 0
0  -9.880782 -9.206294 2.192893  -0.779816 0.601386 0.173844  0.000000 0.000000 0
0  -8.961439 -8.758601 4.768085  -0.779816 0.601386 0.173844  0.000000 0.000000 0
gold_player
0  -10.193001 -9.752639 0.203365  -0.668696 -0.668692 -0.325112  0.000000 0.000000 0
0  -9.983859 -10.326582 0.953694  -0.668696 -0.668692 -0.325112  0.000000 0.000000 0
0  -10.326581 -9.983860 0.953694  -0.668696 -0.668692 -0.325112  0.000000 0.000000 0
gold_player
0  -9.620194 -8.753548 1.795608  -0.866991 0.498324 -0.000787  0.000000 0.000000 0
0  -10.326581 -9.983860 0.953694  -0.866991 0.498324 -0.000787  0.000000 0.000000 0
0  -9.880782 -9.206294 2.192893  -0.866991 0.498324 -0.000787  0.000000 0.000000 0
gold_player
0  -9.752638 -10.193002 0.203365  0.498326 -0.866989 -0.000785  0.000000 0.000000 0
0  -9.206296 -9.880781 2.192893  0.498326 -0.866989 -0.000785  0.000000 0.000000 0
0  -9.983859 -10.326582 0.953694  0.498326 -0.866989 -0.000785  0.000000 0.000000 0
gold_player
0  -9.883766 -8.501668 1.793140  -0.893622 0.385742 0.229442  0.000000 0.000000 0
0  -9.567706 -7.516756 1.368258  -0.893622 0.385742 0.229442  0.000000 0.000000 0
0  -9.900437 -7.849488 0.631742  -0.893622 0.385742 0.229442  0.000000 0.000000 0
gold_player
0  -7.516756 -9.567706 1.368258  0.385741 -0.893623 0.229440  0.000000 0.000000 0
0  -8.501670 -9.883765 1.793140  0.385741 -0.893623 0.229440  0.000000 0.000000 0
0  -7.849488 -9.900437 0.631742  0.385741 -0.893623 0.229440  0.000000 0.000000 0
painted_wood_01
0  -7.861779 -8.575021 5.442380  0.391660 -0.885779 0.248994  0.298096 0.539551 0
0  -8.501670 -9.883765 1.793140  0.391660 -0.885779 0.248994  0.298096 0.539551 0
0  -7.516756 -9.567706 1.368258  0.391660 -0.885779 0.248994  0.298096 0.539551 0
painted_wood_01
0  -8.575023 -7.861777 5.442380  -0.885778 0.391664 0.248993  0.298096 0.539551 0
0  -9.567706 -7.516756 1.368258  -0.885778 0.391664 0.248993  0.298096 0.539551 0
0  -9.883766 -8.501668 1.793140  -0.885778 0.391664 0.248993  0.298096 0.539551 0
black
0  -10.769707 -9.534464 -2.515230  -0.777458 0.620063 0.105262  0.000000 0.000000 0
0  -10.557433 -9.679434 -0.093381  -0.777458 0.620064 0.105259  0.000000 0.000000 0
0  -10.311981 -9.076738 -2.280855  -0.777458 0.620064 0.105259  0.000000 0.000000 0
black
0  -9.076738 -10.311981 -2.280855  0.620062 -0.777460 0.105264  0.000000 0.000000 0
0  -9.802840 -10.680841 -0.728016  0.620062 -0.777459 0.105263  0.000000 0.000000 0
0  -9.534464 -10.769707 -2.515230  0.620061 -0.777460 0.105265  0.000000 0.000000 0
black
0  -7.837859 -10.122279 0.439100  0.303764 -0.951528 0.048195  0.000000 0.000000 0
0  -9.293817 -10.617064 -0.152770  0.303766 -0.951527 0.048195  0.000000 0.000000 0
0  -8.712851 -10.317423 -2.332226  0.303772 -0.951525 0.048198  0.000000 0.000000 0
black
0  -10.317422 -8.712852 -2.332226  -0.951536 0.303732 0.048230  0.000000 0.000000 0
0  -10.024017 -8.377056 1.343372  -0.951537 0.303730 0.048214  0.000000 0.000000 0
0  -10.122279 -7.837860 0.439100  -0.951539 0.303728 0.048192  0.000000 0.000000 0
painted_wood_01
0  -7.837859 -10.122279 0.439100  0.559827 0.559827 -0.610891  0.298096 0.539551 0
0  -9.900437 -7.849488 0.631742  0.559827 0.559827 -0.610891  0.298096 0.539551 0
0  -7.849488 -9.900437 0.631742  0.559827 0.559827 -0.610891  0.298096 0.539551 0
painted_wood_01
0  -10.317422 -8.712852 -2.332226  -0.140460 -0.140460 -0.980072  0.298096 0.539551 0
0  -9.076738 -10.311981 -2.280855  -0.140460 -0.140460 -0.980072  0.298096 0.539551 0
0  -10.311981 -9.076738 -2.280855  -0.140460 -0.140460 -0.980072  0.298096 0.539551 0
painted_wood_01
0  -10.024017 -8.377056 1.343372  -0.934302 -0.010430 0.356330  0.298096 0.539551 0
0  -10.557433 -9.679434 -0.093381  -0.934301 -0.010428 0.356331  0.298096 0.539551 0
0  -9.883766 -8.501668 1.793140  -0.934304 -0.010435 0.356324  0.298096 0.539551 0
painted_wood_01
0  -9.293817 -10.617064 -0.152770  -0.010428 -0.934302 0.356329  0.298096 0.539551 0
0  -8.501670 -9.883765 1.793140  -0.010430 -0.934304 0.356324  0.298096 0.539551 0
0  -9.679433 -10.557434 -0.093381  -0.010427 -0.934301 0.356332  0.298096 0.539551 0
painted_wood_01
0  -10.122279 -7.837860 0.439100  -0.521362 0.726326 0.447920  0.298096 0.539551 0
0  -9.883766 -8.501668 1.793140  -0.521361 0.726326 0.447921  0.298096 0.539551 0
0  -9.900437 -7.849488 0.631742  -0.521363 0.726329 0.447913  0.298096 0.539551 0
painted_wood_01
0  -8.377058 -10.024016 1.343372  0.726305 -0.521407 0.447901  0.298096 0.539551 0
0  -7.849488 -9.900437 0.631742  0.726312 -0.521405 0.447892  0.298096 0.539551 0
0  -8.501670 -9.883765 1.793140  0.726308 -0.521406 0.447897  0.298096 0.539551 0
painted_wood_01
0  -10.617062 -9.293818 -0.152770  -0.982512 -0.107763 -0.151845  0.298096 0.539551 0
0  -10.311981 -9.076738 -2.280855  -0.982512 -0.107762 -0.151848  0.298096 0.539551 0
0  -10.557433 -9.679434 -0.093381  -0.982511 -0.107762 -0.151852  0.298096 0.539551 0
painted_wood_01
0  -8.712851 -10.317423 -2.332226  -0.107717 -0.982519 -0.151830  0.298096 0.539551 0
0  -9.679433 -10.557434 -0.093381  -0.107718 -0.982520 -0.151827  0.298096 0.539551 0
0  -9.076738 -10.311981 -2.280855  -0.107714 -0.982519 -0.151837  0.298096 0.539551 0
painted_wood_01
0  -9.108167 -7.843901 1.814342  0.692032 0.692032 -0.205389  0.298096 0.539551 0
0  -7.516756 -9.567706 1.368258  0.692032 0.692032 -0.205389  0.298096 0.539551 0
0  -9.567706 -7.516756 1.368258  0.692032 0.692032 -0.205389  0.298096 0.539551 0
painted_wood_01
0  -7.830779 -8.015840 5.538991  0.692031 0.692031 -0.205390  0.298096 0.539551 0
0  -8.213735 -7.500489 5.985076  0.692031 0.692031 -0.205390  0.298096 0.539551 0
0  -7.500491 -8.213733 5.985076  0.692031 0.692031 -0.205390  0.298096 0.539551 0
painted_wood_01
0  -8.015841 -7.830777 5.538991  0.692031 0.692032 -0.205389  0.298096 0.539551 0
0  -9.567706 -7.516756 1.368258  0.692031 0.692032 -0.205389  0.298096 0.539551 0
0  -8.213735 -7.500489 5.985076  0.692031 0.692032 -0.205389  0.298096 0.539551 0
painted_wood_01
0  -7.843901 -9.108167 1.814342  0.692033 0.692030 -0.205390  0.298096 0.539551 0
0  -7.500491 -8.213733 5.985076  0.692033 0.692030 -0.205390  0.298096 0.539551 0
0  -7.516756 -9.567706 1.368258  0.692033 0.692030 -0.205390  0.298096 0.539551 0
c_invasion_wrangler_laser
0  -7.843901 -9.108167 1.814342  0.401862 0.401862 -0.822808  0.000000 0.000000 0
0  -8.421432 -7.391927 2.370491  0.401862 0.401862 -0.822808  0.000000 0.000000 0
0  -7.391928 -8.421432 2.370491  0.401862 0.401862 -0.822808  0.000000 0.000000 0
c_invasion_wrangler_laser
0  -7.830779 -8.015840 5.538991  0.776689 -0.602206 0.184667  0.000000 0.000000 0
0  -7.391928 -8.421432 2.370491  0.776689 -0.602206 0.184667  0.000000 0.000000 0
0  -7.428636 -7.579332 5.053490  0.776690 -0.602207 0.184659  0.000000 0.000000 0
c_invasion_wrangler_laser
0  -8.015841 -7.830777 5.538991  0.447933 0.447936 0.773763  0.000000 0.000000 0
0  -7.428636 -7.579332 5.053490  0.447933 0.447936 0.773763  0.000000 0.000000 0
0  -7.579334 -7.428634 5.053491  0.447933 0.447936 0.773763  0.000000 0.000000 0
gold_player
0  -7.843901 -9.108167 1.814342  0.692029 0.692034 -0.205390  0.000000 0.000000 0
0  -8.015841 -7.830777 5.538991  0.692029 0.692034 -0.205390  0.000000 0.000000 0
0  -7.830779 -8.015840 5.538991  0.692029 0.692034 -0.205390  0.000000 0.000000 0
black
0  -6.486232 -7.834656 1.414123  -0.553949 -0.553949 0.621515  0.000000 0.000000 0
0  -8.734072 -6.683122 0.437000  -0.553949 -0.553949 0.621515  0.000000 0.000000 0
0  -6.683122 -8.734072 0.437000  -0.553949 -0.553949 0.621515  0.000000 0.000000 0
black
0  -7.592378 -8.940802 1.283751  0.517293 0.517293 0.681774  0.000000 0.000000 0
0  -8.734072 -6.683122 0.437000  0.517293 0.517293 0.681774  0.000000 0.000000 0
0  -8.940802 -7.592378 1.283751  0.517293 0.517293 0.681774  0.000000 0.000000 0
painted_wood_01
0  -7.592378 -8.940802 1.283751  0.149812 0.149812 0.977299  0.298096 0.539551 0
0  -9.567706 -7.516756 1.368258  0.149812 0.149812 0.977299  0.298096 0.539551 0
0  -7.516756 -9.567706 1.368258  0.149812 0.149812 0.977299  0.298096 0.539551 0
painted_wood_01
0  -6.683122 -8.734072 0.437000  0.648647 0.177993 0.739984  0.298096 0.539551 0
0  -7.592378 -8.940802 1.283751  0.648647 0.177993 0.739984  0.298096 0.539551 0
0  -7.516756 -9.567706 1.368258  0.648647 0.177993 0.739984  0.298096 0.539551 0
painted_wood_01
0  -8.940802 -7.592378 1.283751  0.177994 0.648645 0.739985  0.298096 0.539551 0
0  -8.734072 -6.683122 0.437000  0.177994 0.648645 0.739985  0.298096 0.539551 0
0  -9.567706 -7.516756 1.368258  0.177994 0.648645 0.739985  0.298096 0.539551 0
painted_wood_01
0  -7.834656 -6.486232 1.414123  -0.230612 -0.230612 0.945323  0.298096 0.539551 0
0  -5.883122 -7.934072 1.537000  -0.230612 -0.230612 0.945323  0.298096 0.539551 0
0  -7.934072 -5.883121 1.537000  -0.230612 -0.230612 0.945323  0.298096 0.539551 0
painted_wood_01
0  -8.734072 -6.683122 0.437000  -0.686141 -0.252130 0.682379  0.298096 0.539551 0
0  -7.834656 -6.486232 1.414123  -0.686141 -0.252130 0.682379  0.298096 0.539551 0
0  -7.934072 -5.883121 1.537000  -0.686141 -0.252130 0.682379  0.298096 0.539551 0
painted_wood_01
0  -6.486232 -7.834656 1.414123  -0.252129 -0.686141 0.682379  0.298096 0.539551 0
0  -6.683122 -8.734072 0.437000  -0.252129 -0.686141 0.682379  0.298096 0.539551 0
0  -5.883122 -7.934072 1.537000  -0.252129 -0.686141 0.682379  0.298096 0.539551 0
c_invasion_wrangler_laser
0  -7.428636 -7.579332 5.053490  0.721720 -0.657537 0.216253  0.000000 0.000000 0
0  -7.060894 -8.090397 2.272242  0.721720 -0.657537 0.216253  0.000000 0.000000 0
0  -7.097601 -7.248298 4.955242  0.721720 -0.657537 0.216253  0.000000 0.000000 0
c_invasion_wrangler_laser
0  -7.391928 -8.421432 2.370491  -0.145233 -0.145232 -0.978680  0.000000 0.000000 0
0  -8.090397 -7.060893 2.272242  -0.145233 -0.145232 -0.978680  0.000000 0.000000 0
0  -7.060894 -8.090397 2.272242  -0.145233 -0.145232 -0.978680  0.000000 0.000000 0
c_invasion_wrangler_laser
0  -8.421432 -7.391927 2.370491  -0.657538 0.721719 0.216252  0.000000 0.000000 0
0  -7.248300 -7.097600 4.955242  -0.657538 0.721719 0.216252  0.000000 0.000000 0
0  -8.090397 -7.060893 2.272242  -0.657538 0.721719 0.216252  0.000000 0.000000 0
c_invasion_wrangler_laser
0  -7.579334 -7.428634 5.053491  0.145234 0.145231 0.978680  0.000000 0.000000 0
0  -7.097601 -7.248298 4.955242  0.145234 0.145231 0.978680  0.000000 0.000000 0
0  -7.248300 -7.097600 4.955242  0.145234 0.145231 0.978680  0.000000 0.000000 0
painted_wood_01
0  -6.565249 -6.983750 5.073124  -0.622861 -0.622864 0.473376  0.298096 0.539551 0
0  -6.672784 -6.150411 6.028134  -0.622861 -0.622864 0.473376  0.298096 0.539551 0
0  -6.983752 -6.565248 5.073126  -0.622861 -0.622864 0.473376  0.298096 0.539551 0
c_invasion_wrangler_laser
0  -8.090397 -7.060893 2.272242  -0.874639 0.399283 0.274919  0.000000 0.000000 0
0  -6.983752 -6.565248 5.073126  -0.874640 0.399282 0.274917  0.000000 0.000000 0
0  -7.932292 -6.522313 1.943608  -0.874639 0.399283 0.274918  0.000000 0.000000 0
c_invasion_wrangler_laser
0  -7.248300 -7.097600 4.955242  -0.144790 -0.144794 0.978811  0.000000 0.000000 0
0  -6.565249 -6.983750 5.073124  -0.144790 -0.144794 0.978811  0.000000 0.000000 0
0  -6.983752 -6.565248 5.073126  -0.144790 -0.144794 0.978811  0.000000 0.000000 0
c_invasion_wrangler_laser
0  -7.060894 -8.090397 2.272242  -0.392410 -0.392409 -0.831883  0.000000 0.000000 0
0  -7.932292 -6.522313 1.943608  -0.392410 -0.392409 -0.831883  0.000000 0.000000 0
0  -6.522313 -7.932292 1.943607  -0.392410 -0.392409 -0.831883  0.000000 0.000000 0
c_invasion_wrangler_laser
0  -7.097601 -7.248298 4.955242  0.399282 -0.874639 0.274918  0.000000 0.000000 0
0  -6.522313 -7.932292 1.943607  0.399282 -0.874639 0.274918  0.000000 0.000000 0
0  -6.565249 -6.983750 5.073124  0.399282 -0.874639 0.274919  0.000000 0.000000 0
crystal_ball_glass
0  -2.431724 -2.779750 12.435314  0.599718 0.599727 -0.529778  0.000000 0.000000 0
0  -2.495378 -2.191055 13.029678  0.599718 0.599727 -0.529778  0.000000 0.000000 0
0  -2.191058 -2.495373 13.029676  0.599718 0.599727 -0.529778  0.000000 0.000000 0
painted_wood_01
0  -7.932292 -6.522313 1.943608  -0.102629 -0.102628 -0.989411  0.298096 0.539551 0
0  -5.826494 -7.586419 1.835556  -0.102629 -0.102628 -0.989411  0.298096 0.539551 0
0  -6.522313 -7.932292 1.943607  -0.102629 -0.102628 -0.989411  0.298096 0.539551 0
painted_wood_01
0  -6.983752 -6.565248 5.073126  -0.904842 0.346428 0.247485  0.298096 0.539551 0
0  -7.586419 -5.826493 1.835556  -0.904840 0.346426 0.247494  0.298096 0.539551 0
0  -7.932292 -6.522313 1.943608  -0.904843 0.346429 0.247481  0.298096 0.539551 0
painted_wood_01
0  -6.522313 -7.932292 1.943607  0.346371 -0.904859 0.247501  0.298096 0.539551 0
0  -6.150412 -6.672781 6.028132  0.346368 -0.904868 0.247474  0.298096 0.539551 0
0  -6.565249 -6.983750 5.073124  0.346371 -0.904858 0.247506  0.298096 0.539551 0
gold_player
0  -7.932292 -6.522313 1.943608  -0.692751 -0.692755 0.200466  0.000000 0.000000 0
0  -6.565249 -6.983750 5.073124  -0.692751 -0.692755 0.200466  0.000000 0.000000 0
0  -6.983752 -6.565248 5.073126  -0.692751 -0.692755 0.200466  0.000000 0.000000 0
crystal_ball_glass
0  -6.560939 -8.861320 1.964009  0.775995 0.325786 -0.540088  0.244174 1.449560 0
0  -6.764243 -8.029421 2.173711  0.775995 0.325786 -0.540088  0.371971 1.662900 0
0  -6.565706 -8.175972 2.370566  0.775995 0.325786 -0.540088  0.344866 1.641028 0
crystal_ball_glass
0  -6.565706 -8.175972 2.370566  -0.348250 0.548917 0.759877  0.105073 -1.344165 0
0  -7.318146 -8.583323 2.319985  -0.348250 0.548917 0.759877  0.034318 -1.236377 0
0  -7.119609 -8.729876 2.516840  -0.348250 0.548917 0.759877  0.004436 -1.389481 0
crystal_ball_glass
0  -7.119609 -8.729876 2.516840  -0.426485 -0.876691 -0.222541  0.521275 -0.094507 0
0  -6.844562 -8.651960 1.682788  -0.426485 -0.876691 -0.222541  0.546317 -0.159564 0
0  -6.560939 -8.861320 1.964009  -0.426485 -0.876691 -0.222541  0.506762 0.104250 0
crystal_ball_glass
0  -6.844562 -8.651960 1.682788  0.711063 0.376532 -0.593813  0.356847 1.782622 0
0  -6.980412 -7.851882 2.027436  0.711063 0.376532 -0.593813  0.478321 1.921369 0
0  -6.764243 -8.029421 2.173711  0.711063 0.376532 -0.593813  0.441592 1.892985 0
crystal_ball_glass
0  -6.764243 -8.029421 2.173711  -0.218856 0.447797 0.866937  0.300848 -1.279357 0
0  -7.534314 -8.405783 2.173710  -0.218856 0.447797 0.866937  0.266020 -1.190261 0
0  -7.318146 -8.583323 2.319985  -0.218856 0.447797 0.866937  0.223804 -1.304378 0
crystal_ball_glass
0  -7.318146 -8.583323 2.319985  -0.491413 -0.825949 -0.276264  0.613044 -0.009306 0
0  -7.153376 -8.398331 1.473821  -0.491413 -0.825949 -0.276264  0.646071 -0.100726 0
0  -6.844562 -8.651960 1.682788  -0.491413 -0.825949 -0.276264  0.594623 0.109062 0
crystal_ball_glass
0  -7.153376 -8.398331 1.473821  0.641914 0.435909 -0.630817  0.512612 2.036849 0
0  -7.205905 -7.650176 1.937359  0.641914 0.435909 -0.630817  0.616367 2.104248 0
0  -6.980412 -7.851882 2.027436  0.641914 0.435909 -0.630817  0.572168 2.081557 0
crystal_ball_glass
0  -6.980412 -7.851882 2.027436  -0.081056 0.329471 0.940680  0.517712 -1.311829 0
0  -7.759808 -8.204079 2.083633  -0.081056 0.329471 0.940680  0.520900 -1.250880 0
0  -7.534314 -8.405783 2.173710  -0.081056 0.329471 0.940680  0.469202 -1.321318 0
crystal_ball_glass
0  -7.534314 -8.405783 2.173710  -0.560564 -0.766570 -0.313269  0.695667 0.150645 0
0  -7.475508 -8.110180 1.345142  -0.560564 -0.766570 -0.313269  0.738643 0.068635 0
0  -7.153376 -8.398331 1.473821  -0.560564 -0.766570 -0.313269  0.678209 0.203582 0
crystal_ball_glass
0  -7.475508 -8.110180 1.345142  0.571201 0.501639 -0.649682  0.696137 2.150997 0
0  -7.432057 -7.432054 1.906943  0.571201 0.501639 -0.649682  0.772124 2.165961 0
0  -7.205905 -7.650176 1.937359  0.571201 0.501639 -0.649682  0.723865 2.157393 0
crystal_ball_glass
0  -7.205905 -7.650176 1.937359  0.059863 0.198478 0.978275  0.733378 -1.426538 0
0  -7.985960 -7.985957 2.053218  0.059863 0.198478 0.978275  0.773649 -1.403805 0
0  -7.759808 -8.204079 2.083633  0.059863 0.198478 0.978275  0.716802 -1.427620 0
crystal_ball_glass
0  -7.759808 -8.204079 2.083633  -0.631276 -0.700840 -0.332135  0.764522 0.363649 0
0  -7.798582 -7.798581 1.301692  -0.631276 -0.700840 -0.332135  0.816853 0.327793 0
0  -7.475508 -8.110180 1.345142  -0.631276 -0.700840 -0.332135  0.751593 0.374345 0
crystal_ball_glass
0  -7.798582 -7.798581 1.301692  0.501637 0.571202 -0.649683  0.887635 2.091333 0
0  -7.650177 -7.205903 1.937359  0.501637 0.571202 -0.649683  0.928849 2.085492 0
0  -7.432057 -7.432054 1.906943  0.501637 0.571202 -0.649683  0.880590 2.094058 0
crystal_ball_glass
0  -7.432057 -7.432054 1.906943  0.198481 0.059862 0.978275  0.928439 -1.599060 0
0  -8.204080 -7.759806 2.083633  0.198481 0.059862 0.978275  1.001861 -1.623956 0
0  -7.985960 -7.985957 2.053218  0.198481 0.059862 0.978275  0.945015 -1.600142 0
crystal_ball_glass
0  -7.985960 -7.985957 2.053218  -0.700838 -0.631279 -0.332135  0.817289 0.600745 0
0  -8.110184 -7.475504 1.345141  -0.700838 -0.631279 -0.332135  0.875901 0.644025 0
0  -7.798582 -7.798581 1.301692  -0.700838 -0.631279 -0.332135  0.810640 0.597475 0
crystal_ball_glass
0  -8.110184 -7.475504 1.345141  0.435907 0.641915 -0.630817  1.066057 1.856412 0
0  -7.851882 -6.980410 2.027436  0.435907 0.641915 -0.630817  1.069642 1.868706 0
0  -7.650177 -7.205903 1.937359  0.435907 0.641915 -0.630817  1.025442 1.891399 0
crystal_ball_glass
0  -7.650177 -7.205903 1.937359  0.329471 -0.081057 0.940680  1.090438 -1.799795 0
0  -8.405785 -7.534313 2.173710  0.329471 -0.081057 0.940680  1.190649 -1.879724 0
0  -8.204080 -7.759806 2.083633  0.329471 -0.081057 0.940680  1.138949 -1.809284 0
crystal_ball_glass
0  -8.204080 -7.759806 2.083633  -0.766570 -0.560564 -0.313269  0.854333 0.832088 0
0  -8.398335 -7.153372 1.473822  -0.766570 -0.560564 -0.313269  0.914095 0.979492 0
0  -8.110184 -7.475504 1.345141  -0.766570 -0.560564 -0.313269  0.853661 0.844542 0
crystal_ball_glass
0  -8.398335 -7.153372 1.473822  0.376532 0.711060 -0.593815  1.212265 1.475760 0
0  -8.029424 -6.764240 2.173712  0.376532 0.711060 -0.593815  1.179990 1.545578 0
0  -7.851882 -6.980410 2.027436  0.376532 0.711060 -0.593815  1.143261 1.573961 0
crystal_ball_glass
0  -7.851882 -6.980410 2.027436  0.447795 -0.218855 0.866939  1.215359 -1.998985 0
0  -8.583327 -7.318142 2.319987  0.447795 -0.218855 0.866939  1.334617 -2.138124 0
0  -8.405785 -7.534313 2.173710  0.447795 -0.218855 0.866939  1.292402 -2.024006 0
crystal_ball_glass
0  -8.405785 -7.534313 2.173710  -0.825950 -0.491413 -0.276261  0.878434 1.033441 0
0  -8.651963 -6.844560 1.682789  -0.825950 -0.491413 -0.276261  0.932869 1.298658 0
0  -8.398335 -7.153372 1.473822  -0.825950 -0.491413 -0.276261  0.881422 1.088874 0
crystal_ball_glass
0  -8.651963 -6.844560 1.682789  0.325787 0.775995 -0.540088  1.312156 1.003175 0
0  -8.175977 -6.565703 2.370567  0.325787 0.775995 -0.540088  1.250187 1.163396 0
0  -8.029424 -6.764240 2.173712  0.325787 0.775995 -0.540088  1.223082 1.185268 0
crystal_ball_glass
0  -8.029424 -6.764240 2.173712  0.548916 -0.348247 0.759879  1.306402 -2.171523 0
0  -8.729879 -7.119605 2.516841  0.548916 -0.348247 0.759879  1.436920 -2.369949 0
0  -8.583327 -7.318142 2.319987  0.548916 -0.348247 0.759879  1.407038 -2.216843 0
crystal_ball_glass
0  -8.583327 -7.318142 2.319987  -0.876692 -0.426481 -0.222540  0.893855 1.191114 0
0  -8.861323 -6.560935 1.964011  -0.876692 -0.426481 -0.222540  0.936057 1.574544 0
0  -8.651963 -6.844560 1.682789  -0.876692 -0.426481 -0.222540  0.896501 1.310726 0
crystal_ball_glass
0  -8.861323 -6.560935 1.964011  0.285628 0.834211 -0.471708  1.358165 0.506922 0
0  -8.285907 -6.392428 2.610436  0.285628 0.834211 -0.471708  1.276064 0.778185 0
0  -8.175977 -6.565703 2.370567  0.285628 0.834211 -0.471708  1.259161 0.779963 0
crystal_ball_glass
0  -8.175977 -6.565703 2.370567  0.628944 -0.464264 0.623609  1.370528 -2.300412 0
0  -8.839809 -6.946330 2.756710  0.628944 -0.464264 0.623609  1.505737 -2.553634 0
0  -8.729879 -7.119605 2.516841  0.628944 -0.464264 0.623609  1.489136 -2.367698 0
crystal_ball_glass
0  -8.729879 -7.119605 2.516841  -0.916849 -0.368269 -0.154161  0.905073 1.303683 0
0  -9.018368 -6.313398 2.306681  -0.916849 -0.368269 -0.154161  0.928721 1.791909 0
0  -8.861323 -6.560935 1.964011  -0.916849 -0.368269 -0.154161  0.902288 1.499636 0
crystal_ball_glass
0  -9.018368 -6.313398 2.306681  0.257601 0.883470 -0.391308  1.349752 0.058773 0
0  -8.354993 -6.251073 2.884100  0.257601 0.883470 -0.391308  1.259017 0.445958 0
0  -8.285907 -6.392428 2.610436  0.257601 0.883470 -0.391308  1.251259 0.415332 0
crystal_ball_glass
0  -8.285907 -6.392428 2.610436  0.684799 -0.562429 0.463383  1.414628 -2.378899 0
0  -8.908895 -6.804976 3.030375  0.684799 -0.562429 0.463383  1.550110 -2.677958 0
0  -8.839809 -6.946330 2.756710  0.684799 -0.562429 0.463383  1.545710 -2.466481 0
crystal_ball_glass
0  -8.839809 -6.946330 2.756710  -0.944877 -0.319008 -0.073761  0.915590 1.380497 0
0  -9.117064 -6.111463 2.697628  -0.944877 -0.319008 -0.073761  0.915980 1.947435 0
0  -9.018368 -6.313398 2.306681  -0.944877 -0.319008 -0.073761  0.902005 1.653948 0
crystal_ball_glass
0  -9.117064 -6.111463 2.697628  0.242778 0.921886 -0.301969  1.292931 -0.276154 0
0  -8.380579 -6.147070 3.181043  0.242778 0.921886 -0.301969  1.205323 0.215317 0
0  -8.354993 -6.251073 2.884100  0.242778 0.921886 -0.301969  1.204232 0.143667 0
crystal_ball_glass
0  -8.354993 -6.251073 2.884100  0.714337 -0.638980 0.285354  1.442368 -2.410630 0
0  -8.934482 -6.700974 3.327317  0.714337 -0.638980 0.285354  1.576190 -2.742664 0
0  -8.908895 -6.804976 3.030375  0.714337 -0.638980 0.285354  1.581086 -2.513743 0
crystal_ball_glass
0  -8.908895 -6.804976 3.030375  -0.959701 -0.280592 0.015582  0.927109 1.437258 0
0  -9.153616 -5.962887 3.121831  -0.959701 -0.280592 0.015582  0.902032 2.046903 0
0  -9.117064 -6.111463 2.697628  -0.959701 -0.280592 0.015582  0.898013 1.777776 0
crystal_ball_glass
0  -9.153616 -5.962887 3.121831  0.241730 0.947980 -0.207125  1.198872 -0.447167 0
0  -8.361682 -6.084416 3.489854  0.241730 0.947980 -0.207125  1.124855 0.122325 0
0  -8.380579 -6.147070 3.181043  0.241730 0.947980 -0.207125  1.126961 0.006505 0
crystal_ball_glass
0  -8.380579 -6.147070 3.181043  0.716426 -0.690977 0.096354  1.452980 -2.408375 0
0  -8.915586 -6.638319 3.636128  0.716426 -0.690977 0.096354  1.585347 -2.757656 0
0  -8.934482 -6.700974 3.327317  0.716426 -0.690977 0.096354  1.595259 -2.519895 0
crystal_ball_glass
0  -8.934482 -6.700974 3.327317  -0.960748 -0.254498 0.110427  0.939360 1.490420 0
0  -9.126619 -5.873382 3.562991  -0.960748 -0.254498 0.110427  0.889722 2.101061 0
0  -9.153616 -5.962887 3.121831  -0.960748 -0.254498 0.110427  0.891636 1.877061 0
crystal_ball_glass
0  -9.126619 -5.873382 3.562991  0.254497 0.960748 -0.110425  1.082358 -0.423305 0
0  -8.299028 -6.065519 3.798664  0.254497 0.960748 -0.110425  1.029836 0.187334 0
0  -8.361682 -6.084416 3.489854  0.254497 0.960748 -0.110425  1.031253 0.030535 0
crystal_ball_glass
0  -8.361682 -6.084416 3.489854  0.690977 -0.716426 -0.096354  1.442315 -2.391520 0
0  -8.852931 -6.619422 3.944937  0.690977 -0.716426 -0.096354  1.574683 -2.740801 0
0  -8.915586 -6.638319 3.636128  0.690977 -0.716426 -0.096354  1.584595 -2.503041 0
crystal_ball_glass
0  -8.915586 -6.638319 3.636128  -0.947979 -0.241730 0.207126  0.950562 1.551961 0
0  -9.037113 -5.846387 4.004148  -0.947979 -0.241730 0.207126  0.880609 2.121451 0
0  -9.126619 -5.873382 3.562991  -0.947979 -0.241730 0.207126  0.883453 1.955995 0
crystal_ball_glass
0  -9.037113 -5.846387 4.004148  0.280590 0.959701 -0.015583  0.960356 -0.196145 0
0  -8.195026 -6.091105 4.095607  0.280590 0.959701 -0.015583  0.933822 0.413499 0
0  -8.299028 -6.065519 3.798664  0.280590 0.959701 -0.015583  0.930845 0.225111 0
crystal_ball_glass
0  -8.299028 -6.065519 3.798664  0.638985 -0.714335 -0.285349  1.405446 -2.382635 0
0  -8.748929 -6.645008 4.241881  0.638985 -0.714335 -0.285349  1.539266 -2.714670 0
0  -8.852931 -6.619422 3.944937  0.638985 -0.714335 -0.285349  1.544162 -2.485749 0
crystal_ball_glass
0  -8.852931 -6.619422 3.944937  -0.921888 -0.242775 0.301965  0.958228 1.625963 0
0  -8.888539 -5.882938 4.428351  -0.921888 -0.242775 0.301965  0.875430 2.117433 0
0  -9.037113 -5.846387 4.004148  -0.921888 -0.242775 0.301965  0.873956 2.015077 0
crystal_ball_glass
0  -8.888539 -5.882938 4.428351  0.319008 0.944878 0.073760  0.849277 0.219487 0
0  -8.053671 -6.160192 4.369270  0.319008 0.944878 0.073760  0.849690 0.786428 0
0  -8.195026 -6.091105 4.095607  0.319008 0.944878 0.073760  0.839340 0.580986 0
crystal_ball_glass
0  -8.195026 -6.091105 4.095607  0.562427 -0.684796 -0.463391  1.340095 -2.403578 0
0  -8.607574 -6.714095 4.515544  0.562427 -0.684796 -0.463391  1.475576 -2.702638 0
0  -8.748929 -6.645008 4.241881  0.562427 -0.684796 -0.463391  1.471176 -2.491161 0
crystal_ball_glass
0  -8.748929 -6.645008 4.241881  -0.883470 -0.257600 0.391310  0.960310 1.707958 0
0  -8.686602 -5.981634 4.819300  -0.883470 -0.257600 0.391310  0.874557 2.095141 0
0  -8.888539 -5.882938 4.428351  -0.883470 -0.257600 0.391310  0.864082 2.051389 0
crystal_ball_glass
0  -8.686602 -5.981634 4.819300  0.368268 0.916850 0.154159  0.763980 0.786565 0
0  -7.880396 -6.270123 4.609138  0.368268 0.916850 0.154159  0.789003 1.274790 0
0  -8.053671 -6.160192 4.369270  0.368268 0.916850 0.154159  0.769424 1.070199 0
crystal_ball_glass
0  -8.053671 -6.160192 4.369270  0.464261 -0.628943 -0.623612  1.249428 -2.471403 0
0  -8.434299 -6.824026 4.755413  0.464261 -0.628943 -0.623612  1.384638 -2.724626 0
0  -8.607574 -6.714095 4.515544  0.464261 -0.628943 -0.623612  1.368037 -2.538689 0
crystal_ball_glass
0  -8.607574 -6.714095 4.515544  -0.834210 -0.285629 0.471710  0.956054 1.786929 0
0  -8.439066 -6.138678 5.161970  -0.834210 -0.285629 0.471710  0.878459 2.058190 0
0  -8.686602 -5.981634 4.819300  -0.834210 -0.285629 0.471710  0.855638 2.060731 0
crystal_ball_glass
0  -8.439066 -6.138678 5.161970  0.426484 0.876692 0.222537  -0.283952 1.448726 0
0  -7.681857 -6.416676 4.805995  0.426484 0.876692 0.222537  -0.239299 1.832155 0
0  -7.880396 -6.270123 4.609138  0.426484 0.876692 0.222537  -0.268596 1.647482 0
crystal_ball_glass
0  -7.880396 -6.270123 4.609138  0.348249 -0.548917 -0.759876  0.142986 -2.594795 0
0  -8.235760 -6.970578 4.952269  0.348249 -0.548917 -0.759876  0.273503 -2.793217 0
0  -8.434299 -6.824026 4.755413  0.348249 -0.548917 -0.759876  0.243622 -2.640112 0
crystal_ball_glass
0  -8.434299 -6.824026 4.755413  -0.775994 -0.325785 0.540090  -0.053633 1.848985 0
0  -8.155440 -6.348039 5.443190  -0.775994 -0.325785 0.540090  -0.112200 2.009205 0
0  -8.439066 -6.138678 5.161970  -0.775994 -0.325785 0.540090  -0.148796 2.040452 0
crystal_ball_glass
0  -8.155440 -6.348039 5.443190  0.491412 0.825951 0.276260  -0.287663 2.135311 0
0  -7.465690 -6.594214 4.952270  0.491412 0.825951 0.276260  -0.230065 2.400530 0
0  -7.681857 -6.416676 4.805995  0.491412 0.825951 0.276260  -0.268171 2.253680 0
crystal_ball_glass
0  -7.681857 -6.416676 4.805995  0.218859 -0.447798 -0.866936  0.035391 -2.771686 0
0  -8.019592 -7.148118 5.098544  0.218859 -0.447798 -0.866936  0.154652 -2.910825 0
0  -8.235760 -6.970578 4.952269  0.218859 -0.447798 -0.866936  0.112436 -2.796708 0
crystal_ball_glass
0  -8.235760 -6.970578 4.952269  -0.711065 -0.376530 0.593812  -0.066303 1.881599 0
0  -7.846627 -6.601667 5.652158  -0.711065 -0.376530 0.593812  -0.096807 1.951415 0
0  -8.155440 -6.348039 5.443190  -0.711065 -0.376530 0.593812  -0.146395 1.991962 0
crystal_ball_glass
0  -7.846627 -6.601667 5.652158  0.560566 0.766569 0.313268  -0.246107 2.768845 0
0  -7.240194 -6.795923 5.042347  0.560566 0.766569 0.313268  -0.182873 2.916246 0
0  -7.465690 -6.594214 4.952270  0.560566 0.766569 0.313268  -0.227635 2.821781 0
crystal_ball_glass
0  -7.465690 -6.594214 4.952270  0.081055 -0.329470 -0.940681  -0.057299 -2.988573 0
0  -7.794097 -7.349825 5.188622  0.081055 -0.329470 -0.940681  0.042910 -3.068503 0
0  -8.019592 -7.148118 5.098544  0.081055 -0.329470 -0.940681  -0.008788 -2.998062 0
crystal_ball_glass
0  -8.019592 -7.148118 5.098544  -0.641913 -0.435907 0.630819  -0.078602 1.876830 0
0  -7.524494 -6.889820 5.780838  -0.641913 -0.435907 0.630819  -0.075214 1.889123 0
0  -7.846627 -6.601667 5.652158  -0.641913 -0.435907 0.630819  -0.134889 1.921540 0
crystal_ball_glass
0  -7.524494 -6.889820 5.780838  0.631278 0.700839 0.332133  -0.164512 3.274436 0
0  -7.014044 -7.014041 5.072762  0.631278 0.700839 0.332133  -0.102497 3.317717 0
0  -7.240194 -6.795923 5.042347  0.631278 0.700839 0.332133  -0.150832 3.285130 0
crystal_ball_glass
0  -7.240194 -6.795923 5.042347  -0.059864 -0.198479 -0.978275  -0.122146 -3.222058 0
0  -7.567946 -7.567944 5.219036  -0.059864 -0.198479 -0.978275  -0.048725 -3.246956 0
0  -7.794097 -7.349825 5.188622  -0.059864 -0.198479 -0.978275  -0.105572 -3.223141 0
crystal_ball_glass
0  -7.794097 -7.349825 5.188622  -0.571201 -0.501638 0.649683  -0.087057 1.832649 0
0  -7.201420 -7.201419 5.824290  -0.571201 -0.501638 0.649683  -0.048108 1.826808 0
0  -7.524494 -6.889820 5.780838  -0.571201 -0.501638 0.649683  -0.113263 1.839046 0
crystal_ball_glass
0  -7.201420 -7.201419 5.824290  0.700838 0.631279 0.332134  -0.053963 3.590666 0
0  -6.795923 -7.240194 5.042347  0.700838 0.631279 0.332134  0.001408 3.554811 0
0  -7.014044 -7.014041 5.072762  0.700838 0.631279 0.332134  -0.046928 3.587396 0
crystal_ball_glass
0  -7.014044 -7.014041 5.072762  -0.198479 -0.059865 -0.978275  -0.153362 -3.442206 0
0  -7.349826 -7.794096 5.188622  -0.198479 -0.059865 -0.978275  -0.113091 -3.419476 0
0  -7.567946 -7.567944 5.219036  -0.198479 -0.059865 -0.978275  -0.169937 -3.443289 0
crystal_ball_glass
0  -7.567946 -7.567944 5.219036  -0.501641 -0.571199 0.649683  -0.089150 1.752178 0
0  -6.889818 -7.524495 5.780841  -0.501641 -0.571199 0.649683  -0.017336 1.767142 0
0  -7.201420 -7.201419 5.824290  -0.501641 -0.571199 0.649683  -0.082491 1.754904 0
crystal_ball_glass
0  -6.889818 -7.524495 5.780841  0.766567 0.560568 0.313269  0.069977 3.679689 0
0  -6.594214 -7.465689 4.952272  0.766567 0.560568 0.313269  0.115449 3.597678 0
0  -6.795923 -7.240194 5.042347  0.766567 0.560568 0.313269  0.070688 3.692142 0
crystal_ball_glass
0  -6.795923 -7.240194 5.042347  -0.329462 0.081049 -0.940684  -0.154237 -3.617400 0
0  -7.148117 -8.019592 5.098547  -0.329462 0.081049 -0.940684  -0.151047 -3.556451 0
0  -7.349826 -7.794096 5.188622  -0.329462 0.081049 -0.940684  -0.202746 -3.626886 0
crystal_ball_glass
0  -7.349826 -7.794096 5.188622  -0.435907 -0.641915 0.630817  -0.083463 1.641294 0
0  -6.601665 -7.846629 5.652160  -0.435907 -0.641915 0.630817  0.014596 1.708695 0
0  -6.889818 -7.524495 5.780841  -0.435907 -0.641915 0.630817  -0.045078 1.676279 0
crystal_ball_glass
0  -6.601665 -7.846629 5.652160  0.825951 0.491411 0.276262  0.189613 3.534698 0
0  -6.416676 -7.681857 4.805995  0.825951 0.491411 0.276262  0.224558 3.443278 0
0  -6.594214 -7.465689 4.952272  0.825951 0.491411 0.276262  0.186453 3.590129 0
crystal_ball_glass
0  -6.594214 -7.465689 4.952272  -0.447801 0.218860 -0.866934  -0.136035 -3.719556 0
0  -6.970578 -8.235760 4.952270  -0.447801 0.218860 -0.866934  -0.170865 -3.630458 0
0  -7.148117 -8.019592 5.098547  -0.447801 0.218860 -0.866934  -0.213080 -3.744576 0
crystal_ball_glass
0  -7.148117 -8.019592 5.098547  -0.376527 -0.711066 0.593812  -0.069589 1.505800 0
0  -6.348040 -8.155439 5.443192  -0.376527 -0.711066 0.593812  0.045215 1.644549 0
0  -6.601665 -7.846629 5.652160  -0.376527 -0.711066 0.593812  -0.004373 1.604002 0
crystal_ball_glass
0  -6.348040 -8.155439 5.443192  0.876693 0.426480 0.222540  0.288081 3.182830 0
0  -6.270123 -7.880394 4.609140  0.876693 0.426480 0.222540  0.314578 3.117772 0
0  -6.416676 -7.681857 4.805995  0.876693 0.426480 0.222540  0.285281 3.302442 0
crystal_ball_glass
0  -6.416676 -7.681857 4.805995  -0.548918 0.348252 -0.759875  -0.114219 -3.728352 0
0  -6.824026 -8.434296 4.755414  -0.548918 0.348252 -0.759875  -0.184974 -3.620565 0
0  -6.970578 -8.235760 4.952270  -0.548918 0.348252 -0.759875  -0.214855 -3.773669 0
crystal_ball_glass
0  -6.970578 -8.235760 4.952270  -0.325785 -0.775994 0.540090  -0.048094 1.349485 0
0  -6.138679 -8.439064 5.161971  -0.325785 -0.775994 0.540090  0.072686 1.562824 0
0  -6.348040 -8.155439 5.443192  -0.325785 -0.775994 0.540090  0.036090 1.531577 0
crystal_ball_glass
0  -6.138679 -8.439064 5.161971  0.916849 0.368269 0.154162  0.352406 2.682135 0
0  -6.160192 -8.053669 4.369272  0.916849 0.368269 0.154162  0.374931 2.673500 0
0  -6.270123 -7.880394 4.609140  0.916849 0.368269 0.154162  0.355352 2.878088 0
crystal_ball_glass
0  -6.270123 -7.880394 4.609140  -0.628943 0.464258 -0.623614  -0.103277 -3.634509 0
0  -6.714095 -8.607573 4.515546  -0.628943 0.464258 -0.623614  -0.205283 -3.515859 0
0  -6.824026 -8.434296 4.755414  -0.628943 0.464258 -0.623614  -0.221885 -3.701792 0
crystal_ball_glass
0  -6.824026 -8.434296 4.755414  -0.285630 -0.834208 0.471712  -0.019581 1.173681 0
0  -5.981632 -8.686602 4.819303  -0.285630 -0.834208 0.471712  0.096811 1.449260 0
0  -6.138679 -8.439064 5.161971  -0.285630 -0.834208 0.471712  0.073989 1.446718 0
crystal_ball_glass
0  -5.981632 -8.686602 4.819303  0.944878 0.319008 0.073757  0.376055 2.112904 0
0  -6.091105 -8.195026 4.095608  0.944878 0.319008 0.073757  0.400779 2.180910 0
0  -6.160192 -8.053669 4.369272  0.944878 0.319008 0.073757  0.390429 2.386355 0
crystal_ball_glass
0  -6.160192 -8.053669 4.369272  -0.684795 0.562425 -0.463394  -0.111677 -3.440907 0
0  -6.645007 -8.748930 4.241882  -0.684795 0.562425 -0.463394  -0.238358 -3.317011 0
0  -6.714095 -8.607573 4.515546  -0.684795 0.562425 -0.463394  -0.242759 -3.528485 0
crystal_ball_glass
0  -6.714095 -8.607573 4.515546  -0.257599 -0.883471 0.391308  0.015903 0.978842 0
0  -5.882938 -8.888538 4.428353  -0.257599 -0.883471 0.391308  0.119464 1.291648 0
0  -5.981632 -8.686602 4.819303  -0.257599 -0.883471 0.391308  0.108989 1.335400 0
crystal_ball_glass
0  -5.882938 -8.888538 4.428353  0.959701 0.280592 -0.015579  0.360424 1.564379 0
0  -6.065518 -8.299028 3.798666  0.959701 0.280592 -0.015579  0.394187 1.716508 0
0  -6.091105 -8.195026 4.095608  0.959701 0.280592 -0.015579  0.391210 1.904895 0
crystal_ball_glass
0  -6.091105 -8.195026 4.095608  -0.714337 0.638981 -0.285352  -0.138774 -3.162054 0
0  -6.619421 -8.852932 3.944940  -0.714337 0.638981 -0.285352  -0.282387 -3.036245 0
0  -6.645007 -8.748930 4.241882  -0.714337 0.638981 -0.285352  -0.277490 -3.265164 0
crystal_ball_glass
0  -6.645007 -8.748930 4.241882  -0.242776 -0.921887 0.301967  0.059123 0.767265 0
0  -5.846387 -9.037113 4.004149  -0.242776 -0.921887 0.301967  0.144426 1.084729 0
0  -5.882938 -8.888538 4.428353  -0.242776 -0.921887 0.301967  0.142953 1.187086 0
crystal_ball_glass
0  -5.846387 -9.037113 4.004149  0.960749 0.254495 -0.110428  0.314845 1.119445 0
0  -6.084416 -8.361681 3.489855  0.960749 0.254495 -0.110428  0.363925 1.349286 0
0  -6.065518 -8.299028 3.798666  0.960749 0.254495 -0.110428  0.365342 1.506084 0
crystal_ball_glass
0  -6.065518 -8.299028 3.798666  -0.716424 0.690981 -0.096346  -0.174355 -2.822335 0
0  -6.638319 -8.915585 3.636129  -0.716424 0.690981 -0.096346  -0.326547 -2.696092 0
0  -6.619421 -8.852932 3.944940  -0.716424 0.690981 -0.096346  -0.316635 -2.933855 0
crystal_ball_glass
0  -6.619421 -8.852932 3.944940  -0.241728 -0.947980 0.207127  0.111571 0.545990 0
0  -5.873382 -9.126619 3.562993  -0.241728 -0.947980 0.207127  0.176690 0.834202 0
0  -5.846387 -9.037113 4.004149  -0.241728 -0.947980 0.207127  0.179534 0.999658 0
crystal_ball_glass
0  -5.873382 -9.126619 3.562993  0.947980 0.241729 -0.207125  0.255021 0.840088 0
0  -6.147070 -8.380579 3.181044  0.947980 0.241729 -0.207125  0.323921 1.128300 0
0  -6.084416 -8.361681 3.489855  0.947980 0.241729 -0.207125  0.326028 1.244121 0
crystal_ball_glass
0  -6.084416 -8.361681 3.489855  -0.690980 0.716423 0.096352  -0.201114 -2.453078 0
0  -6.700973 -8.934481 3.327318  -0.690980 0.716423 0.096352  -0.353304 -2.326836 0
0  -6.638319 -8.915585 3.636129  -0.690980 0.716423 0.096352  -0.343393 -2.564598 0
crystal_ball_glass
0  -6.638319 -8.915585 3.636129  -0.254499 -0.960749 0.110418  0.174774 0.328474 0
0  -5.962889 -9.153612 3.121831  -0.254499 -0.960749 0.110418  0.221159 0.558314 0
0  -5.873382 -9.126619 3.562993  -0.254499 -0.960749 0.110418  0.223072 0.782315 0
crystal_ball_glass
0  -5.962889 -9.153612 3.121831  0.921887 0.242776 -0.301968  0.200583 0.756545 0
0  -6.251073 -8.354992 2.884101  0.921887 0.242776 -0.301968  0.290841 1.074010 0
0  -6.147070 -8.380579 3.181044  0.921887 0.242776 -0.301968  0.289749 1.145659 0
crystal_ball_glass
0  -6.147070 -8.380579 3.181044  -0.638981 0.714338 0.285351  -0.199238 -2.089035 0
0  -6.804976 -8.908894 3.030375  -0.638981 0.714338 0.285351  -0.342849 -1.963228 0
0  -6.700973 -8.934481 3.327318  -0.638981 0.714338 0.285351  -0.337953 -2.192147 0
crystal_ball_glass
0  -6.700973 -8.934481 3.327318  -0.280590 -0.959701 0.015581  0.249166 0.134248 0
0  -6.111465 -9.117060 2.697628  -0.280590 -0.959701 0.015581  0.281075 0.286375 0
0  -5.962889 -9.153612 3.121831  -0.280590 -0.959701 0.015581  0.277056 0.555503 0
crystal_ball_glass
0  -6.111465 -9.117060 2.697628  0.883471 0.257599 -0.391307  0.171098 0.862276 0
0  -6.392429 -8.285904 2.610436  0.883471 0.257599 -0.391307  0.280675 1.175081 0
0  -6.251073 -8.354992 2.884101  0.883471 0.257599 -0.391307  0.272916 1.205707 0
crystal_ball_glass
0  -6.251073 -8.354992 2.884101  -0.562427 0.684799 0.463386  -0.151841 -1.764527 0
0  -6.946332 -8.839808 2.756710  -0.562427 0.684799 0.463386  -0.278523 -1.640630 0
0  -6.804976 -8.908894 3.030375  -0.562427 0.684799 0.463386  -0.282923 -1.852106 0
crystal_ball_glass
0  -6.804976 -8.908894 3.030375  -0.319006 -0.944879 -0.073755  0.333965 -0.013981 0
0  -6.313401 -9.018366 2.306679  -0.319006 -0.944879 -0.073755  0.357331 0.054022 0
0  -6.111465 -9.117060 2.697628  -0.319006 -0.944879 -0.073755  0.343357 0.347513 0
crystal_ball_glass
0  -6.313401 -9.018366 2.306679  0.834209 0.285629 -0.471711  0.182527 1.115865 0
0  -6.565706 -8.175972 2.370566  0.834209 0.285629 -0.471711  0.305679 1.391447 0
0  -6.392429 -8.285904 2.610436  0.834209 0.285629 -0.471711  0.288776 1.389668 0
crystal_ball_glass
0  -6.392429 -8.285904 2.610436  -0.464260 0.628942 0.623614  -0.049886 -1.509164 0
0  -7.119609 -8.729876 2.516840  -0.464260 0.628942 0.623614  -0.151893 -1.390510 0
0  -6.946332 -8.839808 2.756710  -0.464260 0.628942 0.623614  -0.168495 -1.576448 0
crystal_ball_glass
0  -6.946332 -8.839808 2.756710  -0.368268 -0.916849 -0.154162  0.426270 -0.095015 0
0  -6.560939 -8.861320 1.964009  -0.368268 -0.916849 -0.154162  0.447558 -0.103653 0
0  -6.313401 -9.018366 2.306679  -0.368268 -0.916849 -0.154162  0.421124 0.188621 0
gold_player
0  -4.557669 -4.209639 4.430507  0.533215 0.533216 -0.656782  0.000000 0.000000 0
0  -4.922362 -5.270387 3.273242  0.533215 0.533216 -0.656782  0.000000 0.000000 0
0  -5.270390 -4.922360 3.273242  0.533215 0.533216 -0.656782  0.000000 0.000000 0
painted_wood_01
0  -4.513397 -3.729790 14.505948  -0.699689 -0.699692 0.144452  0.298096 0.539551 0
0  -3.200302 -3.983907 19.635355  -0.699689 -0.699692 0.144452  0.298096 0.539551 0
0  -3.983909 -3.200302 19.635353  -0.699689 -0.699692 0.144452  0.298096 0.539551 0
painted_wood_01
0  -3.631074 -2.847467 19.219650  -0.707107 0.707107 -0.000001  0.298096 0.539551 0
0  -3.834977 -3.051367 22.945499  -0.707107 0.707107 -0.000001  0.298096 0.539551 0
0  -3.477409 -2.693798 22.537962  -0.707107 0.707107 -0.000001  0.298096 0.539551 0
painted_wood_01
0  -6.672784 -6.150411 6.028134  -0.666223 -0.662117 -0.343144  0.298096 0.539551 0
0  -6.197910 -6.721047 6.207235  -0.666223 -0.662117 -0.343144  0.298096 0.539551 0
0  -6.718204 -6.195065 6.208757  -0.666223 -0.662117 -0.343144  0.298096 0.539551 0
gold_player
0  -4.036065 -3.252458 1.902435  0.391400 0.391401 0.832833  0.000000 0.000000 0
0  -2.877920 -3.661523 1.550397  0.391400 0.391401 0.832833  0.000000 0.000000 0
0  -3.661527 -2.877920 1.550398  0.391400 0.391401 0.832833  0.000000 0.000000 0
crystal_ball_glass
0  -2.779753 -2.431723 12.435316  0.674609 0.674612 -0.299670  0.000000 0.000000 0
0  -4.209641 -4.557665 4.430506  0.674609 0.674612 -0.299670  0.000000 0.000000 0
0  -4.557669 -4.209639 4.430507  0.674609 0.674612 -0.299670  0.000000 0.000000 0
painted_wood_01
0  -5.670677 -4.887069 3.089588  0.323024 0.323025 0.889556  0.298096 0.539551 0
0  -3.252458 -4.036062 1.902434  0.323024 0.323025 0.889556  0.298096 0.539551 0
0  -4.036065 -3.252458 1.902435  0.323024 0.323025 0.889556  0.298096 0.539551 0
gold_player
0  -3.661527 -2.877920 1.550398  0.215695 0.215697 -0.952339  0.000000 0.000000 0
0  -3.672135 -4.455738 1.190632  0.215695 0.215697 -0.952339  0.000000 0.000000 0
0  -4.455741 -3.672134 1.190633  0.215695 0.215697 -0.952339  0.000000 0.000000 0
gold_player
0  -4.036065 -3.252458 1.902435  -0.520433 0.833690 -0.184692  0.000000 0.000000 0
0  -4.455741 -3.672134 1.190633  -0.520435 0.833688 -0.184695  0.000000 0.000000 0
0  -6.146601 -4.285356 2.200109  -0.520431 0.833692 -0.184688  0.000000 0.000000 0
gold_player
0  -4.455741 -3.672134 1.190633  -0.372431 -0.372430 -0.850054  0.000000 0.000000 0
0  -4.285355 -6.146595 2.200104  -0.372431 -0.372430 -0.850054  0.000000 0.000000 0
0  -6.146601 -4.285356 2.200109  -0.372431 -0.372430 -0.850054  0.000000 0.000000 0
gold_player
0  -3.252458 -4.036062 1.902434  0.833677 -0.520461 -0.184669  0.000000 0.000000 0
0  -3.672135 -4.455738 1.190632  0.833672 -0.520466 -0.184678  0.000000 0.000000 0
0  -2.877920 -3.661523 1.550397  0.833680 -0.520458 -0.184665  0.000000 0.000000 0
painted_wood_01
0  -5.670677 -4.887069 3.089588  -0.266091 0.726346 0.633733  0.298096 0.539551 0
0  -4.036065 -3.252458 1.902435  -0.266091 0.726346 0.633733  0.298096 0.539551 0
0  -6.146601 -4.285356 2.200109  -0.266091 0.726346 0.633733  0.298096 0.539551 0
painted_wood_01
0  -3.252458 -4.036062 1.902434  0.726346 -0.266092 0.633732  0.298096 0.539551 0
0  -4.887070 -5.670673 3.089586  0.726346 -0.266092 0.633732  0.298096 0.539551 0
0  -4.285355 -6.146595 2.200104  0.726346 -0.266092 0.633732  0.298096 0.539551 0
painted_wood_01
0  -4.887070 -5.670673 3.089586  -0.054073 0.864756 -0.499272  0.298096 0.539551 0
0  -4.037978 -4.821580 4.468280  -0.054073 0.864756 -0.499272  0.298096 0.539551 0
0  -4.285355 -6.146595 2.200104  -0.054073 0.864756 -0.499272  0.298096 0.539551 0
painted_wood_01
0  -4.821584 -4.037977 4.468282  0.864755 -0.054071 -0.499274  0.298096 0.539551 0
0  -5.670677 -4.887069 3.089588  0.864755 -0.054071 -0.499274  0.298096 0.539551 0
0  -6.146601 -4.285356 2.200109  0.864755 -0.054071 -0.499274  0.298096 0.539551 0
black
0  -7.370600 -5.389429 2.378337  -0.679628 0.691881 0.243735  0.000000 0.000000 0
0  -5.427089 -4.182586 4.372017  -0.679647 0.691869 0.243715  0.000000 0.000000 0
0  -6.477705 -4.345802 2.630160  -0.679633 0.691878 0.243729  0.000000 0.000000 0
black
0  -5.389429 -7.370600 2.378336  0.691932 -0.679604 0.243658  0.000000 0.000000 0
0  -4.182586 -5.427085 4.372015  0.691927 -0.679612 0.243650  0.000000 0.000000 0
0  -5.593443 -6.734778 5.455657  0.691927 -0.679611 0.243651  0.000000 0.000000 0
painted_wood_01
0  -6.672784 -6.150411 6.028134  0.000000 0.000000 1.000000  0.298096 0.539551 0
0  -7.586419 -5.826493 1.835556  0.000000 0.000000 1.000000  0.298096 0.539551 0
0  -6.672784 -6.150411 6.028134  0.000000 0.000000 1.000000  0.298096 0.539551 0
painted_wood_01
0  -5.826494 -7.586419 1.835556  0.000000 0.000000 1.000000  0.298096 0.539551 0
0  -6.150412 -6.672781 6.028132  0.000000 0.000000 1.000000  0.298096 0.539551 0
0  -5.826494 -7.586419 1.835556  0.000000 0.000000 1.000000  0.298096 0.539551 0
painted_wood_01
0  -4.037978 -4.821580 4.468280  0.000000 0.000000 1.000000  0.298096 0.539551 0
0  -4.285355 -6.146595 2.200104  0.000000 0.000000 1.000000  0.298096 0.539551 0
0  -4.037978 -4.821580 4.468280  0.000000 0.000000 1.000000  0.298096 0.539551 0
painted_wood_01
0  -6.146601 -4.285356 2.200109  0.000000 0.000000 1.000000  0.298096 0.539551 0
0  -4.821584 -4.037977 4.468282  0.000000 0.000000 1.000000  0.298096 0.539551 0
0  -6.146601 -4.285356 2.200109  0.000000 0.000000 1.000000  0.298096 0.539551 0
painted_wood_01
0  -7.586419 -5.826493 1.835556  0.000000 0.000000 1.000000  0.298096 0.539551 0
0  -6.146601 -4.285356 2.200109  0.000000 0.000000 1.000000  0.298096 0.539551 0
0  -7.586419 -5.826493 1.835556  0.000000 0.000000 1.000000  0.298096 0.539551 0
painted_wood_01
0  -4.821584 -4.037977 4.468282  0.000000 0.000000 1.000000  0.298096 0.539551 0
0  -6.672784 -6.150411 6.028134  0.000000 0.000000 1.000000  0.298096 0.539551 0
0  -4.821584 -4.037977 4.468282  0.000000 0.000000 1.000000  0.298096 0.539551 0
painted_wood_01
0  -6.150412 -6.672781 6.028132  0.000000 0.000000 1.000000  0.298096 0.539551 0
0  -4.037978 -4.821580 4.468280  0.000000 0.000000 1.000000  0.298096 0.539551 0
0  -6.150412 -6.672781 6.028132  0.000000 0.000000 1.000000  0.298096 0.539551 0
painted_wood_01
0  -4.285355 -6.146595 2.200104  0.000000 0.000000 1.000000  0.298096 0.539551 0
0  -5.826494 -7.586419 1.835556  0.000000 0.000000 1.000000  0.298096 0.539551 0
0  -4.285355 -6.146595 2.200104  0.000000 0.000000 1.000000  0.298096 0.539551 0
painted_wood_01
0  -7.370600 -5.389429 2.378337  -0.656932 0.673624 -0.338629  0.298096 0.539551 0
0  -6.146601 -4.285356 2.200109  -0.656931 0.673626 -0.338630  0.298096 0.539551 0
0  -7.586419 -5.826493 1.835556  -0.656931 0.673626 -0.338630  0.298096 0.539551 0
painted_wood_01
0  -5.427089 -4.182586 4.372017  -0.231196 0.707973 0.667325  0.298096 0.539551 0
0  -6.672784 -6.150411 6.028134  -0.231194 0.707976 0.667323  0.298096 0.539551 0
0  -4.821584 -4.037977 4.468282  -0.231196 0.707973 0.667325  0.298096 0.539551 0
painted_wood_01
0  -5.593443 -6.734778 5.455657  0.707968 -0.231189 0.667333  0.298096 0.539551 0
0  -4.037978 -4.821580 4.468280  0.707970 -0.231187 0.667332  0.298096 0.539551 0
0  -6.150412 -6.672781 6.028132  0.707967 -0.231190 0.667333  0.298096 0.539551 0
painted_wood_01
0  -4.345800 -6.477699 2.630156  0.673624 -0.656917 -0.338660  0.298096 0.539551 0
0  -5.826494 -7.586419 1.835556  0.673624 -0.656918 -0.338660  0.298096 0.539551 0
0  -4.285355 -6.146595 2.200104  0.673626 -0.656916 -0.338659  0.298096 0.539551 0
painted_wood_01
0  -6.734782 -5.593443 5.455659  -0.963755 0.155607 0.216707  0.298096 0.539551 0
0  -7.586419 -5.826493 1.835556  -0.963755 0.155607 0.216708  0.298096 0.539551 0
0  -6.672784 -6.150411 6.028134  -0.963755 0.155607 0.216710  0.298096 0.539551 0
painted_wood_01
0  -5.389429 -7.370600 2.378336  0.155596 -0.963757 0.216706  0.298096 0.539551 0
0  -6.150412 -6.672781 6.028132  0.155596 -0.963757 0.216707  0.298096 0.539551 0
0  -5.826494 -7.586419 1.835556  0.155595 -0.963757 0.216710  0.298096 0.539551 0
painted_wood_01
0  -4.182586 -5.427085 4.372015  0.978238 -0.206312 0.022060  0.298096 0.539551 0
0  -4.285355 -6.146595 2.200104  0.978238 -0.206311 0.022061  0.298096 0.539551 0
0  -4.037978 -4.821580 4.468280  0.978237 -0.206313 0.022057  0.298096 0.539551 0
painted_wood_01
0  -6.477705 -4.345802 2.630160  -0.206310 0.978238 0.022063  0.298096 0.539551 0
0  -4.821584 -4.037977 4.468282  -0.206312 0.978238 0.022061  0.298096 0.539551 0
0  -6.146601 -4.285356 2.200109  -0.206311 0.978238 0.022062  0.298096 0.539551 0
painted_wood_01
0  -3.983909 -3.200302 19.635353  -0.705678 -0.705681 0.063502  0.298096 0.539551 0
0  -3.051370 -3.834970 22.945499  -0.705678 -0.705681 0.063502  0.298096 0.539551 0
0  -3.834977 -3.051367 22.945499  -0.705678 -0.705681 0.063502  0.298096 0.539551 0
painted_wood_01
0  -2.431724 -2.779750 12.435314  0.847743 0.517372 0.116871  0.298096 0.539551 0
0  -2.847467 -3.631071 19.219650  0.847743 0.517372 0.116871  0.298096 0.539551 0
0  -2.266319 -3.049922 12.431528  0.847743 0.517372 0.116871  0.298096 0.539551 0
painted_wood_01
0  -5.270390 -4.922360 3.273242  0.409968 0.409970 -0.814771  0.298096 0.539551 0
0  -4.887070 -5.670673 3.089586  0.409968 0.409970 -0.814771  0.298096 0.539551 0
0  -5.670677 -4.887069 3.089588  0.409968 0.409970 -0.814771  0.298096 0.539551 0
painted_wood_01
0  -3.335160 -2.987132 18.922775  0.517366 0.847746 0.116871  0.298096 0.539551 0
0  -3.049926 -2.266319 12.431530  0.517366 0.847746 0.116871  0.298096 0.539551 0
0  -3.631074 -2.847467 19.219650  0.517366 0.847746 0.116871  0.298096 0.539551 0
painted_wood_01
0  -4.922362 -5.270387 3.273242  0.683648 0.353277 -0.638608  0.298096 0.539551 0
0  -4.037978 -4.821580 4.468280  0.683648 0.353277 -0.638608  0.298096 0.539551 0
0  -4.887070 -5.670673 3.089586  0.683648 0.353277 -0.638608  0.298096 0.539551 0
painted_wood_01
0  -4.557669 -4.209639 4.430507  0.353271 0.683652 -0.638608  0.298096 0.539551 0
0  -5.670677 -4.887069 3.089588  0.353271 0.683652 -0.638608  0.298096 0.539551 0
0  -4.821584 -4.037977 4.468282  0.353271 0.683652 -0.638608  0.298096 0.539551 0
painted_wood_01
0  -3.983909 -3.200302 19.635353  -0.707107 0.707107 0.000000  0.298096 0.539551 0
0  -3.049926 -2.266319 12.431530  -0.707107 0.707107 0.000000  0.298096 0.539551 0
0  -4.513397 -3.729790 14.505948  -0.707107 0.707107 0.000000  0.298096 0.539551 0
painted_wood_01
0  -2.847467 -3.631071 19.219650  0.707107 -0.707107 -0.000000  0.298096 0.539551 0
0  -3.729789 -4.513393 14.505947  0.707107 -0.707107 -0.000000  0.298096 0.539551 0
0  -2.266319 -3.049922 12.431528  0.707107 -0.707107 -0.000000  0.298096 0.539551 0
crystal_ball_glass
0  -2.981033 -2.676710 18.702389  0.701978 0.701983 0.120197  0.000000 0.000000 0
0  -2.191058 -2.495373 13.029676  0.701978 0.701983 0.120197  0.000000 0.000000 0
0  -2.495378 -2.191055 13.029678  0.701978 0.701983 0.120197  0.000000 0.000000 0
crystal_ball_glass
0  -2.779753 -2.431723 12.435316  -0.656186 0.754553 0.008421  0.000000 0.000000 0
0  -2.981033 -2.676710 18.702389  -0.656186 0.754553 0.008421  0.000000 0.000000 0
0  -2.495378 -2.191055 13.029678  -0.656186 0.754553 0.008421  0.000000 0.000000 0
crystal_ball_glass
0  -2.987132 -3.335159 18.922775  0.754557 -0.656180 0.008422  0.000000 0.000000 0
0  -2.191058 -2.495373 13.029676  0.754557 -0.656180 0.008422  0.000000 0.000000 0
0  -2.676713 -2.981029 18.702389  0.754557 -0.656180 0.008422  0.000000 0.000000 0
painted_wood_01
0  -3.335160 -2.987132 18.922775  0.369458 0.927263 -0.060701  0.298096 0.539551 0
0  -3.477409 -2.693798 22.537962  0.369458 0.927263 -0.060700  0.298096 0.539551 0
0  -3.178093 -2.830060 22.242926  0.369458 0.927263 -0.060701  0.298096 0.539551 0
gold_player
0  -2.431724 -2.779750 12.435314  0.701979 0.701982 0.120197  0.000000 0.000000 0
0  -3.335160 -2.987132 18.922775  0.701979 0.701982 0.120197  0.000000 0.000000 0
0  -2.987132 -3.335159 18.922775  0.701979 0.701982 0.120197  0.000000 0.000000 0
painted_wood_01
0  -3.834977 -3.051367 22.945499  0.443706 0.443713 0.778617  0.298096 0.539551 0
0  -2.693802 -3.477403 22.537962  0.443706 0.443713 0.778617  0.298096 0.539551 0
0  -3.477409 -2.693798 22.537962  0.443706 0.443713 0.778617  0.298096 0.539551 0
painted_wood_01
0  -2.830065 -3.178087 22.242926  0.658606 0.658603 0.363980  0.298096 0.539551 0
0  -3.477409 -2.693798 22.537962  0.658606 0.658603 0.363980  0.298096 0.539551 0
0  -2.693802 -3.477403 22.537962  0.658606 0.658603 0.363980  0.298096 0.539551 0
crystal_ball_glass
0  -3.178093 -2.830060 22.242926  0.289808 0.289807 0.912153  0.000000 0.000000 0
0  -2.517155 -2.821467 22.030205  0.289808 0.289807 0.912153  0.000000 0.000000 0
0  -2.821475 -2.517148 22.030205  0.289808 0.289807 0.912153  0.000000 0.000000 0
painted_wood_01
0  -3.200302 -3.983907 19.635355  0.707107 -0.707107 0.000001  0.298096 0.539551 0
0  -2.693802 -3.477403 22.537962  0.707107 -0.707107 0.000001  0.298096 0.539551 0
0  -3.051370 -3.834970 22.945499  0.707107 -0.707107 0.000001  0.298096 0.539551 0
crystal_ball_glass
0  -2.987132 -3.335159 18.922775  0.750628 -0.660711 -0.004304  0.000000 0.000000 0
0  -2.517155 -2.821467 22.030205  0.750628 -0.660711 -0.004304  0.000000 0.000000 0
0  -2.830065 -3.178087 22.242926  0.750628 -0.660711 -0.004304  0.000000 0.000000 0
crystal_ball_glass
0  -2.676713 -2.981029 18.702389  0.705486 0.705488 -0.067652  0.000000 0.000000 0
0  -2.821475 -2.517148 22.030205  0.705486 0.705488 -0.067652  0.000000 0.000000 0
0  -2.517155 -2.821467 22.030205  0.705486 0.705488 -0.067652  0.000000 0.000000 0
painted_wood_01
0  -2.847467 -3.631071 19.219650  0.927265 0.369453 -0.060694  0.298096 0.539551 0
0  -2.830065 -3.178087 22.242926  0.927265 0.369453 -0.060693  0.298096 0.539551 0
0  -2.693802 -3.477403 22.537962  0.927265 0.369453 -0.060693  0.298096 0.539551 0
crystal_ball_glass
0  -2.981033 -2.676710 18.702389  -0.660731 0.750611 -0.004264  0.000000 0.000000 0
0  -3.178093 -2.830060 22.242926  -0.660731 0.750611 -0.004264  0.000000 0.000000 0
0  -2.821475 -2.517148 22.030205  -0.660731 0.750611 -0.004264  0.000000 0.000000 0
painted_wood_01
0  -4.513397 -3.729790 14.505948  -0.368183 -0.617308 -0.695249  0.298096 0.539551 0
0  -3.049926 -2.266319 12.431530  -0.368183 -0.617308 -0.695249  0.298096 0.539551 0
0  -2.779753 -2.431723 12.435316  -0.368183 -0.617308 -0.695249  0.298096 0.539551 0
painted_wood_01
0  -2.431724 -2.779750 12.435314  -0.617306 -0.368186 -0.695250  0.298096 0.539551 0
0  -2.266319 -3.049922 12.431528  -0.617306 -0.368186 -0.695250  0.298096 0.539551 0
0  -3.729789 -4.513393 14.505947  -0.617306 -0.368186 -0.695250  0.298096 0.539551 0
painted_wood_01
0  -6.672784 -6.150411 6.028134  0.346922 0.341106 0.873666  0.298096 0.539551 0
0  -4.557669 -4.209639 4.430507  0.346922 0.341106 0.873666  0.298096 0.539551 0
0  -4.821584 -4.037977 4.468282  0.346922 0.341106 0.873666  0.298096 0.539551 0
painted_wood_01
0  -4.209641 -4.557665 4.430506  0.341106 0.346922 0.873666  0.298096 0.539551 0
0  -6.150412 -6.672781 6.028132  0.341106 0.346922 0.873666  0.298096 0.539551 0
0  -4.037978 -4.821580 4.468280  0.341106 0.346922 0.873666  0.298096 0.539551 0
painted_wood_01
0  -6.672784 -6.150411 6.028134  0.000000 0.000000 1.000000  0.298096 0.539551 0
0  -6.672784 -6.150411 6.028134  0.000000 0.000000 1.000000  0.298096 0.539551 0
0  -6.718204 -6.195065 6.208757  0.000000 0.000000 1.000000  0.298096 0.539551 0
painted_wood_01
0  -4.513397 -3.729790 14.505948  -0.722179 0.691573 -0.013576  0.298096 0.539551 0
0  -6.718204 -6.195065 6.208757  -0.722179 0.691573 -0.013576  0.298096 0.539551 0
0  -4.592967 -3.809360 14.646135  -0.722179 0.691573 -0.013576  0.298096 0.539551 0
painted_wood_01
0  -6.150412 -6.672781 6.028132  0.000000 0.000000 1.000000  0.298096 0.539551 0
0  -6.150412 -6.672781 6.028132  0.000000 0.000000 1.000000  0.298096 0.539551 0
0  -6.197910 -6.721047 6.207235  0.000000 0.000000 1.000000  0.298096 0.539551 0
painted_wood_01
0  -6.150412 -6.672781 6.028132  0.691829 -0.721931 -0.013712  0.298096 0.539551 0
0  -3.809359 -4.592963 14.646132  0.691829 -0.721931 -0.013713  0.298096 0.539551 0
0  -6.197910 -6.721047 6.207235  0.691829 -0.721931 -0.013712  0.298096 0.539551 0
painted_wood_01
0  -3.729789 -4.513393 14.505947  0.551428 0.551430 0.625981  0.298096 0.539551 0
0  -4.592967 -3.809360 14.646135  0.551428 0.551430 0.625981  0.298096 0.539551 0
0  -3.809359 -4.592963 14.646132  0.551428 0.551430 0.625981  0.298096 0.539551 0
gold_player
0  -2.431724 -2.779750 12.435314  -0.491253 -0.491251 -0.719265  0.000000 0.000000 0
0  -4.513397 -3.729790 14.505948  -0.491253 -0.491251 -0.719265  0.000000 0.000000 0
0  -2.779753 -2.431723 12.435316  -0.491253 -0.491251 -0.719265  0.000000 0.000000 0
gold_player
0  -4.557669 -4.209639 4.430507  0.344114 0.344113 0.873597  0.000000 0.000000 0
0  -6.672784 -6.150411 6.028134  0.344114 0.344113 0.873597  0.000000 0.000000 0
0  -6.150412 -6.672781 6.028132  0.344114 0.344113 0.873597  0.000000 0.000000 0
gold_player
0  -6.150412 -6.672781 6.028132  -0.707072 -0.707142 0.000003  0.000000 0.000000 0
0  -6.672784 -6.150411 6.028134  0.000000 0.000000 -0.000001  0.000000 0.000000 0
0  -6.672784 -6.150411 6.028134  0.707106 0.707108 -0.000001  0.000000 0.000000 0
crystal_ball_glass
0  -6.672784 -6.150411 6.028134  0.000000 0.000000 0.566867  0.000000 0.000000 0
0  -6.672784 -6.150411 6.028134  -0.608265 0.555586 0.566867  0.000000 0.000000 0
0  -4.513397 -3.729790 14.505948  0.269420 -0.234720 -0.933980  0.000000 0.000000 0
black
0  -3.809359 -4.592963 14.646132  -0.057765 -0.057769 0.996657  0.000000 0.000000 0
0  -4.588055 -4.057975 14.632012  -0.057765 -0.057769 0.996657  0.000000 0.000000 0
0  -4.057974 -4.588053 14.632009  -0.057765 -0.057769 0.996657  0.000000 0.000000 0
black
0  -6.579035 -6.284646 6.508852  -0.945386 -0.165187 0.280995  0.000000 0.000000 0
0  -4.592967 -3.809360 14.646135  -0.945384 -0.165184 0.281005  0.000000 0.000000 0
0  -6.718204 -6.195065 6.208757  -0.945390 -0.165192 0.280979  0.000000 0.000000 0
black
0  -6.284647 -6.579034 6.508851  -0.704120 -0.699468 0.122308  0.000000 0.000000 0
0  -6.718204 -6.195065 6.208757  -0.704120 -0.699468 0.122308  0.000000 0.000000 0
0  -6.197910 -6.721047 6.207235  -0.704120 -0.699468 0.122308  0.000000 0.000000 0
black
0  -4.057974 -4.588053 14.632009  -0.171303 -0.943857 0.282470  0.000000 0.000000 0
0  -6.197910 -6.721047 6.207235  -0.171298 -0.943852 0.282489  0.000000 0.000000 0
0  -3.809359 -4.592963 14.646132  -0.171304 -0.943857 0.282469  0.000000 0.000000 0
black
0  -6.579035 -6.284646 6.508852  -0.663781 -0.663788 0.344646  0.000000 0.000000 0
0  -4.057974 -4.588053 14.632009  -0.663781 -0.663788 0.344646  0.000000 0.000000 0
0  -4.588055 -4.057975 14.632012  -0.663781 -0.663788 0.344646  0.000000 0.000000 0
black
0  -8.871435 -10.006626 -1.938043  0.682139 0.682132 -0.263404  0.000000 0.000000 0
0  -7.837859 -10.122279 0.439100  0.682139 0.682132 -0.263404  0.000000 0.000000 0
0  -8.712851 -10.317423 -2.332226  0.682139 0.682132 -0.263404  0.000000 0.000000 0
black
0  -9.866996 -8.245355 0.044917  0.682135 0.682137 -0.263404  0.000000 0.000000 0
0  -10.317422 -8.712852 -2.332226  0.682135 0.682137 -0.263404  0.000000 0.000000 0
0  -10.122279 -7.837860 0.439100  0.682135 0.682137 -0.263404  0.000000 0.000000 0
black
0  -8.245354 -9.866996 0.044917  0.682136 0.682136 -0.263402  0.000000 0.000000 0
0  -10.122279 -7.837860 0.439100  0.682136 0.682136 -0.263402  0.000000 0.000000 0
0  -7.837859 -10.122279 0.439100  0.682136 0.682136 -0.263402  0.000000 0.000000 0
black
0  -10.006626 -8.871435 -1.938043  0.682136 0.682136 -0.263403  0.000000 0.000000 0
0  -8.712851 -10.317423 -2.332226  0.682136 0.682136 -0.263403  0.000000 0.000000 0
0  -10.317422 -8.712852 -2.332226  0.682136 0.682136 -0.263403  0.000000 0.000000 0
painted_wood_01
0  -7.879970 -9.551697 0.485932  -0.384498 -0.384497 -0.839239  0.298096 0.539551 0
0  -6.683122 -8.734072 -0.437000  -0.384498 -0.384497 -0.839239  0.298096 0.539551 0
0  -7.849488 -9.900437 0.631742  -0.384498 -0.384497 -0.839239  0.298096 0.539551 0
painted_wood_01
0  -7.031862 -8.703589 -0.291190  -0.384498 -0.384498 -0.839239  0.298096 0.539551 0
0  -8.734072 -6.683122 -0.437000  -0.384498 -0.384498 -0.839239  0.298096 0.539551 0
0  -6.683122 -8.734072 -0.437000  -0.384498 -0.384498 -0.839239  0.298096 0.539551 0
painted_wood_01
0  -9.551698 -7.879970 0.485932  -0.384499 -0.384499 -0.839239  0.298096 0.539551 0
0  -7.849488 -9.900437 0.631742  -0.384499 -0.384499 -0.839239  0.298096 0.539551 0
0  -9.900437 -7.849488 0.631742  -0.384499 -0.384499 -0.839239  0.298096 0.539551 0
painted_wood_01
0  -8.703589 -7.031862 -0.291190  -0.384497 -0.384499 -0.839239  0.298096 0.539551 0
0  -9.900437 -7.849488 0.631742  -0.384497 -0.384499 -0.839239  0.298096 0.539551 0
0  -8.734072 -6.683122 -0.437000  -0.384497 -0.384499 -0.839239  0.298096 0.539551 0
c_invasion_wrangler_laser
0  -7.879970 -9.551697 0.485932  -0.477697 -0.477697 0.737300  0.000000 0.000000 0
0  -9.866996 -8.245355 0.044917  -0.477697 -0.477697 0.737300  0.000000 0.000000 0
0  -8.245354 -9.866996 0.044917  -0.477697 -0.477697 0.737300  0.000000 0.000000 0
c_invasion_wrangler_laser
0  -8.703589 -7.031862 -0.291190  0.606971 0.606972 -0.513002  0.000000 0.000000 0
0  -8.016291 -8.995618 -1.801467  0.606971 0.606972 -0.513002  0.000000 0.000000 0
0  -8.995619 -8.016291 -1.801467  0.606971 0.606972 -0.513002  0.000000 0.000000 0
c_invasion_wrangler_laser
0  -8.871435 -10.006626 -1.938043  0.072797 0.072797 -0.994686  0.000000 0.000000 0
0  -8.995619 -8.016291 -1.801467  0.072797 0.072797 -0.994686  0.000000 0.000000 0
0  -8.016291 -8.995618 -1.801467  0.072797 0.072797 -0.994686  0.000000 0.000000 0
c_invasion_wrangler_laser
0  -8.245354 -9.866996 0.044917  0.693607 -0.689221 -0.209482  0.000000 0.000000 0
0  -8.016291 -8.995618 -1.801467  0.693607 -0.689222 -0.209481  0.000000 0.000000 0
0  -7.031862 -8.703589 -0.291190  0.693605 -0.689226 -0.209476  0.000000 0.000000 0
c_invasion_wrangler_laser
0  -9.866996 -8.245355 0.044917  -0.689230 0.693616 -0.209426  0.000000 0.000000 0
0  -9.551698 -7.879970 0.485932  -0.689240 0.693605 -0.209429  0.000000 0.000000 0
0  -8.703589 -7.031862 -0.291190  -0.689236 0.693610 -0.209428  0.000000 0.000000 0
painted_wood_01
0  -6.146601 -4.285356 2.200109  0.120505 0.120505 -0.985372  0.298096 0.539551 0
0  -5.826494 -7.586419 1.835556  0.120505 0.120505 -0.985372  0.298096 0.539551 0
0  -7.586419 -5.826493 1.835556  0.120505 0.120505 -0.985372  0.298096 0.539551 0
painted_wood_01
0  9.000000 -1.000000 1.000000  0.000000 0.000000 1.000000  0.298096 0.539551 0
0  11.000000 0.000000 1.000000  0.000000 0.000000 1.000000  0.298096 0.539551 0
0  9.000000 0.000000 1.000000  0.000000 0.000000 1.000000  0.298096 0.539551 0
painted_wood_01
0  2.000000 -9.000000 1.000000  -0.707107 0.707107 0.000000  0.298096 0.539551 0
0  9.000000 -2.000000 -1.000000  -0.707107 0.707107 0.000000  0.298096 0.539551 0
0  2.000000 -9.000000 -1.000000  -0.707107 0.707107 0.000000  0.298096 0.539551 0
painted_wood_01
0  0.000000 -9.000000 -1.000000  0.000000 1.000000 0.000000  0.298096 0.539551 0
0  0.000000 -9.000000 1.000000  0.000000 1.000000 0.000000  0.298096 0.539551 0
0  1.000000 -9.000000 1.000000  0.000000 1.000000 0.000000  0.298096 0.539551 0
painted_wood_01
0  2.000000 -11.000000 -1.000000  0.000000 -1.000000 0.000000  0.298096 0.539551 0
0  2.000000 -11.000000 1.000000  0.000000 -1.000000 0.000000  0.298096 0.539551 0
0  1.000000 -11.000000 1.000000  0.000000 -1.000000 0.000000  0.298096 0.539551 0
painted_wood_01
0  2.000000 -9.000000 -1.000000  0.000000 0.000000 -1.000000  0.298096 0.539551 0
0  0.000000 -11.000000 -1.000000  0.000000 0.000000 -1.000000  0.298096 0.539551 0
0  0.000000 -9.000000 -1.000000  0.000000 0.000000 -1.000000  0.298096 0.539551 0
painted_wood_01
0  1.000000 -9.000000 1.000000  0.000000 0.000000 1.000000  0.298096 0.539551 0
0  2.000000 -11.000000 1.000000  0.000000 0.000000 1.000000  0.298096 0.539551 0
0  2.000000 -9.000000 1.000000  0.000000 0.000000 1.000000  0.298096 0.539551 0
painted_wood_01
0  11.000000 0.000000 -1.000000  1.000000 0.000000 0.000000  0.298096 0.539551 0
0  11.000000 0.000000 1.000000  1.000000 0.000000 0.000000  0.298096 0.539551 0
0  11.000000 -1.000000 1.000000  1.000000 0.000000 0.000000  0.298096 0.539551 0
painted_wood_01
0  11.000000 0.000000 -1.000000  0.000000 1.000000 0.000000  0.298096 0.539551 0
0  9.000000 0.000000 1.000000  0.000000 1.000000 0.000000  0.298096 0.539551 0
0  11.000000 0.000000 1.000000  0.000000 1.000000 0.000000  0.298096 0.539551 0
painted_wood_01
0  9.000000 -2.000000 -1.000000  -1.000000 0.000000 0.000000  0.298096 0.539551 0
0  9.000000 -2.000000 1.000000  -1.000000 0.000000 0.000000  0.298096 0.539551 0
0  9.000000 -1.000000 1.000000  -1.000000 0.000000 0.000000  0.298096 0.539551 0
gold_player
0  2.250000 -9.103554 -1.250000  0.000000 0.000000 -1.000000  0.288257 -0.466981 0
0  10.396446 -2.250000 -1.250000  0.000000 0.000000 -1.000000  -0.831273 0.897801 0
0  2.250000 -10.396447 -1.250000  0.000000 0.000000 -1.000000  0.037729 1.446869 0
painted_wood_01
0  11.000000 0.000000 -1.000000  0.000000 0.000000 -1.000000  0.298096 0.539551 0
0  9.000000 -2.000000 -1.000000  0.000000 0.000000 -1.000000  0.298096 0.539551 0
0  9.000000 0.000000 -1.000000  0.000000 0.000000 -1.000000  0.298096 0.539551 0
painted_wood_01
0  11.000000 -1.000000 1.000000  0.000000 0.000000 1.000000  0.298096 0.539551 0
0  9.000000 -2.000000 1.000000  0.000000 0.000000 1.000000  0.298096 0.539551 0
0  11.000000 -2.000000 1.000000  0.000000 0.000000 1.000000  0.298096 0.539551 0
painted_wood_01
0  1.000000 -11.000000 1.000000  0.000000 0.000000 1.000000  0.298096 0.539551 0
0  0.000000 -9.000000 1.000000  0.000000 0.000000 1.000000  0.298096 0.539551 0
0  0.000000 -11.000000 1.000000  0.000000 0.000000 1.000000  0.298096 0.539551 0
painted_wood_01
0  9.103554 -2.250000 1.250000  -0.499999 0.499999 0.707108  0.298096 0.539551 0
0  2.000000 -9.000000 1.000000  -0.499999 0.499999 0.707108  0.298096 0.539551 0
0  2.250000 -9.103554 1.250000  -0.499999 0.499999 0.707108  0.298096 0.539551 0
painted_wood_01
0  2.250000 -10.396447 -1.250000  -0.707107 0.000000 -0.707107  0.298096 0.539551 0
0  2.000000 -9.000000 -1.000000  -0.707107 0.000000 -0.707107  0.298096 0.539551 0
0  2.250000 -9.103554 -1.250000  -0.707107 0.000000 -0.707107  0.298096 0.539551 0
painted_wood_01
0  2.250000 -9.103554 -1.250000  -0.500000 0.500000 -0.707107  0.298096 0.539551 0
0  9.000000 -2.000000 -1.000000  -0.500000 0.500000 -0.707107  0.298096 0.539551 0
0  9.103554 -2.250000 -1.250000  -0.500000 0.500000 -0.707107  0.298096 0.539551 0
painted_wood_01
0  10.396446 -2.250000 -1.250000  0.500000 -0.500001 -0.707106  0.298096 0.539551 0
0  2.000000 -11.000000 -1.000000  0.500000 -0.500001 -0.707106  0.298096 0.539551 0
0  2.250000 -10.396447 -1.250000  0.500000 -0.500001 -0.707106  0.298096 0.539551 0
painted_wood_01
0  9.103554 -2.250000 -1.250000  0.000000 0.707107 -0.707107  0.298096 0.539551 0
0  11.000000 -2.000000 -1.000000  0.000000 0.707107 -0.707107  0.298096 0.539551 0
0  10.396446 -2.250000 -1.250000  0.000000 0.707107 -0.707107  0.298096 0.539551 0
black
0  2.000000 -11.000000 -1.000000  0.000000 0.000000 1.000000  0.375000 1.125000 0
0  11.000000 -2.000000 -1.000000  0.000000 0.000000 1.000000  0.375000 -0.125000 0
0  2.000000 -11.000000 -1.000000  0.000000 0.000000 1.000000  0.375000 1.125000 0
painted_wood_01
0  2.250000 -9.103554 1.250000  -0.571587 -0.032719 0.819889  0.298096 0.539551 0
0  2.000000 -11.000000 1.000000  -0.571587 -0.032723 0.819889  0.298096 0.539551 0
0  2.450000 -10.596446 1.250000  -0.571588 -0.032726 0.819888  0.298096 0.539551 0
black
0  11.000000 -2.000000 1.000000  0.954520 -0.298148 0.000000  0.625000 -0.125000 0
0  10.810495 -2.606698 -0.437000  0.954520 -0.298148 0.000000  0.000000 0.000000 0
0  11.000000 -2.000000 -1.000000  0.954520 -0.298148 0.000000  0.000000 0.000000 0
black
0  4.657647 -8.759546 0.000000  0.707107 -0.707107 0.000000  0.000000 0.000000 0
0  4.657647 -8.759546 0.437000  0.707107 -0.707107 0.000000  0.000000 0.000000 0
0  2.606698 -10.810495 0.437000  0.707107 -0.707107 0.000000  0.000000 0.000000 0
painted_wood_01
0  9.567706 -7.516756 1.368258  0.595876 -0.595876 0.538390  0.298096 0.539551 0
0  7.849488 -9.900437 0.631742  0.595876 -0.595876 0.538390  0.298096 0.539551 0
0  9.900437 -7.849488 0.631742  0.595876 -0.595876 0.538390  0.298096 0.539551 0
black
0  11.000000 -2.000000 1.000000  0.000000 0.000000 0.000000  0.000000 0.000000 0
0  11.000000 -2.000000 -1.000000  0.000000 0.000000 0.000000  0.000000 0.000000 0
0  11.000000 -2.000000 1.000000  0.000000 0.000000 0.000000  0.000000 0.000000 0
painted_wood_01
0  11.000000 -2.000000 1.000000  0.032741 0.571590 0.819886  0.298096 0.539551 0
0  9.103554 -2.250000 1.250000  0.032726 0.571588 0.819888  0.298096 0.539551 0
0  10.596446 -2.450000 1.250000  0.032724 0.571588 0.819888  0.298096 0.539551 0
black
0  10.810495 -2.606698 -0.437000  -0.714557 0.223157 -0.663030  0.000000 0.000000 0
0  11.000000 -2.000000 -1.000000  0.000000 0.000000 0.354547  0.000000 0.000000 0
0  11.000000 -2.000000 -1.000000  0.892512 -0.278780 0.354547  0.000000 0.000000 0
painted_wood_01
0  2.000000 -11.000000 1.000000  0.533490 -0.786944 0.310012  0.298096 0.539551 0
0  2.606698 -10.810495 0.437000  0.533490 -0.786944 0.310012  0.298096 0.539551 0
0  2.450000 -10.596446 1.250000  0.533490 -0.786944 0.310012  0.298096 0.539551 0
black
0  2.000000 -11.000000 1.000000  0.298148 -0.954520 0.000000  0.000000 0.000000 0
0  2.606698 -10.810495 -0.437000  0.298148 -0.954520 0.000000  0.000000 0.000000 0
0  2.606698 -10.810495 0.437000  0.298148 -0.954520 0.000000  0.000000 0.000000 0
black
0  4.657647 -8.759546 -0.437000  0.636293 -0.754703 -0.159861  0.000000 0.000000 0
0  2.000000 -11.000000 -1.000000  0.000000 0.000000 0.080189  0.000000 0.000000 0
0  2.000000 -11.000000 -1.000000  -0.642470 0.762104 0.080189  0.000000 0.000000 0
gold_player
0  8.734072 -6.683122 -0.437000  0.707106 0.707107 -0.000001  0.000000 0.000000 0
0  9.567706 -7.516756 1.368258  0.707106 0.707107 -0.000001  0.000000 0.000000 0
0  9.900437 -7.849488 0.631742  0.707106 0.707107 -0.000001  0.000000 0.000000 0
painted_wood_01
0  6.683122 -8.734072 0.437000  0.012576 -0.999921 0.000000  0.298096 0.539551 0
0  4.657647 -8.759546 0.437000  0.012576 -0.999921 0.000000  0.298096 0.539551 0
0  4.657647 -8.759546 0.000000  0.012576 -0.999921 0.000000  0.298096 0.539551 0
black
0  8.759546 -4.657647 -0.437000  0.707107 -0.707107 0.000000  0.000000 0.000000 0
0  10.810495 -2.606698 0.437000  0.707107 -0.707107 0.000000  0.000000 0.000000 0
0  8.759546 -4.657647 0.437000  0.707107 -0.707107 0.000000  0.000000 0.000000 0
gold_player
0  6.683122 -8.734072 -0.437000  -0.707107 -0.707106 0.000000  0.000000 0.000000 0
0  7.516756 -9.567706 1.368258  -0.707107 -0.707106 0.000000  0.000000 0.000000 0
0  6.683122 -8.734072 0.437000  -0.707107 -0.707106 0.000000  0.000000 0.000000 0
painted_wood_01
0  8.734072 -6.683122 0.437000  0.999921 -0.012576 0.000000  0.298096 0.539551 0
0  8.759546 -4.657647 -0.437000  0.999921 -0.012576 0.000000  0.298096 0.539551 0
0  8.759546 -4.657647 0.437000  0.999921 -0.012576 0.000000  0.298096 0.539551 0
black
0  8.759546 -4.657647 -0.437000  0.357984 -0.357950 -0.862391  0.000000 0.000000 0
0  6.683122 -8.734072 -0.437000  0.357959 -0.357976 -0.862391  0.000000 0.000000 0
0  4.657647 -8.759546 -0.437000  0.357960 -0.357975 -0.862391  0.000000 0.000000 0
painted_wood_01
0  8.734072 -6.683122 0.437000  0.805177 -0.010127 0.592948  0.298096 0.539551 0
0  8.759546 -4.657647 0.437000  0.805177 -0.010127 0.592948  0.298096 0.539551 0
0  7.934072 -5.883121 1.537000  0.805177 -0.010127 0.592948  0.298096 0.539551 0
painted_wood_01
0  4.657647 -8.759546 0.437000  0.010127 -0.805177 0.592948  0.298096 0.539551 0
0  6.683122 -8.734072 0.437000  0.010127 -0.805177 0.592948  0.298096 0.539551 0
0  5.883122 -7.934072 1.537000  0.010127 -0.805177 0.592948  0.298096 0.539551 0
painted_wood_01
0  8.734072 -6.683122 0.437000  -0.707107 0.707107 0.000000  0.298096 0.539551 0
0  6.683122 -8.734072 -0.437000  -0.707107 0.707107 0.000000  0.298096 0.539551 0
0  6.683122 -8.734072 0.437000  -0.707107 0.707107 0.000000  0.298096 0.539551 0
black
0  11.000000 -2.000000 -1.000000  0.954520 -0.298147 0.000000  0.000000 0.000000 0
0  10.810495 -2.606698 0.437000  0.954520 -0.298147 0.000000  0.000000 0.000000 0
0  10.810495 -2.606698 -0.437000  0.954520 -0.298147 0.000000  0.000000 0.000000 0
painted_wood_01
0  10.596446 -2.450000 1.250000  -0.687978 0.616910 -0.382242  0.298096 0.539551 0
0  11.000000 -2.000000 1.000000  0.000000 0.000000 0.194856  0.298096 0.539551 0
0  11.000000 -2.000000 1.000000  0.730212 -0.654844 0.194856  0.298096 0.539551 0
painted_wood_01
0  10.810495 -2.606698 0.437000  0.758744 -0.649515 0.049372  0.298096 0.539551 0
0  7.934072 -5.883121 1.537000  0.758709 -0.649555 0.049386  0.298096 0.539551 0
0  8.759546 -4.657647 0.437000  0.758736 -0.649524 0.049375  0.298096 0.539551 0
gold_player
0  9.103554 -2.250000 1.250000  0.000000 0.000000 1.000000  1.887944 0.906250 0
0  2.450000 -10.596446 1.250000  0.000000 0.000000 1.000000  -0.340223 -0.524255 0
0  10.596446 -2.450000 1.250000  0.000000 0.000000 1.000000  -0.562928 -0.301550 0
painted_wood_01
0  2.450000 -10.596446 1.250000  0.649501 -0.758756 0.049372  0.298096 0.539551 0
0  4.657647 -8.759546 0.437000  0.649506 -0.758752 0.049370  0.298096 0.539551 0
0  5.883122 -7.934072 1.537000  0.649523 -0.758738 0.049364  0.298096 0.539551 0
painted_wood_01
0  7.934072 -5.883121 1.537000  -0.329475 0.329475 0.884812  0.298096 0.539551 0
0  2.450000 -10.596446 1.250000  -0.329475 0.329475 0.884812  0.298096 0.539551 0
0  5.883122 -7.934072 1.537000  -0.329475 0.329475 0.884812  0.298096 0.539551 0
painted_wood_01
0  8.703589 -7.031862 -0.291190  0.384498 -0.384497 -0.839240  0.298096 0.539551 0
0  7.879970 -9.551697 0.485932  0.384498 -0.384497 -0.839240  0.298096 0.539551 0
0  7.031862 -8.703589 -0.291190  0.384498 -0.384497 -0.839240  0.298096 0.539551 0
gold_player
0  11.000000 -2.000000 1.000000  0.707107 -0.707107 0.000000  0.000000 0.000000 0
0  2.000000 -11.000000 1.000000  0.707107 -0.707107 0.000000  0.000000 0.000000 0
0  2.000000 -11.000000 -1.000000  0.707107 -0.707107 0.000000  0.375000 1.125000 0
black
0  9.866996 -8.245355 0.044917  -0.682136 0.682135 -0.263404  0.000000 0.000000 0
0  8.871435 -10.006626 -1.938043  -0.682136 0.682135 -0.263404  0.000000 0.000000 0
0  8.245354 -9.866996 0.044917  -0.682136 0.682135 -0.263404  0.000000 0.000000 0
c_invasion_wrangler_laser
0  9.108167 -7.843901 1.814342  0.602212 0.776685 0.184664  0.000000 0.000000 0
0  7.579334 -7.428634 5.053491  0.602212 0.776685 0.184664  0.000000 0.000000 0
0  8.015841 -7.830777 5.538991  0.602214 0.776685 0.184660  0.000000 0.000000 0
painted_wood_01
0  10.311981 -9.076738 -2.280855  -0.240729 0.240728 -0.940266  0.298096 0.539551 0
0  9.534464 -10.769707 -2.515230  -0.240729 0.240728 -0.940266  0.298096 0.539551 0
0  9.076738 -10.311981 -2.280855  -0.240729 0.240728 -0.940266  0.298096 0.539551 0
painted_wood_01
0  7.500491 -8.213733 5.985076  0.514836 -0.514836 0.685483  0.298096 0.539551 0
0  8.575023 -7.861777 5.442380  0.514836 -0.514836 0.685483  0.298096 0.539551 0
0  8.213735 -7.500489 5.985076  0.514836 -0.514836 0.685483  0.298096 0.539551 0
gold_player
0  8.753550 -9.620193 1.795608  -0.601386 -0.779816 0.173843  0.000000 0.000000 0
0  8.758602 -8.961437 4.768085  -0.601386 -0.779816 0.173843  0.000000 0.000000 0
0  8.178309 -8.438931 5.104466  -0.601386 -0.779816 0.173843  0.000000 0.000000 0
painted_wood_01
0  9.679433 -10.557434 -0.093381  0.681796 -0.681796 0.265157  0.298096 0.539551 0
0  10.680840 -9.802841 -0.728016  0.681796 -0.681796 0.265157  0.298096 0.539551 0
0  10.557433 -9.679434 -0.093381  0.681796 -0.681796 0.265157  0.298096 0.539551 0
painted_wood_01
0  10.769707 -9.534464 -2.515230  0.705329 -0.705331 -0.070845  0.298096 0.539551 0
0  9.802840 -10.680841 -0.728016  0.705329 -0.705331 -0.070845  0.298096 0.539551 0
0  9.534464 -10.769707 -2.515230  0.705329 -0.705331 -0.070845  0.298096 0.539551 0
painted_wood_01
0  8.213735 -7.500489 5.985076  0.844792 0.475155 0.246077  0.298096 0.539551 0
0  8.575023 -7.861777 5.442380  0.844792 0.475155 0.246077  0.298096 0.539551 0
0  9.567706 -7.516756 1.368258  0.844792 0.475155 0.246077  0.298096 0.539551 0
painted_wood_01
0  7.500491 -8.213733 5.985076  -0.475154 -0.844792 0.246078  0.298096 0.539551 0
0  7.516756 -9.567706 1.368258  -0.475154 -0.844792 0.246078  0.298096 0.539551 0
0  7.861779 -8.575021 5.442380  -0.475154 -0.844792 0.246078  0.298096 0.539551 0
gold_player
0  8.178309 -8.438931 5.104466  0.280077 -0.280077 0.918212  0.000000 0.000000 0
0  8.961439 -8.758601 4.768085  0.280077 -0.280077 0.918212  0.000000 0.000000 0
0  8.438933 -8.178308 5.104466  0.280077 -0.280077 0.918212  0.000000 0.000000 0
painted_wood_01
0  8.438933 -8.178308 5.104466  0.661522 -0.661520 0.353241  0.298096 0.539551 0
0  7.861779 -8.575021 5.442380  0.661522 -0.661520 0.353241  0.298096 0.539551 0
0  8.178309 -8.438931 5.104466  0.661522 -0.661520 0.353241  0.298096 0.539551 0
painted_wood_01
0  9.752638 -10.193002 0.203365  0.580926 -0.580928 0.570130  0.298096 0.539551 0
0  10.557433 -9.679434 -0.093381  0.580926 -0.580928 0.570130  0.298096 0.539551 0
0  10.193001 -9.752639 0.203365  0.580926 -0.580928 0.570130  0.298096 0.539551 0
painted_wood_01
0  10.193001 -9.752639 0.203365  0.575208 -0.584748 0.572019  0.298096 0.539551 0
0  9.883766 -8.501668 1.793140  0.575208 -0.584747 0.572020  0.298096 0.539551 0
0  9.620194 -8.753548 1.795608  0.575208 -0.584747 0.572019  0.298096 0.539551 0
painted_wood_01
0  8.178309 -8.438931 5.104466  0.668339 -0.655650 0.351348  0.298096 0.539551 0
0  8.501670 -9.883765 1.793140  0.668339 -0.655651 0.351347  0.298096 0.539551 0
0  8.753550 -9.620193 1.795608  0.668339 -0.655651 0.351347  0.298096 0.539551 0
painted_wood_01
0  8.753550 -9.620193 1.795608  0.584722 -0.575239 0.572014  0.298096 0.539551 0
0  9.679433 -10.557434 -0.093381  0.584722 -0.575239 0.572015  0.298096 0.539551 0
0  9.752638 -10.193002 0.203365  0.584722 -0.575239 0.572015  0.298096 0.539551 0
painted_wood_01
0  9.620194 -8.753548 1.795608  0.655635 -0.668357 0.351343  0.298096 0.539551 0
0  8.575023 -7.861777 5.442380  0.655635 -0.668357 0.351343  0.298096 0.539551 0
0  8.438933 -8.178308 5.104466  0.655635 -0.668357 0.351343  0.298096 0.539551 0
gold_player
0  10.326581 -9.983860 0.953694  0.579809 -0.579811 0.572400  0.000000 0.000000 0
0  9.206296 -9.880781 2.192893  0.579809 -0.579811 0.572400  0.000000 0.000000 0
0  9.983859 -10.326582 0.953694  0.579809 -0.579811 0.572400  0.000000 0.000000 0
gold_player
0  8.961439 -8.758601 4.768085  0.662006 -0.662003 0.351424  0.000000 0.000000 0
0  9.206296 -9.880781 2.192893  0.662006 -0.662003 0.351424  0.000000 0.000000 0
0  9.880782 -9.206294 2.192893  0.662006 -0.662003 0.351424  0.000000 0.000000 0
gold_player
0  8.438933 -8.178308 5.104466  0.779816 0.601386 0.173844  0.000000 0.000000 0
0  9.880782 -9.206294 2.192893  0.779816 0.601386 0.173844  0.000000 0.000000 0
0  9.620194 -8.753548 1.795608  0.779816 0.601386 0.173844  0.000000 0.000000 0
gold_player
0  10.193001 -9.752639 0.203365  0.668691 -0.668697 -0.325111  0.000000 0.000000 0
0  9.983859 -10.326582 0.953694  0.668691 -0.668697 -0.325111  0.000000 0.000000 0
0  9.752638 -10.193002 0.203365  0.668691 -0.668697 -0.325111  0.000000 0.000000 0
gold_player
0  9.620194 -8.753548 1.795608  0.866992 0.498322 -0.000787  0.000000 0.000000 0
0  10.326581 -9.983860 0.953694  0.866992 0.498322 -0.000787  0.000000 0.000000 0
0  10.193001 -9.752639 0.203365  0.866992 0.498322 -0.000787  0.000000 0.000000 0
gold_player
0  9.752638 -10.193002 0.203365  -0.498323 -0.866991 -0.000787  0.000000 0.000000 0
0  9.206296 -9.880781 2.192893  -0.498323 -0.866991 -0.000787  0.000000 0.000000 0
0  8.753550 -9.620193 1.795608  -0.498323 -0.866991 -0.000787  0.000000 0.000000 0
gold_player
0  9.883766 -8.501668 1.793140  0.893622 0.385742 0.229442  0.000000 0.000000 0
0  9.900437 -7.849488 0.631742  0.893622 0.385742 0.229442  0.000000 0.000000 0
0  9.567706 -7.516756 1.368258  0.893622 0.385742 0.229442  0.000000 0.000000 0
gold_player
0  7.516756 -9.567706 1.368258  -0.385741 -0.893623 0.229440  0.000000 0.000000 0
0  7.849488 -9.900437 0.631742  -0.385741 -0.893623 0.229440  0.000000 0.000000 0
0  8.501670 -9.883765 1.793140  -0.385741 -0.893623 0.229440  0.000000 0.000000 0
painted_wood_01
0  7.861779 -8.575021 5.442380  -0.391660 -0.885779 0.248994  0.298096 0.539551 0
0  7.516756 -9.567706 1.368258  -0.391660 -0.885779 0.248994  0.298096 0.539551 0
0  8.501670 -9.883765 1.793140  -0.391660 -0.885779 0.248994  0.298096 0.539551 0
painted_wood_01
0  8.575023 -7.861777 5.442380  0.885778 0.391664 0.248993  0.298096 0.539551 0
0  9.883766 -8.501668 1.793140  0.885778 0.391664 0.248993  0.298096 0.539551 0
0  9.567706 -7.516756 1.368258  0.885778 0.391664 0.248993  0.298096 0.539551 0
black
0  10.769707 -9.534464 -2.515230  0.777508 0.620001 0.105261  0.000000 0.000000 0
0  10.557433 -9.679434 -0.093381  0.777506 0.620000 0.105285  0.000000 0.000000 0
0  10.680840 -9.802841 -0.728016  0.777506 0.620000 0.105282  0.000000 0.000000 0
black
0  9.076738 -10.311981 -2.280855  -0.620030 -0.777489 0.105230  0.000000 0.000000 0
0  9.802840 -10.680841 -0.728016  -0.620028 -0.777490 0.105234  0.000000 0.000000 0
0  9.679433 -10.557434 -0.093381  -0.620023 -0.777493 0.105244  0.000000 0.000000 0
black
0  7.837859 -10.122279 0.439100  -0.303759 -0.951526 0.048255  0.000000 0.000000 0
0  9.293817 -10.617064 -0.152770  -0.303753 -0.951528 0.048253  0.000000 0.000000 0
0  8.377058 -10.024016 1.343372  -0.303755 -0.951528 0.048254  0.000000 0.000000 0
black
0  10.317422 -8.712852 -2.332226  0.951509 0.303821 0.048202  0.000000 0.000000 0
0  10.024017 -8.377056 1.343372  0.951510 0.303819 0.048190  0.000000 0.000000 0
0  10.617062 -9.293818 -0.152770  0.951509 0.303821 0.048209  0.000000 0.000000 0
painted_wood_01
0  7.837859 -10.122279 0.439100  -0.559828 0.559828 -0.610889  0.298096 0.539551 0
0  9.900437 -7.849488 0.631742  -0.559828 0.559828 -0.610889  0.298096 0.539551 0
0  10.122279 -7.837860 0.439100  -0.559828 0.559828 -0.610889  0.298096 0.539551 0
painted_wood_01
0  10.317422 -8.712852 -2.332226  0.140460 -0.140460 -0.980072  0.298096 0.539551 0
0  9.076738 -10.311981 -2.280855  0.140460 -0.140460 -0.980072  0.298096 0.539551 0
0  8.712851 -10.317423 -2.332226  0.140460 -0.140460 -0.980072  0.298096 0.539551 0
painted_wood_01
0  10.024017 -8.377056 1.343372  0.934299 -0.010450 0.356338  0.298096 0.539551 0
0  10.557433 -9.679434 -0.093381  0.934298 -0.010448 0.356341  0.298096 0.539551 0
0  10.617062 -9.293818 -0.152770  0.934299 -0.010450 0.356338  0.298096 0.539551 0
painted_wood_01
0  9.293817 -10.617064 -0.152770  0.010417 -0.934301 0.356333  0.298096 0.539551 0
0  8.501670 -9.883765 1.793140  0.010418 -0.934301 0.356332  0.298096 0.539551 0
0  8.377058 -10.024016 1.343372  0.010420 -0.934303 0.356327  0.298096 0.539551 0
painted_wood_01
0  10.122279 -7.837860 0.439100  0.521419 0.726304 0.447890  0.298096 0.539551 0
0  9.883766 -8.501668 1.793140  0.521413 0.726294 0.447912  0.298096 0.539551 0
0  10.024017 -8.377056 1.343372  0.521413 0.726291 0.447918  0.298096 0.539551 0
painted_wood_01
0  8.377058 -10.024016 1.343372  -0.726329 -0.521339 0.447942  0.298096 0.539551 0
0  7.849488 -9.900437 0.631742  -0.726337 -0.521337 0.447931  0.298096 0.539551 0
0  7.837859 -10.122279 0.439100  -0.726341 -0.521336 0.447927  0.298096 0.539551 0
painted_wood_01
0  10.617062 -9.293818 -0.152770  0.982517 -0.107735 -0.151837  0.298096 0.539551 0
0  10.311981 -9.076738 -2.280855  0.982516 -0.107734 -0.151840  0.298096 0.539551 0
0  10.317422 -8.712852 -2.332226  0.982515 -0.107734 -0.151850  0.298096 0.539551 0
painted_wood_01
0  8.712851 -10.317423 -2.332226  0.107764 -0.982511 -0.151854  0.298096 0.539551 0
0  9.679433 -10.557434 -0.093381  0.107763 -0.982511 -0.151857  0.298096 0.539551 0
0  9.293817 -10.617064 -0.152770  0.107761 -0.982510 -0.151860  0.298096 0.539551 0
painted_wood_01
0  9.108167 -7.843901 1.814342  -0.692032 0.692032 -0.205388  0.298096 0.539551 0
0  7.516756 -9.567706 1.368258  -0.692032 0.692032 -0.205388  0.298096 0.539551 0
0  7.843901 -9.108167 1.814342  -0.692032 0.692032 -0.205388  0.298096 0.539551 0
painted_wood_01
0  7.830779 -8.015840 5.538991  -0.692032 0.692030 -0.205392  0.298096 0.539551 0
0  8.213735 -7.500489 5.985076  -0.692032 0.692030 -0.205392  0.298096 0.539551 0
0  8.015841 -7.830777 5.538991  -0.692032 0.692030 -0.205392  0.298096 0.539551 0
painted_wood_01
0  8.015841 -7.830777 5.538991  -0.692032 0.692031 -0.205390  0.298096 0.539551 0
0  9.567706 -7.516756 1.368258  -0.692032 0.692031 -0.205390  0.298096 0.539551 0
0  9.108167 -7.843901 1.814342  -0.692032 0.692031 -0.205390  0.298096 0.539551 0
painted_wood_01
0  7.843901 -9.108167 1.814342  -0.692031 0.692032 -0.205390  0.298096 0.539551 0
0  7.500491 -8.213733 5.985076  -0.692031 0.692032 -0.205390  0.298096 0.539551 0
0  7.830779 -8.015840 5.538991  -0.692031 0.692032 -0.205390  0.298096 0.539551 0
c_invasion_wrangler_laser
0  7.843901 -9.108167 1.814342  -0.401862 0.401862 -0.822809  0.000000 0.000000 0
0  8.421432 -7.391927 2.370491  -0.401862 0.401862 -0.822809  0.000000 0.000000 0
0  9.108167 -7.843901 1.814342  -0.401862 0.401862 -0.822809  0.000000 0.000000 0
c_invasion_wrangler_laser
0  7.830779 -8.015840 5.538991  -0.776682 -0.602217 0.184663  0.000000 0.000000 0
0  7.391928 -8.421432 2.370491  -0.776682 -0.602217 0.184662  0.000000 0.000000 0
0  7.843901 -9.108167 1.814342  -0.776682 -0.602217 0.184664  0.000000 0.000000 0
c_invasion_wrangler_laser
0  8.015841 -7.830777 5.538991  -0.447936 0.447934 0.773762  0.000000 0.000000 0
0  7.428636 -7.579332 5.053490  -0.447936 0.447934 0.773762  0.000000 0.000000 0
0  7.830779 -8.015840 5.538991  -0.447936 0.447934 0.773762  0.000000 0.000000 0
gold_player
0  7.843901 -9.108167 1.814342  -0.692031 0.692031 -0.205390  0.000000 0.000000 0
0  8.015841 -7.830777 5.538991  -0.692031 0.692031 -0.205390  0.000000 0.000000 0
0  9.108167 -7.843901 1.814342  -0.692031 0.692031 -0.205390  0.000000 0.000000 0
black
0  6.486232 -7.834656 1.414123  0.553948 -0.553949 0.621516  0.000000 0.000000 0
0  8.734072 -6.683122 0.437000  0.553948 -0.553949 0.621516  0.000000 0.000000 0
0  7.834656 -6.486232 1.414123  0.553948 -0.553949 0.621516  0.000000 0.000000 0
black
0  7.592378 -8.940802 1.283751  -0.517294 0.517294 0.681773  0.000000 0.000000 0
0  8.734072 -6.683122 0.437000  -0.517294 0.517294 0.681773  0.000000 0.000000 0
0  6.683122 -8.734072 0.437000  -0.517294 0.517294 0.681773  0.000000 0.000000 0
painted_wood_01
0  7.592378 -8.940802 1.283751  -0.149811 0.149811 0.977299  0.298096 0.539551 0
0  9.567706 -7.516756 1.368258  -0.149811 0.149811 0.977299  0.298096 0.539551 0
0  8.940802 -7.592378 1.283751  -0.149811 0.149811 0.977299  0.298096 0.539551 0
painted_wood_01
0  6.683122 -8.734072 0.437000  -0.648647 0.177993 0.739984  0.298096 0.539551 0
0  7.516756 -9.567706 1.368258  -0.648647 0.177993 0.739984  0.298096 0.539551 0
0  7.592378 -8.940802 1.283751  -0.648647 0.177993 0.739984  0.298096 0.539551 0
painted_wood_01
0  8.940802 -7.592378 1.283751  -0.177994 0.648645 0.739985  0.298096 0.539551 0
0  9.567706 -7.516756 1.368258  -0.177994 0.648645 0.739985  0.298096 0.539551 0
0  8.734072 -6.683122 0.437000  -0.177994 0.648645 0.739985  0.298096 0.539551 0
painted_wood_01
0  7.834656 -6.486232 1.414123  0.230612 -0.230612 0.945323  0.298096 0.539551 0
0  5.883122 -7.934072 1.537000  0.230612 -0.230612 0.945323  0.298096 0.539551 0
0  6.486232 -7.834656 1.414123  0.230612 -0.230612 0.945323  0.298096 0.539551 0
painted_wood_01
0  8.734072 -6.683122 0.437000  0.686141 -0.252130 0.682379  0.298096 0.539551 0
0  7.934072 -5.883121 1.537000  0.686141 -0.252130 0.682379  0.298096 0.539551 0
0  7.834656 -6.486232 1.414123  0.686141 -0.252130 0.682379  0.298096 0.539551 0
painted_wood_01
0  6.486232 -7.834656 1.414123  0.252129 -0.686141 0.682379  0.298096 0.539551 0
0  5.883122 -7.934072 1.537000  0.252129 -0.686141 0.682379  0.298096 0.539551 0
0  6.683122 -8.734072 0.437000  0.252129 -0.686141 0.682379  0.298096 0.539551 0
c_invasion_wrangler_laser
0  7.428636 -7.579332 5.053490  -0.721720 -0.657538 0.216252  0.000000 0.000000 0
0  7.060894 -8.090397 2.272242  -0.721720 -0.657538 0.216252  0.000000 0.000000 0
0  7.391928 -8.421432 2.370491  -0.721720 -0.657538 0.216252  0.000000 0.000000 0
c_invasion_wrangler_laser
0  7.391928 -8.421432 2.370491  0.145232 -0.145233 -0.978680  0.000000 0.000000 0
0  8.090397 -7.060893 2.272242  0.145232 -0.145233 -0.978680  0.000000 0.000000 0
0  8.421432 -7.391927 2.370491  0.145232 -0.145233 -0.978680  0.000000 0.000000 0
c_invasion_wrangler_laser
0  8.421432 -7.391927 2.370491  0.657536 0.721721 0.216251  0.000000 0.000000 0
0  7.248300 -7.097600 4.955242  0.657536 0.721721 0.216251  0.000000 0.000000 0
0  7.579334 -7.428634 5.053491  0.657536 0.721721 0.216251  0.000000 0.000000 0
c_invasion_wrangler_laser
0  7.579334 -7.428634 5.053491  -0.145231 0.145231 0.978681  0.000000 0.000000 0
0  7.097601 -7.248298 4.955242  -0.145231 0.145231 0.978681  0.000000 0.000000 0
0  7.428636 -7.579332 5.053490  -0.145231 0.145231 0.978681  0.000000 0.000000 0
painted_wood_01
0  6.565249 -6.983750 5.073124  0.622861 -0.622864 0.473376  0.298096 0.539551 0
0  6.672784 -6.150411 6.028134  0.622861 -0.622864 0.473376  0.298096 0.539551 0
0  6.150412 -6.672781 6.028132  0.622861 -0.622864 0.473376  0.298096 0.539551 0
c_invasion_wrangler_laser
0  8.090397 -7.060893 2.272242  0.874636 0.399290 0.274918  0.000000 0.000000 0
0  6.983752 -6.565248 5.073126  0.874636 0.399290 0.274917  0.000000 0.000000 0
0  7.248300 -7.097600 4.955242  0.874637 0.399290 0.274915  0.000000 0.000000 0
c_invasion_wrangler_laser
0  7.248300 -7.097600 4.955242  0.144791 -0.144795 0.978810  0.000000 0.000000 0
0  6.565249 -6.983750 5.073124  0.144791 -0.144795 0.978810  0.000000 0.000000 0
0  7.097601 -7.248298 4.955242  0.144791 -0.144795 0.978810  0.000000 0.000000 0
c_invasion_wrangler_laser
0  7.060894 -8.090397 2.272242  0.392408 -0.392409 -0.831884  0.000000 0.000000 0
0  7.932292 -6.522313 1.943608  0.392408 -0.392409 -0.831884  0.000000 0.000000 0
0  8.090397 -7.060893 2.272242  0.392408 -0.392409 -0.831884  0.000000 0.000000 0
c_invasion_wrangler_laser
0  7.097601 -7.248298 4.955242  -0.399299 -0.874631 0.274920  0.000000 0.000000 0
0  6.522313 -7.932292 1.943607  -0.399299 -0.874632 0.274917  0.000000 0.000000 0
0  7.060894 -8.090397 2.272242  -0.399299 -0.874631 0.274921  0.000000 0.000000 0
crystal_ball_glass
0  2.431724 -2.779750 12.435314  -0.599719 0.599726 -0.529779  0.000000 0.000000 0
0  2.495378 -2.191055 13.029678  -0.599719 0.599726 -0.529779  0.000000 0.000000 0
0  2.779753 -2.431723 12.435316  -0.599719 0.599726 -0.529779  0.000000 0.000000 0
painted_wood_01
0  7.932292 -6.522313 1.943608  0.102628 -0.102628 -0.989411  0.298096 0.539551 0
0  5.826494 -7.586419 1.835556  0.102628 -0.102628 -0.989411  0.298096 0.539551 0
0  7.586419 -5.826493 1.835556  0.102628 -0.102628 -0.989411  0.298096 0.539551 0
painted_wood_01
0  6.983752 -6.565248 5.073126  0.904859 0.346387 0.247480  0.298096 0.539551 0
0  7.586419 -5.826493 1.835556  0.904859 0.346387 0.247480  0.298096 0.539551 0
0  6.672784 -6.150411 6.028134  0.904858 0.346386 0.247483  0.298096 0.539551 0
painted_wood_01
0  6.522313 -7.932292 1.943607  -0.346453 -0.904837 0.247467  0.298096 0.539551 0
0  6.150412 -6.672781 6.028132  -0.346452 -0.904839 0.247463  0.298096 0.539551 0
0  5.826494 -7.586419 1.835556  -0.346453 -0.904836 0.247471  0.298096 0.539551 0
gold_player
0  7.932292 -6.522313 1.943608  0.692754 -0.692752 0.200466  0.000000 0.000000 0
0  6.565249 -6.983750 5.073124  0.692754 -0.692752 0.200466  0.000000 0.000000 0
0  6.522313 -7.932292 1.943607  0.692754 -0.692752 0.200466  0.000000 0.000000 0
crystal_ball_glass
0  6.560939 -8.861320 1.964009  -0.775997 0.325785 -0.540087  0.244174 1.449560 0
0  6.764243 -8.029421 2.173711  -0.775997 0.325785 -0.540087  0.371971 1.662900 0
0  6.844562 -8.651960 1.682788  -0.775997 0.325785 -0.540087  0.282895 1.480806 0
crystal_ball_glass
0  6.565706 -8.175972 2.370566  0.348251 0.548919 0.759875  0.105073 -1.344165 0
0  7.318146 -8.583323 2.319985  0.348251 0.548919 0.759875  0.034318 -1.236377 0
0  6.764243 -8.029421 2.173711  0.348251 0.548919 0.759875  0.134954 -1.191061 0
crystal_ball_glass
0  7.119609 -8.729876 2.516840  0.426486 -0.876689 -0.222544  0.521275 -0.094507 0
0  6.844562 -8.651960 1.682788  0.426486 -0.876689 -0.222544  0.546317 -0.159564 0
0  7.318146 -8.583323 2.319985  0.426486 -0.876689 -0.222544  0.548964 -0.279177 0
crystal_ball_glass
0  6.844562 -8.651960 1.682788  -0.711064 0.376530 -0.593813  0.356847 1.782622 0
0  6.980412 -7.851882 2.027436  -0.711064 0.376530 -0.593813  0.478321 1.921369 0
0  7.153376 -8.398331 1.473821  -0.711064 0.376530 -0.593813  0.409317 1.823169 0
crystal_ball_glass
0  6.764243 -8.029421 2.173711  0.218856 0.447797 0.866937  0.300848 -1.279357 0
0  7.534314 -8.405783 2.173710  0.218856 0.447797 0.866937  0.266020 -1.190261 0
0  6.980412 -7.851882 2.027436  0.218856 0.447797 0.866937  0.343064 -1.165239 0
crystal_ball_glass
0  7.318146 -8.583323 2.319985  0.491415 -0.825947 -0.276265  0.613044 -0.009306 0
0  7.153376 -8.398331 1.473821  0.491415 -0.825947 -0.276265  0.646071 -0.100726 0
0  7.534314 -8.405783 2.173710  0.491415 -0.825947 -0.276265  0.649058 -0.156157 0
crystal_ball_glass
0  7.153376 -8.398331 1.473821  -0.641913 0.435907 -0.630819  0.512612 2.036849 0
0  7.205905 -7.650176 1.937359  -0.641913 0.435907 -0.630819  0.616367 2.104248 0
0  7.475508 -8.110180 1.345142  -0.641913 0.435907 -0.630819  0.575753 2.069264 0
crystal_ball_glass
0  6.980412 -7.851882 2.027436  0.081055 0.329471 0.940680  0.517712 -1.311829 0
0  7.759808 -8.204079 2.083633  0.081055 0.329471 0.940680  0.520900 -1.250880 0
0  7.205905 -7.650176 1.937359  0.081055 0.329471 0.940680  0.569411 -1.241390 0
crystal_ball_glass
0  7.534314 -8.405783 2.173710  0.560561 -0.766571 -0.313272  0.695667 0.150645 0
0  7.475508 -8.110180 1.345142  0.560561 -0.766571 -0.313272  0.738643 0.068635 0
0  7.759808 -8.204079 2.083633  0.560561 -0.766571 -0.313272  0.737971 0.056182 0
crystal_ball_glass
0  7.475508 -8.110180 1.345142  -0.571198 0.501640 -0.649685  0.696137 2.150997 0
0  7.432057 -7.432054 1.906943  -0.571198 0.501640 -0.649685  0.772124 2.165961 0
0  7.798582 -7.798581 1.301692  -0.571198 0.501640 -0.649685  0.765078 2.163237 0
crystal_ball_glass
0  7.205905 -7.650176 1.937359  -0.059862 0.198479 0.978275  0.733378 -1.426538 0
0  7.985960 -7.985957 2.053218  -0.059862 0.198479 0.978275  0.773649 -1.403805 0
0  7.432057 -7.432054 1.906943  -0.059862 0.198479 0.978275  0.790224 -1.402722 0
crystal_ball_glass
0  7.759808 -8.204079 2.083633  0.631282 -0.700835 -0.332135  0.764522 0.363649 0
0  7.798582 -7.798581 1.301692  0.631282 -0.700835 -0.332135  0.816853 0.327793 0
0  7.985960 -7.985957 2.053218  0.631282 -0.700835 -0.332135  0.810204 0.331063 0
crystal_ball_glass
0  7.798582 -7.798581 1.301692  -0.501642 0.571196 -0.649685  0.887635 2.091333 0
0  7.650177 -7.205903 1.937359  -0.501642 0.571196 -0.649685  0.928849 2.085492 0
0  8.110184 -7.475504 1.345141  -0.501642 0.571196 -0.649685  0.956577 2.079096 0
crystal_ball_glass
0  7.432057 -7.432054 1.906943  -0.198481 0.059862 0.978275  0.928439 -1.599060 0
0  8.204080 -7.759806 2.083633  -0.198481 0.059862 0.978275  1.001861 -1.623956 0
0  7.650177 -7.205903 1.937359  -0.198481 0.059862 0.978275  0.985286 -1.622874 0
crystal_ball_glass
0  7.985960 -7.985957 2.053218  0.700838 -0.631278 -0.332136  0.817289 0.600745 0
0  8.110184 -7.475504 1.345141  0.700838 -0.631278 -0.332136  0.875901 0.644025 0
0  8.204080 -7.759806 2.083633  0.700838 -0.631278 -0.332136  0.862971 0.633330 0
crystal_ball_glass
0  8.110184 -7.475504 1.345141  -0.435907 0.641915 -0.630817  1.066057 1.856412 0
0  7.851882 -6.980410 2.027436  -0.435907 0.641915 -0.630817  1.069642 1.868706 0
0  8.398335 -7.153372 1.473822  -0.435907 0.641915 -0.630817  1.129198 1.823994 0
crystal_ball_glass
0  7.650177 -7.205903 1.937359  -0.329473 -0.081057 0.940679  1.090438 -1.799795 0
0  8.405785 -7.534313 2.173710  -0.329473 -0.081057 0.940679  1.190649 -1.879724 0
0  7.851882 -6.980410 2.027436  -0.329473 -0.081057 0.940679  1.142137 -1.870234 0
crystal_ball_glass
0  8.204080 -7.759806 2.083633  0.766570 -0.560566 -0.313266  0.854333 0.832088 0
0  8.398335 -7.153372 1.473822  0.766570 -0.560566 -0.313266  0.914095 0.979492 0
0  8.405785 -7.534313 2.173710  0.766570 -0.560566 -0.313266  0.896637 0.926554 0
crystal_ball_glass
0  8.398335 -7.153372 1.473822  -0.376528 0.711065 -0.593812  1.212265 1.475760 0
0  8.029424 -6.764240 2.173712  -0.376528 0.711065 -0.593812  1.179990 1.545578 0
0  8.651963 -6.844560 1.682789  -0.376528 0.711065 -0.593812  1.264735 1.435214 0
crystal_ball_glass
0  7.851882 -6.980410 2.027436  -0.447795 -0.218856 0.866938  1.215359 -1.998985 0
0  8.583327 -7.318142 2.319987  -0.447795 -0.218856 0.866938  1.334617 -2.138124 0
0  8.029424 -6.764240 2.173712  -0.447795 -0.218856 0.866938  1.257574 -2.113101 0
crystal_ball_glass
0  8.405785 -7.534313 2.173710  0.825946 -0.491417 -0.276267  0.878434 1.033441 0
0  8.651963 -6.844560 1.682789  0.825946 -0.491417 -0.276267  0.932869 1.298658 0
0  8.583327 -7.318142 2.319987  0.825946 -0.491417 -0.276267  0.914448 1.180292 0
crystal_ball_glass
0  8.651963 -6.844560 1.682789  -0.325786 0.775993 -0.540091  1.312156 1.003175 0
0  8.175977 -6.565703 2.370567  -0.325786 0.775993 -0.540091  1.250187 1.163396 0
0  8.861323 -6.560935 1.964011  -0.325786 0.775993 -0.540091  1.350878 0.971929 0
crystal_ball_glass
0  8.029424 -6.764240 2.173712  -0.548916 -0.348249 0.759878  1.306402 -2.171523 0
0  8.729879 -7.119605 2.516841  -0.548916 -0.348249 0.759878  1.436920 -2.369949 0
0  8.175977 -6.565703 2.370567  -0.548916 -0.348249 0.759878  1.336283 -2.324630 0
crystal_ball_glass
0  8.583327 -7.318142 2.319987  0.876692 -0.426482 -0.222540  0.893855 1.191114 0
0  8.861323 -6.560935 1.964011  0.876692 -0.426482 -0.222540  0.936057 1.574544 0
0  8.729879 -7.119605 2.516841  0.876692 -0.426482 -0.222540  0.921544 1.375786 0
crystal_ball_glass
0  8.861323 -6.560935 1.964011  -0.285629 0.834209 -0.471711  1.358165 0.506922 0
0  8.285907 -6.392428 2.610436  -0.285629 0.834209 -0.471711  1.276064 0.778185 0
0  9.018368 -6.313398 2.306681  -0.285629 0.834209 -0.471711  1.382313 0.504381 0
crystal_ball_glass
0  8.175977 -6.565703 2.370567  -0.628945 -0.464261 0.623610  1.370528 -2.300412 0
0  8.839809 -6.946330 2.756710  -0.628945 -0.464261 0.623610  1.505737 -2.553634 0
0  8.285907 -6.392428 2.610436  -0.628945 -0.464261 0.623610  1.387129 -2.486348 0
crystal_ball_glass
0  8.729879 -7.119605 2.516841  0.916850 -0.368267 -0.154161  0.905073 1.303683 0
0  9.018368 -6.313398 2.306681  0.916850 -0.368267 -0.154161  0.928721 1.791909 0
0  8.839809 -6.946330 2.756710  0.916850 -0.368267 -0.154161  0.923576 1.508273 0
crystal_ball_glass
0  9.018368 -6.313398 2.306681  -0.257599 0.883472 -0.391305  1.349752 0.058773 0
0  8.354993 -6.251073 2.884100  -0.257599 0.883472 -0.391305  1.259017 0.445958 0
0  9.117064 -6.111463 2.697628  -0.257599 0.883472 -0.391305  1.360836 0.102524 0
crystal_ball_glass
0  8.285907 -6.392428 2.610436  -0.684799 -0.562428 0.463384  1.414628 -2.378899 0
0  8.908895 -6.804976 3.030375  -0.684799 -0.562428 0.463384  1.550110 -2.677958 0
0  8.354993 -6.251073 2.884100  -0.684799 -0.562428 0.463384  1.419028 -2.590377 0
crystal_ball_glass
0  8.839809 -6.946330 2.756710  0.944877 -0.319010 -0.073756  0.915590 1.380497 0
0  9.117064 -6.111463 2.697628  0.944877 -0.319010 -0.073756  0.915980 1.947435 0
0  8.908895 -6.804976 3.030375  0.944877 -0.319010 -0.073756  0.925372 1.585938 0
crystal_ball_glass
0  9.117064 -6.111463 2.697628  -0.242778 0.921887 -0.301967  1.292931 -0.276154 0
0  8.380579 -6.147070 3.181043  -0.242778 0.921887 -0.301967  1.205323 0.215317 0
0  9.153616 -5.962887 3.121831  -0.242778 0.921887 -0.301967  1.294490 -0.173798 0
crystal_ball_glass
0  8.354993 -6.251073 2.884100  -0.714338 -0.638981 0.285350  1.442368 -2.410630 0
0  8.934482 -6.700974 3.327317  -0.714338 -0.638981 0.285350  1.576190 -2.742664 0
0  8.380579 -6.147070 3.181043  -0.714338 -0.638981 0.285350  1.437472 -2.639549 0
crystal_ball_glass
0  8.908895 -6.804976 3.030375  0.959700 -0.280594 0.015580  0.927109 1.437258 0
0  9.153616 -5.962887 3.121831  0.959700 -0.280594 0.015580  0.902032 2.046903 0
0  8.934482 -6.700974 3.327317  0.959700 -0.280594 0.015580  0.929923 1.625646 0
crystal_ball_glass
0  9.153616 -5.962887 3.121831  -0.241730 0.947980 -0.207125  1.198872 -0.447167 0
0  8.361682 -6.084416 3.489854  -0.241730 0.947980 -0.207125  1.124855 0.122325 0
0  9.126619 -5.873382 3.562991  -0.241730 0.947980 -0.207125  1.195862 -0.281709 0
crystal_ball_glass
0  8.380579 -6.147070 3.181043  -0.716421 -0.690983 0.096353  1.452980 -2.408375 0
0  8.915586 -6.638319 3.636128  -0.716421 -0.690983 0.096353  1.585347 -2.757656 0
0  8.361682 -6.084416 3.489854  -0.716421 -0.690983 0.096353  1.443068 -2.646136 0
crystal_ball_glass
0  8.934482 -6.700974 3.327317  0.960749 -0.254496 0.110424  0.939360 1.490420 0
0  9.126619 -5.873382 3.562991  0.960749 -0.254496 0.110424  0.889722 2.101061 0
0  8.915586 -6.638319 3.636128  0.960749 -0.254496 0.110424  0.938021 1.647221 0
crystal_ball_glass
0  9.126619 -5.873382 3.562991  -0.254497 0.960748 -0.110425  1.082358 -0.423305 0
0  8.299028 -6.065519 3.798664  -0.254497 0.960748 -0.110425  1.029836 0.187334 0
0  9.037113 -5.846387 4.004148  -0.254497 0.960748 -0.110425  1.080333 -0.199306 0
crystal_ball_glass
0  8.361682 -6.084416 3.489854  -0.690980 -0.716423 -0.096352  1.442315 -2.391520 0
0  8.852931 -6.619422 3.944937  -0.690980 -0.716423 -0.096352  1.574683 -2.740801 0
0  8.299028 -6.065519 3.798664  -0.690980 -0.716423 -0.096352  1.432404 -2.629280 0
crystal_ball_glass
0  8.915586 -6.638319 3.636128  0.947980 -0.241727 0.207128  0.950562 1.551961 0
0  9.037113 -5.846387 4.004148  0.947980 -0.241727 0.207128  0.880609 2.121451 0
0  8.852931 -6.619422 3.944937  0.947980 -0.241727 0.207128  0.948571 1.667780 0
crystal_ball_glass
0  9.037113 -5.846387 4.004148  -0.280591 0.959701 -0.015584  0.960356 -0.196145 0
0  8.195026 -6.091105 4.095607  -0.280591 0.959701 -0.015584  0.933822 0.413499 0
0  8.888539 -5.882938 4.428351  -0.280591 0.959701 -0.015584  0.964608 0.072980 0
crystal_ball_glass
0  8.299028 -6.065519 3.798664  -0.638981 -0.714338 -0.285349  1.405446 -2.382635 0
0  8.748929 -6.645008 4.241881  -0.638981 -0.714338 -0.285349  1.539266 -2.714670 0
0  8.195026 -6.091105 4.095607  -0.638981 -0.714338 -0.285349  1.400549 -2.611556 0
crystal_ball_glass
0  8.852931 -6.619422 3.944937  0.921888 -0.242777 0.301964  0.958228 1.625963 0
0  8.888539 -5.882938 4.428351  0.921888 -0.242777 0.301964  0.875430 2.117433 0
0  8.748929 -6.645008 4.241881  0.921888 -0.242777 0.301964  0.959260 1.697613 0
crystal_ball_glass
0  8.888539 -5.882938 4.428351  -0.319007 0.944878 0.073762  0.849277 0.219487 0
0  8.053671 -6.160192 4.369270  -0.319007 0.944878 0.073762  0.849690 0.786428 0
0  8.686602 -5.981634 4.819300  -0.319007 0.944878 0.073762  0.864063 0.512978 0
crystal_ball_glass
0  8.195026 -6.091105 4.095607  -0.562426 -0.684798 -0.463388  1.340095 -2.403578 0
0  8.607574 -6.714095 4.515544  -0.562426 -0.684798 -0.463388  1.475576 -2.702638 0
0  8.053671 -6.160192 4.369270  -0.562426 -0.684798 -0.463388  1.344494 -2.615054 0
crystal_ball_glass
0  8.748929 -6.645008 4.241881  0.883469 -0.257605 0.391309  0.960310 1.707958 0
0  8.686602 -5.981634 4.819300  0.883469 -0.257605 0.391309  0.874557 2.095141 0
0  8.607574 -6.714095 4.515544  0.883469 -0.257605 0.391309  0.967642 1.738585 0
crystal_ball_glass
0  8.686602 -5.981634 4.819300  -0.368267 0.916850 0.154160  0.763980 0.786565 0
0  7.880396 -6.270123 4.609138  -0.368267 0.916850 0.154160  0.789003 1.274790 0
0  8.439066 -6.138678 5.161970  -0.368267 0.916850 0.154160  0.791949 1.078837 0
crystal_ball_glass
0  8.053671 -6.160192 4.369270  -0.464262 -0.628943 -0.623612  1.249428 -2.471403 0
0  8.434299 -6.824026 4.755413  -0.464262 -0.628943 -0.623612  1.384638 -2.724626 0
0  7.880396 -6.270123 4.609138  -0.464262 -0.628943 -0.623612  1.266029 -2.657340 0
crystal_ball_glass
0  8.607574 -6.714095 4.515544  0.834210 -0.285626 0.471711  0.956054 1.786929 0
0  8.439066 -6.138678 5.161970  0.834210 -0.285626 0.471711  0.878459 2.058190 0
0  8.434299 -6.824026 4.755413  0.834210 -0.285626 0.471711  0.972029 1.785150 0
crystal_ball_glass
0  8.439066 -6.138678 5.161970  -0.426485 0.876689 0.222545  -0.283952 1.448726 0
0  7.681857 -6.416676 4.805995  -0.426485 0.876689 0.222545  -0.239299 1.832155 0
0  8.155440 -6.348039 5.443190  -0.426485 0.876689 0.222545  -0.242099 1.712542 0
crystal_ball_glass
0  7.880396 -6.270123 4.609138  -0.348247 -0.548916 -0.759878  0.142986 -2.594795 0
0  8.235760 -6.970578 4.952269  -0.348247 -0.548916 -0.759878  0.273503 -2.793217 0
0  7.681857 -6.416676 4.805995  -0.348247 -0.548916 -0.759878  0.172867 -2.747900 0
crystal_ball_glass
0  8.434299 -6.824026 4.755413  0.775992 -0.325786 0.540092  -0.053633 1.848985 0
0  8.155440 -6.348039 5.443190  0.775992 -0.325786 0.540092  -0.112200 2.009205 0
0  8.235760 -6.970578 4.952269  0.775992 -0.325786 0.540092  -0.028016 1.827113 0
crystal_ball_glass
0  8.155440 -6.348039 5.443190  -0.491412 0.825950 0.276263  -0.287663 2.135311 0
0  7.465690 -6.594214 4.952270  -0.491412 0.825950 0.276263  -0.230065 2.400530 0
0  7.846627 -6.601667 5.652158  -0.491412 0.825950 0.276263  -0.233226 2.345098 0
crystal_ball_glass
0  7.681857 -6.416676 4.805995  -0.218857 -0.447797 -0.866937  0.035391 -2.771686 0
0  8.019592 -7.148118 5.098544  -0.218857 -0.447797 -0.866937  0.154652 -2.910825 0
0  7.465690 -6.594214 4.952270  -0.218857 -0.447797 -0.866937  0.077607 -2.885803 0
crystal_ball_glass
0  8.235760 -6.970578 4.952269  0.711063 -0.376525 0.593816  -0.066303 1.881599 0
0  7.846627 -6.601667 5.652158  0.711063 -0.376525 0.593816  -0.096807 1.951415 0
0  8.019592 -7.148118 5.098544  0.711063 -0.376525 0.593816  -0.031591 1.853216 0
crystal_ball_glass
0  7.846627 -6.601667 5.652158  -0.560566 0.766568 0.313271  -0.246107 2.768845 0
0  7.240194 -6.795923 5.042347  -0.560566 0.766568 0.313271  -0.182873 2.916246 0
0  7.524494 -6.889820 5.780838  -0.560566 0.766568 0.313271  -0.182162 2.903793 0
crystal_ball_glass
0  7.465690 -6.594214 4.952270  -0.081055 -0.329470 -0.940681  -0.057299 -2.988573 0
0  7.794097 -7.349825 5.188622  -0.081055 -0.329470 -0.940681  0.042910 -3.068503 0
0  7.240194 -6.795923 5.042347  -0.081055 -0.329470 -0.940681  -0.005600 -3.059016 0
crystal_ball_glass
0  8.019592 -7.148118 5.098544  0.641913 -0.435909 0.630818  -0.078602 1.876830 0
0  7.524494 -6.889820 5.780838  0.641913 -0.435909 0.630818  -0.075214 1.889123 0
0  7.794097 -7.349825 5.188622  0.641913 -0.435909 0.630818  -0.036830 1.854137 0
crystal_ball_glass
0  7.524494 -6.889820 5.780838  -0.631278 0.700839 0.332134  -0.164512 3.274436 0
0  7.014044 -7.014041 5.072762  -0.631278 0.700839 0.332134  -0.102497 3.317717 0
0  7.201420 -7.201419 5.824290  -0.631278 0.700839 0.332134  -0.095461 3.320987 0
crystal_ball_glass
0  7.240194 -6.795923 5.042347  0.059866 -0.198479 -0.978275  -0.122146 -3.222058 0
0  7.567946 -7.567944 5.219036  0.059866 -0.198479 -0.978275  -0.048725 -3.246956 0
0  7.014044 -7.014041 5.072762  0.059866 -0.198479 -0.978275  -0.065300 -3.245873 0
crystal_ball_glass
0  7.794097 -7.349825 5.188622  0.571198 -0.501643 0.649682  -0.087057 1.832649 0
0  7.201420 -7.201419 5.824290  0.571198 -0.501643 0.649682  -0.048108 1.826808 0
0  7.567946 -7.567944 5.219036  0.571198 -0.501643 0.649682  -0.041449 1.824083 0
crystal_ball_glass
0  7.201420 -7.201419 5.824290  -0.700837 0.631280 0.332133  -0.053963 3.590666 0
0  6.795923 -7.240194 5.042347  -0.700837 0.631280 0.332133  0.001408 3.554811 0
0  6.889818 -7.524495 5.780841  -0.700837 0.631280 0.332133  0.015088 3.544116 0
crystal_ball_glass
0  7.014044 -7.014041 5.072762  0.198477 -0.059864 -0.978276  -0.153362 -3.442206 0
0  7.349826 -7.794096 5.188622  0.198477 -0.059864 -0.978276  -0.113091 -3.419476 0
0  6.795923 -7.240194 5.042347  0.198477 -0.059864 -0.978276  -0.096516 -3.418394 0
crystal_ball_glass
0  7.567946 -7.567944 5.219036  0.501640 -0.571199 0.649683  -0.089150 1.752178 0
0  6.889818 -7.524495 5.780841  0.501640 -0.571199 0.649683  -0.017336 1.767142 0
0  7.349826 -7.794096 5.188622  0.501640 -0.571199 0.649683  -0.043542 1.760745 0
crystal_ball_glass
0  6.889818 -7.524495 5.780841  -0.766569 0.560567 0.313269  0.069977 3.679689 0
0  6.594214 -7.465689 4.952272  -0.766569 0.560567 0.313269  0.115449 3.597678 0
0  6.601665 -7.846629 5.652160  -0.766569 0.560567 0.313269  0.133921 3.544741 0
crystal_ball_glass
0  6.795923 -7.240194 5.042347  0.329463 0.081049 -0.940683  -0.154237 -3.617400 0
0  7.148117 -8.019592 5.098547  0.329463 0.081049 -0.940683  -0.151047 -3.556451 0
0  6.594214 -7.465689 4.952272  0.329463 0.081049 -0.940683  -0.102538 -3.546966 0
crystal_ball_glass
0  7.349826 -7.794096 5.188622  0.435910 -0.641910 0.630821  -0.083463 1.641294 0
0  6.601665 -7.846629 5.652160  0.435910 -0.641910 0.630821  0.014596 1.708695 0
0  7.148117 -8.019592 5.098547  0.435910 -0.641910 0.630821  -0.041691 1.663985 0
crystal_ball_glass
0  6.601665 -7.846629 5.652160  -0.825951 0.491410 0.276263  0.189613 3.534698 0
0  6.416676 -7.681857 4.805995  -0.825951 0.491410 0.276263  0.224558 3.443278 0
0  6.348040 -8.155439 5.443192  -0.825951 0.491410 0.276263  0.244050 3.324912 0
crystal_ball_glass
0  6.594214 -7.465689 4.952272  0.447801 0.218860 -0.866934  -0.136035 -3.719556 0
0  6.970578 -8.235760 4.952270  0.447801 0.218860 -0.866934  -0.170865 -3.630458 0
0  6.416676 -7.681857 4.805995  0.447801 0.218860 -0.866934  -0.093819 -3.605437 0
crystal_ball_glass
0  7.148117 -8.019592 5.098547  0.376526 -0.711065 0.593813  -0.069589 1.505800 0
0  6.348040 -8.155439 5.443192  0.376526 -0.711065 0.593813  0.045215 1.644549 0
0  6.970578 -8.235760 4.952270  0.376526 -0.711065 0.593813  -0.034877 1.534183 0
crystal_ball_glass
0  6.348040 -8.155439 5.443192  -0.876690 0.426486 0.222542  0.288081 3.182830 0
0  6.270123 -7.880394 4.609140  -0.876690 0.426486 0.222542  0.314578 3.117772 0
0  6.138679 -8.439064 5.161971  -0.876690 0.426486 0.222542  0.329934 2.919015 0
crystal_ball_glass
0  6.416676 -7.681857 4.805995  0.548918 0.348250 -0.759876  -0.114219 -3.728352 0
0  6.824026 -8.434296 4.755414  0.548918 0.348250 -0.759876  -0.184974 -3.620565 0
0  6.270123 -7.880394 4.609140  0.548918 0.348250 -0.759876  -0.084338 -3.575247 0
crystal_ball_glass
0  6.970578 -8.235760 4.952270  0.325785 -0.775999 0.540083  -0.048094 1.349485 0
0  6.138679 -8.439064 5.161971  0.325785 -0.775999 0.540083  0.072686 1.562824 0
0  6.824026 -8.434296 4.755414  0.325785 -0.775999 0.540083  -0.022477 1.371357 0
crystal_ball_glass
0  6.138679 -8.439064 5.161971  -0.916848 0.368271 0.154163  0.352406 2.682135 0
0  6.160192 -8.053669 4.369272  -0.916848 0.368271 0.154163  0.374931 2.673500 0
0  5.981632 -8.686602 4.819303  -0.916848 0.368271 0.154163  0.380376 2.389863 0
crystal_ball_glass
0  6.270123 -7.880394 4.609140  0.628942 0.464260 -0.623614  -0.103277 -3.634509 0
0  6.714095 -8.607573 4.515546  0.628942 0.464260 -0.623614  -0.205283 -3.515859 0
0  6.160192 -8.053669 4.369272  0.628942 0.464260 -0.623614  -0.086675 -3.448576 0
crystal_ball_glass
0  6.824026 -8.434296 4.755414  0.285630 -0.834208 0.471713  -0.019581 1.173681 0
0  5.981632 -8.686602 4.819303  0.285630 -0.834208 0.471713  0.096811 1.449260 0
0  6.714095 -8.607573 4.515546  0.285630 -0.834208 0.471713  -0.003605 1.175460 0
crystal_ball_glass
0  5.981632 -8.686602 4.819303  -0.944879 0.319006 0.073755  0.376055 2.112904 0
0  6.091105 -8.195026 4.095608  -0.944879 0.319006 0.073755  0.400779 2.180910 0
0  5.882938 -8.888538 4.428353  -0.944879 0.319006 0.073755  0.390841 1.819414 0
crystal_ball_glass
0  6.160192 -8.053669 4.369272  0.684799 0.562423 -0.463391  -0.111677 -3.440907 0
0  6.645007 -8.748930 4.241882  0.684799 0.562423 -0.463391  -0.238358 -3.317011 0
0  6.091105 -8.195026 4.095608  0.684799 0.562423 -0.463391  -0.107277 -3.229431 0
crystal_ball_glass
0  6.714095 -8.607573 4.515546  0.257599 -0.883468 0.391315  0.015903 0.978842 0
0  5.882938 -8.888538 4.428353  0.257599 -0.883468 0.391315  0.119464 1.291648 0
0  6.645007 -8.748930 4.241882  0.257599 -0.883468 0.391315  0.023235 0.948217 0
crystal_ball_glass
0  5.882938 -8.888538 4.428353  -0.959701 0.280590 -0.015582  0.360424 1.564379 0
0  6.065518 -8.299028 3.798666  -0.959701 0.280590 -0.015582  0.394187 1.716508 0
0  5.846387 -9.037113 4.004149  -0.959701 0.280590 -0.015582  0.364677 1.295254 0
crystal_ball_glass
0  6.091105 -8.195026 4.095608  0.714339 0.638979 -0.285353  -0.138774 -3.162054 0
0  6.619421 -8.852932 3.944940  0.714339 0.638979 -0.285353  -0.282387 -3.036245 0
0  6.065518 -8.299028 3.798666  0.714339 0.638979 -0.285353  -0.143671 -2.933134 0
crystal_ball_glass
0  6.645007 -8.748930 4.241882  0.242775 -0.921889 0.301963  0.059123 0.767265 0
0  5.846387 -9.037113 4.004149  0.242775 -0.921889 0.301963  0.144426 1.084729 0
0  6.619421 -8.852932 3.944940  0.242775 -0.921889 0.301963  0.060154 0.695616 0
crystal_ball_glass
0  5.846387 -9.037113 4.004149  -0.960748 0.254498 -0.110423  0.314845 1.119445 0
0  6.084416 -8.361681 3.489855  -0.960748 0.254498 -0.110423  0.363925 1.349286 0
0  5.873382 -9.126619 3.562993  -0.960748 0.254498 -0.110423  0.312821 0.895447 0
crystal_ball_glass
0  6.065518 -8.299028 3.798666  0.716425 0.690980 -0.096346  -0.174355 -2.822335 0
0  6.638319 -8.915585 3.636129  0.716425 0.690980 -0.096346  -0.326547 -2.696092 0
0  6.084416 -8.361681 3.489855  0.716425 0.690980 -0.096346  -0.184267 -2.584573 0
crystal_ball_glass
0  6.619421 -8.852932 3.944940  0.241730 -0.947980 0.207125  0.111571 0.545990 0
0  5.873382 -9.126619 3.562993  0.241730 -0.947980 0.207125  0.176690 0.834202 0
0  6.638319 -8.915585 3.636129  0.241730 -0.947980 0.207125  0.109580 0.430169 0
crystal_ball_glass
0  5.873382 -9.126619 3.562993  -0.947980 0.241729 -0.207125  0.255021 0.840088 0
0  6.147070 -8.380579 3.181044  -0.947980 0.241729 -0.207125  0.323921 1.128300 0
0  5.962889 -9.153612 3.121831  -0.947980 0.241729 -0.207125  0.252011 0.674631 0
crystal_ball_glass
0  6.084416 -8.361681 3.489855  0.690980 0.716424 0.096350  -0.201114 -2.453078 0
0  6.700973 -8.934481 3.327318  0.690980 0.716424 0.096350  -0.353304 -2.326836 0
0  6.147070 -8.380579 3.181044  0.690980 0.716424 0.096350  -0.211026 -2.215316 0
crystal_ball_glass
0  6.638319 -8.915585 3.636129  0.254497 -0.960749 0.110419  0.174774 0.328474 0
0  5.962889 -9.153612 3.121831  0.254497 -0.960749 0.110419  0.221159 0.558314 0
0  6.700973 -8.934481 3.327318  0.254497 -0.960749 0.110419  0.173435 0.171674 0
crystal_ball_glass
0  5.962889 -9.153612 3.121831  -0.921886 0.242777 -0.301969  0.200583 0.756545 0
0  6.251073 -8.354992 2.884101  -0.921886 0.242777 -0.301969  0.290841 1.074010 0
0  6.111465 -9.117060 2.697628  -0.921886 0.242777 -0.301969  0.202142 0.654189 0
crystal_ball_glass
0  6.147070 -8.380579 3.181044  0.638980 0.714337 0.285354  -0.199238 -2.089035 0
0  6.804976 -8.908894 3.030375  0.638980 0.714337 0.285354  -0.342849 -1.963228 0
0  6.251073 -8.354992 2.884101  0.638980 0.714337 0.285354  -0.204134 -1.860116 0
crystal_ball_glass
0  6.700973 -8.934481 3.327318  0.280591 -0.959701 0.015581  0.249166 0.134248 0
0  6.111465 -9.117060 2.697628  0.280591 -0.959701 0.015581  0.281075 0.286375 0
0  6.804976 -8.908894 3.030375  0.280591 -0.959701 0.015581  0.251979 -0.054142 0
crystal_ball_glass
0  6.111465 -9.117060 2.697628  -0.883471 0.257599 -0.391308  0.171098 0.862276 0
0  6.392429 -8.285904 2.610436  -0.883471 0.257599 -0.391308  0.280675 1.175081 0
0  6.313401 -9.018366 2.306679  -0.883471 0.257599 -0.391308  0.182181 0.818523 0
crystal_ball_glass
0  6.251073 -8.354992 2.884101  0.562426 0.684795 0.463392  -0.151841 -1.764527 0
0  6.946332 -8.839808 2.756710  0.562426 0.684795 0.463392  -0.278523 -1.640630 0
0  6.392429 -8.285904 2.610436  0.562426 0.684795 0.463392  -0.147441 -1.553051 0
crystal_ball_glass
0  6.804976 -8.908894 3.030375  0.319005 -0.944879 -0.073758  0.333965 -0.013981 0
0  6.313401 -9.018366 2.306679  0.319005 -0.944879 -0.073758  0.357331 0.054022 0
0  6.946332 -8.839808 2.756710  0.319005 -0.944879 -0.073758  0.343747 -0.219426 0
crystal_ball_glass
0  6.313401 -9.018366 2.306679  -0.834209 0.285628 -0.471713  0.182527 1.115865 0
0  6.565706 -8.175972 2.370566  -0.834209 0.285628 -0.471713  0.305679 1.391447 0
0  6.560939 -8.861320 1.964009  -0.834209 0.285628 -0.471713  0.206675 1.118409 0
crystal_ball_glass
0  6.392429 -8.285904 2.610436  0.464259 0.628940 0.623616  -0.049886 -1.509164 0
0  7.119609 -8.729876 2.516840  0.464259 0.628940 0.623616  -0.151893 -1.390510 0
0  6.565706 -8.175972 2.370566  0.464259 0.628940 0.623616  -0.033284 -1.323226 0
crystal_ball_glass
0  6.946332 -8.839808 2.756710  0.368269 -0.916849 -0.154164  0.426270 -0.095015 0
0  6.560939 -8.861320 1.964009  0.368269 -0.916849 -0.154164  0.447558 -0.103653 0
0  7.119609 -8.729876 2.516840  0.368269 -0.916849 -0.154164  0.444773 -0.299608 0
gold_player
0  4.557669 -4.209639 4.430507  -0.533213 0.533218 -0.656782  0.000000 0.000000 0
0  4.922362 -5.270387 3.273242  -0.533213 0.533218 -0.656782  0.000000 0.000000 0
0  4.209641 -4.557665 4.430506  -0.533213 0.533218 -0.656782  0.000000 0.000000 0
painted_wood_01
0  4.513397 -3.729790 14.505948  0.699689 -0.699692 0.144452  0.298096 0.539551 0
0  3.200302 -3.983907 19.635355  0.699689 -0.699692 0.144452  0.298096 0.539551 0
0  3.729789 -4.513393 14.505947  0.699689 -0.699692 0.144452  0.298096 0.539551 0
painted_wood_01
0  3.631074 -2.847467 19.219650  0.707107 0.707106 -0.000001  0.298096 0.539551 0
0  3.834977 -3.051367 22.945499  0.707107 0.707106 -0.000001  0.298096 0.539551 0
0  3.983909 -3.200302 19.635353  0.707107 0.707106 -0.000001  0.298096 0.539551 0
painted_wood_01
0  6.672784 -6.150411 6.028134  0.666231 -0.662121 -0.343122  0.298096 0.539551 0
0  6.197910 -6.721047 6.207235  0.666231 -0.662121 -0.343122  0.298096 0.539551 0
0  6.150412 -6.672781 6.028132  0.666231 -0.662121 -0.343122  0.298096 0.539551 0
gold_player
0  4.036065 -3.252458 1.902435  -0.391400 0.391400 0.832833  0.000000 0.000000 0
0  2.877920 -3.661523 1.550397  -0.391400 0.391400 0.832833  0.000000 0.000000 0
0  3.252458 -4.036062 1.902434  -0.391400 0.391400 0.832833  0.000000 0.000000 0
crystal_ball_glass
0  2.779753 -2.431723 12.435316  -0.674607 0.674614 -0.299670  0.000000 0.000000 0
0  4.209641 -4.557665 4.430506  -0.674607 0.674614 -0.299670  0.000000 0.000000 0
0  2.431724 -2.779750 12.435314  -0.674607 0.674614 -0.299670  0.000000 0.000000 0
painted_wood_01
0  5.670677 -4.887069 3.089588  -0.323025 0.323024 0.889556  0.298096 0.539551 0
0  3.252458 -4.036062 1.902434  -0.323025 0.323024 0.889556  0.298096 0.539551 0
0  4.887070 -5.670673 3.089586  -0.323025 0.323024 0.889556  0.298096 0.539551 0
gold_player
0  3.661527 -2.877920 1.550398  -0.215695 0.215698 -0.952339  0.000000 0.000000 0
0  3.672135 -4.455738 1.190632  -0.215695 0.215698 -0.952339  0.000000 0.000000 0
0  2.877920 -3.661523 1.550397  -0.215695 0.215698 -0.952339  0.000000 0.000000 0
gold_player
0  4.036065 -3.252458 1.902435  0.520462 0.833677 -0.184669  0.000000 0.000000 0
0  4.455741 -3.672134 1.190633  0.520467 0.833672 -0.184678  0.000000 0.000000 0
0  3.661527 -2.877920 1.550398  0.520459 0.833679 -0.184665  0.000000 0.000000 0
gold_player
0  4.455741 -3.672134 1.190633  0.372429 -0.372430 -0.850054  0.000000 0.000000 0
0  4.285355 -6.146595 2.200104  0.372429 -0.372430 -0.850054  0.000000 0.000000 0
0  3.672135 -4.455738 1.190632  0.372429 -0.372430 -0.850054  0.000000 0.000000 0
gold_player
0  3.252458 -4.036062 1.902434  -0.833690 -0.520433 -0.184693  0.000000 0.000000 0
0  3.672135 -4.455738 1.190632  -0.833688 -0.520435 -0.184696  0.000000 0.000000 0
0  4.285355 -6.146595 2.200104  -0.833692 -0.520430 -0.184689  0.000000 0.000000 0
painted_wood_01
0  5.670677 -4.887069 3.089588  0.266091 0.726346 0.633733  0.298096 0.539551 0
0  6.146601 -4.285356 2.200109  0.266091 0.726346 0.633733  0.298096 0.539551 0
0  4.036065 -3.252458 1.902435  0.266091 0.726346 0.633733  0.298096 0.539551 0
painted_wood_01
0  3.252458 -4.036062 1.902434  -0.726346 -0.266092 0.633732  0.298096 0.539551 0
0  4.285355 -6.146595 2.200104  -0.726346 -0.266092 0.633732  0.298096 0.539551 0
0  4.887070 -5.670673 3.089586  -0.726346 -0.266092 0.633732  0.298096 0.539551 0
painted_wood_01
0  4.887070 -5.670673 3.089586  0.054073 0.864756 -0.499272  0.298096 0.539551 0
0  4.285355 -6.146595 2.200104  0.054073 0.864756 -0.499272  0.298096 0.539551 0
0  4.037978 -4.821580 4.468280  0.054073 0.864756 -0.499272  0.298096 0.539551 0
painted_wood_01
0  4.821584 -4.037977 4.468282  -0.864755 -0.054071 -0.499274  0.298096 0.539551 0
0  6.146601 -4.285356 2.200109  -0.864755 -0.054071 -0.499274  0.298096 0.539551 0
0  5.670677 -4.887069 3.089588  -0.864755 -0.054071 -0.499274  0.298096 0.539551 0
black
0  7.370600 -5.389429 2.378337  0.679604 0.691932 0.243657  0.000000 0.000000 0
0  5.427089 -4.182586 4.372017  0.679612 0.691927 0.243649  0.000000 0.000000 0
0  6.734782 -5.593443 5.455659  0.679611 0.691927 0.243650  0.000000 0.000000 0
black
0  5.389429 -7.370600 2.378336  -0.691884 -0.679626 0.243733  0.000000 0.000000 0
0  4.182586 -5.427085 4.372015  -0.691872 -0.679644 0.243713  0.000000 0.000000 0
0  4.345800 -6.477699 2.630156  -0.691881 -0.679631 0.243728  0.000000 0.000000 0
painted_wood_01
0  6.672784 -6.150411 6.028134  0.000000 0.000000 1.000000  0.298096 0.539551 0
0  7.586419 -5.826493 1.835556  0.000000 0.000000 1.000000  0.298096 0.539551 0
0  7.586419 -5.826493 1.835556  0.000000 0.000000 1.000000  0.298096 0.539551 0
painted_wood_01
0  5.826494 -7.586419 1.835556  0.000000 0.000000 1.000000  0.298096 0.539551 0
0  6.150412 -6.672781 6.028132  0.000000 0.000000 1.000000  0.298096 0.539551 0
0  6.150412 -6.672781 6.028132  0.000000 0.000000 1.000000  0.298096 0.539551 0
painted_wood_01
0  4.037978 -4.821580 4.468280  0.000000 0.000000 1.000000  0.298096 0.539551 0
0  4.285355 -6.146595 2.200104  0.000000 0.000000 1.000000  0.298096 0.539551 0
0  4.285355 -6.146595 2.200104  0.000000 0.000000 1.000000  0.298096 0.539551 0
painted_wood_01
0  6.146601 -4.285356 2.200109  0.000000 0.000000 1.000000  0.298096 0.539551 0
0  4.821584 -4.037977 4.468282  0.000000 0.000000 1.000000  0.298096 0.539551 0
0  4.821584 -4.037977 4.468282  0.000000 0.000000 1.000000  0.298096 0.539551 0
painted_wood_01
0  7.586419 -5.826493 1.835556  0.000000 0.000000 1.000000  0.298096 0.539551 0
0  6.146601 -4.285356 2.200109  0.000000 0.000000 1.000000  0.298096 0.539551 0
0  6.146601 -4.285356 2.200109  0.000000 0.000000 1.000000  0.298096 0.539551 0
painted_wood_01
0  4.821584 -4.037977 4.468282  0.000000 0.000000 1.000000  0.298096 0.539551 0
0  6.672784 -6.150411 6.028134  0.000000 0.000000 1.000000  0.298096 0.539551 0
0  6.672784 -6.150411 6.028134  0.000000 0.000000 1.000000  0.298096 0.539551 0
painted_wood_01
0  6.150412 -6.672781 6.028132  0.000000 0.000000 1.000000  0.298096 0.539551 0
0  4.037978 -4.821580 4.468280  0.000000 0.000000 1.000000  0.298096 0.539551 0
0  4.037978 -4.821580 4.468280  0.000000 0.000000 1.000000  0.298096 0.539551 0
painted_wood_01
0  4.285355 -6.146595 2.200104  0.000000 0.000000 1.000000  0.298096 0.539551 0
0  5.826494 -7.586419 1.835556  0.000000 0.000000 1.000000  0.298096 0.539551 0
0  5.826494 -7.586419 1.835556  0.000000 0.000000 1.000000  0.298096 0.539551 0
painted_wood_01
0  7.370600 -5.389429 2.378337  0.656926 0.673612 -0.338667  0.298096 0.539551 0
0  6.146601 -4.285356 2.200109  0.656926 0.673612 -0.338667  0.298096 0.539551 0
0  6.477705 -4.345802 2.630160  0.656920 0.673617 -0.338668  0.298096 0.539551 0
painted_wood_01
0  5.427089 -4.182586 4.372017  0.231169 0.707968 0.667339  0.298096 0.539551 0
0  6.672784 -6.150411 6.028134  0.231169 0.707968 0.667339  0.298096 0.539551 0
0  6.734782 -5.593443 5.455659  0.231169 0.707968 0.667340  0.298096 0.539551 0
painted_wood_01
0  5.593443 -6.734778 5.455657  -0.707968 -0.231203 0.667327  0.298096 0.539551 0
0  4.037978 -4.821580 4.468280  -0.707970 -0.231202 0.667327  0.298096 0.539551 0
0  4.182586 -5.427085 4.372015  -0.707972 -0.231199 0.667325  0.298096 0.539551 0
painted_wood_01
0  4.345800 -6.477699 2.630156  -0.673622 -0.656954 -0.338593  0.298096 0.539551 0
0  5.826494 -7.586419 1.835556  -0.673621 -0.656955 -0.338593  0.298096 0.539551 0
0  5.389429 -7.370600 2.378336  -0.673620 -0.656956 -0.338594  0.298096 0.539551 0
painted_wood_01
0  6.734782 -5.593443 5.455659  0.963752 0.155634 0.216703  0.298096 0.539551 0
0  7.586419 -5.826493 1.835556  0.963751 0.155635 0.216707  0.298096 0.539551 0
0  7.370600 -5.389429 2.378337  0.963752 0.155634 0.216702  0.298096 0.539551 0
painted_wood_01
0  5.389429 -7.370600 2.378336  -0.155579 -0.963760 0.216706  0.298096 0.539551 0
0  6.150412 -6.672781 6.028132  -0.155580 -0.963760 0.216704  0.298096 0.539551 0
0  5.593443 -6.734778 5.455657  -0.155581 -0.963761 0.216700  0.298096 0.539551 0
painted_wood_01
0  4.182586 -5.427085 4.372015  -0.978237 -0.206313 0.022063  0.298096 0.539551 0
0  4.285355 -6.146595 2.200104  -0.978237 -0.206315 0.022060  0.298096 0.539551 0
0  4.345800 -6.477699 2.630156  -0.978237 -0.206314 0.022062  0.298096 0.539551 0
painted_wood_01
0  6.477705 -4.345802 2.630160  0.206309 0.978238 0.022064  0.298096 0.539551 0
0  4.821584 -4.037977 4.468282  0.206310 0.978238 0.022063  0.298096 0.539551 0
0  5.427089 -4.182586 4.372017  0.206312 0.978238 0.022061  0.298096 0.539551 0
painted_wood_01
0  3.983909 -3.200302 19.635353  0.705679 -0.705681 0.063502  0.298096 0.539551 0
0  3.051370 -3.834970 22.945499  0.705679 -0.705681 0.063502  0.298096 0.539551 0
0  3.200302 -3.983907 19.635355  0.705679 -0.705681 0.063502  0.298096 0.539551 0
painted_wood_01
0  2.431724 -2.779750 12.435314  -0.847744 0.517369 0.116871  0.298096 0.539551 0
0  2.847467 -3.631071 19.219650  -0.847744 0.517369 0.116871  0.298096 0.539551 0
0  2.987132 -3.335159 18.922775  -0.847744 0.517369 0.116871  0.298096 0.539551 0
painted_wood_01
0  5.270390 -4.922360 3.273242  -0.409969 0.409972 -0.814769  0.298096 0.539551 0
0  4.887070 -5.670673 3.089586  -0.409969 0.409972 -0.814769  0.298096 0.539551 0
0  4.922362 -5.270387 3.273242  -0.409969 0.409972 -0.814769  0.298096 0.539551 0
painted_wood_01
0  3.335160 -2.987132 18.922775  -0.517366 0.847746 0.116871  0.298096 0.539551 0
0  3.049926 -2.266319 12.431530  -0.517366 0.847746 0.116871  0.298096 0.539551 0
0  2.779753 -2.431723 12.435316  -0.517366 0.847746 0.116871  0.298096 0.539551 0
painted_wood_01
0  4.922362 -5.270387 3.273242  -0.683651 0.353274 -0.638607  0.298096 0.539551 0
0  4.037978 -4.821580 4.468280  -0.683651 0.353274 -0.638607  0.298096 0.539551 0
0  4.209641 -4.557665 4.430506  -0.683651 0.353274 -0.638607  0.298096 0.539551 0
painted_wood_01
0  4.557669 -4.209639 4.430507  -0.353272 0.683654 -0.638605  0.298096 0.539551 0
0  5.670677 -4.887069 3.089588  -0.353272 0.683654 -0.638605  0.298096 0.539551 0
0  5.270390 -4.922360 3.273242  -0.353272 0.683654 -0.638605  0.298096 0.539551 0
painted_wood_01
0  3.983909 -3.200302 19.635353  0.707106 0.707107 0.000000  0.298096 0.539551 0
0  3.049926 -2.266319 12.431530  0.707106 0.707107 0.000000  0.298096 0.539551 0
0  3.631074 -2.847467 19.219650  0.707106 0.707107 0.000000  0.298096 0.539551 0
painted_wood_01
0  2.847467 -3.631071 19.219650  -0.707107 -0.707107 -0.000000  0.298096 0.539551 0
0  3.729789 -4.513393 14.505947  -0.707107 -0.707107 -0.000000  0.298096 0.539551 0
0  3.200302 -3.983907 19.635355  -0.707107 -0.707107 -0.000000  0.298096 0.539551 0
crystal_ball_glass
0  2.981033 -2.676710 18.702389  -0.701980 0.701981 0.120197  0.000000 0.000000 0
0  2.191058 -2.495373 13.029676  -0.701980 0.701981 0.120197  0.000000 0.000000 0
0  2.676713 -2.981029 18.702389  -0.701980 0.701981 0.120197  0.000000 0.000000 0
crystal_ball_glass
0  2.779753 -2.431723 12.435316  0.656186 0.754552 0.008422  0.000000 0.000000 0
0  2.981033 -2.676710 18.702389  0.656186 0.754552 0.008422  0.000000 0.000000 0
0  3.335160 -2.987132 18.922775  0.656186 0.754552 0.008422  0.000000 0.000000 0
crystal_ball_glass
0  2.987132 -3.335159 18.922775  -0.754557 -0.656180 0.008422  0.000000 0.000000 0
0  2.191058 -2.495373 13.029676  -0.754557 -0.656180 0.008422  0.000000 0.000000 0
0  2.431724 -2.779750 12.435314  -0.754557 -0.656180 0.008422  0.000000 0.000000 0
painted_wood_01
0  3.335160 -2.987132 18.922775  -0.369503 0.927245 -0.060697  0.298096 0.539551 0
0  3.477409 -2.693798 22.537962  -0.369503 0.927245 -0.060697  0.298096 0.539551 0
0  3.631074 -2.847467 19.219650  -0.369503 0.927245 -0.060698  0.298096 0.539551 0
gold_player
0  2.431724 -2.779750 12.435314  -0.701979 0.701982 0.120197  0.000000 0.000000 0
0  3.335160 -2.987132 18.922775  -0.701979 0.701982 0.120197  0.000000 0.000000 0
0  2.779753 -2.431723 12.435316  -0.701979 0.701982 0.120197  0.000000 0.000000 0
painted_wood_01
0  3.834977 -3.051367 22.945499  -0.443711 0.443713 0.778614  0.298096 0.539551 0
0  2.693802 -3.477403 22.537962  -0.443711 0.443713 0.778614  0.298096 0.539551 0
0  3.051370 -3.834970 22.945499  -0.443711 0.443713 0.778614  0.298096 0.539551 0
painted_wood_01
0  2.830065 -3.178087 22.242926  -0.658602 0.658607 0.363978  0.298096 0.539551 0
0  3.477409 -2.693798 22.537962  -0.658602 0.658607 0.363978  0.298096 0.539551 0
0  3.178093 -2.830060 22.242926  -0.658602 0.658607 0.363978  0.298096 0.539551 0
crystal_ball_glass
0  3.178093 -2.830060 22.242926  -0.289803 0.289807 0.912154  0.000000 0.000000 0
0  2.517155 -2.821467 22.030205  -0.289803 0.289807 0.912154  0.000000 0.000000 0
0  2.830065 -3.178087 22.242926  -0.289803 0.289807 0.912154  0.000000 0.000000 0
painted_wood_01
0  3.200302 -3.983907 19.635355  -0.707108 -0.707105 0.000001  0.298096 0.539551 0
0  2.693802 -3.477403 22.537962  -0.707108 -0.707105 0.000001  0.298096 0.539551 0
0  2.847467 -3.631071 19.219650  -0.707108 -0.707105 0.000001  0.298096 0.539551 0
crystal_ball_glass
0  2.987132 -3.335159 18.922775  -0.750652 -0.660684 -0.004313  0.000000 0.000000 0
0  2.517155 -2.821467 22.030205  -0.750652 -0.660684 -0.004313  0.000000 0.000000 0
0  2.676713 -2.981029 18.702389  -0.750652 -0.660684 -0.004313  0.000000 0.000000 0
crystal_ball_glass
0  2.676713 -2.981029 18.702389  -0.705486 0.705487 -0.067652  0.000000 0.000000 0
0  2.821475 -2.517148 22.030205  -0.705486 0.705487 -0.067652  0.000000 0.000000 0
0  2.981033 -2.676710 18.702389  -0.705486 0.705487 -0.067652  0.000000 0.000000 0
painted_wood_01
0  2.847467 -3.631071 19.219650  -0.927249 0.369493 -0.060700  0.298096 0.539551 0
0  2.830065 -3.178087 22.242926  -0.927249 0.369493 -0.060700  0.298096 0.539551 0
0  2.987132 -3.335159 18.922775  -0.927249 0.369493 -0.060700  0.298096 0.539551 0
crystal_ball_glass
0  2.981033 -2.676710 18.702389  0.660668 0.750666 -0.004258  0.000000 0.000000 0
0  3.178093 -2.830060 22.242926  0.660668 0.750666 -0.004258  0.000000 0.000000 0
0  3.335160 -2.987132 18.922775  0.660668 0.750666 -0.004258  0.000000 0.000000 0
painted_wood_01
0  4.513397 -3.729790 14.505948  0.368183 -0.617308 -0.695249  0.298096 0.539551 0
0  2.779753 -2.431723 12.435316  0.368183 -0.617308 -0.695249  0.298096 0.539551 0
0  3.049926 -2.266319 12.431530  0.368183 -0.617308 -0.695249  0.298096 0.539551 0
painted_wood_01
0  2.431724 -2.779750 12.435314  0.617306 -0.368186 -0.695250  0.298096 0.539551 0
0  3.729789 -4.513393 14.505947  0.617306 -0.368186 -0.695250  0.298096 0.539551 0
0  2.266319 -3.049922 12.431528  0.617306 -0.368186 -0.695250  0.298096 0.539551 0
painted_wood_01
0  6.672784 -6.150411 6.028134  -0.654405 -0.713192 -0.251220  0.298096 0.539551 0
0  4.557669 -4.209639 4.430507  0.590719 0.643846 0.486326  0.298096 0.539551 0
0  6.672784 -6.150411 6.028134  0.000000 0.000000 -0.251220  0.298096 0.539551 0
painted_wood_01
0  4.209641 -4.557665 4.430506  -0.341106 0.346922 0.873666  0.298096 0.539551 0
0  4.037978 -4.821580 4.468280  -0.341106 0.346922 0.873666  0.298096 0.539551 0
0  6.150412 -6.672781 6.028132  -0.341106 0.346922 0.873666  0.298096 0.539551 0
painted_wood_01
0  6.672784 -6.150411 6.028134  0.000000 0.000000 1.000000  0.298096 0.539551 0
0  6.718204 -6.195065 6.208757  0.000000 0.000000 1.000000  0.298096 0.539551 0
0  6.672784 -6.150411 6.028134  0.000000 0.000000 1.000000  0.298096 0.539551 0
painted_wood_01
0  4.513397 -3.729790 14.505948  0.722185 0.691567 -0.013574  0.298096 0.539551 0
0  6.718204 -6.195065 6.208757  0.722185 0.691567 -0.013574  0.298096 0.539551 0
0  6.672784 -6.150411 6.028134  0.722185 0.691567 -0.013574  0.298096 0.539551 0
painted_wood_01
0  6.150412 -6.672781 6.028132  0.000000 0.000000 1.000000  0.298096 0.539551 0
0  6.197910 -6.721047 6.207235  0.000000 0.000000 1.000000  0.298096 0.539551 0
0  6.150412 -6.672781 6.028132  0.000000 0.000000 1.000000  0.298096 0.539551 0
painted_wood_01
0  6.150412 -6.672781 6.028132  -0.691842 -0.721919 -0.013712  0.298096 0.539551 0
0  3.809359 -4.592963 14.646132  -0.691842 -0.721919 -0.013712  0.298096 0.539551 0
0  3.729789 -4.513393 14.505947  -0.691842 -0.721919 -0.013712  0.298096 0.539551 0
painted_wood_01
0  3.729789 -4.513393 14.505947  -0.551430 0.551428 0.625980  0.298096 0.539551 0
0  4.592967 -3.809360 14.646135  -0.551430 0.551428 0.625980  0.298096 0.539551 0
0  4.513397 -3.729790 14.505948  -0.551430 0.551428 0.625980  0.298096 0.539551 0
crystal_ball_glass
0  6.150412 -6.672781 6.028132  0.000000 0.000000 0.566867  0.000000 0.000000 0
0  6.150412 -6.672781 6.028132  -0.555586 -0.608265 0.566867  0.000000 0.000000 0
0  3.729789 -4.513393 14.505947  0.234720 0.269420 -0.933980  0.000000 0.000000 0
gold_player
0  2.431724 -2.779750 12.435314  0.491251 -0.491253 -0.719265  0.000000 0.000000 0
0  4.513397 -3.729790 14.505948  0.491251 -0.491253 -0.719265  0.000000 0.000000 0
0  3.729789 -4.513393 14.505947  0.491251 -0.491253 -0.719265  0.000000 0.000000 0
gold_player
0  6.150412 -6.672781 6.028132  -0.344114 0.344113 0.873597  0.000000 0.000000 0
0  6.672784 -6.150411 6.028134  -0.344114 0.344113 0.873597  0.000000 0.000000 0
0  4.557669 -4.209639 4.430507  -0.344114 0.344113 0.873597  0.000000 0.000000 0
gold_player
0  3.729789 -4.513393 14.505947  -0.660550 0.660553 -0.356853  0.000000 0.000000 0
0  6.672784 -6.150411 6.028134  -0.660550 0.660553 -0.356853  0.000000 0.000000 0
0  6.150412 -6.672781 6.028132  -0.660550 0.660553 -0.356853  0.000000 0.000000 0
black
0  3.809359 -4.592963 14.646132  0.057751 -0.057758 0.996659  0.000000 0.000000 0
0  4.588055 -4.057975 14.632012  0.057751 -0.057758 0.996659  0.000000 0.000000 0
0  4.592967 -3.809360 14.646135  0.057751 -0.057758 0.996659  0.000000 0.000000 0
black
0  6.579035 -6.284646 6.508852  0.945400 -0.165134 0.280979  0.000000 0.000000 0
0  4.592967 -3.809360 14.646135  0.945403 -0.165138 0.280966  0.000000 0.000000 0
0  4.588055 -4.057975 14.632012  0.945400 -0.165134 0.280979  0.000000 0.000000 0
black
0  6.284647 -6.579034 6.508851  0.704117 -0.699472 0.122300  0.000000 0.000000 0
0  6.718204 -6.195065 6.208757  0.704117 -0.699472 0.122300  0.000000 0.000000 0
0  6.579035 -6.284646 6.508852  0.704118 -0.699472 0.122300  0.000000 0.000000 0
black
0  4.057974 -4.588053 14.632009  0.171384 -0.943836 0.282490  0.000000 0.000000 0
0  6.197910 -6.721047 6.207235  0.171382 -0.943834 0.282500  0.000000 0.000000 0
0  6.284647 -6.579034 6.508851  0.171385 -0.943837 0.282487  0.000000 0.000000 0
black
0  6.579035 -6.284646 6.508852  0.663783 -0.663785 0.344646  0.000000 0.000000 0
0  4.057974 -4.588053 14.632009  0.663783 -0.663785 0.344646  0.000000 0.000000 0
0  6.284647 -6.579034 6.508851  0.663783 -0.663785 0.344646  0.000000 0.000000 0
black
0  8.871435 -10.006626 -1.938043  -0.682133 0.682139 -0.263403  0.000000 0.000000 0
0  7.837859 -10.122279 0.439100  -0.682133 0.682139 -0.263403  0.000000 0.000000 0
0  8.245354 -9.866996 0.044917  -0.682133 0.682139 -0.263403  0.000000 0.000000 0
black
0  9.866996 -8.245355 0.044917  -0.682139 0.682133 -0.263404  0.000000 0.000000 0
0  10.317422 -8.712852 -2.332226  -0.682139 0.682133 -0.263404  0.000000 0.000000 0
0  10.006626 -8.871435 -1.938043  -0.682139 0.682133 -0.263404  0.000000 0.000000 0
black
0  8.245354 -9.866996 0.044917  -0.682136 0.682136 -0.263403  0.000000 0.000000 0
0  10.122279 -7.837860 0.439100  -0.682136 0.682136 -0.263403  0.000000 0.000000 0
0  9.866996 -8.245355 0.044917  -0.682136 0.682136 -0.263403  0.000000 0.000000 0
black
0  10.006626 -8.871435 -1.938043  -0.682135 0.682136 -0.263403  0.000000 0.000000 0
0  8.712851 -10.317423 -2.332226  -0.682135 0.682136 -0.263403  0.000000 0.000000 0
0  8.871435 -10.006626 -1.938043  -0.682135 0.682136 -0.263403  0.000000 0.000000 0
painted_wood_01
0  7.879970 -9.551697 0.485932  0.384498 -0.384497 -0.839240  0.298096 0.539551 0
0  6.683122 -8.734072 -0.437000  0.384498 -0.384497 -0.839240  0.298096 0.539551 0
0  7.031862 -8.703589 -0.291190  0.384498 -0.384497 -0.839240  0.298096 0.539551 0
painted_wood_01
0  7.031862 -8.703589 -0.291190  0.384499 -0.384499 -0.839238  0.298096 0.539551 0
0  8.734072 -6.683122 -0.437000  0.384499 -0.384499 -0.839238  0.298096 0.539551 0
0  8.703589 -7.031862 -0.291190  0.384499 -0.384499 -0.839238  0.298096 0.539551 0
painted_wood_01
0  9.551698 -7.879970 0.485932  0.384498 -0.384498 -0.839239  0.298096 0.539551 0
0  7.849488 -9.900437 0.631742  0.384498 -0.384498 -0.839239  0.298096 0.539551 0
0  7.879970 -9.551697 0.485932  0.384498 -0.384498 -0.839239  0.298096 0.539551 0
painted_wood_01
0  8.703589 -7.031862 -0.291190  0.384499 -0.384496 -0.839240  0.298096 0.539551 0
0  9.900437 -7.849488 0.631742  0.384499 -0.384496 -0.839240  0.298096 0.539551 0
0  9.551698 -7.879970 0.485932  0.384499 -0.384496 -0.839240  0.298096 0.539551 0
c_invasion_wrangler_laser
0  7.879970 -9.551697 0.485932  0.477698 -0.477698 0.737299  0.000000 0.000000 0
0  9.866996 -8.245355 0.044917  0.477698 -0.477698 0.737299  0.000000 0.000000 0
0  9.551698 -7.879970 0.485932  0.477698 -0.477698 0.737299  0.000000 0.000000 0
c_invasion_wrangler_laser
0  8.703589 -7.031862 -0.291190  -0.606972 0.606972 -0.513001  0.000000 0.000000 0
0  8.016291 -8.995618 -1.801467  -0.606972 0.606972 -0.513001  0.000000 0.000000 0
0  7.031862 -8.703589 -0.291190  -0.606972 0.606972 -0.513001  0.000000 0.000000 0
c_invasion_wrangler_laser
0  8.871435 -10.006626 -1.938043  -0.072797 0.072797 -0.994686  0.000000 0.000000 0
0  8.995619 -8.016291 -1.801467  -0.072797 0.072797 -0.994686  0.000000 0.000000 0
0  10.006626 -8.871435 -1.938043  -0.072797 0.072797 -0.994686  0.000000 0.000000 0
c_invasion_wrangler_laser
0  8.016291 -8.995618 -1.801467  -0.693626 -0.689204 -0.209477  0.000000 0.000000 0
0  8.871435 -10.006626 -1.938043  -0.693626 -0.689202 -0.209484  0.000000 0.000000 0
0  8.245354 -9.866996 0.044917  -0.693627 -0.689204 -0.209477  0.000000 0.000000 0
c_invasion_wrangler_laser
0  8.703589 -7.031862 -0.291190  0.689239 0.693606 -0.209429  0.000000 0.000000 0
0  9.551698 -7.879970 0.485932  0.689238 0.693607 -0.209428  0.000000 0.000000 0
0  9.866996 -8.245355 0.044917  0.689228 0.693618 -0.209426  0.000000 0.000000 0
painted_wood_01
0  6.146601 -4.285356 2.200109  -0.120502 0.120505 -0.985372  0.298096 0.539551 0
0  5.826494 -7.586419 1.835556  -0.120502 0.120505 -0.985372  0.298096 0.539551 0
0  4.285355 -6.146595 2.200104  -0.120502 0.120505 -0.985372  0.298096 0.539551 0
painted_wood_01
0  -9.000000 1.000000 1.000000  0.000000 0.000000 1.000000  0.298096 0.539551 0
0  -11.000000 0.000000 1.000000  0.000000 0.000000 1.000000  0.298096 0.539551 0
0  -9.000000 0.000000 1.000000  0.000000 0.000000 1.000000  0.298096 0.539551 0
painted_wood_01
0  -2.000000 9.000000 1.000000  0.707107 -0.707107 0.000000  0.298096 0.539551 0
0  -9.000000 2.000000 -1.000000  0.707107 -0.707107 0.000000  0.298096 0.539551 0
0  -2.000000 9.000000 -1.000000  0.707107 -0.707107 0.000000  0.298096 0.539551 0
painted_wood_01
0  0.000000 9.000000 -1.000000  0.000000 -1.000000 0.000000  0.298096 0.539551 0
0  0.000000 9.000000 1.000000  0.000000 -1.000000 0.000000  0.298096 0.539551 0
0  -1.000000 9.000000 1.000000  0.000000 -1.000000 0.000000  0.298096 0.539551 0
painted_wood_01
0  0.000000 9.000000 -1.000000  1.000000 0.000000 0.000000  0.298096 0.539551 0
0  0.000000 11.000000 1.000000  1.000000 0.000000 0.000000  0.298096 0.539551 0
0  0.000000 9.000000 1.000000  1.000000 0.000000 0.000000  0.298096 0.539551 0
painted_wood_01
0  -2.000000 11.000000 -1.000000  0.000000 1.000000 0.000000  0.298096 0.539551 0
0  -2.000000 11.000000 1.000000  0.000000 1.000000 0.000000  0.298096 0.539551 0
0  -1.000000 11.000000 1.000000  0.000000 1.000000 0.000000  0.298096 0.539551 0
painted_wood_01
0  -2.000000 9.000000 -1.000000  0.000000 0.000000 -1.000000  0.298096 0.539551 0
0  0.000000 11.000000 -1.000000  0.000000 0.000000 -1.000000  0.298096 0.539551 0
0  0.000000 9.000000 -1.000000  0.000000 0.000000 -1.000000  0.298096 0.539551 0
painted_wood_01
0  -1.000000 9.000000 1.000000  0.000000 0.000000 1.000000  0.298096 0.539551 0
0  -2.000000 11.000000 1.000000  0.000000 0.000000 1.000000  0.298096 0.539551 0
0  -2.000000 9.000000 1.000000  0.000000 0.000000 1.000000  0.298096 0.539551 0
painted_wood_01
0  -11.000000 0.000000 -1.000000  -1.000000 0.000000 0.000000  0.298096 0.539551 0
0  -11.000000 0.000000 1.000000  -1.000000 0.000000 0.000000  0.298096 0.539551 0
0  -11.000000 1.000000 1.000000  -1.000000 0.000000 0.000000  0.298096 0.539551 0
painted_wood_01
0  -9.000000 2.000000 -1.000000  1.000000 0.000000 0.000000  0.298096 0.539551 0
0  -9.000000 2.000000 1.000000  1.000000 0.000000 0.000000  0.298096 0.539551 0
0  -9.000000 1.000000 1.000000  1.000000 0.000000 0.000000  0.298096 0.539551 0
gold_player
0  -2.250000 9.103554 -1.250000  0.000000 0.000000 -1.000000  0.288257 -0.466981 0
0  -10.396446 2.250000 -1.250000  0.000000 0.000000 -1.000000  -0.831273 0.897801 0
0  -2.250000 10.396447 -1.250000  0.000000 0.000000 -1.000000  0.037729 1.446869 0
painted_wood_01
0  -11.000000 0.000000 -1.000000  0.000000 0.000000 -1.000000  0.298096 0.539551 0
0  -9.000000 2.000000 -1.000000  0.000000 0.000000 -1.000000  0.298096 0.539551 0
0  -9.000000 0.000000 -1.000000  0.000000 0.000000 -1.000000  0.298096 0.539551 0
painted_wood_01
0  -11.000000 1.000000 1.000000  0.000000 0.000000 1.000000  0.298096 0.539551 0
0  -9.000000 2.000000 1.000000  0.000000 0.000000 1.000000  0.298096 0.539551 0
0  -11.000000 2.000000 1.000000  0.000000 0.000000 1.000000  0.298096 0.539551 0
painted_wood_01
0  -1.000000 11.000000 1.000000  0.000000 0.000000 1.000000  0.298096 0.539551 0
0  0.000000 9.000000 1.000000  0.000000 0.000000 1.000000  0.298096 0.539551 0
0  0.000000 11.000000 1.000000  0.000000 0.000000 1.000000  0.298096 0.539551 0
painted_wood_01
0  -9.103554 2.250000 1.250000  0.499999 -0.499999 0.707108  0.298096 0.539551 0
0  -2.000000 9.000000 1.000000  0.499999 -0.499999 0.707108  0.298096 0.539551 0
0  -2.250000 9.103554 1.250000  0.499999 -0.499999 0.707108  0.298096 0.539551 0
painted_wood_01
0  -2.250000 10.396447 -1.250000  0.707107 0.000000 -0.707107  0.298096 0.539551 0
0  -2.000000 9.000000 -1.000000  0.707107 0.000000 -0.707107  0.298096 0.539551 0
0  -2.250000 9.103554 -1.250000  0.707107 0.000000 -0.707107  0.298096 0.539551 0
painted_wood_01
0  -2.250000 9.103554 -1.250000  0.500000 -0.500000 -0.707107  0.298096 0.539551 0
0  -9.000000 2.000000 -1.000000  0.500000 -0.500000 -0.707107  0.298096 0.539551 0
0  -9.103554 2.250000 -1.250000  0.500000 -0.500000 -0.707107  0.298096 0.539551 0
painted_wood_01
0  -10.396446 2.250000 -1.250000  -0.500000 0.500001 -0.707106  0.298096 0.539551 0
0  -2.000000 11.000000 -1.000000  -0.500000 0.500001 -0.707106  0.298096 0.539551 0
0  -2.250000 10.396447 -1.250000  -0.500000 0.500001 -0.707106  0.298096 0.539551 0
painted_wood_01
0  -9.103554 2.250000 -1.250000  -0.000000 -0.707107 -0.707107  0.298096 0.539551 0
0  -11.000000 2.000000 -1.000000  -0.000000 -0.707107 -0.707107  0.298096 0.539551 0
0  -10.396446 2.250000 -1.250000  -0.000000 -0.707107 -0.707107  0.298096 0.539551 0
black
0  -2.000000 11.000000 -1.000000  0.000000 0.000000 1.000000  0.375000 1.125000 0
0  -11.000000 2.000000 -1.000000  0.000000 0.000000 1.000000  0.375000 -0.125000 0
0  -2.000000 11.000000 -1.000000  0.000000 0.000000 1.000000  0.375000 1.125000 0
painted_wood_01
0  -2.250000 9.103554 1.250000  0.571587 0.032719 0.819889  0.298096 0.539551 0
0  -2.000000 11.000000 1.000000  0.571587 0.032723 0.819889  0.298096 0.539551 0
0  -2.450000 10.596446 1.250000  0.571588 0.032726 0.819888  0.298096 0.539551 0
black
0  -11.000000 2.000000 1.000000  -0.954520 0.298148 0.000000  0.625000 -0.125000 0
0  -10.810495 2.606698 -0.437000  -0.954520 0.298148 0.000000  0.000000 0.000000 0
0  -11.000000 2.000000 -1.000000  -0.954520 0.298148 0.000000  0.000000 0.000000 0
black
0  -4.657647 8.759546 0.000000  -0.707107 0.707107 0.000000  0.000000 0.000000 0
0  -4.657647 8.759546 0.437000  -0.707107 0.707107 0.000000  0.000000 0.000000 0
0  -2.606698 10.810495 0.437000  -0.707107 0.707107 0.000000  0.000000 0.000000 0
painted_wood_01
0  -9.567706 7.516756 1.368258  -0.595876 0.595876 0.538390  0.298096 0.539551 0
0  -7.849488 9.900437 0.631742  -0.595876 0.595876 0.538390  0.298096 0.539551 0
0  -9.900437 7.849488 0.631742  -0.595876 0.595876 0.538390  0.298096 0.539551 0
black
0  -11.000000 2.000000 1.000000  0.000000 0.000000 0.000000  0.000000 0.000000 0
0  -11.000000 2.000000 -1.000000  0.000000 0.000000 0.000000  0.000000 0.000000 0
0  -11.000000 2.000000 1.000000  0.000000 0.000000 0.000000  0.000000 0.000000 0
painted_wood_01
0  -11.000000 2.000000 1.000000  -0.032741 -0.571590 0.819886  0.298096 0.539551 0
0  -9.103554 2.250000 1.250000  -0.032726 -0.571588 0.819888  0.298096 0.539551 0
0  -10.596446 2.450000 1.250000  -0.032724 -0.571588 0.819888  0.298096 0.539551 0
black
0  -10.810495 2.606698 -0.437000  0.714557 -0.223157 -0.663030  0.000000 0.000000 0
0  -11.000000 2.000000 -1.000000  0.000000 0.000000 0.354547  0.000000 0.000000 0
0  -11.000000 2.000000 -1.000000  -0.892512 0.278780 0.354547  0.000000 0.000000 0
painted_wood_01
0  -2.000000 11.000000 1.000000  -0.533490 0.786944 0.310012  0.298096 0.539551 0
0  -2.606698 10.810495 0.437000  -0.533490 0.786944 0.310012  0.298096 0.539551 0
0  -2.450000 10.596446 1.250000  -0.533490 0.786944 0.310012  0.298096 0.539551 0
black
0  -2.000000 11.000000 1.000000  -0.298148 0.954520 0.000000  0.000000 0.000000 0
0  -2.606698 10.810495 -0.437000  -0.298148 0.954520 0.000000  0.000000 0.000000 0
0  -2.606698 10.810495 0.437000  -0.298148 0.954520 0.000000  0.000000 0.000000 0
black
0  -4.657647 8.759546 -0.437000  -0.636293 0.754703 -0.159861  0.000000 0.000000 0
0  -2.000000 11.000000 -1.000000  0.000000 0.000000 0.080189  0.000000 0.000000 0
0  -2.000000 11.000000 -1.000000  0.642470 -0.762104 0.080189  0.000000 0.000000 0
gold_player
0  -8.734072 6.683122 -0.437000  -0.707106 -0.707107 -0.000001  0.000000 0.000000 0
0  -9.567706 7.516756 1.368258  -0.707106 -0.707107 -0.000001  0.000000 0.000000 0
0  -9.900437 7.849488 0.631742  -0.707106 -0.707107 -0.000001  0.000000 0.000000 0
painted_wood_01
0  -6.683122 8.734072 0.437000  -0.012576 0.999921 0.000000  0.298096 0.539551 0
0  -4.657647 8.759546 0.437000  -0.012576 0.999921 0.000000  0.298096 0.539551 0
0  -4.657647 8.759546 0.000000  -0.012576 0.999921 0.000000  0.298096 0.539551 0
black
0  -8.759546 4.657647 -0.437000  -0.707107 0.707107 0.000000  0.000000 0.000000 0
0  -10.810495 2.606698 0.437000  -0.707107 0.707107 0.000000  0.000000 0.000000 0
0  -8.759546 4.657647 0.437000  -0.707107 0.707107 0.000000  0.000000 0.000000 0
gold_player
0  -6.683122 8.734072 -0.437000  0.707107 0.707106 0.000000  0.000000 0.000000 0
0  -7.516756 9.567706 1.368258  0.707107 0.707106 0.000000  0.000000 0.000000 0
0  -6.683122 8.734072 0.437000  0.707107 0.707106 0.000000  0.000000 0.000000 0
painted_wood_01
0  -8.734072 6.683122 0.437000  -0.999921 0.012576 0.000000  0.298096 0.539551 0
0  -8.759546 4.657647 -0.437000  -0.999921 0.012576 0.000000  0.298096 0.539551 0
0  -8.759546 4.657647 0.437000  -0.999921 0.012576 0.000000  0.298096 0.539551 0
black
0  -8.759546 4.657647 -0.437000  -0.357984 0.357950 -0.862391  0.000000 0.000000 0
0  -6.683122 8.734072 -0.437000  -0.357959 0.357976 -0.862391  0.000000 0.000000 0
0  -4.657647 8.759546 -0.437000  -0.357960 0.357975 -0.862391  0.000000 0.000000 0
painted_wood_01
0  -8.734072 6.683122 0.437000  -0.805177 0.010127 0.592948  0.298096 0.539551 0
0  -8.759546 4.657647 0.437000  -0.805177 0.010127 0.592948  0.298096 0.539551 0
0  -7.934072 5.883121 1.537000  -0.805177 0.010127 0.592948  0.298096 0.539551 0
painted_wood_01
0  -4.657647 8.759546 0.437000  -0.010127 0.805177 0.592948  0.298096 0.539551 0
0  -6.683122 8.734072 0.437000  -0.010127 0.805177 0.592948  0.298096 0.539551 0
0  -5.883122 7.934072 1.537000  -0.010127 0.805177 0.592948  0.298096 0.539551 0
painted_wood_01
0  -8.734072 6.683122 0.437000  0.707107 -0.707107 0.000000  0.298096 0.539551 0
0  -6.683122 8.734072 -0.437000  0.707107 -0.707107 0.000000  0.298096 0.539551 0
0  -6.683122 8.734072 0.437000  0.707107 -0.707107 0.000000  0.298096 0.539551 0
black
0  -11.000000 2.000000 -1.000000  -0.954520 0.298147 0.000000  0.000000 0.000000 0
0  -10.810495 2.606698 0.437000  -0.954520 0.298147 0.000000  0.000000 0.000000 0
0  -10.810495 2.606698 -0.437000  -0.954520 0.298147 0.000000  0.000000 0.000000 0
painted_wood_01
0  -10.596446 2.450000 1.250000  0.687978 -0.616910 -0.382242  0.298096 0.539551 0
0  -11.000000 2.000000 1.000000  0.000000 0.000000 0.194856  0.298096 0.539551 0
0  -11.000000 2.000000 1.000000  -0.730212 0.654844 0.194856  0.298096 0.539551 0
painted_wood_01
0  -10.810495 2.606698 0.437000  -0.758744 0.649515 0.049372  0.298096 0.539551 0
0  -7.934072 5.883121 1.537000  -0.758709 0.649555 0.049386  0.298096 0.539551 0
0  -8.759546 4.657647 0.437000  -0.758736 0.649524 0.049375  0.298096 0.539551 0
gold_player
0  -9.103554 2.250000 1.250000  0.000000 0.000000 1.000000  1.887944 0.906250 0
0  -2.450000 10.596446 1.250000  0.000000 0.000000 1.000000  -0.340223 -0.524255 0
0  -10.596446 2.450000 1.250000  0.000000 0.000000 1.000000  -0.562928 -0.301550 0
painted_wood_01
0  -2.450000 10.596446 1.250000  -0.649501 0.758756 0.049372  0.298096 0.539551 0
0  -4.657647 8.759546 0.437000  -0.649506 0.758752 0.049370  0.298096 0.539551 0
0  -5.883122 7.934072 1.537000  -0.649523 0.758738 0.049364  0.298096 0.539551 0
painted_wood_01
0  -7.934072 5.883121 1.537000  0.329475 -0.329475 0.884812  0.298096 0.539551 0
0  -2.450000 10.596446 1.250000  0.329475 -0.329475 0.884812  0.298096 0.539551 0
0  -5.883122 7.934072 1.537000  0.329475 -0.329475 0.884812  0.298096 0.539551 0
painted_wood_01
0  -8.703589 7.031862 -0.291190  -0.384498 0.384497 -0.839240  0.298096 0.539551 0
0  -7.879970 9.551697 0.485932  -0.384498 0.384497 -0.839240  0.298096 0.539551 0
0  -7.031862 8.703589 -0.291190  -0.384498 0.384497 -0.839240  0.298096 0.539551 0
gold_player
0  -11.000000 2.000000 1.000000  -0.707107 0.707107 0.000000  0.000000 0.000000 0
0  -2.000000 11.000000 1.000000  -0.707107 0.707107 0.000000  0.000000 0.000000 0
0  -2.000000 11.000000 -1.000000  -0.707107 0.707107 0.000000  0.375000 1.125000 0
black
0  -9.866996 8.245355 0.044917  0.682136 -0.682135 -0.263404  0.000000 0.000000 0
0  -8.871435 10.006626 -1.938043  0.682136 -0.682135 -0.263404  0.000000 0.000000 0
0  -8.245354 9.866996 0.044917  0.682136 -0.682135 -0.263404  0.000000 0.000000 0
c_invasion_wrangler_laser
0  -9.108167 7.843901 1.814342  -0.602212 -0.776685 0.184664  0.000000 0.000000 0
0  -7.579334 7.428634 5.053491  -0.602212 -0.776685 0.184664  0.000000 0.000000 0
0  -8.015841 7.830777 5.538991  -0.602214 -0.776685 0.184660  0.000000 0.000000 0
painted_wood_01
0  -10.311981 9.076738 -2.280855  0.240729 -0.240728 -0.940266  0.298096 0.539551 0
0  -9.534464 10.769707 -2.515230  0.240729 -0.240728 -0.940266  0.298096 0.539551 0
0  -9.076738 10.311981 -2.280855  0.240729 -0.240728 -0.940266  0.298096 0.539551 0
painted_wood_01
0  -7.500491 8.213733 5.985076  -0.514836 0.514836 0.685483  0.298096 0.539551 0
0  -8.575023 7.861777 5.442380  -0.514836 0.514836 0.685483  0.298096 0.539551 0
0  -8.213735 7.500489 5.985076  -0.514836 0.514836 0.685483  0.298096 0.539551 0
gold_player
0  -8.753550 9.620193 1.795608  0.601386 0.779816 0.173843  0.000000 0.000000 0
0  -8.758602 8.961437 4.768085  0.601386 0.779816 0.173843  0.000000 0.000000 0
0  -8.178309 8.438931 5.104466  0.601386 0.779816 0.173843  0.000000 0.000000 0
painted_wood_01
0  -9.679433 10.557434 -0.093381  -0.681796 0.681796 0.265157  0.298096 0.539551 0
0  -10.680840 9.802841 -0.728016  -0.681796 0.681796 0.265157  0.298096 0.539551 0
0  -10.557433 9.679434 -0.093381  -0.681796 0.681796 0.265157  0.298096 0.539551 0
painted_wood_01
0  -10.769707 9.534464 -2.515230  -0.705329 0.705331 -0.070845  0.298096 0.539551 0
0  -9.802840 10.680841 -0.728016  -0.705329 0.705331 -0.070845  0.298096 0.539551 0
0  -9.534464 10.769707 -2.515230  -0.705329 0.705331 -0.070845  0.298096 0.539551 0
painted_wood_01
0  -8.213735 7.500489 5.985076  -0.844792 -0.475155 0.246077  0.298096 0.539551 0
0  -8.575023 7.861777 5.442380  -0.844792 -0.475155 0.246077  0.298096 0.539551 0
0  -9.567706 7.516756 1.368258  -0.844792 -0.475155 0.246077  0.298096 0.539551 0
painted_wood_01
0  -7.500491 8.213733 5.985076  0.475154 0.844792 0.246078  0.298096 0.539551 0
0  -7.516756 9.567706 1.368258  0.475154 0.844792 0.246078  0.298096 0.539551 0
0  -7.861779 8.575021 5.442380  0.475154 0.844792 0.246078  0.298096 0.539551 0
gold_player
0  -8.178309 8.438931 5.104466  -0.280077 0.280077 0.918212  0.000000 0.000000 0
0  -8.961439 8.758601 4.768085  -0.280077 0.280077 0.918212  0.000000 0.000000 0
0  -8.438933 8.178308 5.104466  -0.280077 0.280077 0.918212  0.000000 0.000000 0
painted_wood_01
0  -8.438933 8.178308 5.104466  -0.661522 0.661520 0.353241  0.298096 0.539551 0
0  -7.861779 8.575021 5.442380  -0.661522 0.661520 0.353241  0.298096 0.539551 0
0  -8.178309 8.438931 5.104466  -0.661522 0.661520 0.353241  0.298096 0.539551 0
painted_wood_01
0  -9.752638 10.193002 0.203365  -0.580926 0.580928 0.570130  0.298096 0.539551 0
0  -10.557433 9.679434 -0.093381  -0.580926 0.580928 0.570130  0.298096 0.539551 0
0  -10.193001 9.752639 0.203365  -0.580926 0.580928 0.570130  0.298096 0.539551 0
painted_wood_01
0  -10.193001 9.752639 0.203365  -0.575208 0.584748 0.572019  0.298096 0.539551 0
0  -9.883766 8.501668 1.793140  -0.575208 0.584747 0.572020  0.298096 0.539551 0
0  -9.620194 8.753548 1.795608  -0.575208 0.584747 0.572019  0.298096 0.539551 0
painted_wood_01
0  -8.178309 8.438931 5.104466  -0.668339 0.655650 0.351348  0.298096 0.539551 0
0  -8.501670 9.883765 1.793140  -0.668339 0.655651 0.351347  0.298096 0.539551 0
0  -8.753550 9.620193 1.795608  -0.668339 0.655651 0.351347  0.298096 0.539551 0
painted_wood_01
0  -8.753550 9.620193 1.795608  -0.584722 0.575239 0.572014  0.298096 0.539551 0
0  -9.679433 10.557434 -0.093381  -0.584722 0.575239 0.572015  0.298096 0.539551 0
0  -9.752638 10.193002 0.203365  -0.584722 0.575239 0.572015  0.298096 0.539551 0
painted_wood_01
0  -9.620194 8.753548 1.795608  -0.655635 0.668357 0.351343  0.298096 0.539551 0
0  -8.575023 7.861777 5.442380  -0.655635 0.668357 0.351343  0.298096 0.539551 0
0  -8.438933 8.178308 5.104466  -0.655635 0.668357 0.351343  0.298096 0.539551 0
gold_player
0  -10.326581 9.983860 0.953694  -0.579809 0.579811 0.572400  0.000000 0.000000 0
0  -9.206296 9.880781 2.192893  -0.579809 0.579811 0.572400  0.000000 0.000000 0
0  -9.983859 10.326582 0.953694  -0.579809 0.579811 0.572400  0.000000 0.000000 0
gold_player
0  -8.961439 8.758601 4.768085  -0.662006 0.662003 0.351424  0.000000 0.000000 0
0  -9.206296 9.880781 2.192893  -0.662006 0.662003 0.351424  0.000000 0.000000 0
0  -9.880782 9.206294 2.192893  -0.662006 0.662003 0.351424  0.000000 0.000000 0
gold_player
0  -8.438933 8.178308 5.104466  -0.779816 -0.601386 0.173844  0.000000 0.000000 0
0  -9.880782 9.206294 2.192893  -0.779816 -0.601386 0.173844  0.000000 0.000000 0
0  -9.620194 8.753548 1.795608  -0.779816 -0.601386 0.173844  0.000000 0.000000 0
gold_player
0  -10.193001 9.752639 0.203365  -0.668691 0.668697 -0.325111  0.000000 0.000000 0
0  -9.983859 10.326582 0.953694  -0.668691 0.668697 -0.325111  0.000000 0.000000 0
0  -9.752638 10.193002 0.203365  -0.668691 0.668697 -0.325111  0.000000 0.000000 0
gold_player
0  -9.620194 8.753548 1.795608  -0.866992 -0.498322 -0.000787  0.000000 0.000000 0
0  -10.326581 9.983860 0.953694  -0.866992 -0.498322 -0.000787  0.000000 0.000000 0
0  -10.193001 9.752639 0.203365  -0.866992 -0.498322 -0.000787  0.000000 0.000000 0
gold_player
0  -9.752638 10.193002 0.203365  0.498323 0.866991 -0.000787  0.000000 0.000000 0
0  -9.206296 9.880781 2.192893  0.498323 0.866991 -0.000787  0.000000 0.000000 0
0  -8.753550 9.620193 1.795608  0.498323 0.866991 -0.000787  0.000000 0.000000 0
gold_player
0  -9.883766 8.501668 1.793140  -0.893622 -0.385742 0.229442  0.000000 0.000000 0
0  -9.900437 7.849488 0.631742  -0.893622 -0.385742 0.229442  0.000000 0.000000 0
0  -9.567706 7.516756 1.368258  -0.893622 -0.385742 0.229442  0.000000 0.000000 0
gold_player
0  -7.516756 9.567706 1.368258  0.385741 0.893623 0.229440  0.000000 0.000000 0
0  -7.849488 9.900437 0.631742  0.385741 0.893623 0.229440  0.000000 0.000000 0
0  -8.501670 9.883765 1.793140  0.385741 0.893623 0.229440  0.000000 0.000000 0
painted_wood_01
0  -7.861779 8.575021 5.442380  0.391660 0.885779 0.248994  0.298096 0.539551 0
0  -7.516756 9.567706 1.368258  0.391660 0.885779 0.248994  0.298096 0.539551 0
0  -8.501670 9.883765 1.793140  0.391660 0.885779 0.248994  0.298096 0.539551 0
painted_wood_01
0  -8.575023 7.861777 5.442380  -0.885778 -0.391664 0.248993  0.298096 0.539551 0
0  -9.883766 8.501668 1.793140  -0.885778 -0.391664 0.248993  0.298096 0.539551 0
0  -9.567706 7.516756 1.368258  -0.885778 -0.391664 0.248993  0.298096 0.539551 0
black
0  -10.769707 9.534464 -2.515230  -0.777508 -0.620001 0.105261  0.000000 0.000000 0
0  -10.557433 9.679434 -0.093381  -0.777506 -0.620000 0.105285  0.000000 0.000000 0
0  -10.680840 9.802841 -0.728016  -0.777506 -0.620000 0.105282  0.000000 0.000000 0
black
0  -9.076738 10.311981 -2.280855  0.620030 0.777489 0.105230  0.000000 0.000000 0
0  -9.802840 10.680841 -0.728016  0.620028 0.777490 0.105234  0.000000 0.000000 0
0  -9.679433 10.557434 -0.093381  0.620023 0.777493 0.105244  0.000000 0.000000 0
black
0  -7.837859 10.122279 0.439100  0.303759 0.951526 0.048255  0.000000 0.000000 0
0  -9.293817 10.617064 -0.152770  0.303753 0.951528 0.048253  0.000000 0.000000 0
0  -8.377058 10.024016 1.343372  0.303755 0.951528 0.048254  0.000000 0.000000 0
black
0  -10.317422 8.712852 -2.332226  -0.951509 -0.303821 0.048202  0.000000 0.000000 0
0  -10.024017 8.377056 1.343372  -0.951510 -0.303819 0.048190  0.000000 0.000000 0
0  -10.617062 9.293818 -0.152770  -0.951509 -0.303821 0.048209  0.000000 0.000000 0
painted_wood_01
0  -7.837859 10.122279 0.439100  0.559828 -0.559828 -0.610889  0.298096 0.539551 0
0  -9.900437 7.849488 0.631742  0.559828 -0.559828 -0.610889  0.298096 0.539551 0
0  -10.122279 7.837860 0.439100  0.559828 -0.559828 -0.610889  0.298096 0.539551 0
painted_wood_01
0  -10.317422 8.712852 -2.332226  -0.140460 0.140460 -0.980072  0.298096 0.539551 0
0  -9.076738 10.311981 -2.280855  -0.140460 0.140460 -0.980072  0.298096 0.539551 0
0  -8.712851 10.317423 -2.332226  -0.140460 0.140460 -0.980072  0.298096 0.539551 0
painted_wood_01
0  -10.024017 8.377056 1.343372  -0.934299 0.010450 0.356338  0.298096 0.539551 0
0  -10.557433 9.679434 -0.093381  -0.934298 0.010448 0.356341  0.298096 0.539551 0
0  -10.617062 9.293818 -0.152770  -0.934299 0.010450 0.356338  0.298096 0.539551 0
painted_wood_01
0  -9.293817 10.617064 -0.152770  -0.010417 0.934301 0.356333  0.298096 0.539551 0
0  -8.501670 9.883765 1.793140  -0.010418 0.934301 0.356332  0.298096 0.539551 0
0  -8.377058 10.024016 1.343372  -0.010420 0.934303 0.356327  0.298096 0.539551 0
painted_wood_01
0  -10.122279 7.837860 0.439100  -0.521419 -0.726304 0.447890  0.298096 0.539551 0
0  -9.883766 8.501668 1.793140  -0.521413 -0.726294 0.447912  0.298096 0.539551 0
0  -10.024017 8.377056 1.343372  -0.521413 -0.726291 0.447918  0.298096 0.539551 0
painted_wood_01
0  -8.377058 10.024016 1.343372  0.726329 0.521339 0.447942  0.298096 0.539551 0
0  -7.849488 9.900437 0.631742  0.726337 0.521337 0.447931  0.298096 0.539551 0
0  -7.837859 10.122279 0.439100  0.726341 0.521336 0.447927  0.298096 0.539551 0
painted_wood_01
0  -10.617062 9.293818 -0.152770  -0.982517 0.107735 -0.151837  0.298096 0.539551 0
0  -10.311981 9.076738 -2.280855  -0.982516 0.107734 -0.151840  0.298096 0.539551 0
0  -10.317422 8.712852 -2.332226  -0.982515 0.107734 -0.151850  0.298096 0.539551 0
painted_wood_01
0  -8.712851 10.317423 -2.332226  -0.107764 0.982511 -0.151854  0.298096 0.539551 0
0  -9.679433 10.557434 -0.093381  -0.107763 0.982511 -0.151857  0.298096 0.539551 0
0  -9.293817 10.617064 -0.152770  -0.107761 0.982510 -0.151860  0.298096 0.539551 0
painted_wood_01
0  -9.108167 7.843901 1.814342  0.692032 -0.692032 -0.205388  0.298096 0.539551 0
0  -7.516756 9.567706 1.368258  0.692032 -0.692032 -0.205388  0.298096 0.539551 0
0  -7.843901 9.108167 1.814342  0.692032 -0.692032 -0.205388  0.298096 0.539551 0
painted_wood_01
0  -7.830779 8.015840 5.538991  0.692032 -0.692030 -0.205392  0.298096 0.539551 0
0  -8.213735 7.500489 5.985076  0.692032 -0.692030 -0.205392  0.298096 0.539551 0
0  -8.015841 7.830777 5.538991  0.692032 -0.692030 -0.205392  0.298096 0.539551 0
painted_wood_01
0  -8.015841 7.830777 5.538991  0.692032 -0.692031 -0.205390  0.298096 0.539551 0
0  -9.567706 7.516756 1.368258  0.692032 -0.692031 -0.205390  0.298096 0.539551 0
0  -9.108167 7.843901 1.814342  0.692032 -0.692031 -0.205390  0.298096 0.539551 0
painted_wood_01
0  -7.843901 9.108167 1.814342  0.692031 -0.692032 -0.205390  0.298096 0.539551 0
0  -7.500491 8.213733 5.985076  0.692031 -0.692032 -0.205390  0.298096 0.539551 0
0  -7.830779 8.015840 5.538991  0.692031 -0.692032 -0.205390  0.298096 0.539551 0
c_invasion_wrangler_laser
0  -7.843901 9.108167 1.814342  0.401862 -0.401862 -0.822809  0.000000 0.000000 0
0  -8.421432 7.391927 2.370491  0.401862 -0.401862 -0.822809  0.000000 0.000000 0
0  -9.108167 7.843901 1.814342  0.401862 -0.401862 -0.822809  0.000000 0.000000 0
c_invasion_wrangler_laser
0  -7.830779 8.015840 5.538991  0.776682 0.602217 0.184663  0.000000 0.000000 0
0  -7.391928 8.421432 2.370491  0.776682 0.602217 0.184662  0.000000 0.000000 0
0  -7.843901 9.108167 1.814342  0.776682 0.602217 0.184664  0.000000 0.000000 0
c_invasion_wrangler_laser
0  -8.015841 7.830777 5.538991  0.447936 -0.447934 0.773762  0.000000 0.000000 0
0  -7.428636 7.579332 5.053490  0.447936 -0.447934 0.773762  0.000000 0.000000 0
0  -7.830779 8.015840 5.538991  0.447936 -0.447934 0.773762  0.000000 0.000000 0
gold_player
0  -7.843901 9.108167 1.814342  0.692031 -0.692031 -0.205390  0.000000 0.000000 0
0  -8.015841 7.830777 5.538991  0.692031 -0.692031 -0.205390  0.000000 0.000000 0
0  -9.108167 7.843901 1.814342  0.692031 -0.692031 -0.205390  0.000000 0.000000 0
black
0  -6.486232 7.834656 1.414123  -0.553948 0.553949 0.621516  0.000000 0.000000 0
0  -8.734072 6.683122 0.437000  -0.553948 0.553949 0.621516  0.000000 0.000000 0
0  -7.834656 6.486232 1.414123  -0.553948 0.553949 0.621516  0.000000 0.000000 0
black
0  -7.592378 8.940802 1.283751  0.517294 -0.517294 0.681773  0.000000 0.000000 0
0  -8.734072 6.683122 0.437000  0.517294 -0.517294 0.681773  0.000000 0.000000 0
0  -6.683122 8.734072 0.437000  0.517294 -0.517294 0.681773  0.000000 0.000000 0
painted_wood_01
0  -7.592378 8.940802 1.283751  0.149811 -0.149811 0.977299  0.298096 0.539551 0
0  -9.567706 7.516756 1.368258  0.149811 -0.149811 0.977299  0.298096 0.539551 0
0  -8.940802 7.592378 1.283751  0.149811 -0.149811 0.977299  0.298096 0.539551 0
painted_wood_01
0  -6.683122 8.734072 0.437000  0.648647 -0.177993 0.739984  0.298096 0.539551 0
0  -7.516756 9.567706 1.368258  0.648647 -0.177993 0.739984  0.298096 0.539551 0
0  -7.592378 8.940802 1.283751  0.648647 -0.177993 0.739984  0.298096 0.539551 0
painted_wood_01
0  -8.940802 7.592378 1.283751  0.177994 -0.648645 0.739985  0.298096 0.539551 0
0  -9.567706 7.516756 1.368258  0.177994 -0.648645 0.739985  0.298096 0.539551 0
0  -8.734072 6.683122 0.437000  0.177994 -0.648645 0.739985  0.298096 0.539551 0
painted_wood_01
0  -7.834656 6.486232 1.414123  -0.230612 0.230612 0.945323  0.298096 0.539551 0
0  -5.883122 7.934072 1.537000  -0.230612 0.230612 0.945323  0.298096 0.539551 0
0  -6.486232 7.834656 1.414123  -0.230612 0.230612 0.945323  0.298096 0.539551 0
painted_wood_01
0  -8.734072 6.683122 0.437000  -0.686141 0.252130 0.682379  0.298096 0.539551 0
0  -7.934072 5.883121 1.537000  -0.686141 0.252130 0.682379  0.298096 0.539551 0
0  -7.834656 6.486232 1.414123  -0.686141 0.252130 0.682379  0.298096 0.539551 0
painted_wood_01
0  -6.486232 7.834656 1.414123  -0.252129 0.686141 0.682379  0.298096 0.539551 0
0  -5.883122 7.934072 1.537000  -0.252129 0.686141 0.682379  0.298096 0.539551 0
0  -6.683122 8.734072 0.437000  -0.252129 0.686141 0.682379  0.298096 0.539551 0
c_invasion_wrangler_laser
0  -7.428636 7.579332 5.053490  0.721720 0.657538 0.216252  0.000000 0.000000 0
0  -7.060894 8.090397 2.272242  0.721720 0.657538 0.216252  0.000000 0.000000 0
0  -7.391928 8.421432 2.370491  0.721720 0.657538 0.216252  0.000000 0.000000 0
c_invasion_wrangler_laser
0  -7.391928 8.421432 2.370491  -0.145232 0.145233 -0.978680  0.000000 0.000000 0
0  -8.090397 7.060893 2.272242  -0.145232 0.145233 -0.978680  0.000000 0.000000 0
0  -8.421432 7.391927 2.370491  -0.145232 0.145233 -0.978680  0.000000 0.000000 0
c_invasion_wrangler_laser
0  -8.421432 7.391927 2.370491  -0.657536 -0.721721 0.216251  0.000000 0.000000 0
0  -7.248300 7.097600 4.955242  -0.657536 -0.721721 0.216251  0.000000 0.000000 0
0  -7.579334 7.428634 5.053491  -0.657536 -0.721721 0.216251  0.000000 0.000000 0
c_invasion_wrangler_laser
0  -7.579334 7.428634 5.053491  0.145231 -0.145231 0.978681  0.000000 0.000000 0
0  -7.097601 7.248298 4.955242  0.145231 -0.145231 0.978681  0.000000 0.000000 0
0  -7.428636 7.579332 5.053490  0.145231 -0.145231 0.978681  0.000000 0.000000 0
painted_wood_01
0  -6.565249 6.983750 5.073124  -0.622861 0.622864 0.473376  0.298096 0.539551 0
0  -6.672784 6.150411 6.028134  -0.622861 0.622864 0.473376  0.298096 0.539551 0
0  -6.150412 6.672781 6.028132  -0.622861 0.622864 0.473376  0.298096 0.539551 0
c_invasion_wrangler_laser
0  -8.090397 7.060893 2.272242  -0.874636 -0.399290 0.274918  0.000000 0.000000 0
0  -6.983752 6.565248 5.073126  -0.874636 -0.399290 0.274917  0.000000 0.000000 0
0  -7.248300 7.097600 4.955242  -0.874637 -0.399290 0.274915  0.000000 0.000000 0
c_invasion_wrangler_laser
0  -7.248300 7.097600 4.955242  -0.144791 0.144795 0.978810  0.000000 0.000000 0
0  -6.565249 6.983750 5.073124  -0.144791 0.144795 0.978810  0.000000 0.000000 0
0  -7.097601 7.248298 4.955242  -0.144791 0.144795 0.978810  0.000000 0.000000 0
c_invasion_wrangler_laser
0  -7.060894 8.090397 2.272242  -0.392408 0.392409 -0.831884  0.000000 0.000000 0
0  -7.932292 6.522313 1.943608  -0.392408 0.392409 -0.831884  0.000000 0.000000 0
0  -8.090397 7.060893 2.272242  -0.392408 0.392409 -0.831884  0.000000 0.000000 0
c_invasion_wrangler_laser
0  -7.097601 7.248298 4.955242  0.399299 0.874631 0.274920  0.000000 0.000000 0
0  -6.522313 7.932292 1.943607  0.399299 0.874632 0.274917  0.000000 0.000000 0
0  -7.060894 8.090397 2.272242  0.399299 0.874631 0.274921  0.000000 0.000000 0
crystal_ball_glass
0  -2.431724 2.779750 12.435314  0.599719 -0.599726 -0.529779  0.000000 0.000000 0
0  -2.495378 2.191055 13.029678  0.599719 -0.599726 -0.529779  0.000000 0.000000 0
0  -2.779753 2.431723 12.435316  0.599719 -0.599726 -0.529779  0.000000 0.000000 0
painted_wood_01
0  -7.932292 6.522313 1.943608  -0.102628 0.102628 -0.989411  0.298096 0.539551 0
0  -5.826494 7.586419 1.835556  -0.102628 0.102628 -0.989411  0.298096 0.539551 0
0  -7.586419 5.826493 1.835556  -0.102628 0.102628 -0.989411  0.298096 0.539551 0
painted_wood_01
0  -6.983752 6.565248 5.073126  -0.904859 -0.346387 0.247480  0.298096 0.539551 0
0  -7.586419 5.826493 1.835556  -0.904859 -0.346387 0.247480  0.298096 0.539551 0
0  -6.672784 6.150411 6.028134  -0.904858 -0.346386 0.247483  0.298096 0.539551 0
painted_wood_01
0  -6.522313 7.932292 1.943607  0.346453 0.904837 0.247467  0.298096 0.539551 0
0  -6.150412 6.672781 6.028132  0.346452 0.904839 0.247463  0.298096 0.539551 0
0  -5.826494 7.586419 1.835556  0.346453 0.904836 0.247471  0.298096 0.539551 0
gold_player
0  -7.932292 6.522313 1.943608  -0.692754 0.692752 0.200466  0.000000 0.000000 0
0  -6.565249 6.983750 5.073124  -0.692754 0.692752 0.200466  0.000000 0.000000 0
0  -6.522313 7.932292 1.943607  -0.692754 0.692752 0.200466  0.000000 0.000000 0
crystal_ball_glass
0  -6.560939 8.861320 1.964009  0.775997 -0.325785 -0.540087  0.244174 1.449560 0
0  -6.764243 8.029421 2.173711  0.775997 -0.325785 -0.540087  0.371971 1.662900 0
0  -6.844562 8.651960 1.682788  0.775997 -0.325785 -0.540087  0.282895 1.480806 0
crystal_ball_glass
0  -6.565706 8.175972 2.370566  -0.348251 -0.548919 0.759875  0.105073 -1.344165 0
0  -7.318146 8.583323 2.319985  -0.348251 -0.548919 0.759875  0.034318 -1.236377 0
0  -6.764243 8.029421 2.173711  -0.348251 -0.548919 0.759875  0.134954 -1.191061 0
crystal_ball_glass
0  -7.119609 8.729876 2.516840  -0.426486 0.876689 -0.222544  0.521275 -0.094507 0
0  -6.844562 8.651960 1.682788  -0.426486 0.876689 -0.222544  0.546317 -0.159564 0
0  -7.318146 8.583323 2.319985  -0.426486 0.876689 -0.222544  0.548964 -0.279177 0
crystal_ball_glass
0  -6.844562 8.651960 1.682788  0.711064 -0.376530 -0.593813  0.356847 1.782622 0
0  -6.980412 7.851882 2.027436  0.711064 -0.376530 -0.593813  0.478321 1.921369 0
0  -7.153376 8.398331 1.473821  0.711064 -0.376530 -0.593813  0.409317 1.823169 0
crystal_ball_glass
0  -6.764243 8.029421 2.173711  -0.218856 -0.447797 0.866937  0.300848 -1.279357 0
0  -7.534314 8.405783 2.173710  -0.218856 -0.447797 0.866937  0.266020 -1.190261 0
0  -6.980412 7.851882 2.027436  -0.218856 -0.447797 0.866937  0.343064 -1.165239 0
crystal_ball_glass
0  -7.318146 8.583323 2.319985  -0.491415 0.825947 -0.276265  0.613044 -0.009306 0
0  -7.153376 8.398331 1.473821  -0.491415 0.825947 -0.276265  0.646071 -0.100726 0
0  -7.534314 8.405783 2.173710  -0.491415 0.825947 -0.276265  0.649058 -0.156157 0
crystal_ball_glass
0  -7.153376 8.398331 1.473821  0.641913 -0.435907 -0.630819  0.512612 2.036849 0
0  -7.205905 7.650176 1.937359  0.641913 -0.435907 -0.630819  0.616367 2.104248 0
0  -7.475508 8.110180 1.345142  0.641913 -0.435907 -0.630819  0.575753 2.069264 0
crystal_ball_glass
0  -6.980412 7.851882 2.027436  -0.081055 -0.329471 0.940680  0.517712 -1.311829 0
0  -7.759808 8.204079 2.083633  -0.081055 -0.329471 0.940680  0.520900 -1.250880 0
0  -7.205905 7.650176 1.937359  -0.081055 -0.329471 0.940680  0.569411 -1.241390 0
crystal_ball_glass
0  -7.534314 8.405783 2.173710  -0.560561 0.766571 -0.313272  0.695667 0.150645 0
0  -7.475508 8.110180 1.345142  -0.560561 0.766571 -0.313272  0.738643 0.068635 0
0  -7.759808 8.204079 2.083633  -0.560561 0.766571 -0.313272  0.737971 0.056182 0
crystal_ball_glass
0  -7.475508 8.110180 1.345142  0.571198 -0.501640 -0.649685  0.696137 2.150997 0
0  -7.432057 7.432054 1.906943  0.571198 -0.501640 -0.649685  0.772124 2.165961 0
0  -7.798582 7.798581 1.301692  0.571198 -0.501640 -0.649685  0.765078 2.163237 0
crystal_ball_glass
0  -7.205905 7.650176 1.937359  0.059862 -0.198479 0.978275  0.733378 -1.426538 0
0  -7.985960 7.985957 2.053218  0.059862 -0.198479 0.978275  0.773649 -1.403805 0
0  -7.432057 7.432054 1.906943  0.059862 -0.198479 0.978275  0.790224 -1.402722 0
crystal_ball_glass
0  -7.759808 8.204079 2.083633  -0.631282 0.700835 -0.332135  0.764522 0.363649 0
0  -7.798582 7.798581 1.301692  -0.631282 0.700835 -0.332135  0.816853 0.327793 0
0  -7.985960 7.985957 2.053218  -0.631282 0.700835 -0.332135  0.810204 0.331063 0
crystal_ball_glass
0  -7.798582 7.798581 1.301692  0.501642 -0.571196 -0.649685  0.887635 2.091333 0
0  -7.650177 7.205903 1.937359  0.501642 -0.571196 -0.649685  0.928849 2.085492 0
0  -8.110184 7.475504 1.345141  0.501642 -0.571196 -0.649685  0.956577 2.079096 0
crystal_ball_glass
0  -7.432057 7.432054 1.906943  0.198481 -0.059862 0.978275  0.928439 -1.599060 0
0  -8.204080 7.759806 2.083633  0.198481 -0.059862 0.978275  1.001861 -1.623956 0
0  -7.650177 7.205903 1.937359  0.198481 -0.059862 0.978275  0.985286 -1.622874 0
crystal_ball_glass
0  -7.985960 7.985957 2.053218  -0.700838 0.631278 -0.332136  0.817289 0.600745 0
0  -8.110184 7.475504 1.345141  -0.700838 0.631278 -0.332136  0.875901 0.644025 0
0  -8.204080 7.759806 2.083633  -0.700838 0.631278 -0.332136  0.862971 0.633330 0
crystal_ball_glass
0  -8.110184 7.475504 1.345141  0.435907 -0.641915 -0.630817  1.066057 1.856412 0
0  -7.851882 6.980410 2.027436  0.435907 -0.641915 -0.630817  1.069642 1.868706 0
0  -8.398335 7.153372 1.473822  0.435907 -0.641915 -0.630817  1.129198 1.823994 0
crystal_ball_glass
0  -7.650177 7.205903 1.937359  0.329473 0.081057 0.940679  1.090438 -1.799795 0
0  -8.405785 7.534313 2.173710  0.329473 0.081057 0.940679  1.190649 -1.879724 0
0  -7.851882 6.980410 2.027436  0.329473 0.081057 0.940679  1.142137 -1.870234 0
crystal_ball_glass
0  -8.204080 7.759806 2.083633  -0.766570 0.560566 -0.313266  0.854333 0.832088 0
0  -8.398335 7.153372 1.473822  -0.766570 0.560566 -0.313266  0.914095 0.979492 0
0  -8.405785 7.534313 2.173710  -0.766570 0.560566 -0.313266  0.896637 0.926554 0
crystal_ball_glass
0  -8.398335 7.153372 1.473822  0.376528 -0.711065 -0.593812  1.212265 1.475760 0
0  -8.029424 6.764240 2.173712  0.376528 -0.711065 -0.593812  1.179990 1.545578 0
0  -8.651963 6.844560 1.682789  0.376528 -0.711065 -0.593812  1.264735 1.435214 0
crystal_ball_glass
0  -7.851882 6.980410 2.027436  0.447795 0.218856 0.866938  1.215359 -1.998985 0
0  -8.583327 7.318142 2.319987  0.447795 0.218856 0.866938  1.334617 -2.138124 0
0  -8.029424 6.764240 2.173712  0.447795 0.218856 0.866938  1.257574 -2.113101 0
crystal_ball_glass
0  -8.405785 7.534313 2.173710  -0.825946 0.491417 -0.276267  0.878434 1.033441 0
0  -8.651963 6.844560 1.682789  -0.825946 0.491417 -0.276267  0.932869 1.298658 0
0  -8.583327 7.318142 2.319987  -0.825946 0.491417 -0.276267  0.914448 1.180292 0
crystal_ball_glass
0  -8.651963 6.844560 1.682789  0.325786 -0.775993 -0.540091  1.312156 1.003175 0
0  -8.175977 6.565703 2.370567  0.325786 -0.775993 -0.540091  1.250187 1.163396 0
0  -8.861323 6.560935 1.964011  0.325786 -0.775993 -0.540091  1.350878 0.971929 0
crystal_ball_glass
0  -8.029424 6.764240 2.173712  0.548916 0.348249 0.759878  1.306402 -2.171523 0
0  -8.729879 7.119605 2.516841  0.548916 0.348249 0.759878  1.436920 -2.369949 0
0  -8.175977 6.565703 2.370567  0.548916 0.348249 0.759878  1.336283 -2.324630 0
crystal_ball_glass
0  -8.583327 7.318142 2.319987  -0.876692 0.426482 -0.222540  0.893855 1.191114 0
0  -8.861323 6.560935 1.964011  -0.876692 0.426482 -0.222540  0.936057 1.574544 0
0  -8.729879 7.119605 2.516841  -0.876692 0.426482 -0.222540  0.921544 1.375786 0
crystal_ball_glass
0  -8.861323 6.560935 1.964011  0.285629 -0.834209 -0.471711  1.358165 0.506922 0
0  -8.285907 6.392428 2.610436  0.285629 -0.834209 -0.471711  1.276064 0.778185 0
0  -9.018368 6.313398 2.306681  0.285629 -0.834209 -0.471711  1.382313 0.504381 0
crystal_ball_glass
0  -8.175977 6.565703 2.370567  0.628945 0.464261 0.623610  1.370528 -2.300412 0
0  -8.839809 6.946330 2.756710  0.628945 0.464261 0.623610  1.505737 -2.553634 0
0  -8.285907 6.392428 2.610436  0.628945 0.464261 0.623610  1.387129 -2.486348 0
crystal_ball_glass
0  -8.729879 7.119605 2.516841  -0.916850 0.368267 -0.154161  0.905073 1.303683 0
0  -9.018368 6.313398 2.306681  -0.916850 0.368267 -0.154161  0.928721 1.791909 0
0  -8.839809 6.946330 2.756710  -0.916850 0.368267 -0.154161  0.923576 1.508273 0
crystal_ball_glass
0  -9.018368 6.313398 2.306681  0.257599 -0.883472 -0.391305  1.349752 0.058773 0
0  -8.354993 6.251073 2.884100  0.257599 -0.883472 -0.391305  1.259017 0.445958 0
0  -9.117064 6.111463 2.697628  0.257599 -0.883472 -0.391305  1.360836 0.102524 0
crystal_ball_glass
0  -8.285907 6.392428 2.610436  0.684799 0.562428 0.463384  1.414628 -2.378899 0
0  -8.908895 6.804976 3.030375  0.684799 0.562428 0.463384  1.550110 -2.677958 0
0  -8.354993 6.251073 2.884100  0.684799 0.562428 0.463384  1.419028 -2.590377 0
crystal_ball_glass
0  -8.839809 6.946330 2.756710  -0.944877 0.319010 -0.073756  0.915590 1.380497 0
0  -9.117064 6.111463 2.697628  -0.944877 0.319010 -0.073756  0.915980 1.947435 0
0  -8.908895 6.804976 3.030375  -0.944877 0.319010 -0.073756  0.925372 1.585938 0
crystal_ball_glass
0  -9.117064 6.111463 2.697628  0.242778 -0.921887 -0.301967  1.292931 -0.276154 0
0  -8.380579 6.147070 3.181043  0.242778 -0.921887 -0.301967  1.205323 0.215317 0
0  -9.153616 5.962887 3.121831  0.242778 -0.921887 -0.301967  1.294490 -0.173798 0
crystal_ball_glass
0  -8.354993 6.251073 2.884100  0.714338 0.638981 0.285350  1.442368 -2.410630 0
0  -8.934482 6.700974 3.327317  0.714338 0.638981 0.285350  1.576190 -2.742664 0
0  -8.380579 6.147070 3.181043  0.714338 0.638981 0.285350  1.437472 -2.639549 0
crystal_ball_glass
0  -8.908895 6.804976 3.030375  -0.959700 0.280594 0.015580  0.927109 1.437258 0
0  -9.153616 5.962887 3.121831  -0.959700 0.280594 0.015580  0.902032 2.046903 0
0  -8.934482 6.700974 3.327317  -0.959700 0.280594 0.015580  0.929923 1.625646 0
crystal_ball_glass
0  -9.153616 5.962887 3.121831  0.241730 -0.947980 -0.207125  1.198872 -0.447167 0
0  -8.361682 6.084416 3.489854  0.241730 -0.947980 -0.207125  1.124855 0.122325 0
0  -9.126619 5.873382 3.562991  0.241730 -0.947980 -0.207125  1.195862 -0.281709 0
crystal_ball_glass
0  -8.380579 6.147070 3.181043  0.716421 0.690983 0.096353  1.452980 -2.408375 0
0  -8.915586 6.638319 3.636128  0.716421 0.690983 0.096353  1.585347 -2.757656 0
0  -8.361682 6.084416 3.489854  0.716421 0.690983 0.096353  1.443068 -2.646136 0
crystal_ball_glass
0  -8.934482 6.700974 3.327317  -0.960749 0.254496 0.110424  0.939360 1.490420 0
0  -9.126619 5.873382 3.562991  -0.960749 0.254496 0.110424  0.889722 2.101061 0
0  -8.915586 6.638319 3.636128  -0.960749 0.254496 0.110424  0.938021 1.647221 0
crystal_ball_glass
0  -9.126619 5.873382 3.562991  0.254497 -0.960748 -0.110425  1.082358 -0.423305 0
0  -8.299028 6.065519 3.798664  0.254497 -0.960748 -0.110425  1.029836 0.187334 0
0  -9.037113 5.846387 4.004148  0.254497 -0.960748 -0.110425  1.080333 -0.199306 0
crystal_ball_glass
0  -8.361682 6.084416 3.489854  0.690980 0.716423 -0.096352  1.442315 -2.391520 0
0  -8.852931 6.619422 3.944937  0.690980 0.716423 -0.096352  1.574683 -2.740801 0
0  -8.299028 6.065519 3.798664  0.690980 0.716423 -0.096352  1.432404 -2.629280 0
crystal_ball_glass
0  -8.915586 6.638319 3.636128  -0.947980 0.241727 0.207128  0.950562 1.551961 0
0  -9.037113 5.846387 4.004148  -0.947980 0.241727 0.207128  0.880609 2.121451 0
0  -8.852931 6.619422 3.944937  -0.947980 0.241727 0.207128  0.948571 1.667780 0
crystal_ball_glass
0  -9.037113 5.846387 4.004148  0.280591 -0.959701 -0.015584  0.960356 -0.196145 0
0  -8.195026 6.091105 4.095607  0.280591 -0.959701 -0.015584  0.933822 0.413499 0
0  -8.888539 5.882938 4.428351  0.280591 -0.959701 -0.015584  0.964608 0.072980 0
crystal_ball_glass
0  -8.299028 6.065519 3.798664  0.638981 0.714338 -0.285349  1.405446 -2.382635 0
0  -8.748929 6.645008 4.241881  0.638981 0.714338 -0.285349  1.539266 -2.714670 0
0  -8.195026 6.091105 4.095607  0.638981 0.714338 -0.285349  1.400549 -2.611556 0
crystal_ball_glass
0  -8.852931 6.619422 3.944937  -0.921888 0.242777 0.301964  0.958228 1.625963 0
0  -8.888539 5.882938 4.428351  -0.921888 0.242777 0.301964  0.875430 2.117433 0
0  -8.748929 6.645008 4.241881  -0.921888 0.242777 0.301964  0.959260 1.697613 0
crystal_ball_glass
0  -8.888539 5.882938 4.428351  0.319007 -0.944878 0.073762  0.849277 0.219487 0
0  -8.053671 6.160192 4.369270  0.319007 -0.944878 0.073762  0.849690 0.786428 0
0  -8.686602 5.981634 4.819300  0.319007 -0.944878 0.073762  0.864063 0.512978 0
crystal_ball_glass
0  -8.195026 6.091105 4.095607  0.562426 0.684798 -0.463388  1.340095 -2.403578 0
0  -8.607574 6.714095 4.515544  0.562426 0.684798 -0.463388  1.475576 -2.702638 0
0  -8.053671 6.160192 4.369270  0.562426 0.684798 -0.463388  1.344494 -2.615054 0
crystal_ball_glass
0  -8.748929 6.645008 4.241881  -0.883469 0.257605 0.391309  0.960310 1.707958 0
0  -8.686602 5.981634 4.819300  -0.883469 0.257605 0.391309  0.874557 2.095141 0
0  -8.607574 6.714095 4.515544  -0.883469 0.257605 0.391309  0.967642 1.738585 0
crystal_ball_glass
0  -8.686602 5.981634 4.819300  0.368267 -0.916850 0.154160  0.763980 0.786565 0
0  -7.880396 6.270123 4.609138  0.368267 -0.916850 0.154160  0.789003 1.274790 0
0  -8.439066 6.138678 5.161970  0.368267 -0.916850 0.154160  0.791949 1.078837 0
crystal_ball_glass
0  -8.053671 6.160192 4.369270  0.464262 0.628943 -0.623612  1.249428 -2.471403 0
0  -8.434299 6.824026 4.755413  0.464262 0.628943 -0.623612  1.384638 -2.724626 0
0  -7.880396 6.270123 4.609138  0.464262 0.628943 -0.623612  1.266029 -2.657340 0
crystal_ball_glass
0  -8.607574 6.714095 4.515544  -0.834210 0.285626 0.471711  0.956054 1.786929 0
0  -8.439066 6.138678 5.161970  -0.834210 0.285626 0.471711  0.878459 2.058190 0
0  -8.434299 6.824026 4.755413  -0.834210 0.285626 0.471711  0.972029 1.785150 0
crystal_ball_glass
0  -8.439066 6.138678 5.161970  0.426485 -0.876689 0.222545  -0.283952 1.448726 0
0  -7.681857 6.416676 4.805995  0.426485 -0.876689 0.222545  -0.239299 1.832155 0
0  -8.155440 6.348039 5.443190  0.426485 -0.876689 0.222545  -0.242099 1.712542 0
crystal_ball_glass
0  -7.880396 6.270123 4.609138  0.348247 0.548916 -0.759878  0.142986 -2.594795 0
0  -8.235760 6.970578 4.952269  0.348247 0.548916 -0.759878  0.273503 -2.793217 0
0  -7.681857 6.416676 4.805995  0.348247 0.548916 -0.759878  0.172867 -2.747900 0
crystal_ball_glass
0  -8.434299 6.824026 4.755413  -0.775992 0.325786 0.540092  -0.053633 1.848985 0
0  -8.155440 6.348039 5.443190  -0.775992 0.325786 0.540092  -0.112200 2.009205 0
0  -8.235760 6.970578 4.952269  -0.775992 0.325786 0.540092  -0.028016 1.827113 0
crystal_ball_glass
0  -8.155440 6.348039 5.443190  0.491412 -0.825950 0.276263  -0.287663 2.135311 0
0  -7.465690 6.594214 4.952270  0.491412 -0.825950 0.276263  -0.230065 2.400530 0
0  -7.846627 6.601667 5.652158  0.491412 -0.825950 0.276263  -0.233226 2.345098 0
crystal_ball_glass
0  -7.681857 6.416676 4.805995  0.218857 0.447797 -0.866937  0.035391 -2.771686 0
0  -8.019592 7.148118 5.098544  0.218857 0.447797 -0.866937  0.154652 -2.910825 0
0  -7.465690 6.594214 4.952270  0.218857 0.447797 -0.866937  0.077607 -2.885803 0
crystal_ball_glass
0  -8.235760 6.970578 4.952269  -0.711063 0.376525 0.593816  -0.066303 1.881599 0
0  -7.846627 6.601667 5.652158  -0.711063 0.376525 0.593816  -0.096807 1.951415 0
0  -8.019592 7.148118 5.098544  -0.711063 0.376525 0.593816  -0.031591 1.853216 0
crystal_ball_glass
0  -7.846627 6.601667 5.652158  0.560566 -0.766568 0.313271  -0.246107 2.768845 0
0  -7.240194 6.795923 5.042347  0.560566 -0.766568 0.313271  -0.182873 2.916246 0
0  -7.524494 6.889820 5.780838  0.560566 -0.766568 0.313271  -0.182162 2.903793 0
crystal_ball_glass
0  -7.465690 6.594214 4.952270  0.081055 0.329470 -0.940681  -0.057299 -2.988573 0
0  -7.794097 7.349825 5.188622  0.081055 0.329470 -0.940681  0.042910 -3.068503 0
0  -7.240194 6.795923 5.042347  0.081055 0.329470 -0.940681  -0.005600 -3.059016 0
crystal_ball_glass
0  -8.019592 7.148118 5.098544  -0.641913 0.435909 0.630818  -0.078602 1.876830 0
0  -7.524494 6.889820 5.780838  -0.641913 0.435909 0.630818  -0.075214 1.889123 0
0  -7.794097 7.349825 5.188622  -0.641913 0.435909 0.630818  -0.036830 1.854137 0
crystal_ball_glass
0  -7.524494 6.889820 5.780838  0.631278 -0.700839 0.332134  -0.164512 3.274436 0
0  -7.014044 7.014041 5.072762  0.631278 -0.700839 0.332134  -0.102497 3.317717 0
0  -7.201420 7.201419 5.824290  0.631278 -0.700839 0.332134  -0.095461 3.320987 0
crystal_ball_glass
0  -7.240194 6.795923 5.042347  -0.059866 0.198479 -0.978275  -0.122146 -3.222058 0
0  -7.567946 7.567944 5.219036  -0.059866 0.198479 -0.978275  -0.048725 -3.246956 0
0  -7.014044 7.014041 5.072762  -0.059866 0.198479 -0.978275  -0.065300 -3.245873 0
crystal_ball_glass
0  -7.794097 7.349825 5.188622  -0.571198 0.501643 0.649682  -0.087057 1.832649 0
0  -7.201420 7.201419 5.824290  -0.571198 0.501643 0.649682  -0.048108 1.826808 0
0  -7.567946 7.567944 5.219036  -0.571198 0.501643 0.649682  -0.041449 1.824083 0
crystal_ball_glass
0  -7.201420 7.201419 5.824290  0.700837 -0.631280 0.332133  -0.053963 3.590666 0
0  -6.795923 7.240194 5.042347  0.700837 -0.631280 0.332133  0.001408 3.554811 0
0  -6.889818 7.524495 5.780841  0.700837 -0.631280 0.332133  0.015088 3.544116 0
crystal_ball_glass
0  -7.014044 7.014041 5.072762  -0.198477 0.059864 -0.978276  -0.153362 -3.442206 0
0  -7.349826 7.794096 5.188622  -0.198477 0.059864 -0.978276  -0.113091 -3.419476 0
0  -6.795923 7.240194 5.042347  -0.198477 0.059864 -0.978276  -0.096516 -3.418394 0
crystal_ball_glass
0  -7.567946 7.567944 5.219036  -0.501640 0.571199 0.649683  -0.089150 1.752178 0
0  -6.889818 7.524495 5.780841  -0.501640 0.571199 0.649683  -0.017336 1.767142 0
0  -7.349826 7.794096 5.188622  -0.501640 0.571199 0.649683  -0.043542 1.760745 0
crystal_ball_glass
0  -6.889818 7.524495 5.780841  0.766569 -0.560567 0.313269  0.069977 3.679689 0
0  -6.594214 7.465689 4.952272  0.766569 -0.560567 0.313269  0.115449 3.597678 0
0  -6.601665 7.846629 5.652160  0.766569 -0.560567 0.313269  0.133921 3.544741 0
crystal_ball_glass
0  -6.795923 7.240194 5.042347  -0.329463 -0.081049 -0.940683  -0.154237 -3.617400 0
0  -7.148117 8.019592 5.098547  -0.329463 -0.081049 -0.940683  -0.151047 -3.556451 0
0  -6.594214 7.465689 4.952272  -0.329463 -0.081049 -0.940683  -0.102538 -3.546966 0
crystal_ball_glass
0  -7.349826 7.794096 5.188622  -0.435910 0.641910 0.630821  -0.083463 1.641294 0
0  -6.601665 7.846629 5.652160  -0.435910 0.641910 0.630821  0.014596 1.708695 0
0  -7.148117 8.019592 5.098547  -0.435910 0.641910 0.630821  -0.041691 1.663985 0
crystal_ball_glass
0  -6.601665 7.846629 5.652160  0.825951 -0.491410 0.276263  0.189613 3.534698 0
0  -6.416676 7.681857 4.805995  0.825951 -0.491410 0.276263  0.224558 3.443278 0
0  -6.348040 8.155439 5.443192  0.825951 -0.491410 0.276263  0.244050 3.324912 0
crystal_ball_glass
0  -6.594214 7.465689 4.952272  -0.447801 -0.218860 -0.866934  -0.136035 -3.719556 0
0  -6.970578 8.235760 4.952270  -0.447801 -0.218860 -0.866934  -0.170865 -3.630458 0
0  -6.416676 7.681857 4.805995  -0.447801 -0.218860 -0.866934  -0.093819 -3.605437 0
crystal_ball_glass
0  -7.148117 8.019592 5.098547  -0.376526 0.711065 0.593813  -0.069589 1.505800 0
0  -6.348040 8.155439 5.443192  -0.376526 0.711065 0.593813  0.045215 1.644549 0
0  -6.970578 8.235760 4.952270  -0.376526 0.711065 0.593813  -0.034877 1.534183 0
crystal_ball_glass
0  -6.348040 8.155439 5.443192  0.876690 -0.426486 0.222542  0.288081 3.182830 0
0  -6.270123 7.880394 4.609140  0.876690 -0.426486 0.222542  0.314578 3.117772 0
0  -6.138679 8.439064 5.161971  0.876690 -0.426486 0.222542  0.329934 2.919015 0
crystal_ball_glass
0  -6.416676 7.681857 4.805995  -0.548918 -0.348250 -0.759876  -0.114219 -3.728352 0
0  -6.824026 8.434296 4.755414  -0.548918 -0.348250 -0.759876  -0.184974 -3.620565 0
0  -6.270123 7.880394 4.609140  -0.548918 -0.348250 -0.759876  -0.084338 -3.575247 0
crystal_ball_glass
0  -6.970578 8.235760 4.952270  -0.325785 0.775999 0.540083  -0.048094 1.349485 0
0  -6.138679 8.439064 5.161971  -0.325785 0.775999 0.540083  0.072686 1.562824 0
0  -6.824026 8.434296 4.755414  -0.325785 0.775999 0.540083  -0.022477 1.371357 0
crystal_ball_glass
0  -6.138679 8.439064 5.161971  0.916848 -0.368271 0.154163  0.352406 2.682135 0
0  -6.160192 8.053669 4.369272  0.916848 -0.368271 0.154163  0.374931 2.673500 0
0  -5.981632 8.686602 4.819303  0.916848 -0.368271 0.154163  0.380376 2.389863 0
crystal_ball_glass
0  -6.270123 7.880394 4.609140  -0.628942 -0.464260 -0.623614  -0.103277 -3.634509 0
0  -6.714095 8.607573 4.515546  -0.628942 -0.464260 -0.623614  -0.205283 -3.515859 0
0  -6.160192 8.053669 4.369272  -0.628942 -0.464260 -0.623614  -0.086675 -3.448576 0
crystal_ball_glass
0  -6.824026 8.434296 4.755414  -0.285630 0.834208 0.471713  -0.019581 1.173681 0
0  -5.981632 8.686602 4.819303  -0.285630 0.834208 0.471713  0.096811 1.449260 0
0  -6.714095 8.607573 4.515546  -0.285630 0.834208 0.471713  -0.003605 1.175460 0
crystal_ball_glass
0  -5.981632 8.686602 4.819303  0.944879 -0.319006 0.073755  0.376055 2.112904 0
0  -6.091105 8.195026 4.095608  0.944879 -0.319006 0.073755  0.400779 2.180910 0
0  -5.882938 8.888538 4.428353  0.944879 -0.319006 0.073755  0.390841 1.819414 0
crystal_ball_glass
0  -6.160192 8.053669 4.369272  -0.684799 -0.562423 -0.463391  -0.111677 -3.440907 0
0  -6.645007 8.748930 4.241882  -0.684799 -0.562423 -0.463391  -0.238358 -3.317011 0
0  -6.091105 8.195026 4.095608  -0.684799 -0.562423 -0.463391  -0.107277 -3.229431 0
crystal_ball_glass
0  -6.714095 8.607573 4.515546  -0.257599 0.883468 0.391315  0.015903 0.978842 0
0  -5.882938 8.888538 4.428353  -0.257599 0.883468 0.391315  0.119464 1.291648 0
0  -6.645007 8.748930 4.241882  -0.257599 0.883468 0.391315  0.023235 0.948217 0
crystal_ball_glass
0  -5.882938 8.888538 4.428353  0.959701 -0.280590 -0.015582  0.360424 1.564379 0
0  -6.065518 8.299028 3.798666  0.959701 -0.280590 -0.015582  0.394187 1.716508 0
0  -5.846387 9.037113 4.004149  0.959701 -0.280590 -0.015582  0.364677 1.295254 0
crystal_ball_glass
0  -6.091105 8.195026 4.095608  -0.714339 -0.638979 -0.285353  -0.138774 -3.162054 0
0  -6.619421 8.852932 3.944940  -0.714339 -0.638979 -0.285353  -0.282387 -3.036245 0
0  -6.065518 8.299028 3.798666  -0.714339 -0.638979 -0.285353  -0.143671 -2.933134 0
crystal_ball_glass
0  -6.645007 8.748930 4.241882  -0.242775 0.921889 0.301963  0.059123 0.767265 0
0  -5.846387 9.037113 4.004149  -0.242775 0.921889 0.301963  0.144426 1.084729 0
0  -6.619421 8.852932 3.944940  -0.242775 0.921889 0.301963  0.060154 0.695616 0
crystal_ball_glass
0  -5.846387 9.037113 4.004149  0.960748 -0.254498 -0.110423  0.314845 1.119445 0
0  -6.084416 8.361681 3.489855  0.960748 -0.254498 -0.110423  0.363925 1.349286 0
0  -5.873382 9.126619 3.562993  0.960748 -0.254498 -0.110423  0.312821 0.895447 0
crystal_ball_glass
0  -6.065518 8.299028 3.798666  -0.716425 -0.690980 -0.096346  -0.174355 -2.822335 0
0  -6.638319 8.915585 3.636129  -0.716425 -0.690980 -0.096346  -0.326547 -2.696092 0
0  -6.084416 8.361681 3.489855  -0.716425 -0.690980 -0.096346  -0.184267 -2.584573 0
crystal_ball_glass
0  -6.619421 8.852932 3.944940  -0.241730 0.947980 0.207125  0.111571 0.545990 0
0  -5.873382 9.126619 3.562993  -0.241730 0.947980 0.207125  0.176690 0.834202 0
0  -6.638319 8.915585 3.636129  -0.241730 0.947980 0.207125  0.109580 0.430169 0
crystal_ball_glass
0  -5.873382 9.126619 3.562993  0.947980 -0.241729 -0.207125  0.255021 0.840088 0
0  -6.147070 8.380579 3.181044  0.947980 -0.241729 -0.207125  0.323921 1.128300 0
0  -5.962889 9.153612 3.121831  0.947980 -0.241729 -0.207125  0.252011 0.674631 0
crystal_ball_glass
0  -6.084416 8.361681 3.489855  -0.690980 -0.716424 0.096350  -0.201114 -2.453078 0
0  -6.700973 8.934481 3.327318  -0.690980 -0.716424 0.096350  -0.353304 -2.326836 0
0  -6.147070 8.380579 3.181044  -0.690980 -0.716424 0.096350  -0.211026 -2.215316 0
crystal_ball_glass
0  -6.638319 8.915585 3.636129  -0.254497 0.960749 0.110419  0.174774 0.328474 0
0  -5.962889 9.153612 3.121831  -0.254497 0.960749 0.110419  0.221159 0.558314 0
0  -6.700973 8.934481 3.327318  -0.254497 0.960749 0.110419  0.173435 0.171674 0
crystal_ball_glass
0  -5.962889 9.153612 3.121831  0.921886 -0.242777 -0.301969  0.200583 0.756545 0
0  -6.251073 8.354992 2.884101  0.921886 -0.242777 -0.301969  0.290841 1.074010 0
0  -6.111465 9.117060 2.697628  0.921886 -0.242777 -0.301969  0.202142 0.654189 0
crystal_ball_glass
0  -6.147070 8.380579 3.181044  -0.638980 -0.714337 0.285354  -0.199238 -2.089035 0
0  -6.804976 8.908894 3.030375  -0.638980 -0.714337 0.285354  -0.342849 -1.963228 0
0  -6.251073 8.354992 2.884101  -0.638980 -0.714337 0.285354  -0.204134 -1.860116 0
crystal_ball_glass
0  -6.700973 8.934481 3.327318  -0.280591 0.959701 0.015581  0.249166 0.134248 0
0  -6.111465 9.117060 2.697628  -0.280591 0.959701 0.015581  0.281075 0.286375 0
0  -6.804976 8.908894 3.030375  -0.280591 0.959701 0.015581  0.251979 -0.054142 0
crystal_ball_glass
0  -6.111465 9.117060 2.697628  0.883471 -0.257599 -0.391308  0.171098 0.862276 0
0  -6.392429 8.285904 2.610436  0.883471 -0.257599 -0.391308  0.280675 1.175081 0
0  -6.313401 9.018366 2.306679  0.883471 -0.257599 -0.391308  0.182181 0.818523 0
crystal_ball_glass
0  -6.251073 8.354992 2.884101  -0.562426 -0.684795 0.463392  -0.151841 -1.764527 0
0  -6.946332 8.839808 2.756710  -0.562426 -0.684795 0.463392  -0.278523 -1.640630 0
0  -6.392429 8.285904 2.610436  -0.562426 -0.684795 0.463392  -0.147441 -1.553051 0
crystal_ball_glass
0  -6.804976 8.908894 3.030375  -0.319005 0.944879 -0.073758  0.333965 -0.013981 0
0  -6.313401 9.018366 2.306679  -0.319005 0.944879 -0.073758  0.357331 0.054022 0
0  -6.946332 8.839808 2.756710  -0.319005 0.944879 -0.073758  0.343747 -0.219426 0
crystal_ball_glass
0  -6.313401 9.018366 2.306679  0.834209 -0.285628 -0.471713  0.182527 1.115865 0
0  -6.565706 8.175972 2.370566  0.834209 -0.285628 -0.471713  0.305679 1.391447 0
0  -6.560939 8.861320 1.964009  0.834209 -0.285628 -0.471713  0.206675 1.118409 0
crystal_ball_glass
0  -6.392429 8.285904 2.610436  -0.464259 -0.628940 0.623616  -0.049886 -1.509164 0
0  -7.119609 8.729876 2.516840  -0.464259 -0.628940 0.623616  -0.151893 -1.390510 0
0  -6.565706 8.175972 2.370566  -0.464259 -0.628940 0.623616  -0.033284 -1.323226 0
crystal_ball_glass
0  -6.946332 8.839808 2.756710  -0.368269 0.916849 -0.154164  0.426270 -0.095015 0
0  -6.560939 8.861320 1.964009  -0.368269 0.916849 -0.154164  0.447558 -0.103653 0
0  -7.119609 8.729876 2.516840  -0.368269 0.916849 -0.154164  0.444773 -0.299608 0
gold_player
0  -4.557669 4.209639 4.430507  0.533213 -0.533218 -0.656782  0.000000 0.000000 0
0  -4.922362 5.270387 3.273242  0.533213 -0.533218 -0.656782  0.000000 0.000000 0
0  -4.209641 4.557665 4.430506  0.533213 -0.533218 -0.656782  0.000000 0.000000 0
painted_wood_01
0  -4.513397 3.729790 14.505948  -0.699689 0.699692 0.144452  0.298096 0.539551 0
0  -3.200302 3.983907 19.635355  -0.699689 0.699692 0.144452  0.298096 0.539551 0
0  -3.729789 4.513393 14.505947  -0.699689 0.699692 0.144452  0.298096 0.539551 0
painted_wood_01
0  -3.631074 2.847467 19.219650  -0.707107 -0.707106 -0.000001  0.298096 0.539551 0
0  -3.834977 3.051367 22.945499  -0.707107 -0.707106 -0.000001  0.298096 0.539551 0
0  -3.983909 3.200302 19.635353  -0.707107 -0.707106 -0.000001  0.298096 0.539551 0
painted_wood_01
0  -6.672784 6.150411 6.028134  -0.666231 0.662121 -0.343122  0.298096 0.539551 0
0  -6.197910 6.721047 6.207235  -0.666231 0.662121 -0.343122  0.298096 0.539551 0
0  -6.150412 6.672781 6.028132  -0.666231 0.662121 -0.343122  0.298096 0.539551 0
gold_player
0  -4.036065 3.252458 1.902435  0.391400 -0.391400 0.832833  0.000000 0.000000 0
0  -2.877920 3.661523 1.550397  0.391400 -0.391400 0.832833  0.000000 0.000000 0
0  -3.252458 4.036062 1.902434  0.391400 -0.391400 0.832833  0.000000 0.000000 0
crystal_ball_glass
0  -2.779753 2.431723 12.435316  0.674607 -0.674614 -0.299670  0.000000 0.000000 0
0  -4.209641 4.557665 4.430506  0.674607 -0.674614 -0.299670  0.000000 0.000000 0
0  -2.431724 2.779750 12.435314  0.674607 -0.674614 -0.299670  0.000000 0.000000 0
painted_wood_01
0  -5.670677 4.887069 3.089588  0.323025 -0.323024 0.889556  0.298096 0.539551 0
0  -3.252458 4.036062 1.902434  0.323025 -0.323024 0.889556  0.298096 0.539551 0
0  -4.887070 5.670673 3.089586  0.323025 -0.323024 0.889556  0.298096 0.539551 0
gold_player
0  -3.661527 2.877920 1.550398  0.215695 -0.215698 -0.952339  0.000000 0.000000 0
0  -3.672135 4.455738 1.190632  0.215695 -0.215698 -0.952339  0.000000 0.000000 0
0  -2.877920 3.661523 1.550397  0.215695 -0.215698 -0.952339  0.000000 0.000000 0
gold_player
0  -4.036065 3.252458 1.902435  -0.520462 -0.833677 -0.184669  0.000000 0.000000 0
0  -4.455741 3.672134 1.190633  -0.520467 -0.833672 -0.184678  0.000000 0.000000 0
0  -3.661527 2.877920 1.550398  -0.520459 -0.833679 -0.184665  0.000000 0.000000 0
gold_player
0  -4.455741 3.672134 1.190633  -0.372429 0.372430 -0.850054  0.000000 0.000000 0
0  -4.285355 6.146595 2.200104  -0.372429 0.372430 -0.850054  0.000000 0.000000 0
0  -3.672135 4.455738 1.190632  -0.372429 0.372430 -0.850054  0.000000 0.000000 0
gold_player
0  -3.252458 4.036062 1.902434  0.833690 0.520433 -0.184693  0.000000 0.000000 0
0  -3.672135 4.455738 1.190632  0.833688 0.520435 -0.184696  0.000000 0.000000 0
0  -4.285355 6.146595 2.200104  0.833692 0.520430 -0.184689  0.000000 0.000000 0
painted_wood_01
0  -5.670677 4.887069 3.089588  -0.266091 -0.726346 0.633733  0.298096 0.539551 0
0  -6.146601 4.285356 2.200109  -0.266091 -0.726346 0.633733  0.298096 0.539551 0
0  -4.036065 3.252458 1.902435  -0.266091 -0.726346 0.633733  0.298096 0.539551 0
painted_wood_01
0  -3.252458 4.036062 1.902434  0.726346 0.266092 0.633732  0.298096 0.539551 0
0  -4.285355 6.146595 2.200104  0.726346 0.266092 0.633732  0.298096 0.539551 0
0  -4.887070 5.670673 3.089586  0.726346 0.266092 0.633732  0.298096 0.539551 0
painted_wood_01
0  -4.887070 5.670673 3.089586  -0.054073 -0.864756 -0.499272  0.298096 0.539551 0
0  -4.285355 6.146595 2.200104  -0.054073 -0.864756 -0.499272  0.298096 0.539551 0
0  -4.037978 4.821580 4.468280  -0.054073 -0.864756 -0.499272  0.298096 0.539551 0
painted_wood_01
0  -4.821584 4.037977 4.468282  0.864755 0.054071 -0.499274  0.298096 0.539551 0
0  -6.146601 4.285356 2.200109  0.864755 0.054071 -0.499274  0.298096 0.539551 0
0  -5.670677 4.887069 3.089588  0.864755 0.054071 -0.499274  0.298096 0.539551 0
black
0  -7.370600 5.389429 2.378337  -0.679604 -0.691932 0.243657  0.000000 0.000000 0
0  -5.427089 4.182586 4.372017  -0.679612 -0.691927 0.243649  0.000000 0.000000 0
0  -6.734782 5.593443 5.455659  -0.679611 -0.691927 0.243650  0.000000 0.000000 0
black
0  -5.389429 7.370600 2.378336  0.691884 0.679626 0.243733  0.000000 0.000000 0
0  -4.182586 5.427085 4.372015  0.691872 0.679644 0.243713  0.000000 0.000000 0
0  -4.345800 6.477699 2.630156  0.691881 0.679631 0.243728  0.000000 0.000000 0
painted_wood_01
0  -6.672784 6.150411 6.028134  0.000000 0.000000 1.000000  0.298096 0.539551 0
0  -7.586419 5.826493 1.835556  0.000000 0.000000 1.000000  0.298096 0.539551 0
0  -7.586419 5.826493 1.835556  0.000000 0.000000 1.000000  0.298096 0.539551 0
painted_wood_01
0  -5.826494 7.586419 1.835556  0.000000 0.000000 1.000000  0.298096 0.539551 0
0  -6.150412 6.672781 6.028132  0.000000 0.000000 1.000000  0.298096 0.539551 0
0  -6.150412 6.672781 6.028132  0.000000 0.000000 1.000000  0.298096 0.539551 0
painted_wood_01
0  -4.037978 4.821580 4.468280  0.000000 0.000000 1.000000  0.298096 0.539551 0
0  -4.285355 6.146595 2.200104  0.000000 0.000000 1.000000  0.298096 0.539551 0
0  -4.285355 6.146595 2.200104  0.000000 0.000000 1.000000  0.298096 0.539551 0
painted_wood_01
0  -6.146601 4.285356 2.200109  0.000000 0.000000 1.000000  0.298096 0.539551 0
0  -4.821584 4.037977 4.468282  0.000000 0.000000 1.000000  0.298096 0.539551 0
0  -4.821584 4.037977 4.468282  0.000000 0.000000 1.000000  0.298096 0.539551 0
painted_wood_01
0  -7.586419 5.826493 1.835556  0.000000 0.000000 1.000000  0.298096 0.539551 0
0  -6.146601 4.285356 2.200109  0.000000 0.000000 1.000000  0.298096 0.539551 0
0  -6.146601 4.285356 2.200109  0.000000 0.000000 1.000000  0.298096 0.539551 0
painted_wood_01
0  -4.821584 4.037977 4.468282  0.000000 0.000000 1.000000  0.298096 0.539551 0
0  -6.672784 6.150411 6.028134  0.000000 0.000000 1.000000  0.298096 0.539551 0
0  -6.672784 6.150411 6.028134  0.000000 0.000000 1.000000  0.298096 0.539551 0
painted_wood_01
0  -6.150412 6.672781 6.028132  0.000000 0.000000 1.000000  0.298096 0.539551 0
0  -4.037978 4.821580 4.468280  0.000000 0.000000 1.000000  0.298096 0.539551 0
0  -4.037978 4.821580 4.468280  0.000000 0.000000 1.000000  0.298096 0.539551 0
painted_wood_01
0  -4.285355 6.146595 2.200104  0.000000 0.000000 1.000000  0.298096 0.539551 0
0  -5.826494 7.586419 1.835556  0.000000 0.000000 1.000000  0.298096 0.539551 0
0  -5.826494 7.586419 1.835556  0.000000 0.000000 1.000000  0.298096 0.539551 0
painted_wood_01
0  -7.370600 5.389429 2.378337  -0.656926 -0.673612 -0.338667  0.298096 0.539551 0
0  -6.146601 4.285356 2.200109  -0.656926 -0.673612 -0.338667  0.298096 0.539551 0
0  -6.477705 4.345802 2.630160  -0.656920 -0.673617 -0.338668  0.298096 0.539551 0
painted_wood_01
0  -5.427089 4.182586 4.372017  -0.231169 -0.707968 0.667339  0.298096 0.539551 0
0  -6.672784 6.150411 6.028134  -0.231169 -0.707968 0.667339  0.298096 0.539551 0
0  -6.734782 5.593443 5.455659  -0.231169 -0.707968 0.667340  0.298096 0.539551 0
painted_wood_01
0  -5.593443 6.734778 5.455657  0.707968 0.231203 0.667327  0.298096 0.539551 0
0  -4.037978 4.821580 4.468280  0.707970 0.231202 0.667327  0.298096 0.539551 0
0  -4.182586 5.427085 4.372015  0.707972 0.231199 0.667325  0.298096 0.539551 0
painted_wood_01
0  -4.345800 6.477699 2.630156  0.673622 0.656954 -0.338593  0.298096 0.539551 0
0  -5.826494 7.586419 1.835556  0.673621 0.656955 -0.338593  0.298096 0.539551 0
0  -5.389429 7.370600 2.378336  0.673620 0.656956 -0.338594  0.298096 0.539551 0
painted_wood_01
0  -6.734782 5.593443 5.455659  -0.963752 -0.155634 0.216703  0.298096 0.539551 0
0  -7.586419 5.826493 1.835556  -0.963751 -0.155635 0.216707  0.298096 0.539551 0
0  -7.370600 5.389429 2.378337  -0.963752 -0.155634 0.216702  0.298096 0.539551 0
painted_wood_01
0  -5.389429 7.370600 2.378336  0.155579 0.963760 0.216706  0.298096 0.539551 0
0  -6.150412 6.672781 6.028132  0.155580 0.963760 0.216704  0.298096 0.539551 0
0  -5.593443 6.734778 5.455657  0.155581 0.963761 0.216700  0.298096 0.539551 0
painted_wood_01
0  -4.182586 5.427085 4.372015  0.978237 0.206313 0.022063  0.298096 0.539551 0
0  -4.285355 6.146595 2.200104  0.978237 0.206315 0.022060  0.298096 0.539551 0
0  -4.345800 6.477699 2.630156  0.978237 0.206314 0.022062  0.298096 0.539551 0
painted_wood_01
0  -6.477705 4.345802 2.630160  -0.206309 -0.978238 0.022064  0.298096 0.539551 0
0  -4.821584 4.037977 4.468282  -0.206310 -0.978238 0.022063  0.298096 0.539551 0
0  -5.427089 4.182586 4.372017  -0.206312 -0.978238 0.022061  0.298096 0.539551 0
painted_wood_01
0  -3.983909 3.200302 19.635353  -0.705679 0.705681 0.063502  0.298096 0.539551 0
0  -3.051370 3.834970 22.945499  -0.705679 0.705681 0.063502  0.298096 0.539551 0
0  -3.200302 3.983907 19.635355  -0.705679 0.705681 0.063502  0.298096 0.539551 0
painted_wood_01
0  -2.431724 2.779750 12.435314  0.847744 -0.517369 0.116871  0.298096 0.539551 0
0  -2.847467 3.631071 19.219650  0.847744 -0.517369 0.116871  0.298096 0.539551 0
0  -2.987132 3.335159 18.922775  0.847744 -0.517369 0.116871  0.298096 0.539551 0
painted_wood_01
0  -5.270390 4.922360 3.273242  0.409969 -0.409972 -0.814769  0.298096 0.539551 0
0  -4.887070 5.670673 3.089586  0.409969 -0.409972 -0.814769  0.298096 0.539551 0
0  -4.922362 5.270387 3.273242  0.409969 -0.409972 -0.814769  0.298096 0.539551 0
painted_wood_01
0  -3.335160 2.987132 18.922775  0.517366 -0.847746 0.116871  0.298096 0.539551 0
0  -3.049926 2.266319 12.431530  0.517366 -0.847746 0.116871  0.298096 0.539551 0
0  -2.779753 2.431723 12.435316  0.517366 -0.847746 0.116871  0.298096 0.539551 0
painted_wood_01
0  -4.922362 5.270387 3.273242  0.683651 -0.353274 -0.638607  0.298096 0.539551 0
0  -4.037978 4.821580 4.468280  0.683651 -0.353274 -0.638607  0.298096 0.539551 0
0  -4.209641 4.557665 4.430506  0.683651 -0.353274 -0.638607  0.298096 0.539551 0
painted_wood_01
0  -4.557669 4.209639 4.430507  0.353272 -0.683654 -0.638605  0.298096 0.539551 0
0  -5.670677 4.887069 3.089588  0.353272 -0.683654 -0.638605  0.298096 0.539551 0
0  -5.270390 4.922360 3.273242  0.353272 -0.683654 -0.638605  0.298096 0.539551 0
painted_wood_01
0  -3.983909 3.200302 19.635353  -0.707106 -0.707107 0.000000  0.298096 0.539551 0
0  -3.049926 2.266319 12.431530  -0.707106 -0.707107 0.000000  0.298096 0.539551 0
0  -3.631074 2.847467 19.219650  -0.707106 -0.707107 0.000000  0.298096 0.539551 0
painted_wood_01
0  -2.847467 3.631071 19.219650  0.707107 0.707107 -0.000000  0.298096 0.539551 0
0  -3.729789 4.513393 14.505947  0.707107 0.707107 -0.000000  0.298096 0.539551 0
0  -3.200302 3.983907 19.635355  0.707107 0.707107 -0.000000  0.298096 0.539551 0
crystal_ball_glass
0  -2.981033 2.676710 18.702389  0.701980 -0.701981 0.120197  0.000000 0.000000 0
0  -2.191058 2.495373 13.029676  0.701980 -0.701981 0.120197  0.000000 0.000000 0
0  -2.676713 2.981029 18.702389  0.701980 -0.701981 0.120197  0.000000 0.000000 0
crystal_ball_glass
0  -2.779753 2.431723 12.435316  -0.656186 -0.754552 0.008422  0.000000 0.000000 0
0  -2.981033 2.676710 18.702389  -0.656186 -0.754552 0.008422  0.000000 0.000000 0
0  -3.335160 2.987132 18.922775  -0.656186 -0.754552 0.008422  0.000000 0.000000 0
crystal_ball_glass
0  -2.987132 3.335159 18.922775  0.754557 0.656180 0.008422  0.000000 0.000000 0
0  -2.191058 2.495373 13.029676  0.754557 0.656180 0.008422  0.000000 0.000000 0
0  -2.431724 2.779750 12.435314  0.754557 0.656180 0.008422  0.000000 0.000000 0
painted_wood_01
0  -3.335160 2.987132 18.922775  0.369503 -0.927245 -0.060697  0.298096 0.539551 0
0  -3.477409 2.693798 22.537962  0.369503 -0.927245 -0.060697  0.298096 0.539551 0
0  -3.631074 2.847467 19.219650  0.369503 -0.927245 -0.060698  0.298096 0.539551 0
gold_player
0  -2.431724 2.779750 12.435314  0.701979 -0.701982 0.120197  0.000000 0.000000 0
0  -3.335160 2.987132 18.922775  0.701979 -0.701982 0.120197  0.000000 0.000000 0
0  -2.779753 2.431723 12.435316  0.701979 -0.701982 0.120197  0.000000 0.000000 0
painted_wood_01
0  -3.834977 3.051367 22.945499  0.443711 -0.443713 0.778614  0.298096 0.539551 0
0  -2.693802 3.477403 22.537962  0.443711 -0.443713 0.778614  0.298096 0.539551 0
0  -3.051370 3.834970 22.945499  0.443711 -0.443713 0.778614  0.298096 0.539551 0
painted_wood_01
0  -2.830065 3.178087 22.242926  0.658602 -0.658607 0.363978  0.298096 0.539551 0
0  -3.477409 2.693798 22.537962  0.658602 -0.658607 0.363978  0.298096 0.539551 0
0  -3.178093 2.830060 22.242926  0.658602 -0.658607 0.363978  0.298096 0.539551 0
crystal_ball_glass
0  -3.178093 2.830060 22.242926  0.289803 -0.289807 0.912154  0.000000 0.000000 0
0  -2.517155 2.821467 22.030205  0.289803 -0.289807 0.912154  0.000000 0.000000 0
0  -2.830065 3.178087 22.242926  0.289803 -0.289807 0.912154  0.000000 0.000000 0
painted_wood_01
0  -3.200302 3.983907 19.635355  0.707108 0.707105 0.000001  0.298096 0.539551 0
0  -2.693802 3.477403 22.537962  0.707108 0.707105 0.000001  0.298096 0.539551 0
0  -2.847467 3.631071 19.219650  0.707108 0.707105 0.000001  0.298096 0.539551 0
crystal_ball_glass
0  -2.987132 3.335159 18.922775  0.750652 0.660684 -0.004313  0.000000 0.000000 0
0  -2.517155 2.821467 22.030205  0.750652 0.660684 -0.004313  0.000000 0.000000 0
0  -2.676713 2.981029 18.702389  0.750652 0.660684 -0.004313  0.000000 0.000000 0
crystal_ball_glass
0  -2.676713 2.981029 18.702389  0.705486 -0.705487 -0.067652  0.000000 0.000000 0
0  -2.821475 2.517148 22.030205  0.705486 -0.705487 -0.067652  0.000000 0.000000 0
0  -2.981033 2.676710 18.702389  0.705486 -0.705487 -0.067652  0.000000 0.000000 0
painted_wood_01
0  -2.847467 3.631071 19.219650  0.927249 -0.369493 -0.060700  0.298096 0.539551 0
0  -2.830065 3.178087 22.242926  0.927249 -0.369493 -0.060700  0.298096 0.539551 0
0  -2.987132 3.335159 18.922775  0.927249 -0.369493 -0.060700  0.298096 0.539551 0
crystal_ball_glass
0  -2.981033 2.676710 18.702389  -0.660668 -0.750666 -0.004258  0.000000 0.000000 0
0  -3.178093 2.830060 22.242926  -0.660668 -0.750666 -0.004258  0.000000 0.000000 0
0  -3.335160 2.987132 18.922775  -0.660668 -0.750666 -0.004258  0.000000 0.000000 0
painted_wood_01
0  -4.513397 3.729790 14.505948  -0.368183 0.617308 -0.695249  0.298096 0.539551 0
0  -2.779753 2.431723 12.435316  -0.368183 0.617308 -0.695249  0.298096 0.539551 0
0  -3.049926 2.266319 12.431530  -0.368183 0.617308 -0.695249  0.298096 0.539551 0
painted_wood_01
0  -2.431724 2.779750 12.435314  -0.617306 0.368186 -0.695250  0.298096 0.539551 0
0  -3.729789 4.513393 14.505947  -0.617306 0.368186 -0.695250  0.298096 0.539551 0
0  -2.266319 3.049922 12.431528  -0.617306 0.368186 -0.695250  0.298096 0.539551 0
painted_wood_01
0  -6.672784 6.150411 6.028134  0.654405 0.713192 -0.251220  0.298096 0.539551 0
0  -4.557669 4.209639 4.430507  -0.590719 -0.643846 0.486326  0.298096 0.539551 0
0  -6.672784 6.150411 6.028134  0.000000 0.000000 -0.251220  0.298096 0.539551 0
painted_wood_01
0  -4.209641 4.557665 4.430506  0.341106 -0.346922 0.873666  0.298096 0.539551 0
0  -4.037978 4.821580 4.468280  0.341106 -0.346922 0.873666  0.298096 0.539551 0
0  -6.150412 6.672781 6.028132  0.341106 -0.346922 0.873666  0.298096 0.539551 0
painted_wood_01
0  -6.672784 6.150411 6.028134  0.000000 0.000000 1.000000  0.298096 0.539551 0
0  -6.718204 6.195065 6.208757  0.000000 0.000000 1.000000  0.298096 0.539551 0
0  -6.672784 6.150411 6.028134  0.000000 0.000000 1.000000  0.298096 0.539551 0
painted_wood_01
0  -4.513397 3.729790 14.505948  -0.722185 -0.691567 -0.013574  0.298096 0.539551 0
0  -6.718204 6.195065 6.208757  -0.722185 -0.691567 -0.013574  0.298096 0.539551 0
0  -6.672784 6.150411 6.028134  -0.722185 -0.691567 -0.013574  0.298096 0.539551 0
painted_wood_01
0  -6.150412 6.672781 6.028132  0.000000 0.000000 1.000000  0.298096 0.539551 0
0  -6.197910 6.721047 6.207235  0.000000 0.000000 1.000000  0.298096 0.539551 0
0  -6.150412 6.672781 6.028132  0.000000 0.000000 1.000000  0.298096 0.539551 0
painted_wood_01
0  -6.150412 6.672781 6.028132  0.691842 0.721919 -0.013712  0.298096 0.539551 0
0  -3.809359 4.592963 14.646132  0.691842 0.721919 -0.013712  0.298096 0.539551 0
0  -3.729789 4.513393 14.505947  0.691842 0.721919 -0.013712  0.298096 0.539551 0
painted_wood_01
0  -3.729789 4.513393 14.505947  0.551430 -0.551428 0.625980  0.298096 0.539551 0
0  -4.592967 3.809360 14.646135  0.551430 -0.551428 0.625980  0.298096 0.539551 0
0  -4.513397 3.729790 14.505948  0.551430 -0.551428 0.625980  0.298096 0.539551 0
crystal_ball_glass
0  -6.150412 6.672781 6.028132  0.000000 0.000000 0.566867  0.000000 0.000000 0
0  -6.150412 6.672781 6.028132  0.555586 0.608265 0.566867  0.000000 0.000000 0
0  -3.729789 4.513393 14.505947  -0.234720 -0.269420 -0.933980  0.000000 0.000000 0
gold_player
0  -2.431724 2.779750 12.435314  -0.491251 0.491253 -0.719265  0.000000 0.000000 0
0  -4.513397 3.729790 14.505948  -0.491251 0.491253 -0.719265  0.000000 0.000000 0
0  -3.729789 4.513393 14.505947  -0.491251 0.491253 -0.719265  0.000000 0.000000 0
gold_player
0  -6.150412 6.672781 6.028132  0.344114 -0.344113 0.873597  0.000000 0.000000 0
0  -6.672784 6.150411 6.028134  0.344114 -0.344113 0.873597  0.000000 0.000000 0
0  -4.557669 4.209639 4.430507  0.344114 -0.344113 0.873597  0.000000 0.000000 0
gold_player
0  -3.729789 4.513393 14.505947  0.660550 -0.660553 -0.356853  0.000000 0.000000 0
0  -6.672784 6.150411 6.028134  0.660550 -0.660553 -0.356853  0.000000 0.000000 0
0  -6.150412 6.672781 6.028132  0.660550 -0.660553 -0.356853  0.000000 0.000000 0
black
0  -3.809359 4.592963 14.646132  -0.057751 0.057758 0.996659  0.000000 0.000000 0
0  -4.588055 4.057975 14.632012  -0.057751 0.057758 0.996659  0.000000 0.000000 0
0  -4.592967 3.809360 14.646135  -0.057751 0.057758 0.996659  0.000000 0.000000 0
black
0  -6.579035 6.284646 6.508852  -0.945400 0.165134 0.280979  0.000000 0.000000 0
0  -4.592967 3.809360 14.646135  -0.945403 0.165138 0.280966  0.000000 0.000000 0
0  -4.588055 4.057975 14.632012  -0.945400 0.165134 0.280979  0.000000 0.000000 0
black
0  -6.284647 6.579034 6.508851  -0.704117 0.699472 0.122300  0.000000 0.000000 0
0  -6.718204 6.195065 6.208757  -0.704117 0.699472 0.122300  0.000000 0.000000 0
0  -6.579035 6.284646 6.508852  -0.704118 0.699472 0.122300  0.000000 0.000000 0
black
0  -4.057974 4.588053 14.632009  -0.171384 0.943836 0.282490  0.000000 0.000000 0
0  -6.197910 6.721047 6.207235  -0.171382 0.943834 0.282500  0.000000 0.000000 0
0  -6.284647 6.579034 6.508851  -0.171385 0.943837 0.282487  0.000000 0.000000 0
black
0  -6.579035 6.284646 6.508852  -0.663783 0.663785 0.344646  0.000000 0.000000 0
0  -4.057974 4.588053 14.632009  -0.663783 0.663785 0.344646  0.000000 0.000000 0
0  -6.284647 6.579034 6.508851  -0.663783 0.663785 0.344646  0.000000 0.000000 0
black
0  -8.871435 10.006626 -1.938043  0.682133 -0.682139 -0.263403  0.000000 0.000000 0
0  -7.837859 10.122279 0.439100  0.682133 -0.682139 -0.263403  0.000000 0.000000 0
0  -8.245354 9.866996 0.044917  0.682133 -0.682139 -0.263403  0.000000 0.000000 0
black
0  -9.866996 8.245355 0.044917  0.682139 -0.682133 -0.263404  0.000000 0.000000 0
0  -10.317422 8.712852 -2.332226  0.682139 -0.682133 -0.263404  0.000000 0.000000 0
0  -10.006626 8.871435 -1.938043  0.682139 -0.682133 -0.263404  0.000000 0.000000 0
black
0  -8.245354 9.866996 0.044917  0.682136 -0.682136 -0.263403  0.000000 0.000000 0
0  -10.122279 7.837860 0.439100  0.682136 -0.682136 -0.263403  0.000000 0.000000 0
0  -9.866996 8.245355 0.044917  0.682136 -0.682136 -0.263403  0.000000 0.000000 0
black
0  -10.006626 8.871435 -1.938043  0.682135 -0.682136 -0.263403  0.000000 0.000000 0
0  -8.712851 10.317423 -2.332226  0.682135 -0.682136 -0.263403  0.000000 0.000000 0
0  -8.871435 10.006626 -1.938043  0.682135 -0.682136 -0.263403  0.000000 0.000000 0
painted_wood_01
0  -7.879970 9.551697 0.485932  -0.384498 0.384497 -0.839240  0.298096 0.539551 0
0  -6.683122 8.734072 -0.437000  -0.384498 0.384497 -0.839240  0.298096 0.539551 0
0  -7.031862 8.703589 -0.291190  -0.384498 0.384497 -0.839240  0.298096 0.539551 0
painted_wood_01
0  -7.031862 8.703589 -0.291190  -0.384499 0.384499 -0.839238  0.298096 0.539551 0
0  -8.734072 6.683122 -0.437000  -0.384499 0.384499 -0.839238  0.298096 0.539551 0
0  -8.703589 7.031862 -0.291190  -0.384499 0.384499 -0.839238  0.298096 0.539551 0
painted_wood_01
0  -9.551698 7.879970 0.485932  -0.384498 0.384498 -0.839239  0.298096 0.539551 0
0  -7.849488 9.900437 0.631742  -0.384498 0.384498 -0.839239  0.298096 0.539551 0
0  -7.879970 9.551697 0.485932  -0.384498 0.384498 -0.839239  0.298096 0.539551 0
painted_wood_01
0  -8.703589 7.031862 -0.291190  -0.384499 0.384496 -0.839240  0.298096 0.539551 0
0  -9.900437 7.849488 0.631742  -0.384499 0.384496 -0.839240  0.298096 0.539551 0
0  -9.551698 7.879970 0.485932  -0.384499 0.384496 -0.839240  0.298096 0.539551 0
c_invasion_wrangler_laser
0  -7.879970 9.551697 0.485932  -0.477698 0.477698 0.737299  0.000000 0.000000 0
0  -9.866996 8.245355 0.044917  -0.477698 0.477698 0.737299  0.000000 0.000000 0
0  -9.551698 7.879970 0.485932  -0.477698 0.477698 0.737299  0.000000 0.000000 0
c_invasion_wrangler_laser
0  -8.703589 7.031862 -0.291190  0.606972 -0.606972 -0.513001  0.000000 0.000000 0
0  -8.016291 8.995618 -1.801467  0.606972 -0.606972 -0.513001  0.000000 0.000000 0
0  -7.031862 8.703589 -0.291190  0.606972 -0.606972 -0.513001  0.000000 0.000000 0
c_invasion_wrangler_laser
0  -8.871435 10.006626 -1.938043  0.072797 -0.072797 -0.994686  0.000000 0.000000 0
0  -8.995619 8.016291 -1.801467  0.072797 -0.072797 -0.994686  0.000000 0.000000 0
0  -10.006626 8.871435 -1.938043  0.072797 -0.072797 -0.994686  0.000000 0.000000 0
c_invasion_wrangler_laser
0  -8.016291 8.995618 -1.801467  0.693626 0.689204 -0.209477  0.000000 0.000000 0
0  -8.871435 10.006626 -1.938043  0.693626 0.689202 -0.209484  0.000000 0.000000 0
0  -8.245354 9.866996 0.044917  0.693627 0.689204 -0.209477  0.000000 0.000000 0
c_invasion_wrangler_laser
0  -8.703589 7.031862 -0.291190  -0.689239 -0.693606 -0.209429  0.000000 0.000000 0
0  -9.551698 7.879970 0.485932  -0.689238 -0.693607 -0.209428  0.000000 0.000000 0
0  -9.866996 8.245355 0.044917  -0.689228 -0.693618 -0.209426  0.000000 0.000000 0
painted_wood_01
0  -6.146601 4.285356 2.200109  0.120502 -0.120505 -0.985372  0.298096 0.539551 0
0  -5.826494 7.586419 1.835556  0.120502 -0.120505 -0.985372  0.298096 0.539551 0
0  -4.285355 6.146595 2.200104  0.120502 -0.120505 -0.985372  0.298096 0.539551 0
painted_wood_01
0  9.000000 1.000000 1.000000  0.000000 0.000000 1.000000  0.298096 0.539551 0
0  11.000000 0.000000 1.000000  0.000000 0.000000 1.000000  0.298096 0.539551 0
0  11.000000 1.000000 1.000000  0.000000 0.000000 1.000000  0.298096 0.539551 0
painted_wood_01
0  2.000000 9.000000 1.000000  -0.707107 -0.707107 0.000000  0.298096 0.539551 0
0  9.000000 2.000000 -1.000000  -0.707107 -0.707107 0.000000  0.298096 0.539551 0
0  9.000000 2.000000 1.000000  -0.707107 -0.707107 0.000000  0.298096 0.539551 0
painted_wood_01
0  1.000000 9.000000 1.000000  0.000000 -1.000000 0.000000  0.298096 0.539551 0
0  0.000000 9.000000 1.000000  0.000000 -1.000000 0.000000  0.298096 0.539551 0
0  0.000000 9.000000 -1.000000  0.000000 -1.000000 0.000000  0.298096 0.539551 0
painted_wood_01
0  1.000000 11.000000 1.000000  0.000000 1.000000 0.000000  0.298096 0.539551 0
0  2.000000 11.000000 1.000000  0.000000 1.000000 0.000000  0.298096 0.539551 0
0  2.000000 11.000000 -1.000000  0.000000 1.000000 0.000000  0.298096 0.539551 0
painted_wood_01
0  2.000000 9.000000 -1.000000  0.000000 0.000000 -1.000000  0.298096 0.539551 0
0  0.000000 11.000000 -1.000000  0.000000 0.000000 -1.000000  0.298096 0.539551 0
0  2.000000 11.000000 -1.000000  0.000000 0.000000 -1.000000  0.298096 0.539551 0
painted_wood_01
0  1.000000 9.000000 1.000000  0.000000 0.000000 1.000000  0.298096 0.539551 0
0  2.000000 11.000000 1.000000  0.000000 0.000000 1.000000  0.298096 0.539551 0
0  1.000000 11.000000 1.000000  0.000000 0.000000 1.000000  0.298096 0.539551 0
painted_wood_01
0  11.000000 1.000000 1.000000  1.000000 0.000000 0.000000  0.298096 0.539551 0
0  11.000000 0.000000 1.000000  1.000000 0.000000 0.000000  0.298096 0.539551 0
0  11.000000 0.000000 -1.000000  1.000000 0.000000 0.000000  0.298096 0.539551 0
painted_wood_01
0  9.000000 1.000000 1.000000  -1.000000 0.000000 0.000000  0.298096 0.539551 0
0  9.000000 2.000000 1.000000  -1.000000 0.000000 0.000000  0.298096 0.539551 0
0  9.000000 2.000000 -1.000000  -1.000000 0.000000 0.000000  0.298096 0.539551 0
gold_player
0  2.250000 9.103554 -1.250000  -0.000000 0.000000 -1.000000  0.288257 -0.466981 0
0  10.396446 2.250000 -1.250000  -0.000000 0.000000 -1.000000  -0.831273 0.897801 0
0  9.103554 2.250000 -1.250000  -0.000000 0.000000 -1.000000  0.130286 0.872311 0
painted_wood_01
0  11.000000 0.000000 -1.000000  0.000000 0.000000 -1.000000  0.298096 0.539551 0
0  9.000000 2.000000 -1.000000  0.000000 0.000000 -1.000000  0.298096 0.539551 0
0  11.000000 2.000000 -1.000000  0.000000 0.000000 -1.000000  0.298096 0.539551 0
painted_wood_01
0  11.000000 1.000000 1.000000  0.000000 0.000000 1.000000  0.298096 0.539551 0
0  9.000000 2.000000 1.000000  0.000000 0.000000 1.000000  0.298096 0.539551 0
0  9.000000 1.000000 1.000000  0.000000 0.000000 1.000000  0.298096 0.539551 0
painted_wood_01
0  1.000000 11.000000 1.000000  0.000000 0.000000 1.000000  0.298096 0.539551 0
0  0.000000 9.000000 1.000000  0.000000 0.000000 1.000000  0.298096 0.539551 0
0  1.000000 9.000000 1.000000  0.000000 0.000000 1.000000  0.298096 0.539551 0
painted_wood_01
0  9.103554 2.250000 1.250000  -0.500000 -0.500000 0.707107  0.298096 0.539551 0
0  2.000000 9.000000 1.000000  -0.500000 -0.500000 0.707107  0.298096 0.539551 0
0  9.000000 2.000000 1.000000  -0.500000 -0.500000 0.707107  0.298096 0.539551 0
painted_wood_01
0  2.250000 10.396447 -1.250000  -0.707107 0.000000 -0.707107  0.298096 0.539551 0
0  2.000000 9.000000 -1.000000  -0.707107 0.000000 -0.707107  0.298096 0.539551 0
0  2.000000 11.000000 -1.000000  -0.707107 0.000000 -0.707107  0.298096 0.539551 0
painted_wood_01
0  2.250000 9.103554 -1.250000  -0.500000 -0.500000 -0.707107  0.298096 0.539551 0
0  9.000000 2.000000 -1.000000  -0.500000 -0.500000 -0.707107  0.298096 0.539551 0
0  2.000000 9.000000 -1.000000  -0.500000 -0.500000 -0.707107  0.298096 0.539551 0
painted_wood_01
0  10.396446 2.250000 -1.250000  0.500000 0.500000 -0.707107  0.298096 0.539551 0
0  2.000000 11.000000 -1.000000  0.500000 0.500000 -0.707107  0.298096 0.539551 0
0  11.000000 2.000000 -1.000000  0.500000 0.500000 -0.707107  0.298096 0.539551 0
painted_wood_01
0  9.103554 2.250000 -1.250000  0.000000 -0.707107 -0.707107  0.298096 0.539551 0
0  11.000000 2.000000 -1.000000  0.000000 -0.707107 -0.707107  0.298096 0.539551 0
0  9.000000 2.000000 -1.000000  0.000000 -0.707107 -0.707107  0.298096 0.539551 0
black
0  2.000000 11.000000 -1.000000  0.000000 0.000000 1.000000  0.375000 1.125000 0
0  11.000000 2.000000 -1.000000  0.000000 0.000000 1.000000  0.375000 -0.125000 0
0  11.000000 2.000000 -1.000000  0.000000 0.000000 1.000000  0.375000 -0.125000 0
painted_wood_01
0  2.250000 9.103554 1.250000  -0.571614 0.032714 0.819870  0.298096 0.539551 0
0  2.000000 11.000000 1.000000  -0.571613 0.032711 0.819871  0.298096 0.539551 0
0  2.000000 9.000000 1.000000  -0.571614 0.032718 0.819870  0.298096 0.539551 0
black
0  11.000000 2.000000 1.000000  -0.954520 -0.298148 0.000000  0.625000 -0.125000 0
0  10.810495 2.606698 -0.437000  -0.954520 -0.298148 0.000000  0.000000 0.000000 0
0  11.000000 2.000000 -1.000000  -0.954520 -0.298148 0.000000  0.375000 -0.125000 0
black
0  2.606698 10.810495 0.437000  0.707107 0.707107 0.000000  0.000000 0.000000 0
0  4.657647 8.759546 0.437000  0.707107 0.707107 0.000000  0.000000 0.000000 0
0  4.657647 8.759546 0.000000  0.707107 0.707107 0.000000  0.000000 0.000000 0
painted_wood_01
0  9.567706 7.516756 1.368258  0.595875 0.595875 0.538392  0.298096 0.539551 0
0  7.849488 9.900437 0.631742  0.595875 0.595875 0.538392  0.298096 0.539551 0
0  7.516756 9.567706 1.368258  0.595875 0.595875 0.538392  0.298096 0.539551 0
black
0  11.000000 2.000000 1.000000  0.000000 0.000000 0.000000  0.000000 0.000000 0
0  11.000000 2.000000 1.000000  0.000000 0.000000 0.000000  0.000000 0.000000 0
0  11.000000 2.000000 -1.000000  0.000000 0.000000 0.000000  0.000000 0.000000 0
painted_wood_01
0  11.000000 2.000000 1.000000  0.032718 -0.571614 0.819870  0.298096 0.539551 0
0  9.103554 2.250000 1.250000  0.032722 -0.571615 0.819869  0.298096 0.539551 0
0  9.000000 2.000000 1.000000  0.032724 -0.571615 0.819869  0.298096 0.539551 0
black
0  10.810495 2.606698 -0.437000  0.626334 0.626334 -0.464124  0.000000 0.000000 0
0  11.000000 2.000000 -1.000000  0.626334 0.626334 -0.464124  0.000000 0.000000 0
0  8.759546 4.657647 -0.437000  0.626334 0.626334 -0.464124  0.000000 0.000000 0
painted_wood_01
0  2.000000 11.000000 1.000000  0.278780 0.892512 -0.354547  0.298096 0.539551 0
0  2.606698 10.810495 0.437000  -0.223158 -0.714557 0.663030  0.298096 0.539551 0
0  2.000000 11.000000 1.000000  0.000000 0.000000 -0.354547  0.298096 0.539551 0
black
0  2.000000 11.000000 1.000000  0.298148 0.954520 0.000000  0.000000 0.000000 0
0  2.606698 10.810495 -0.437000  0.298148 0.954520 0.000000  0.000000 0.000000 0
0  2.000000 11.000000 -1.000000  0.298148 0.954520 0.000000  0.000000 0.000000 0
black
0  4.657647 8.759546 -0.437000  0.626334 0.626334 -0.464125  0.000000 0.000000 0
0  2.000000 11.000000 -1.000000  0.626334 0.626334 -0.464125  0.000000 0.000000 0
0  2.606698 10.810495 -0.437000  0.626334 0.626334 -0.464125  0.000000 0.000000 0
gold_player
0  8.734072 6.683122 -0.437000  0.707107 -0.707106 0.000000  0.000000 0.000000 0
0  9.567706 7.516756 1.368258  0.707107 -0.707106 0.000000  0.000000 0.000000 0
0  8.734072 6.683122 0.437000  0.707107 -0.707106 0.000000  0.000000 0.000000 0
painted_wood_01
0  6.683122 8.734072 -0.437000  0.012576 0.999921 0.000000  0.298096 0.539551 0
0  4.657647 8.759546 -0.437000  0.012576 0.999921 0.000000  0.298096 0.539551 0
0  4.657647 8.759546 0.000000  0.012576 0.999921 0.000000  0.298096 0.539551 0
black
0  8.759546 4.657647 -0.437000  0.707107 0.707107 0.000000  0.000000 0.000000 0
0  10.810495 2.606698 0.437000  0.707107 0.707107 0.000000  0.000000 0.000000 0
0  10.810495 2.606698 -0.437000  0.707107 0.707107 0.000000  0.000000 0.000000 0
gold_player
0  6.683122 8.734072 -0.437000  -0.707106 0.707107 0.000001  0.000000 0.000000 0
0  7.516756 9.567706 1.368258  -0.707106 0.707107 0.000001  0.000000 0.000000 0
0  7.849488 9.900437 0.631742  -0.707106 0.707107 0.000001  0.000000 0.000000 0
painted_wood_01
0  8.734072 6.683122 0.437000  0.999921 0.012576 0.000000  0.298096 0.539551 0
0  8.759546 4.657647 -0.437000  0.999921 0.012576 0.000000  0.298096 0.539551 0
0  8.734072 6.683122 -0.437000  0.999921 0.012576 0.000000  0.298096 0.539551 0
black
0  4.657647 8.759546 -0.437000  0.357950 0.357984 -0.862391  0.000000 0.000000 0
0  8.734072 6.683122 -0.437000  0.357976 0.357959 -0.862391  0.000000 0.000000 0
0  8.759546 4.657647 -0.437000  0.357975 0.357960 -0.862391  0.000000 0.000000 0
painted_wood_01
0  8.734072 6.683122 0.437000  0.805177 0.010127 0.592948  0.298096 0.539551 0
0  7.934072 5.883121 1.537000  0.805177 0.010127 0.592948  0.298096 0.539551 0
0  8.759546 4.657647 0.437000  0.805177 0.010127 0.592948  0.298096 0.539551 0
painted_wood_01
0  4.657647 8.759546 0.437000  0.010127 0.805177 0.592948  0.298096 0.539551 0
0  5.883122 7.934072 1.537000  0.010127 0.805177 0.592948  0.298096 0.539551 0
0  6.683122 8.734072 0.437000  0.010127 0.805177 0.592948  0.298096 0.539551 0
painted_wood_01
0  8.734072 6.683122 0.437000  -0.707107 -0.707107 0.000000  0.298096 0.539551 0
0  6.683122 8.734072 -0.437000  -0.707107 -0.707107 0.000000  0.298096 0.539551 0
0  8.734072 6.683122 -0.437000  -0.707107 -0.707107 0.000000  0.298096 0.539551 0
black
0  11.000000 2.000000 -1.000000  0.954520 0.298148 0.000000  0.000000 0.000000 0
0  10.810495 2.606698 0.437000  0.954520 0.298148 0.000000  0.000000 0.000000 0
0  11.000000 2.000000 1.000000  0.954520 0.298148 0.000000  0.000000 0.000000 0
painted_wood_01
0  10.596446 2.450000 1.250000  0.786942 0.533493 0.310013  0.298096 0.539551 0
0  11.000000 2.000000 1.000000  0.786942 0.533493 0.310013  0.298096 0.539551 0
0  10.810495 2.606698 0.437000  0.786942 0.533493 0.310013  0.298096 0.539551 0
painted_wood_01
0  10.810495 2.606698 0.437000  0.758755 0.649495 0.049470  0.298096 0.539551 0
0  7.934072 5.883121 1.537000  0.758732 0.649522 0.049479  0.298096 0.539551 0
0  10.596446 2.450000 1.250000  0.758758 0.649491 0.049468  0.298096 0.539551 0
gold_player
0  9.103554 2.250000 1.250000  -0.000000 0.000000 1.000000  1.887944 0.906250 0
0  2.450000 10.596446 1.250000  -0.000000 0.000000 1.000000  -0.340223 -0.524255 0
0  2.250000 9.103554 1.250000  -0.000000 0.000000 1.000000  1.031250 1.762944 0
painted_wood_01
0  2.450000 10.596446 1.250000  0.649517 0.758736 0.049464  0.298096 0.539551 0
0  4.657647 8.759546 0.437000  0.649508 0.758744 0.049467  0.298096 0.539551 0
0  2.606698 10.810495 0.437000  0.649537 0.758719 0.049457  0.298096 0.539551 0
painted_wood_01
0  7.934072 5.883121 1.537000  -0.329474 -0.329474 0.884813  0.298096 0.539551 0
0  2.450000 10.596446 1.250000  -0.329474 -0.329474 0.884813  0.298096 0.539551 0
0  10.596446 2.450000 1.250000  -0.329474 -0.329474 0.884813  0.298096 0.539551 0
painted_wood_01
0  8.703589 7.031862 -0.291190  0.384498 0.384498 -0.839239  0.298096 0.539551 0
0  7.879970 9.551697 0.485932  0.384498 0.384498 -0.839239  0.298096 0.539551 0
0  9.551698 7.879970 0.485932  0.384498 0.384498 -0.839239  0.298096 0.539551 0
gold_player
0  2.000000 11.000000 -1.000000  0.707107 0.707107 0.000000  0.375000 1.125000 0
0  2.000000 11.000000 1.000000  0.707107 0.707107 0.000000  0.625000 1.125000 0
0  11.000000 2.000000 1.000000  0.707107 0.707107 0.000000  0.000000 0.000000 0
black
0  9.866996 8.245355 0.044917  -0.682135 -0.682136 -0.263403  0.000000 0.000000 0
0  8.871435 10.006626 -1.938043  -0.682135 -0.682136 -0.263403  0.000000 0.000000 0
0  10.006626 8.871435 -1.938043  -0.682135 -0.682136 -0.263403  0.000000 0.000000 0
c_invasion_wrangler_laser
0  9.108167 7.843901 1.814342  0.602227 -0.776673 0.184668  0.000000 0.000000 0
0  7.579334 7.428634 5.053491  0.602224 -0.776673 0.184674  0.000000 0.000000 0
0  8.421432 7.391927 2.370491  0.602226 -0.776673 0.184671  0.000000 0.000000 0
painted_wood_01
0  10.311981 9.076738 -2.280855  -0.240727 -0.240728 -0.940266  0.298096 0.539551 0
0  9.534464 10.769707 -2.515230  -0.240727 -0.240728 -0.940266  0.298096 0.539551 0
0  10.769707 9.534464 -2.515230  -0.240727 -0.240728 -0.940266  0.298096 0.539551 0
painted_wood_01
0  7.500491 8.213733 5.985076  0.514837 0.514837 0.685482  0.298096 0.539551 0
0  8.575023 7.861777 5.442380  0.514837 0.514837 0.685482  0.298096 0.539551 0
0  7.861779 8.575021 5.442380  0.514837 0.514837 0.685482  0.298096 0.539551 0
gold_player
0  8.753550 9.620193 1.795608  -0.601388 0.779815 0.173844  0.000000 0.000000 0
0  8.758602 8.961437 4.768085  -0.601388 0.779815 0.173844  0.000000 0.000000 0
0  9.206296 9.880781 2.192893  -0.601388 0.779815 0.173844  0.000000 0.000000 0
painted_wood_01
0  9.679433 10.557434 -0.093381  0.681796 0.681796 0.265156  0.298096 0.539551 0
0  10.680840 9.802841 -0.728016  0.681796 0.681796 0.265156  0.298096 0.539551 0
0  9.802840 10.680841 -0.728016  0.681796 0.681796 0.265156  0.298096 0.539551 0
painted_wood_01
0  10.769707 9.534464 -2.515230  0.705332 0.705329 -0.070844  0.298096 0.539551 0
0  9.802840 10.680841 -0.728016  0.705332 0.705329 -0.070844  0.298096 0.539551 0
0  10.680840 9.802841 -0.728016  0.705332 0.705329 -0.070844  0.298096 0.539551 0
painted_wood_01
0  8.213735 7.500489 5.985076  0.844792 -0.475155 0.246077  0.298096 0.539551 0
0  9.567706 7.516756 1.368258  0.844792 -0.475155 0.246077  0.298096 0.539551 0
0  8.575023 7.861777 5.442380  0.844792 -0.475155 0.246077  0.298096 0.539551 0
painted_wood_01
0  7.500491 8.213733 5.985076  -0.475154 0.844792 0.246078  0.298096 0.539551 0
0  7.861779 8.575021 5.442380  -0.475154 0.844792 0.246078  0.298096 0.539551 0
0  7.516756 9.567706 1.368258  -0.475154 0.844792 0.246078  0.298096 0.539551 0
gold_player
0  8.178309 8.438931 5.104466  0.280078 0.280075 0.918213  0.000000 0.000000 0
0  8.961439 8.758601 4.768085  0.280078 0.280075 0.918213  0.000000 0.000000 0
0  8.758602 8.961437 4.768085  0.280078 0.280075 0.918213  0.000000 0.000000 0
painted_wood_01
0  8.438933 8.178308 5.104466  0.661520 0.661522 0.353243  0.298096 0.539551 0
0  7.861779 8.575021 5.442380  0.661520 0.661522 0.353243  0.298096 0.539551 0
0  8.575023 7.861777 5.442380  0.661520 0.661522 0.353243  0.298096 0.539551 0
painted_wood_01
0  9.752638 10.193002 0.203365  0.580932 0.580930 0.570121  0.298096 0.539551 0
0  10.557433 9.679434 -0.093381  0.580932 0.580930 0.570121  0.298096 0.539551 0
0  9.679433 10.557434 -0.093381  0.580932 0.580930 0.570121  0.298096 0.539551 0
painted_wood_01
0  10.193001 9.752639 0.203365  0.575240 0.584729 0.572006  0.298096 0.539551 0
0  9.883766 8.501668 1.793140  0.575240 0.584729 0.572006  0.298096 0.539551 0
0  10.557433 9.679434 -0.093381  0.575240 0.584730 0.572005  0.298096 0.539551 0
painted_wood_01
0  8.178309 8.438931 5.104466  0.668347 0.655645 0.351343  0.298096 0.539551 0
0  8.501670 9.883765 1.793140  0.668347 0.655645 0.351344  0.298096 0.539551 0
0  7.861779 8.575021 5.442380  0.668347 0.655644 0.351345  0.298096 0.539551 0
painted_wood_01
0  8.753550 9.620193 1.795608  0.584737 0.575227 0.572011  0.298096 0.539551 0
0  9.679433 10.557434 -0.093381  0.584737 0.575227 0.572011  0.298096 0.539551 0
0  8.501670 9.883765 1.793140  0.584737 0.575227 0.572011  0.298096 0.539551 0
painted_wood_01
0  9.620194 8.753548 1.795608  0.655637 0.668355 0.351343  0.298096 0.539551 0
0  8.575023 7.861777 5.442380  0.655637 0.668355 0.351343  0.298096 0.539551 0
0  9.883766 8.501668 1.793140  0.655637 0.668355 0.351343  0.298096 0.539551 0
gold_player
0  10.326581 9.983860 0.953694  0.579810 0.579808 0.572401  0.000000 0.000000 0
0  9.206296 9.880781 2.192893  0.579810 0.579808 0.572401  0.000000 0.000000 0
0  9.880782 9.206294 2.192893  0.579810 0.579808 0.572401  0.000000 0.000000 0
gold_player
0  8.961439 8.758601 4.768085  0.662000 0.662011 0.351423  0.000000 0.000000 0
0  9.206296 9.880781 2.192893  0.662000 0.662011 0.351423  0.000000 0.000000 0
0  8.758602 8.961437 4.768085  0.662000 0.662011 0.351423  0.000000 0.000000 0
gold_player
0  8.438933 8.178308 5.104466  0.779816 -0.601386 0.173844  0.000000 0.000000 0
0  9.880782 9.206294 2.192893  0.779816 -0.601386 0.173844  0.000000 0.000000 0
0  8.961439 8.758601 4.768085  0.779816 -0.601386 0.173844  0.000000 0.000000 0
gold_player
0  10.193001 9.752639 0.203365  0.668696 0.668692 -0.325112  0.000000 0.000000 0
0  9.983859 10.326582 0.953694  0.668696 0.668692 -0.325112  0.000000 0.000000 0
0  10.326581 9.983860 0.953694  0.668696 0.668692 -0.325112  0.000000 0.000000 0
gold_player
0  9.620194 8.753548 1.795608  0.866991 -0.498324 -0.000787  0.000000 0.000000 0
0  10.326581 9.983860 0.953694  0.866991 -0.498324 -0.000787  0.000000 0.000000 0
0  9.880782 9.206294 2.192893  0.866991 -0.498324 -0.000787  0.000000 0.000000 0
gold_player
0  9.752638 10.193002 0.203365  -0.498326 0.866989 -0.000785  0.000000 0.000000 0
0  9.206296 9.880781 2.192893  -0.498326 0.866989 -0.000785  0.000000 0.000000 0
0  9.983859 10.326582 0.953694  -0.498326 0.866989 -0.000785  0.000000 0.000000 0
gold_player
0  9.883766 8.501668 1.793140  0.893622 -0.385742 0.229442  0.000000 0.000000 0
0  9.567706 7.516756 1.368258  0.893622 -0.385742 0.229442  0.000000 0.000000 0
0  9.900437 7.849488 0.631742  0.893622 -0.385742 0.229442  0.000000 0.000000 0
gold_player
0  7.516756 9.567706 1.368258  -0.385741 0.893623 0.229440  0.000000 0.000000 0
0  8.501670 9.883765 1.793140  -0.385741 0.893623 0.229440  0.000000 0.000000 0
0  7.849488 9.900437 0.631742  -0.385741 0.893623 0.229440  0.000000 0.000000 0
painted_wood_01
0  7.861779 8.575021 5.442380  -0.391660 0.885779 0.248994  0.298096 0.539551 0
0  8.501670 9.883765 1.793140  -0.391660 0.885779 0.248994  0.298096 0.539551 0
0  7.516756 9.567706 1.368258  -0.391660 0.885779 0.248994  0.298096 0.539551 0
painted_wood_01
0  8.575023 7.861777 5.442380  0.885778 -0.391664 0.248993  0.298096 0.539551 0
0  9.567706 7.516756 1.368258  0.885778 -0.391664 0.248993  0.298096 0.539551 0
0  9.883766 8.501668 1.793140  0.885778 -0.391664 0.248993  0.298096 0.539551 0
black
0  10.769707 9.534464 -2.515230  0.777458 -0.620063 0.105262  0.000000 0.000000 0
0  10.557433 9.679434 -0.093381  0.777458 -0.620064 0.105259  0.000000 0.000000 0
0  10.311981 9.076738 -2.280855  0.777458 -0.620064 0.105259  0.000000 0.000000 0
black
0  9.076738 10.311981 -2.280855  -0.620062 0.777460 0.105264  0.000000 0.000000 0
0  9.802840 10.680841 -0.728016  -0.620062 0.777459 0.105263  0.000000 0.000000 0
0  9.534464 10.769707 -2.515230  -0.620061 0.777460 0.105265  0.000000 0.000000 0
black
0  7.837859 10.122279 0.439100  -0.303764 0.951528 0.048195  0.000000 0.000000 0
0  9.293817 10.617064 -0.152770  -0.303766 0.951527 0.048195  0.000000 0.000000 0
0  8.712851 10.317423 -2.332226  -0.303772 0.951525 0.048198  0.000000 0.000000 0
black
0  10.317422 8.712852 -2.332226  0.951536 -0.303732 0.048230  0.000000 0.000000 0
0  10.024017 8.377056 1.343372  0.951537 -0.303730 0.048214  0.000000 0.000000 0
0  10.122279 7.837860 0.439100  0.951539 -0.303728 0.048192  0.000000 0.000000 0
painted_wood_01
0  7.837859 10.122279 0.439100  -0.559827 -0.559827 -0.610891  0.298096 0.539551 0
0  9.900437 7.849488 0.631742  -0.559827 -0.559827 -0.610891  0.298096 0.539551 0
0  7.849488 9.900437 0.631742  -0.559827 -0.559827 -0.610891  0.298096 0.539551 0
painted_wood_01
0  10.317422 8.712852 -2.332226  0.140460 0.140460 -0.980072  0.298096 0.539551 0
0  9.076738 10.311981 -2.280855  0.140460 0.140460 -0.980072  0.298096 0.539551 0
0  10.311981 9.076738 -2.280855  0.140460 0.140460 -0.980072  0.298096 0.539551 0
painted_wood_01
0  10.024017 8.377056 1.343372  0.934302 0.010430 0.356330  0.298096 0.539551 0
0  10.557433 9.679434 -0.093381  0.934301 0.010428 0.356331  0.298096 0.539551 0
0  9.883766 8.501668 1.793140  0.934304 0.010435 0.356324  0.298096 0.539551 0
painted_wood_01
0  9.293817 10.617064 -0.152770  0.010428 0.934302 0.356329  0.298096 0.539551 0
0  8.501670 9.883765 1.793140  0.010430 0.934304 0.356324  0.298096 0.539551 0
0  9.679433 10.557434 -0.093381  0.010427 0.934301 0.356332  0.298096 0.539551 0
painted_wood_01
0  10.122279 7.837860 0.439100  0.521362 -0.726326 0.447920  0.298096 0.539551 0
0  9.883766 8.501668 1.793140  0.521361 -0.726326 0.447921  0.298096 0.539551 0
0  9.900437 7.849488 0.631742  0.521363 -0.726329 0.447913  0.298096 0.539551 0
painted_wood_01
0  8.377058 10.024016 1.343372  -0.726305 0.521407 0.447901  0.298096 0.539551 0
0  7.849488 9.900437 0.631742  -0.726312 0.521405 0.447892  0.298096 0.539551 0
0  8.501670 9.883765 1.793140  -0.726308 0.521406 0.447897  0.298096 0.539551 0
painted_wood_01
0  10.617062 9.293818 -0.152770  0.982512 0.107763 -0.151845  0.298096 0.539551 0
0  10.311981 9.076738 -2.280855  0.982512 0.107762 -0.151848  0.298096 0.539551 0
0  10.557433 9.679434 -0.093381  0.982511 0.107762 -0.151852  0.298096 0.539551 0
painted_wood_01
0  8.712851 10.317423 -2.332226  0.107717 0.982519 -0.151830  0.298096 0.539551 0
0  9.679433 10.557434 -0.093381  0.107718 0.982520 -0.151827  0.298096 0.539551 0
0  9.076738 10.311981 -2.280855  0.107714 0.982519 -0.151837  0.298096 0.539551 0
painted_wood_01
0  9.108167 7.843901 1.814342  -0.692032 -0.692032 -0.205389  0.298096 0.539551 0
0  7.516756 9.567706 1.368258  -0.692032 -0.692032 -0.205389  0.298096 0.539551 0
0  9.567706 7.516756 1.368258  -0.692032 -0.692032 -0.205389  0.298096 0.539551 0
painted_wood_01
0  7.830779 8.015840 5.538991  -0.692031 -0.692031 -0.205390  0.298096 0.539551 0
0  8.213735 7.500489 5.985076  -0.692031 -0.692031 -0.205390  0.298096 0.539551 0
0  7.500491 8.213733 5.985076  -0.692031 -0.692031 -0.205390  0.298096 0.539551 0
painted_wood_01
0  8.015841 7.830777 5.538991  -0.692031 -0.692032 -0.205389  0.298096 0.539551 0
0  9.567706 7.516756 1.368258  -0.692031 -0.692032 -0.205389  0.298096 0.539551 0
0  8.213735 7.500489 5.985076  -0.692031 -0.692032 -0.205389  0.298096 0.539551 0
painted_wood_01
0  7.843901 9.108167 1.814342  -0.692033 -0.692030 -0.205390  0.298096 0.539551 0
0  7.500491 8.213733 5.985076  -0.692033 -0.692030 -0.205390  0.298096 0.539551 0
0  7.516756 9.567706 1.368258  -0.692033 -0.692030 -0.205390  0.298096 0.539551 0
c_invasion_wrangler_laser
0  7.843901 9.108167 1.814342  -0.401862 -0.401862 -0.822808  0.000000 0.000000 0
0  8.421432 7.391927 2.370491  -0.401862 -0.401862 -0.822808  0.000000 0.000000 0
0  7.391928 8.421432 2.370491  -0.401862 -0.401862 -0.822808  0.000000 0.000000 0
c_invasion_wrangler_laser
0  7.830779 8.015840 5.538991  -0.776689 0.602206 0.184667  0.000000 0.000000 0
0  7.391928 8.421432 2.370491  -0.776689 0.602206 0.184667  0.000000 0.000000 0
0  7.428636 7.579332 5.053490  -0.776690 0.602207 0.184659  0.000000 0.000000 0
c_invasion_wrangler_laser
0  8.015841 7.830777 5.538991  -0.447933 -0.447936 0.773763  0.000000 0.000000 0
0  7.428636 7.579332 5.053490  -0.447933 -0.447936 0.773763  0.000000 0.000000 0
0  7.579334 7.428634 5.053491  -0.447933 -0.447936 0.773763  0.000000 0.000000 0
gold_player
0  7.843901 9.108167 1.814342  -0.692029 -0.692034 -0.205390  0.000000 0.000000 0
0  8.015841 7.830777 5.538991  -0.692029 -0.692034 -0.205390  0.000000 0.000000 0
0  7.830779 8.015840 5.538991  -0.692029 -0.692034 -0.205390  0.000000 0.000000 0
black
0  6.486232 7.834656 1.414123  0.553949 0.553949 0.621515  0.000000 0.000000 0
0  8.734072 6.683122 0.437000  0.553949 0.553949 0.621515  0.000000 0.000000 0
0  6.683122 8.734072 0.437000  0.553949 0.553949 0.621515  0.000000 0.000000 0
black
0  7.592378 8.940802 1.283751  -0.517293 -0.517293 0.681774  0.000000 0.000000 0
0  8.734072 6.683122 0.437000  -0.517293 -0.517293 0.681774  0.000000 0.000000 0
0  8.940802 7.592378 1.283751  -0.517293 -0.517293 0.681774  0.000000 0.000000 0
painted_wood_01
0  7.592378 8.940802 1.283751  -0.149812 -0.149812 0.977299  0.298096 0.539551 0
0  9.567706 7.516756 1.368258  -0.149812 -0.149812 0.977299  0.298096 0.539551 0
0  7.516756 9.567706 1.368258  -0.149812 -0.149812 0.977299  0.298096 0.539551 0
painted_wood_01
0  6.683122 8.734072 0.437000  -0.648647 -0.177993 0.739984  0.298096 0.539551 0
0  7.592378 8.940802 1.283751  -0.648647 -0.177993 0.739984  0.298096 0.539551 0
0  7.516756 9.567706 1.368258  -0.648647 -0.177993 0.739984  0.298096 0.539551 0
painted_wood_01
0  8.940802 7.592378 1.283751  -0.177994 -0.648645 0.739985  0.298096 0.539551 0
0  8.734072 6.683122 0.437000  -0.177994 -0.648645 0.739985  0.298096 0.539551 0
0  9.567706 7.516756 1.368258  -0.177994 -0.648645 0.739985  0.298096 0.539551 0
painted_wood_01
0  7.834656 6.486232 1.414123  0.230612 0.230612 0.945323  0.298096 0.539551 0
0  5.883122 7.934072 1.537000  0.230612 0.230612 0.945323  0.298096 0.539551 0
0  7.934072 5.883121 1.537000  0.230612 0.230612 0.945323  0.298096 0.539551 0
painted_wood_01
0  8.734072 6.683122 0.437000  0.686141 0.252130 0.682379  0.298096 0.539551 0
0  7.834656 6.486232 1.414123  0.686141 0.252130 0.682379  0.298096 0.539551 0
0  7.934072 5.883121 1.537000  0.686141 0.252130 0.682379  0.298096 0.539551 0
painted_wood_01
0  6.486232 7.834656 1.414123  0.252129 0.686141 0.682379  0.298096 0.539551 0
0  6.683122 8.734072 0.437000  0.252129 0.686141 0.682379  0.298096 0.539551 0
0  5.883122 7.934072 1.537000  0.252129 0.686141 0.682379  0.298096 0.539551 0
c_invasion_wrangler_laser
0  7.428636 7.579332 5.053490  -0.721720 0.657537 0.216253  0.000000 0.000000 0
0  7.060894 8.090397 2.272242  -0.721720 0.657537 0.216253  0.000000 0.000000 0
0  7.097601 7.248298 4.955242  -0.721720 0.657537 0.216253  0.000000 0.000000 0
c_invasion_wrangler_laser
0  7.391928 8.421432 2.370491  0.145233 0.145232 -0.978680  0.000000 0.000000 0
0  8.090397 7.060893 2.272242  0.145233 0.145232 -0.978680  0.000000 0.000000 0
0  7.060894 8.090397 2.272242  0.145233 0.145232 -0.978680  0.000000 0.000000 0
c_invasion_wrangler_laser
0  8.421432 7.391927 2.370491  0.657538 -0.721719 0.216252  0.000000 0.000000 0
0  7.248300 7.097600 4.955242  0.657538 -0.721719 0.216252  0.000000 0.000000 0
0  8.090397 7.060893 2.272242  0.657538 -0.721719 0.216252  0.000000 0.000000 0
c_invasion_wrangler_laser
0  7.579334 7.428634 5.053491  -0.145234 -0.145231 0.978680  0.000000 0.000000 0
0  7.097601 7.248298 4.955242  -0.145234 -0.145231 0.978680  0.000000 0.000000 0
0  7.248300 7.097600 4.955242  -0.145234 -0.145231 0.978680  0.000000 0.000000 0
painted_wood_01
0  6.565249 6.983750 5.073124  0.622861 0.622864 0.473376  0.298096 0.539551 0
0  6.672784 6.150411 6.028134  0.622861 0.622864 0.473376  0.298096 0.539551 0
0  6.983752 6.565248 5.073126  0.622861 0.622864 0.473376  0.298096 0.539551 0
c_invasion_wrangler_laser
0  8.090397 7.060893 2.272242  0.874639 -0.399283 0.274919  0.000000 0.000000 0
0  6.983752 6.565248 5.073126  0.874640 -0.399282 0.274917  0.000000 0.000000 0
0  7.932292 6.522313 1.943608  0.874639 -0.399283 0.274918  0.000000 0.000000 0
c_invasion_wrangler_laser
0  7.248300 7.097600 4.955242  0.144790 0.144794 0.978811  0.000000 0.000000 0
0  6.565249 6.983750 5.073124  0.144790 0.144794 0.978811  0.000000 0.000000 0
0  6.983752 6.565248 5.073126  0.144790 0.144794 0.978811  0.000000 0.000000 0
c_invasion_wrangler_laser
0  7.060894 8.090397 2.272242  0.392410 0.392409 -0.831883  0.000000 0.000000 0
0  7.932292 6.522313 1.943608  0.392410 0.392409 -0.831883  0.000000 0.000000 0
0  6.522313 7.932292 1.943607  0.392410 0.392409 -0.831883  0.000000 0.000000 0
c_invasion_wrangler_laser
0  7.097601 7.248298 4.955242  -0.399282 0.874639 0.274918  0.000000 0.000000 0
0  6.522313 7.932292 1.943607  -0.399282 0.874639 0.274918  0.000000 0.000000 0
0  6.565249 6.983750 5.073124  -0.399282 0.874639 0.274919  0.000000 0.000000 0
crystal_ball_glass
0  2.431724 2.779750 12.435314  -0.599718 -0.599727 -0.529778  0.000000 0.000000 0
0  2.495378 2.191055 13.029678  -0.599718 -0.599727 -0.529778  0.000000 0.000000 0
0  2.191058 2.495373 13.029676  -0.599718 -0.599727 -0.529778  0.000000 0.000000 0
painted_wood_01
0  7.932292 6.522313 1.943608  0.102629 0.102628 -0.989411  0.298096 0.539551 0
0  5.826494 7.586419 1.835556  0.102629 0.102628 -0.989411  0.298096 0.539551 0
0  6.522313 7.932292 1.943607  0.102629 0.102628 -0.989411  0.298096 0.539551 0
painted_wood_01
0  6.983752 6.565248 5.073126  0.904842 -0.346428 0.247485  0.298096 0.539551 0
0  7.586419 5.826493 1.835556  0.904840 -0.346426 0.247494  0.298096 0.539551 0
0  7.932292 6.522313 1.943608  0.904843 -0.346429 0.247481  0.298096 0.539551 0
painted_wood_01
0  6.522313 7.932292 1.943607  -0.346371 0.904859 0.247501  0.298096 0.539551 0
0  6.150412 6.672781 6.028132  -0.346368 0.904868 0.247474  0.298096 0.539551 0
0  6.565249 6.983750 5.073124  -0.346371 0.904858 0.247506  0.298096 0.539551 0
gold_player
0  7.932292 6.522313 1.943608  0.692751 0.692755 0.200466  0.000000 0.000000 0
0  6.565249 6.983750 5.073124  0.692751 0.692755 0.200466  0.000000 0.000000 0
0  6.983752 6.565248 5.073126  0.692751 0.692755 0.200466  0.000000 0.000000 0
crystal_ball_glass
0  6.560939 8.861320 1.964009  -0.775995 -0.325786 -0.540088  0.244174 1.449560 0
0  6.764243 8.029421 2.173711  -0.775995 -0.325786 -0.540088  0.371971 1.662900 0
0  6.565706 8.175972 2.370566  -0.775995 -0.325786 -0.540088  0.344866 1.641028 0
crystal_ball_glass
0  6.565706 8.175972 2.370566  0.348250 -0.548917 0.759877  0.105073 -1.344165 0
0  7.318146 8.583323 2.319985  0.348250 -0.548917 0.759877  0.034318 -1.236377 0
0  7.119609 8.729876 2.516840  0.348250 -0.548917 0.759877  0.004436 -1.389481 0
crystal_ball_glass
0  7.119609 8.729876 2.516840  0.426485 0.876691 -0.222541  0.521275 -0.094507 0
0  6.844562 8.651960 1.682788  0.426485 0.876691 -0.222541  0.546317 -0.159564 0
0  6.560939 8.861320 1.964009  0.426485 0.876691 -0.222541  0.506762 0.104250 0
crystal_ball_glass
0  6.844562 8.651960 1.682788  -0.711063 -0.376532 -0.593813  0.356847 1.782622 0
0  6.980412 7.851882 2.027436  -0.711063 -0.376532 -0.593813  0.478321 1.921369 0
0  6.764243 8.029421 2.173711  -0.711063 -0.376532 -0.593813  0.441592 1.892985 0
crystal_ball_glass
0  6.764243 8.029421 2.173711  0.218856 -0.447797 0.866937  0.300848 -1.279357 0
0  7.534314 8.405783 2.173710  0.218856 -0.447797 0.866937  0.266020 -1.190261 0
0  7.318146 8.583323 2.319985  0.218856 -0.447797 0.866937  0.223804 -1.304378 0
crystal_ball_glass
0  7.318146 8.583323 2.319985  0.491413 0.825949 -0.276264  0.613044 -0.009306 0
0  7.153376 8.398331 1.473821  0.491413 0.825949 -0.276264  0.646071 -0.100726 0
0  6.844562 8.651960 1.682788  0.491413 0.825949 -0.276264  0.594623 0.109062 0
crystal_ball_glass
0  7.153376 8.398331 1.473821  -0.641914 -0.435909 -0.630817  0.512612 2.036849 0
0  7.205905 7.650176 1.937359  -0.641914 -0.435909 -0.630817  0.616367 2.104248 0
0  6.980412 7.851882 2.027436  -0.641914 -0.435909 -0.630817  0.572168 2.081557 0
crystal_ball_glass
0  6.980412 7.851882 2.027436  0.081056 -0.329471 0.940680  0.517712 -1.311829 0
0  7.759808 8.204079 2.083633  0.081056 -0.329471 0.940680  0.520900 -1.250880 0
0  7.534314 8.405783 2.173710  0.081056 -0.329471 0.940680  0.469202 -1.321318 0
crystal_ball_glass
0  7.534314 8.405783 2.173710  0.560564 0.766570 -0.313269  0.695667 0.150645 0
0  7.475508 8.110180 1.345142  0.560564 0.766570 -0.313269  0.738643 0.068635 0
0  7.153376 8.398331 1.473821  0.560564 0.766570 -0.313269  0.678209 0.203582 0
crystal_ball_glass
0  7.475508 8.110180 1.345142  -0.571201 -0.501639 -0.649682  0.696137 2.150997 0
0  7.432057 7.432054 1.906943  -0.571201 -0.501639 -0.649682  0.772124 2.165961 0
0  7.205905 7.650176 1.937359  -0.571201 -0.501639 -0.649682  0.723865 2.157393 0
crystal_ball_glass
0  7.205905 7.650176 1.937359  -0.059863 -0.198478 0.978275  0.733378 -1.426538 0
0  7.985960 7.985957 2.053218  -0.059863 -0.198478 0.978275  0.773649 -1.403805 0
0  7.759808 8.204079 2.083633  -0.059863 -0.198478 0.978275  0.716802 -1.427620 0
crystal_ball_glass
0  7.759808 8.204079 2.083633  0.631276 0.700840 -0.332135  0.764522 0.363649 0
0  7.798582 7.798581 1.301692  0.631276 0.700840 -0.332135  0.816853 0.327793 0
0  7.475508 8.110180 1.345142  0.631276 0.700840 -0.332135  0.751593 0.374345 0
crystal_ball_glass
0  7.798582 7.798581 1.301692  -0.501637 -0.571202 -0.649683  0.887635 2.091333 0
0  7.650177 7.205903 1.937359  -0.501637 -0.571202 -0.649683  0.928849 2.085492 0
0  7.432057 7.432054 1.906943  -0.501637 -0.571202 -0.649683  0.880590 2.094058 0
crystal_ball_glass
0  7.432057 7.432054 1.906943  -0.198481 -0.059862 0.978275  0.928439 -1.599060 0
0  8.204080 7.759806 2.083633  -0.198481 -0.059862 0.978275  1.001861 -1.623956 0
0  7.985960 7.985957 2.053218  -0.198481 -0.059862 0.978275  0.945015 -1.600142 0
crystal_ball_glass
0  7.985960 7.985957 2.053218  0.700838 0.631279 -0.332135  0.817289 0.600745 0
0  8.110184 7.475504 1.345141  0.700838 0.631279 -0.332135  0.875901 0.644025 0
0  7.798582 7.798581 1.301692  0.700838 0.631279 -0.332135  0.810640 0.597475 0
crystal_ball_glass
0  8.110184 7.475504 1.345141  -0.435907 -0.641915 -0.630817  1.066057 1.856412 0
0  7.851882 6.980410 2.027436  -0.435907 -0.641915 -0.630817  1.069642 1.868706 0
0  7.650177 7.205903 1.937359  -0.435907 -0.641915 -0.630817  1.025442 1.891399 0
crystal_ball_glass
0  7.650177 7.205903 1.937359  -0.329471 0.081057 0.940680  1.090438 -1.799795 0
0  8.405785 7.534313 2.173710  -0.329471 0.081057 0.940680  1.190649 -1.879724 0
0  8.204080 7.759806 2.083633  -0.329471 0.081057 0.940680  1.138949 -1.809284 0
crystal_ball_glass
0  8.204080 7.759806 2.083633  0.766570 0.560564 -0.313269  0.854333 0.832088 0
0  8.398335 7.153372 1.473822  0.766570 0.560564 -0.313269  0.914095 0.979492 0
0  8.110184 7.475504 1.345141  0.766570 0.560564 -0.313269  0.853661 0.844542 0
crystal_ball_glass
0  8.398335 7.153372 1.473822  -0.376532 -0.711060 -0.593815  1.212265 1.475760 0
0  8.029424 6.764240 2.173712  -0.376532 -0.711060 -0.593815  1.179990 1.545578 0
0  7.851882 6.980410 2.027436  -0.376532 -0.711060 -0.593815  1.143261 1.573961 0
crystal_ball_glass
0  7.851882 6.980410 2.027436  -0.447795 0.218855 0.866939  1.215359 -1.998985 0
0  8.583327 7.318142 2.319987  -0.447795 0.218855 0.866939  1.334617 -2.138124 0
0  8.405785 7.534313 2.173710  -0.447795 0.218855 0.866939  1.292402 -2.024006 0
crystal_ball_glass
0  8.405785 7.534313 2.173710  0.825950 0.491413 -0.276261  0.878434 1.033441 0
0  8.651963 6.844560 1.682789  0.825950 0.491413 -0.276261  0.932869 1.298658 0
0  8.398335 7.153372 1.473822  0.825950 0.491413 -0.276261  0.881422 1.088874 0
crystal_ball_glass
0  8.651963 6.844560 1.682789  -0.325787 -0.775995 -0.540088  1.312156 1.003175 0
0  8.175977 6.565703 2.370567  -0.325787 -0.775995 -0.540088  1.250187 1.163396 0
0  8.029424 6.764240 2.173712  -0.325787 -0.775995 -0.540088  1.223082 1.185268 0
crystal_ball_glass
0  8.029424 6.764240 2.173712  -0.548916 0.348247 0.759879  1.306402 -2.171523 0
0  8.729879 7.119605 2.516841  -0.548916 0.348247 0.759879  1.436920 -2.369949 0
0  8.583327 7.318142 2.319987  -0.548916 0.348247 0.759879  1.407038 -2.216843 0
crystal_ball_glass
0  8.583327 7.318142 2.319987  0.876692 0.426481 -0.222540  0.893855 1.191114 0
0  8.861323 6.560935 1.964011  0.876692 0.426481 -0.222540  0.936057 1.574544 0
0  8.651963 6.844560 1.682789  0.876692 0.426481 -0.222540  0.896501 1.310726 0
crystal_ball_glass
0  8.861323 6.560935 1.964011  -0.285628 -0.834211 -0.471708  1.358165 0.506922 0
0  8.285907 6.392428 2.610436  -0.285628 -0.834211 -0.471708  1.276064 0.778185 0
0  8.175977 6.565703 2.370567  -0.285628 -0.834211 -0.471708  1.259161 0.779963 0
crystal_ball_glass
0  8.175977 6.565703 2.370567  -0.628944 0.464264 0.623609  1.370528 -2.300412 0
0  8.839809 6.946330 2.756710  -0.628944 0.464264 0.623609  1.505737 -2.553634 0
0  8.729879 7.119605 2.516841  -0.628944 0.464264 0.623609  1.489136 -2.367698 0
crystal_ball_glass
0  8.729879 7.119605 2.516841  0.916849 0.368269 -0.154161  0.905073 1.303683 0
0  9.018368 6.313398 2.306681  0.916849 0.368269 -0.154161  0.928721 1.791909 0
0  8.861323 6.560935 1.964011  0.916849 0.368269 -0.154161  0.902288 1.499636 0
crystal_ball_glass
0  9.018368 6.313398 2.306681  -0.257601 -0.883470 -0.391308  1.349752 0.058773 0
0  8.354993 6.251073 2.884100  -0.257601 -0.883470 -0.391308  1.259017 0.445958 0
0  8.285907 6.392428 2.610436  -0.257601 -0.883470 -0.391308  1.251259 0.415332 0
crystal_ball_glass
0  8.285907 6.392428 2.610436  -0.684799 0.562429 0.463383  1.414628 -2.378899 0
0  8.908895 6.804976 3.030375  -0.684799 0.562429 0.463383  1.550110 -2.677958 0
0  8.839809 6.946330 2.756710  -0.684799 0.562429 0.463383  1.545710 -2.466481 0
crystal_ball_glass
0  8.839809 6.946330 2.756710  0.944877 0.319008 -0.073761  0.915590 1.380497 0
0  9.117064 6.111463 2.697628  0.944877 0.319008 -0.073761  0.915980 1.947435 0
0  9.018368 6.313398 2.306681  0.944877 0.319008 -0.073761  0.902005 1.653948 0
crystal_ball_glass
0  9.117064 6.111463 2.697628  -0.242778 -0.921886 -0.301969  1.292931 -0.276154 0
0  8.380579 6.147070 3.181043  -0.242778 -0.921886 -0.301969  1.205323 0.215317 0
0  8.354993 6.251073 2.884100  -0.242778 -0.921886 -0.301969  1.204232 0.143667 0
crystal_ball_glass
0  8.354993 6.251073 2.884100  -0.714337 0.638980 0.285354  1.442368 -2.410630 0
0  8.934482 6.700974 3.327317  -0.714337 0.638980 0.285354  1.576190 -2.742664 0
0  8.908895 6.804976 3.030375  -0.714337 0.638980 0.285354  1.581086 -2.513743 0
crystal_ball_glass
0  8.908895 6.804976 3.030375  0.959701 0.280592 0.015582  0.927109 1.437258 0
0  9.153616 5.962887 3.121831  0.959701 0.280592 0.015582  0.902032 2.046903 0
0  9.117064 6.111463 2.697628  0.959701 0.280592 0.015582  0.898013 1.777776 0
crystal_ball_glass
0  9.153616 5.962887 3.121831  -0.241730 -0.947980 -0.207125  1.198872 -0.447167 0
0  8.361682 6.084416 3.489854  -0.241730 -0.947980 -0.207125  1.124855 0.122325 0
0  8.380579 6.147070 3.181043  -0.241730 -0.947980 -0.207125  1.126961 0.006505 0
crystal_ball_glass
0  8.380579 6.147070 3.181043  -0.716426 0.690977 0.096354  1.452980 -2.408375 0
0  8.915586 6.638319 3.636128  -0.716426 0.690977 0.096354  1.585347 -2.757656 0
0  8.934482 6.700974 3.327317  -0.716426 0.690977 0.096354  1.595259 -2.519895 0
crystal_ball_glass
0  8.934482 6.700974 3.327317  0.960748 0.254498 0.110427  0.939360 1.490420 0
0  9.126619 5.873382 3.562991  0.960748 0.254498 0.110427  0.889722 2.101061 0
0  9.153616 5.962887 3.121831  0.960748 0.254498 0.110427  0.891636 1.877061 0
crystal_ball_glass
0  9.126619 5.873382 3.562991  -0.254497 -0.960748 -0.110425  1.082358 -0.423305 0
0  8.299028 6.065519 3.798664  -0.254497 -0.960748 -0.110425  1.029836 0.187334 0
0  8.361682 6.084416 3.489854  -0.254497 -0.960748 -0.110425  1.031253 0.030535 0
crystal_ball_glass
0  8.361682 6.084416 3.489854  -0.690977 0.716426 -0.096354  1.442315 -2.391520 0
0  8.852931 6.619422 3.944937  -0.690977 0.716426 -0.096354  1.574683 -2.740801 0
0  8.915586 6.638319 3.636128  -0.690977 0.716426 -0.096354  1.584595 -2.503041 0
crystal_ball_glass
0  8.915586 6.638319 3.636128  0.947979 0.241730 0.207126  0.950562 1.551961 0
0  9.037113 5.846387 4.004148  0.947979 0.241730 0.207126  0.880609 2.121451 0
0  9.126619 5.873382 3.562991  0.947979 0.241730 0.207126  0.883453 1.955995 0
crystal_ball_glass
0  9.037113 5.846387 4.004148  -0.280590 -0.959701 -0.015583  0.960356 -0.196145 0
0  8.195026 6.091105 4.095607  -0.280590 -0.959701 -0.015583  0.933822 0.413499 0
0  8.299028 6.065519 3.798664  -0.280590 -0.959701 -0.015583  0.930845 0.225111 0
crystal_ball_glass
0  8.299028 6.065519 3.798664  -0.638985 0.714335 -0.285349  1.405446 -2.382635 0
0  8.748929 6.645008 4.241881  -0.638985 0.714335 -0.285349  1.539266 -2.714670 0
0  8.852931 6.619422 3.944937  -0.638985 0.714335 -0.285349  1.544162 -2.485749 0
crystal_ball_glass
0  8.852931 6.619422 3.944937  0.921888 0.242775 0.301965  0.958228 1.625963 0
0  8.888539 5.882938 4.428351  0.921888 0.242775 0.301965  0.875430 2.117433 0
0  9.037113 5.846387 4.004148  0.921888 0.242775 0.301965  0.873956 2.015077 0
crystal_ball_glass
0  8.888539 5.882938 4.428351  -0.319008 -0.944878 0.073760  0.849277 0.219487 0
0  8.053671 6.160192 4.369270  -0.319008 -0.944878 0.073760  0.849690 0.786428 0
0  8.195026 6.091105 4.095607  -0.319008 -0.944878 0.073760  0.839340 0.580986 0
crystal_ball_glass
0  8.195026 6.091105 4.095607  -0.562427 0.684796 -0.463391  1.340095 -2.403578 0
0  8.607574 6.714095 4.515544  -0.562427 0.684796 -0.463391  1.475576 -2.702638 0
0  8.748929 6.645008 4.241881  -0.562427 0.684796 -0.463391  1.471176 -2.491161 0
crystal_ball_glass
0  8.748929 6.645008 4.241881  0.883470 0.257600 0.391310  0.960310 1.707958 0
0  8.686602 5.981634 4.819300  0.883470 0.257600 0.391310  0.874557 2.095141 0
0  8.888539 5.882938 4.428351  0.883470 0.257600 0.391310  0.864082 2.051389 0
crystal_ball_glass
0  8.686602 5.981634 4.819300  -0.368268 -0.916850 0.154159  0.763980 0.786565 0
0  7.880396 6.270123 4.609138  -0.368268 -0.916850 0.154159  0.789003 1.274790 0
0  8.053671 6.160192 4.369270  -0.368268 -0.916850 0.154159  0.769424 1.070199 0
crystal_ball_glass
0  8.053671 6.160192 4.369270  -0.464261 0.628943 -0.623612  1.249428 -2.471403 0
0  8.434299 6.824026 4.755413  -0.464261 0.628943 -0.623612  1.384638 -2.724626 0
0  8.607574 6.714095 4.515544  -0.464261 0.628943 -0.623612  1.368037 -2.538689 0
crystal_ball_glass
0  8.607574 6.714095 4.515544  0.834210 0.285629 0.471710  0.956054 1.786929 0
0  8.439066 6.138678 5.161970  0.834210 0.285629 0.471710  0.878459 2.058190 0
0  8.686602 5.981634 4.819300  0.834210 0.285629 0.471710  0.855638 2.060731 0
crystal_ball_glass
0  8.439066 6.138678 5.161970  -0.426484 -0.876692 0.222537  -0.283952 1.448726 0
0  7.681857 6.416676 4.805995  -0.426484 -0.876692 0.222537  -0.239299 1.832155 0
0  7.880396 6.270123 4.609138  -0.426484 -0.876692 0.222537  -0.268596 1.647482 0
crystal_ball_glass
0  7.880396 6.270123 4.609138  -0.348249 0.548917 -0.759876  0.142986 -2.594795 0
0  8.235760 6.970578 4.952269  -0.348249 0.548917 -0.759876  0.273503 -2.793217 0
0  8.434299 6.824026 4.755413  -0.348249 0.548917 -0.759876  0.243622 -2.640112 0
crystal_ball_glass
0  8.434299 6.824026 4.755413  0.775994 0.325785 0.540090  -0.053633 1.848985 0
0  8.155440 6.348039 5.443190  0.775994 0.325785 0.540090  -0.112200 2.009205 0
0  8.439066 6.138678 5.161970  0.775994 0.325785 0.540090  -0.148796 2.040452 0
crystal_ball_glass
0  8.155440 6.348039 5.443190  -0.491412 -0.825951 0.276260  -0.287663 2.135311 0
0  7.465690 6.594214 4.952270  -0.491412 -0.825951 0.276260  -0.230065 2.400530 0
0  7.681857 6.416676 4.805995  -0.491412 -0.825951 0.276260  -0.268171 2.253680 0
crystal_ball_glass
0  7.681857 6.416676 4.805995  -0.218859 0.447798 -0.866936  0.035391 -2.771686 0
0  8.019592 7.148118 5.098544  -0.218859 0.447798 -0.866936  0.154652 -2.910825 0
0  8.235760 6.970578 4.952269  -0.218859 0.447798 -0.866936  0.112436 -2.796708 0
crystal_ball_glass
0  8.235760 6.970578 4.952269  0.711065 0.376530 0.593812  -0.066303 1.881599 0
0  7.846627 6.601667 5.652158  0.711065 0.376530 0.593812  -0.096807 1.951415 0
0  8.155440 6.348039 5.443190  0.711065 0.376530 0.593812  -0.146395 1.991962 0
crystal_ball_glass
0  7.846627 6.601667 5.652158  -0.560566 -0.766569 0.313268  -0.246107 2.768845 0
0  7.240194 6.795923 5.042347  -0.560566 -0.766569 0.313268  -0.182873 2.916246 0
0  7.465690 6.594214 4.952270  -0.560566 -0.766569 0.313268  -0.227635 2.821781 0
crystal_ball_glass
0  7.465690 6.594214 4.952270  -0.081055 0.329470 -0.940681  -0.057299 -2.988573 0
0  7.794097 7.349825 5.188622  -0.081055 0.329470 -0.940681  0.042910 -3.068503 0
0  8.019592 7.148118 5.098544  -0.081055 0.329470 -0.940681  -0.008788 -2.998062 0
crystal_ball_glass
0  8.019592 7.148118 5.098544  0.641913 0.435907 0.630819  -0.078602 1.876830 0
0  7.524494 6.889820 5.780838  0.641913 0.435907 0.630819  -0.075214 1.889123 0
0  7.846627 6.601667 5.652158  0.641913 0.435907 0.630819  -0.134889 1.921540 0
crystal_ball_glass
0  7.524494 6.889820 5.780838  -0.631278 -0.700839 0.332133  -0.164512 3.274436 0
0  7.014044 7.014041 5.072762  -0.631278 -0.700839 0.332133  -0.102497 3.317717 0
0  7.240194 6.795923 5.042347  -0.631278 -0.700839 0.332133  -0.150832 3.285130 0
crystal_ball_glass
0  7.240194 6.795923 5.042347  0.059864 0.198479 -0.978275  -0.122146 -3.222058 0
0  7.567946 7.567944 5.219036  0.059864 0.198479 -0.978275  -0.048725 -3.246956 0
0  7.794097 7.349825 5.188622  0.059864 0.198479 -0.978275  -0.105572 -3.223141 0
crystal_ball_glass
0  7.794097 7.349825 5.188622  0.571201 0.501638 0.649683  -0.087057 1.832649 0
0  7.201420 7.201419 5.824290  0.571201 0.501638 0.649683  -0.048108 1.826808 0
0  7.524494 6.889820 5.780838  0.571201 0.501638 0.649683  -0.113263 1.839046 0
crystal_ball_glass
0  7.201420 7.201419 5.824290  -0.700838 -0.631279 0.332134  -0.053963 3.590666 0
0  6.795923 7.240194 5.042347  -0.700838 -0.631279 0.332134  0.001408 3.554811 0
0  7.014044 7.014041 5.072762  -0.700838 -0.631279 0.332134  -0.046928 3.587396 0
crystal_ball_glass
0  7.014044 7.014041 5.072762  0.198479 0.059865 -0.978275  -0.153362 -3.442206 0
0  7.349826 7.794096 5.188622  0.198479 0.059865 -0.978275  -0.113091 -3.419476 0
0  7.567946 7.567944 5.219036  0.198479 0.059865 -0.978275  -0.169937 -3.443289 0
crystal_ball_glass
0  7.567946 7.567944 5.219036  0.501641 0.571199 0.649683  -0.089150 1.752178 0
0  6.889818 7.524495 5.780841  0.501641 0.571199 0.649683  -0.017336 1.767142 0
0  7.201420 7.201419 5.824290  0.501641 0.571199 0.649683  -0.082491 1.754904 0
crystal_ball_glass
0  6.889818 7.524495 5.780841  -0.766567 -0.560568 0.313269  0.069977 3.679689 0
0  6.594214 7.465689 4.952272  -0.766567 -0.560568 0.313269  0.115449 3.597678 0
0  6.795923 7.240194 5.042347  -0.766567 -0.560568 0.313269  0.070688 3.692142 0
crystal_ball_glass
0  6.795923 7.240194 5.042347  0.329462 -0.081049 -0.940684  -0.154237 -3.617400 0
0  7.148117 8.019592 5.098547  0.329462 -0.081049 -0.940684  -0.151047 -3.556451 0
0  7.349826 7.794096 5.188622  0.329462 -0.081049 -0.940684  -0.202746 -3.626886 0
crystal_ball_glass
0  7.349826 7.794096 5.188622  0.435907 0.641915 0.630817  -0.083463 1.641294 0
0  6.601665 7.846629 5.652160  0.435907 0.641915 0.630817  0.014596 1.708695 0
0  6.889818 7.524495 5.780841  0.435907 0.641915 0.630817  -0.045078 1.676279 0
crystal_ball_glass
0  6.601665 7.846629 5.652160  -0.825951 -0.491411 0.276262  0.189613 3.534698 0
0  6.416676 7.681857 4.805995  -0.825951 -0.491411 0.276262  0.224558 3.443278 0
0  6.594214 7.465689 4.952272  -0.825951 -0.491411 0.276262  0.186453 3.590129 0
crystal_ball_glass
0  6.594214 7.465689 4.952272  0.447801 -0.218860 -0.866934  -0.136035 -3.719556 0
0  6.970578 8.235760 4.952270  0.447801 -0.218860 -0.866934  -0.170865 -3.630458 0
0  7.148117 8.019592 5.098547  0.447801 -0.218860 -0.866934  -0.213080 -3.744576 0
crystal_ball_glass
0  7.148117 8.019592 5.098547  0.376527 0.711066 0.593812  -0.069589 1.505800 0
0  6.348040 8.155439 5.443192  0.376527 0.711066 0.593812  0.045215 1.644549 0
0  6.601665 7.846629 5.652160  0.376527 0.711066 0.593812  -0.004373 1.604002 0
crystal_ball_glass
0  6.348040 8.155439 5.443192  -0.876693 -0.426480 0.222540  0.288081 3.182830 0
0  6.270123 7.880394 4.609140  -0.876693 -0.426480 0.222540  0.314578 3.117772 0
0  6.416676 7.681857 4.805995  -0.876693 -0.426480 0.222540  0.285281 3.302442 0
crystal_ball_glass
0  6.416676 7.681857 4.805995  0.548918 -0.348252 -0.759875  -0.114219 -3.728352 0
0  6.824026 8.434296 4.755414  0.548918 -0.348252 -0.759875  -0.184974 -3.620565 0
0  6.970578 8.235760 4.952270  0.548918 -0.348252 -0.759875  -0.214855 -3.773669 0
crystal_ball_glass
0  6.970578 8.235760 4.952270  0.325785 0.775994 0.540090  -0.048094 1.349485 0
0  6.138679 8.439064 5.161971  0.325785 0.775994 0.540090  0.072686 1.562824 0
0  6.348040 8.155439 5.443192  0.325785 0.775994 0.540090  0.036090 1.531577 0
crystal_ball_glass
0  6.138679 8.439064 5.161971  -0.916849 -0.368269 0.154162  0.352406 2.682135 0
0  6.160192 8.053669 4.369272  -0.916849 -0.368269 0.154162  0.374931 2.673500 0
0  6.270123 7.880394 4.609140  -0.916849 -0.368269 0.154162  0.355352 2.878088 0
crystal_ball_glass
0  6.270123 7.880394 4.609140  0.628943 -0.464258 -0.623614  -0.103277 -3.634509 0
0  6.714095 8.607573 4.515546  0.628943 -0.464258 -0.623614  -0.205283 -3.515859 0
0  6.824026 8.434296 4.755414  0.628943 -0.464258 -0.623614  -0.221885 -3.701792 0
crystal_ball_glass
0  6.824026 8.434296 4.755414  0.285630 0.834208 0.471712  -0.019581 1.173681 0
0  5.981632 8.686602 4.819303  0.285630 0.834208 0.471712  0.096811 1.449260 0
0  6.138679 8.439064 5.161971  0.285630 0.834208 0.471712  0.073989 1.446718 0
crystal_ball_glass
0  5.981632 8.686602 4.819303  -0.944878 -0.319008 0.073757  0.376055 2.112904 0
0  6.091105 8.195026 4.095608  -0.944878 -0.319008 0.073757  0.400779 2.180910 0
0  6.160192 8.053669 4.369272  -0.944878 -0.319008 0.073757  0.390429 2.386355 0
crystal_ball_glass
0  6.160192 8.053669 4.369272  0.684795 -0.562425 -0.463394  -0.111677 -3.440907 0
0  6.645007 8.748930 4.241882  0.684795 -0.562425 -0.463394  -0.238358 -3.317011 0
0  6.714095 8.607573 4.515546  0.684795 -0.562425 -0.463394  -0.242759 -3.528485 0
crystal_ball_glass
0  6.714095 8.607573 4.515546  0.257599 0.883471 0.391308  0.015903 0.978842 0
0  5.882938 8.888538 4.428353  0.257599 0.883471 0.391308  0.119464 1.291648 0
0  5.981632 8.686602 4.819303  0.257599 0.883471 0.391308  0.108989 1.335400 0
crystal_ball_glass
0  5.882938 8.888538 4.428353  -0.959701 -0.280592 -0.015579  0.360424 1.564379 0
0  6.065518 8.299028 3.798666  -0.959701 -0.280592 -0.015579  0.394187 1.716508 0
0  6.091105 8.195026 4.095608  -0.959701 -0.280592 -0.015579  0.391210 1.904895 0
crystal_ball_glass
0  6.091105 8.195026 4.095608  0.714337 -0.638981 -0.285352  -0.138774 -3.162054 0
0  6.619421 8.852932 3.944940  0.714337 -0.638981 -0.285352  -0.282387 -3.036245 0
0  6.645007 8.748930 4.241882  0.714337 -0.638981 -0.285352  -0.277490 -3.265164 0
crystal_ball_glass
0  6.645007 8.748930 4.241882  0.242776 0.921887 0.301967  0.059123 0.767265 0
0  5.846387 9.037113 4.004149  0.242776 0.921887 0.301967  0.144426 1.084729 0
0  5.882938 8.888538 4.428353  0.242776 0.921887 0.301967  0.142953 1.187086 0
crystal_ball_glass
0  5.846387 9.037113 4.004149  -0.960749 -0.254495 -0.110428  0.314845 1.119445 0
0  6.084416 8.361681 3.489855  -0.960749 -0.254495 -0.110428  0.363925 1.349286 0
0  6.065518 8.299028 3.798666  -0.960749 -0.254495 -0.110428  0.365342 1.506084 0
crystal_ball_glass
0  6.065518 8.299028 3.798666  0.716424 -0.690981 -0.096346  -0.174355 -2.822335 0
0  6.638319 8.915585 3.636129  0.716424 -0.690981 -0.096346  -0.326547 -2.696092 0
0  6.619421 8.852932 3.944940  0.716424 -0.690981 -0.096346  -0.316635 -2.933855 0
crystal_ball_glass
0  6.619421 8.852932 3.944940  0.241728 0.947980 0.207127  0.111571 0.545990 0
0  5.873382 9.126619 3.562993  0.241728 0.947980 0.207127  0.176690 0.834202 0
0  5.846387 9.037113 4.004149  0.241728 0.947980 0.207127  0.179534 0.999658 0
crystal_ball_glass
0  5.873382 9.126619 3.562993  -0.947980 -0.241729 -0.207125  0.255021 0.840088 0
0  6.147070 8.380579 3.181044  -0.947980 -0.241729 -0.207125  0.323921 1.128300 0
0  6.084416 8.361681 3.489855  -0.947980 -0.241729 -0.207125  0.326028 1.244121 0
crystal_ball_glass
0  6.084416 8.361681 3.489855  0.690980 -0.716423 0.096352  -0.201114 -2.453078 0
0  6.700973 8.934481 3.327318  0.690980 -0.716423 0.096352  -0.353304 -2.326836 0
0  6.638319 8.915585 3.636129  0.690980 -0.716423 0.096352  -0.343393 -2.564598 0
crystal_ball_glass
0  6.638319 8.915585 3.636129  0.254499 0.960749 0.110418  0.174774 0.328474 0
0  5.962889 9.153612 3.121831  0.254499 0.960749 0.110418  0.221159 0.558314 0
0  5.873382 9.126619 3.562993  0.254499 0.960749 0.110418  0.223072 0.782315 0
crystal_ball_glass
0  5.962889 9.153612 3.121831  -0.921887 -0.242776 -0.301968  0.200583 0.756545 0
0  6.251073 8.354992 2.884101  -0.921887 -0.242776 -0.301968  0.290841 1.074010 0
0  6.147070 8.380579 3.181044  -0.921887 -0.242776 -0.301968  0.289749 1.145659 0
crystal_ball_glass
0  6.147070 8.380579 3.181044  0.638981 -0.714338 0.285351  -0.199238 -2.089035 0
0  6.804976 8.908894 3.030375  0.638981 -0.714338 0.285351  -0.342849 -1.963228 0
0  6.700973 8.934481 3.327318  0.638981 -0.714338 0.285351  -0.337953 -2.192147 0
crystal_ball_glass
0  6.700973 8.934481 3.327318  0.280590 0.959701 0.015581  0.249166 0.134248 0
0  6.111465 9.117060 2.697628  0.280590 0.959701 0.015581  0.281075 0.286375 0
0  5.962889 9.153612 3.121831  0.280590 0.959701 0.015581  0.277056 0.555503 0
crystal_ball_glass
0  6.111465 9.117060 2.697628  -0.883471 -0.257599 -0.391307  0.171098 0.862276 0
0  6.392429 8.285904 2.610436  -0.883471 -0.257599 -0.391307  0.280675 1.175081 0
0  6.251073 8.354992 2.884101  -0.883471 -0.257599 -0.391307  0.272916 1.205707 0
crystal_ball_glass
0  6.251073 8.354992 2.884101  0.562427 -0.684799 0.463386  -0.151841 -1.764527 0
0  6.946332 8.839808 2.756710  0.562427 -0.684799 0.463386  -0.278523 -1.640630 0
0  6.804976 8.908894 3.030375  0.562427 -0.684799 0.463386  -0.282923 -1.852106 0
crystal_ball_glass
0  6.804976 8.908894 3.030375  0.319006 0.944879 -0.073755  0.333965 -0.013981 0
0  6.313401 9.018366 2.306679  0.319006 0.944879 -0.073755  0.357331 0.054022 0
0  6.111465 9.117060 2.697628  0.319006 0.944879 -0.073755  0.343357 0.347513 0
crystal_ball_glass
0  6.313401 9.018366 2.306679  -0.834209 -0.285629 -0.471711  0.182527 1.115865 0
0  6.565706 8.175972 2.370566  -0.834209 -0.285629 -0.471711  0.305679 1.391447 0
0  6.392429 8.285904 2.610436  -0.834209 -0.285629 -0.471711  0.288776 1.389668 0
crystal_ball_glass
0  6.392429 8.285904 2.610436  0.464260 -0.628942 0.623614  -0.049886 -1.509164 0
0  7.119609 8.729876 2.516840  0.464260 -0.628942 0.623614  -0.151893 -1.390510 0
0  6.946332 8.839808 2.756710  0.464260 -0.628942 0.623614  -0.168495 -1.576448 0
crystal_ball_glass
0  6.946332 8.839808 2.756710  0.368268 0.916849 -0.154162  0.426270 -0.095015 0
0  6.560939 8.861320 1.964009  0.368268 0.916849 -0.154162  0.447558 -0.103653 0
0  6.313401 9.018366 2.306679  0.368268 0.916849 -0.154162  0.421124 0.188621 0
gold_player
0  4.557669 4.209639 4.430507  -0.533215 -0.533216 -0.656782  0.000000 0.000000 0
0  4.922362 5.270387 3.273242  -0.533215 -0.533216 -0.656782  0.000000 0.000000 0
0  5.270390 4.922360 3.273242  -0.533215 -0.533216 -0.656782  0.000000 0.000000 0
painted_wood_01
0  4.513397 3.729790 14.505948  0.699689 0.699692 0.144452  0.298096 0.539551 0
0  3.200302 3.983907 19.635355  0.699689 0.699692 0.144452  0.298096 0.539551 0
0  3.983909 3.200302 19.635353  0.699689 0.699692 0.144452  0.298096 0.539551 0
painted_wood_01
0  3.631074 2.847467 19.219650  0.707107 -0.707107 -0.000001  0.298096 0.539551 0
0  3.834977 3.051367 22.945499  0.707107 -0.707107 -0.000001  0.298096 0.539551 0
0  3.477409 2.693798 22.537962  0.707107 -0.707107 -0.000001  0.298096 0.539551 0
painted_wood_01
0  6.672784 6.150411 6.028134  0.666223 0.662117 -0.343144  0.298096 0.539551 0
0  6.197910 6.721047 6.207235  0.666223 0.662117 -0.343144  0.298096 0.539551 0
0  6.718204 6.195065 6.208757  0.666223 0.662117 -0.343144  0.298096 0.539551 0
gold_player
0  4.036065 3.252458 1.902435  -0.391400 -0.391401 0.832833  0.000000 0.000000 0
0  2.877920 3.661523 1.550397  -0.391400 -0.391401 0.832833  0.000000 0.000000 0
0  3.661527 2.877920 1.550398  -0.391400 -0.391401 0.832833  0.000000 0.000000 0
crystal_ball_glass
0  2.779753 2.431723 12.435316  -0.674609 -0.674612 -0.299670  0.000000 0.000000 0
0  4.209641 4.557665 4.430506  -0.674609 -0.674612 -0.299670  0.000000 0.000000 0
0  4.557669 4.209639 4.430507  -0.674609 -0.674612 -0.299670  0.000000 0.000000 0
painted_wood_01
0  5.670677 4.887069 3.089588  -0.323024 -0.323025 0.889556  0.298096 0.539551 0
0  3.252458 4.036062 1.902434  -0.323024 -0.323025 0.889556  0.298096 0.539551 0
0  4.036065 3.252458 1.902435  -0.323024 -0.323025 0.889556  0.298096 0.539551 0
gold_player
0  3.661527 2.877920 1.550398  -0.215695 -0.215697 -0.952339  0.000000 0.000000 0
0  3.672135 4.455738 1.190632  -0.215695 -0.215697 -0.952339  0.000000 0.000000 0
0  4.455741 3.672134 1.190633  -0.215695 -0.215697 -0.952339  0.000000 0.000000 0
gold_player
0  4.036065 3.252458 1.902435  0.520433 -0.833690 -0.184692  0.000000 0.000000 0
0  4.455741 3.672134 1.190633  0.520435 -0.833688 -0.184695  0.000000 0.000000 0
0  6.146601 4.285356 2.200109  0.520431 -0.833692 -0.184688  0.000000 0.000000 0
gold_player
0  4.455741 3.672134 1.190633  0.372431 0.372430 -0.850054  0.000000 0.000000 0
0  4.285355 6.146595 2.200104  0.372431 0.372430 -0.850054  0.000000 0.000000 0
0  6.146601 4.285356 2.200109  0.372431 0.372430 -0.850054  0.000000 0.000000 0
gold_player
0  3.252458 4.036062 1.902434  -0.833677 0.520461 -0.184669  0.000000 0.000000 0
0  3.672135 4.455738 1.190632  -0.833672 0.520466 -0.184678  0.000000 0.000000 0
0  2.877920 3.661523 1.550397  -0.833680 0.520458 -0.184665  0.000000 0.000000 0
painted_wood_01
0  5.670677 4.887069 3.089588  0.266091 -0.726346 0.633733  0.298096 0.539551 0
0  4.036065 3.252458 1.902435  0.266091 -0.726346 0.633733  0.298096 0.539551 0
0  6.146601 4.285356 2.200109  0.266091 -0.726346 0.633733  0.298096 0.539551 0
painted_wood_01
0  3.252458 4.036062 1.902434  -0.726346 0.266092 0.633732  0.298096 0.539551 0
0  4.887070 5.670673 3.089586  -0.726346 0.266092 0.633732  0.298096 0.539551 0
0  4.285355 6.146595 2.200104  -0.726346 0.266092 0.633732  0.298096 0.539551 0
painted_wood_01
0  4.887070 5.670673 3.089586  0.054073 -0.864756 -0.499272  0.298096 0.539551 0
0  4.037978 4.821580 4.468280  0.054073 -0.864756 -0.499272  0.298096 0.539551 0
0  4.285355 6.146595 2.200104  0.054073 -0.864756 -0.499272  0.298096 0.539551 0
painted_wood_01
0  4.821584 4.037977 4.468282  -0.864755 0.054071 -0.499274  0.298096 0.539551 0
0  5.670677 4.887069 3.089588  -0.864755 0.054071 -0.499274  0.298096 0.539551 0
0  6.146601 4.285356 2.200109  -0.864755 0.054071 -0.499274  0.298096 0.539551 0
black
0  7.370600 5.389429 2.378337  0.679628 -0.691881 0.243735  0.000000 0.000000 0
0  5.427089 4.182586 4.372017  0.679647 -0.691869 0.243715  0.000000 0.000000 0
0  6.477705 4.345802 2.630160  0.679633 -0.691878 0.243729  0.000000 0.000000 0
black
0  5.389429 7.370600 2.378336  -0.691932 0.679604 0.243658  0.000000 0.000000 0
0  4.182586 5.427085 4.372015  -0.691927 0.679612 0.243650  0.000000 0.000000 0
0  5.593443 6.734778 5.455657  -0.691927 0.679611 0.243651  0.000000 0.000000 0
painted_wood_01
0  6.672784 6.150411 6.028134  0.000000 0.000000 1.000000  0.298096 0.539551 0
0  7.586419 5.826493 1.835556  0.000000 0.000000 1.000000  0.298096 0.539551 0
0  6.672784 6.150411 6.028134  0.000000 0.000000 1.000000  0.298096 0.539551 0
painted_wood_01
0  5.826494 7.586419 1.835556  0.000000 0.000000 1.000000  0.298096 0.539551 0
0  6.150412 6.672781 6.028132  0.000000 0.000000 1.000000  0.298096 0.539551 0
0  5.826494 7.586419 1.835556  0.000000 0.000000 1.000000  0.298096 0.539551 0
painted_wood_01
0  4.037978 4.821580 4.468280  0.000000 0.000000 1.000000  0.298096 0.539551 0
0  4.285355 6.146595 2.200104  0.000000 0.000000 1.000000  0.298096 0.539551 0
0  4.037978 4.821580 4.468280  0.000000 0.000000 1.000000  0.298096 0.539551 0
painted_wood_01
0  6.146601 4.285356 2.200109  0.000000 0.000000 1.000000  0.298096 0.539551 0
0  4.821584 4.037977 4.468282  0.000000 0.000000 1.000000  0.298096 0.539551 0
0  6.146601 4.285356 2.200109  0.000000 0.000000 1.000000  0.298096 0.539551 0
painted_wood_01
0  7.586419 5.826493 1.835556  0.000000 0.000000 1.000000  0.298096 0.539551 0
0  6.146601 4.285356 2.200109  0.000000 0.000000 1.000000  0.298096 0.539551 0
0  7.586419 5.826493 1.835556  0.000000 0.000000 1.000000  0.298096 0.539551 0
painted_wood_01
0  4.821584 4.037977 4.468282  0.000000 0.000000 1.000000  0.298096 0.539551 0
0  6.672784 6.150411 6.028134  0.000000 0.000000 1.000000  0.298096 0.539551 0
0  4.821584 4.037977 4.468282  0.000000 0.000000 1.000000  0.298096 0.539551 0
painted_wood_01
0  6.150412 6.672781 6.028132  0.000000 0.000000 1.000000  0.298096 0.539551 0
0  4.037978 4.821580 4.468280  0.000000 0.000000 1.000000  0.298096 0.539551 0
0  6.150412 6.672781 6.028132  0.000000 0.000000 1.000000  0.298096 0.539551 0
painted_wood_01
0  4.285355 6.146595 2.200104  0.000000 0.000000 1.000000  0.298096 0.539551 0
0  5.826494 7.586419 1.835556  0.000000 0.000000 1.000000  0.298096 0.539551 0
0  4.285355 6.146595 2.200104  0.000000 0.000000 1.000000  0.298096 0.539551 0
painted_wood_01
0  7.370600 5.389429 2.378337  0.656932 -0.673624 -0.338629  0.298096 0.539551 0
0  6.146601 4.285356 2.200109  0.656931 -0.673626 -0.338630  0.298096 0.539551 0
0  7.586419 5.826493 1.835556  0.656931 -0.673626 -0.338630  0.298096 0.539551 0
painted_wood_01
0  5.427089 4.182586 4.372017  0.231196 -0.707973 0.667325  0.298096 0.539551 0
0  6.672784 6.150411 6.028134  0.231194 -0.707976 0.667323  0.298096 0.539551 0
0  4.821584 4.037977 4.468282  0.231196 -0.707973 0.667325  0.298096 0.539551 0
painted_wood_01
0  5.593443 6.734778 5.455657  -0.707968 0.231189 0.667333  0.298096 0.539551 0
0  4.037978 4.821580 4.468280  -0.707970 0.231187 0.667332  0.298096 0.539551 0
0  6.150412 6.672781 6.028132  -0.707967 0.231190 0.667333  0.298096 0.539551 0
painted_wood_01
0  4.345800 6.477699 2.630156  -0.673624 0.656917 -0.338660  0.298096 0.539551 0
0  5.826494 7.586419 1.835556  -0.673624 0.656918 -0.338660  0.298096 0.539551 0
0  4.285355 6.146595 2.200104  -0.673626 0.656916 -0.338659  0.298096 0.539551 0
painted_wood_01
0  6.734782 5.593443 5.455659  0.963755 -0.155607 0.216707  0.298096 0.539551 0
0  7.586419 5.826493 1.835556  0.963755 -0.155607 0.216708  0.298096 0.539551 0
0  6.672784 6.150411 6.028134  0.963755 -0.155607 0.216710  0.298096 0.539551 0
painted_wood_01
0  5.389429 7.370600 2.378336  -0.155596 0.963757 0.216706  0.298096 0.539551 0
0  6.150412 6.672781 6.028132  -0.155596 0.963757 0.216707  0.298096 0.539551 0
0  5.826494 7.586419 1.835556  -0.155595 0.963757 0.216710  0.298096 0.539551 0
painted_wood_01
0  4.182586 5.427085 4.372015  -0.978238 0.206312 0.022060  0.298096 0.539551 0
0  4.285355 6.146595 2.200104  -0.978238 0.206311 0.022061  0.298096 0.539551 0
0  4.037978 4.821580 4.468280  -0.978237 0.206313 0.022057  0.298096 0.539551 0
painted_wood_01
0  6.477705 4.345802 2.630160  0.206310 -0.978238 0.022063  0.298096 0.539551 0
0  4.821584 4.037977 4.468282  0.206312 -0.978238 0.022061  0.298096 0.539551 0
0  6.146601 4.285356 2.200109  0.206311 -0.978238 0.022062  0.298096 0.539551 0
painted_wood_01
0  3.983909 3.200302 19.635353  0.705678 0.705681 0.063502  0.298096 0.539551 0
0  3.051370 3.834970 22.945499  0.705678 0.705681 0.063502  0.298096 0.539551 0
0  3.834977 3.051367 22.945499  0.705678 0.705681 0.063502  0.298096 0.539551 0
painted_wood_01
0  2.431724 2.779750 12.435314  -0.847743 -0.517372 0.116871  0.298096 0.539551 0
0  2.847467 3.631071 19.219650  -0.847743 -0.517372 0.116871  0.298096 0.539551 0
0  2.266319 3.049922 12.431528  -0.847743 -0.517372 0.116871  0.298096 0.539551 0
painted_wood_01
0  5.270390 4.922360 3.273242  -0.409968 -0.409970 -0.814771  0.298096 0.539551 0
0  4.887070 5.670673 3.089586  -0.409968 -0.409970 -0.814771  0.298096 0.539551 0
0  5.670677 4.887069 3.089588  -0.409968 -0.409970 -0.814771  0.298096 0.539551 0
painted_wood_01
0  3.335160 2.987132 18.922775  -0.517366 -0.847746 0.116871  0.298096 0.539551 0
0  3.049926 2.266319 12.431530  -0.517366 -0.847746 0.116871  0.298096 0.539551 0
0  3.631074 2.847467 19.219650  -0.517366 -0.847746 0.116871  0.298096 0.539551 0
painted_wood_01
0  4.922362 5.270387 3.273242  -0.683648 -0.353277 -0.638608  0.298096 0.539551 0
0  4.037978 4.821580 4.468280  -0.683648 -0.353277 -0.638608  0.298096 0.539551 0
0  4.887070 5.670673 3.089586  -0.683648 -0.353277 -0.638608  0.298096 0.539551 0
painted_wood_01
0  4.557669 4.209639 4.430507  -0.353271 -0.683652 -0.638608  0.298096 0.539551 0
0  5.670677 4.887069 3.089588  -0.353271 -0.683652 -0.638608  0.298096 0.539551 0
0  4.821584 4.037977 4.468282  -0.353271 -0.683652 -0.638608  0.298096 0.539551 0
painted_wood_01
0  3.983909 3.200302 19.635353  0.707107 -0.707107 0.000000  0.298096 0.539551 0
0  3.049926 2.266319 12.431530  0.707107 -0.707107 0.000000  0.298096 0.539551 0
0  4.513397 3.729790 14.505948  0.707107 -0.707107 0.000000  0.298096 0.539551 0
painted_wood_01
0  2.847467 3.631071 19.219650  -0.707107 0.707107 -0.000000  0.298096 0.539551 0
0  3.729789 4.513393 14.505947  -0.707107 0.707107 -0.000000  0.298096 0.539551 0
0  2.266319 3.049922 12.431528  -0.707107 0.707107 -0.000000  0.298096 0.539551 0
crystal_ball_glass
0  2.981033 2.676710 18.702389  -0.701978 -0.701983 0.120197  0.000000 0.000000 0
0  2.191058 2.495373 13.029676  -0.701978 -0.701983 0.120197  0.000000 0.000000 0
0  2.495378 2.191055 13.029678  -0.701978 -0.701983 0.120197  0.000000 0.000000 0
crystal_ball_glass
0  2.779753 2.431723 12.435316  0.656186 -0.754553 0.008421  0.000000 0.000000 0
0  2.981033 2.676710 18.702389  0.656186 -0.754553 0.008421  0.000000 0.000000 0
0  2.495378 2.191055 13.029678  0.656186 -0.754553 0.008421  0.000000 0.000000 0
crystal_ball_glass
0  2.987132 3.335159 18.922775  -0.754557 0.656180 0.008422  0.000000 0.000000 0
0  2.191058 2.495373 13.029676  -0.754557 0.656180 0.008422  0.000000 0.000000 0
0  2.676713 2.981029 18.702389  -0.754557 0.656180 0.008422  0.000000 0.000000 0
painted_wood_01
0  3.335160 2.987132 18.922775  -0.369458 -0.927263 -0.060701  0.298096 0.539551 0
0  3.477409 2.693798 22.537962  -0.369458 -0.927263 -0.060700  0.298096 0.539551 0
0  3.178093 2.830060 22.242926  -0.369458 -0.927263 -0.060701  0.298096 0.539551 0
gold_player
0  2.431724 2.779750 12.435314  -0.701979 -0.701982 0.120197  0.000000 0.000000 0
0  3.335160 2.987132 18.922775  -0.701979 -0.701982 0.120197  0.000000 0.000000 0
0  2.987132 3.335159 18.922775  -0.701979 -0.701982 0.120197  0.000000 0.000000 0
painted_wood_01
0  3.834977 3.051367 22.945499  -0.443706 -0.443713 0.778617  0.298096 0.539551 0
0  2.693802 3.477403 22.537962  -0.443706 -0.443713 0.778617  0.298096 0.539551 0
0  3.477409 2.693798 22.537962  -0.443706 -0.443713 0.778617  0.298096 0.539551 0
painted_wood_01
0  2.830065 3.178087 22.242926  -0.658606 -0.658603 0.363980  0.298096 0.539551 0
0  3.477409 2.693798 22.537962  -0.658606 -0.658603 0.363980  0.298096 0.539551 0
0  2.693802 3.477403 22.537962  -0.658606 -0.658603 0.363980  0.298096 0.539551 0
crystal_ball_glass
0  3.178093 2.830060 22.242926  -0.289808 -0.289807 0.912153  0.000000 0.000000 0
0  2.517155 2.821467 22.030205  -0.289808 -0.289807 0.912153  0.000000 0.000000 0
0  2.821475 2.517148 22.030205  -0.289808 -0.289807 0.912153  0.000000 0.000000 0
painted_wood_01
0  3.200302 3.983907 19.635355  -0.707107 0.707107 0.000001  0.298096 0.539551 0
0  2.693802 3.477403 22.537962  -0.707107 0.707107 0.000001  0.298096 0.539551 0
0  3.051370 3.834970 22.945499  -0.707107 0.707107 0.000001  0.298096 0.539551 0
crystal_ball_glass
0  2.987132 3.335159 18.922775  -0.750628 0.660711 -0.004304  0.000000 0.000000 0
0  2.517155 2.821467 22.030205  -0.750628 0.660711 -0.004304  0.000000 0.000000 0
0  2.830065 3.178087 22.242926  -0.750628 0.660711 -0.004304  0.000000 0.000000 0
crystal_ball_glass
0  2.676713 2.981029 18.702389  -0.705486 -0.705488 -0.067652  0.000000 0.000000 0
0  2.821475 2.517148 22.030205  -0.705486 -0.705488 -0.067652  0.000000 0.000000 0
0  2.517155 2.821467 22.030205  -0.705486 -0.705488 -0.067652  0.000000 0.000000 0
painted_wood_01
0  2.847467 3.631071 19.219650  -0.927265 -0.369453 -0.060694  0.298096 0.539551 0
0  2.830065 3.178087 22.242926  -0.927265 -0.369453 -0.060693  0.298096 0.539551 0
0  2.693802 3.477403 22.537962  -0.927265 -0.369453 -0.060693  0.298096 0.539551 0
crystal_ball_glass
0  2.981033 2.676710 18.702389  0.660731 -0.750611 -0.004264  0.000000 0.000000 0
0  3.178093 2.830060 22.242926  0.660731 -0.750611 -0.004264  0.000000 0.000000 0
0  2.821475 2.517148 22.030205  0.660731 -0.750611 -0.004264  0.000000 0.000000 0
painted_wood_01
0  4.513397 3.729790 14.505948  0.368183 0.617308 -0.695249  0.298096 0.539551 0
0  3.049926 2.266319 12.431530  0.368183 0.617308 -0.695249  0.298096 0.539551 0
0  2.779753 2.431723 12.435316  0.368183 0.617308 -0.695249  0.298096 0.539551 0
painted_wood_01
0  2.431724 2.779750 12.435314  0.617306 0.368186 -0.695250  0.298096 0.539551 0
0  2.266319 3.049922 12.431528  0.617306 0.368186 -0.695250  0.298096 0.539551 0
0  3.729789 4.513393 14.505947  0.617306 0.368186 -0.695250  0.298096 0.539551 0
painted_wood_01
0  6.672784 6.150411 6.028134  -0.346922 -0.341106 0.873666  0.298096 0.539551 0
0  4.557669 4.209639 4.430507  -0.346922 -0.341106 0.873666  0.298096 0.539551 0
0  4.821584 4.037977 4.468282  -0.346922 -0.341106 0.873666  0.298096 0.539551 0
painted_wood_01
0  4.209641 4.557665 4.430506  -0.341106 -0.346922 0.873666  0.298096 0.539551 0
0  6.150412 6.672781 6.028132  -0.341106 -0.346922 0.873666  0.298096 0.539551 0
0  4.037978 4.821580 4.468280  -0.341106 -0.346922 0.873666  0.298096 0.539551 0
painted_wood_01
0  6.672784 6.150411 6.028134  0.000000 0.000000 1.000000  0.298096 0.539551 0
0  6.672784 6.150411 6.028134  0.000000 0.000000 1.000000  0.298096 0.539551 0
0  6.718204 6.195065 6.208757  0.000000 0.000000 1.000000  0.298096 0.539551 0
painted_wood_01
0  4.513397 3.729790 14.505948  0.722179 -0.691573 -0.013576  0.298096 0.539551 0
0  6.718204 6.195065 6.208757  0.722179 -0.691573 -0.013576  0.298096 0.539551 0
0  4.592967 3.809360 14.646135  0.722179 -0.691573 -0.013576  0.298096 0.539551 0
painted_wood_01
0  6.150412 6.672781 6.028132  0.000000 0.000000 1.000000  0.298096 0.539551 0
0  6.150412 6.672781 6.028132  0.000000 0.000000 1.000000  0.298096 0.539551 0
0  6.197910 6.721047 6.207235  0.000000 0.000000 1.000000  0.298096 0.539551 0
painted_wood_01
0  6.150412 6.672781 6.028132  -0.691829 0.721931 -0.013712  0.298096 0.539551 0
0  3.809359 4.592963 14.646132  -0.691829 0.721931 -0.013713  0.298096 0.539551 0
0  6.197910 6.721047 6.207235  -0.691829 0.721931 -0.013712  0.298096 0.539551 0
painted_wood_01
0  3.729789 4.513393 14.505947  -0.551428 -0.551430 0.625981  0.298096 0.539551 0
0  4.592967 3.809360 14.646135  -0.551428 -0.551430 0.625981  0.298096 0.539551 0
0  3.809359 4.592963 14.646132  -0.551428 -0.551430 0.625981  0.298096 0.539551 0
gold_player
0  2.431724 2.779750 12.435314  0.491253 0.491251 -0.719265  0.000000 0.000000 0
0  4.513397 3.729790 14.505948  0.491253 0.491251 -0.719265  0.000000 0.000000 0
0  2.779753 2.431723 12.435316  0.491253 0.491251 -0.719265  0.000000 0.000000 0
gold_player
0  4.557669 4.209639 4.430507  -0.344114 -0.344113 0.873597  0.000000 0.000000 0
0  6.672784 6.150411 6.028134  -0.344114 -0.344113 0.873597  0.000000 0.000000 0
0  6.150412 6.672781 6.028132  -0.344114 -0.344113 0.873597  0.000000 0.000000 0
gold_player
0  6.150412 6.672781 6.028132  0.707072 0.707142 0.000003  0.000000 0.000000 0
0  6.672784 6.150411 6.028134  0.000000 0.000000 -0.000001  0.000000 0.000000 0
0  6.672784 6.150411 6.028134  -0.707106 -0.707108 -0.000001  0.000000 0.000000 0
crystal_ball_glass
0  6.672784 6.150411 6.028134  0.000000 0.000000 0.566867  0.000000 0.000000 0
0  6.672784 6.150411 6.028134  0.608265 -0.555586 0.566867  0.000000 0.000000 0
0  4.513397 3.729790 14.505948  -0.269420 0.234720 -0.933980  0.000000 0.000000 0
black
0  3.809359 4.592963 14.646132  0.057765 0.057769 0.996657  0.000000 0.000000 0
0  4.588055 4.057975 14.632012  0.057765 0.057769 0.996657  0.000000 0.000000 0
0  4.057974 4.588053 14.632009  0.057765 0.057769 0.996657  0.000000 0.000000 0
black
0  6.579035 6.284646 6.508852  0.945386 0.165187 0.280995  0.000000 0.000000 0
0  4.592967 3.809360 14.646135  0.945384 0.165184 0.281005  0.000000 0.000000 0
0  6.718204 6.195065 6.208757  0.945390 0.165192 0.280979  0.000000 0.000000 0
black
0  6.284647 6.579034 6.508851  0.704120 0.699468 0.122308  0.000000 0.000000 0
0  6.718204 6.195065 6.208757  0.704120 0.699468 0.122308  0.000000 0.000000 0
0  6.197910 6.721047 6.207235  0.704120 0.699468 0.122308  0.000000 0.000000 0
black
0  4.057974 4.588053 14.632009  0.171303 0.943857 0.282470  0.000000 0.000000 0
0  6.197910 6.721047 6.207235  0.171298 0.943852 0.282489  0.000000 0.000000 0
0  3.809359 4.592963 14.646132  0.171304 0.943857 0.282469  0.000000 0.000000 0
black
0  6.579035 6.284646 6.508852  0.663781 0.663788 0.344646  0.000000 0.000000 0
0  4.057974 4.588053 14.632009  0.663781 0.663788 0.344646  0.000000 0.000000 0
0  4.588055 4.057975 14.632012  0.663781 0.663788 0.344646  0.000000 0.000000 0
black
0  8.871435 10.006626 -1.938043  -0.682139 -0.682132 -0.263404  0.000000 0.000000 0
0  7.837859 10.122279 0.439100  -0.682139 -0.682132 -0.263404  0.000000 0.000000 0
0  8.712851 10.317423 -2.332226  -0.682139 -0.682132 -0.263404  0.000000 0.000000 0
black
0  9.866996 8.245355 0.044917  -0.682135 -0.682137 -0.263404  0.000000 0.000000 0
0  10.317422 8.712852 -2.332226  -0.682135 -0.682137 -0.263404  0.000000 0.000000 0
0  10.122279 7.837860 0.439100  -0.682135 -0.682137 -0.263404  0.000000 0.000000 0
black
0  8.245354 9.866996 0.044917  -0.682136 -0.682136 -0.263402  0.000000 0.000000 0
0  10.122279 7.837860 0.439100  -0.682136 -0.682136 -0.263402  0.000000 0.000000 0
0  7.837859 10.122279 0.439100  -0.682136 -0.682136 -0.263402  0.000000 0.000000 0
black
0  10.006626 8.871435 -1.938043  -0.682136 -0.682136 -0.263403  0.000000 0.000000 0
0  8.712851 10.317423 -2.332226  -0.682136 -0.682136 -0.263403  0.000000 0.000000 0
0  10.317422 8.712852 -2.332226  -0.682136 -0.682136 -0.263403  0.000000 0.000000 0
painted_wood_01
0  7.879970 9.551697 0.485932  0.384498 0.384497 -0.839239  0.298096 0.539551 0
0  6.683122 8.734072 -0.437000  0.384498 0.384497 -0.839239  0.298096 0.539551 0
0  7.849488 9.900437 0.631742  0.384498 0.384497 -0.839239  0.298096 0.539551 0
painted_wood_01
0  7.031862 8.703589 -0.291190  0.384498 0.384498 -0.839239  0.298096 0.539551 0
0  8.734072 6.683122 -0.437000  0.384498 0.384498 -0.839239  0.298096 0.539551 0
0  6.683122 8.734072 -0.437000  0.384498 0.384498 -0.839239  0.298096 0.539551 0
painted_wood_01
0  9.551698 7.879970 0.485932  0.384499 0.384499 -0.839239  0.298096 0.539551 0
0  7.849488 9.900437 0.631742  0.384499 0.384499 -0.839239  0.298096 0.539551 0
0  9.900437 7.849488 0.631742  0.384499 0.384499 -0.839239  0.298096 0.539551 0
painted_wood_01
0  8.703589 7.031862 -0.291190  0.384497 0.384499 -0.839239  0.298096 0.539551 0
0  9.900437 7.849488 0.631742  0.384497 0.384499 -0.839239  0.298096 0.539551 0
0  8.734072 6.683122 -0.437000  0.384497 0.384499 -0.839239  0.298096 0.539551 0
c_invasion_wrangler_laser
0  7.879970 9.551697 0.485932  0.477697 0.477697 0.737300  0.000000 0.000000 0
0  9.866996 8.245355 0.044917  0.477697 0.477697 0.737300  0.000000 0.000000 0
0  8.245354 9.866996 0.044917  0.477697 0.477697 0.737300  0.000000 0.000000 0
c_invasion_wrangler_laser
0  8.703589 7.031862 -0.291190  -0.606971 -0.606972 -0.513002  0.000000 0.000000 0
0  8.016291 8.995618 -1.801467  -0.606971 -0.606972 -0.513002  0.000000 0.000000 0
0  8.995619 8.016291 -1.801467  -0.606971 -0.606972 -0.513002  0.000000 0.000000 0
c_invasion_wrangler_laser
0  8.871435 10.006626 -1.938043  -0.072797 -0.072797 -0.994686  0.000000 0.000000 0
0  8.995619 8.016291 -1.801467  -0.072797 -0.072797 -0.994686  0.000000 0.000000 0
0  8.016291 8.995618 -1.801467  -0.072797 -0.072797 -0.994686  0.000000 0.000000 0
c_invasion_wrangler_laser
0  8.245354 9.866996 0.044917  -0.693607 0.689221 -0.209482  0.000000 0.000000 0
0  8.016291 8.995618 -1.801467  -0.693607 0.689222 -0.209481  0.000000 0.000000 0
0  7.031862 8.703589 -0.291190  -0.693605 0.689226 -0.209476  0.000000 0.000000 0
c_invasion_wrangler_laser
0  9.866996 8.245355 0.044917  0.689230 -0.693616 -0.209426  0.000000 0.000000 0
0  9.551698 7.879970 0.485932  0.689240 -0.693605 -0.209429  0.000000 0.000000 0
0  8.703589 7.031862 -0.291190  0.689236 -0.693610 -0.209428  0.000000 0.000000 0
painted_wood_01
0  6.146601 4.285356 2.200109  -0.120505 -0.120505 -0.985372  0.298096 0.539551 0
0  5.826494 7.586419 1.835556  -0.120505 -0.120505 -0.985372  0.298096 0.539551 0
0  7.586419 5.826493 1.835556  -0.120505 -0.120505 -0.985372  0.298096 0.539551 0
painted_wood_01
0  -9.000000 -1.000000 1.000000  0.000000 0.000000 1.000000  0.298096 0.539551 0
0  -9.000000 0.000000 1.000000  0.000000 0.000000 1.000000  0.298096 0.539551 0
0  -11.000000 0.000000 1.000000  0.000000 0.000000 1.000000  0.298096 0.539551 0
painted_wood_01
0  -2.000000 -9.000000 1.000000  0.707107 0.707107 0.000000  0.298096 0.539551 0
0  -2.000000 -9.000000 -1.000000  0.707107 0.707107 0.000000  0.298096 0.539551 0
0  -9.000000 -2.000000 -1.000000  0.707107 0.707107 0.000000  0.298096 0.539551 0
painted_wood_01
0  0.000000 -9.000000 -1.000000  0.000000 1.000000 0.000000  0.298096 0.539551 0
0  -2.000000 -9.000000 -1.000000  0.000000 1.000000 0.000000  0.298096 0.539551 0
0  -1.000000 -9.000000 1.000000  0.000000 1.000000 0.000000  0.298096 0.539551 0
painted_wood_01
0  -2.000000 -9.000000 -1.000000  0.000000 1.000000 0.000000  0.298096 0.539551 0
0  -2.000000 -9.000000 1.000000  0.000000 1.000000 0.000000  0.298096 0.539551 0
0  -1.000000 -9.000000 1.000000  0.000000 1.000000 0.000000  0.298096 0.539551 0
painted_wood_01
0  0.000000 -9.000000 -1.000000  1.000000 0.000000 0.000000  0.298096 0.539551 0
0  0.000000 -9.000000 1.000000  1.000000 0.000000 0.000000  0.298096 0.539551 0
0  0.000000 -11.000000 1.000000  1.000000 0.000000 0.000000  0.298096 0.539551 0
painted_wood_01
0  -2.000000 -11.000000 -1.000000  0.000000 -1.000000 0.000000  0.298096 0.539551 0
0  0.000000 -11.000000 -1.000000  0.000000 -1.000000 0.000000  0.298096 0.539551 0
0  -1.000000 -11.000000 1.000000  0.000000 -1.000000 0.000000  0.298096 0.539551 0
painted_wood_01
0  0.000000 -11.000000 -1.000000  0.000000 -1.000000 0.000000  0.298096 0.539551 0
0  0.000000 -11.000000 1.000000  0.000000 -1.000000 0.000000  0.298096 0.539551 0
0  -1.000000 -11.000000 1.000000  0.000000 -1.000000 0.000000  0.298096 0.539551 0
painted_wood_01
0  -2.000000 -9.000000 -1.000000  0.000000 0.000000 -1.000000  0.298096 0.539551 0
0  0.000000 -9.000000 -1.000000  0.000000 0.000000 -1.000000  0.298096 0.539551 0
0  0.000000 -11.000000 -1.000000  0.000000 0.000000 -1.000000  0.298096 0.539551 0
painted_wood_01
0  -1.000000 -9.000000 1.000000  0.000000 0.000000 1.000000  0.298096 0.539551 0
0  -2.000000 -9.000000 1.000000  0.000000 0.000000 1.000000  0.298096 0.539551 0
0  -2.000000 -11.000000 1.000000  0.000000 0.000000 1.000000  0.298096 0.539551 0
painted_wood_01
0  -11.000000 0.000000 -1.000000  -1.000000 0.000000 0.000000  0.298096 0.539551 0
0  -11.000000 -2.000000 -1.000000  -1.000000 0.000000 0.000000  0.298096 0.539551 0
0  -11.000000 -1.000000 1.000000  -1.000000 0.000000 0.000000  0.298096 0.539551 0
painted_wood_01
0  -11.000000 -2.000000 -1.000000  -1.000000 0.000000 0.000000  0.298096 0.539551 0
0  -11.000000 -2.000000 1.000000  -1.000000 0.000000 0.000000  0.298096 0.539551 0
0  -11.000000 -1.000000 1.000000  -1.000000 0.000000 0.000000  0.298096 0.539551 0
painted_wood_01
0  -11.000000 0.000000 -1.000000  0.000000 1.000000 0.000000  0.298096 0.539551 0
0  -11.000000 0.000000 1.000000  0.000000 1.000000 0.000000  0.298096 0.539551 0
0  -9.000000 0.000000 1.000000  0.000000 1.000000 0.000000  0.298096 0.539551 0
painted_wood_01
0  -9.000000 -2.000000 -1.000000  1.000000 0.000000 0.000000  0.298096 0.539551 0
0  -9.000000 0.000000 -1.000000  1.000000 0.000000 0.000000  0.298096 0.539551 0
0  -9.000000 -1.000000 1.000000  1.000000 0.000000 0.000000  0.298096 0.539551 0
painted_wood_01
0  -9.000000 0.000000 -1.000000  1.000000 0.000000 0.000000  0.298096 0.539551 0
0  -9.000000 0.000000 1.000000  1.000000 0.000000 0.000000  0.298096 0.539551 0
0  -9.000000 -1.000000 1.000000  1.000000 0.000000 0.000000  0.298096 0.539551 0
gold_player
0  -2.250000 -9.103554 -1.250000  0.000000 0.000000 -1.000000  0.288257 -0.466981 0
0  -2.250000 -10.396447 -1.250000  0.000000 0.000000 -1.000000  0.037729 1.446869 0
0  -10.396446 -2.250000 -1.250000  0.000000 0.000000 -1.000000  -0.831273 0.897801 0
painted_wood_01
0  -11.000000 0.000000 -1.000000  0.000000 0.000000 -1.000000  0.298096 0.539551 0
0  -9.000000 0.000000 -1.000000  0.000000 0.000000 -1.000000  0.298096 0.539551 0
0  -9.000000 -2.000000 -1.000000  0.000000 0.000000 -1.000000  0.298096 0.539551 0
painted_wood_01
0  -11.000000 -1.000000 1.000000  0.000000 0.000000 1.000000  0.298096 0.539551 0
0  -11.000000 -2.000000 1.000000  0.000000 0.000000 1.000000  0.298096 0.539551 0
0  -9.000000 -2.000000 1.000000  0.000000 0.000000 1.000000  0.298096 0.539551 0
painted_wood_01
0  -1.000000 -11.000000 1.000000  0.000000 0.000000 1.000000  0.298096 0.539551 0
0  0.000000 -11.000000 1.000000  0.000000 0.000000 1.000000  0.298096 0.539551 0
0  0.000000 -9.000000 1.000000  0.000000 0.000000 1.000000  0.298096 0.539551 0
painted_wood_01
0  -9.103554 -2.250000 1.250000  0.499999 0.499999 0.707108  0.298096 0.539551 0
0  -2.250000 -9.103554 1.250000  0.499999 0.499999 0.707108  0.298096 0.539551 0
0  -2.000000 -9.000000 1.000000  0.499999 0.499999 0.707108  0.298096 0.539551 0
painted_wood_01
0  -2.250000 -10.396447 -1.250000  0.707107 0.000000 -0.707107  0.298096 0.539551 0
0  -2.250000 -9.103554 -1.250000  0.707107 0.000000 -0.707107  0.298096 0.539551 0
0  -2.000000 -9.000000 -1.000000  0.707107 0.000000 -0.707107  0.298096 0.539551 0
painted_wood_01
0  -2.250000 -9.103554 -1.250000  0.500000 0.500000 -0.707107  0.298096 0.539551 0
0  -9.103554 -2.250000 -1.250000  0.500000 0.500000 -0.707107  0.298096 0.539551 0
0  -9.000000 -2.000000 -1.000000  0.500000 0.500000 -0.707107  0.298096 0.539551 0
painted_wood_01
0  -10.396446 -2.250000 -1.250000  -0.500000 -0.500001 -0.707106  0.298096 0.539551 0
0  -2.250000 -10.396447 -1.250000  -0.500000 -0.500001 -0.707106  0.298096 0.539551 0
0  -2.000000 -11.000000 -1.000000  -0.500000 -0.500001 -0.707106  0.298096 0.539551 0
painted_wood_01
0  -9.103554 -2.250000 -1.250000  -0.000000 0.707107 -0.707107  0.298096 0.539551 0
0  -10.396446 -2.250000 -1.250000  -0.000000 0.707107 -0.707107  0.298096 0.539551 0
0  -11.000000 -2.000000 -1.000000  -0.000000 0.707107 -0.707107  0.298096 0.539551 0
black
0  -2.000000 -11.000000 -1.000000  0.000000 0.000000 1.000000  0.375000 1.125000 0
0  -2.000000 -11.000000 -1.000000  0.000000 0.000000 1.000000  0.375000 1.125000 0
0  -11.000000 -2.000000 -1.000000  0.000000 0.000000 1.000000  0.375000 -0.125000 0
painted_wood_01
0  -2.250000 -9.103554 1.250000  0.571588 -0.032726 0.819888  0.298096 0.539551 0
0  -2.450000 -10.596446 1.250000  0.571587 -0.032724 0.819888  0.298096 0.539551 0
0  -2.000000 -11.000000 1.000000  0.571590 -0.032741 0.819886  0.298096 0.539551 0
black
0  -11.000000 -2.000000 1.000000  -0.954520 -0.298148 0.000000  0.625000 -0.125000 0
0  -11.000000 -2.000000 -1.000000  -0.954520 -0.298148 0.000000  0.000000 0.000000 0
0  -10.810495 -2.606698 -0.437000  -0.954520 -0.298148 0.000000  0.000000 0.000000 0
black
0  -4.657647 -8.759546 -0.437000  -0.707107 -0.707107 0.000000  0.000000 0.000000 0
0  -2.606698 -10.810495 -0.437000  -0.707107 -0.707107 0.000000  0.000000 0.000000 0
0  -4.657647 -8.759546 0.000000  -0.707107 -0.707107 0.000000  0.000000 0.000000 0
black
0  -2.606698 -10.810495 -0.437000  -0.707107 -0.707107 0.000000  0.000000 0.000000 0
0  -2.606698 -10.810495 0.437000  -0.707107 -0.707107 0.000000  0.000000 0.000000 0
0  -4.657647 -8.759546 0.000000  -0.707107 -0.707107 0.000000  0.000000 0.000000 0
painted_wood_01
0  -9.567706 -7.516756 1.368258  -0.595876 -0.595876 0.538390  0.298096 0.539551 0
0  -9.900437 -7.849488 0.631742  -0.595876 -0.595876 0.538390  0.298096 0.539551 0
0  -7.849488 -9.900437 0.631742  -0.595876 -0.595876 0.538390  0.298096 0.539551 0
painted_wood_01
0  -11.000000 -2.000000 1.000000  -0.032723 0.571587 0.819888  0.298096 0.539551 0
0  -10.596446 -2.450000 1.250000  -0.032726 0.571588 0.819888  0.298096 0.539551 0
0  -9.103554 -2.250000 1.250000  -0.032719 0.571587 0.819889  0.298096 0.539551 0
black
0  -10.810495 -2.606698 -0.437000  -0.714536 -0.223226 -0.663030  0.000000 0.000000 0
0  -11.000000 -2.000000 -1.000000  0.000000 0.000000 0.354547  0.000000 0.000000 0
0  -11.000000 -2.000000 -1.000000  0.892512 0.278780 0.354547  0.000000 0.000000 0
painted_wood_01
0  -2.000000 -11.000000 1.000000  -0.533490 -0.786944 0.310012  0.298096 0.539551 0
0  -2.450000 -10.596446 1.250000  -0.533490 -0.786944 0.310012  0.298096 0.539551 0
0  -2.606698 -10.810495 0.437000  -0.533490 -0.786944 0.310012  0.298096 0.539551 0
black
0  -2.000000 -11.000000 1.000000  -0.298148 -0.954520 0.000000  0.000000 0.000000 0
0  -2.606698 -10.810495 0.437000  -0.298148 -0.954520 0.000000  0.000000 0.000000 0
0  -2.606698 -10.810495 -0.437000  -0.298148 -0.954520 0.000000  0.000000 0.000000 0
black
0  -4.657647 -8.759546 -0.437000  0.636220 0.754764 -0.159861  0.000000 0.000000 0
0  -2.000000 -11.000000 -1.000000  0.000000 0.000000 0.080189  0.000000 0.000000 0
0  -2.000000 -11.000000 -1.000000  -0.642470 -0.762104 0.080189  0.000000 0.000000 0
gold_player
0  -8.734072 -6.683122 -0.437000  -0.707106 0.707107 -0.000001  0.000000 0.000000 0
0  -9.900437 -7.849488 0.631742  -0.707106 0.707107 -0.000001  0.000000 0.000000 0
0  -9.567706 -7.516756 1.368258  -0.707106 0.707107 -0.000001  0.000000 0.000000 0
painted_wood_01
0  -4.657647 -8.759546 0.000000  -0.012576 -0.999921 0.000000  0.298096 0.539551 0
0  -4.657647 -8.759546 0.437000  -0.012576 -0.999921 0.000000  0.298096 0.539551 0
0  -6.683122 -8.734072 0.437000  -0.012576 -0.999921 0.000000  0.298096 0.539551 0
painted_wood_01
0  -6.683122 -8.734072 0.437000  -0.012576 -0.999921 0.000000  0.298096 0.539551 0
0  -6.683122 -8.734072 -0.437000  -0.012576 -0.999921 0.000000  0.298096 0.539551 0
0  -4.657647 -8.759546 0.000000  -0.012576 -0.999921 0.000000  0.298096 0.539551 0
black
0  -8.759546 -4.657647 -0.437000  -0.707107 -0.707107 0.000000  0.000000 0.000000 0
0  -8.759546 -4.657647 0.437000  -0.707107 -0.707107 0.000000  0.000000 0.000000 0
0  -10.810495 -2.606698 0.437000  -0.707107 -0.707107 0.000000  0.000000 0.000000 0
gold_player
0  -6.683122 -8.734072 -0.437000  0.707107 -0.707106 0.000000  0.000000 0.000000 0
0  -6.683122 -8.734072 0.437000  0.707107 -0.707106 0.000000  0.000000 0.000000 0
0  -7.516756 -9.567706 1.368258  0.707107 -0.707106 0.000000  0.000000 0.000000 0
painted_wood_01
0  -8.734072 -6.683122 0.437000  -0.999921 -0.012576 0.000000  0.298096 0.539551 0
0  -8.759546 -4.657647 0.437000  -0.999921 -0.012576 0.000000  0.298096 0.539551 0
0  -8.759546 -4.657647 -0.437000  -0.999921 -0.012576 0.000000  0.298096 0.539551 0
black
0  -11.000000 -2.000000 -1.000000  -0.357935 -0.357938 -0.862417  0.000000 0.000000 0
0  -2.000000 -11.000000 -1.000000  -0.357907 -0.357966 -0.862417  0.000000 0.000000 0
0  -4.657647 -8.759546 -0.437000  -0.357919 -0.357954 -0.862417  0.000000 0.000000 0
black
0  -4.657647 -8.759546 -0.437000  -0.357971 -0.357964 -0.862391  0.000000 0.000000 0
0  -6.683122 -8.734072 -0.437000  -0.357957 -0.357977 -0.862391  0.000000 0.000000 0
0  -8.734072 -6.683122 -0.437000  -0.357951 -0.357983 -0.862391  0.000000 0.000000 0
black
0  -8.759546 -4.657647 -0.437000  -0.357927 -0.357944 -0.862418  0.000000 0.000000 0
0  -11.000000 -2.000000 -1.000000  -0.357900 -0.357971 -0.862418  0.000000 0.000000 0
0  -4.657647 -8.759546 -0.437000  -0.357932 -0.357939 -0.862418  0.000000 0.000000 0
painted_wood_01
0  -8.734072 -6.683122 0.437000  0.707107 0.707107 0.000000  0.298096 0.539551 0
0  -6.683122 -8.734072 0.437000  0.707107 0.707107 0.000000  0.298096 0.539551 0
0  -6.683122 -8.734072 -0.437000  0.707107 0.707107 0.000000  0.298096 0.539551 0
black
0  -11.000000 -2.000000 -1.000000  -0.954520 -0.298147 0.000000  0.000000 0.000000 0
0  -10.810495 -2.606698 -0.437000  -0.954520 -0.298147 0.000000  0.000000 0.000000 0
0  -10.810495 -2.606698 0.437000  -0.954520 -0.298147 0.000000  0.000000 0.000000 0
painted_wood_01
0  -10.596446 -2.450000 1.250000  -0.687919 -0.616976 -0.382242  0.298096 0.539551 0
0  -11.000000 -2.000000 1.000000  0.000000 0.000000 0.194856  0.298096 0.539551 0
0  -11.000000 -2.000000 1.000000  0.730212 0.654844 0.194856  0.298096 0.539551 0
painted_wood_01
0  -10.810495 -2.606698 0.437000  -0.758735 -0.649525 0.049376  0.298096 0.539551 0
0  -8.759546 -4.657647 0.437000  -0.758729 -0.649532 0.049378  0.298096 0.539551 0
0  -7.934072 -5.883121 1.537000  -0.758738 -0.649522 0.049375  0.298096 0.539551 0
gold_player
0  -9.103554 -2.250000 1.250000  0.000000 0.000000 1.000000  1.887944 0.906250 0
0  -10.596446 -2.450000 1.250000  0.000000 0.000000 1.000000  -0.562928 -0.301550 0
0  -2.450000 -10.596446 1.250000  0.000000 0.000000 1.000000  -0.340223 -0.524255 0
painted_wood_01
0  -2.450000 -10.596446 1.250000  -0.649517 -0.758743 0.049366  0.298096 0.539551 0
0  -5.883122 -7.934072 1.537000  -0.649505 -0.758753 0.049370  0.298096 0.539551 0
0  -4.657647 -8.759546 0.437000  -0.649511 -0.758748 0.049368  0.298096 0.539551 0
painted_wood_01
0  -7.934072 -5.883121 1.537000  0.329475 0.329475 0.884812  0.298096 0.539551 0
0  -5.883122 -7.934072 1.537000  0.329475 0.329475 0.884812  0.298096 0.539551 0
0  -2.450000 -10.596446 1.250000  0.329475 0.329475 0.884812  0.298096 0.539551 0
painted_wood_01
0  -8.703589 -7.031862 -0.291190  -0.384498 -0.384497 -0.839240  0.298096 0.539551 0
0  -7.031862 -8.703589 -0.291190  -0.384498 -0.384497 -0.839240  0.298096 0.539551 0
0  -7.879970 -9.551697 0.485932  -0.384498 -0.384497 -0.839240  0.298096 0.539551 0
gold_player
0  -11.000000 -2.000000 -1.000000  0.707073 0.707141 -0.000000  0.000000 0.000000 0
0  -2.000000 -11.000000 -1.000000  0.000000 0.000000 -0.000000  0.375000 1.125000 0
0  -2.000000 -11.000000 -1.000000  -0.707107 -0.707107 -0.000000  0.375000 1.125000 0
gold_player
0  -11.000000 -2.000000 1.000000  -0.707107 -0.707107 0.000000  0.000000 0.000000 0
0  -11.000000 -2.000000 -1.000000  -0.707107 -0.707107 0.000000  0.000000 0.000000 0
0  -2.000000 -11.000000 -1.000000  -0.707107 -0.707107 0.000000  0.375000 1.125000 0
gold_player
0  -2.000000 -11.000000 1.000000  0.000000 0.000000 -0.000000  0.625000 1.125000 0
0  -2.000000 -11.000000 1.000000  -0.707107 -0.707107 -0.000000  0.000000 0.000000 0
0  -11.000000 -2.000000 1.000000  0.707073 0.707141 -0.000000  0.000000 0.000000 0
black
0  -9.866996 -8.245355 0.044917  0.682136 0.682135 -0.263404  0.000000 0.000000 0
0  -8.245354 -9.866996 0.044917  0.682136 0.682135 -0.263404  0.000000 0.000000 0
0  -8.871435 -10.006626 -1.938043  0.682136 0.682135 -0.263404  0.000000 0.000000 0
c_invasion_wrangler_laser
0  -9.108167 -7.843901 1.814342  -0.602213 0.776685 0.184662  0.000000 0.000000 0
0  -8.015841 -7.830777 5.538991  -0.602211 0.776685 0.184666  0.000000 0.000000 0
0  -7.579334 -7.428634 5.053491  -0.602213 0.776685 0.184662  0.000000 0.000000 0
painted_wood_01
0  -10.311981 -9.076738 -2.280855  0.240729 0.240728 -0.940266  0.298096 0.539551 0
0  -9.076738 -10.311981 -2.280855  0.240729 0.240728 -0.940266  0.298096 0.539551 0
0  -9.534464 -10.769707 -2.515230  0.240729 0.240728 -0.940266  0.298096 0.539551 0
painted_wood_01
0  -7.500491 -8.213733 5.985076  -0.514836 -0.514836 0.685483  0.298096 0.539551 0
0  -8.213735 -7.500489 5.985076  -0.514836 -0.514836 0.685483  0.298096 0.539551 0
0  -8.575023 -7.861777 5.442380  -0.514836 -0.514836 0.685483  0.298096 0.539551 0
gold_player
0  -8.753550 -9.620193 1.795608  0.601386 -0.779816 0.173843  0.000000 0.000000 0
0  -8.178309 -8.438931 5.104466  0.601386 -0.779816 0.173843  0.000000 0.000000 0
0  -8.758602 -8.961437 4.768085  0.601386 -0.779816 0.173843  0.000000 0.000000 0
painted_wood_01
0  -9.679433 -10.557434 -0.093381  -0.681796 -0.681796 0.265157  0.298096 0.539551 0
0  -10.557433 -9.679434 -0.093381  -0.681796 -0.681796 0.265157  0.298096 0.539551 0
0  -10.680840 -9.802841 -0.728016  -0.681796 -0.681796 0.265157  0.298096 0.539551 0
painted_wood_01
0  -10.769707 -9.534464 -2.515230  -0.705329 -0.705331 -0.070845  0.298096 0.539551 0
0  -9.534464 -10.769707 -2.515230  -0.705329 -0.705331 -0.070845  0.298096 0.539551 0
0  -9.802840 -10.680841 -0.728016  -0.705329 -0.705331 -0.070845  0.298096 0.539551 0
gold_player
0  -8.178309 -8.438931 5.104466  -0.280077 -0.280077 0.918212  0.000000 0.000000 0
0  -8.438933 -8.178308 5.104466  -0.280077 -0.280077 0.918212  0.000000 0.000000 0
0  -8.961439 -8.758601 4.768085  -0.280077 -0.280077 0.918212  0.000000 0.000000 0
painted_wood_01
0  -8.438933 -8.178308 5.104466  -0.661522 -0.661520 0.353241  0.298096 0.539551 0
0  -8.178309 -8.438931 5.104466  -0.661522 -0.661520 0.353241  0.298096 0.539551 0
0  -7.861779 -8.575021 5.442380  -0.661522 -0.661520 0.353241  0.298096 0.539551 0
painted_wood_01
0  -9.752638 -10.193002 0.203365  -0.580926 -0.580928 0.570130  0.298096 0.539551 0
0  -10.193001 -9.752639 0.203365  -0.580926 -0.580928 0.570130  0.298096 0.539551 0
0  -10.557433 -9.679434 -0.093381  -0.580926 -0.580928 0.570130  0.298096 0.539551 0
painted_wood_01
0  -10.193001 -9.752639 0.203365  -0.575208 -0.584747 0.572019  0.298096 0.539551 0
0  -9.620194 -8.753548 1.795608  -0.575208 -0.584747 0.572020  0.298096 0.539551 0
0  -9.883766 -8.501668 1.793140  -0.575208 -0.584748 0.572019  0.298096 0.539551 0
painted_wood_01
0  -8.178309 -8.438931 5.104466  -0.668339 -0.655650 0.351348  0.298096 0.539551 0
0  -8.753550 -9.620193 1.795608  -0.668339 -0.655651 0.351347  0.298096 0.539551 0
0  -8.501670 -9.883765 1.793140  -0.668339 -0.655650 0.351348  0.298096 0.539551 0
painted_wood_01
0  -8.753550 -9.620193 1.795608  -0.584722 -0.575239 0.572015  0.298096 0.539551 0
0  -9.752638 -10.193002 0.203365  -0.584722 -0.575239 0.572014  0.298096 0.539551 0
0  -9.679433 -10.557434 -0.093381  -0.584722 -0.575239 0.572015  0.298096 0.539551 0
painted_wood_01
0  -9.620194 -8.753548 1.795608  -0.655668 -0.668323 0.351345  0.298096 0.539551 0
0  -8.438933 -8.178308 5.104466  -0.655668 -0.668323 0.351345  0.298096 0.539551 0
0  -8.575023 -7.861777 5.442380  -0.655668 -0.668323 0.351345  0.298096 0.539551 0
gold_player
0  -10.326581 -9.983860 0.953694  -0.579809 -0.579811 0.572400  0.000000 0.000000 0
0  -9.983859 -10.326582 0.953694  -0.579809 -0.579811 0.572400  0.000000 0.000000 0
0  -9.206296 -9.880781 2.192893  -0.579809 -0.579811 0.572400  0.000000 0.000000 0
gold_player
0  -8.961439 -8.758601 4.768085  -0.662006 -0.662003 0.351424  0.000000 0.000000 0
0  -9.880782 -9.206294 2.192893  -0.662006 -0.662003 0.351424  0.000000 0.000000 0
0  -9.206296 -9.880781 2.192893  -0.662006 -0.662003 0.351424  0.000000 0.000000 0
gold_player
0  -8.438933 -8.178308 5.104466  -0.779816 0.601386 0.173844  0.000000 0.000000 0
0  -9.620194 -8.753548 1.795608  -0.779816 0.601386 0.173844  0.000000 0.000000 0
0  -9.880782 -9.206294 2.192893  -0.779816 0.601386 0.173844  0.000000 0.000000 0
gold_player
0  -10.193001 -9.752639 0.203365  -0.668691 -0.668697 -0.325111  0.000000 0.000000 0
0  -9.752638 -10.193002 0.203365  -0.668691 -0.668697 -0.325111  0.000000 0.000000 0
0  -9.983859 -10.326582 0.953694  -0.668691 -0.668697 -0.325111  0.000000 0.000000 0
gold_player
0  -9.620194 -8.753548 1.795608  -0.866992 0.498322 -0.000787  0.000000 0.000000 0
0  -10.193001 -9.752639 0.203365  -0.866992 0.498322 -0.000787  0.000000 0.000000 0
0  -10.326581 -9.983860 0.953694  -0.866992 0.498322 -0.000787  0.000000 0.000000 0
gold_player
0  -9.752638 -10.193002 0.203365  0.498323 -0.866991 -0.000787  0.000000 0.000000 0
0  -8.753550 -9.620193 1.795608  0.498323 -0.866991 -0.000787  0.000000 0.000000 0
0  -9.206296 -9.880781 2.192893  0.498323 -0.866991 -0.000787  0.000000 0.000000 0
black
0  -10.769707 -9.534464 -2.515230  -0.777508 0.620001 0.105267  0.000000 0.000000 0
0  -10.680840 -9.802841 -0.728016  -0.777507 0.620001 0.105272  0.000000 0.000000 0
0  -10.557433 -9.679434 -0.093381  -0.777509 0.620002 0.105247  0.000000 0.000000 0
black
0  -9.076738 -10.311981 -2.280855  0.620024 -0.777492 0.105244  0.000000 0.000000 0
0  -9.679433 -10.557434 -0.093381  0.620031 -0.777489 0.105228  0.000000 0.000000 0
0  -9.802840 -10.680841 -0.728016  0.620027 -0.777491 0.105236  0.000000 0.000000 0
black
0  -7.837859 -10.122279 0.439100  0.303739 -0.951533 0.048248  0.000000 0.000000 0
0  -8.377058 -10.024016 1.343372  0.303750 -0.951529 0.048252  0.000000 0.000000 0
0  -9.293817 -10.617064 -0.152770  0.303758 -0.951527 0.048255  0.000000 0.000000 0
black
0  -10.317422 -8.712852 -2.332226  -0.951510 0.303820 0.048195  0.000000 0.000000 0
0  -10.617062 -9.293818 -0.152770  -0.951509 0.303821 0.048204  0.000000 0.000000 0
0  -10.024017 -8.377056 1.343372  -0.951510 0.303819 0.048190  0.000000 0.000000 0
painted_wood_01
0  -7.837859 -10.122279 0.439100  0.559828 0.559828 -0.610889  0.298096 0.539551 0
0  -10.122279 -7.837860 0.439100  0.559828 0.559828 -0.610889  0.298096 0.539551 0
0  -9.900437 -7.849488 0.631742  0.559828 0.559828 -0.610889  0.298096 0.539551 0
painted_wood_01
0  -10.317422 -8.712852 -2.332226  -0.140460 -0.140460 -0.980072  0.298096 0.539551 0
0  -8.712851 -10.317423 -2.332226  -0.140460 -0.140460 -0.980072  0.298096 0.539551 0
0  -9.076738 -10.311981 -2.280855  -0.140460 -0.140460 -0.980072  0.298096 0.539551 0
painted_wood_01
0  -10.024017 -8.377056 1.343372  -0.934298 -0.010448 0.356341  0.298096 0.539551 0
0  -10.617062 -9.293818 -0.152770  -0.934297 -0.010445 0.356344  0.298096 0.539551 0
0  -10.557433 -9.679434 -0.093381  -0.934297 -0.010446 0.356342  0.298096 0.539551 0
painted_wood_01
0  -9.293817 -10.617064 -0.152770  -0.010416 -0.934300 0.356337  0.298096 0.539551 0
0  -8.377058 -10.024016 1.343372  -0.010421 -0.934304 0.356325  0.298096 0.539551 0
0  -8.501670 -9.883765 1.793140  -0.010419 -0.934302 0.356329  0.298096 0.539551 0
painted_wood_01
0  -10.122279 -7.837860 0.439100  -0.521418 0.726300 0.447898  0.298096 0.539551 0
0  -10.024017 -8.377056 1.343372  -0.521415 0.726297 0.447906  0.298096 0.539551 0
0  -9.883766 -8.501668 1.793140  -0.521411 0.726288 0.447925  0.298096 0.539551 0
painted_wood_01
0  -8.377058 -10.024016 1.343372  0.726341 -0.521336 0.447926  0.298096 0.539551 0
0  -7.837859 -10.122279 0.439100  0.726330 -0.521339 0.447941  0.298096 0.539551 0
0  -7.849488 -9.900437 0.631742  0.726335 -0.521338 0.447933  0.298096 0.539551 0
painted_wood_01
0  -10.617062 -9.293818 -0.152770  -0.982516 -0.107734 -0.151840  0.298096 0.539551 0
0  -10.317422 -8.712852 -2.332226  -0.982516 -0.107734 -0.151842  0.298096 0.539551 0
0  -10.311981 -9.076738 -2.280855  -0.982516 -0.107734 -0.151839  0.298096 0.539551 0
painted_wood_01
0  -8.712851 -10.317423 -2.332226  -0.107763 -0.982511 -0.151857  0.298096 0.539551 0
0  -9.293817 -10.617064 -0.152770  -0.107762 -0.982510 -0.151857  0.298096 0.539551 0
0  -9.679433 -10.557434 -0.093381  -0.107762 -0.982510 -0.151858  0.298096 0.539551 0
painted_wood_01
0  -9.108167 -7.843901 1.814342  0.692032 0.692032 -0.205388  0.298096 0.539551 0
0  -7.843901 -9.108167 1.814342  0.692032 0.692032 -0.205388  0.298096 0.539551 0
0  -7.516756 -9.567706 1.368258  0.692032 0.692032 -0.205388  0.298096 0.539551 0
painted_wood_01
0  -7.830779 -8.015840 5.538991  0.692032 0.692030 -0.205392  0.298096 0.539551 0
0  -8.015841 -7.830777 5.538991  0.692032 0.692030 -0.205392  0.298096 0.539551 0
0  -8.213735 -7.500489 5.985076  0.692032 0.692030 -0.205392  0.298096 0.539551 0
painted_wood_01
0  -8.015841 -7.830777 5.538991  0.692032 0.692031 -0.205390  0.298096 0.539551 0
0  -9.108167 -7.843901 1.814342  0.692032 0.692031 -0.205390  0.298096 0.539551 0
0  -9.567706 -7.516756 1.368258  0.692032 0.692031 -0.205390  0.298096 0.539551 0
painted_wood_01
0  -7.843901 -9.108167 1.814342  0.692031 0.692032 -0.205390  0.298096 0.539551 0
0  -7.830779 -8.015840 5.538991  0.692031 0.692032 -0.205390  0.298096 0.539551 0
0  -7.500491 -8.213733 5.985076  0.692031 0.692032 -0.205390  0.298096 0.539551 0
c_invasion_wrangler_laser
0  -7.843901 -9.108167 1.814342  0.401862 0.401862 -0.822809  0.000000 0.000000 0
0  -9.108167 -7.843901 1.814342  0.401862 0.401862 -0.822809  0.000000 0.000000 0
0  -8.421432 -7.391927 2.370491  0.401862 0.401862 -0.822809  0.000000 0.000000 0
c_invasion_wrangler_laser
0  -7.830779 -8.015840 5.538991  0.776682 -0.602217 0.184661  0.000000 0.000000 0
0  -7.843901 -9.108167 1.814342  0.776682 -0.602217 0.184658  0.000000 0.000000 0
0  -7.391928 -8.421432 2.370491  0.776682 -0.602217 0.184661  0.000000 0.000000 0
c_invasion_wrangler_laser
0  -8.015841 -7.830777 5.538991  0.447936 0.447934 0.773762  0.000000 0.000000 0
0  -7.830779 -8.015840 5.538991  0.447936 0.447934 0.773762  0.000000 0.000000 0
0  -7.428636 -7.579332 5.053490  0.447936 0.447934 0.773762  0.000000 0.000000 0
gold_player
0  -7.843901 -9.108167 1.814342  0.692031 0.692031 -0.205390  0.000000 0.000000 0
0  -9.108167 -7.843901 1.814342  0.692031 0.692031 -0.205390  0.000000 0.000000 0
0  -8.015841 -7.830777 5.538991  0.692031 0.692031 -0.205390  0.000000 0.000000 0
black
0  -6.486232 -7.834656 1.414123  -0.553948 -0.553949 0.621516  0.000000 0.000000 0
0  -7.834656 -6.486232 1.414123  -0.553948 -0.553949 0.621516  0.000000 0.000000 0
0  -8.734072 -6.683122 0.437000  -0.553948 -0.553949 0.621516  0.000000 0.000000 0
black
0  -7.592378 -8.940802 1.283751  0.517294 0.517294 0.681773  0.000000 0.000000 0
0  -6.683122 -8.734072 0.437000  0.517294 0.517294 0.681773  0.000000 0.000000 0
0  -8.734072 -6.683122 0.437000  0.517294 0.517294 0.681773  0.000000 0.000000 0
painted_wood_01
0  -7.592378 -8.940802 1.283751  0.149811 0.149811 0.977299  0.298096 0.539551 0
0  -8.940802 -7.592378 1.283751  0.149811 0.149811 0.977299  0.298096 0.539551 0
0  -9.567706 -7.516756 1.368258  0.149811 0.149811 0.977299  0.298096 0.539551 0
painted_wood_01
0  -7.834656 -6.486232 1.414123  -0.230612 -0.230612 0.945323  0.298096 0.539551 0
0  -6.486232 -7.834656 1.414123  -0.230612 -0.230612 0.945323  0.298096 0.539551 0
0  -5.883122 -7.934072 1.537000  -0.230612 -0.230612 0.945323  0.298096 0.539551 0
c_invasion_wrangler_laser
0  -7.428636 -7.579332 5.053490  0.721720 -0.657538 0.216252  0.000000 0.000000 0
0  -7.391928 -8.421432 2.370491  0.721720 -0.657538 0.216252  0.000000 0.000000 0
0  -7.060894 -8.090397 2.272242  0.721720 -0.657538 0.216252  0.000000 0.000000 0
c_invasion_wrangler_laser
0  -7.391928 -8.421432 2.370491  -0.145232 -0.145233 -0.978680  0.000000 0.000000 0
0  -8.421432 -7.391927 2.370491  -0.145232 -0.145233 -0.978680  0.000000 0.000000 0
0  -8.090397 -7.060893 2.272242  -0.145232 -0.145233 -0.978680  0.000000 0.000000 0
c_invasion_wrangler_laser
0  -8.421432 -7.391927 2.370491  -0.657536 0.721721 0.216251  0.000000 0.000000 0
0  -7.579334 -7.428634 5.053491  -0.657536 0.721721 0.216251  0.000000 0.000000 0
0  -7.248300 -7.097600 4.955242  -0.657536 0.721721 0.216251  0.000000 0.000000 0
c_invasion_wrangler_laser
0  -7.579334 -7.428634 5.053491  0.145231 0.145231 0.978681  0.000000 0.000000 0
0  -7.428636 -7.579332 5.053490  0.145231 0.145231 0.978681  0.000000 0.000000 0
0  -7.097601 -7.248298 4.955242  0.145231 0.145231 0.978681  0.000000 0.000000 0
painted_wood_01
0  -6.565249 -6.983750 5.073124  -0.622861 -0.622864 0.473376  0.298096 0.539551 0
0  -6.150412 -6.672781 6.028132  -0.622861 -0.622864 0.473376  0.298096 0.539551 0
0  -6.672784 -6.150411 6.028134  -0.622861 -0.622864 0.473376  0.298096 0.539551 0
c_invasion_wrangler_laser
0  -8.090397 -7.060893 2.272242  -0.874637 0.399290 0.274914  0.000000 0.000000 0
0  -7.248300 -7.097600 4.955242  -0.874636 0.399290 0.274916  0.000000 0.000000 0
0  -6.983752 -6.565248 5.073126  -0.874636 0.399290 0.274917  0.000000 0.000000 0
c_invasion_wrangler_laser
0  -7.248300 -7.097600 4.955242  -0.144791 -0.144795 0.978810  0.000000 0.000000 0
0  -7.097601 -7.248298 4.955242  -0.144791 -0.144795 0.978810  0.000000 0.000000 0
0  -6.565249 -6.983750 5.073124  -0.144791 -0.144795 0.978810  0.000000 0.000000 0
c_invasion_wrangler_laser
0  -7.060894 -8.090397 2.272242  -0.392408 -0.392409 -0.831884  0.000000 0.000000 0
0  -8.090397 -7.060893 2.272242  -0.392408 -0.392409 -0.831884  0.000000 0.000000 0
0  -7.932292 -6.522313 1.943608  -0.392408 -0.392409 -0.831884  0.000000 0.000000 0
c_invasion_wrangler_laser
0  -7.097601 -7.248298 4.955242  0.399299 -0.874631 0.274921  0.000000 0.000000 0
0  -7.060894 -8.090397 2.272242  0.399299 -0.874631 0.274920  0.000000 0.000000 0
0  -6.522313 -7.932292 1.943607  0.399299 -0.874631 0.274921  0.000000 0.000000 0
crystal_ball_glass
0  -2.431724 -2.779750 12.435314  0.599719 0.599726 -0.529779  0.000000 0.000000 0
0  -2.779753 -2.431723 12.435316  0.599719 0.599726 -0.529779  0.000000 0.000000 0
0  -2.495378 -2.191055 13.029678  0.599719 0.599726 -0.529779  0.000000 0.000000 0
painted_wood_01
0  -7.932292 -6.522313 1.943608  -0.102628 -0.102628 -0.989411  0.298096 0.539551 0
0  -7.586419 -5.826493 1.835556  -0.102628 -0.102628 -0.989411  0.298096 0.539551 0
0  -5.826494 -7.586419 1.835556  -0.102628 -0.102628 -0.989411  0.298096 0.539551 0
painted_wood_01
0  -6.983752 -6.565248 5.073126  -0.904860 0.346389 0.247472  0.298096 0.539551 0
0  -6.672784 -6.150411 6.028134  -0.904858 0.346386 0.247485  0.298096 0.539551 0
0  -7.586419 -5.826493 1.835556  -0.904858 0.346386 0.247486  0.298096 0.539551 0
painted_wood_01
0  -6.522313 -7.932292 1.943607  0.346452 -0.904839 0.247462  0.298096 0.539551 0
0  -5.826494 -7.586419 1.835556  0.346453 -0.904836 0.247471  0.298096 0.539551 0
0  -6.150412 -6.672781 6.028132  0.346453 -0.904837 0.247468  0.298096 0.539551 0
gold_player
0  -7.932292 -6.522313 1.943608  -0.692754 -0.692752 0.200466  0.000000 0.000000 0
0  -6.522313 -7.932292 1.943607  -0.692754 -0.692752 0.200466  0.000000 0.000000 0
0  -6.565249 -6.983750 5.073124  -0.692754 -0.692752 0.200466  0.000000 0.000000 0
crystal_ball_glass
0  -6.560939 -8.861320 1.964009  0.775997 0.325785 -0.540087  0.244174 1.449560 0
0  -6.844562 -8.651960 1.682788  0.775997 0.325785 -0.540087  0.282895 1.480806 0
0  -6.764243 -8.029421 2.173711  0.775997 0.325785 -0.540087  0.371971 1.662900 0
crystal_ball_glass
0  -6.565706 -8.175972 2.370566  -0.348251 0.548919 0.759875  0.105073 -1.344165 0
0  -6.764243 -8.029421 2.173711  -0.348251 0.548919 0.759875  0.134954 -1.191061 0
0  -7.318146 -8.583323 2.319985  -0.348251 0.548919 0.759875  0.034318 -1.236377 0
crystal_ball_glass
0  -7.119609 -8.729876 2.516840  -0.426486 -0.876689 -0.222544  0.521275 -0.094507 0
0  -7.318146 -8.583323 2.319985  -0.426486 -0.876689 -0.222544  0.548964 -0.279177 0
0  -6.844562 -8.651960 1.682788  -0.426486 -0.876689 -0.222544  0.546317 -0.159564 0
crystal_ball_glass
0  -6.844562 -8.651960 1.682788  0.711064 0.376530 -0.593813  0.356847 1.782622 0
0  -7.153376 -8.398331 1.473821  0.711064 0.376530 -0.593813  0.409317 1.823169 0
0  -6.980412 -7.851882 2.027436  0.711064 0.376530 -0.593813  0.478321 1.921369 0
crystal_ball_glass
0  -6.764243 -8.029421 2.173711  -0.218856 0.447797 0.866937  0.300848 -1.279357 0
0  -6.980412 -7.851882 2.027436  -0.218856 0.447797 0.866937  0.343064 -1.165239 0
0  -7.534314 -8.405783 2.173710  -0.218856 0.447797 0.866937  0.266020 -1.190261 0
crystal_ball_glass
0  -7.318146 -8.583323 2.319985  -0.491415 -0.825947 -0.276265  0.613044 -0.009306 0
0  -7.534314 -8.405783 2.173710  -0.491415 -0.825947 -0.276265  0.649058 -0.156157 0
0  -7.153376 -8.398331 1.473821  -0.491415 -0.825947 -0.276265  0.646071 -0.100726 0
crystal_ball_glass
0  -7.153376 -8.398331 1.473821  0.641913 0.435907 -0.630819  0.512612 2.036849 0
0  -7.475508 -8.110180 1.345142  0.641913 0.435907 -0.630819  0.575753 2.069264 0
0  -7.205905 -7.650176 1.937359  0.641913 0.435907 -0.630819  0.616367 2.104248 0
crystal_ball_glass
0  -6.980412 -7.851882 2.027436  -0.081055 0.329471 0.940680  0.517712 -1.311829 0
0  -7.205905 -7.650176 1.937359  -0.081055 0.329471 0.940680  0.569411 -1.241390 0
0  -7.759808 -8.204079 2.083633  -0.081055 0.329471 0.940680  0.520900 -1.250880 0
crystal_ball_glass
0  -7.534314 -8.405783 2.173710  -0.560561 -0.766571 -0.313272  0.695667 0.150645 0
0  -7.759808 -8.204079 2.083633  -0.560561 -0.766571 -0.313272  0.737971 0.056182 0
0  -7.475508 -8.110180 1.345142  -0.560561 -0.766571 -0.313272  0.738643 0.068635 0
crystal_ball_glass
0  -7.475508 -8.110180 1.345142  0.571198 0.501640 -0.649685  0.696137 2.150997 0
0  -7.798582 -7.798581 1.301692  0.571198 0.501640 -0.649685  0.765078 2.163237 0
0  -7.432057 -7.432054 1.906943  0.571198 0.501640 -0.649685  0.772124 2.165961 0
crystal_ball_glass
0  -7.205905 -7.650176 1.937359  0.059862 0.198479 0.978275  0.733378 -1.426538 0
0  -7.432057 -7.432054 1.906943  0.059862 0.198479 0.978275  0.790224 -1.402722 0
0  -7.985960 -7.985957 2.053218  0.059862 0.198479 0.978275  0.773649 -1.403805 0
crystal_ball_glass
0  -7.759808 -8.204079 2.083633  -0.631282 -0.700835 -0.332135  0.764522 0.363649 0
0  -7.985960 -7.985957 2.053218  -0.631282 -0.700835 -0.332135  0.810204 0.331063 0
0  -7.798582 -7.798581 1.301692  -0.631282 -0.700835 -0.332135  0.816853 0.327793 0
crystal_ball_glass
0  -7.798582 -7.798581 1.301692  0.501642 0.571196 -0.649685  0.887635 2.091333 0
0  -8.110184 -7.475504 1.345141  0.501642 0.571196 -0.649685  0.956577 2.079096 0
0  -7.650177 -7.205903 1.937359  0.501642 0.571196 -0.649685  0.928849 2.085492 0
crystal_ball_glass
0  -7.432057 -7.432054 1.906943  0.198481 0.059862 0.978275  0.928439 -1.599060 0
0  -7.650177 -7.205903 1.937359  0.198481 0.059862 0.978275  0.985286 -1.622874 0
0  -8.204080 -7.759806 2.083633  0.198481 0.059862 0.978275  1.001861 -1.623956 0
crystal_ball_glass
0  -7.985960 -7.985957 2.053218  -0.700838 -0.631278 -0.332136  0.817289 0.600745 0
0  -8.204080 -7.759806 2.083633  -0.700838 -0.631278 -0.332136  0.862971 0.633330 0
0  -8.110184 -7.475504 1.345141  -0.700838 -0.631278 -0.332136  0.875901 0.644025 0
crystal_ball_glass
0  -8.110184 -7.475504 1.345141  0.435907 0.641915 -0.630817  1.066057 1.856412 0
0  -8.398335 -7.153372 1.473822  0.435907 0.641915 -0.630817  1.129198 1.823994 0
0  -7.851882 -6.980410 2.027436  0.435907 0.641915 -0.630817  1.069642 1.868706 0
crystal_ball_glass
0  -7.650177 -7.205903 1.937359  0.329473 -0.081057 0.940679  1.090438 -1.799795 0
0  -7.851882 -6.980410 2.027436  0.329473 -0.081057 0.940679  1.142137 -1.870234 0
0  -8.405785 -7.534313 2.173710  0.329473 -0.081057 0.940679  1.190649 -1.879724 0
crystal_ball_glass
0  -8.204080 -7.759806 2.083633  -0.766570 -0.560566 -0.313266  0.854333 0.832088 0
0  -8.405785 -7.534313 2.173710  -0.766570 -0.560566 -0.313266  0.896637 0.926554 0
0  -8.398335 -7.153372 1.473822  -0.766570 -0.560566 -0.313266  0.914095 0.979492 0
crystal_ball_glass
0  -8.398335 -7.153372 1.473822  0.376528 0.711065 -0.593812  1.212265 1.475760 0
0  -8.651963 -6.844560 1.682789  0.376528 0.711065 -0.593812  1.264735 1.435214 0
0  -8.029424 -6.764240 2.173712  0.376528 0.711065 -0.593812  1.179990 1.545578 0
crystal_ball_glass
0  -7.851882 -6.980410 2.027436  0.447795 -0.218856 0.866938  1.215359 -1.998985 0
0  -8.029424 -6.764240 2.173712  0.447795 -0.218856 0.866938  1.257574 -2.113101 0
0  -8.583327 -7.318142 2.319987  0.447795 -0.218856 0.866938  1.334617 -2.138124 0
crystal_ball_glass
0  -8.405785 -7.534313 2.173710  -0.825946 -0.491417 -0.276267  0.878434 1.033441 0
0  -8.583327 -7.318142 2.319987  -0.825946 -0.491417 -0.276267  0.914448 1.180292 0
0  -8.651963 -6.844560 1.682789  -0.825946 -0.491417 -0.276267  0.932869 1.298658 0
crystal_ball_glass
0  -8.651963 -6.844560 1.682789  0.325786 0.775993 -0.540091  1.312156 1.003175 0
0  -8.861323 -6.560935 1.964011  0.325786 0.775993 -0.540091  1.350878 0.971929 0
0  -8.175977 -6.565703 2.370567  0.325786 0.775993 -0.540091  1.250187 1.163396 0
crystal_ball_glass
0  -8.029424 -6.764240 2.173712  0.548916 -0.348249 0.759878  1.306402 -2.171523 0
0  -8.175977 -6.565703 2.370567  0.548916 -0.348249 0.759878  1.336283 -2.324630 0
0  -8.729879 -7.119605 2.516841  0.548916 -0.348249 0.759878  1.436920 -2.369949 0
crystal_ball_glass
0  -8.583327 -7.318142 2.319987  -0.876692 -0.426482 -0.222540  0.893855 1.191114 0
0  -8.729879 -7.119605 2.516841  -0.876692 -0.426482 -0.222540  0.921544 1.375786 0
0  -8.861323 -6.560935 1.964011  -0.876692 -0.426482 -0.222540  0.936057 1.574544 0
crystal_ball_glass
0  -8.861323 -6.560935 1.964011  0.285629 0.834209 -0.471711  1.358165 0.506922 0
0  -9.018368 -6.313398 2.306681  0.285629 0.834209 -0.471711  1.382313 0.504381 0
0  -8.285907 -6.392428 2.610436  0.285629 0.834209 -0.471711  1.276064 0.778185 0
crystal_ball_glass
0  -8.175977 -6.565703 2.370567  0.628945 -0.464261 0.623610  1.370528 -2.300412 0
0  -8.285907 -6.392428 2.610436  0.628945 -0.464261 0.623610  1.387129 -2.486348 0
0  -8.839809 -6.946330 2.756710  0.628945 -0.464261 0.623610  1.505737 -2.553634 0
crystal_ball_glass
0  -8.729879 -7.119605 2.516841  -0.916850 -0.368267 -0.154161  0.905073 1.303683 0
0  -8.839809 -6.946330 2.756710  -0.916850 -0.368267 -0.154161  0.923576 1.508273 0
0  -9.018368 -6.313398 2.306681  -0.916850 -0.368267 -0.154161  0.928721 1.791909 0
crystal_ball_glass
0  -9.018368 -6.313398 2.306681  0.257599 0.883472 -0.391305  1.349752 0.058773 0
0  -9.117064 -6.111463 2.697628  0.257599 0.883472 -0.391305  1.360836 0.102524 0
0  -8.354993 -6.251073 2.884100  0.257599 0.883472 -0.391305  1.259017 0.445958 0
crystal_ball_glass
0  -8.285907 -6.392428 2.610436  0.684799 -0.562428 0.463384  1.414628 -2.378899 0
0  -8.354993 -6.251073 2.884100  0.684799 -0.562428 0.463384  1.419028 -2.590377 0
0  -8.908895 -6.804976 3.030375  0.684799 -0.562428 0.463384  1.550110 -2.677958 0
crystal_ball_glass
0  -8.839809 -6.946330 2.756710  -0.944877 -0.319010 -0.073756  0.915590 1.380497 0
0  -8.908895 -6.804976 3.030375  -0.944877 -0.319010 -0.073756  0.925372 1.585938 0
0  -9.117064 -6.111463 2.697628  -0.944877 -0.319010 -0.073756  0.915980 1.947435 0
crystal_ball_glass
0  -9.117064 -6.111463 2.697628  0.242778 0.921887 -0.301967  1.292931 -0.276154 0
0  -9.153616 -5.962887 3.121831  0.242778 0.921887 -0.301967  1.294490 -0.173798 0
0  -8.380579 -6.147070 3.181043  0.242778 0.921887 -0.301967  1.205323 0.215317 0
crystal_ball_glass
0  -8.354993 -6.251073 2.884100  0.714338 -0.638981 0.285350  1.442368 -2.410630 0
0  -8.380579 -6.147070 3.181043  0.714338 -0.638981 0.285350  1.437472 -2.639549 0
0  -8.934482 -6.700974 3.327317  0.714338 -0.638981 0.285350  1.576190 -2.742664 0
crystal_ball_glass
0  -8.908895 -6.804976 3.030375  -0.959700 -0.280594 0.015580  0.927109 1.437258 0
0  -8.934482 -6.700974 3.327317  -0.959700 -0.280594 0.015580  0.929923 1.625646 0
0  -9.153616 -5.962887 3.121831  -0.959700 -0.280594 0.015580  0.902032 2.046903 0
crystal_ball_glass
0  -9.153616 -5.962887 3.121831  0.241730 0.947980 -0.207125  1.198872 -0.447167 0
0  -9.126619 -5.873382 3.562991  0.241730 0.947980 -0.207125  1.195862 -0.281709 0
0  -8.361682 -6.084416 3.489854  0.241730 0.947980 -0.207125  1.124855 0.122325 0
crystal_ball_glass
0  -8.380579 -6.147070 3.181043  0.716421 -0.690983 0.096353  1.452980 -2.408375 0
0  -8.361682 -6.084416 3.489854  0.716421 -0.690983 0.096353  1.443068 -2.646136 0
0  -8.915586 -6.638319 3.636128  0.716421 -0.690983 0.096353  1.585347 -2.757656 0
crystal_ball_glass
0  -8.934482 -6.700974 3.327317  -0.960749 -0.254496 0.110424  0.939360 1.490420 0
0  -8.915586 -6.638319 3.636128  -0.960749 -0.254496 0.110424  0.938021 1.647221 0
0  -9.126619 -5.873382 3.562991  -0.960749 -0.254496 0.110424  0.889722 2.101061 0
crystal_ball_glass
0  -9.126619 -5.873382 3.562991  0.254497 0.960748 -0.110425  1.082358 -0.423305 0
0  -9.037113 -5.846387 4.004148  0.254497 0.960748 -0.110425  1.080333 -0.199306 0
0  -8.299028 -6.065519 3.798664  0.254497 0.960748 -0.110425  1.029836 0.187334 0
crystal_ball_glass
0  -8.361682 -6.084416 3.489854  0.690980 -0.716423 -0.096352  1.442315 -2.391520 0
0  -8.299028 -6.065519 3.798664  0.690980 -0.716423 -0.096352  1.432404 -2.629280 0
0  -8.852931 -6.619422 3.944937  0.690980 -0.716423 -0.096352  1.574683 -2.740801 0
crystal_ball_glass
0  -8.915586 -6.638319 3.636128  -0.947980 -0.241727 0.207128  0.950562 1.551961 0
0  -8.852931 -6.619422 3.944937  -0.947980 -0.241727 0.207128  0.948571 1.667780 0
0  -9.037113 -5.846387 4.004148  -0.947980 -0.241727 0.207128  0.880609 2.121451 0
crystal_ball_glass
0  -9.037113 -5.846387 4.004148  0.280591 0.959701 -0.015584  0.960356 -0.196145 0
0  -8.888539 -5.882938 4.428351  0.280591 0.959701 -0.015584  0.964608 0.072980 0
0  -8.195026 -6.091105 4.095607  0.280591 0.959701 -0.015584  0.933822 0.413499 0
crystal_ball_glass
0  -8.299028 -6.065519 3.798664  0.638981 -0.714338 -0.285349  1.405446 -2.382635 0
0  -8.195026 -6.091105 4.095607  0.638981 -0.714338 -0.285349  1.400549 -2.611556 0
0  -8.748929 -6.645008 4.241881  0.638981 -0.714338 -0.285349  1.539266 -2.714670 0
crystal_ball_glass
0  -8.852931 -6.619422 3.944937  -0.921888 -0.242777 0.301964  0.958228 1.625963 0
0  -8.748929 -6.645008 4.241881  -0.921888 -0.242777 0.301964  0.959260 1.697613 0
0  -8.888539 -5.882938 4.428351  -0.921888 -0.242777 0.301964  0.875430 2.117433 0
crystal_ball_glass
0  -8.888539 -5.882938 4.428351  0.319007 0.944878 0.073762  0.849277 0.219487 0
0  -8.686602 -5.981634 4.819300  0.319007 0.944878 0.073762  0.864063 0.512978 0
0  -8.053671 -6.160192 4.369270  0.319007 0.944878 0.073762  0.849690 0.786428 0
crystal_ball_glass
0  -8.195026 -6.091105 4.095607  0.562426 -0.684798 -0.463388  1.340095 -2.403578 0
0  -8.053671 -6.160192 4.369270  0.562426 -0.684798 -0.463388  1.344494 -2.615054 0
0  -8.607574 -6.714095 4.515544  0.562426 -0.684798 -0.463388  1.475576 -2.702638 0
crystal_ball_glass
0  -8.748929 -6.645008 4.241881  -0.883469 -0.257605 0.391309  0.960310 1.707958 0
0  -8.607574 -6.714095 4.515544  -0.883469 -0.257605 0.391309  0.967642 1.738585 0
0  -8.686602 -5.981634 4.819300  -0.883469 -0.257605 0.391309  0.874557 2.095141 0
crystal_ball_glass
0  -8.686602 -5.981634 4.819300  0.368267 0.916850 0.154160  0.763980 0.786565 0
0  -8.439066 -6.138678 5.161970  0.368267 0.916850 0.154160  0.791949 1.078837 0
0  -7.880396 -6.270123 4.609138  0.368267 0.916850 0.154160  0.789003 1.274790 0
crystal_ball_glass
0  -8.053671 -6.160192 4.369270  0.464262 -0.628943 -0.623612  1.249428 -2.471403 0
0  -7.880396 -6.270123 4.609138  0.464262 -0.628943 -0.623612  1.266029 -2.657340 0
0  -8.434299 -6.824026 4.755413  0.464262 -0.628943 -0.623612  1.384638 -2.724626 0
crystal_ball_glass
0  -8.607574 -6.714095 4.515544  -0.834210 -0.285626 0.471711  0.956054 1.786929 0
0  -8.434299 -6.824026 4.755413  -0.834210 -0.285626 0.471711  0.972029 1.785150 0
0  -8.439066 -6.138678 5.161970  -0.834210 -0.285626 0.471711  0.878459 2.058190 0
crystal_ball_glass
0  -8.439066 -6.138678 5.161970  0.426485 0.876689 0.222545  -0.283952 1.448726 0
0  -8.155440 -6.348039 5.443190  0.426485 0.876689 0.222545  -0.242099 1.712542 0
0  -7.681857 -6.416676 4.805995  0.426485 0.876689 0.222545  -0.239299 1.832155 0
crystal_ball_glass
0  -7.880396 -6.270123 4.609138  0.348247 -0.548916 -0.759878  0.142986 -2.594795 0
0  -7.681857 -6.416676 4.805995  0.348247 -0.548916 -0.759878  0.172867 -2.747900 0
0  -8.235760 -6.970578 4.952269  0.348247 -0.548916 -0.759878  0.273503 -2.793217 0
crystal_ball_glass
0  -8.434299 -6.824026 4.755413  -0.775992 -0.325786 0.540092  -0.053633 1.848985 0
0  -8.235760 -6.970578 4.952269  -0.775992 -0.325786 0.540092  -0.028016 1.827113 0
0  -8.155440 -6.348039 5.443190  -0.775992 -0.325786 0.540092  -0.112200 2.009205 0
crystal_ball_glass
0  -8.155440 -6.348039 5.443190  0.491412 0.825950 0.276263  -0.287663 2.135311 0
0  -7.846627 -6.601667 5.652158  0.491412 0.825950 0.276263  -0.233226 2.345098 0
0  -7.465690 -6.594214 4.952270  0.491412 0.825950 0.276263  -0.230065 2.400530 0
crystal_ball_glass
0  -7.681857 -6.416676 4.805995  0.218857 -0.447797 -0.866937  0.035391 -2.771686 0
0  -7.465690 -6.594214 4.952270  0.218857 -0.447797 -0.866937  0.077607 -2.885803 0
0  -8.019592 -7.148118 5.098544  0.218857 -0.447797 -0.866937  0.154652 -2.910825 0
crystal_ball_glass
0  -8.235760 -6.970578 4.952269  -0.711063 -0.376525 0.593816  -0.066303 1.881599 0
0  -8.019592 -7.148118 5.098544  -0.711063 -0.376525 0.593816  -0.031591 1.853216 0
0  -7.846627 -6.601667 5.652158  -0.711063 -0.376525 0.593816  -0.096807 1.951415 0
crystal_ball_glass
0  -7.846627 -6.601667 5.652158  0.560566 0.766568 0.313271  -0.246107 2.768845 0
0  -7.524494 -6.889820 5.780838  0.560566 0.766568 0.313271  -0.182162 2.903793 0
0  -7.240194 -6.795923 5.042347  0.560566 0.766568 0.313271  -0.182873 2.916246 0
crystal_ball_glass
0  -7.465690 -6.594214 4.952270  0.081055 -0.329470 -0.940681  -0.057299 -2.988573 0
0  -7.240194 -6.795923 5.042347  0.081055 -0.329470 -0.940681  -0.005600 -3.059016 0
0  -7.794097 -7.349825 5.188622  0.081055 -0.329470 -0.940681  0.042910 -3.068503 0
crystal_ball_glass
0  -8.019592 -7.148118 5.098544  -0.641913 -0.435909 0.630818  -0.078602 1.876830 0
0  -7.794097 -7.349825 5.188622  -0.641913 -0.435909 0.630818  -0.036830 1.854137 0
0  -7.524494 -6.889820 5.780838  -0.641913 -0.435909 0.630818  -0.075214 1.889123 0
crystal_ball_glass
0  -7.524494 -6.889820 5.780838  0.631278 0.700839 0.332134  -0.164512 3.274436 0
0  -7.201420 -7.201419 5.824290  0.631278 0.700839 0.332134  -0.095461 3.320987 0
0  -7.014044 -7.014041 5.072762  0.631278 0.700839 0.332134  -0.102497 3.317717 0
crystal_ball_glass
0  -7.240194 -6.795923 5.042347  -0.059866 -0.198479 -0.978275  -0.122146 -3.222058 0
0  -7.014044 -7.014041 5.072762  -0.059866 -0.198479 -0.978275  -0.065300 -3.245873 0
0  -7.567946 -7.567944 5.219036  -0.059866 -0.198479 -0.978275  -0.048725 -3.246956 0
crystal_ball_glass
0  -7.794097 -7.349825 5.188622  -0.571198 -0.501643 0.649682  -0.087057 1.832649 0
0  -7.567946 -7.567944 5.219036  -0.571198 -0.501643 0.649682  -0.041449 1.824083 0
0  -7.201420 -7.201419 5.824290  -0.571198 -0.501643 0.649682  -0.048108 1.826808 0
crystal_ball_glass
0  -7.201420 -7.201419 5.824290  0.700837 0.631280 0.332133  -0.053963 3.590666 0
0  -6.889818 -7.524495 5.780841  0.700837 0.631280 0.332133  0.015088 3.544116 0
0  -6.795923 -7.240194 5.042347  0.700837 0.631280 0.332133  0.001408 3.554811 0
crystal_ball_glass
0  -7.014044 -7.014041 5.072762  -0.198477 -0.059864 -0.978276  -0.153362 -3.442206 0
0  -6.795923 -7.240194 5.042347  -0.198477 -0.059864 -0.978276  -0.096516 -3.418394 0
0  -7.349826 -7.794096 5.188622  -0.198477 -0.059864 -0.978276  -0.113091 -3.419476 0
crystal_ball_glass
0  -7.567946 -7.567944 5.219036  -0.501640 -0.571199 0.649683  -0.089150 1.752178 0
0  -7.349826 -7.794096 5.188622  -0.501640 -0.571199 0.649683  -0.043542 1.760745 0
0  -6.889818 -7.524495 5.780841  -0.501640 -0.571199 0.649683  -0.017336 1.767142 0
crystal_ball_glass
0  -6.889818 -7.524495 5.780841  0.766569 0.560567 0.313269  0.069977 3.679689 0
0  -6.601665 -7.846629 5.652160  0.766569 0.560567 0.313269  0.133921 3.544741 0
0  -6.594214 -7.465689 4.952272  0.766569 0.560567 0.313269  0.115449 3.597678 0
crystal_ball_glass
0  -6.795923 -7.240194 5.042347  -0.329463 0.081049 -0.940683  -0.154237 -3.617400 0
0  -6.594214 -7.465689 4.952272  -0.329463 0.081049 -0.940683  -0.102538 -3.546966 0
0  -7.148117 -8.019592 5.098547  -0.329463 0.081049 -0.940683  -0.151047 -3.556451 0
crystal_ball_glass
0  -7.349826 -7.794096 5.188622  -0.435910 -0.641910 0.630821  -0.083463 1.641294 0
0  -7.148117 -8.019592 5.098547  -0.435910 -0.641910 0.630821  -0.041691 1.663985 0
0  -6.601665 -7.846629 5.652160  -0.435910 -0.641910 0.630821  0.014596 1.708695 0
crystal_ball_glass
0  -6.601665 -7.846629 5.652160  0.825951 0.491410 0.276263  0.189613 3.534698 0
0  -6.348040 -8.155439 5.443192  0.825951 0.491410 0.276263  0.244050 3.324912 0
0  -6.416676 -7.681857 4.805995  0.825951 0.491410 0.276263  0.224558 3.443278 0
crystal_ball_glass
0  -6.594214 -7.465689 4.952272  -0.447801 0.218860 -0.866934  -0.136035 -3.719556 0
0  -6.416676 -7.681857 4.805995  -0.447801 0.218860 -0.866934  -0.093819 -3.605437 0
0  -6.970578 -8.235760 4.952270  -0.447801 0.218860 -0.866934  -0.170865 -3.630458 0
crystal_ball_glass
0  -7.148117 -8.019592 5.098547  -0.376526 -0.711065 0.593813  -0.069589 1.505800 0
0  -6.970578 -8.235760 4.952270  -0.376526 -0.711065 0.593813  -0.034877 1.534183 0
0  -6.348040 -8.155439 5.443192  -0.376526 -0.711065 0.593813  0.045215 1.644549 0
crystal_ball_glass
0  -6.348040 -8.155439 5.443192  0.876690 0.426486 0.222542  0.288081 3.182830 0
0  -6.138679 -8.439064 5.161971  0.876690 0.426486 0.222542  0.329934 2.919015 0
0  -6.270123 -7.880394 4.609140  0.876690 0.426486 0.222542  0.314578 3.117772 0
crystal_ball_glass
0  -6.416676 -7.681857 4.805995  -0.548918 0.348250 -0.759876  -0.114219 -3.728352 0
0  -6.270123 -7.880394 4.609140  -0.548918 0.348250 -0.759876  -0.084338 -3.575247 0
0  -6.824026 -8.434296 4.755414  -0.548918 0.348250 -0.759876  -0.184974 -3.620565 0
crystal_ball_glass
0  -6.970578 -8.235760 4.952270  -0.325785 -0.775999 0.540083  -0.048094 1.349485 0
0  -6.824026 -8.434296 4.755414  -0.325785 -0.775999 0.540083  -0.022477 1.371357 0
0  -6.138679 -8.439064 5.161971  -0.325785 -0.775999 0.540083  0.072686 1.562824 0
crystal_ball_glass
0  -6.138679 -8.439064 5.161971  0.916848 0.368271 0.154163  0.352406 2.682135 0
0  -5.981632 -8.686602 4.819303  0.916848 0.368271 0.154163  0.380376 2.389863 0
0  -6.160192 -8.053669 4.369272  0.916848 0.368271 0.154163  0.374931 2.673500 0
crystal_ball_glass
0  -6.270123 -7.880394 4.609140  -0.628942 0.464260 -0.623614  -0.103277 -3.634509 0
0  -6.160192 -8.053669 4.369272  -0.628942 0.464260 -0.623614  -0.086675 -3.448576 0
0  -6.714095 -8.607573 4.515546  -0.628942 0.464260 -0.623614  -0.205283 -3.515859 0
crystal_ball_glass
0  -6.824026 -8.434296 4.755414  -0.285630 -0.834208 0.471713  -0.019581 1.173681 0
0  -6.714095 -8.607573 4.515546  -0.285630 -0.834208 0.471713  -0.003605 1.175460 0
0  -5.981632 -8.686602 4.819303  -0.285630 -0.834208 0.471713  0.096811 1.449260 0
crystal_ball_glass
0  -5.981632 -8.686602 4.819303  0.944879 0.319006 0.073755  0.376055 2.112904 0
0  -5.882938 -8.888538 4.428353  0.944879 0.319006 0.073755  0.390841 1.819414 0
0  -6.091105 -8.195026 4.095608  0.944879 0.319006 0.073755  0.400779 2.180910 0
crystal_ball_glass
0  -6.160192 -8.053669 4.369272  -0.684799 0.562423 -0.463391  -0.111677 -3.440907 0
0  -6.091105 -8.195026 4.095608  -0.684799 0.562423 -0.463391  -0.107277 -3.229431 0
0  -6.645007 -8.748930 4.241882  -0.684799 0.562423 -0.463391  -0.238358 -3.317011 0
crystal_ball_glass
0  -6.714095 -8.607573 4.515546  -0.257599 -0.883468 0.391315  0.015903 0.978842 0
0  -6.645007 -8.748930 4.241882  -0.257599 -0.883468 0.391315  0.023235 0.948217 0
0  -5.882938 -8.888538 4.428353  -0.257599 -0.883468 0.391315  0.119464 1.291648 0
crystal_ball_glass
0  -5.882938 -8.888538 4.428353  0.959701 0.280590 -0.015582  0.360424 1.564379 0
0  -5.846387 -9.037113 4.004149  0.959701 0.280590 -0.015582  0.364677 1.295254 0
0  -6.065518 -8.299028 3.798666  0.959701 0.280590 -0.015582  0.394187 1.716508 0
crystal_ball_glass
0  -6.091105 -8.195026 4.095608  -0.714339 0.638979 -0.285353  -0.138774 -3.162054 0
0  -6.065518 -8.299028 3.798666  -0.714339 0.638979 -0.285353  -0.143671 -2.933134 0
0  -6.619421 -8.852932 3.944940  -0.714339 0.638979 -0.285353  -0.282387 -3.036245 0
crystal_ball_glass
0  -6.645007 -8.748930 4.241882  -0.242775 -0.921889 0.301963  0.059123 0.767265 0
0  -6.619421 -8.852932 3.944940  -0.242775 -0.921889 0.301963  0.060154 0.695616 0
0  -5.846387 -9.037113 4.004149  -0.242775 -0.921889 0.301963  0.144426 1.084729 0
crystal_ball_glass
0  -5.846387 -9.037113 4.004149  0.960748 0.254498 -0.110423  0.314845 1.119445 0
0  -5.873382 -9.126619 3.562993  0.960748 0.254498 -0.110423  0.312821 0.895447 0
0  -6.084416 -8.361681 3.489855  0.960748 0.254498 -0.110423  0.363925 1.349286 0
crystal_ball_glass
0  -6.065518 -8.299028 3.798666  -0.716425 0.690980 -0.096346  -0.174355 -2.822335 0
0  -6.084416 -8.361681 3.489855  -0.716425 0.690980 -0.096346  -0.184267 -2.584573 0
0  -6.638319 -8.915585 3.636129  -0.716425 0.690980 -0.096346  -0.326547 -2.696092 0
crystal_ball_glass
0  -6.619421 -8.852932 3.944940  -0.241730 -0.947980 0.207125  0.111571 0.545990 0
0  -6.638319 -8.915585 3.636129  -0.241730 -0.947980 0.207125  0.109580 0.430169 0
0  -5.873382 -9.126619 3.562993  -0.241730 -0.947980 0.207125  0.176690 0.834202 0
crystal_ball_glass
0  -5.873382 -9.126619 3.562993  0.947980 0.241729 -0.207125  0.255021 0.840088 0
0  -5.962889 -9.153612 3.121831  0.947980 0.241729 -0.207125  0.252011 0.674631 0
0  -6.147070 -8.380579 3.181044  0.947980 0.241729 -0.207125  0.323921 1.128300 0
crystal_ball_glass
0  -6.084416 -8.361681 3.489855  -0.690980 0.716424 0.096350  -0.201114 -2.453078 0
0  -6.147070 -8.380579 3.181044  -0.690980 0.716424 0.096350  -0.211026 -2.215316 0
0  -6.700973 -8.934481 3.327318  -0.690980 0.716424 0.096350  -0.353304 -2.326836 0
crystal_ball_glass
0  -6.638319 -8.915585 3.636129  -0.254497 -0.960749 0.110419  0.174774 0.328474 0
0  -6.700973 -8.934481 3.327318  -0.254497 -0.960749 0.110419  0.173435 0.171674 0
0  -5.962889 -9.153612 3.121831  -0.254497 -0.960749 0.110419  0.221159 0.558314 0
crystal_ball_glass
0  -5.962889 -9.153612 3.121831  0.921886 0.242777 -0.301969  0.200583 0.756545 0
0  -6.111465 -9.117060 2.697628  0.921886 0.242777 -0.301969  0.202142 0.654189 0
0  -6.251073 -8.354992 2.884101  0.921886 0.242777 -0.301969  0.290841 1.074010 0
crystal_ball_glass
0  -6.147070 -8.380579 3.181044  -0.638980 0.714337 0.285354  -0.199238 -2.089035 0
0  -6.251073 -8.354992 2.884101  -0.638980 0.714337 0.285354  -0.204134 -1.860116 0
0  -6.804976 -8.908894 3.030375  -0.638980 0.714337 0.285354  -0.342849 -1.963228 0
crystal_ball_glass
0  -6.700973 -8.934481 3.327318  -0.280591 -0.959701 0.015581  0.249166 0.134248 0
0  -6.804976 -8.908894 3.030375  -0.280591 -0.959701 0.015581  0.251979 -0.054142 0
0  -6.111465 -9.117060 2.697628  -0.280591 -0.959701 0.015581  0.281075 0.286375 0
crystal_ball_glass
0  -6.111465 -9.117060 2.697628  0.883471 0.257599 -0.391308  0.171098 0.862276 0
0  -6.313401 -9.018366 2.306679  0.883471 0.257599 -0.391308  0.182181 0.818523 0
0  -6.392429 -8.285904 2.610436  0.883471 0.257599 -0.391308  0.280675 1.175081 0
crystal_ball_glass
0  -6.251073 -8.354992 2.884101  -0.562426 0.684795 0.463392  -0.151841 -1.764527 0
0  -6.392429 -8.285904 2.610436  -0.562426 0.684795 0.463392  -0.147441 -1.553051 0
0  -6.946332 -8.839808 2.756710  -0.562426 0.684795 0.463392  -0.278523 -1.640630 0
crystal_ball_glass
0  -6.804976 -8.908894 3.030375  -0.319005 -0.944879 -0.073758  0.333965 -0.013981 0
0  -6.946332 -8.839808 2.756710  -0.319005 -0.944879 -0.073758  0.343747 -0.219426 0
0  -6.313401 -9.018366 2.306679  -0.319005 -0.944879 -0.073758  0.357331 0.054022 0
crystal_ball_glass
0  -6.313401 -9.018366 2.306679  0.834209 0.285628 -0.471713  0.182527 1.115865 0
0  -6.560939 -8.861320 1.964009  0.834209 0.285628 -0.471713  0.206675 1.118409 0
0  -6.565706 -8.175972 2.370566  0.834209 0.285628 -0.471713  0.305679 1.391447 0
crystal_ball_glass
0  -6.392429 -8.285904 2.610436  -0.464259 0.628940 0.623616  -0.049886 -1.509164 0
0  -6.565706 -8.175972 2.370566  -0.464259 0.628940 0.623616  -0.033284 -1.323226 0
0  -7.119609 -8.729876 2.516840  -0.464259 0.628940 0.623616  -0.151893 -1.390510 0
crystal_ball_glass
0  -6.946332 -8.839808 2.756710  -0.368269 -0.916849 -0.154164  0.426270 -0.095015 0
0  -7.119609 -8.729876 2.516840  -0.368269 -0.916849 -0.154164  0.444773 -0.299608 0
0  -6.560939 -8.861320 1.964009  -0.368269 -0.916849 -0.154164  0.447558 -0.103653 0
gold_player
0  -4.557669 -4.209639 4.430507  0.533213 0.533218 -0.656782  0.000000 0.000000 0
0  -4.209641 -4.557665 4.430506  0.533213 0.533218 -0.656782  0.000000 0.000000 0
0  -4.922362 -5.270387 3.273242  0.533213 0.533218 -0.656782  0.000000 0.000000 0
painted_wood_01
0  -4.513397 -3.729790 14.505948  -0.699689 -0.699692 0.144452  0.298096 0.539551 0
0  -3.729789 -4.513393 14.505947  -0.699689 -0.699692 0.144452  0.298096 0.539551 0
0  -3.200302 -3.983907 19.635355  -0.699689 -0.699692 0.144452  0.298096 0.539551 0
painted_wood_01
0  -3.631074 -2.847467 19.219650  -0.707107 0.707106 -0.000001  0.298096 0.539551 0
0  -3.983909 -3.200302 19.635353  -0.707107 0.707106 -0.000001  0.298096 0.539551 0
0  -3.834977 -3.051367 22.945499  -0.707107 0.707106 -0.000001  0.298096 0.539551 0
painted_wood_01
0  -6.672784 -6.150411 6.028134  -0.666230 -0.662121 -0.343122  0.298096 0.539551 0
0  -6.150412 -6.672781 6.028132  -0.666230 -0.662121 -0.343122  0.298096 0.539551 0
0  -6.197910 -6.721047 6.207235  -0.666230 -0.662121 -0.343122  0.298096 0.539551 0
gold_player
0  -4.036065 -3.252458 1.902435  0.391400 0.391400 0.832833  0.000000 0.000000 0
0  -3.252458 -4.036062 1.902434  0.391400 0.391400 0.832833  0.000000 0.000000 0
0  -2.877920 -3.661523 1.550397  0.391400 0.391400 0.832833  0.000000 0.000000 0
crystal_ball_glass
0  -2.779753 -2.431723 12.435316  0.674607 0.674614 -0.299670  0.000000 0.000000 0
0  -2.431724 -2.779750 12.435314  0.674607 0.674614 -0.299670  0.000000 0.000000 0
0  -4.209641 -4.557665 4.430506  0.674607 0.674614 -0.299670  0.000000 0.000000 0
painted_wood_01
0  -5.670677 -4.887069 3.089588  0.323025 0.323024 0.889556  0.298096 0.539551 0
0  -4.887070 -5.670673 3.089586  0.323025 0.323024 0.889556  0.298096 0.539551 0
0  -3.252458 -4.036062 1.902434  0.323025 0.323024 0.889556  0.298096 0.539551 0
gold_player
0  -3.661527 -2.877920 1.550398  0.215695 0.215698 -0.952339  0.000000 0.000000 0
0  -2.877920 -3.661523 1.550397  0.215695 0.215698 -0.952339  0.000000 0.000000 0
0  -3.672135 -4.455738 1.190632  0.215695 0.215698 -0.952339  0.000000 0.000000 0
gold_player
0  -4.036065 -3.252458 1.902435  -0.520456 0.833682 -0.184660  0.000000 0.000000 0
0  -3.661527 -2.877920 1.550398  -0.520463 0.833676 -0.184671  0.000000 0.000000 0
0  -4.455741 -3.672134 1.190633  -0.520468 0.833670 -0.184681  0.000000 0.000000 0
gold_player
0  -4.455741 -3.672134 1.190633  -0.372429 -0.372430 -0.850054  0.000000 0.000000 0
0  -3.672135 -4.455738 1.190632  -0.372429 -0.372430 -0.850054  0.000000 0.000000 0
0  -4.285355 -6.146595 2.200104  -0.372429 -0.372430 -0.850054  0.000000 0.000000 0
gold_player
0  -3.252458 -4.036062 1.902434  0.833690 -0.520432 -0.184692  0.000000 0.000000 0
0  -4.285355 -6.146595 2.200104  0.833686 -0.520436 -0.184699  0.000000 0.000000 0
0  -3.672135 -4.455738 1.190632  0.833689 -0.520433 -0.184694  0.000000 0.000000 0
black
0  -7.370600 -5.389429 2.378337  -0.679611 0.691928 0.243650  0.000000 0.000000 0
0  -6.734782 -5.593443 5.455659  -0.679605 0.691931 0.243656  0.000000 0.000000 0
0  -5.427089 -4.182586 4.372017  -0.679606 0.691931 0.243655  0.000000 0.000000 0
black
0  -5.389429 -7.370600 2.378336  0.691870 -0.679648 0.243710  0.000000 0.000000 0
0  -4.345800 -6.477699 2.630156  0.691870 -0.679649 0.243709  0.000000 0.000000 0
0  -4.182586 -5.427085 4.372015  0.691869 -0.679649 0.243709  0.000000 0.000000 0
painted_wood_01
0  -6.672784 -6.150411 6.028134  0.000000 0.000000 1.000000  0.298096 0.539551 0
0  -7.586419 -5.826493 1.835556  0.000000 0.000000 1.000000  0.298096 0.539551 0
0  -7.586419 -5.826493 1.835556  0.000000 0.000000 1.000000  0.298096 0.539551 0
painted_wood_01
0  -5.826494 -7.586419 1.835556  0.000000 0.000000 1.000000  0.298096 0.539551 0
0  -6.150412 -6.672781 6.028132  0.000000 0.000000 1.000000  0.298096 0.539551 0
0  -6.150412 -6.672781 6.028132  0.000000 0.000000 1.000000  0.298096 0.539551 0
painted_wood_01
0  -4.037978 -4.821580 4.468280  0.000000 0.000000 1.000000  0.298096 0.539551 0
0  -4.285355 -6.146595 2.200104  0.000000 0.000000 1.000000  0.298096 0.539551 0
0  -4.285355 -6.146595 2.200104  0.000000 0.000000 1.000000  0.298096 0.539551 0
painted_wood_01
0  -6.146601 -4.285356 2.200109  0.000000 0.000000 1.000000  0.298096 0.539551 0
0  -4.821584 -4.037977 4.468282  0.000000 0.000000 1.000000  0.298096 0.539551 0
0  -4.821584 -4.037977 4.468282  0.000000 0.000000 1.000000  0.298096 0.539551 0
painted_wood_01
0  -7.586419 -5.826493 1.835556  0.000000 0.000000 1.000000  0.298096 0.539551 0
0  -6.146601 -4.285356 2.200109  0.000000 0.000000 1.000000  0.298096 0.539551 0
0  -6.146601 -4.285356 2.200109  0.000000 0.000000 1.000000  0.298096 0.539551 0
painted_wood_01
0  -4.821584 -4.037977 4.468282  0.000000 0.000000 1.000000  0.298096 0.539551 0
0  -6.672784 -6.150411 6.028134  0.000000 0.000000 1.000000  0.298096 0.539551 0
0  -6.672784 -6.150411 6.028134  0.000000 0.000000 1.000000  0.298096 0.539551 0
painted_wood_01
0  -6.150412 -6.672781 6.028132  0.000000 0.000000 1.000000  0.298096 0.539551 0
0  -4.037978 -4.821580 4.468280  0.000000 0.000000 1.000000  0.298096 0.539551 0
0  -4.037978 -4.821580 4.468280  0.000000 0.000000 1.000000  0.298096 0.539551 0
painted_wood_01
0  -4.285355 -6.146595 2.200104  0.000000 0.000000 1.000000  0.298096 0.539551 0
0  -5.826494 -7.586419 1.835556  0.000000 0.000000 1.000000  0.298096 0.539551 0
0  -5.826494 -7.586419 1.835556  0.000000 0.000000 1.000000  0.298096 0.539551 0
painted_wood_01
0  -7.370600 -5.389429 2.378337  -0.656928 0.673610 -0.338667  0.298096 0.539551 0
0  -6.477705 -4.345802 2.630160  -0.656925 0.673613 -0.338667  0.298096 0.539551 0
0  -6.146601 -4.285356 2.200109  -0.656925 0.673613 -0.338667  0.298096 0.539551 0
painted_wood_01
0  -5.427089 -4.182586 4.372017  -0.231168 0.707970 0.667338  0.298096 0.539551 0
0  -6.734782 -5.593443 5.455659  -0.231168 0.707970 0.667338  0.298096 0.539551 0
0  -6.672784 -6.150411 6.028134  -0.231169 0.707968 0.667340  0.298096 0.539551 0
painted_wood_01
0  -5.593443 -6.734778 5.455657  0.707970 -0.231201 0.667326  0.298096 0.539551 0
0  -4.182586 -5.427085 4.372015  0.707970 -0.231201 0.667326  0.298096 0.539551 0
0  -4.037978 -4.821580 4.468280  0.707975 -0.231195 0.667323  0.298096 0.539551 0
painted_wood_01
0  -4.345800 -6.477699 2.630156  0.673619 -0.656956 -0.338594  0.298096 0.539551 0
0  -5.389429 -7.370600 2.378336  0.673617 -0.656958 -0.338595  0.298096 0.539551 0
0  -5.826494 -7.586419 1.835556  0.673620 -0.656956 -0.338594  0.298096 0.539551 0
painted_wood_01
0  -6.734782 -5.593443 5.455659  -0.963752 0.155634 0.216702  0.298096 0.539551 0
0  -7.370600 -5.389429 2.378337  -0.963751 0.155635 0.216707  0.298096 0.539551 0
0  -7.586419 -5.826493 1.835556  -0.963751 0.155635 0.216708  0.298096 0.539551 0
painted_wood_01
0  -5.389429 -7.370600 2.378336  0.155580 -0.963760 0.216704  0.298096 0.539551 0
0  -5.593443 -6.734778 5.455657  0.155580 -0.963760 0.216704  0.298096 0.539551 0
0  -6.150412 -6.672781 6.028132  0.155580 -0.963760 0.216705  0.298096 0.539551 0
painted_wood_01
0  -4.182586 -5.427085 4.372015  0.978237 -0.206315 0.022058  0.298096 0.539551 0
0  -4.345800 -6.477699 2.630156  0.978237 -0.206315 0.022060  0.298096 0.539551 0
0  -4.285355 -6.146595 2.200104  0.978237 -0.206315 0.022060  0.298096 0.539551 0
painted_wood_01
0  -6.477705 -4.345802 2.630160  -0.206314 0.978237 0.022059  0.298096 0.539551 0
0  -5.427089 -4.182586 4.372017  -0.206313 0.978237 0.022060  0.298096 0.539551 0
0  -4.821584 -4.037977 4.468282  -0.206312 0.978238 0.022062  0.298096 0.539551 0
painted_wood_01
0  -3.983909 -3.200302 19.635353  -0.705679 -0.705681 0.063502  0.298096 0.539551 0
0  -3.200302 -3.983907 19.635355  -0.705679 -0.705681 0.063502  0.298096 0.539551 0
0  -3.051370 -3.834970 22.945499  -0.705679 -0.705681 0.063502  0.298096 0.539551 0
painted_wood_01
0  -2.431724 -2.779750 12.435314  0.847744 0.517369 0.116871  0.298096 0.539551 0
0  -2.987132 -3.335159 18.922775  0.847744 0.517369 0.116871  0.298096 0.539551 0
0  -2.847467 -3.631071 19.219650  0.847744 0.517369 0.116871  0.298096 0.539551 0
painted_wood_01
0  -5.270390 -4.922360 3.273242  0.409969 0.409972 -0.814769  0.298096 0.539551 0
0  -4.922362 -5.270387 3.273242  0.409969 0.409972 -0.814769  0.298096 0.539551 0
0  -4.887070 -5.670673 3.089586  0.409969 0.409972 -0.814769  0.298096 0.539551 0
painted_wood_01
0  -3.335160 -2.987132 18.922775  0.517366 0.847746 0.116871  0.298096 0.539551 0
0  -2.779753 -2.431723 12.435316  0.517366 0.847746 0.116871  0.298096 0.539551 0
0  -3.049926 -2.266319 12.431530  0.517366 0.847746 0.116871  0.298096 0.539551 0
painted_wood_01
0  -4.922362 -5.270387 3.273242  0.683651 0.353274 -0.638607  0.298096 0.539551 0
0  -4.209641 -4.557665 4.430506  0.683651 0.353274 -0.638607  0.298096 0.539551 0
0  -4.037978 -4.821580 4.468280  0.683651 0.353274 -0.638607  0.298096 0.539551 0
painted_wood_01
0  -4.557669 -4.209639 4.430507  0.353272 0.683654 -0.638605  0.298096 0.539551 0
0  -5.270390 -4.922360 3.273242  0.353272 0.683654 -0.638605  0.298096 0.539551 0
0  -5.670677 -4.887069 3.089588  0.353272 0.683654 -0.638605  0.298096 0.539551 0
painted_wood_01
0  -3.983909 -3.200302 19.635353  -0.707106 0.707107 0.000000  0.298096 0.539551 0
0  -3.631074 -2.847467 19.219650  -0.707106 0.707107 0.000000  0.298096 0.539551 0
0  -3.049926 -2.266319 12.431530  -0.707106 0.707107 0.000000  0.298096 0.539551 0
painted_wood_01
0  -2.847467 -3.631071 19.219650  0.707107 -0.707107 -0.000000  0.298096 0.539551 0
0  -3.200302 -3.983907 19.635355  0.707107 -0.707107 -0.000000  0.298096 0.539551 0
0  -3.729789 -4.513393 14.505947  0.707107 -0.707107 -0.000000  0.298096 0.539551 0
crystal_ball_glass
0  -2.981033 -2.676710 18.702389  0.701980 0.701981 0.120197  0.000000 0.000000 0
0  -2.676713 -2.981029 18.702389  0.701980 0.701981 0.120197  0.000000 0.000000 0
0  -2.191058 -2.495373 13.029676  0.701980 0.701981 0.120197  0.000000 0.000000 0
crystal_ball_glass
0  -2.779753 -2.431723 12.435316  -0.656186 0.754552 0.008422  0.000000 0.000000 0
0  -3.335160 -2.987132 18.922775  -0.656186 0.754552 0.008422  0.000000 0.000000 0
0  -2.981033 -2.676710 18.702389  -0.656186 0.754552 0.008422  0.000000 0.000000 0
crystal_ball_glass
0  -2.987132 -3.335159 18.922775  0.754557 -0.656180 0.008422  0.000000 0.000000 0
0  -2.431724 -2.779750 12.435314  0.754557 -0.656180 0.008422  0.000000 0.000000 0
0  -2.191058 -2.495373 13.029676  0.754557 -0.656180 0.008422  0.000000 0.000000 0
painted_wood_01
0  -3.335160 -2.987132 18.922775  0.369503 0.927245 -0.060697  0.298096 0.539551 0
0  -3.631074 -2.847467 19.219650  0.369503 0.927245 -0.060697  0.298096 0.539551 0
0  -3.477409 -2.693798 22.537962  0.369503 0.927245 -0.060697  0.298096 0.539551 0
gold_player
0  -2.431724 -2.779750 12.435314  0.701979 0.701982 0.120197  0.000000 0.000000 0
0  -2.779753 -2.431723 12.435316  0.701979 0.701982 0.120197  0.000000 0.000000 0
0  -3.335160 -2.987132 18.922775  0.701979 0.701982 0.120197  0.000000 0.000000 0
painted_wood_01
0  -3.834977 -3.051367 22.945499  0.443711 0.443713 0.778614  0.298096 0.539551 0
0  -3.051370 -3.834970 22.945499  0.443711 0.443713 0.778614  0.298096 0.539551 0
0  -2.693802 -3.477403 22.537962  0.443711 0.443713 0.778614  0.298096 0.539551 0
painted_wood_01
0  -2.830065 -3.178087 22.242926  0.658602 0.658607 0.363978  0.298096 0.539551 0
0  -3.178093 -2.830060 22.242926  0.658602 0.658607 0.363978  0.298096 0.539551 0
0  -3.477409 -2.693798 22.537962  0.658602 0.658607 0.363978  0.298096 0.539551 0
crystal_ball_glass
0  -3.178093 -2.830060 22.242926  0.289803 0.289807 0.912154  0.000000 0.000000 0
0  -2.830065 -3.178087 22.242926  0.289803 0.289807 0.912154  0.000000 0.000000 0
0  -2.517155 -2.821467 22.030205  0.289803 0.289807 0.912154  0.000000 0.000000 0
painted_wood_01
0  -3.200302 -3.983907 19.635355  0.707108 -0.707105 0.000001  0.298096 0.539551 0
0  -2.847467 -3.631071 19.219650  0.707108 -0.707105 0.000001  0.298096 0.539551 0
0  -2.693802 -3.477403 22.537962  0.707108 -0.707105 0.000001  0.298096 0.539551 0
crystal_ball_glass
0  -2.987132 -3.335159 18.922775  0.750652 -0.660684 -0.004313  0.000000 0.000000 0
0  -2.676713 -2.981029 18.702389  0.750652 -0.660684 -0.004313  0.000000 0.000000 0
0  -2.517155 -2.821467 22.030205  0.750652 -0.660684 -0.004313  0.000000 0.000000 0
crystal_ball_glass
0  -2.676713 -2.981029 18.702389  0.705486 0.705487 -0.067652  0.000000 0.000000 0
0  -2.981033 -2.676710 18.702389  0.705486 0.705487 -0.067652  0.000000 0.000000 0
0  -2.821475 -2.517148 22.030205  0.705486 0.705487 -0.067652  0.000000 0.000000 0
painted_wood_01
0  -2.847467 -3.631071 19.219650  0.927249 0.369493 -0.060700  0.298096 0.539551 0
0  -2.987132 -3.335159 18.922775  0.927249 0.369493 -0.060700  0.298096 0.539551 0
0  -2.830065 -3.178087 22.242926  0.927249 0.369493 -0.060700  0.298096 0.539551 0
crystal_ball_glass
0  -2.981033 -2.676710 18.702389  -0.660668 0.750666 -0.004258  0.000000 0.000000 0
0  -3.335160 -2.987132 18.922775  -0.660668 0.750666 -0.004258  0.000000 0.000000 0
0  -3.178093 -2.830060 22.242926  -0.660668 0.750666 -0.004258  0.000000 0.000000 0
painted_wood_01
0  -6.672784 -6.150411 6.028134  0.000000 0.000000 -0.251220  0.298096 0.539551 0
0  -6.672784 -6.150411 6.028134  -0.654405 0.713192 -0.251220  0.298096 0.539551 0
0  -4.557669 -4.209639 4.430507  0.590781 -0.643790 0.486326  0.298096 0.539551 0
painted_wood_01
0  -4.209641 -4.557665 4.430506  0.643847 -0.590719 0.486326  0.298096 0.539551 0
0  -6.150412 -6.672781 6.028132  0.000000 0.000000 -0.251220  0.298096 0.539551 0
0  -6.150412 -6.672781 6.028132  -0.713192 0.654405 -0.251220  0.298096 0.539551 0
painted_wood_01
0  -4.037978 -4.821580 4.468280  0.000000 0.000000 -0.059651  0.298096 0.539551 0
0  -4.037978 -4.821580 4.468280  -0.836779 -0.544282 -0.059651  0.298096 0.539551 0
0  -4.209641 -4.557665 4.430506  0.832280 0.541413 0.119089  0.298096 0.539551 0
painted_wood_01
0  -4.513397 -3.729790 14.505948  -0.722185 0.691567 -0.013574  0.298096 0.539551 0
0  -6.672784 -6.150411 6.028134  -0.722185 0.691567 -0.013574  0.298096 0.539551 0
0  -6.718204 -6.195065 6.208757  -0.722185 0.691567 -0.013574  0.298096 0.539551 0
painted_wood_01
0  -6.150412 -6.672781 6.028132  0.691842 -0.721919 -0.013712  0.298096 0.539551 0
0  -3.729789 -4.513393 14.505947  0.691842 -0.721919 -0.013712  0.298096 0.539551 0
0  -3.809359 -4.592963 14.646132  0.691842 -0.721919 -0.013712  0.298096 0.539551 0
painted_wood_01
0  -3.729789 -4.513393 14.505947  0.551430 0.551428 0.625980  0.298096 0.539551 0
0  -4.513397 -3.729790 14.505948  0.551430 0.551428 0.625980  0.298096 0.539551 0
0  -4.592967 -3.809360 14.646135  0.551430 0.551428 0.625980  0.298096 0.539551 0
crystal_ball_glass
0  -4.209641 -4.557665 4.430506  0.749119 -0.661624 -0.032780  0.000000 0.000000 0
0  -2.431724 -2.779750 12.435314  0.749120 -0.661623 -0.032780  0.000000 0.000000 0
0  -6.150412 -6.672781 6.028132  0.749121 -0.661622 -0.032778  0.000000 0.000000 0
crystal_ball_glass
0  -2.431724 -2.779750 12.435314  0.749119 -0.661624 -0.032777  0.000000 0.000000 0
0  -3.729789 -4.513393 14.505947  0.749120 -0.661623 -0.032775  0.000000 0.000000 0
0  -6.150412 -6.672781 6.028132  0.749119 -0.661624 -0.032777  0.000000 0.000000 0
gold_player
0  -2.431724 -2.779750 12.435314  -0.491251 -0.491253 -0.719265  0.000000 0.000000 0
0  -3.729789 -4.513393 14.505947  -0.491251 -0.491253 -0.719265  0.000000 0.000000 0
0  -4.513397 -3.729790 14.505948  -0.491251 -0.491253 -0.719265  0.000000 0.000000 0
gold_player
0  -6.150412 -6.672781 6.028132  0.344114 0.344112 0.873598  0.000000 0.000000 0
0  -4.209641 -4.557665 4.430506  0.344114 0.344112 0.873598  0.000000 0.000000 0
0  -4.557669 -4.209639 4.430507  0.344114 0.344112 0.873598  0.000000 0.000000 0
gold_player
0  -6.672784 -6.150411 6.028134  0.000000 0.000000 -0.000001  0.000000 0.000000 0
0  -6.672784 -6.150411 6.028134  0.707106 0.707108 -0.000001  0.000000 0.000000 0
0  -6.150412 -6.672781 6.028132  -0.707072 -0.707142 0.000003  0.000000 0.000000 0
gold_player
0  -3.729789 -4.513393 14.505947  0.237881 -0.266634 -0.933980  0.000000 0.000000 0
0  -6.150412 -6.672781 6.028132  0.000000 0.000000 0.566867  0.000000 0.000000 0
0  -6.150412 -6.672781 6.028132  -0.548404 0.614748 0.566867  0.000000 0.000000 0
gold_player
0  -4.513397 -3.729790 14.505948  0.660549 0.660554 -0.356853  0.000000 0.000000 0
0  -3.729789 -4.513393 14.505947  0.660549 0.660554 -0.356853  0.000000 0.000000 0
0  -6.672784 -6.150411 6.028134  0.660549 0.660554 -0.356853  0.000000 0.000000 0
gold_player
0  -3.729789 -4.513393 14.505947  0.660550 0.660553 -0.356853  0.000000 0.000000 0
0  -6.150412 -6.672781 6.028132  0.660550 0.660553 -0.356853  0.000000 0.000000 0
0  -6.672784 -6.150411 6.028134  0.660550 0.660553 -0.356853  0.000000 0.000000 0
crystal_ball_glass
0  -4.513397 -3.729790 14.505948  -0.661623 0.749120 -0.032776  0.000000 0.000000 0
0  -2.779753 -2.431723 12.435316  -0.661625 0.749118 -0.032778  0.000000 0.000000 0
0  -6.672784 -6.150411 6.028134  -0.661625 0.749119 -0.032778  0.000000 0.000000 0
crystal_ball_glass
0  -2.779753 -2.431723 12.435316  -0.661652 0.749096 -0.032748  0.000000 0.000000 0
0  -4.557669 -4.209639 4.430507  -0.661650 0.749097 -0.032746  0.000000 0.000000 0
0  -6.672784 -6.150411 6.028134  -0.661651 0.749096 -0.032747  0.000000 0.000000 0
black
0  -3.809359 -4.592963 14.646132  -0.057751 -0.057758 0.996659  0.000000 0.000000 0
0  -4.592967 -3.809360 14.646135  -0.057751 -0.057758 0.996659  0.000000 0.000000 0
0  -4.588055 -4.057975 14.632012  -0.057751 -0.057758 0.996659  0.000000 0.000000 0
black
0  -6.579035 -6.284646 6.508852  -0.945400 -0.165134 0.280978  0.000000 0.000000 0
0  -4.588055 -4.057975 14.632012  -0.945403 -0.165138 0.280966  0.000000 0.000000 0
0  -4.592967 -3.809360 14.646135  -0.945400 -0.165134 0.280980  0.000000 0.000000 0
black
0  -6.284647 -6.579034 6.508851  -0.704117 -0.699472 0.122300  0.000000 0.000000 0
0  -6.579035 -6.284646 6.508852  -0.704118 -0.699472 0.122300  0.000000 0.000000 0
0  -6.718204 -6.195065 6.208757  -0.704117 -0.699472 0.122300  0.000000 0.000000 0
black
0  -4.057974 -4.588053 14.632009  -0.171385 -0.943837 0.282489  0.000000 0.000000 0
0  -6.284647 -6.579034 6.508851  -0.171385 -0.943837 0.282486  0.000000 0.000000 0
0  -6.197910 -6.721047 6.207235  -0.171382 -0.943834 0.282500  0.000000 0.000000 0
black
0  -6.579035 -6.284646 6.508852  -0.663783 -0.663785 0.344646  0.000000 0.000000 0
0  -6.284647 -6.579034 6.508851  -0.663783 -0.663785 0.344646  0.000000 0.000000 0
0  -4.057974 -4.588053 14.632009  -0.663783 -0.663785 0.344646  0.000000 0.000000 0
black
0  -8.871435 -10.006626 -1.938043  0.682133 0.682139 -0.263403  0.000000 0.000000 0
0  -8.245354 -9.866996 0.044917  0.682133 0.682139 -0.263403  0.000000 0.000000 0
0  -7.837859 -10.122279 0.439100  0.682133 0.682139 -0.263403  0.000000 0.000000 0
black
0  -9.866996 -8.245355 0.044917  0.682139 0.682133 -0.263404  0.000000 0.000000 0
0  -10.006626 -8.871435 -1.938043  0.682139 0.682133 -0.263404  0.000000 0.000000 0
0  -10.317422 -8.712852 -2.332226  0.682139 0.682133 -0.263404  0.000000 0.000000 0
black
0  -8.245354 -9.866996 0.044917  0.682136 0.682136 -0.263403  0.000000 0.000000 0
0  -9.866996 -8.245355 0.044917  0.682136 0.682136 -0.263403  0.000000 0.000000 0
0  -10.122279 -7.837860 0.439100  0.682136 0.682136 -0.263403  0.000000 0.000000 0
black
0  -10.006626 -8.871435 -1.938043  0.682135 0.682136 -0.263403  0.000000 0.000000 0
0  -8.871435 -10.006626 -1.938043  0.682135 0.682136 -0.263403  0.000000 0.000000 0
0  -8.712851 -10.317423 -2.332226  0.682135 0.682136 -0.263403  0.000000 0.000000 0
painted_wood_01
0  -7.879970 -9.551697 0.485932  -0.384498 -0.384497 -0.839240  0.298096 0.539551 0
0  -7.031862 -8.703589 -0.291190  -0.384498 -0.384497 -0.839240  0.298096 0.539551 0
0  -6.683122 -8.734072 -0.437000  -0.384498 -0.384497 -0.839240  0.298096 0.539551 0
painted_wood_01
0  -7.031862 -8.703589 -0.291190  -0.384499 -0.384499 -0.839238  0.298096 0.539551 0
0  -8.703589 -7.031862 -0.291190  -0.384499 -0.384499 -0.839238  0.298096 0.539551 0
0  -8.734072 -6.683122 -0.437000  -0.384499 -0.384499 -0.839238  0.298096 0.539551 0
painted_wood_01
0  -9.551698 -7.879970 0.485932  -0.384498 -0.384498 -0.839239  0.298096 0.539551 0
0  -7.879970 -9.551697 0.485932  -0.384498 -0.384498 -0.839239  0.298096 0.539551 0
0  -7.849488 -9.900437 0.631742  -0.384498 -0.384498 -0.839239  0.298096 0.539551 0
painted_wood_01
0  -8.703589 -7.031862 -0.291190  -0.384499 -0.384496 -0.839240  0.298096 0.539551 0
0  -9.551698 -7.879970 0.485932  -0.384499 -0.384496 -0.839240  0.298096 0.539551 0
0  -9.900437 -7.849488 0.631742  -0.384499 -0.384496 -0.839240  0.298096 0.539551 0
c_invasion_wrangler_laser
0  -7.879970 -9.551697 0.485932  -0.477698 -0.477698 0.737299  0.000000 0.000000 0
0  -9.551698 -7.879970 0.485932  -0.477698 -0.477698 0.737299  0.000000 0.000000 0
0  -9.866996 -8.245355 0.044917  -0.477698 -0.477698 0.737299  0.000000 0.000000 0
c_invasion_wrangler_laser
0  -8.703589 -7.031862 -0.291190  0.606972 0.606972 -0.513001  0.000000 0.000000 0
0  -7.031862 -8.703589 -0.291190  0.606972 0.606972 -0.513001  0.000000 0.000000 0
0  -8.016291 -8.995618 -1.801467  0.606972 0.606972 -0.513001  0.000000 0.000000 0
c_invasion_wrangler_laser
0  -8.871435 -10.006626 -1.938043  0.072797 0.072797 -0.994686  0.000000 0.000000 0
0  -10.006626 -8.871435 -1.938043  0.072797 0.072797 -0.994686  0.000000 0.000000 0
0  -8.995619 -8.016291 -1.801467  0.072797 0.072797 -0.994686  0.000000 0.000000 0
c_invasion_wrangler_laser
0  -7.031862 -8.703589 -0.291190  0.693607 -0.689238 -0.209427  0.000000 0.000000 0
0  -7.879970 -9.551697 0.485932  0.693609 -0.689237 -0.209427  0.000000 0.000000 0
0  -8.245354 -9.866996 0.044917  0.693619 -0.689227 -0.209424  0.000000 0.000000 0
c_invasion_wrangler_laser
0  -8.245354 -9.866996 0.044917  0.693627 -0.689203 -0.209480  0.000000 0.000000 0
0  -8.871435 -10.006626 -1.938043  0.693627 -0.689203 -0.209479  0.000000 0.000000 0
0  -8.016291 -8.995618 -1.801467  0.693627 -0.689204 -0.209473  0.000000 0.000000 0
c_invasion_wrangler_laser
0  -8.703589 -7.031862 -0.291190  -0.689228 0.693603 -0.209473  0.000000 0.000000 0
0  -8.995619 -8.016291 -1.801467  -0.689221 0.693607 -0.209483  0.000000 0.000000 0
0  -9.866996 -8.245355 0.044917  -0.689222 0.693607 -0.209482  0.000000 0.000000 0
c_invasion_wrangler_laser
0  -8.995619 -8.016291 -1.801467  -0.689203 0.693628 -0.209476  0.000000 0.000000 0
0  -10.006626 -8.871435 -1.938043  -0.689201 0.693627 -0.209483  0.000000 0.000000 0
0  -9.866996 -8.245355 0.044917  -0.689203 0.693628 -0.209475  0.000000 0.000000 0
painted_wood_01
0  -6.146601 -4.285356 2.200109  0.120502 0.120505 -0.985372  0.298096 0.539551 0
0  -4.285355 -6.146595 2.200104  0.120502 0.120505 -0.985372  0.298096 0.539551 0
0  -5.826494 -7.586419 1.835556  0.120502 0.120505 -0.985372  0.298096 0.539551 0
painted_wood_01
0  9.000000 -1.000000 1.000000  0.000000 0.000000 1.000000  0.298096 0.539551 0
0  11.000000 -1.000000 1.000000  0.000000 0.000000 1.000000  0.298096 0.539551 0
0  11.000000 0.000000 1.000000  0.000000 0.000000 1.000000  0.298096 0.539551 0
painted_wood_01
0  2.000000 -9.000000 1.000000  -0.707107 0.707107 0.000000  0.298096 0.539551 0
0  9.000000 -2.000000 1.000000  -0.707107 0.707107 0.000000  0.298096 0.539551 0
0  9.000000 -2.000000 -1.000000  -0.707107 0.707107 0.000000  0.298096 0.539551 0
painted_wood_01
0  2.000000 -9.000000 1.000000  0.000000 1.000000 0.000000  0.298096 0.539551 0
0  2.000000 -9.000000 -1.000000  0.000000 1.000000 0.000000  0.298096 0.539551 0
0  1.000000 -9.000000 1.000000  0.000000 1.000000 0.000000  0.298096 0.539551 0
painted_wood_01
0  2.000000 -9.000000 -1.000000  0.000000 1.000000 0.000000  0.298096 0.539551 0
0  0.000000 -9.000000 -1.000000  0.000000 1.000000 0.000000  0.298096 0.539551 0
0  1.000000 -9.000000 1.000000  0.000000 1.000000 0.000000  0.298096 0.539551 0
painted_wood_01
0  0.000000 -11.000000 1.000000  0.000000 -1.000000 0.000000  0.298096 0.539551 0
0  0.000000 -11.000000 -1.000000  0.000000 -1.000000 0.000000  0.298096 0.539551 0
0  1.000000 -11.000000 1.000000  0.000000 -1.000000 0.000000  0.298096 0.539551 0
painted_wood_01
0  0.000000 -11.000000 -1.000000  0.000000 -1.000000 0.000000  0.298096 0.539551 0
0  2.000000 -11.000000 -1.000000  0.000000 -1.000000 0.000000  0.298096 0.539551 0
0  1.000000 -11.000000 1.000000  0.000000 -1.000000 0.000000  0.298096 0.539551 0
painted_wood_01
0  2.000000 -9.000000 -1.000000  0.000000 0.000000 -1.000000  0.298096 0.539551 0
0  2.000000 -11.000000 -1.000000  0.000000 0.000000 -1.000000  0.298096 0.539551 0
0  0.000000 -11.000000 -1.000000  0.000000 0.000000 -1.000000  0.298096 0.539551 0
painted_wood_01
0  1.000000 -9.000000 1.000000  0.000000 0.000000 1.000000  0.298096 0.539551 0
0  1.000000 -11.000000 1.000000  0.000000 0.000000 1.000000  0.298096 0.539551 0
0  2.000000 -11.000000 1.000000  0.000000 0.000000 1.000000  0.298096 0.539551 0
painted_wood_01
0  11.000000 -2.000000 1.000000  1.000000 0.000000 0.000000  0.298096 0.539551 0
0  11.000000 -2.000000 -1.000000  1.000000 0.000000 0.000000  0.298096 0.539551 0
0  11.000000 -1.000000 1.000000  1.000000 0.000000 0.000000  0.298096 0.539551 0
painted_wood_01
0  11.000000 -2.000000 -1.000000  1.000000 0.000000 0.000000  0.298096 0.539551 0
0  11.000000 0.000000 -1.000000  1.000000 0.000000 0.000000  0.298096 0.539551 0
0  11.000000 -1.000000 1.000000  1.000000 0.000000 0.000000  0.298096 0.539551 0
painted_wood_01
0  11.000000 0.000000 -1.000000  0.000000 1.000000 0.000000  0.298096 0.539551 0
0  9.000000 0.000000 -1.000000  0.000000 1.000000 0.000000  0.298096 0.539551 0
0  9.000000 0.000000 1.000000  0.000000 1.000000 0.000000  0.298096 0.539551 0
painted_wood_01
0  9.000000 0.000000 1.000000  -1.000000 0.000000 0.000000  0.298096 0.539551 0
0  9.000000 0.000000 -1.000000  -1.000000 0.000000 0.000000  0.298096 0.539551 0
0  9.000000 -1.000000 1.000000  -1.000000 0.000000 0.000000  0.298096 0.539551 0
painted_wood_01
0  9.000000 0.000000 -1.000000  -1.000000 0.000000 0.000000  0.298096 0.539551 0
0  9.000000 -2.000000 -1.000000  -1.000000 0.000000 0.000000  0.298096 0.539551 0
0  9.000000 -1.000000 1.000000  -1.000000 0.000000 0.000000  0.298096 0.539551 0
gold_player
0  2.250000 -9.103554 -1.250000  -0.000000 0.000000 -1.000000  0.288257 -0.466981 0
0  9.103554 -2.250000 -1.250000  -0.000000 0.000000 -1.000000  0.130286 0.872311 0
0  10.396446 -2.250000 -1.250000  -0.000000 0.000000 -1.000000  -0.831273 0.897801 0
painted_wood_01
0  11.000000 0.000000 -1.000000  0.000000 0.000000 -1.000000  0.298096 0.539551 0
0  11.000000 -2.000000 -1.000000  0.000000 0.000000 -1.000000  0.298096 0.539551 0
0  9.000000 -2.000000 -1.000000  0.000000 0.000000 -1.000000  0.298096 0.539551 0
painted_wood_01
0  11.000000 -1.000000 1.000000  0.000000 0.000000 1.000000  0.298096 0.539551 0
0  9.000000 -1.000000 1.000000  0.000000 0.000000 1.000000  0.298096 0.539551 0
0  9.000000 -2.000000 1.000000  0.000000 0.000000 1.000000  0.298096 0.539551 0
painted_wood_01
0  1.000000 -11.000000 1.000000  0.000000 0.000000 1.000000  0.298096 0.539551 0
0  1.000000 -9.000000 1.000000  0.000000 0.000000 1.000000  0.298096 0.539551 0
0  0.000000 -9.000000 1.000000  0.000000 0.000000 1.000000  0.298096 0.539551 0
painted_wood_01
0  9.103554 -2.250000 1.250000  -0.500000 0.500000 0.707107  0.298096 0.539551 0
0  9.000000 -2.000000 1.000000  -0.500000 0.500000 0.707107  0.298096 0.539551 0
0  2.000000 -9.000000 1.000000  -0.500000 0.500000 0.707107  0.298096 0.539551 0
painted_wood_01
0  2.250000 -10.396447 -1.250000  -0.707107 0.000000 -0.707107  0.298096 0.539551 0
0  2.000000 -11.000000 -1.000000  -0.707107 0.000000 -0.707107  0.298096 0.539551 0
0  2.000000 -9.000000 -1.000000  -0.707107 0.000000 -0.707107  0.298096 0.539551 0
painted_wood_01
0  2.250000 -9.103554 -1.250000  -0.500000 0.500000 -0.707107  0.298096 0.539551 0
0  2.000000 -9.000000 -1.000000  -0.500000 0.500000 -0.707107  0.298096 0.539551 0
0  9.000000 -2.000000 -1.000000  -0.500000 0.500000 -0.707107  0.298096 0.539551 0
painted_wood_01
0  10.396446 -2.250000 -1.250000  0.500000 -0.500000 -0.707107  0.298096 0.539551 0
0  11.000000 -2.000000 -1.000000  0.500000 -0.500000 -0.707107  0.298096 0.539551 0
0  2.000000 -11.000000 -1.000000  0.500000 -0.500000 -0.707107  0.298096 0.539551 0
painted_wood_01
0  9.103554 -2.250000 -1.250000  0.000000 0.707107 -0.707107  0.298096 0.539551 0
0  9.000000 -2.000000 -1.000000  0.000000 0.707107 -0.707107  0.298096 0.539551 0
0  11.000000 -2.000000 -1.000000  0.000000 0.707107 -0.707107  0.298096 0.539551 0
black
0  2.000000 -11.000000 -1.000000  0.000000 0.000000 1.000000  0.375000 1.125000 0
0  11.000000 -2.000000 -1.000000  0.000000 0.000000 1.000000  0.375000 -0.125000 0
0  11.000000 -2.000000 -1.000000  0.000000 0.000000 1.000000  0.375000 -0.125000 0
painted_wood_01
0  2.250000 -9.103554 1.250000  -0.571615 -0.032722 0.819869  0.298096 0.539551 0
0  2.000000 -9.000000 1.000000  -0.571615 -0.032724 0.819869  0.298096 0.539551 0
0  2.000000 -11.000000 1.000000  -0.571614 -0.032718 0.819870  0.298096 0.539551 0
black
0  11.000000 -2.000000 1.000000  -0.954520 0.298148 0.000000  0.625000 -0.125000 0
0  11.000000 -2.000000 -1.000000  -0.954520 0.298148 0.000000  0.375000 -0.125000 0
0  10.810495 -2.606698 -0.437000  -0.954520 0.298148 0.000000  0.000000 0.000000 0
black
0  2.606698 -10.810495 0.437000  0.707107 -0.707107 0.000000  0.000000 0.000000 0
0  2.606698 -10.810495 -0.437000  0.707107 -0.707107 0.000000  0.000000 0.000000 0
0  4.657647 -8.759546 0.000000  0.707107 -0.707107 0.000000  0.000000 0.000000 0
black
0  2.606698 -10.810495 -0.437000  0.707107 -0.707107 0.000000  0.000000 0.000000 0
0  4.657647 -8.759546 -0.437000  0.707107 -0.707107 0.000000  0.000000 0.000000 0
0  4.657647 -8.759546 0.000000  0.707107 -0.707107 0.000000  0.000000 0.000000 0
painted_wood_01
0  9.567706 -7.516756 1.368258  0.595875 -0.595875 0.538392  0.298096 0.539551 0
0  7.516756 -9.567706 1.368258  0.595875 -0.595875 0.538392  0.298096 0.539551 0
0  7.849488 -9.900437 0.631742  0.595875 -0.595875 0.538392  0.298096 0.539551 0
painted_wood_01
0  11.000000 -2.000000 1.000000  0.032711 0.571613 0.819871  0.298096 0.539551 0
0  9.000000 -2.000000 1.000000  0.032718 0.571614 0.819870  0.298096 0.539551 0
0  9.103554 -2.250000 1.250000  0.032714 0.571614 0.819870  0.298096 0.539551 0
black
0  10.810495 -2.606698 -0.437000  0.626334 -0.626334 -0.464124  0.000000 0.000000 0
0  8.759546 -4.657647 -0.437000  0.626334 -0.626334 -0.464124  0.000000 0.000000 0
0  11.000000 -2.000000 -1.000000  0.626334 -0.626334 -0.464124  0.000000 0.000000 0
painted_wood_01
0  2.000000 -11.000000 1.000000  0.000000 0.000000 -0.354547  0.298096 0.539551 0
0  2.000000 -11.000000 1.000000  -0.278780 0.892512 -0.354547  0.298096 0.539551 0
0  2.606698 -10.810495 0.437000  0.223226 -0.714536 0.663030  0.298096 0.539551 0
black
0  2.000000 -11.000000 1.000000  0.298148 -0.954520 0.000000  0.000000 0.000000 0
0  2.000000 -11.000000 -1.000000  0.298148 -0.954520 0.000000  0.000000 0.000000 0
0  2.606698 -10.810495 -0.437000  0.298148 -0.954520 0.000000  0.000000 0.000000 0
black
0  4.657647 -8.759546 -0.437000  0.626334 -0.626334 -0.464125  0.000000 0.000000 0
0  2.606698 -10.810495 -0.437000  0.626334 -0.626334 -0.464125  0.000000 0.000000 0
0  2.000000 -11.000000 -1.000000  0.626334 -0.626334 -0.464125  0.000000 0.000000 0
gold_player
0  8.734072 -6.683122 -0.437000  0.707107 0.707106 0.000000  0.000000 0.000000 0
0  8.734072 -6.683122 0.437000  0.707107 0.707106 0.000000  0.000000 0.000000 0
0  9.567706 -7.516756 1.368258  0.707107 0.707106 0.000000  0.000000 0.000000 0
painted_wood_01
0  4.657647 -8.759546 0.000000  0.012576 -0.999921 0.000000  0.298096 0.539551 0
0  4.657647 -8.759546 -0.437000  0.012576 -0.999921 0.000000  0.298096 0.539551 0
0  6.683122 -8.734072 -0.437000  0.012576 -0.999921 0.000000  0.298096 0.539551 0
painted_wood_01
0  6.683122 -8.734072 -0.437000  0.012576 -0.999921 0.000000  0.298096 0.539551 0
0  6.683122 -8.734072 0.437000  0.012576 -0.999921 0.000000  0.298096 0.539551 0
0  4.657647 -8.759546 0.000000  0.012576 -0.999921 0.000000  0.298096 0.539551 0
black
0  8.759546 -4.657647 -0.437000  0.707107 -0.707107 0.000000  0.000000 0.000000 0
0  10.810495 -2.606698 -0.437000  0.707107 -0.707107 0.000000  0.000000 0.000000 0
0  10.810495 -2.606698 0.437000  0.707107 -0.707107 0.000000  0.000000 0.000000 0
gold_player
0  6.683122 -8.734072 -0.437000  -0.707106 -0.707107 0.000001  0.000000 0.000000 0
0  7.849488 -9.900437 0.631742  -0.707106 -0.707107 0.000001  0.000000 0.000000 0
0  7.516756 -9.567706 1.368258  -0.707106 -0.707107 0.000001  0.000000 0.000000 0
painted_wood_01
0  8.734072 -6.683122 0.437000  0.999921 -0.012576 0.000000  0.298096 0.539551 0
0  8.734072 -6.683122 -0.437000  0.999921 -0.012576 0.000000  0.298096 0.539551 0
0  8.759546 -4.657647 -0.437000  0.999921 -0.012576 0.000000  0.298096 0.539551 0
black
0  4.657647 -8.759546 -0.437000  0.357945 -0.357928 -0.862417  0.000000 0.000000 0
0  2.000000 -11.000000 -1.000000  0.357972 -0.357902 -0.862417  0.000000 0.000000 0
0  8.759546 -4.657647 -0.437000  0.357940 -0.357933 -0.862417  0.000000 0.000000 0
black
0  2.000000 -11.000000 -1.000000  0.357937 -0.357935 -0.862417  0.000000 0.000000 0
0  11.000000 -2.000000 -1.000000  0.357965 -0.357906 -0.862417  0.000000 0.000000 0
0  8.759546 -4.657647 -0.437000  0.357954 -0.357918 -0.862417  0.000000 0.000000 0
black
0  8.759546 -4.657647 -0.437000  0.357964 -0.357971 -0.862391  0.000000 0.000000 0
0  8.734072 -6.683122 -0.437000  0.357977 -0.357957 -0.862391  0.000000 0.000000 0
0  6.683122 -8.734072 -0.437000  0.357983 -0.357951 -0.862391  0.000000 0.000000 0
painted_wood_01
0  8.734072 -6.683122 0.437000  -0.707107 0.707107 0.000000  0.298096 0.539551 0
0  8.734072 -6.683122 -0.437000  -0.707107 0.707107 0.000000  0.298096 0.539551 0
0  6.683122 -8.734072 -0.437000  -0.707107 0.707107 0.000000  0.298096 0.539551 0
black
0  11.000000 -2.000000 -1.000000  0.954520 -0.298148 0.000000  0.000000 0.000000 0
0  11.000000 -2.000000 1.000000  0.954520 -0.298148 0.000000  0.000000 0.000000 0
0  10.810495 -2.606698 0.437000  0.954520 -0.298148 0.000000  0.000000 0.000000 0
painted_wood_01
0  10.596446 -2.450000 1.250000  0.786942 -0.533493 0.310013  0.298096 0.539551 0
0  10.810495 -2.606698 0.437000  0.786942 -0.533493 0.310013  0.298096 0.539551 0
0  11.000000 -2.000000 1.000000  0.786942 -0.533493 0.310013  0.298096 0.539551 0
painted_wood_01
0  10.810495 -2.606698 0.437000  0.758751 -0.649500 0.049471  0.298096 0.539551 0
0  10.596446 -2.450000 1.250000  0.758750 -0.649500 0.049471  0.298096 0.539551 0
0  7.934072 -5.883121 1.537000  0.758757 -0.649493 0.049469  0.298096 0.539551 0
gold_player
0  9.103554 -2.250000 1.250000  -0.000000 0.000000 1.000000  1.887944 0.906250 0
0  2.250000 -9.103554 1.250000  -0.000000 0.000000 1.000000  1.031250 1.762944 0
0  2.450000 -10.596446 1.250000  -0.000000 0.000000 1.000000  -0.340223 -0.524255 0
painted_wood_01
0  2.450000 -10.596446 1.250000  0.649544 -0.758714 0.049454  0.298096 0.539551 0
0  2.606698 -10.810495 0.437000  0.649516 -0.758737 0.049465  0.298096 0.539551 0
0  4.657647 -8.759546 0.437000  0.649536 -0.758721 0.049457  0.298096 0.539551 0
painted_wood_01
0  7.934072 -5.883121 1.537000  -0.329474 0.329474 0.884813  0.298096 0.539551 0
0  10.596446 -2.450000 1.250000  -0.329474 0.329474 0.884813  0.298096 0.539551 0
0  2.450000 -10.596446 1.250000  -0.329474 0.329474 0.884813  0.298096 0.539551 0
painted_wood_01
0  8.703589 -7.031862 -0.291190  0.384498 -0.384498 -0.839239  0.298096 0.539551 0
0  9.551698 -7.879970 0.485932  0.384498 -0.384498 -0.839239  0.298096 0.539551 0
0  7.879970 -9.551697 0.485932  0.384498 -0.384498 -0.839239  0.298096 0.539551 0
gold_player
0  2.000000 -11.000000 -1.000000  0.000000 0.000000 -0.000000  0.375000 1.125000 0
0  2.000000 -11.000000 -1.000000  -0.707107 0.707107 -0.000000  0.375000 1.125000 0
0  11.000000 -2.000000 -1.000000  0.707141 -0.707073 -0.000000  0.000000 0.000000 0
gold_player
0  2.000000 -11.000000 -1.000000  0.707107 -0.707107 0.000000  0.375000 1.125000 0
0  11.000000 -2.000000 -1.000000  0.707107 -0.707107 0.000000  0.000000 0.000000 0
0  11.000000 -2.000000 1.000000  0.707107 -0.707107 0.000000  0.000000 0.000000 0
gold_player
0  2.000000 -11.000000 1.000000  0.000000 0.000000 0.000000  0.000000 0.000000 0
0  2.000000 -11.000000 1.000000  0.000000 0.000000 0.000000  0.625000 1.125000 0
0  2.000000 -11.000000 -1.000000  0.000000 0.000000 0.000000  0.375000 1.125000 0
black
0  9.866996 -8.245355 0.044917  -0.682135 0.682136 -0.263403  0.000000 0.000000 0
0  10.006626 -8.871435 -1.938043  -0.682135 0.682136 -0.263403  0.000000 0.000000 0
0  8.871435 -10.006626 -1.938043  -0.682135 0.682136 -0.263403  0.000000 0.000000 0
c_invasion_wrangler_laser
0  9.108167 -7.843901 1.814342  0.602227 0.776673 0.184668  0.000000 0.000000 0
0  8.421432 -7.391927 2.370491  0.602227 0.776673 0.184668  0.000000 0.000000 0
0  7.579334 -7.428634 5.053491  0.602225 0.776673 0.184671  0.000000 0.000000 0
painted_wood_01
0  10.311981 -9.076738 -2.280855  -0.240727 0.240728 -0.940266  0.298096 0.539551 0
0  10.769707 -9.534464 -2.515230  -0.240727 0.240728 -0.940266  0.298096 0.539551 0
0  9.534464 -10.769707 -2.515230  -0.240727 0.240728 -0.940266  0.298096 0.539551 0
painted_wood_01
0  7.500491 -8.213733 5.985076  0.514837 -0.514837 0.685482  0.298096 0.539551 0
0  7.861779 -8.575021 5.442380  0.514837 -0.514837 0.685482  0.298096 0.539551 0
0  8.575023 -7.861777 5.442380  0.514837 -0.514837 0.685482  0.298096 0.539551 0
gold_player
0  8.753550 -9.620193 1.795608  -0.601388 -0.779815 0.173844  0.000000 0.000000 0
0  9.206296 -9.880781 2.192893  -0.601388 -0.779815 0.173844  0.000000 0.000000 0
0  8.758602 -8.961437 4.768085  -0.601388 -0.779815 0.173844  0.000000 0.000000 0
painted_wood_01
0  9.679433 -10.557434 -0.093381  0.681796 -0.681796 0.265156  0.298096 0.539551 0
0  9.802840 -10.680841 -0.728016  0.681796 -0.681796 0.265156  0.298096 0.539551 0
0  10.680840 -9.802841 -0.728016  0.681796 -0.681796 0.265156  0.298096 0.539551 0
painted_wood_01
0  10.769707 -9.534464 -2.515230  0.705332 -0.705329 -0.070844  0.298096 0.539551 0
0  10.680840 -9.802841 -0.728016  0.705332 -0.705329 -0.070844  0.298096 0.539551 0
0  9.802840 -10.680841 -0.728016  0.705332 -0.705329 -0.070844  0.298096 0.539551 0
gold_player
0  8.178309 -8.438931 5.104466  0.280078 -0.280075 0.918213  0.000000 0.000000 0
0  8.758602 -8.961437 4.768085  0.280078 -0.280075 0.918213  0.000000 0.000000 0
0  8.961439 -8.758601 4.768085  0.280078 -0.280075 0.918213  0.000000 0.000000 0
painted_wood_01
0  8.438933 -8.178308 5.104466  0.661520 -0.661522 0.353243  0.298096 0.539551 0
0  8.575023 -7.861777 5.442380  0.661520 -0.661522 0.353243  0.298096 0.539551 0
0  7.861779 -8.575021 5.442380  0.661520 -0.661522 0.353243  0.298096 0.539551 0
painted_wood_01
0  9.752638 -10.193002 0.203365  0.580932 -0.580930 0.570121  0.298096 0.539551 0
0  9.679433 -10.557434 -0.093381  0.580932 -0.580930 0.570121  0.298096 0.539551 0
0  10.557433 -9.679434 -0.093381  0.580932 -0.580930 0.570121  0.298096 0.539551 0
painted_wood_01
0  10.193001 -9.752639 0.203365  0.575202 -0.584755 0.572018  0.298096 0.539551 0
0  10.557433 -9.679434 -0.093381  0.575202 -0.584755 0.572019  0.298096 0.539551 0
0  9.883766 -8.501668 1.793140  0.575202 -0.584755 0.572018  0.298096 0.539551 0
painted_wood_01
0  8.178309 -8.438931 5.104466  0.668347 -0.655644 0.351344  0.298096 0.539551 0
0  7.861779 -8.575021 5.442380  0.668347 -0.655645 0.351344  0.298096 0.539551 0
0  8.501670 -9.883765 1.793140  0.668347 -0.655645 0.351344  0.298096 0.539551 0
painted_wood_01
0  8.753550 -9.620193 1.795608  0.584737 -0.575227 0.572011  0.298096 0.539551 0
0  8.501670 -9.883765 1.793140  0.584737 -0.575227 0.572011  0.298096 0.539551 0
0  9.679433 -10.557434 -0.093381  0.584737 -0.575227 0.572011  0.298096 0.539551 0
painted_wood_01
0  9.620194 -8.753548 1.795608  0.655637 -0.668355 0.351343  0.298096 0.539551 0
0  9.883766 -8.501668 1.793140  0.655637 -0.668355 0.351343  0.298096 0.539551 0
0  8.575023 -7.861777 5.442380  0.655637 -0.668355 0.351343  0.298096 0.539551 0
gold_player
0  10.326581 -9.983860 0.953694  0.579810 -0.579808 0.572401  0.000000 0.000000 0
0  9.880782 -9.206294 2.192893  0.579810 -0.579808 0.572401  0.000000 0.000000 0
0  9.206296 -9.880781 2.192893  0.579810 -0.579808 0.572401  0.000000 0.000000 0
gold_player
0  8.961439 -8.758601 4.768085  0.662000 -0.662011 0.351423  0.000000 0.000000 0
0  8.758602 -8.961437 4.768085  0.662000 -0.662011 0.351423  0.000000 0.000000 0
0  9.206296 -9.880781 2.192893  0.662000 -0.662011 0.351423  0.000000 0.000000 0
gold_player
0  8.438933 -8.178308 5.104466  0.779816 0.601386 0.173844  0.000000 0.000000 0
0  8.961439 -8.758601 4.768085  0.779816 0.601386 0.173844  0.000000 0.000000 0
0  9.880782 -9.206294 2.192893  0.779816 0.601386 0.173844  0.000000 0.000000 0
gold_player
0  10.193001 -9.752639 0.203365  0.668696 -0.668692 -0.325112  0.000000 0.000000 0
0  10.326581 -9.983860 0.953694  0.668696 -0.668692 -0.325112  0.000000 0.000000 0
0  9.983859 -10.326582 0.953694  0.668696 -0.668692 -0.325112  0.000000 0.000000 0
gold_player
0  9.620194 -8.753548 1.795608  0.866991 0.498324 -0.000787  0.000000 0.000000 0
0  9.880782 -9.206294 2.192893  0.866991 0.498324 -0.000787  0.000000 0.000000 0
0  10.326581 -9.983860 0.953694  0.866991 0.498324 -0.000787  0.000000 0.000000 0
gold_player
0  9.752638 -10.193002 0.203365  -0.498326 -0.866989 -0.000785  0.000000 0.000000 0
0  9.983859 -10.326582 0.953694  -0.498326 -0.866989 -0.000785  0.000000 0.000000 0
0  9.206296 -9.880781 2.192893  -0.498326 -0.866989 -0.000785  0.000000 0.000000 0
black
0  10.769707 -9.534464 -2.515230  0.777459 0.620064 0.105254  0.000000 0.000000 0
0  10.311981 -9.076738 -2.280855  0.777458 0.620063 0.105262  0.000000 0.000000 0
0  10.557433 -9.679434 -0.093381  0.777458 0.620063 0.105262  0.000000 0.000000 0
black
0  9.076738 -10.311981 -2.280855  -0.620060 -0.777460 0.105267  0.000000 0.000000 0
0  9.534464 -10.769707 -2.515230  -0.620062 -0.777459 0.105263  0.000000 0.000000 0
0  9.802840 -10.680841 -0.728016  -0.620063 -0.777459 0.105261  0.000000 0.000000 0
black
0  7.837859 -10.122279 0.439100  -0.303766 -0.951527 0.048196  0.000000 0.000000 0
0  8.712851 -10.317423 -2.332226  -0.303774 -0.951524 0.048199  0.000000 0.000000 0
0  9.293817 -10.617064 -0.152770  -0.303774 -0.951524 0.048199  0.000000 0.000000 0
black
0  10.317422 -8.712852 -2.332226  0.951537 0.303730 0.048215  0.000000 0.000000 0
0  10.122279 -7.837860 0.439100  0.951537 0.303731 0.048220  0.000000 0.000000 0
0  10.024017 -8.377056 1.343372  0.951536 0.303731 0.048224  0.000000 0.000000 0
painted_wood_01
0  7.837859 -10.122279 0.439100  -0.559827 0.559827 -0.610891  0.298096 0.539551 0
0  7.849488 -9.900437 0.631742  -0.559827 0.559827 -0.610891  0.298096 0.539551 0
0  9.900437 -7.849488 0.631742  -0.559827 0.559827 -0.610891  0.298096 0.539551 0
painted_wood_01
0  10.317422 -8.712852 -2.332226  0.140460 -0.140460 -0.980072  0.298096 0.539551 0
0  10.311981 -9.076738 -2.280855  0.140460 -0.140460 -0.980072  0.298096 0.539551 0
0  9.076738 -10.311981 -2.280855  0.140460 -0.140460 -0.980072  0.298096 0.539551 0
painted_wood_01
0  10.024017 -8.377056 1.343372  0.934303 -0.010433 0.356327  0.298096 0.539551 0
0  9.883766 -8.501668 1.793140  0.934302 -0.010429 0.356331  0.298096 0.539551 0
0  10.557433 -9.679434 -0.093381  0.934301 -0.010427 0.356333  0.298096 0.539551 0
painted_wood_01
0  9.293817 -10.617064 -0.152770  0.010427 -0.934302 0.356330  0.298096 0.539551 0
0  9.679433 -10.557434 -0.093381  0.010430 -0.934304 0.356324  0.298096 0.539551 0
0  8.501670 -9.883765 1.793140  0.010429 -0.934303 0.356326  0.298096 0.539551 0
painted_wood_01
0  10.122279 -7.837860 0.439100  0.521363 0.726330 0.447912  0.298096 0.539551 0
0  9.900437 -7.849488 0.631742  0.521365 0.726333 0.447906  0.298096 0.539551 0
0  9.883766 -8.501668 1.793140  0.521365 0.726338 0.447896  0.298096 0.539551 0
painted_wood_01
0  8.377058 -10.024016 1.343372  -0.726304 -0.521407 0.447903  0.298096 0.539551 0
0  8.501670 -9.883765 1.793140  -0.726305 -0.521407 0.447901  0.298096 0.539551 0
0  7.849488 -9.900437 0.631742  -0.726309 -0.521406 0.447896  0.298096 0.539551 0
painted_wood_01
0  10.617062 -9.293818 -0.152770  0.982512 -0.107763 -0.151844  0.298096 0.539551 0
0  10.557433 -9.679434 -0.093381  0.982512 -0.107763 -0.151845  0.298096 0.539551 0
0  10.311981 -9.076738 -2.280855  0.982512 -0.107762 -0.151850  0.298096 0.539551 0
painted_wood_01
0  8.712851 -10.317423 -2.332226  0.107717 -0.982519 -0.151831  0.298096 0.539551 0
0  9.076738 -10.311981 -2.280855  0.107716 -0.982519 -0.151834  0.298096 0.539551 0
0  9.679433 -10.557434 -0.093381  0.107717 -0.982520 -0.151830  0.298096 0.539551 0
painted_wood_01
0  9.108167 -7.843901 1.814342  -0.692032 0.692032 -0.205389  0.298096 0.539551 0
0  9.567706 -7.516756 1.368258  -0.692032 0.692032 -0.205389  0.298096 0.539551 0
0  7.516756 -9.567706 1.368258  -0.692032 0.692032 -0.205389  0.298096 0.539551 0
painted_wood_01
0  7.830779 -8.015840 5.538991  -0.692031 0.692031 -0.205390  0.298096 0.539551 0
0  7.500491 -8.213733 5.985076  -0.692031 0.692031 -0.205390  0.298096 0.539551 0
0  8.213735 -7.500489 5.985076  -0.692031 0.692031 -0.205390  0.298096 0.539551 0
painted_wood_01
0  8.015841 -7.830777 5.538991  -0.692031 0.692032 -0.205389  0.298096 0.539551 0
0  8.213735 -7.500489 5.985076  -0.692031 0.692032 -0.205389  0.298096 0.539551 0
0  9.567706 -7.516756 1.368258  -0.692031 0.692032 -0.205389  0.298096 0.539551 0
painted_wood_01
0  7.843901 -9.108167 1.814342  -0.692033 0.692030 -0.205390  0.298096 0.539551 0
0  7.516756 -9.567706 1.368258  -0.692033 0.692030 -0.205390  0.298096 0.539551 0
0  7.500491 -8.213733 5.985076  -0.692033 0.692030 -0.205390  0.298096 0.539551 0
c_invasion_wrangler_laser
0  7.843901 -9.108167 1.814342  -0.401862 0.401862 -0.822808  0.000000 0.000000 0
0  7.391928 -8.421432 2.370491  -0.401862 0.401862 -0.822808  0.000000 0.000000 0
0  8.421432 -7.391927 2.370491  -0.401862 0.401862 -0.822808  0.000000 0.000000 0
c_invasion_wrangler_laser
0  7.830779 -8.015840 5.538991  -0.776691 -0.602207 0.184658  0.000000 0.000000 0
0  7.428636 -7.579332 5.053490  -0.776690 -0.602206 0.184662  0.000000 0.000000 0
0  7.391928 -8.421432 2.370491  -0.776690 -0.602206 0.184664  0.000000 0.000000 0
c_invasion_wrangler_laser
0  8.015841 -7.830777 5.538991  -0.447933 0.447936 0.773763  0.000000 0.000000 0
0  7.579334 -7.428634 5.053491  -0.447933 0.447936 0.773763  0.000000 0.000000 0
0  7.428636 -7.579332 5.053490  -0.447933 0.447936 0.773763  0.000000 0.000000 0
gold_player
0  7.843901 -9.108167 1.814342  -0.692029 0.692034 -0.205390  0.000000 0.000000 0
0  7.830779 -8.015840 5.538991  -0.692029 0.692034 -0.205390  0.000000 0.000000 0
0  8.015841 -7.830777 5.538991  -0.692029 0.692034 -0.205390  0.000000 0.000000 0
black
0  6.486232 -7.834656 1.414123  0.553949 -0.553949 0.621515  0.000000 0.000000 0
0  6.683122 -8.734072 0.437000  0.553949 -0.553949 0.621515  0.000000 0.000000 0
0  8.734072 -6.683122 0.437000  0.553949 -0.553949 0.621515  0.000000 0.000000 0
black
0  7.592378 -8.940802 1.283751  -0.517293 0.517293 0.681774  0.000000 0.000000 0
0  8.940802 -7.592378 1.283751  -0.517293 0.517293 0.681774  0.000000 0.000000 0
0  8.734072 -6.683122 0.437000  -0.517293 0.517293 0.681774  0.000000 0.000000 0
painted_wood_01
0  7.592378 -8.940802 1.283751  -0.149812 0.149812 0.977299  0.298096 0.539551 0
0  7.516756 -9.567706 1.368258  -0.149812 0.149812 0.977299  0.298096 0.539551 0
0  9.567706 -7.516756 1.368258  -0.149812 0.149812 0.977299  0.298096 0.539551 0
painted_wood_01
0  7.834656 -6.486232 1.414123  0.230612 -0.230612 0.945323  0.298096 0.539551 0
0  7.934072 -5.883121 1.537000  0.230612 -0.230612 0.945323  0.298096 0.539551 0
0  5.883122 -7.934072 1.537000  0.230612 -0.230612 0.945323  0.298096 0.539551 0
c_invasion_wrangler_laser
0  7.428636 -7.579332 5.053490  -0.721720 -0.657537 0.216253  0.000000 0.000000 0
0  7.097601 -7.248298 4.955242  -0.721720 -0.657537 0.216253  0.000000 0.000000 0
0  7.060894 -8.090397 2.272242  -0.721720 -0.657537 0.216253  0.000000 0.000000 0
c_invasion_wrangler_laser
0  7.391928 -8.421432 2.370491  0.145233 -0.145232 -0.978680  0.000000 0.000000 0
0  7.060894 -8.090397 2.272242  0.145233 -0.145232 -0.978680  0.000000 0.000000 0
0  8.090397 -7.060893 2.272242  0.145233 -0.145232 -0.978680  0.000000 0.000000 0
c_invasion_wrangler_laser
0  8.421432 -7.391927 2.370491  0.657538 0.721719 0.216252  0.000000 0.000000 0
0  8.090397 -7.060893 2.272242  0.657538 0.721719 0.216252  0.000000 0.000000 0
0  7.248300 -7.097600 4.955242  0.657538 0.721719 0.216252  0.000000 0.000000 0
c_invasion_wrangler_laser
0  7.579334 -7.428634 5.053491  -0.145234 0.145231 0.978680  0.000000 0.000000 0
0  7.248300 -7.097600 4.955242  -0.145234 0.145231 0.978680  0.000000 0.000000 0
0  7.097601 -7.248298 4.955242  -0.145234 0.145231 0.978680  0.000000 0.000000 0
painted_wood_01
0  6.565249 -6.983750 5.073124  0.622861 -0.622864 0.473376  0.298096 0.539551 0
0  6.983752 -6.565248 5.073126  0.622861 -0.622864 0.473376  0.298096 0.539551 0
0  6.672784 -6.150411 6.028134  0.622861 -0.622864 0.473376  0.298096 0.539551 0
c_invasion_wrangler_laser
0  8.090397 -7.060893 2.272242  0.874639 0.399283 0.274919  0.000000 0.000000 0
0  7.932292 -6.522313 1.943608  0.874639 0.399283 0.274918  0.000000 0.000000 0
0  6.983752 -6.565248 5.073126  0.874639 0.399283 0.274918  0.000000 0.000000 0
c_invasion_wrangler_laser
0  7.248300 -7.097600 4.955242  0.144790 -0.144794 0.978811  0.000000 0.000000 0
0  6.983752 -6.565248 5.073126  0.144790 -0.144794 0.978811  0.000000 0.000000 0
0  6.565249 -6.983750 5.073124  0.144790 -0.144794 0.978811  0.000000 0.000000 0
c_invasion_wrangler_laser
0  7.060894 -8.090397 2.272242  0.392410 -0.392409 -0.831883  0.000000 0.000000 0
0  6.522313 -7.932292 1.943607  0.392410 -0.392409 -0.831883  0.000000 0.000000 0
0  7.932292 -6.522313 1.943608  0.392410 -0.392409 -0.831883  0.000000 0.000000 0
c_invasion_wrangler_laser
0  7.097601 -7.248298 4.955242  -0.399282 -0.874639 0.274918  0.000000 0.000000 0
0  6.565249 -6.983750 5.073124  -0.399282 -0.874640 0.274917  0.000000 0.000000 0
0  6.522313 -7.932292 1.943607  -0.399282 -0.874639 0.274919  0.000000 0.000000 0
crystal_ball_glass
0  2.431724 -2.779750 12.435314  -0.599718 0.599727 -0.529778  0.000000 0.000000 0
0  2.191058 -2.495373 13.029676  -0.599718 0.599727 -0.529778  0.000000 0.000000 0
0  2.495378 -2.191055 13.029678  -0.599718 0.599727 -0.529778  0.000000 0.000000 0
painted_wood_01
0  7.932292 -6.522313 1.943608  0.102629 -0.102628 -0.989411  0.298096 0.539551 0
0  6.522313 -7.932292 1.943607  0.102629 -0.102628 -0.989411  0.298096 0.539551 0
0  5.826494 -7.586419 1.835556  0.102629 -0.102628 -0.989411  0.298096 0.539551 0
painted_wood_01
0  6.983752 -6.565248 5.073126  0.904841 0.346427 0.247490  0.298096 0.539551 0
0  7.932292 -6.522313 1.943608  0.904842 0.346429 0.247483  0.298096 0.539551 0
0  7.586419 -5.826493 1.835556  0.904843 0.346430 0.247478  0.298096 0.539551 0
painted_wood_01
0  6.522313 -7.932292 1.943607  -0.346372 -0.904857 0.247508  0.298096 0.539551 0
0  6.565249 -6.983750 5.073124  -0.346370 -0.904860 0.247498  0.298096 0.539551 0
0  6.150412 -6.672781 6.028132  -0.346369 -0.904864 0.247486  0.298096 0.539551 0
gold_player
0  7.932292 -6.522313 1.943608  0.692751 -0.692755 0.200466  0.000000 0.000000 0
0  6.983752 -6.565248 5.073126  0.692751 -0.692755 0.200466  0.000000 0.000000 0
0  6.565249 -6.983750 5.073124  0.692751 -0.692755 0.200466  0.000000 0.000000 0
crystal_ball_glass
0  6.560939 -8.861320 1.964009  -0.775995 0.325786 -0.540088  0.244174 1.449560 0
0  6.565706 -8.175972 2.370566  -0.775995 0.325786 -0.540088  0.344866 1.641028 0
0  6.764243 -8.029421 2.173711  -0.775995 0.325786 -0.540088  0.371971 1.662900 0
crystal_ball_glass
0  6.565706 -8.175972 2.370566  0.348250 0.548917 0.759877  0.105073 -1.344165 0
0  7.119609 -8.729876 2.516840  0.348250 0.548917 0.759877  0.004436 -1.389481 0
0  7.318146 -8.583323 2.319985  0.348250 0.548917 0.759877  0.034318 -1.236377 0
crystal_ball_glass
0  7.119609 -8.729876 2.516840  0.426485 -0.876691 -0.222541  0.521275 -0.094507 0
0  6.560939 -8.861320 1.964009  0.426485 -0.876691 -0.222541  0.506762 0.104250 0
0  6.844562 -8.651960 1.682788  0.426485 -0.876691 -0.222541  0.546317 -0.159564 0
crystal_ball_glass
0  6.844562 -8.651960 1.682788  -0.711063 0.376532 -0.593813  0.356847 1.782622 0
0  6.764243 -8.029421 2.173711  -0.711063 0.376532 -0.593813  0.441592 1.892985 0
0  6.980412 -7.851882 2.027436  -0.711063 0.376532 -0.593813  0.478321 1.921369 0
crystal_ball_glass
0  6.764243 -8.029421 2.173711  0.218856 0.447797 0.866937  0.300848 -1.279357 0
0  7.318146 -8.583323 2.319985  0.218856 0.447797 0.866937  0.223804 -1.304378 0
0  7.534314 -8.405783 2.173710  0.218856 0.447797 0.866937  0.266020 -1.190261 0
crystal_ball_glass
0  7.318146 -8.583323 2.319985  0.491413 -0.825949 -0.276264  0.613044 -0.009306 0
0  6.844562 -8.651960 1.682788  0.491413 -0.825949 -0.276264  0.594623 0.109062 0
0  7.153376 -8.398331 1.473821  0.491413 -0.825949 -0.276264  0.646071 -0.100726 0
crystal_ball_glass
0  7.153376 -8.398331 1.473821  -0.641914 0.435909 -0.630817  0.512612 2.036849 0
0  6.980412 -7.851882 2.027436  -0.641914 0.435909 -0.630817  0.572168 2.081557 0
0  7.205905 -7.650176 1.937359  -0.641914 0.435909 -0.630817  0.616367 2.104248 0
crystal_ball_glass
0  6.980412 -7.851882 2.027436  0.081056 0.329471 0.940680  0.517712 -1.311829 0
0  7.534314 -8.405783 2.173710  0.081056 0.329471 0.940680  0.469202 -1.321318 0
0  7.759808 -8.204079 2.083633  0.081056 0.329471 0.940680  0.520900 -1.250880 0
crystal_ball_glass
0  7.534314 -8.405783 2.173710  0.560564 -0.766570 -0.313269  0.695667 0.150645 0
0  7.153376 -8.398331 1.473821  0.560564 -0.766570 -0.313269  0.678209 0.203582 0
0  7.475508 -8.110180 1.345142  0.560564 -0.766570 -0.313269  0.738643 0.068635 0
crystal_ball_glass
0  7.475508 -8.110180 1.345142  -0.571201 0.501639 -0.649682  0.696137 2.150997 0
0  7.205905 -7.650176 1.937359  -0.571201 0.501639 -0.649682  0.723865 2.157393 0
0  7.432057 -7.432054 1.906943  -0.571201 0.501639 -0.649682  0.772124 2.165961 0
crystal_ball_glass
0  7.205905 -7.650176 1.937359  -0.059863 0.198478 0.978275  0.733378 -1.426538 0
0  7.759808 -8.204079 2.083633  -0.059863 0.198478 0.978275  0.716802 -1.427620 0
0  7.985960 -7.985957 2.053218  -0.059863 0.198478 0.978275  0.773649 -1.403805 0
crystal_ball_glass
0  7.759808 -8.204079 2.083633  0.631276 -0.700840 -0.332135  0.764522 0.363649 0
0  7.475508 -8.110180 1.345142  0.631276 -0.700840 -0.332135  0.751593 0.374345 0
0  7.798582 -7.798581 1.301692  0.631276 -0.700840 -0.332135  0.816853 0.327793 0
crystal_ball_glass
0  7.798582 -7.798581 1.301692  -0.501637 0.571202 -0.649683  0.887635 2.091333 0
0  7.432057 -7.432054 1.906943  -0.501637 0.571202 -0.649683  0.880590 2.094058 0
0  7.650177 -7.205903 1.937359  -0.501637 0.571202 -0.649683  0.928849 2.085492 0
crystal_ball_glass
0  7.432057 -7.432054 1.906943  -0.198481 0.059862 0.978275  0.928439 -1.599060 0
0  7.985960 -7.985957 2.053218  -0.198481 0.059862 0.978275  0.945015 -1.600142 0
0  8.204080 -7.759806 2.083633  -0.198481 0.059862 0.978275  1.001861 -1.623956 0
crystal_ball_glass
0  7.985960 -7.985957 2.053218  0.700838 -0.631279 -0.332135  0.817289 0.600745 0
0  7.798582 -7.798581 1.301692  0.700838 -0.631279 -0.332135  0.810640 0.597475 0
0  8.110184 -7.475504 1.345141  0.700838 -0.631279 -0.332135  0.875901 0.644025 0
crystal_ball_glass
0  8.110184 -7.475504 1.345141  -0.435907 0.641915 -0.630817  1.066057 1.856412 0
0  7.650177 -7.205903 1.937359  -0.435907 0.641915 -0.630817  1.025442 1.891399 0
0  7.851882 -6.980410 2.027436  -0.435907 0.641915 -0.630817  1.069642 1.868706 0
crystal_ball_glass
0  7.650177 -7.205903 1.937359  -0.329471 -0.081057 0.940680  1.090438 -1.799795 0
0  8.204080 -7.759806 2.083633  -0.329471 -0.081057 0.940680  1.138949 -1.809284 0
0  8.405785 -7.534313 2.173710  -0.329471 -0.081057 0.940680  1.190649 -1.879724 0
crystal_ball_glass
0  8.204080 -7.759806 2.083633  0.766570 -0.560564 -0.313269  0.854333 0.832088 0
0  8.110184 -7.475504 1.345141  0.766570 -0.560564 -0.313269  0.853661 0.844542 0
0  8.398335 -7.153372 1.473822  0.766570 -0.560564 -0.313269  0.914095 0.979492 0
crystal_ball_glass
0  8.398335 -7.153372 1.473822  -0.376532 0.711060 -0.593815  1.212265 1.475760 0
0  7.851882 -6.980410 2.027436  -0.376532 0.711060 -0.593815  1.143261 1.573961 0
0  8.029424 -6.764240 2.173712  -0.376532 0.711060 -0.593815  1.179990 1.545578 0
crystal_ball_glass
0  7.851882 -6.980410 2.027436  -0.447795 -0.218855 0.866939  1.215359 -1.998985 0
0  8.405785 -7.534313 2.173710  -0.447795 -0.218855 0.866939  1.292402 -2.024006 0
0  8.583327 -7.318142 2.319987  -0.447795 -0.218855 0.866939  1.334617 -2.138124 0
crystal_ball_glass
0  8.405785 -7.534313 2.173710  0.825950 -0.491413 -0.276261  0.878434 1.033441 0
0  8.398335 -7.153372 1.473822  0.825950 -0.491413 -0.276261  0.881422 1.088874 0
0  8.651963 -6.844560 1.682789  0.825950 -0.491413 -0.276261  0.932869 1.298658 0
crystal_ball_glass
0  8.651963 -6.844560 1.682789  -0.325787 0.775995 -0.540088  1.312156 1.003175 0
0  8.029424 -6.764240 2.173712  -0.325787 0.775995 -0.540088  1.223082 1.185268 0
0  8.175977 -6.565703 2.370567  -0.325787 0.775995 -0.540088  1.250187 1.163396 0
crystal_ball_glass
0  8.029424 -6.764240 2.173712  -0.548916 -0.348247 0.759879  1.306402 -2.171523 0
0  8.583327 -7.318142 2.319987  -0.548916 -0.348247 0.759879  1.407038 -2.216843 0
0  8.729879 -7.119605 2.516841  -0.548916 -0.348247 0.759879  1.436920 -2.369949 0
crystal_ball_glass
0  8.583327 -7.318142 2.319987  0.876692 -0.426481 -0.222540  0.893855 1.191114 0
0  8.651963 -6.844560 1.682789  0.876692 -0.426481 -0.222540  0.896501 1.310726 0
0  8.861323 -6.560935 1.964011  0.876692 -0.426481 -0.222540  0.936057 1.574544 0
crystal_ball_glass
0  8.861323 -6.560935 1.964011  -0.285628 0.834211 -0.471708  1.358165 0.506922 0
0  8.175977 -6.565703 2.370567  -0.285628 0.834211 -0.471708  1.259161 0.779963 0
0  8.285907 -6.392428 2.610436  -0.285628 0.834211 -0.471708  1.276064 0.778185 0
crystal_ball_glass
0  8.175977 -6.565703 2.370567  -0.628944 -0.464264 0.623609  1.370528 -2.300412 0
0  8.729879 -7.119605 2.516841  -0.628944 -0.464264 0.623609  1.489136 -2.367698 0
0  8.839809 -6.946330 2.756710  -0.628944 -0.464264 0.623609  1.505737 -2.553634 0
crystal_ball_glass
0  8.729879 -7.119605 2.516841  0.916849 -0.368269 -0.154161  0.905073 1.303683 0
0  8.861323 -6.560935 1.964011  0.916849 -0.368269 -0.154161  0.902288 1.499636 0
0  9.018368 -6.313398 2.306681  0.916849 -0.368269 -0.154161  0.928721 1.791909 0
crystal_ball_glass
0  9.018368 -6.313398 2.306681  -0.257601 0.883470 -0.391308  1.349752 0.058773 0
0  8.285907 -6.392428 2.610436  -0.257601 0.883470 -0.391308  1.251259 0.415332 0
0  8.354993 -6.251073 2.884100  -0.257601 0.883470 -0.391308  1.259017 0.445958 0
crystal_ball_glass
0  8.285907 -6.392428 2.610436  -0.684799 -0.562429 0.463383  1.414628 -2.378899 0
0  8.839809 -6.946330 2.756710  -0.684799 -0.562429 0.463383  1.545710 -2.466481 0
0  8.908895 -6.804976 3.030375  -0.684799 -0.562429 0.463383  1.550110 -2.677958 0
crystal_ball_glass
0  8.839809 -6.946330 2.756710  0.944877 -0.319008 -0.073761  0.915590 1.380497 0
0  9.018368 -6.313398 2.306681  0.944877 -0.319008 -0.073761  0.902005 1.653948 0
0  9.117064 -6.111463 2.697628  0.944877 -0.319008 -0.073761  0.915980 1.947435 0
crystal_ball_glass
0  9.117064 -6.111463 2.697628  -0.242778 0.921886 -0.301969  1.292931 -0.276154 0
0  8.354993 -6.251073 2.884100  -0.242778 0.921886 -0.301969  1.204232 0.143667 0
0  8.380579 -6.147070 3.181043  -0.242778 0.921886 -0.301969  1.205323 0.215317 0
crystal_ball_glass
0  8.354993 -6.251073 2.884100  -0.714337 -0.638980 0.285354  1.442368 -2.410630 0
0  8.908895 -6.804976 3.030375  -0.714337 -0.638980 0.285354  1.581086 -2.513743 0
0  8.934482 -6.700974 3.327317  -0.714337 -0.638980 0.285354  1.576190 -2.742664 0
crystal_ball_glass
0  8.908895 -6.804976 3.030375  0.959701 -0.280592 0.015582  0.927109 1.437258 0
0  9.117064 -6.111463 2.697628  0.959701 -0.280592 0.015582  0.898013 1.777776 0
0  9.153616 -5.962887 3.121831  0.959701 -0.280592 0.015582  0.902032 2.046903 0
crystal_ball_glass
0  9.153616 -5.962887 3.121831  -0.241730 0.947980 -0.207125  1.198872 -0.447167 0
0  8.380579 -6.147070 3.181043  -0.241730 0.947980 -0.207125  1.126961 0.006505 0
0  8.361682 -6.084416 3.489854  -0.241730 0.947980 -0.207125  1.124855 0.122325 0
crystal_ball_glass
0  8.380579 -6.147070 3.181043  -0.716426 -0.690977 0.096354  1.452980 -2.408375 0
0  8.934482 -6.700974 3.327317  -0.716426 -0.690977 0.096354  1.595259 -2.519895 0
0  8.915586 -6.638319 3.636128  -0.716426 -0.690977 0.096354  1.585347 -2.757656 0
crystal_ball_glass
0  8.934482 -6.700974 3.327317  0.960748 -0.254498 0.110427  0.939360 1.490420 0
0  9.153616 -5.962887 3.121831  0.960748 -0.254498 0.110427  0.891636 1.877061 0
0  9.126619 -5.873382 3.562991  0.960748 -0.254498 0.110427  0.889722 2.101061 0
crystal_ball_glass
0  9.126619 -5.873382 3.562991  -0.254497 0.960748 -0.110425  1.082358 -0.423305 0
0  8.361682 -6.084416 3.489854  -0.254497 0.960748 -0.110425  1.031253 0.030535 0
0  8.299028 -6.065519 3.798664  -0.254497 0.960748 -0.110425  1.029836 0.187334 0
crystal_ball_glass
0  8.361682 -6.084416 3.489854  -0.690977 -0.716426 -0.096354  1.442315 -2.391520 0
0  8.915586 -6.638319 3.636128  -0.690977 -0.716426 -0.096354  1.584595 -2.503041 0
0  8.852931 -6.619422 3.944937  -0.690977 -0.716426 -0.096354  1.574683 -2.740801 0
crystal_ball_glass
0  8.915586 -6.638319 3.636128  0.947979 -0.241730 0.207126  0.950562 1.551961 0
0  9.126619 -5.873382 3.562991  0.947979 -0.241730 0.207126  0.883453 1.955995 0
0  9.037113 -5.846387 4.004148  0.947979 -0.241730 0.207126  0.880609 2.121451 0
crystal_ball_glass
0  9.037113 -5.846387 4.004148  -0.280590 0.959701 -0.015583  0.960356 -0.196145 0
0  8.299028 -6.065519 3.798664  -0.280590 0.959701 -0.015583  0.930845 0.225111 0
0  8.195026 -6.091105 4.095607  -0.280590 0.959701 -0.015583  0.933822 0.413499 0
crystal_ball_glass
0  8.299028 -6.065519 3.798664  -0.638985 -0.714335 -0.285349  1.405446 -2.382635 0
0  8.852931 -6.619422 3.944937  -0.638985 -0.714335 -0.285349  1.544162 -2.485749 0
0  8.748929 -6.645008 4.241881  -0.638985 -0.714335 -0.285349  1.539266 -2.714670 0
crystal_ball_glass
0  8.852931 -6.619422 3.944937  0.921888 -0.242775 0.301965  0.958228 1.625963 0
0  9.037113 -5.846387 4.004148  0.921888 -0.242775 0.301965  0.873956 2.015077 0
0  8.888539 -5.882938 4.428351  0.921888 -0.242775 0.301965  0.875430 2.117433 0
crystal_ball_glass
0  8.888539 -5.882938 4.428351  -0.319008 0.944878 0.073760  0.849277 0.219487 0
0  8.195026 -6.091105 4.095607  -0.319008 0.944878 0.073760  0.839340 0.580986 0
0  8.053671 -6.160192 4.369270  -0.319008 0.944878 0.073760  0.849690 0.786428 0
crystal_ball_glass
0  8.195026 -6.091105 4.095607  -0.562427 -0.684796 -0.463391  1.340095 -2.403578 0
0  8.748929 -6.645008 4.241881  -0.562427 -0.684796 -0.463391  1.471176 -2.491161 0
0  8.607574 -6.714095 4.515544  -0.562427 -0.684796 -0.463391  1.475576 -2.702638 0
crystal_ball_glass
0  8.748929 -6.645008 4.241881  0.883470 -0.257600 0.391310  0.960310 1.707958 0
0  8.888539 -5.882938 4.428351  0.883470 -0.257600 0.391310  0.864082 2.051389 0
0  8.686602 -5.981634 4.819300  0.883470 -0.257600 0.391310  0.874557 2.095141 0
crystal_ball_glass
0  8.686602 -5.981634 4.819300  -0.368268 0.916850 0.154159  0.763980 0.786565 0
0  8.053671 -6.160192 4.369270  -0.368268 0.916850 0.154159  0.769424 1.070199 0
0  7.880396 -6.270123 4.609138  -0.368268 0.916850 0.154159  0.789003 1.274790 0
crystal_ball_glass
0  8.053671 -6.160192 4.369270  -0.464261 -0.628943 -0.623612  1.249428 -2.471403 0
0  8.607574 -6.714095 4.515544  -0.464261 -0.628943 -0.623612  1.368037 -2.538689 0
0  8.434299 -6.824026 4.755413  -0.464261 -0.628943 -0.623612  1.384638 -2.724626 0
crystal_ball_glass
0  8.607574 -6.714095 4.515544  0.834210 -0.285629 0.471710  0.956054 1.786929 0
0  8.686602 -5.981634 4.819300  0.834210 -0.285629 0.471710  0.855638 2.060731 0
0  8.439066 -6.138678 5.161970  0.834210 -0.285629 0.471710  0.878459 2.058190 0
crystal_ball_glass
0  8.439066 -6.138678 5.161970  -0.426484 0.876692 0.222537  -0.283952 1.448726 0
0  7.880396 -6.270123 4.609138  -0.426484 0.876692 0.222537  -0.268596 1.647482 0
0  7.681857 -6.416676 4.805995  -0.426484 0.876692 0.222537  -0.239299 1.832155 0
crystal_ball_glass
0  7.880396 -6.270123 4.609138  -0.348249 -0.548917 -0.759876  0.142986 -2.594795 0
0  8.434299 -6.824026 4.755413  -0.348249 -0.548917 -0.759876  0.243622 -2.640112 0
0  8.235760 -6.970578 4.952269  -0.348249 -0.548917 -0.759876  0.273503 -2.793217 0
crystal_ball_glass
0  8.434299 -6.824026 4.755413  0.775994 -0.325785 0.540090  -0.053633 1.848985 0
0  8.439066 -6.138678 5.161970  0.775994 -0.325785 0.540090  -0.148796 2.040452 0
0  8.155440 -6.348039 5.443190  0.775994 -0.325785 0.540090  -0.112200 2.009205 0
crystal_ball_glass
0  8.155440 -6.348039 5.443190  -0.491412 0.825951 0.276260  -0.287663 2.135311 0
0  7.681857 -6.416676 4.805995  -0.491412 0.825951 0.276260  -0.268171 2.253680 0
0  7.465690 -6.594214 4.952270  -0.491412 0.825951 0.276260  -0.230065 2.400530 0
crystal_ball_glass
0  7.681857 -6.416676 4.805995  -0.218859 -0.447798 -0.866936  0.035391 -2.771686 0
0  8.235760 -6.970578 4.952269  -0.218859 -0.447798 -0.866936  0.112436 -2.796708 0
0  8.019592 -7.148118 5.098544  -0.218859 -0.447798 -0.866936  0.154652 -2.910825 0
crystal_ball_glass
0  8.235760 -6.970578 4.952269  0.711065 -0.376530 0.593812  -0.066303 1.881599 0
0  8.155440 -6.348039 5.443190  0.711065 -0.376530 0.593812  -0.146395 1.991962 0
0  7.846627 -6.601667 5.652158  0.711065 -0.376530 0.593812  -0.096807 1.951415 0
crystal_ball_glass
0  7.846627 -6.601667 5.652158  -0.560566 0.766569 0.313268  -0.246107 2.768845 0
0  7.465690 -6.594214 4.952270  -0.560566 0.766569 0.313268  -0.227635 2.821781 0
0  7.240194 -6.795923 5.042347  -0.560566 0.766569 0.313268  -0.182873 2.916246 0
crystal_ball_glass
0  7.465690 -6.594214 4.952270  -0.081055 -0.329470 -0.940681  -0.057299 -2.988573 0
0  8.019592 -7.148118 5.098544  -0.081055 -0.329470 -0.940681  -0.008788 -2.998062 0
0  7.794097 -7.349825 5.188622  -0.081055 -0.329470 -0.940681  0.042910 -3.068503 0
crystal_ball_glass
0  8.019592 -7.148118 5.098544  0.641913 -0.435907 0.630819  -0.078602 1.876830 0
0  7.846627 -6.601667 5.652158  0.641913 -0.435907 0.630819  -0.134889 1.921540 0
0  7.524494 -6.889820 5.780838  0.641913 -0.435907 0.630819  -0.075214 1.889123 0
crystal_ball_glass
0  7.524494 -6.889820 5.780838  -0.631278 0.700839 0.332133  -0.164512 3.274436 0
0  7.240194 -6.795923 5.042347  -0.631278 0.700839 0.332133  -0.150832 3.285130 0
0  7.014044 -7.014041 5.072762  -0.631278 0.700839 0.332133  -0.102497 3.317717 0
crystal_ball_glass
0  7.240194 -6.795923 5.042347  0.059864 -0.198479 -0.978275  -0.122146 -3.222058 0
0  7.794097 -7.349825 5.188622  0.059864 -0.198479 -0.978275  -0.105572 -3.223141 0
0  7.567946 -7.567944 5.219036  0.059864 -0.198479 -0.978275  -0.048725 -3.246956 0
crystal_ball_glass
0  7.794097 -7.349825 5.188622  0.571201 -0.501638 0.649683  -0.087057 1.832649 0
0  7.524494 -6.889820 5.780838  0.571201 -0.501638 0.649683  -0.113263 1.839046 0
0  7.201420 -7.201419 5.824290  0.571201 -0.501638 0.649683  -0.048108 1.826808 0
crystal_ball_glass
0  7.201420 -7.201419 5.824290  -0.700838 0.631279 0.332134  -0.053963 3.590666 0
0  7.014044 -7.014041 5.072762  -0.700838 0.631279 0.332134  -0.046928 3.587396 0
0  6.795923 -7.240194 5.042347  -0.700838 0.631279 0.332134  0.001408 3.554811 0
crystal_ball_glass
0  7.014044 -7.014041 5.072762  0.198479 -0.059865 -0.978275  -0.153362 -3.442206 0
0  7.567946 -7.567944 5.219036  0.198479 -0.059865 -0.978275  -0.169937 -3.443289 0
0  7.349826 -7.794096 5.188622  0.198479 -0.059865 -0.978275  -0.113091 -3.419476 0
crystal_ball_glass
0  7.567946 -7.567944 5.219036  0.501641 -0.571199 0.649683  -0.089150 1.752178 0
0  7.201420 -7.201419 5.824290  0.501641 -0.571199 0.649683  -0.082491 1.754904 0
0  6.889818 -7.524495 5.780841  0.501641 -0.571199 0.649683  -0.017336 1.767142 0
crystal_ball_glass
0  6.889818 -7.524495 5.780841  -0.766567 0.560568 0.313269  0.069977 3.679689 0
0  6.795923 -7.240194 5.042347  -0.766567 0.560568 0.313269  0.070688 3.692142 0
0  6.594214 -7.465689 4.952272  -0.766567 0.560568 0.313269  0.115449 3.597678 0
crystal_ball_glass
0  6.795923 -7.240194 5.042347  0.329462 0.081049 -0.940684  -0.154237 -3.617400 0
0  7.349826 -7.794096 5.188622  0.329462 0.081049 -0.940684  -0.202746 -3.626886 0
0  7.148117 -8.019592 5.098547  0.329462 0.081049 -0.940684  -0.151047 -3.556451 0
crystal_ball_glass
0  7.349826 -7.794096 5.188622  0.435907 -0.641915 0.630817  -0.083463 1.641294 0
0  6.889818 -7.524495 5.780841  0.435907 -0.641915 0.630817  -0.045078 1.676279 0
0  6.601665 -7.846629 5.652160  0.435907 -0.641915 0.630817  0.014596 1.708695 0
crystal_ball_glass
0  6.601665 -7.846629 5.652160  -0.825951 0.491411 0.276262  0.189613 3.534698 0
0  6.594214 -7.465689 4.952272  -0.825951 0.491411 0.276262  0.186453 3.590129 0
0  6.416676 -7.681857 4.805995  -0.825951 0.491411 0.276262  0.224558 3.443278 0
crystal_ball_glass
0  6.594214 -7.465689 4.952272  0.447801 0.218860 -0.866934  -0.136035 -3.719556 0
0  7.148117 -8.019592 5.098547  0.447801 0.218860 -0.866934  -0.213080 -3.744576 0
0  6.970578 -8.235760 4.952270  0.447801 0.218860 -0.866934  -0.170865 -3.630458 0
crystal_ball_glass
0  7.148117 -8.019592 5.098547  0.376527 -0.711066 0.593812  -0.069589 1.505800 0
0  6.601665 -7.846629 5.652160  0.376527 -0.711066 0.593812  -0.004373 1.604002 0
0  6.348040 -8.155439 5.443192  0.376527 -0.711066 0.593812  0.045215 1.644549 0
crystal_ball_glass
0  6.348040 -8.155439 5.443192  -0.876693 0.426480 0.222540  0.288081 3.182830 0
0  6.416676 -7.681857 4.805995  -0.876693 0.426480 0.222540  0.285281 3.302442 0
0  6.270123 -7.880394 4.609140  -0.876693 0.426480 0.222540  0.314578 3.117772 0
crystal_ball_glass
0  6.416676 -7.681857 4.805995  0.548918 0.348252 -0.759875  -0.114219 -3.728352 0
0  6.970578 -8.235760 4.952270  0.548918 0.348252 -0.759875  -0.214855 -3.773669 0
0  6.824026 -8.434296 4.755414  0.548918 0.348252 -0.759875  -0.184974 -3.620565 0
crystal_ball_glass
0  6.970578 -8.235760 4.952270  0.325785 -0.775994 0.540090  -0.048094 1.349485 0
0  6.348040 -8.155439 5.443192  0.325785 -0.775994 0.540090  0.036090 1.531577 0
0  6.138679 -8.439064 5.161971  0.325785 -0.775994 0.540090  0.072686 1.562824 0
crystal_ball_glass
0  6.138679 -8.439064 5.161971  -0.916849 0.368269 0.154162  0.352406 2.682135 0
0  6.270123 -7.880394 4.609140  -0.916849 0.368269 0.154162  0.355352 2.878088 0
0  6.160192 -8.053669 4.369272  -0.916849 0.368269 0.154162  0.374931 2.673500 0
crystal_ball_glass
0  6.270123 -7.880394 4.609140  0.628943 0.464258 -0.623614  -0.103277 -3.634509 0
0  6.824026 -8.434296 4.755414  0.628943 0.464258 -0.623614  -0.221885 -3.701792 0
0  6.714095 -8.607573 4.515546  0.628943 0.464258 -0.623614  -0.205283 -3.515859 0
crystal_ball_glass
0  6.824026 -8.434296 4.755414  0.285630 -0.834208 0.471712  -0.019581 1.173681 0
0  6.138679 -8.439064 5.161971  0.285630 -0.834208 0.471712  0.073989 1.446718 0
0  5.981632 -8.686602 4.819303  0.285630 -0.834208 0.471712  0.096811 1.449260 0
crystal_ball_glass
0  5.981632 -8.686602 4.819303  -0.944878 0.319008 0.073757  0.376055 2.112904 0
0  6.160192 -8.053669 4.369272  -0.944878 0.319008 0.073757  0.390429 2.386355 0
0  6.091105 -8.195026 4.095608  -0.944878 0.319008 0.073757  0.400779 2.180910 0
crystal_ball_glass
0  6.160192 -8.053669 4.369272  0.684795 0.562425 -0.463394  -0.111677 -3.440907 0
0  6.714095 -8.607573 4.515546  0.684795 0.562425 -0.463394  -0.242759 -3.528485 0
0  6.645007 -8.748930 4.241882  0.684795 0.562425 -0.463394  -0.238358 -3.317011 0
crystal_ball_glass
0  6.714095 -8.607573 4.515546  0.257599 -0.883471 0.391308  0.015903 0.978842 0
0  5.981632 -8.686602 4.819303  0.257599 -0.883471 0.391308  0.108989 1.335400 0
0  5.882938 -8.888538 4.428353  0.257599 -0.883471 0.391308  0.119464 1.291648 0
crystal_ball_glass
0  5.882938 -8.888538 4.428353  -0.959701 0.280592 -0.015579  0.360424 1.564379 0
0  6.091105 -8.195026 4.095608  -0.959701 0.280592 -0.015579  0.391210 1.904895 0
0  6.065518 -8.299028 3.798666  -0.959701 0.280592 -0.015579  0.394187 1.716508 0
crystal_ball_glass
0  6.091105 -8.195026 4.095608  0.714337 0.638981 -0.285352  -0.138774 -3.162054 0
0  6.645007 -8.748930 4.241882  0.714337 0.638981 -0.285352  -0.277490 -3.265164 0
0  6.619421 -8.852932 3.944940  0.714337 0.638981 -0.285352  -0.282387 -3.036245 0
crystal_ball_glass
0  6.645007 -8.748930 4.241882  0.242776 -0.921887 0.301967  0.059123 0.767265 0
0  5.882938 -8.888538 4.428353  0.242776 -0.921887 0.301967  0.142953 1.187086 0
0  5.846387 -9.037113 4.004149  0.242776 -0.921887 0.301967  0.144426 1.084729 0
crystal_ball_glass
0  5.846387 -9.037113 4.004149  -0.960749 0.254495 -0.110428  0.314845 1.119445 0
0  6.065518 -8.299028 3.798666  -0.960749 0.254495 -0.110428  0.365342 1.506084 0
0  6.084416 -8.361681 3.489855  -0.960749 0.254495 -0.110428  0.363925 1.349286 0
crystal_ball_glass
0  6.065518 -8.299028 3.798666  0.716424 0.690981 -0.096346  -0.174355 -2.822335 0
0  6.619421 -8.852932 3.944940  0.716424 0.690981 -0.096346  -0.316635 -2.933855 0
0  6.638319 -8.915585 3.636129  0.716424 0.690981 -0.096346  -0.326547 -2.696092 0
crystal_ball_glass
0  6.619421 -8.852932 3.944940  0.241728 -0.947980 0.207127  0.111571 0.545990 0
0  5.846387 -9.037113 4.004149  0.241728 -0.947980 0.207127  0.179534 0.999658 0
0  5.873382 -9.126619 3.562993  0.241728 -0.947980 0.207127  0.176690 0.834202 0
crystal_ball_glass
0  5.873382 -9.126619 3.562993  -0.947980 0.241729 -0.207125  0.255021 0.840088 0
0  6.084416 -8.361681 3.489855  -0.947980 0.241729 -0.207125  0.326028 1.244121 0
0  6.147070 -8.380579 3.181044  -0.947980 0.241729 -0.207125  0.323921 1.128300 0
crystal_ball_glass
0  6.084416 -8.361681 3.489855  0.690980 0.716423 0.096352  -0.201114 -2.453078 0
0  6.638319 -8.915585 3.636129  0.690980 0.716423 0.096352  -0.343393 -2.564598 0
0  6.700973 -8.934481 3.327318  0.690980 0.716423 0.096352  -0.353304 -2.326836 0
crystal_ball_glass
0  6.638319 -8.915585 3.636129  0.254499 -0.960749 0.110418  0.174774 0.328474 0
0  5.873382 -9.126619 3.562993  0.254499 -0.960749 0.110418  0.223072 0.782315 0
0  5.962889 -9.153612 3.121831  0.254499 -0.960749 0.110418  0.221159 0.558314 0
crystal_ball_glass
0  5.962889 -9.153612 3.121831  -0.921887 0.242776 -0.301968  0.200583 0.756545 0
0  6.147070 -8.380579 3.181044  -0.921887 0.242776 -0.301968  0.289749 1.145659 0
0  6.251073 -8.354992 2.884101  -0.921887 0.242776 -0.301968  0.290841 1.074010 0
crystal_ball_glass
0  6.147070 -8.380579 3.181044  0.638981 0.714338 0.285351  -0.199238 -2.089035 0
0  6.700973 -8.934481 3.327318  0.638981 0.714338 0.285351  -0.337953 -2.192147 0
0  6.804976 -8.908894 3.030375  0.638981 0.714338 0.285351  -0.342849 -1.963228 0
crystal_ball_glass
0  6.700973 -8.934481 3.327318  0.280590 -0.959701 0.015581  0.249166 0.134248 0
0  5.962889 -9.153612 3.121831  0.280590 -0.959701 0.015581  0.277056 0.555503 0
0  6.111465 -9.117060 2.697628  0.280590 -0.959701 0.015581  0.281075 0.286375 0
crystal_ball_glass
0  6.111465 -9.117060 2.697628  -0.883471 0.257599 -0.391307  0.171098 0.862276 0
0  6.251073 -8.354992 2.884101  -0.883471 0.257599 -0.391307  0.272916 1.205707 0
0  6.392429 -8.285904 2.610436  -0.883471 0.257599 -0.391307  0.280675 1.175081 0
crystal_ball_glass
0  6.251073 -8.354992 2.884101  0.562427 0.684799 0.463386  -0.151841 -1.764527 0
0  6.804976 -8.908894 3.030375  0.562427 0.684799 0.463386  -0.282923 -1.852106 0
0  6.946332 -8.839808 2.756710  0.562427 0.684799 0.463386  -0.278523 -1.640630 0
crystal_ball_glass
0  6.804976 -8.908894 3.030375  0.319006 -0.944879 -0.073755  0.333965 -0.013981 0
0  6.111465 -9.117060 2.697628  0.319006 -0.944879 -0.073755  0.343357 0.347513 0
0  6.313401 -9.018366 2.306679  0.319006 -0.944879 -0.073755  0.357331 0.054022 0
crystal_ball_glass
0  6.313401 -9.018366 2.306679  -0.834209 0.285629 -0.471711  0.182527 1.115865 0
0  6.392429 -8.285904 2.610436  -0.834209 0.285629 -0.471711  0.288776 1.389668 0
0  6.565706 -8.175972 2.370566  -0.834209 0.285629 -0.471711  0.305679 1.391447 0
crystal_ball_glass
0  6.392429 -8.285904 2.610436  0.464260 0.628942 0.623614  -0.049886 -1.509164 0
0  6.946332 -8.839808 2.756710  0.464260 0.628942 0.623614  -0.168495 -1.576448 0
0  7.119609 -8.729876 2.516840  0.464260 0.628942 0.623614  -0.151893 -1.390510 0
crystal_ball_glass
0  6.946332 -8.839808 2.756710  0.368268 -0.916849 -0.154162  0.426270 -0.095015 0
0  6.313401 -9.018366 2.306679  0.368268 -0.916849 -0.154162  0.421124 0.188621 0
0  6.560939 -8.861320 1.964009  0.368268 -0.916849 -0.154162  0.447558 -0.103653 0
gold_player
0  4.557669 -4.209639 4.430507  -0.533215 0.533216 -0.656782  0.000000 0.000000 0
0  5.270390 -4.922360 3.273242  -0.533215 0.533216 -0.656782  0.000000 0.000000 0
0  4.922362 -5.270387 3.273242  -0.533215 0.533216 -0.656782  0.000000 0.000000 0
painted_wood_01
0  4.513397 -3.729790 14.505948  0.699689 -0.699692 0.144452  0.298096 0.539551 0
0  3.983909 -3.200302 19.635353  0.699689 -0.699692 0.144452  0.298096 0.539551 0
0  3.200302 -3.983907 19.635355  0.699689 -0.699692 0.144452  0.298096 0.539551 0
painted_wood_01
0  3.631074 -2.847467 19.219650  0.707107 0.707107 -0.000001  0.298096 0.539551 0
0  3.477409 -2.693798 22.537962  0.707107 0.707107 -0.000001  0.298096 0.539551 0
0  3.834977 -3.051367 22.945499  0.707107 0.707107 -0.000001  0.298096 0.539551 0
painted_wood_01
0  6.672784 -6.150411 6.028134  0.666223 -0.662117 -0.343144  0.298096 0.539551 0
0  6.718204 -6.195065 6.208757  0.666223 -0.662118 -0.343144  0.298096 0.539551 0
0  6.197910 -6.721047 6.207235  0.666223 -0.662117 -0.343144  0.298096 0.539551 0
gold_player
0  4.036065 -3.252458 1.902435  -0.391400 0.391401 0.832833  0.000000 0.000000 0
0  3.661527 -2.877920 1.550398  -0.391400 0.391401 0.832833  0.000000 0.000000 0
0  2.877920 -3.661523 1.550397  -0.391400 0.391401 0.832833  0.000000 0.000000 0
crystal_ball_glass
0  2.779753 -2.431723 12.435316  -0.674609 0.674612 -0.299670  0.000000 0.000000 0
0  4.557669 -4.209639 4.430507  -0.674609 0.674612 -0.299670  0.000000 0.000000 0
0  4.209641 -4.557665 4.430506  -0.674609 0.674612 -0.299670  0.000000 0.000000 0
painted_wood_01
0  5.670677 -4.887069 3.089588  -0.323024 0.323025 0.889556  0.298096 0.539551 0
0  4.036065 -3.252458 1.902435  -0.323024 0.323025 0.889556  0.298096 0.539551 0
0  3.252458 -4.036062 1.902434  -0.323024 0.323025 0.889556  0.298096 0.539551 0
gold_player
0  3.661527 -2.877920 1.550398  -0.215695 0.215697 -0.952339  0.000000 0.000000 0
0  4.455741 -3.672134 1.190633  -0.215695 0.215697 -0.952339  0.000000 0.000000 0
0  3.672135 -4.455738 1.190632  -0.215695 0.215697 -0.952339  0.000000 0.000000 0
gold_player
0  4.036065 -3.252458 1.902435  0.520432 0.833690 -0.184691  0.000000 0.000000 0
0  6.146601 -4.285356 2.200109  0.520437 0.833686 -0.184698  0.000000 0.000000 0
0  4.455741 -3.672134 1.190633  0.520434 0.833689 -0.184693  0.000000 0.000000 0
gold_player
0  4.455741 -3.672134 1.190633  0.372431 -0.372430 -0.850054  0.000000 0.000000 0
0  6.146601 -4.285356 2.200109  0.372431 -0.372430 -0.850054  0.000000 0.000000 0
0  4.285355 -6.146595 2.200104  0.372431 -0.372430 -0.850054  0.000000 0.000000 0
gold_player
0  3.252458 -4.036062 1.902434  -0.833683 -0.520455 -0.184660  0.000000 0.000000 0
0  2.877920 -3.661523 1.550397  -0.833676 -0.520462 -0.184671  0.000000 0.000000 0
0  3.672135 -4.455738 1.190632  -0.833670 -0.520468 -0.184681  0.000000 0.000000 0
black
0  7.370600 -5.389429 2.378337  0.679650 0.691867 0.243712  0.000000 0.000000 0
0  6.477705 -4.345802 2.630160  0.679651 0.691867 0.243711  0.000000 0.000000 0
0  5.427089 -4.182586 4.372017  0.679651 0.691866 0.243711  0.000000 0.000000 0
black
0  5.389429 -7.370600 2.378336  -0.691928 -0.679611 0.243651  0.000000 0.000000 0
0  5.593443 -6.734778 5.455657  -0.691931 -0.679605 0.243657  0.000000 0.000000 0
0  4.182586 -5.427085 4.372015  -0.691931 -0.679605 0.243656  0.000000 0.000000 0
painted_wood_01
0  6.672784 -6.150411 6.028134  0.000000 0.000000 1.000000  0.298096 0.539551 0
0  6.672784 -6.150411 6.028134  0.000000 0.000000 1.000000  0.298096 0.539551 0
0  7.586419 -5.826493 1.835556  0.000000 0.000000 1.000000  0.298096 0.539551 0
painted_wood_01
0  5.826494 -7.586419 1.835556  0.000000 0.000000 1.000000  0.298096 0.539551 0
0  5.826494 -7.586419 1.835556  0.000000 0.000000 1.000000  0.298096 0.539551 0
0  6.150412 -6.672781 6.028132  0.000000 0.000000 1.000000  0.298096 0.539551 0
painted_wood_01
0  4.037978 -4.821580 4.468280  0.000000 0.000000 1.000000  0.298096 0.539551 0
0  4.037978 -4.821580 4.468280  0.000000 0.000000 1.000000  0.298096 0.539551 0
0  4.285355 -6.146595 2.200104  0.000000 0.000000 1.000000  0.298096 0.539551 0
painted_wood_01
0  6.146601 -4.285356 2.200109  0.000000 0.000000 1.000000  0.298096 0.539551 0
0  6.146601 -4.285356 2.200109  0.000000 0.000000 1.000000  0.298096 0.539551 0
0  4.821584 -4.037977 4.468282  0.000000 0.000000 1.000000  0.298096 0.539551 0
painted_wood_01
0  7.586419 -5.826493 1.835556  0.000000 0.000000 1.000000  0.298096 0.539551 0
0  7.586419 -5.826493 1.835556  0.000000 0.000000 1.000000  0.298096 0.539551 0
0  6.146601 -4.285356 2.200109  0.000000 0.000000 1.000000  0.298096 0.539551 0
painted_wood_01
0  4.821584 -4.037977 4.468282  0.000000 0.000000 1.000000  0.298096 0.539551 0
0  4.821584 -4.037977 4.468282  0.000000 0.000000 1.000000  0.298096 0.539551 0
0  6.672784 -6.150411 6.028134  0.000000 0.000000 1.000000  0.298096 0.539551 0
painted_wood_01
0  6.150412 -6.672781 6.028132  0.000000 0.000000 1.000000  0.298096 0.539551 0
0  6.150412 -6.672781 6.028132  0.000000 0.000000 1.000000  0.298096 0.539551 0
0  4.037978 -4.821580 4.468280  0.000000 0.000000 1.000000  0.298096 0.539551 0
painted_wood_01
0  4.285355 -6.146595 2.200104  0.000000 0.000000 1.000000  0.298096 0.539551 0
0  4.285355 -6.146595 2.200104  0.000000 0.000000 1.000000  0.298096 0.539551 0
0  5.826494 -7.586419 1.835556  0.000000 0.000000 1.000000  0.298096 0.539551 0
painted_wood_01
0  7.370600 -5.389429 2.378337  0.656932 0.673625 -0.338629  0.298096 0.539551 0
0  7.586419 -5.826493 1.835556  0.656936 0.673622 -0.338629  0.298096 0.539551 0
0  6.146601 -4.285356 2.200109  0.656932 0.673625 -0.338629  0.298096 0.539551 0
painted_wood_01
0  5.427089 -4.182586 4.372017  0.231196 0.707973 0.667326  0.298096 0.539551 0
0  4.821584 -4.037977 4.468282  0.231196 0.707972 0.667326  0.298096 0.539551 0
0  6.672784 -6.150411 6.028134  0.231197 0.707971 0.667327  0.298096 0.539551 0
painted_wood_01
0  5.593443 -6.734778 5.455657  -0.707969 -0.231188 0.667332  0.298096 0.539551 0
0  6.150412 -6.672781 6.028132  -0.707970 -0.231187 0.667331  0.298096 0.539551 0
0  4.037978 -4.821580 4.468280  -0.707971 -0.231186 0.667331  0.298096 0.539551 0
painted_wood_01
0  4.345800 -6.477699 2.630156  -0.673622 -0.656919 -0.338661  0.298096 0.539551 0
0  4.285355 -6.146595 2.200104  -0.673624 -0.656917 -0.338660  0.298096 0.539551 0
0  5.826494 -7.586419 1.835556  -0.673629 -0.656913 -0.338657  0.298096 0.539551 0
painted_wood_01
0  6.734782 -5.593443 5.455659  0.963755 0.155607 0.216710  0.298096 0.539551 0
0  6.672784 -6.150411 6.028134  0.963754 0.155608 0.216712  0.298096 0.539551 0
0  7.586419 -5.826493 1.835556  0.963755 0.155607 0.216707  0.298096 0.539551 0
painted_wood_01
0  5.389429 -7.370600 2.378336  -0.155596 -0.963757 0.216708  0.298096 0.539551 0
0  5.826494 -7.586419 1.835556  -0.155596 -0.963758 0.216705  0.298096 0.539551 0
0  6.150412 -6.672781 6.028132  -0.155596 -0.963758 0.216706  0.298096 0.539551 0
painted_wood_01
0  4.182586 -5.427085 4.372015  -0.978238 -0.206312 0.022059  0.298096 0.539551 0
0  4.037978 -4.821580 4.468280  -0.978238 -0.206311 0.022061  0.298096 0.539551 0
0  4.285355 -6.146595 2.200104  -0.978237 -0.206313 0.022056  0.298096 0.539551 0
painted_wood_01
0  6.477705 -4.345802 2.630160  0.206310 0.978238 0.022064  0.298096 0.539551 0
0  6.146601 -4.285356 2.200109  0.206310 0.978238 0.022063  0.298096 0.539551 0
0  4.821584 -4.037977 4.468282  0.206311 0.978238 0.022062  0.298096 0.539551 0
painted_wood_01
0  3.983909 -3.200302 19.635353  0.705678 -0.705681 0.063502  0.298096 0.539551 0
0  3.834977 -3.051367 22.945499  0.705678 -0.705681 0.063502  0.298096 0.539551 0
0  3.051370 -3.834970 22.945499  0.705678 -0.705681 0.063502  0.298096 0.539551 0
painted_wood_01
0  2.431724 -2.779750 12.435314  -0.847743 0.517372 0.116871  0.298096 0.539551 0
0  2.266319 -3.049922 12.431528  -0.847743 0.517372 0.116871  0.298096 0.539551 0
0  2.847467 -3.631071 19.219650  -0.847743 0.517372 0.116871  0.298096 0.539551 0
painted_wood_01
0  5.270390 -4.922360 3.273242  -0.409968 0.409970 -0.814771  0.298096 0.539551 0
0  5.670677 -4.887069 3.089588  -0.409968 0.409970 -0.814771  0.298096 0.539551 0
0  4.887070 -5.670673 3.089586  -0.409968 0.409970 -0.814771  0.298096 0.539551 0
painted_wood_01
0  3.335160 -2.987132 18.922775  -0.517366 0.847746 0.116871  0.298096 0.539551 0
0  3.631074 -2.847467 19.219650  -0.517366 0.847746 0.116871  0.298096 0.539551 0
0  3.049926 -2.266319 12.431530  -0.517366 0.847746 0.116871  0.298096 0.539551 0
painted_wood_01
0  4.922362 -5.270387 3.273242  -0.683648 0.353277 -0.638608  0.298096 0.539551 0
0  4.887070 -5.670673 3.089586  -0.683648 0.353277 -0.638608  0.298096 0.539551 0
0  4.037978 -4.821580 4.468280  -0.683648 0.353277 -0.638608  0.298096 0.539551 0
painted_wood_01
0  4.557669 -4.209639 4.430507  -0.353271 0.683652 -0.638608  0.298096 0.539551 0
0  4.821584 -4.037977 4.468282  -0.353271 0.683652 -0.638608  0.298096 0.539551 0
0  5.670677 -4.887069 3.089588  -0.353271 0.683652 -0.638608  0.298096 0.539551 0
painted_wood_01
0  3.983909 -3.200302 19.635353  0.707107 0.707107 0.000000  0.298096 0.539551 0
0  4.513397 -3.729790 14.505948  0.707107 0.707107 0.000000  0.298096 0.539551 0
0  3.049926 -2.266319 12.431530  0.707107 0.707107 0.000000  0.298096 0.539551 0
painted_wood_01
0  2.847467 -3.631071 19.219650  -0.707107 -0.707107 -0.000000  0.298096 0.539551 0
0  2.266319 -3.049922 12.431528  -0.707107 -0.707107 -0.000000  0.298096 0.539551 0
0  3.729789 -4.513393 14.505947  -0.707107 -0.707107 -0.000000  0.298096 0.539551 0
crystal_ball_glass
0  2.981033 -2.676710 18.702389  -0.701978 0.701983 0.120197  0.000000 0.000000 0
0  2.495378 -2.191055 13.029678  -0.701978 0.701983 0.120197  0.000000 0.000000 0
0  2.191058 -2.495373 13.029676  -0.701978 0.701983 0.120197  0.000000 0.000000 0
crystal_ball_glass
0  2.779753 -2.431723 12.435316  0.656186 0.754553 0.008421  0.000000 0.000000 0
0  2.495378 -2.191055 13.029678  0.656186 0.754553 0.008421  0.000000 0.000000 0
0  2.981033 -2.676710 18.702389  0.656186 0.754553 0.008421  0.000000 0.000000 0
crystal_ball_glass
0  2.987132 -3.335159 18.922775  -0.754557 -0.656180 0.008422  0.000000 0.000000 0
0  2.676713 -2.981029 18.702389  -0.754557 -0.656180 0.008422  0.000000 0.000000 0
0  2.191058 -2.495373 13.029676  -0.754557 -0.656180 0.008422  0.000000 0.000000 0
painted_wood_01
0  3.335160 -2.987132 18.922775  -0.369458 0.927263 -0.060701  0.298096 0.539551 0
0  3.178093 -2.830060 22.242926  -0.369458 0.927263 -0.060700  0.298096 0.539551 0
0  3.477409 -2.693798 22.537962  -0.369458 0.927263 -0.060701  0.298096 0.539551 0
gold_player
0  2.431724 -2.779750 12.435314  -0.701979 0.701982 0.120197  0.000000 0.000000 0
0  2.987132 -3.335159 18.922775  -0.701979 0.701982 0.120197  0.000000 0.000000 0
0  3.335160 -2.987132 18.922775  -0.701979 0.701982 0.120197  0.000000 0.000000 0
painted_wood_01
0  3.834977 -3.051367 22.945499  -0.443706 0.443713 0.778617  0.298096 0.539551 0
0  3.477409 -2.693798 22.537962  -0.443706 0.443713 0.778617  0.298096 0.539551 0
0  2.693802 -3.477403 22.537962  -0.443706 0.443713 0.778617  0.298096 0.539551 0
painted_wood_01
0  2.830065 -3.178087 22.242926  -0.658606 0.658603 0.363980  0.298096 0.539551 0
0  2.693802 -3.477403 22.537962  -0.658606 0.658603 0.363980  0.298096 0.539551 0
0  3.477409 -2.693798 22.537962  -0.658606 0.658603 0.363980  0.298096 0.539551 0
crystal_ball_glass
0  3.178093 -2.830060 22.242926  -0.289808 0.289807 0.912153  0.000000 0.000000 0
0  2.821475 -2.517148 22.030205  -0.289808 0.289807 0.912153  0.000000 0.000000 0
0  2.517155 -2.821467 22.030205  -0.289808 0.289807 0.912153  0.000000 0.000000 0
painted_wood_01
0  3.200302 -3.983907 19.635355  -0.707107 -0.707107 0.000001  0.298096 0.539551 0
0  3.051370 -3.834970 22.945499  -0.707107 -0.707107 0.000001  0.298096 0.539551 0
0  2.693802 -3.477403 22.537962  -0.707107 -0.707107 0.000001  0.298096 0.539551 0
crystal_ball_glass
0  2.987132 -3.335159 18.922775  -0.750628 -0.660711 -0.004304  0.000000 0.000000 0
0  2.830065 -3.178087 22.242926  -0.750628 -0.660711 -0.004304  0.000000 0.000000 0
0  2.517155 -2.821467 22.030205  -0.750628 -0.660711 -0.004304  0.000000 0.000000 0
crystal_ball_glass
0  2.676713 -2.981029 18.702389  -0.705486 0.705488 -0.067652  0.000000 0.000000 0
0  2.517155 -2.821467 22.030205  -0.705486 0.705488 -0.067652  0.000000 0.000000 0
0  2.821475 -2.517148 22.030205  -0.705486 0.705488 -0.067652  0.000000 0.000000 0
painted_wood_01
0  2.847467 -3.631071 19.219650  -0.927265 0.369453 -0.060693  0.298096 0.539551 0
0  2.693802 -3.477403 22.537962  -0.927265 0.369453 -0.060693  0.298096 0.539551 0
0  2.830065 -3.178087 22.242926  -0.927265 0.369453 -0.060694  0.298096 0.539551 0
crystal_ball_glass
0  2.981033 -2.676710 18.702389  0.660731 0.750611 -0.004264  0.000000 0.000000 0
0  2.821475 -2.517148 22.030205  0.660731 0.750611 -0.004264  0.000000 0.000000 0
0  3.178093 -2.830060 22.242926  0.660731 0.750611 -0.004264  0.000000 0.000000 0
painted_wood_01
0  6.672784 -6.150411 6.028134  -0.346922 0.341106 0.873666  0.298096 0.539551 0
0  4.821584 -4.037977 4.468282  -0.346922 0.341106 0.873666  0.298096 0.539551 0
0  4.557669 -4.209639 4.430507  -0.346922 0.341106 0.873666  0.298096 0.539551 0
painted_wood_01
0  4.209641 -4.557665 4.430506  0.832332 -0.541333 0.119089  0.298096 0.539551 0
0  4.037978 -4.821580 4.468280  0.000000 0.000000 -0.059651  0.298096 0.539551 0
0  4.037978 -4.821580 4.468280  -0.836779 0.544282 -0.059651  0.298096 0.539551 0
painted_wood_01
0  6.150412 -6.672781 6.028132  0.000000 0.000000 -0.251220  0.298096 0.539551 0
0  6.150412 -6.672781 6.028132  -0.713192 -0.654405 -0.251220  0.298096 0.539551 0
0  4.209641 -4.557665 4.430506  0.643790 0.590780 0.486326  0.298096 0.539551 0
painted_wood_01
0  4.513397 -3.729790 14.505948  0.722179 0.691573 -0.013576  0.298096 0.539551 0
0  4.592967 -3.809360 14.646135  0.722179 0.691573 -0.013576  0.298096 0.539551 0
0  6.718204 -6.195065 6.208757  0.722179 0.691573 -0.013576  0.298096 0.539551 0
painted_wood_01
0  6.150412 -6.672781 6.028132  -0.691829 -0.721931 -0.013713  0.298096 0.539551 0
0  6.197910 -6.721047 6.207235  -0.691829 -0.721931 -0.013713  0.298096 0.539551 0
0  3.809359 -4.592963 14.646132  -0.691829 -0.721931 -0.013713  0.298096 0.539551 0
painted_wood_01
0  3.729789 -4.513393 14.505947  -0.551428 0.551430 0.625981  0.298096 0.539551 0
0  3.809359 -4.592963 14.646132  -0.551428 0.551430 0.625981  0.298096 0.539551 0
0  4.592967 -3.809360 14.646135  -0.551428 0.551430 0.625981  0.298096 0.539551 0
crystal_ball_glass
0  3.729789 -4.513393 14.505947  -0.749120 -0.661623 -0.032776  0.000000 0.000000 0
0  2.431724 -2.779750 12.435314  -0.749118 -0.661625 -0.032778  0.000000 0.000000 0
0  6.150412 -6.672781 6.028132  -0.749119 -0.661625 -0.032778  0.000000 0.000000 0
crystal_ball_glass
0  2.431724 -2.779750 12.435314  -0.749120 -0.661623 -0.032779  0.000000 0.000000 0
0  4.209641 -4.557665 4.430506  -0.749121 -0.661621 -0.032777  0.000000 0.000000 0
0  6.150412 -6.672781 6.028132  -0.749120 -0.661622 -0.032778  0.000000 0.000000 0
gold_player
0  2.431724 -2.779750 12.435314  0.491253 -0.491251 -0.719265  0.000000 0.000000 0
0  2.779753 -2.431723 12.435316  0.491253 -0.491251 -0.719265  0.000000 0.000000 0
0  4.513397 -3.729790 14.505948  0.491253 -0.491251 -0.719265  0.000000 0.000000 0
gold_player
0  4.557669 -4.209639 4.430507  -0.344114 0.344111 0.873598  0.000000 0.000000 0
0  4.209641 -4.557665 4.430506  -0.344114 0.344111 0.873598  0.000000 0.000000 0
0  6.150412 -6.672781 6.028132  -0.344114 0.344111 0.873598  0.000000 0.000000 0
gold_player
0  6.150412 -6.672781 6.028132  -0.707139 0.707074 0.000003  0.000000 0.000000 0
0  6.672784 -6.150411 6.028134  0.000000 0.000000 -0.000001  0.000000 0.000000 0
0  6.672784 -6.150411 6.028134  0.707106 -0.707108 -0.000001  0.000000 0.000000 0
gold_player
0  4.513397 -3.729790 14.505948  0.266633 0.237881 -0.933980  0.000000 0.000000 0
0  6.672784 -6.150411 6.028134  0.000000 0.000000 0.566867  0.000000 0.000000 0
0  6.672784 -6.150411 6.028134  -0.614748 -0.548404 0.566867  0.000000 0.000000 0
gold_player
0  3.729789 -4.513393 14.505947  -0.660549 0.660553 -0.356853  0.000000 0.000000 0
0  4.513397 -3.729790 14.505948  -0.660549 0.660553 -0.356853  0.000000 0.000000 0
0  6.672784 -6.150411 6.028134  -0.660549 0.660553 -0.356853  0.000000 0.000000 0
gold_player
0  6.672784 -6.150411 6.028134  0.707139 -0.707074 -0.000003  0.000000 0.000000 0
0  6.150412 -6.672781 6.028132  0.000000 0.000000 0.000001  0.000000 0.000000 0
0  6.150412 -6.672781 6.028132  -0.707106 0.707108 0.000001  0.000000 0.000000 0
crystal_ball_glass
0  4.557669 -4.209639 4.430507  0.661653 0.749095 -0.032749  0.000000 0.000000 0
0  2.779753 -2.431723 12.435316  0.661652 0.749096 -0.032749  0.000000 0.000000 0
0  6.672784 -6.150411 6.028134  0.661651 0.749097 -0.032747  0.000000 0.000000 0
crystal_ball_glass
0  2.779753 -2.431723 12.435316  0.661624 0.749119 -0.032777  0.000000 0.000000 0
0  4.513397 -3.729790 14.505948  0.661623 0.749120 -0.032775  0.000000 0.000000 0
0  6.672784 -6.150411 6.028134  0.661624 0.749119 -0.032777  0.000000 0.000000 0
black
0  3.809359 -4.592963 14.646132  0.057765 -0.057769 0.996657  0.000000 0.000000 0
0  4.057974 -4.588053 14.632009  0.057765 -0.057769 0.996657  0.000000 0.000000 0
0  4.588055 -4.057975 14.632012  0.057765 -0.057769 0.996657  0.000000 0.000000 0
black
0  6.579035 -6.284646 6.508852  0.945387 -0.165188 0.280992  0.000000 0.000000 0
0  6.718204 -6.195065 6.208757  0.945390 -0.165191 0.280981  0.000000 0.000000 0
0  4.592967 -3.809360 14.646135  0.945384 -0.165184 0.281004  0.000000 0.000000 0
black
0  6.284647 -6.579034 6.508851  0.704101 -0.699485 0.122321  0.000000 0.000000 0
0  6.197910 -6.721047 6.207235  0.704120 -0.699468 0.122308  0.000000 0.000000 0
0  6.718204 -6.195065 6.208757  0.704120 -0.699468 0.122308  0.000000 0.000000 0
black
0  4.057974 -4.588053 14.632009  0.171302 -0.943856 0.282475  0.000000 0.000000 0
0  3.809359 -4.592963 14.646132  0.171300 -0.943853 0.282484  0.000000 0.000000 0
0  6.197910 -6.721047 6.207235  0.171299 -0.943852 0.282488  0.000000 0.000000 0
black
0  6.579035 -6.284646 6.508852  0.663781 -0.663788 0.344646  0.000000 0.000000 0
0  4.588055 -4.057975 14.632012  0.663781 -0.663788 0.344646  0.000000 0.000000 0
0  4.057974 -4.588053 14.632009  0.663781 -0.663788 0.344646  0.000000 0.000000 0
black
0  8.871435 -10.006626 -1.938043  -0.682139 0.682132 -0.263404  0.000000 0.000000 0
0  8.712851 -10.317423 -2.332226  -0.682139 0.682132 -0.263404  0.000000 0.000000 0
0  7.837859 -10.122279 0.439100  -0.682139 0.682132 -0.263404  0.000000 0.000000 0
black
0  9.866996 -8.245355 0.044917  -0.682135 0.682137 -0.263404  0.000000 0.000000 0
0  10.122279 -7.837860 0.439100  -0.682135 0.682137 -0.263404  0.000000 0.000000 0
0  10.317422 -8.712852 -2.332226  -0.682135 0.682137 -0.263404  0.000000 0.000000 0
black
0  8.245354 -9.866996 0.044917  -0.682136 0.682136 -0.263402  0.000000 0.000000 0
0  7.837859 -10.122279 0.439100  -0.682136 0.682136 -0.263402  0.000000 0.000000 0
0  10.122279 -7.837860 0.439100  -0.682136 0.682136 -0.263402  0.000000 0.000000 0
black
0  10.006626 -8.871435 -1.938043  -0.682136 0.682136 -0.263403  0.000000 0.000000 0
0  10.317422 -8.712852 -2.332226  -0.682136 0.682136 -0.263403  0.000000 0.000000 0
0  8.712851 -10.317423 -2.332226  -0.682136 0.682136 -0.263403  0.000000 0.000000 0
painted_wood_01
0  7.879970 -9.551697 0.485932  0.384498 -0.384497 -0.839239  0.298096 0.539551 0
0  7.849488 -9.900437 0.631742  0.384498 -0.384497 -0.839239  0.298096 0.539551 0
0  6.683122 -8.734072 -0.437000  0.384498 -0.384497 -0.839239  0.298096 0.539551 0
painted_wood_01
0  7.031862 -8.703589 -0.291190  0.384498 -0.384498 -0.839239  0.298096 0.539551 0
0  6.683122 -8.734072 -0.437000  0.384498 -0.384498 -0.839239  0.298096 0.539551 0
0  8.734072 -6.683122 -0.437000  0.384498 -0.384498 -0.839239  0.298096 0.539551 0
painted_wood_01
0  9.551698 -7.879970 0.485932  0.384499 -0.384499 -0.839239  0.298096 0.539551 0
0  9.900437 -7.849488 0.631742  0.384499 -0.384499 -0.839239  0.298096 0.539551 0
0  7.849488 -9.900437 0.631742  0.384499 -0.384499 -0.839239  0.298096 0.539551 0
painted_wood_01
0  8.703589 -7.031862 -0.291190  0.384497 -0.384499 -0.839239  0.298096 0.539551 0
0  8.734072 -6.683122 -0.437000  0.384497 -0.384499 -0.839239  0.298096 0.539551 0
0  9.900437 -7.849488 0.631742  0.384497 -0.384499 -0.839239  0.298096 0.539551 0
c_invasion_wrangler_laser
0  7.879970 -9.551697 0.485932  0.477697 -0.477697 0.737300  0.000000 0.000000 0
0  8.245354 -9.866996 0.044917  0.477697 -0.477697 0.737300  0.000000 0.000000 0
0  9.866996 -8.245355 0.044917  0.477697 -0.477697 0.737300  0.000000 0.000000 0
c_invasion_wrangler_laser
0  8.703589 -7.031862 -0.291190  -0.606971 0.606972 -0.513002  0.000000 0.000000 0
0  8.995619 -8.016291 -1.801467  -0.606971 0.606972 -0.513002  0.000000 0.000000 0
0  8.016291 -8.995618 -1.801467  -0.606971 0.606972 -0.513002  0.000000 0.000000 0
c_invasion_wrangler_laser
0  8.871435 -10.006626 -1.938043  -0.072797 0.072797 -0.994686  0.000000 0.000000 0
0  8.016291 -8.995618 -1.801467  -0.072797 0.072797 -0.994686  0.000000 0.000000 0
0  8.995619 -8.016291 -1.801467  -0.072797 0.072797 -0.994686  0.000000 0.000000 0
c_invasion_wrangler_laser
0  8.245354 -9.866996 0.044917  -0.693617 -0.689229 -0.209424  0.000000 0.000000 0
0  7.879970 -9.551697 0.485932  -0.693606 -0.689240 -0.209427  0.000000 0.000000 0
0  7.031862 -8.703589 -0.291190  -0.693611 -0.689235 -0.209426  0.000000 0.000000 0
c_invasion_wrangler_laser
0  7.031862 -8.703589 -0.291190  -0.693604 -0.689228 -0.209473  0.000000 0.000000 0
0  8.016291 -8.995618 -1.801467  -0.693608 -0.689221 -0.209483  0.000000 0.000000 0
0  8.245354 -9.866996 0.044917  -0.693607 -0.689222 -0.209481  0.000000 0.000000 0
c_invasion_wrangler_laser
0  10.006626 -8.871435 -1.938043  0.689202 0.693628 -0.209478  0.000000 0.000000 0
0  8.995619 -8.016291 -1.801467  0.689203 0.693628 -0.209472  0.000000 0.000000 0
0  9.866996 -8.245355 0.044917  0.689202 0.693628 -0.209479  0.000000 0.000000 0
c_invasion_wrangler_laser
0  8.995619 -8.016291 -1.801467  0.689222 0.693607 -0.209481  0.000000 0.000000 0
0  8.703589 -7.031862 -0.291190  0.689226 0.693605 -0.209476  0.000000 0.000000 0
0  9.866996 -8.245355 0.044917  0.689222 0.693607 -0.209482  0.000000 0.000000 0
painted_wood_01
0  6.146601 -4.285356 2.200109  -0.120505 0.120505 -0.985372  0.298096 0.539551 0
0  7.586419 -5.826493 1.835556  -0.120505 0.120505 -0.985372  0.298096 0.539551 0
0  5.826494 -7.586419 1.835556  -0.120505 0.120505 -0.985372  0.298096 0.539551 0
painted_wood_01
0  -9.000000 1.000000 1.000000  0.000000 0.000000 1.000000  0.298096 0.539551 0
0  -11.000000 1.000000 1.000000  0.000000 0.000000 1.000000  0.298096 0.539551 0
0  -11.000000 0.000000 1.000000  0.000000 0.000000 1.000000  0.298096 0.539551 0
painted_wood_01
0  -2.000000 9.000000 1.000000  0.707107 -0.707107 0.000000  0.298096 0.539551 0
0  -9.000000 2.000000 1.000000  0.707107 -0.707107 0.000000  0.298096 0.539551 0
0  -9.000000 2.000000 -1.000000  0.707107 -0.707107 0.000000  0.298096 0.539551 0
painted_wood_01
0  -2.000000 9.000000 1.000000  0.000000 -1.000000 0.000000  0.298096 0.539551 0
0  -2.000000 9.000000 -1.000000  0.000000 -1.000000 0.000000  0.298096 0.539551 0
0  -1.000000 9.000000 1.000000  0.000000 -1.000000 0.000000  0.298096 0.539551 0
painted_wood_01
0  -2.000000 9.000000 -1.000000  0.000000 -1.000000 0.000000  0.298096 0.539551 0
0  0.000000 9.000000 -1.000000  0.000000 -1.000000 0.000000  0.298096 0.539551 0
0  -1.000000 9.000000 1.000000  0.000000 -1.000000 0.000000  0.298096 0.539551 0
painted_wood_01
0  0.000000 9.000000 -1.000000  1.000000 0.000000 0.000000  0.298096 0.539551 0
0  0.000000 11.000000 -1.000000  1.000000 0.000000 0.000000  0.298096 0.539551 0
0  0.000000 11.000000 1.000000  1.000000 0.000000 0.000000  0.298096 0.539551 0
painted_wood_01
0  0.000000 11.000000 1.000000  0.000000 1.000000 0.000000  0.298096 0.539551 0
0  0.000000 11.000000 -1.000000  0.000000 1.000000 0.000000  0.298096 0.539551 0
0  -1.000000 11.000000 1.000000  0.000000 1.000000 0.000000  0.298096 0.539551 0
painted_wood_01
0  0.000000 11.000000 -1.000000  0.000000 1.000000 0.000000  0.298096 0.539551 0
0  -2.000000 11.000000 -1.000000  0.000000 1.000000 0.000000  0.298096 0.539551 0
0  -1.000000 11.000000 1.000000  0.000000 1.000000 0.000000  0.298096 0.539551 0
painted_wood_01
0  -2.000000 9.000000 -1.000000  0.000000 0.000000 -1.000000  0.298096 0.539551 0
0  -2.000000 11.000000 -1.000000  0.000000 0.000000 -1.000000  0.298096 0.539551 0
0  0.000000 11.000000 -1.000000  0.000000 0.000000 -1.000000  0.298096 0.539551 0
painted_wood_01
0  -1.000000 9.000000 1.000000  0.000000 0.000000 1.000000  0.298096 0.539551 0
0  -1.000000 11.000000 1.000000  0.000000 0.000000 1.000000  0.298096 0.539551 0
0  -2.000000 11.000000 1.000000  0.000000 0.000000 1.000000  0.298096 0.539551 0
painted_wood_01
0  -11.000000 2.000000 1.000000  -1.000000 0.000000 0.000000  0.298096 0.539551 0
0  -11.000000 2.000000 -1.000000  -1.000000 0.000000 0.000000  0.298096 0.539551 0
0  -11.000000 1.000000 1.000000  -1.000000 0.000000 0.000000  0.298096 0.539551 0
painted_wood_01
0  -11.000000 2.000000 -1.000000  -1.000000 0.000000 0.000000  0.298096 0.539551 0
0  -11.000000 0.000000 -1.000000  -1.000000 0.000000 0.000000  0.298096 0.539551 0
0  -11.000000 1.000000 1.000000  -1.000000 0.000000 0.000000  0.298096 0.539551 0
painted_wood_01
0  -9.000000 0.000000 1.000000  1.000000 0.000000 0.000000  0.298096 0.539551 0
0  -9.000000 0.000000 -1.000000  1.000000 0.000000 0.000000  0.298096 0.539551 0
0  -9.000000 1.000000 1.000000  1.000000 0.000000 0.000000  0.298096 0.539551 0
painted_wood_01
0  -9.000000 0.000000 -1.000000  1.000000 0.000000 0.000000  0.298096 0.539551 0
0  -9.000000 2.000000 -1.000000  1.000000 0.000000 0.000000  0.298096 0.539551 0
0  -9.000000 1.000000 1.000000  1.000000 0.000000 0.000000  0.298096 0.539551 0
gold_player
0  -2.250000 9.103554 -1.250000  0.000000 0.000000 -1.000000  0.288257 -0.466981 0
0  -9.103554 2.250000 -1.250000  0.000000 0.000000 -1.000000  0.130286 0.872311 0
0  -10.396446 2.250000 -1.250000  0.000000 0.000000 -1.000000  -0.831273 0.897801 0
painted_wood_01
0  -11.000000 0.000000 -1.000000  0.000000 0.000000 -1.000000  0.298096 0.539551 0
0  -11.000000 2.000000 -1.000000  0.000000 0.000000 -1.000000  0.298096 0.539551 0
0  -9.000000 2.000000 -1.000000  0.000000 0.000000 -1.000000  0.298096 0.539551 0
painted_wood_01
0  -11.000000 1.000000 1.000000  0.000000 0.000000 1.000000  0.298096 0.539551 0
0  -9.000000 1.000000 1.000000  0.000000 0.000000 1.000000  0.298096 0.539551 0
0  -9.000000 2.000000 1.000000  0.000000 0.000000 1.000000  0.298096 0.539551 0
painted_wood_01
0  -1.000000 11.000000 1.000000  0.000000 0.000000 1.000000  0.298096 0.539551 0
0  -1.000000 9.000000 1.000000  0.000000 0.000000 1.000000  0.298096 0.539551 0
0  0.000000 9.000000 1.000000  0.000000 0.000000 1.000000  0.298096 0.539551 0
painted_wood_01
0  -9.103554 2.250000 1.250000  0.500000 -0.500000 0.707107  0.298096 0.539551 0
0  -9.000000 2.000000 1.000000  0.500000 -0.500000 0.707107  0.298096 0.539551 0
0  -2.000000 9.000000 1.000000  0.500000 -0.500000 0.707107  0.298096 0.539551 0
painted_wood_01
0  -2.250000 10.396447 -1.250000  0.707107 0.000000 -0.707107  0.298096 0.539551 0
0  -2.000000 11.000000 -1.000000  0.707107 0.000000 -0.707107  0.298096 0.539551 0
0  -2.000000 9.000000 -1.000000  0.707107 0.000000 -0.707107  0.298096 0.539551 0
painted_wood_01
0  -2.250000 9.103554 -1.250000  0.500000 -0.500000 -0.707107  0.298096 0.539551 0
0  -2.000000 9.000000 -1.000000  0.500000 -0.500000 -0.707107  0.298096 0.539551 0
0  -9.000000 2.000000 -1.000000  0.500000 -0.500000 -0.707107  0.298096 0.539551 0
painted_wood_01
0  -10.396446 2.250000 -1.250000  -0.500000 0.500000 -0.707107  0.298096 0.539551 0
0  -11.000000 2.000000 -1.000000  -0.500000 0.500000 -0.707107  0.298096 0.539551 0
0  -2.000000 11.000000 -1.000000  -0.500000 0.500000 -0.707107  0.298096 0.539551 0
painted_wood_01
0  -9.103554 2.250000 -1.250000  0.000000 -0.707107 -0.707107  0.298096 0.539551 0
0  -9.000000 2.000000 -1.000000  0.000000 -0.707107 -0.707107  0.298096 0.539551 0
0  -11.000000 2.000000 -1.000000  0.000000 -0.707107 -0.707107  0.298096 0.539551 0
black
0  -2.000000 11.000000 -1.000000  0.000000 0.000000 1.000000  0.375000 1.125000 0
0  -11.000000 2.000000 -1.000000  0.000000 0.000000 1.000000  0.375000 -0.125000 0
0  -11.000000 2.000000 -1.000000  0.000000 0.000000 1.000000  0.375000 -0.125000 0
painted_wood_01
0  -2.250000 9.103554 1.250000  0.571615 0.032722 0.819869  0.298096 0.539551 0
0  -2.000000 9.000000 1.000000  0.571615 0.032724 0.819869  0.298096 0.539551 0
0  -2.000000 11.000000 1.000000  0.571614 0.032718 0.819870  0.298096 0.539551 0
black
0  -11.000000 2.000000 1.000000  0.954520 -0.298148 0.000000  0.625000 -0.125000 0
0  -11.000000 2.000000 -1.000000  0.954520 -0.298148 0.000000  0.375000 -0.125000 0
0  -10.810495 2.606698 -0.437000  0.954520 -0.298148 0.000000  0.000000 0.000000 0
black
0  -2.606698 10.810495 0.437000  -0.707107 0.707107 0.000000  0.000000 0.000000 0
0  -2.606698 10.810495 -0.437000  -0.707107 0.707107 0.000000  0.000000 0.000000 0
0  -4.657647 8.759546 0.000000  -0.707107 0.707107 0.000000  0.000000 0.000000 0
black
0  -2.606698 10.810495 -0.437000  -0.707107 0.707107 0.000000  0.000000 0.000000 0
0  -4.657647 8.759546 -0.437000  -0.707107 0.707107 0.000000  0.000000 0.000000 0
0  -4.657647 8.759546 0.000000  -0.707107 0.707107 0.000000  0.000000 0.000000 0
painted_wood_01
0  -9.567706 7.516756 1.368258  -0.595875 0.595875 0.538392  0.298096 0.539551 0
0  -7.516756 9.567706 1.368258  -0.595875 0.595875 0.538392  0.298096 0.539551 0
0  -7.849488 9.900437 0.631742  -0.595875 0.595875 0.538392  0.298096 0.539551 0
painted_wood_01
0  -11.000000 2.000000 1.000000  -0.032711 -0.571613 0.819871  0.298096 0.539551 0
0  -9.000000 2.000000 1.000000  -0.032718 -0.571614 0.819870  0.298096 0.539551 0
0  -9.103554 2.250000 1.250000  -0.032714 -0.571614 0.819870  0.298096 0.539551 0
black
0  -10.810495 2.606698 -0.437000  -0.626334 0.626334 -0.464124  0.000000 0.000000 0
0  -8.759546 4.657647 -0.437000  -0.626334 0.626334 -0.464124  0.000000 0.000000 0
0  -11.000000 2.000000 -1.000000  -0.626334 0.626334 -0.464124  0.000000 0.000000 0
painted_wood_01
0  -2.000000 11.000000 1.000000  0.000000 0.000000 -0.354547  0.298096 0.539551 0
0  -2.000000 11.000000 1.000000  0.278780 -0.892512 -0.354547  0.298096 0.539551 0
0  -2.606698 10.810495 0.437000  -0.223226 0.714536 0.663030  0.298096 0.539551 0
black
0  -2.000000 11.000000 1.000000  -0.298148 0.954520 0.000000  0.000000 0.000000 0
0  -2.000000 11.000000 -1.000000  -0.298148 0.954520 0.000000  0.000000 0.000000 0
0  -2.606698 10.810495 -0.437000  -0.298148 0.954520 0.000000  0.000000 0.000000 0
black
0  -4.657647 8.759546 -0.437000  -0.626334 0.626334 -0.464125  0.000000 0.000000 0
0  -2.606698 10.810495 -0.437000  -0.626334 0.626334 -0.464125  0.000000 0.000000 0
0  -2.000000 11.000000 -1.000000  -0.626334 0.626334 -0.464125  0.000000 0.000000 0
gold_player
0  -8.734072 6.683122 -0.437000  -0.707107 -0.707106 0.000000  0.000000 0.000000 0
0  -8.734072 6.683122 0.437000  -0.707107 -0.707106 0.000000  0.000000 0.000000 0
0  -9.567706 7.516756 1.368258  -0.707107 -0.707106 0.000000  0.000000 0.000000 0
painted_wood_01
0  -4.657647 8.759546 0.000000  -0.012576 0.999921 0.000000  0.298096 0.539551 0
0  -4.657647 8.759546 -0.437000  -0.012576 0.999921 0.000000  0.298096 0.539551 0
0  -6.683122 8.734072 -0.437000  -0.012576 0.999921 0.000000  0.298096 0.539551 0
painted_wood_01
0  -6.683122 8.734072 -0.437000  -0.012576 0.999921 0.000000  0.298096 0.539551 0
0  -6.683122 8.734072 0.437000  -0.012576 0.999921 0.000000  0.298096 0.539551 0
0  -4.657647 8.759546 0.000000  -0.012576 0.999921 0.000000  0.298096 0.539551 0
black
0  -8.759546 4.657647 -0.437000  -0.707107 0.707107 0.000000  0.000000 0.000000 0
0  -10.810495 2.606698 -0.437000  -0.707107 0.707107 0.000000  0.000000 0.000000 0
0  -10.810495 2.606698 0.437000  -0.707107 0.707107 0.000000  0.000000 0.000000 0
gold_player
0  -6.683122 8.734072 -0.437000  0.707106 0.707107 0.000001  0.000000 0.000000 0
0  -7.849488 9.900437 0.631742  0.707106 0.707107 0.000001  0.000000 0.000000 0
0  -7.516756 9.567706 1.368258  0.707106 0.707107 0.000001  0.000000 0.000000 0
painted_wood_01
0  -8.734072 6.683122 0.437000  -0.999921 0.012576 0.000000  0.298096 0.539551 0
0  -8.734072 6.683122 -0.437000  -0.999921 0.012576 0.000000  0.298096 0.539551 0
0  -8.759546 4.657647 -0.437000  -0.999921 0.012576 0.000000  0.298096 0.539551 0
black
0  -4.657647 8.759546 -0.437000  -0.357945 0.357928 -0.862417  0.000000 0.000000 0
0  -2.000000 11.000000 -1.000000  -0.357972 0.357902 -0.862417  0.000000 0.000000 0
0  -8.759546 4.657647 -0.437000  -0.357940 0.357933 -0.862417  0.000000 0.000000 0
black
0  -2.000000 11.000000 -1.000000  -0.357937 0.357935 -0.862417  0.000000 0.000000 0
0  -11.000000 2.000000 -1.000000  -0.357965 0.357906 -0.862417  0.000000 0.000000 0
0  -8.759546 4.657647 -0.437000  -0.357954 0.357918 -0.862417  0.000000 0.000000 0
black
0  -8.759546 4.657647 -0.437000  -0.357964 0.357971 -0.862391  0.000000 0.000000 0
0  -8.734072 6.683122 -0.437000  -0.357977 0.357957 -0.862391  0.000000 0.000000 0
0  -6.683122 8.734072 -0.437000  -0.357983 0.357951 -0.862391  0.000000 0.000000 0
painted_wood_01
0  -8.734072 6.683122 0.437000  0.707107 -0.707107 0.000000  0.298096 0.539551 0
0  -8.734072 6.683122 -0.437000  0.707107 -0.707107 0.000000  0.298096 0.539551 0
0  -6.683122 8.734072 -0.437000  0.707107 -0.707107 0.000000  0.298096 0.539551 0
black
0  -11.000000 2.000000 -1.000000  -0.954520 0.298148 0.000000  0.000000 0.000000 0
0  -11.000000 2.000000 1.000000  -0.954520 0.298148 0.000000  0.000000 0.000000 0
0  -10.810495 2.606698 0.437000  -0.954520 0.298148 0.000000  0.000000 0.000000 0
painted_wood_01
0  -10.596446 2.450000 1.250000  -0.786942 0.533493 0.310013  0.298096 0.539551 0
0  -10.810495 2.606698 0.437000  -0.786942 0.533493 0.310013  0.298096 0.539551 0
0  -11.000000 2.000000 1.000000  -0.786942 0.533493 0.310013  0.298096 0.539551 0
painted_wood_01
0  -10.810495 2.606698 0.437000  -0.758751 0.649500 0.049471  0.298096 0.539551 0
0  -10.596446 2.450000 1.250000  -0.758750 0.649500 0.049471  0.298096 0.539551 0
0  -7.934072 5.883121 1.537000  -0.758757 0.649493 0.049469  0.298096 0.539551 0
gold_player
0  -9.103554 2.250000 1.250000  0.000000 0.000000 1.000000  1.887944 0.906250 0
0  -2.250000 9.103554 1.250000  0.000000 0.000000 1.000000  1.031250 1.762944 0
0  -2.450000 10.596446 1.250000  0.000000 0.000000 1.000000  -0.340223 -0.524255 0
painted_wood_01
0  -2.450000 10.596446 1.250000  -0.649544 0.758714 0.049454  0.298096 0.539551 0
0  -2.606698 10.810495 0.437000  -0.649516 0.758737 0.049465  0.298096 0.539551 0
0  -4.657647 8.759546 0.437000  -0.649536 0.758721 0.049457  0.298096 0.539551 0
painted_wood_01
0  -7.934072 5.883121 1.537000  0.329474 -0.329474 0.884813  0.298096 0.539551 0
0  -10.596446 2.450000 1.250000  0.329474 -0.329474 0.884813  0.298096 0.539551 0
0  -2.450000 10.596446 1.250000  0.329474 -0.329474 0.884813  0.298096 0.539551 0
painted_wood_01
0  -8.703589 7.031862 -0.291190  -0.384498 0.384498 -0.839239  0.298096 0.539551 0
0  -9.551698 7.879970 0.485932  -0.384498 0.384498 -0.839239  0.298096 0.539551 0
0  -7.879970 9.551697 0.485932  -0.384498 0.384498 -0.839239  0.298096 0.539551 0
gold_player
0  -2.000000 11.000000 -1.000000  0.000000 0.000000 -0.000000  0.375000 1.125000 0
0  -2.000000 11.000000 -1.000000  0.707107 -0.707107 -0.000000  0.375000 1.125000 0
0  -11.000000 2.000000 -1.000000  -0.707141 0.707073 -0.000000  0.000000 0.000000 0
gold_player
0  -2.000000 11.000000 -1.000000  -0.707107 0.707107 0.000000  0.375000 1.125000 0
0  -11.000000 2.000000 -1.000000  -0.707107 0.707107 0.000000  0.000000 0.000000 0
0  -11.000000 2.000000 1.000000  -0.707107 0.707107 0.000000  0.000000 0.000000 0
gold_player
0  -2.000000 11.000000 1.000000  0.000000 0.000000 0.000000  0.000000 0.000000 0
0  -2.000000 11.000000 1.000000  0.000000 0.000000 0.000000  0.625000 1.125000 0
0  -2.000000 11.000000 -1.000000  0.000000 0.000000 0.000000  0.375000 1.125000 0
black
0  -9.866996 8.245355 0.044917  0.682135 -0.682136 -0.263403  0.000000 0.000000 0
0  -10.006626 8.871435 -1.938043  0.682135 -0.682136 -0.263403  0.000000 0.000000 0
0  -8.871435 10.006626 -1.938043  0.682135 -0.682136 -0.263403  0.000000 0.000000 0
c_invasion_wrangler_laser
0  -9.108167 7.843901 1.814342  -0.602227 -0.776673 0.184668  0.000000 0.000000 0
0  -8.421432 7.391927 2.370491  -0.602227 -0.776673 0.184668  0.000000 0.000000 0
0  -7.579334 7.428634 5.053491  -0.602225 -0.776673 0.184671  0.000000 0.000000 0
painted_wood_01
0  -10.311981 9.076738 -2.280855  0.240727 -0.240728 -0.940266  0.298096 0.539551 0
0  -10.769707 9.534464 -2.515230  0.240727 -0.240728 -0.940266  0.298096 0.539551 0
0  -9.534464 10.769707 -2.515230  0.240727 -0.240728 -0.940266  0.298096 0.539551 0
painted_wood_01
0  -7.500491 8.213733 5.985076  -0.514837 0.514837 0.685482  0.298096 0.539551 0
0  -7.861779 8.575021 5.442380  -0.514837 0.514837 0.685482  0.298096 0.539551 0
0  -8.575023 7.861777 5.442380  -0.514837 0.514837 0.685482  0.298096 0.539551 0
gold_player
0  -8.753550 9.620193 1.795608  0.601388 0.779815 0.173844  0.000000 0.000000 0
0  -9.206296 9.880781 2.192893  0.601388 0.779815 0.173844  0.000000 0.000000 0
0  -8.758602 8.961437 4.768085  0.601388 0.779815 0.173844  0.000000 0.000000 0
painted_wood_01
0  -9.679433 10.557434 -0.093381  -0.681796 0.681796 0.265156  0.298096 0.539551 0
0  -9.802840 10.680841 -0.728016  -0.681796 0.681796 0.265156  0.298096 0.539551 0
0  -10.680840 9.802841 -0.728016  -0.681796 0.681796 0.265156  0.298096 0.539551 0
painted_wood_01
0  -10.769707 9.534464 -2.515230  -0.705332 0.705329 -0.070844  0.298096 0.539551 0
0  -10.680840 9.802841 -0.728016  -0.705332 0.705329 -0.070844  0.298096 0.539551 0
0  -9.802840 10.680841 -0.728016  -0.705332 0.705329 -0.070844  0.298096 0.539551 0
gold_player
0  -8.178309 8.438931 5.104466  -0.280078 0.280075 0.918213  0.000000 0.000000 0
0  -8.758602 8.961437 4.768085  -0.280078 0.280075 0.918213  0.000000 0.000000 0
0  -8.961439 8.758601 4.768085  -0.280078 0.280075 0.918213  0.000000 0.000000 0
painted_wood_01
0  -8.438933 8.178308 5.104466  -0.661520 0.661522 0.353243  0.298096 0.539551 0
0  -8.575023 7.861777 5.442380  -0.661520 0.661522 0.353243  0.298096 0.539551 0
0  -7.861779 8.575021 5.442380  -0.661520 0.661522 0.353243  0.298096 0.539551 0
painted_wood_01
0  -9.752638 10.193002 0.203365  -0.580932 0.580930 0.570121  0.298096 0.539551 0
0  -9.679433 10.557434 -0.093381  -0.580932 0.580930 0.570121  0.298096 0.539551 0
0  -10.557433 9.679434 -0.093381  -0.580932 0.580930 0.570121  0.298096 0.539551 0
painted_wood_01
0  -10.193001 9.752639 0.203365  -0.575202 0.584755 0.572018  0.298096 0.539551 0
0  -10.557433 9.679434 -0.093381  -0.575202 0.584755 0.572019  0.298096 0.539551 0
0  -9.883766 8.501668 1.793140  -0.575202 0.584755 0.572018  0.298096 0.539551 0
painted_wood_01
0  -8.178309 8.438931 5.104466  -0.668347 0.655644 0.351344  0.298096 0.539551 0
0  -7.861779 8.575021 5.442380  -0.668347 0.655645 0.351344  0.298096 0.539551 0
0  -8.501670 9.883765 1.793140  -0.668347 0.655645 0.351344  0.298096 0.539551 0
painted_wood_01
0  -8.753550 9.620193 1.795608  -0.584737 0.575227 0.572011  0.298096 0.539551 0
0  -8.501670 9.883765 1.793140  -0.584737 0.575227 0.572011  0.298096 0.539551 0
0  -9.679433 10.557434 -0.093381  -0.584737 0.575227 0.572011  0.298096 0.539551 0
painted_wood_01
0  -9.620194 8.753548 1.795608  -0.655637 0.668355 0.351343  0.298096 0.539551 0
0  -9.883766 8.501668 1.793140  -0.655637 0.668355 0.351343  0.298096 0.539551 0
0  -8.575023 7.861777 5.442380  -0.655637 0.668355 0.351343  0.298096 0.539551 0
gold_player
0  -10.326581 9.983860 0.953694  -0.579810 0.579808 0.572401  0.000000 0.000000 0
0  -9.880782 9.206294 2.192893  -0.579810 0.579808 0.572401  0.000000 0.000000 0
0  -9.206296 9.880781 2.192893  -0.579810 0.579808 0.572401  0.000000 0.000000 0
gold_player
0  -8.961439 8.758601 4.768085  -0.662000 0.662011 0.351423  0.000000 0.000000 0
0  -8.758602 8.961437 4.768085  -0.662000 0.662011 0.351423  0.000000 0.000000 0
0  -9.206296 9.880781 2.192893  -0.662000 0.662011 0.351423  0.000000 0.000000 0
gold_player
0  -8.438933 8.178308 5.104466  -0.779816 -0.601386 0.173844  0.000000 0.000000 0
0  -8.961439 8.758601 4.768085  -0.779816 -0.601386 0.173844  0.000000 0.000000 0
0  -9.880782 9.206294 2.192893  -0.779816 -0.601386 0.173844  0.000000 0.000000 0
gold_player
0  -10.193001 9.752639 0.203365  -0.668696 0.668692 -0.325112  0.000000 0.000000 0
0  -10.326581 9.983860 0.953694  -0.668696 0.668692 -0.325112  0.000000 0.000000 0
0  -9.983859 10.326582 0.953694  -0.668696 0.668692 -0.325112  0.000000 0.000000 0
gold_player
0  -9.620194 8.753548 1.795608  -0.866991 -0.498324 -0.000787  0.000000 0.000000 0
0  -9.880782 9.206294 2.192893  -0.866991 -0.498324 -0.000787  0.000000 0.000000 0
0  -10.326581 9.983860 0.953694  -0.866991 -0.498324 -0.000787  0.000000 0.000000 0
gold_player
0  -9.752638 10.193002 0.203365  0.498326 0.866989 -0.000785  0.000000 0.000000 0
0  -9.983859 10.326582 0.953694  0.498326 0.866989 -0.000785  0.000000 0.000000 0
0  -9.206296 9.880781 2.192893  0.498326 0.866989 -0.000785  0.000000 0.000000 0
black
0  -10.769707 9.534464 -2.515230  -0.777459 -0.620064 0.105254  0.000000 0.000000 0
0  -10.311981 9.076738 -2.280855  -0.777458 -0.620063 0.105262  0.000000 0.000000 0
0  -10.557433 9.679434 -0.093381  -0.777458 -0.620063 0.105262  0.000000 0.000000 0
black
0  -9.076738 10.311981 -2.280855  0.620060 0.777460 0.105267  0.000000 0.000000 0
0  -9.534464 10.769707 -2.515230  0.620062 0.777459 0.105263  0.000000 0.000000 0
0  -9.802840 10.680841 -0.728016  0.620063 0.777459 0.105261  0.000000 0.000000 0
black
0  -7.837859 10.122279 0.439100  0.303766 0.951527 0.048196  0.000000 0.000000 0
0  -8.712851 10.317423 -2.332226  0.303774 0.951524 0.048199  0.000000 0.000000 0
0  -9.293817 10.617064 -0.152770  0.303774 0.951524 0.048199  0.000000 0.000000 0
black
0  -10.317422 8.712852 -2.332226  -0.951537 -0.303730 0.048215  0.000000 0.000000 0
0  -10.122279 7.837860 0.439100  -0.951537 -0.303731 0.048220  0.000000 0.000000 0
0  -10.024017 8.377056 1.343372  -0.951536 -0.303731 0.048224  0.000000 0.000000 0
painted_wood_01
0  -7.837859 10.122279 0.439100  0.559827 -0.559827 -0.610891  0.298096 0.539551 0
0  -7.849488 9.900437 0.631742  0.559827 -0.559827 -0.610891  0.298096 0.539551 0
0  -9.900437 7.849488 0.631742  0.559827 -0.559827 -0.610891  0.298096 0.539551 0
painted_wood_01
0  -10.317422 8.712852 -2.332226  -0.140460 0.140460 -0.980072  0.298096 0.539551 0
0  -10.311981 9.076738 -2.280855  -0.140460 0.140460 -0.980072  0.298096 0.539551 0
0  -9.076738 10.311981 -2.280855  -0.140460 0.140460 -0.980072  0.298096 0.539551 0
painted_wood_01
0  -10.024017 8.377056 1.343372  -0.934303 0.010433 0.356327  0.298096 0.539551 0
0  -9.883766 8.501668 1.793140  -0.934302 0.010429 0.356331  0.298096 0.539551 0
0  -10.557433 9.679434 -0.093381  -0.934301 0.010427 0.356333  0.298096 0.539551 0
painted_wood_01
0  -9.293817 10.617064 -0.152770  -0.010427 0.934302 0.356330  0.298096 0.539551 0
0  -9.679433 10.557434 -0.093381  -0.010430 0.934304 0.356324  0.298096 0.539551 0
0  -8.501670 9.883765 1.793140  -0.010429 0.934303 0.356326  0.298096 0.539551 0
painted_wood_01
0  -10.122279 7.837860 0.439100  -0.521363 -0.726330 0.447912  0.298096 0.539551 0
0  -9.900437 7.849488 0.631742  -0.521365 -0.726333 0.447906  0.298096 0.539551 0
0  -9.883766 8.501668 1.793140  -0.521365 -0.726338 0.447896  0.298096 0.539551 0
painted_wood_01
0  -8.377058 10.024016 1.343372  0.726304 0.521407 0.447903  0.298096 0.539551 0
0  -8.501670 9.883765 1.793140  0.726305 0.521407 0.447901  0.298096 0.539551 0
0  -7.849488 9.900437 0.631742  0.726309 0.521406 0.447896  0.298096 0.539551 0
painted_wood_01
0  -10.617062 9.293818 -0.152770  -0.982512 0.107763 -0.151844  0.298096 0.539551 0
0  -10.557433 9.679434 -0.093381  -0.982512 0.107763 -0.151845  0.298096 0.539551 0
0  -10.311981 9.076738 -2.280855  -0.982512 0.107762 -0.151850  0.298096 0.539551 0
painted_wood_01
0  -8.712851 10.317423 -2.332226  -0.107717 0.982519 -0.151831  0.298096 0.539551 0
0  -9.076738 10.311981 -2.280855  -0.107716 0.982519 -0.151834  0.298096 0.539551 0
0  -9.679433 10.557434 -0.093381  -0.107717 0.982520 -0.151830  0.298096 0.539551 0
painted_wood_01
0  -9.108167 7.843901 1.814342  0.692032 -0.692032 -0.205389  0.298096 0.539551 0
0  -9.567706 7.516756 1.368258  0.692032 -0.692032 -0.205389  0.298096 0.539551 0
0  -7.516756 9.567706 1.368258  0.692032 -0.692032 -0.205389  0.298096 0.539551 0
painted_wood_01
0  -7.830779 8.015840 5.538991  0.692031 -0.692031 -0.205390  0.298096 0.539551 0
0  -7.500491 8.213733 5.985076  0.692031 -0.692031 -0.205390  0.298096 0.539551 0
0  -8.213735 7.500489 5.985076  0.692031 -0.692031 -0.205390  0.298096 0.539551 0
painted_wood_01
0  -8.015841 7.830777 5.538991  0.692031 -0.692032 -0.205389  0.298096 0.539551 0
0  -8.213735 7.500489 5.985076  0.692031 -0.692032 -0.205389  0.298096 0.539551 0
0  -9.567706 7.516756 1.368258  0.692031 -0.692032 -0.205389  0.298096 0.539551 0
painted_wood_01
0  -7.843901 9.108167 1.814342  0.692033 -0.692030 -0.205390  0.298096 0.539551 0
0  -7.516756 9.567706 1.368258  0.692033 -0.692030 -0.205390  0.298096 0.539551 0
0  -7.500491 8.213733 5.985076  0.692033 -0.692030 -0.205390  0.298096 0.539551 0
c_invasion_wrangler_laser
0  -7.843901 9.108167 1.814342  0.401862 -0.401862 -0.822808  0.000000 0.000000 0
0  -7.391928 8.421432 2.370491  0.401862 -0.401862 -0.822808  0.000000 0.000000 0
0  -8.421432 7.391927 2.370491  0.401862 -0.401862 -0.822808  0.000000 0.000000 0
c_invasion_wrangler_laser
0  -7.830779 8.015840 5.538991  0.776691 0.602207 0.184658  0.000000 0.000000 0
0  -7.428636 7.579332 5.053490  0.776690 0.602206 0.184662  0.000000 0.000000 0
0  -7.391928 8.421432 2.370491  0.776690 0.602206 0.184664  0.000000 0.000000 0
c_invasion_wrangler_laser
0  -8.015841 7.830777 5.538991  0.447933 -0.447936 0.773763  0.000000 0.000000 0
0  -7.579334 7.428634 5.053491  0.447933 -0.447936 0.773763  0.000000 0.000000 0
0  -7.428636 7.579332 5.053490  0.447933 -0.447936 0.773763  0.000000 0.000000 0
gold_player
0  -7.843901 9.108167 1.814342  0.692029 -0.692034 -0.205390  0.000000 0.000000 0
0  -7.830779 8.015840 5.538991  0.692029 -0.692034 -0.205390  0.000000 0.000000 0
0  -8.015841 7.830777 5.538991  0.692029 -0.692034 -0.205390  0.000000 0.000000 0
black
0  -6.486232 7.834656 1.414123  -0.553949 0.553949 0.621515  0.000000 0.000000 0
0  -6.683122 8.734072 0.437000  -0.553949 0.553949 0.621515  0.000000 0.000000 0
0  -8.734072 6.683122 0.437000  -0.553949 0.553949 0.621515  0.000000 0.000000 0
black
0  -7.592378 8.940802 1.283751  0.517293 -0.517293 0.681774  0.000000 0.000000 0
0  -8.940802 7.592378 1.283751  0.517293 -0.517293 0.681774  0.000000 0.000000 0
0  -8.734072 6.683122 0.437000  0.517293 -0.517293 0.681774  0.000000 0.000000 0
painted_wood_01
0  -7.592378 8.940802 1.283751  0.149812 -0.149812 0.977299  0.298096 0.539551 0
0  -7.516756 9.567706 1.368258  0.149812 -0.149812 0.977299  0.298096 0.539551 0
0  -9.567706 7.516756 1.368258  0.149812 -0.149812 0.977299  0.298096 0.539551 0
painted_wood_01
0  -7.834656 6.486232 1.414123  -0.230612 0.230612 0.945323  0.298096 0.539551 0
0  -7.934072 5.883121 1.537000  -0.230612 0.230612 0.945323  0.298096 0.539551 0
0  -5.883122 7.934072 1.537000  -0.230612 0.230612 0.945323  0.298096 0.539551 0
c_invasion_wrangler_laser
0  -7.428636 7.579332 5.053490  0.721720 0.657537 0.216253  0.000000 0.000000 0
0  -7.097601 7.248298 4.955242  0.721720 0.657537 0.216253  0.000000 0.000000 0
0  -7.060894 8.090397 2.272242  0.721720 0.657537 0.216253  0.000000 0.000000 0
c_invasion_wrangler_laser
0  -7.391928 8.421432 2.370491  -0.145233 0.145232 -0.978680  0.000000 0.000000 0
0  -7.060894 8.090397 2.272242  -0.145233 0.145232 -0.978680  0.000000 0.000000 0
0  -8.090397 7.060893 2.272242  -0.145233 0.145232 -0.978680  0.000000 0.000000 0
c_invasion_wrangler_laser
0  -8.421432 7.391927 2.370491  -0.657538 -0.721719 0.216252  0.000000 0.000000 0
0  -8.090397 7.060893 2.272242  -0.657538 -0.721719 0.216252  0.000000 0.000000 0
0  -7.248300 7.097600 4.955242  -0.657538 -0.721719 0.216252  0.000000 0.000000 0
c_invasion_wrangler_laser
0  -7.579334 7.428634 5.053491  0.145234 -0.145231 0.978680  0.000000 0.000000 0
0  -7.248300 7.097600 4.955242  0.145234 -0.145231 0.978680  0.000000 0.000000 0
0  -7.097601 7.248298 4.955242  0.145234 -0.145231 0.978680  0.000000 0.000000 0
painted_wood_01
0  -6.565249 6.983750 5.073124  -0.622861 0.622864 0.473376  0.298096 0.539551 0
0  -6.983752 6.565248 5.073126  -0.622861 0.622864 0.473376  0.298096 0.539551 0
0  -6.672784 6.150411 6.028134  -0.622861 0.622864 0.473376  0.298096 0.539551 0
c_invasion_wrangler_laser
0  -8.090397 7.060893 2.272242  -0.874639 -0.399283 0.274919  0.000000 0.000000 0
0  -7.932292 6.522313 1.943608  -0.874639 -0.399283 0.274918  0.000000 0.000000 0
0  -6.983752 6.565248 5.073126  -0.874639 -0.399283 0.274918  0.000000 0.000000 0
c_invasion_wrangler_laser
0  -7.248300 7.097600 4.955242  -0.144790 0.144794 0.978811  0.000000 0.000000 0
0  -6.983752 6.565248 5.073126  -0.144790 0.144794 0.978811  0.000000 0.000000 0
0  -6.565249 6.983750 5.073124  -0.144790 0.144794 0.978811  0.000000 0.000000 0
c_invasion_wrangler_laser
0  -7.060894 8.090397 2.272242  -0.392410 0.392409 -0.831883  0.000000 0.000000 0
0  -6.522313 7.932292 1.943607  -0.392410 0.392409 -0.831883  0.000000 0.000000 0
0  -7.932292 6.522313 1.943608  -0.392410 0.392409 -0.831883  0.000000 0.000000 0
c_invasion_wrangler_laser
0  -7.097601 7.248298 4.955242  0.399282 0.874639 0.274918  0.000000 0.000000 0
0  -6.565249 6.983750 5.073124  0.399282 0.874640 0.274917  0.000000 0.000000 0
0  -6.522313 7.932292 1.943607  0.399282 0.874639 0.274919  0.000000 0.000000 0
crystal_ball_glass
0  -2.431724 2.779750 12.435314  0.599718 -0.599727 -0.529778  0.000000 0.000000 0
0  -2.191058 2.495373 13.029676  0.599718 -0.599727 -0.529778  0.000000 0.000000 0
0  -2.495378 2.191055 13.029678  0.599718 -0.599727 -0.529778  0.000000 0.000000 0
painted_wood_01
0  -7.932292 6.522313 1.943608  -0.102629 0.102628 -0.989411  0.298096 0.539551 0
0  -6.522313 7.932292 1.943607  -0.102629 0.102628 -0.989411  0.298096 0.539551 0
0  -5.826494 7.586419 1.835556  -0.102629 0.102628 -0.989411  0.298096 0.539551 0
painted_wood_01
0  -6.983752 6.565248 5.073126  -0.904841 -0.346427 0.247490  0.298096 0.539551 0
0  -7.932292 6.522313 1.943608  -0.904842 -0.346429 0.247483  0.298096 0.539551 0
0  -7.586419 5.826493 1.835556  -0.904843 -0.346430 0.247478  0.298096 0.539551 0
painted_wood_01
0  -6.522313 7.932292 1.943607  0.346372 0.904857 0.247508  0.298096 0.539551 0
0  -6.565249 6.983750 5.073124  0.346370 0.904860 0.247498  0.298096 0.539551 0
0  -6.150412 6.672781 6.028132  0.346369 0.904864 0.247486  0.298096 0.539551 0
gold_player
0  -7.932292 6.522313 1.943608  -0.692751 0.692755 0.200466  0.000000 0.000000 0
0  -6.983752 6.565248 5.073126  -0.692751 0.692755 0.200466  0.000000 0.000000 0
0  -6.565249 6.983750 5.073124  -0.692751 0.692755 0.200466  0.000000 0.000000 0
crystal_ball_glass
0  -6.560939 8.861320 1.964009  0.775995 -0.325786 -0.540088  0.244174 1.449560 0
0  -6.565706 8.175972 2.370566  0.775995 -0.325786 -0.540088  0.344866 1.641028 0
0  -6.764243 8.029421 2.173711  0.775995 -0.325786 -0.540088  0.371971 1.662900 0
crystal_ball_glass
0  -6.565706 8.175972 2.370566  -0.348250 -0.548917 0.759877  0.105073 -1.344165 0
0  -7.119609 8.729876 2.516840  -0.348250 -0.548917 0.759877  0.004436 -1.389481 0
0  -7.318146 8.583323 2.319985  -0.348250 -0.548917 0.759877  0.034318 -1.236377 0
crystal_ball_glass
0  -7.119609 8.729876 2.516840  -0.426485 0.876691 -0.222541  0.521275 -0.094507 0
0  -6.560939 8.861320 1.964009  -0.426485 0.876691 -0.222541  0.506762 0.104250 0
0  -6.844562 8.651960 1.682788  -0.426485 0.876691 -0.222541  0.546317 -0.159564 0
crystal_ball_glass
0  -6.844562 8.651960 1.682788  0.711063 -0.376532 -0.593813  0.356847 1.782622 0
0  -6.764243 8.029421 2.173711  0.711063 -0.376532 -0.593813  0.441592 1.892985 0
0  -6.980412 7.851882 2.027436  0.711063 -0.376532 -0.593813  0.478321 1.921369 0
crystal_ball_glass
0  -6.764243 8.029421 2.173711  -0.218856 -0.447797 0.866937  0.300848 -1.279357 0
0  -7.318146 8.583323 2.319985  -0.218856 -0.447797 0.866937  0.223804 -1.304378 0
0  -7.534314 8.405783 2.173710  -0.218856 -0.447797 0.866937  0.266020 -1.190261 0
crystal_ball_glass
0  -7.318146 8.583323 2.319985  -0.491413 0.825949 -0.276264  0.613044 -0.009306 0
0  -6.844562 8.651960 1.682788  -0.491413 0.825949 -0.276264  0.594623 0.109062 0
0  -7.153376 8.398331 1.473821  -0.491413 0.825949 -0.276264  0.646071 -0.100726 0
crystal_ball_glass
0  -7.153376 8.398331 1.473821  0.641914 -0.435909 -0.630817  0.512612 2.036849 0
0  -6.980412 7.851882 2.027436  0.641914 -0.435909 -0.630817  0.572168 2.081557 0
0  -7.205905 7.650176 1.937359  0.641914 -0.435909 -0.630817  0.616367 2.104248 0
crystal_ball_glass
0  -6.980412 7.851882 2.027436  -0.081056 -0.329471 0.940680  0.517712 -1.311829 0
0  -7.534314 8.405783 2.173710  -0.081056 -0.329471 0.940680  0.469202 -1.321318 0
0  -7.759808 8.204079 2.083633  -0.081056 -0.329471 0.940680  0.520900 -1.250880 0
crystal_ball_glass
0  -7.534314 8.405783 2.173710  -0.560564 0.766570 -0.313269  0.695667 0.150645 0
0  -7.153376 8.398331 1.473821  -0.560564 0.766570 -0.313269  0.678209 0.203582 0
0  -7.475508 8.110180 1.345142  -0.560564 0.766570 -0.313269  0.738643 0.068635 0
crystal_ball_glass
0  -7.475508 8.110180 1.345142  0.571201 -0.501639 -0.649682  0.696137 2.150997 0
0  -7.205905 7.650176 1.937359  0.571201 -0.501639 -0.649682  0.723865 2.157393 0
0  -7.432057 7.432054 1.906943  0.571201 -0.501639 -0.649682  0.772124 2.165961 0
crystal_ball_glass
0  -7.205905 7.650176 1.937359  0.059863 -0.198478 0.978275  0.733378 -1.426538 0
0  -7.759808 8.204079 2.083633  0.059863 -0.198478 0.978275  0.716802 -1.427620 0
0  -7.985960 7.985957 2.053218  0.059863 -0.198478 0.978275  0.773649 -1.403805 0
crystal_ball_glass
0  -7.759808 8.204079 2.083633  -0.631276 0.700840 -0.332135  0.764522 0.363649 0
0  -7.475508 8.110180 1.345142  -0.631276 0.700840 -0.332135  0.751593 0.374345 0
0  -7.798582 7.798581 1.301692  -0.631276 0.700840 -0.332135  0.816853 0.327793 0
crystal_ball_glass
0  -7.798582 7.798581 1.301692  0.501637 -0.571202 -0.649683  0.887635 2.091333 0
0  -7.432057 7.432054 1.906943  0.501637 -0.571202 -0.649683  0.880590 2.094058 0
0  -7.650177 7.205903 1.937359  0.501637 -0.571202 -0.649683  0.928849 2.085492 0
crystal_ball_glass
0  -7.432057 7.432054 1.906943  0.198481 -0.059862 0.978275  0.928439 -1.599060 0
0  -7.985960 7.985957 2.053218  0.198481 -0.059862 0.978275  0.945015 -1.600142 0
0  -8.204080 7.759806 2.083633  0.198481 -0.059862 0.978275  1.001861 -1.623956 0
crystal_ball_glass
0  -7.985960 7.985957 2.053218  -0.700838 0.631279 -0.332135  0.817289 0.600745 0
0  -7.798582 7.798581 1.301692  -0.700838 0.631279 -0.332135  0.810640 0.597475 0
0  -8.110184 7.475504 1.345141  -0.700838 0.631279 -0.332135  0.875901 0.644025 0
crystal_ball_glass
0  -8.110184 7.475504 1.345141  0.435907 -0.641915 -0.630817  1.066057 1.856412 0
0  -7.650177 7.205903 1.937359  0.435907 -0.641915 -0.630817  1.025442 1.891399 0
0  -7.851882 6.980410 2.027436  0.435907 -0.641915 -0.630817  1.069642 1.868706 0
crystal_ball_glass
0  -7.650177 7.205903 1.937359  0.329471 0.081057 0.940680  1.090438 -1.799795 0
0  -8.204080 7.759806 2.083633  0.329471 0.081057 0.940680  1.138949 -1.809284 0
0  -8.405785 7.534313 2.173710  0.329471 0.081057 0.940680  1.190649 -1.879724 0
crystal_ball_glass
0  -8.204080 7.759806 2.083633  -0.766570 0.560564 -0.313269  0.854333 0.832088 0
0  -8.110184 7.475504 1.345141  -0.766570 0.560564 -0.313269  0.853661 0.844542 0
0  -8.398335 7.153372 1.473822  -0.766570 0.560564 -0.313269  0.914095 0.979492 0
crystal_ball_glass
0  -8.398335 7.153372 1.473822  0.376532 -0.711060 -0.593815  1.212265 1.475760 0
0  -7.851882 6.980410 2.027436  0.376532 -0.711060 -0.593815  1.143261 1.573961 0
0  -8.029424 6.764240 2.173712  0.376532 -0.711060 -0.593815  1.179990 1.545578 0
crystal_ball_glass
0  -7.851882 6.980410 2.027436  0.447795 0.218855 0.866939  1.215359 -1.998985 0
0  -8.405785 7.534313 2.173710  0.447795 0.218855 0.866939  1.292402 -2.024006 0
0  -8.583327 7.318142 2.319987  0.447795 0.218855 0.866939  1.334617 -2.138124 0
crystal_ball_glass
0  -8.405785 7.534313 2.173710  -0.825950 0.491413 -0.276261  0.878434 1.033441 0
0  -8.398335 7.153372 1.473822  -0.825950 0.491413 -0.276261  0.881422 1.088874 0
0  -8.651963 6.844560 1.682789  -0.825950 0.491413 -0.276261  0.932869 1.298658 0
crystal_ball_glass
0  -8.651963 6.844560 1.682789  0.325787 -0.775995 -0.540088  1.312156 1.003175 0
0  -8.029424 6.764240 2.173712  0.325787 -0.775995 -0.540088  1.223082 1.185268 0
0  -8.175977 6.565703 2.370567  0.325787 -0.775995 -0.540088  1.250187 1.163396 0
crystal_ball_glass
0  -8.029424 6.764240 2.173712  0.548916 0.348247 0.759879  1.306402 -2.171523 0
0  -8.583327 7.318142 2.319987  0.548916 0.348247 0.759879  1.407038 -2.216843 0
0  -8.729879 7.119605 2.516841  0.548916 0.348247 0.759879  1.436920 -2.369949 0
crystal_ball_glass
0  -8.583327 7.318142 2.319987  -0.876692 0.426481 -0.222540  0.893855 1.191114 0
0  -8.651963 6.844560 1.682789  -0.876692 0.426481 -0.222540  0.896501 1.310726 0
0  -8.861323 6.560935 1.964011  -0.876692 0.426481 -0.222540  0.936057 1.574544 0
crystal_ball_glass
0  -8.861323 6.560935 1.964011  0.285628 -0.834211 -0.471708  1.358165 0.506922 0
0  -8.175977 6.565703 2.370567  0.285628 -0.834211 -0.471708  1.259161 0.779963 0
0  -8.285907 6.392428 2.610436  0.285628 -0.834211 -0.471708  1.276064 0.778185 0
crystal_ball_glass
0  -8.175977 6.565703 2.370567  0.628944 0.464264 0.623609  1.370528 -2.300412 0
0  -8.729879 7.119605 2.516841  0.628944 0.464264 0.623609  1.489136 -2.367698 0
0  -8.839809 6.946330 2.756710  0.628944 0.464264 0.623609  1.505737 -2.553634 0
crystal_ball_glass
0  -8.729879 7.119605 2.516841  -0.916849 0.368269 -0.154161  0.905073 1.303683 0
0  -8.861323 6.560935 1.964011  -0.916849 0.368269 -0.154161  0.902288 1.499636 0
0  -9.018368 6.313398 2.306681  -0.916849 0.368269 -0.154161  0.928721 1.791909 0
crystal_ball_glass
0  -9.018368 6.313398 2.306681  0.257601 -0.883470 -0.391308  1.349752 0.058773 0
0  -8.285907 6.392428 2.610436  0.257601 -0.883470 -0.391308  1.251259 0.415332 0
0  -8.354993 6.251073 2.884100  0.257601 -0.883470 -0.391308  1.259017 0.445958 0
crystal_ball_glass
0  -8.285907 6.392428 2.610436  0.684799 0.562429 0.463383  1.414628 -2.378899 0
0  -8.839809 6.946330 2.756710  0.684799 0.562429 0.463383  1.545710 -2.466481 0
0  -8.908895 6.804976 3.030375  0.684799 0.562429 0.463383  1.550110 -2.677958 0
crystal_ball_glass
0  -8.839809 6.946330 2.756710  -0.944877 0.319008 -0.073761  0.915590 1.380497 0
0  -9.018368 6.313398 2.306681  -0.944877 0.319008 -0.073761  0.902005 1.653948 0
0  -9.117064 6.111463 2.697628  -0.944877 0.319008 -0.073761  0.915980 1.947435 0
crystal_ball_glass
0  -9.117064 6.111463 2.697628  0.242778 -0.921886 -0.301969  1.292931 -0.276154 0
0  -8.354993 6.251073 2.884100  0.242778 -0.921886 -0.301969  1.204232 0.143667 0
0  -8.380579 6.147070 3.181043  0.242778 -0.921886 -0.301969  1.205323 0.215317 0
crystal_ball_glass
0  -8.354993 6.251073 2.884100  0.714337 0.638980 0.285354  1.442368 -2.410630 0
0  -8.908895 6.804976 3.030375  0.714337 0.638980 0.285354  1.581086 -2.513743 0
0  -8.934482 6.700974 3.327317  0.714337 0.638980 0.285354  1.576190 -2.742664 0
crystal_ball_glass
0  -8.908895 6.804976 3.030375  -0.959701 0.280592 0.015582  0.927109 1.437258 0
0  -9.117064 6.111463 2.697628  -0.959701 0.280592 0.015582  0.898013 1.777776 0
0  -9.153616 5.962887 3.121831  -0.959701 0.280592 0.015582  0.902032 2.046903 0
crystal_ball_glass
0  -9.153616 5.962887 3.121831  0.241730 -0.947980 -0.207125  1.198872 -0.447167 0
0  -8.380579 6.147070 3.181043  0.241730 -0.947980 -0.207125  1.126961 0.006505 0
0  -8.361682 6.084416 3.489854  0.241730 -0.947980 -0.207125  1.124855 0.122325 0
crystal_ball_glass
0  -8.380579 6.147070 3.181043  0.716426 0.690977 0.096354  1.452980 -2.408375 0
0  -8.934482 6.700974 3.327317  0.716426 0.690977 0.096354  1.595259 -2.519895 0
0  -8.915586 6.638319 3.636128  0.716426 0.690977 0.096354  1.585347 -2.757656 0
crystal_ball_glass
0  -8.934482 6.700974 3.327317  -0.960748 0.254498 0.110427  0.939360 1.490420 0
0  -9.153616 5.962887 3.121831  -0.960748 0.254498 0.110427  0.891636 1.877061 0
0  -9.126619 5.873382 3.562991  -0.960748 0.254498 0.110427  0.889722 2.101061 0
crystal_ball_glass
0  -9.126619 5.873382 3.562991  0.254497 -0.960748 -0.110425  1.082358 -0.423305 0
0  -8.361682 6.084416 3.489854  0.254497 -0.960748 -0.110425  1.031253 0.030535 0
0  -8.299028 6.065519 3.798664  0.254497 -0.960748 -0.110425  1.029836 0.187334 0
crystal_ball_glass
0  -8.361682 6.084416 3.489854  0.690977 0.716426 -0.096354  1.442315 -2.391520 0
0  -8.915586 6.638319 3.636128  0.690977 0.716426 -0.096354  1.584595 -2.503041 0
0  -8.852931 6.619422 3.944937  0.690977 0.716426 -0.096354  1.574683 -2.740801 0
crystal_ball_glass
0  -8.915586 6.638319 3.636128  -0.947979 0.241730 0.207126  0.950562 1.551961 0
0  -9.126619 5.873382 3.562991  -0.947979 0.241730 0.207126  0.883453 1.955995 0
0  -9.037113 5.846387 4.004148  -0.947979 0.241730 0.207126  0.880609 2.121451 0
crystal_ball_glass
0  -9.037113 5.846387 4.004148  0.280590 -0.959701 -0.015583  0.960356 -0.196145 0
0  -8.299028 6.065519 3.798664  0.280590 -0.959701 -0.015583  0.930845 0.225111 0
0  -8.195026 6.091105 4.095607  0.280590 -0.959701 -0.015583  0.933822 0.413499 0
crystal_ball_glass
0  -8.299028 6.065519 3.798664  0.638985 0.714335 -0.285349  1.405446 -2.382635 0
0  -8.852931 6.619422 3.944937  0.638985 0.714335 -0.285349  1.544162 -2.485749 0
0  -8.748929 6.645008 4.241881  0.638985 0.714335 -0.285349  1.539266 -2.714670 0
crystal_ball_glass
0  -8.852931 6.619422 3.944937  -0.921888 0.242775 0.301965  0.958228 1.625963 0
0  -9.037113 5.846387 4.004148  -0.921888 0.242775 0.301965  0.873956 2.015077 0
0  -8.888539 5.882938 4.428351  -0.921888 0.242775 0.301965  0.875430 2.117433 0
crystal_ball_glass
0  -8.888539 5.882938 4.428351  0.319008 -0.944878 0.073760  0.849277 0.219487 0
0  -8.195026 6.091105 4.095607  0.319008 -0.944878 0.073760  0.839340 0.580986 0
0  -8.053671 6.160192 4.369270  0.319008 -0.944878 0.073760  0.849690 0.786428 0
crystal_ball_glass
0  -8.195026 6.091105 4.095607  0.562427 0.684796 -0.463391  1.340095 -2.403578 0
0  -8.748929 6.645008 4.241881  0.562427 0.684796 -0.463391  1.471176 -2.491161 0
0  -8.607574 6.714095 4.515544  0.562427 0.684796 -0.463391  1.475576 -2.702638 0
crystal_ball_glass
0  -8.748929 6.645008 4.241881  -0.883470 0.257600 0.391310  0.960310 1.707958 0
0  -8.888539 5.882938 4.428351  -0.883470 0.257600 0.391310  0.864082 2.051389 0
0  -8.686602 5.981634 4.819300  -0.883470 0.257600 0.391310  0.874557 2.095141 0
crystal_ball_glass
0  -8.686602 5.981634 4.819300  0.368268 -0.916850 0.154159  0.763980 0.786565 0
0  -8.053671 6.160192 4.369270  0.368268 -0.916850 0.154159  0.769424 1.070199 0
0  -7.880396 6.270123 4.609138  0.368268 -0.916850 0.154159  0.789003 1.274790 0
crystal_ball_glass
0  -8.053671 6.160192 4.369270  0.464261 0.628943 -0.623612  1.249428 -2.471403 0
0  -8.607574 6.714095 4.515544  0.464261 0.628943 -0.623612  1.368037 -2.538689 0
0  -8.434299 6.824026 4.755413  0.464261 0.628943 -0.623612  1.384638 -2.724626 0
crystal_ball_glass
0  -8.607574 6.714095 4.515544  -0.834210 0.285629 0.471710  0.956054 1.786929 0
0  -8.686602 5.981634 4.819300  -0.834210 0.285629 0.471710  0.855638 2.060731 0
0  -8.439066 6.138678 5.161970  -0.834210 0.285629 0.471710  0.878459 2.058190 0
crystal_ball_glass
0  -8.439066 6.138678 5.161970  0.426484 -0.876692 0.222537  -0.283952 1.448726 0
0  -7.880396 6.270123 4.609138  0.426484 -0.876692 0.222537  -0.268596 1.647482 0
0  -7.681857 6.416676 4.805995  0.426484 -0.876692 0.222537  -0.239299 1.832155 0
crystal_ball_glass
0  -7.880396 6.270123 4.609138  0.348249 0.548917 -0.759876  0.142986 -2.594795 0
0  -8.434299 6.824026 4.755413  0.348249 0.548917 -0.759876  0.243622 -2.640112 0
0  -8.235760 6.970578 4.952269  0.348249 0.548917 -0.759876  0.273503 -2.793217 0
crystal_ball_glass
0  -8.434299 6.824026 4.755413  -0.775994 0.325785 0.540090  -0.053633 1.848985 0
0  -8.439066 6.138678 5.161970  -0.775994 0.325785 0.540090  -0.148796 2.040452 0
0  -8.155440 6.348039 5.443190  -0.775994 0.325785 0.540090  -0.112200 2.009205 0
crystal_ball_glass
0  -8.155440 6.348039 5.443190  0.491412 -0.825951 0.276260  -0.287663 2.135311 0
0  -7.681857 6.416676 4.805995  0.491412 -0.825951 0.276260  -0.268171 2.253680 0
0  -7.465690 6.594214 4.952270  0.491412 -0.825951 0.276260  -0.230065 2.400530 0
crystal_ball_glass
0  -7.681857 6.416676 4.805995  0.218859 0.447798 -0.866936  0.035391 -2.771686 0
0  -8.235760 6.970578 4.952269  0.218859 0.447798 -0.866936  0.112436 -2.796708 0
0  -8.019592 7.148118 5.098544  0.218859 0.447798 -0.866936  0.154652 -2.910825 0
crystal_ball_glass
0  -8.235760 6.970578 4.952269  -0.711065 0.376530 0.593812  -0.066303 1.881599 0
0  -8.155440 6.348039 5.443190  -0.711065 0.376530 0.593812  -0.146395 1.991962 0
0  -7.846627 6.601667 5.652158  -0.711065 0.376530 0.593812  -0.096807 1.951415 0
crystal_ball_glass
0  -7.846627 6.601667 5.652158  0.560566 -0.766569 0.313268  -0.246107 2.768845 0
0  -7.465690 6.594214 4.952270  0.560566 -0.766569 0.313268  -0.227635 2.821781 0
0  -7.240194 6.795923 5.042347  0.560566 -0.766569 0.313268  -0.182873 2.916246 0
crystal_ball_glass
0  -7.465690 6.594214 4.952270  0.081055 0.329470 -0.940681  -0.057299 -2.988573 0
0  -8.019592 7.148118 5.098544  0.081055 0.329470 -0.940681  -0.008788 -2.998062 0
0  -7.794097 7.349825 5.188622  0.081055 0.329470 -0.940681  0.042910 -3.068503 0
crystal_ball_glass
0  -8.019592 7.148118 5.098544  -0.641913 0.435907 0.630819  -0.078602 1.876830 0
0  -7.846627 6.601667 5.652158  -0.641913 0.435907 0.630819  -0.134889 1.921540 0
0  -7.524494 6.889820 5.780838  -0.641913 0.435907 0.630819  -0.075214 1.889123 0
crystal_ball_glass
0  -7.524494 6.889820 5.780838  0.631278 -0.700839 0.332133  -0.164512 3.274436 0
0  -7.240194 6.795923 5.042347  0.631278 -0.700839 0.332133  -0.150832 3.285130 0
0  -7.014044 7.014041 5.072762  0.631278 -0.700839 0.332133  -0.102497 3.317717 0
crystal_ball_glass
0  -7.240194 6.795923 5.042347  -0.059864 0.198479 -0.978275  -0.122146 -3.222058 0
0  -7.794097 7.349825 5.188622  -0.059864 0.198479 -0.978275  -0.105572 -3.223141 0
0  -7.567946 7.567944 5.219036  -0.059864 0.198479 -0.978275  -0.048725 -3.246956 0
crystal_ball_glass
0  -7.794097 7.349825 5.188622  -0.571201 0.501638 0.649683  -0.087057 1.832649 0
0  -7.524494 6.889820 5.780838  -0.571201 0.501638 0.649683  -0.113263 1.839046 0
0  -7.201420 7.201419 5.824290  -0.571201 0.501638 0.649683  -0.048108 1.826808 0
crystal_ball_glass
0  -7.201420 7.201419 5.824290  0.700838 -0.631279 0.332134  -0.053963 3.590666 0
0  -7.014044 7.014041 5.072762  0.700838 -0.631279 0.332134  -0.046928 3.587396 0
0  -6.795923 7.240194 5.042347  0.700838 -0.631279 0.332134  0.001408 3.554811 0
crystal_ball_glass
0  -7.014044 7.014041 5.072762  -0.198479 0.059865 -0.978275  -0.153362 -3.442206 0
0  -7.567946 7.567944 5.219036  -0.198479 0.059865 -0.978275  -0.169937 -3.443289 0
0  -7.349826 7.794096 5.188622  -0.198479 0.059865 -0.978275  -0.113091 -3.419476 0
crystal_ball_glass
0  -7.567946 7.567944 5.219036  -0.501641 0.571199 0.649683  -0.089150 1.752178 0
0  -7.201420 7.201419 5.824290  -0.501641 0.571199 0.649683  -0.082491 1.754904 0
0  -6.889818 7.524495 5.780841  -0.501641 0.571199 0.649683  -0.017336 1.767142 0
crystal_ball_glass
0  -6.889818 7.524495 5.780841  0.766567 -0.560568 0.313269  0.069977 3.679689 0
0  -6.795923 7.240194 5.042347  0.766567 -0.560568 0.313269  0.070688 3.692142 0
0  -6.594214 7.465689 4.952272  0.766567 -0.560568 0.313269  0.115449 3.597678 0
crystal_ball_glass
0  -6.795923 7.240194 5.042347  -0.329462 -0.081049 -0.940684  -0.154237 -3.617400 0
0  -7.349826 7.794096 5.188622  -0.329462 -0.081049 -0.940684  -0.202746 -3.626886 0
0  -7.148117 8.019592 5.098547  -0.329462 -0.081049 -0.940684  -0.151047 -3.556451 0
crystal_ball_glass
0  -7.349826 7.794096 5.188622  -0.435907 0.641915 0.630817  -0.083463 1.641294 0
0  -6.889818 7.524495 5.780841  -0.435907 0.641915 0.630817  -0.045078 1.676279 0
0  -6.601665 7.846629 5.652160  -0.435907 0.641915 0.630817  0.014596 1.708695 0
crystal_ball_glass
0  -6.601665 7.846629 5.652160  0.825951 -0.491411 0.276262  0.189613 3.534698 0
0  -6.594214 7.465689 4.952272  0.825951 -0.491411 0.276262  0.186453 3.590129 0
0  -6.416676 7.681857 4.805995  0.825951 -0.491411 0.276262  0.224558 3.443278 0
crystal_ball_glass
0  -6.594214 7.465689 4.952272  -0.447801 -0.218860 -0.866934  -0.136035 -3.719556 0
0  -7.148117 8.019592 5.098547  -0.447801 -0.218860 -0.866934  -0.213080 -3.744576 0
0  -6.970578 8.235760 4.952270  -0.447801 -0.218860 -0.866934  -0.170865 -3.630458 0
crystal_ball_glass
0  -7.148117 8.019592 5.098547  -0.376527 0.711066 0.593812  -0.069589 1.505800 0
0  -6.601665 7.846629 5.652160  -0.376527 0.711066 0.593812  -0.004373 1.604002 0
0  -6.348040 8.155439 5.443192  -0.376527 0.711066 0.593812  0.045215 1.644549 0
crystal_ball_glass
0  -6.348040 8.155439 5.443192  0.876693 -0.426480 0.222540  0.288081 3.182830 0
0  -6.416676 7.681857 4.805995  0.876693 -0.426480 0.222540  0.285281 3.302442 0
0  -6.270123 7.880394 4.609140  0.876693 -0.426480 0.222540  0.314578 3.117772 0
crystal_ball_glass
0  -6.416676 7.681857 4.805995  -0.548918 -0.348252 -0.759875  -0.114219 -3.728352 0
0  -6.970578 8.235760 4.952270  -0.548918 -0.348252 -0.759875  -0.214855 -3.773669 0
0  -6.824026 8.434296 4.755414  -0.548918 -0.348252 -0.759875  -0.184974 -3.620565 0
crystal_ball_glass
0  -6.970578 8.235760 4.952270  -0.325785 0.775994 0.540090  -0.048094 1.349485 0
0  -6.348040 8.155439 5.443192  -0.325785 0.775994 0.540090  0.036090 1.531577 0
0  -6.138679 8.439064 5.161971  -0.325785 0.775994 0.540090  0.072686 1.562824 0
crystal_ball_glass
0  -6.138679 8.439064 5.161971  0.916849 -0.368269 0.154162  0.352406 2.682135 0
0  -6.270123 7.880394 4.609140  0.916849 -0.368269 0.154162  0.355352 2.878088 0
0  -6.160192 8.053669 4.369272  0.916849 -0.368269 0.154162  0.374931 2.673500 0
crystal_ball_glass
0  -6.270123 7.880394 4.609140  -0.628943 -0.464258 -0.623614  -0.103277 -3.634509 0
0  -6.824026 8.434296 4.755414  -0.628943 -0.464258 -0.623614  -0.221885 -3.701792 0
0  -6.714095 8.607573 4.515546  -0.628943 -0.464258 -0.623614  -0.205283 -3.515859 0
crystal_ball_glass
0  -6.824026 8.434296 4.755414  -0.285630 0.834208 0.471712  -0.019581 1.173681 0
0  -6.138679 8.439064 5.161971  -0.285630 0.834208 0.471712  0.073989 1.446718 0
0  -5.981632 8.686602 4.819303  -0.285630 0.834208 0.471712  0.096811 1.449260 0
crystal_ball_glass
0  -5.981632 8.686602 4.819303  0.944878 -0.319008 0.073757  0.376055 2.112904 0
0  -6.160192 8.053669 4.369272  0.944878 -0.319008 0.073757  0.390429 2.386355 0
0  -6.091105 8.195026 4.095608  0.944878 -0.319008 0.073757  0.400779 2.180910 0
crystal_ball_glass
0  -6.160192 8.053669 4.369272  -0.684795 -0.562425 -0.463394  -0.111677 -3.440907 0
0  -6.714095 8.607573 4.515546  -0.684795 -0.562425 -0.463394  -0.242759 -3.528485 0
0  -6.645007 8.748930 4.241882  -0.684795 -0.562425 -0.463394  -0.238358 -3.317011 0
crystal_ball_glass
0  -6.714095 8.607573 4.515546  -0.257599 0.883471 0.391308  0.015903 0.978842 0
0  -5.981632 8.686602 4.819303  -0.257599 0.883471 0.391308  0.108989 1.335400 0
0  -5.882938 8.888538 4.428353  -0.257599 0.883471 0.391308  0.119464 1.291648 0
crystal_ball_glass
0  -5.882938 8.888538 4.428353  0.959701 -0.280592 -0.015579  0.360424 1.564379 0
0  -6.091105 8.195026 4.095608  0.959701 -0.280592 -0.015579  0.391210 1.904895 0
0  -6.065518 8.299028 3.798666  0.959701 -0.280592 -0.015579  0.394187 1.716508 0
crystal_ball_glass
0  -6.091105 8.195026 4.095608  -0.714337 -0.638981 -0.285352  -0.138774 -3.162054 0
0  -6.645007 8.748930 4.241882  -0.714337 -0.638981 -0.285352  -0.277490 -3.265164 0
0  -6.619421 8.852932 3.944940  -0.714337 -0.638981 -0.285352  -0.282387 -3.036245 0
crystal_ball_glass
0  -6.645007 8.748930 4.241882  -0.242776 0.921887 0.301967  0.059123 0.767265 0
0  -5.882938 8.888538 4.428353  -0.242776 0.921887 0.301967  0.142953 1.187086 0
0  -5.846387 9.037113 4.004149  -0.242776 0.921887 0.301967  0.144426 1.084729 0
crystal_ball_glass
0  -5.846387 9.037113 4.004149  0.960749 -0.254495 -0.110428  0.314845 1.119445 0
0  -6.065518 8.299028 3.798666  0.960749 -0.254495 -0.110428  0.365342 1.506084 0
0  -6.084416 8.361681 3.489855  0.960749 -0.254495 -0.110428  0.363925 1.349286 0
crystal_ball_glass
0  -6.065518 8.299028 3.798666  -0.716424 -0.690981 -0.096346  -0.174355 -2.822335 0
0  -6.619421 8.852932 3.944940  -0.716424 -0.690981 -0.096346  -0.316635 -2.933855 0
0  -6.638319 8.915585 3.636129  -0.716424 -0.690981 -0.096346  -0.326547 -2.696092 0
crystal_ball_glass
0  -6.619421 8.852932 3.944940  -0.241728 0.947980 0.207127  0.111571 0.545990 0
0  -5.846387 9.037113 4.004149  -0.241728 0.947980 0.207127  0.179534 0.999658 0
0  -5.873382 9.126619 3.562993  -0.241728 0.947980 0.207127  0.176690 0.834202 0
crystal_ball_glass
0  -5.873382 9.126619 3.562993  0.947980 -0.241729 -0.207125  0.255021 0.840088 0
0  -6.084416 8.361681 3.489855  0.947980 -0.241729 -0.207125  0.326028 1.244121 0
0  -6.147070 8.380579 3.181044  0.947980 -0.241729 -0.207125  0.323921 1.128300 0
crystal_ball_glass
0  -6.084416 8.361681 3.489855  -0.690980 -0.716423 0.096352  -0.201114 -2.453078 0
0  -6.638319 8.915585 3.636129  -0.690980 -0.716423 0.096352  -0.343393 -2.564598 0
0  -6.700973 8.934481 3.327318  -0.690980 -0.716423 0.096352  -0.353304 -2.326836 0
crystal_ball_glass
0  -6.638319 8.915585 3.636129  -0.254499 0.960749 0.110418  0.174774 0.328474 0
0  -5.873382 9.126619 3.562993  -0.254499 0.960749 0.110418  0.223072 0.782315 0
0  -5.962889 9.153612 3.121831  -0.254499 0.960749 0.110418  0.221159 0.558314 0
crystal_ball_glass
0  -5.962889 9.153612 3.121831  0.921887 -0.242776 -0.301968  0.200583 0.756545 0
0  -6.147070 8.380579 3.181044  0.921887 -0.242776 -0.301968  0.289749 1.145659 0
0  -6.251073 8.354992 2.884101  0.921887 -0.242776 -0.301968  0.290841 1.074010 0
crystal_ball_glass
0  -6.147070 8.380579 3.181044  -0.638981 -0.714338 0.285351  -0.199238 -2.089035 0
0  -6.700973 8.934481 3.327318  -0.638981 -0.714338 0.285351  -0.337953 -2.192147 0
0  -6.804976 8.908894 3.030375  -0.638981 -0.714338 0.285351  -0.342849 -1.963228 0
crystal_ball_glass
0  -6.700973 8.934481 3.327318  -0.280590 0.959701 0.015581  0.249166 0.134248 0
0  -5.962889 9.153612 3.121831  -0.280590 0.959701 0.015581  0.277056 0.555503 0
0  -6.111465 9.117060 2.697628  -0.280590 0.959701 0.015581  0.281075 0.286375 0
crystal_ball_glass
0  -6.111465 9.117060 2.697628  0.883471 -0.257599 -0.391307  0.171098 0.862276 0
0  -6.251073 8.354992 2.884101  0.883471 -0.257599 -0.391307  0.272916 1.205707 0
0  -6.392429 8.285904 2.610436  0.883471 -0.257599 -0.391307  0.280675 1.175081 0
crystal_ball_glass
0  -6.251073 8.354992 2.884101  -0.562427 -0.684799 0.463386  -0.151841 -1.764527 0
0  -6.804976 8.908894 3.030375  -0.562427 -0.684799 0.463386  -0.282923 -1.852106 0
0  -6.946332 8.839808 2.756710  -0.562427 -0.684799 0.463386  -0.278523 -1.640630 0
crystal_ball_glass
0  -6.804976 8.908894 3.030375  -0.319006 0.944879 -0.073755  0.333965 -0.013981 0
0  -6.111465 9.117060 2.697628  -0.319006 0.944879 -0.073755  0.343357 0.347513 0
0  -6.313401 9.018366 2.306679  -0.319006 0.944879 -0.073755  0.357331 0.054022 0
crystal_ball_glass
0  -6.313401 9.018366 2.306679  0.834209 -0.285629 -0.471711  0.182527 1.115865 0
0  -6.392429 8.285904 2.610436  0.834209 -0.285629 -0.471711  0.288776 1.389668 0
0  -6.565706 8.175972 2.370566  0.834209 -0.285629 -0.471711  0.305679 1.391447 0
crystal_ball_glass
0  -6.392429 8.285904 2.610436  -0.464260 -0.628942 0.623614  -0.049886 -1.509164 0
0  -6.946332 8.839808 2.756710  -0.464260 -0.628942 0.623614  -0.168495 -1.576448 0
0  -7.119609 8.729876 2.516840  -0.464260 -0.628942 0.623614  -0.151893 -1.390510 0
crystal_ball_glass
0  -6.946332 8.839808 2.756710  -0.368268 0.916849 -0.154162  0.426270 -0.095015 0
0  -6.313401 9.018366 2.306679  -0.368268 0.916849 -0.154162  0.421124 0.188621 0
0  -6.560939 8.861320 1.964009  -0.368268 0.916849 -0.154162  0.447558 -0.103653 0
gold_player
0  -4.557669 4.209639 4.430507  0.533215 -0.533216 -0.656782  0.000000 0.000000 0
0  -5.270390 4.922360 3.273242  0.533215 -0.533216 -0.656782  0.000000 0.000000 0
0  -4.922362 5.270387 3.273242  0.533215 -0.533216 -0.656782  0.000000 0.000000 0
painted_wood_01
0  -4.513397 3.729790 14.505948  -0.699689 0.699692 0.144452  0.298096 0.539551 0
0  -3.983909 3.200302 19.635353  -0.699689 0.699692 0.144452  0.298096 0.539551 0
0  -3.200302 3.983907 19.635355  -0.699689 0.699692 0.144452  0.298096 0.539551 0
painted_wood_01
0  -3.631074 2.847467 19.219650  -0.707107 -0.707107 -0.000001  0.298096 0.539551 0
0  -3.477409 2.693798 22.537962  -0.707107 -0.707107 -0.000001  0.298096 0.539551 0
0  -3.834977 3.051367 22.945499  -0.707107 -0.707107 -0.000001  0.298096 0.539551 0
painted_wood_01
0  -6.672784 6.150411 6.028134  -0.666223 0.662117 -0.343144  0.298096 0.539551 0
0  -6.718204 6.195065 6.208757  -0.666223 0.662118 -0.343144  0.298096 0.539551 0
0  -6.197910 6.721047 6.207235  -0.666223 0.662117 -0.343144  0.298096 0.539551 0
gold_player
0  -4.036065 3.252458 1.902435  0.391400 -0.391401 0.832833  0.000000 0.000000 0
0  -3.661527 2.877920 1.550398  0.391400 -0.391401 0.832833  0.000000 0.000000 0
0  -2.877920 3.661523 1.550397  0.391400 -0.391401 0.832833  0.000000 0.000000 0
crystal_ball_glass
0  -2.779753 2.431723 12.435316  0.674609 -0.674612 -0.299670  0.000000 0.000000 0
0  -4.557669 4.209639 4.430507  0.674609 -0.674612 -0.299670  0.000000 0.000000 0
0  -4.209641 4.557665 4.430506  0.674609 -0.674612 -0.299670  0.000000 0.000000 0
painted_wood_01
0  -5.670677 4.887069 3.089588  0.323024 -0.323025 0.889556  0.298096 0.539551 0
0  -4.036065 3.252458 1.902435  0.323024 -0.323025 0.889556  0.298096 0.539551 0
0  -3.252458 4.036062 1.902434  0.323024 -0.323025 0.889556  0.298096 0.539551 0
gold_player
0  -3.661527 2.877920 1.550398  0.215695 -0.215697 -0.952339  0.000000 0.000000 0
0  -4.455741 3.672134 1.190633  0.215695 -0.215697 -0.952339  0.000000 0.000000 0
0  -3.672135 4.455738 1.190632  0.215695 -0.215697 -0.952339  0.000000 0.000000 0
gold_player
0  -4.036065 3.252458 1.902435  -0.520432 -0.833690 -0.184691  0.000000 0.000000 0
0  -6.146601 4.285356 2.200109  -0.520437 -0.833686 -0.184698  0.000000 0.000000 0
0  -4.455741 3.672134 1.190633  -0.520434 -0.833689 -0.184693  0.000000 0.000000 0
gold_player
0  -4.455741 3.672134 1.190633  -0.372431 0.372430 -0.850054  0.000000 0.000000 0
0  -6.146601 4.285356 2.200109  -0.372431 0.372430 -0.850054  0.000000 0.000000 0
0  -4.285355 6.146595 2.200104  -0.372431 0.372430 -0.850054  0.000000 0.000000 0
gold_player
0  -3.252458 4.036062 1.902434  0.833683 0.520455 -0.184660  0.000000 0.000000 0
0  -2.877920 3.661523 1.550397  0.833676 0.520462 -0.184671  0.000000 0.000000 0
0  -3.672135 4.455738 1.190632  0.833670 0.520468 -0.184681  0.000000 0.000000 0
black
0  -7.370600 5.389429 2.378337  -0.679650 -0.691867 0.243712  0.000000 0.000000 0
0  -6.477705 4.345802 2.630160  -0.679651 -0.691867 0.243711  0.000000 0.000000 0
0  -5.427089 4.182586 4.372017  -0.679651 -0.691866 0.243711  0.000000 0.000000 0
black
0  -5.389429 7.370600 2.378336  0.691928 0.679611 0.243651  0.000000 0.000000 0
0  -5.593443 6.734778 5.455657  0.691931 0.679605 0.243657  0.000000 0.000000 0
0  -4.182586 5.427085 4.372015  0.691931 0.679605 0.243656  0.000000 0.000000 0
painted_wood_01
0  -6.672784 6.150411 6.028134  0.000000 0.000000 1.000000  0.298096 0.539551 0
0  -6.672784 6.150411 6.028134  0.000000 0.000000 1.000000  0.298096 0.539551 0
0  -7.586419 5.826493 1.835556  0.000000 0.000000 1.000000  0.298096 0.539551 0
painted_wood_01
0  -5.826494 7.586419 1.835556  0.000000 0.000000 1.000000  0.298096 0.539551 0
0  -5.826494 7.586419 1.835556  0.000000 0.000000 1.000000  0.298096 0.539551 0
0  -6.150412 6.672781 6.028132  0.000000 0.000000 1.000000  0.298096 0.539551 0
painted_wood_01
0  -4.037978 4.821580 4.468280  0.000000 0.000000 1.000000  0.298096 0.539551 0
0  -4.037978 4.821580 4.468280  0.000000 0.000000 1.000000  0.298096 0.539551 0
0  -4.285355 6.146595 2.200104  0.000000 0.000000 1.000000  0.298096 0.539551 0
painted_wood_01
0  -6.146601 4.285356 2.200109  0.000000 0.000000 1.000000  0.298096 0.539551 0
0  -6.146601 4.285356 2.200109  0.000000 0.000000 1.000000  0.298096 0.539551 0
0  -4.821584 4.037977 4.468282  0.000000 0.000000 1.000000  0.298096 0.539551 0
painted_wood_01
0  -7.586419 5.826493 1.835556  0.000000 0.000000 1.000000  0.298096 0.539551 0
0  -7.586419 5.826493 1.835556  0.000000 0.000000 1.000000  0.298096 0.539551 0
0  -6.146601 4.285356 2.200109  0.000000 0.000000 1.000000  0.298096 0.539551 0
painted_wood_01
0  -4.821584 4.037977 4.468282  0.000000 0.000000 1.000000  0.298096 0.539551 0
0  -4.821584 4.037977 4.468282  0.000000 0.000000 1.000000  0.298096 0.539551 0
0  -6.672784 6.150411 6.028134  0.000000 0.000000 1.000000  0.298096 0.539551 0
painted_wood_01
0  -6.150412 6.672781 6.028132  0.000000 0.000000 1.000000  0.298096 0.539551 0
0  -6.150412 6.672781 6.028132  0.000000 0.000000 1.000000  0.298096 0.539551 0
0  -4.037978 4.821580 4.468280  0.000000 0.000000 1.000000  0.298096 0.539551 0
painted_wood_01
0  -4.285355 6.146595 2.200104  0.000000 0.000000 1.000000  0.298096 0.539551 0
0  -4.285355 6.146595 2.200104  0.000000 0.000000 1.000000  0.298096 0.539551 0
0  -5.826494 7.586419 1.835556  0.000000 0.000000 1.000000  0.298096 0.539551 0
painted_wood_01
0  -7.370600 5.389429 2.378337  -0.656932 -0.673625 -0.338629  0.298096 0.539551 0
0  -7.586419 5.826493 1.835556  -0.656936 -0.673622 -0.338629  0.298096 0.539551 0
0  -6.146601 4.285356 2.200109  -0.656932 -0.673625 -0.338629  0.298096 0.539551 0
painted_wood_01
0  -5.427089 4.182586 4.372017  -0.231196 -0.707973 0.667326  0.298096 0.539551 0
0  -4.821584 4.037977 4.468282  -0.231196 -0.707972 0.667326  0.298096 0.539551 0
0  -6.672784 6.150411 6.028134  -0.231197 -0.707971 0.667327  0.298096 0.539551 0
painted_wood_01
0  -5.593443 6.734778 5.455657  0.707969 0.231188 0.667332  0.298096 0.539551 0
0  -6.150412 6.672781 6.028132  0.707970 0.231187 0.667331  0.298096 0.539551 0
0  -4.037978 4.821580 4.468280  0.707971 0.231186 0.667331  0.298096 0.539551 0
painted_wood_01
0  -4.345800 6.477699 2.630156  0.673622 0.656919 -0.338661  0.298096 0.539551 0
0  -4.285355 6.146595 2.200104  0.673624 0.656917 -0.338660  0.298096 0.539551 0
0  -5.826494 7.586419 1.835556  0.673629 0.656913 -0.338657  0.298096 0.539551 0
painted_wood_01
0  -6.734782 5.593443 5.455659  -0.963755 -0.155607 0.216710  0.298096 0.539551 0
0  -6.672784 6.150411 6.028134  -0.963754 -0.155608 0.216712  0.298096 0.539551 0
0  -7.586419 5.826493 1.835556  -0.963755 -0.155607 0.216707  0.298096 0.539551 0
painted_wood_01
0  -5.389429 7.370600 2.378336  0.155596 0.963757 0.216708  0.298096 0.539551 0
0  -5.826494 7.586419 1.835556  0.155596 0.963758 0.216705  0.298096 0.539551 0
0  -6.150412 6.672781 6.028132  0.155596 0.963758 0.216706  0.298096 0.539551 0
painted_wood_01
0  -4.182586 5.427085 4.372015  0.978238 0.206312 0.022059  0.298096 0.539551 0
0  -4.037978 4.821580 4.468280  0.978238 0.206311 0.022061  0.298096 0.539551 0
0  -4.285355 6.146595 2.200104  0.978237 0.206313 0.022056  0.298096 0.539551 0
painted_wood_01
0  -6.477705 4.345802 2.630160  -0.206310 -0.978238 0.022064  0.298096 0.539551 0
0  -6.146601 4.285356 2.200109  -0.206310 -0.978238 0.022063  0.298096 0.539551 0
0  -4.821584 4.037977 4.468282  -0.206311 -0.978238 0.022062  0.298096 0.539551 0
painted_wood_01
0  -3.983909 3.200302 19.635353  -0.705678 0.705681 0.063502  0.298096 0.539551 0
0  -3.834977 3.051367 22.945499  -0.705678 0.705681 0.063502  0.298096 0.539551 0
0  -3.051370 3.834970 22.945499  -0.705678 0.705681 0.063502  0.298096 0.539551 0
painted_wood_01
0  -2.431724 2.779750 12.435314  0.847743 -0.517372 0.116871  0.298096 0.539551 0
0  -2.266319 3.049922 12.431528  0.847743 -0.517372 0.116871  0.298096 0.539551 0
0  -2.847467 3.631071 19.219650  0.847743 -0.517372 0.116871  0.298096 0.539551 0
painted_wood_01
0  -5.270390 4.922360 3.273242  0.409968 -0.409970 -0.814771  0.298096 0.539551 0
0  -5.670677 4.887069 3.089588  0.409968 -0.409970 -0.814771  0.298096 0.539551 0
0  -4.887070 5.670673 3.089586  0.409968 -0.409970 -0.814771  0.298096 0.539551 0
painted_wood_01
0  -3.335160 2.987132 18.922775  0.517366 -0.847746 0.116871  0.298096 0.539551 0
0  -3.631074 2.847467 19.219650  0.517366 -0.847746 0.116871  0.298096 0.539551 0
0  -3.049926 2.266319 12.431530  0.517366 -0.847746 0.116871  0.298096 0.539551 0
painted_wood_01
0  -4.922362 5.270387 3.273242  0.683648 -0.353277 -0.638608  0.298096 0.539551 0
0  -4.887070 5.670673 3.089586  0.683648 -0.353277 -0.638608  0.298096 0.539551 0
0  -4.037978 4.821580 4.468280  0.683648 -0.353277 -0.638608  0.298096 0.539551 0
painted_wood_01
0  -4.557669 4.209639 4.430507  0.353271 -0.683652 -0.638608  0.298096 0.539551 0
0  -4.821584 4.037977 4.468282  0.353271 -0.683652 -0.638608  0.298096 0.539551 0
0  -5.670677 4.887069 3.089588  0.353271 -0.683652 -0.638608  0.298096 0.539551 0
painted_wood_01
0  -3.983909 3.200302 19.635353  -0.707107 -0.707107 0.000000  0.298096 0.539551 0
0  -4.513397 3.729790 14.505948  -0.707107 -0.707107 0.000000  0.298096 0.539551 0
0  -3.049926 2.266319 12.431530  -0.707107 -0.707107 0.000000  0.298096 0.539551 0
painted_wood_01
0  -2.847467 3.631071 19.219650  0.707107 0.707107 -0.000000  0.298096 0.539551 0
0  -2.266319 3.049922 12.431528  0.707107 0.707107 -0.000000  0.298096 0.539551 0
0  -3.729789 4.513393 14.505947  0.707107 0.707107 -0.000000  0.298096 0.539551 0
crystal_ball_glass
0  -2.981033 2.676710 18.702389  0.701978 -0.701983 0.120197  0.000000 0.000000 0
0  -2.495378 2.191055 13.029678  0.701978 -0.701983 0.120197  0.000000 0.000000 0
0  -2.191058 2.495373 13.029676  0.701978 -0.701983 0.120197  0.000000 0.000000 0
crystal_ball_glass
0  -2.779753 2.431723 12.435316  -0.656186 -0.754553 0.008421  0.000000 0.000000 0
0  -2.495378 2.191055 13.029678  -0.656186 -0.754553 0.008421  0.000000 0.000000 0
0  -2.981033 2.676710 18.702389  -0.656186 -0.754553 0.008421  0.000000 0.000000 0
crystal_ball_glass
0  -2.987132 3.335159 18.922775  0.754557 0.656180 0.008422  0.000000 0.000000 0
0  -2.676713 2.981029 18.702389  0.754557 0.656180 0.008422  0.000000 0.000000 0
0  -2.191058 2.495373 13.029676  0.754557 0.656180 0.008422  0.000000 0.000000 0
painted_wood_01
0  -3.335160 2.987132 18.922775  0.369458 -0.927263 -0.060701  0.298096 0.539551 0
0  -3.178093 2.830060 22.242926  0.369458 -0.927263 -0.060700  0.298096 0.539551 0
0  -3.477409 2.693798 22.537962  0.369458 -0.927263 -0.060701  0.298096 0.539551 0
gold_player
0  -2.431724 2.779750 12.435314  0.701979 -0.701982 0.120197  0.000000 0.000000 0
0  -2.987132 3.335159 18.922775  0.701979 -0.701982 0.120197  0.000000 0.000000 0
0  -3.335160 2.987132 18.922775  0.701979 -0.701982 0.120197  0.000000 0.000000 0
painted_wood_01
0  -3.834977 3.051367 22.945499  0.443706 -0.443713 0.778617  0.298096 0.539551 0
0  -3.477409 2.693798 22.537962  0.443706 -0.443713 0.778617  0.298096 0.539551 0
0  -2.693802 3.477403 22.537962  0.443706 -0.443713 0.778617  0.298096 0.539551 0
painted_wood_01
0  -2.830065 3.178087 22.242926  0.658606 -0.658603 0.363980  0.298096 0.539551 0
0  -2.693802 3.477403 22.537962  0.658606 -0.658603 0.363980  0.298096 0.539551 0
0  -3.477409 2.693798 22.537962  0.658606 -0.658603 0.363980  0.298096 0.539551 0
crystal_ball_glass
0  -3.178093 2.830060 22.242926  0.289808 -0.289807 0.912153  0.000000 0.000000 0
0  -2.821475 2.517148 22.030205  0.289808 -0.289807 0.912153  0.000000 0.000000 0
0  -2.517155 2.821467 22.030205  0.289808 -0.289807 0.912153  0.000000 0.000000 0
painted_wood_01
0  -3.200302 3.983907 19.635355  0.707107 0.707107 0.000001  0.298096 0.539551 0
0  -3.051370 3.834970 22.945499  0.707107 0.707107 0.000001  0.298096 0.539551 0
0  -2.693802 3.477403 22.537962  0.707107 0.707107 0.000001  0.298096 0.539551 0
crystal_ball_glass
0  -2.987132 3.335159 18.922775  0.750628 0.660711 -0.004304  0.000000 0.000000 0
0  -2.830065 3.178087 22.242926  0.750628 0.660711 -0.004304  0.000000 0.000000 0
0  -2.517155 2.821467 22.030205  0.750628 0.660711 -0.004304  0.000000 0.000000 0
crystal_ball_glass
0  -2.676713 2.981029 18.702389  0.705486 -0.705488 -0.067652  0.000000 0.000000 0
0  -2.517155 2.821467 22.030205  0.705486 -0.705488 -0.067652  0.000000 0.000000 0
0  -2.821475 2.517148 22.030205  0.705486 -0.705488 -0.067652  0.000000 0.000000 0
painted_wood_01
0  -2.847467 3.631071 19.219650  0.927265 -0.369453 -0.060693  0.298096 0.539551 0
0  -2.693802 3.477403 22.537962  0.927265 -0.369453 -0.060693  0.298096 0.539551 0
0  -2.830065 3.178087 22.242926  0.927265 -0.369453 -0.060694  0.298096 0.539551 0
crystal_ball_glass
0  -2.981033 2.676710 18.702389  -0.660731 -0.750611 -0.004264  0.000000 0.000000 0
0  -2.821475 2.517148 22.030205  -0.660731 -0.750611 -0.004264  0.000000 0.000000 0
0  -3.178093 2.830060 22.242926  -0.660731 -0.750611 -0.004264  0.000000 0.000000 0
painted_wood_01
0  -6.672784 6.150411 6.028134  0.346922 -0.341106 0.873666  0.298096 0.539551 0
0  -4.821584 4.037977 4.468282  0.346922 -0.341106 0.873666  0.298096 0.539551 0
0  -4.557669 4.209639 4.430507  0.346922 -0.341106 0.873666  0.298096 0.539551 0
painted_wood_01
0  -4.209641 4.557665 4.430506  -0.832332 0.541333 0.119089  0.298096 0.539551 0
0  -4.037978 4.821580 4.468280  0.000000 0.000000 -0.059651  0.298096 0.539551 0
0  -4.037978 4.821580 4.468280  0.836779 -0.544282 -0.059651  0.298096 0.539551 0
painted_wood_01
0  -6.150412 6.672781 6.028132  0.000000 0.000000 -0.251220  0.298096 0.539551 0
0  -6.150412 6.672781 6.028132  0.713192 0.654405 -0.251220  0.298096 0.539551 0
0  -4.209641 4.557665 4.430506  -0.643790 -0.590780 0.486326  0.298096 0.539551 0
painted_wood_01
0  -4.513397 3.729790 14.505948  -0.722179 -0.691573 -0.013576  0.298096 0.539551 0
0  -4.592967 3.809360 14.646135  -0.722179 -0.691573 -0.013576  0.298096 0.539551 0
0  -6.718204 6.195065 6.208757  -0.722179 -0.691573 -0.013576  0.298096 0.539551 0
painted_wood_01
0  -6.150412 6.672781 6.028132  0.691829 0.721931 -0.013713  0.298096 0.539551 0
0  -6.197910 6.721047 6.207235  0.691829 0.721931 -0.013713  0.298096 0.539551 0
0  -3.809359 4.592963 14.646132  0.691829 0.721931 -0.013713  0.298096 0.539551 0
painted_wood_01
0  -3.729789 4.513393 14.505947  0.551428 -0.551430 0.625981  0.298096 0.539551 0
0  -3.809359 4.592963 14.646132  0.551428 -0.551430 0.625981  0.298096 0.539551 0
0  -4.592967 3.809360 14.646135  0.551428 -0.551430 0.625981  0.298096 0.539551 0
crystal_ball_glass
0  -3.729789 4.513393 14.505947  0.749120 0.661623 -0.032776  0.000000 0.000000 0
0  -2.431724 2.779750 12.435314  0.749118 0.661625 -0.032778  0.000000 0.000000 0
0  -6.150412 6.672781 6.028132  0.749119 0.661625 -0.032778  0.000000 0.000000 0
crystal_ball_glass
0  -2.431724 2.779750 12.435314  0.749120 0.661623 -0.032779  0.000000 0.000000 0
0  -4.209641 4.557665 4.430506  0.749121 0.661621 -0.032777  0.000000 0.000000 0
0  -6.150412 6.672781 6.028132  0.749120 0.661622 -0.032778  0.000000 0.000000 0
gold_player
0  -2.431724 2.779750 12.435314  -0.491253 0.491251 -0.719265  0.000000 0.000000 0
0  -2.779753 2.431723 12.435316  -0.491253 0.491251 -0.719265  0.000000 0.000000 0
0  -4.513397 3.729790 14.505948  -0.491253 0.491251 -0.719265  0.000000 0.000000 0
gold_player
0  -4.557669 4.209639 4.430507  0.344114 -0.344111 0.873598  0.000000 0.000000 0
0  -4.209641 4.557665 4.430506  0.344114 -0.344111 0.873598  0.000000 0.000000 0
0  -6.150412 6.672781 6.028132  0.344114 -0.344111 0.873598  0.000000 0.000000 0
gold_player
0  -6.150412 6.672781 6.028132  0.707139 -0.707074 0.000003  0.000000 0.000000 0
0  -6.672784 6.150411 6.028134  0.000000 0.000000 -0.000001  0.000000 0.000000 0
0  -6.672784 6.150411 6.028134  -0.707106 0.707108 -0.000001  0.000000 0.000000 0
gold_player
0  -4.513397 3.729790 14.505948  -0.266633 -0.237881 -0.933980  0.000000 0.000000 0
0  -6.672784 6.150411 6.028134  0.000000 0.000000 0.566867  0.000000 0.000000 0
0  -6.672784 6.150411 6.028134  0.614748 0.548404 0.566867  0.000000 0.000000 0
gold_player
0  -3.729789 4.513393 14.505947  0.660549 -0.660553 -0.356853  0.000000 0.000000 0
0  -4.513397 3.729790 14.505948  0.660549 -0.660553 -0.356853  0.000000 0.000000 0
0  -6.672784 6.150411 6.028134  0.660549 -0.660553 -0.356853  0.000000 0.000000 0
gold_player
0  -6.672784 6.150411 6.028134  -0.707139 0.707074 -0.000003  0.000000 0.000000 0
0  -6.150412 6.672781 6.028132  0.000000 0.000000 0.000001  0.000000 0.000000 0
0  -6.150412 6.672781 6.028132  0.707106 -0.707108 0.000001  0.000000 0.000000 0
crystal_ball_glass
0  -4.557669 4.209639 4.430507  -0.661653 -0.749095 -0.032749  0.000000 0.000000 0
0  -2.779753 2.431723 12.435316  -0.661652 -0.749096 -0.032749  0.000000 0.000000 0
0  -6.672784 6.150411 6.028134  -0.661651 -0.749097 -0.032747  0.000000 0.000000 0
crystal_ball_glass
0  -2.779753 2.431723 12.435316  -0.661624 -0.749119 -0.032777  0.000000 0.000000 0
0  -4.513397 3.729790 14.505948  -0.661623 -0.749120 -0.032775  0.000000 0.000000 0
0  -6.672784 6.150411 6.028134  -0.661624 -0.749119 -0.032777  0.000000 0.000000 0
black
0  -3.809359 4.592963 14.646132  -0.057765 0.057769 0.996657  0.000000 0.000000 0
0  -4.057974 4.588053 14.632009  -0.057765 0.057769 0.996657  0.000000 0.000000 0
0  -4.588055 4.057975 14.632012  -0.057765 0.057769 0.996657  0.000000 0.000000 0
black
0  -6.579035 6.284646 6.508852  -0.945387 0.165188 0.280992  0.000000 0.000000 0
0  -6.718204 6.195065 6.208757  -0.945390 0.165191 0.280981  0.000000 0.000000 0
0  -4.592967 3.809360 14.646135  -0.945384 0.165184 0.281004  0.000000 0.000000 0
black
0  -6.284647 6.579034 6.508851  -0.704101 0.699485 0.122321  0.000000 0.000000 0
0  -6.197910 6.721047 6.207235  -0.704120 0.699468 0.122308  0.000000 0.000000 0
0  -6.718204 6.195065 6.208757  -0.704120 0.699468 0.122308  0.000000 0.000000 0
black
0  -4.057974 4.588053 14.632009  -0.171302 0.943856 0.282475  0.000000 0.000000 0
0  -3.809359 4.592963 14.646132  -0.171300 0.943853 0.282484  0.000000 0.000000 0
0  -6.197910 6.721047 6.207235  -0.171299 0.943852 0.282488  0.000000 0.000000 0
black
0  -6.579035 6.284646 6.508852  -0.663781 0.663788 0.344646  0.000000 0.000000 0
0  -4.588055 4.057975 14.632012  -0.663781 0.663788 0.344646  0.000000 0.000000 0
0  -4.057974 4.588053 14.632009  -0.663781 0.663788 0.344646  0.000000 0.000000 0
black
0  -8.871435 10.006626 -1.938043  0.682139 -0.682132 -0.263404  0.000000 0.000000 0
0  -8.712851 10.317423 -2.332226  0.682139 -0.682132 -0.263404  0.000000 0.000000 0
0  -7.837859 10.122279 0.439100  0.682139 -0.682132 -0.263404  0.000000 0.000000 0
black
0  -9.866996 8.245355 0.044917  0.682135 -0.682137 -0.263404  0.000000 0.000000 0
0  -10.122279 7.837860 0.439100  0.682135 -0.682137 -0.263404  0.000000 0.000000 0
0  -10.317422 8.712852 -2.332226  0.682135 -0.682137 -0.263404  0.000000 0.000000 0
black
0  -8.245354 9.866996 0.044917  0.682136 -0.682136 -0.263402  0.000000 0.000000 0
0  -7.837859 10.122279 0.439100  0.682136 -0.682136 -0.263402  0.000000 0.000000 0
0  -10.122279 7.837860 0.439100  0.682136 -0.682136 -0.263402  0.000000 0.000000 0
black
0  -10.006626 8.871435 -1.938043  0.682136 -0.682136 -0.263403  0.000000 0.000000 0
0  -10.317422 8.712852 -2.332226  0.682136 -0.682136 -0.263403  0.000000 0.000000 0
0  -8.712851 10.317423 -2.332226  0.682136 -0.682136 -0.263403  0.000000 0.000000 0
painted_wood_01
0  -7.879970 9.551697 0.485932  -0.384498 0.384497 -0.839239  0.298096 0.539551 0
0  -7.849488 9.900437 0.631742  -0.384498 0.384497 -0.839239  0.298096 0.539551 0
0  -6.683122 8.734072 -0.437000  -0.384498 0.384497 -0.839239  0.298096 0.539551 0
painted_wood_01
0  -7.031862 8.703589 -0.291190  -0.384498 0.384498 -0.839239  0.298096 0.539551 0
0  -6.683122 8.734072 -0.437000  -0.384498 0.384498 -0.839239  0.298096 0.539551 0
0  -8.734072 6.683122 -0.437000  -0.384498 0.384498 -0.839239  0.298096 0.539551 0
painted_wood_01
0  -9.551698 7.879970 0.485932  -0.384499 0.384499 -0.839239  0.298096 0.539551 0
0  -9.900437 7.849488 0.631742  -0.384499 0.384499 -0.839239  0.298096 0.539551 0
0  -7.849488 9.900437 0.631742  -0.384499 0.384499 -0.839239  0.298096 0.539551 0
painted_wood_01
0  -8.703589 7.031862 -0.291190  -0.384497 0.384499 -0.839239  0.298096 0.539551 0
0  -8.734072 6.683122 -0.437000  -0.384497 0.384499 -0.839239  0.298096 0.539551 0
0  -9.900437 7.849488 0.631742  -0.384497 0.384499 -0.839239  0.298096 0.539551 0
c_invasion_wrangler_laser
0  -7.879970 9.551697 0.485932  -0.477697 0.477697 0.737300  0.000000 0.000000 0
0  -8.245354 9.866996 0.044917  -0.477697 0.477697 0.737300  0.000000 0.000000 0
0  -9.866996 8.245355 0.044917  -0.477697 0.477697 0.737300  0.000000 0.000000 0
c_invasion_wrangler_laser
0  -8.703589 7.031862 -0.291190  0.606971 -0.606972 -0.513002  0.000000 0.000000 0
0  -8.995619 8.016291 -1.801467  0.606971 -0.606972 -0.513002  0.000000 0.000000 0
0  -8.016291 8.995618 -1.801467  0.606971 -0.606972 -0.513002  0.000000 0.000000 0
c_invasion_wrangler_laser
0  -8.871435 10.006626 -1.938043  0.072797 -0.072797 -0.994686  0.000000 0.000000 0
0  -8.016291 8.995618 -1.801467  0.072797 -0.072797 -0.994686  0.000000 0.000000 0
0  -8.995619 8.016291 -1.801467  0.072797 -0.072797 -0.994686  0.000000 0.000000 0
c_invasion_wrangler_laser
0  -8.245354 9.866996 0.044917  0.693617 0.689229 -0.209424  0.000000 0.000000 0
0  -7.879970 9.551697 0.485932  0.693606 0.689240 -0.209427  0.000000 0.000000 0
0  -7.031862 8.703589 -0.291190  0.693611 0.689235 -0.209426  0.000000 0.000000 0
c_invasion_wrangler_laser
0  -7.031862 8.703589 -0.291190  0.693604 0.689228 -0.209473  0.000000 0.000000 0
0  -8.016291 8.995618 -1.801467  0.693608 0.689221 -0.209483  0.000000 0.000000 0
0  -8.245354 9.866996 0.044917  0.693607 0.689222 -0.209481  0.000000 0.000000 0
c_invasion_wrangler_laser
0  -10.006626 8.871435 -1.938043  -0.689202 -0.693628 -0.209478  0.000000 0.000000 0
0  -8.995619 8.016291 -1.801467  -0.689203 -0.693628 -0.209472  0.000000 0.000000 0
0  -9.866996 8.245355 0.044917  -0.689202 -0.693628 -0.209479  0.000000 0.000000 0
c_invasion_wrangler_laser
0  -8.995619 8.016291 -1.801467  -0.689222 -0.693607 -0.209481  0.000000 0.000000 0
0  -8.703589 7.031862 -0.291190  -0.689226 -0.693605 -0.209476  0.000000 0.000000 0
0  -9.866996 8.245355 0.044917  -0.689222 -0.693607 -0.209482  0.000000 0.000000 0
painted_wood_01
0  -6.146601 4.285356 2.200109  0.120505 -0.120505 -0.985372  0.298096 0.539551 0
0  -7.586419 5.826493 1.835556  0.120505 -0.120505 -0.985372  0.298096 0.539551 0
0  -5.826494 7.586419 1.835556  0.120505 -0.120505 -0.985372  0.298096 0.539551 0
painted_wood_01
0  9.000000 1.000000 1.000000  0.000000 0.000000 1.000000  0.298096 0.539551 0
0  9.000000 0.000000 1.000000  0.000000 0.000000 1.000000  0.298096 0.539551 0
0  11.000000 0.000000 1.000000  0.000000 0.000000 1.000000  0.298096 0.539551 0
painted_wood_01
0  2.000000 9.000000 1.000000  -0.707107 -0.707107 0.000000  0.298096 0.539551 0
0  2.000000 9.000000 -1.000000  -0.707107 -0.707107 0.000000  0.298096 0.539551 0
0  9.000000 2.000000 -1.000000  -0.707107 -0.707107 0.000000  0.298096 0.539551 0
painted_wood_01
0  0.000000 9.000000 -1.000000  0.000000 -1.000000 0.000000  0.298096 0.539551 0
0  2.000000 9.000000 -1.000000  0.000000 -1.000000 0.000000  0.298096 0.539551 0
0  1.000000 9.000000 1.000000  0.000000 -1.000000 0.000000  0.298096 0.539551 0
painted_wood_01
0  2.000000 9.000000 -1.000000  0.000000 -1.000000 0.000000  0.298096 0.539551 0
0  2.000000 9.000000 1.000000  0.000000 -1.000000 0.000000  0.298096 0.539551 0
0  1.000000 9.000000 1.000000  0.000000 -1.000000 0.000000  0.298096 0.539551 0
painted_wood_01
0  2.000000 11.000000 -1.000000  0.000000 1.000000 0.000000  0.298096 0.539551 0
0  0.000000 11.000000 -1.000000  0.000000 1.000000 0.000000  0.298096 0.539551 0
0  1.000000 11.000000 1.000000  0.000000 1.000000 0.000000  0.298096 0.539551 0
painted_wood_01
0  0.000000 11.000000 -1.000000  0.000000 1.000000 0.000000  0.298096 0.539551 0
0  0.000000 11.000000 1.000000  0.000000 1.000000 0.000000  0.298096 0.539551 0
0  1.000000 11.000000 1.000000  0.000000 1.000000 0.000000  0.298096 0.539551 0
painted_wood_01
0  2.000000 9.000000 -1.000000  0.000000 0.000000 -1.000000  0.298096 0.539551 0
0  0.000000 9.000000 -1.000000  0.000000 0.000000 -1.000000  0.298096 0.539551 0
0  0.000000 11.000000 -1.000000  0.000000 0.000000 -1.000000  0.298096 0.539551 0
painted_wood_01
0  1.000000 9.000000 1.000000  0.000000 0.000000 1.000000  0.298096 0.539551 0
0  2.000000 9.000000 1.000000  0.000000 0.000000 1.000000  0.298096 0.539551 0
0  2.000000 11.000000 1.000000  0.000000 0.000000 1.000000  0.298096 0.539551 0
painted_wood_01
0  11.000000 0.000000 -1.000000  1.000000 0.000000 0.000000  0.298096 0.539551 0
0  11.000000 2.000000 -1.000000  1.000000 0.000000 0.000000  0.298096 0.539551 0
0  11.000000 1.000000 1.000000  1.000000 0.000000 0.000000  0.298096 0.539551 0
painted_wood_01
0  11.000000 2.000000 -1.000000  1.000000 0.000000 0.000000  0.298096 0.539551 0
0  11.000000 2.000000 1.000000  1.000000 0.000000 0.000000  0.298096 0.539551 0
0  11.000000 1.000000 1.000000  1.000000 0.000000 0.000000  0.298096 0.539551 0
painted_wood_01
0  9.000000 2.000000 -1.000000  -1.000000 0.000000 0.000000  0.298096 0.539551 0
0  9.000000 0.000000 -1.000000  -1.000000 0.000000 0.000000  0.298096 0.539551 0
0  9.000000 1.000000 1.000000  -1.000000 0.000000 0.000000  0.298096 0.539551 0
painted_wood_01
0  9.000000 0.000000 -1.000000  -1.000000 0.000000 0.000000  0.298096 0.539551 0
0  9.000000 0.000000 1.000000  -1.000000 0.000000 0.000000  0.298096 0.539551 0
0  9.000000 1.000000 1.000000  -1.000000 0.000000 0.000000  0.298096 0.539551 0
gold_player
0  2.250000 9.103554 -1.250000  0.000000 0.000000 -1.000000  0.288257 -0.466981 0
0  2.250000 10.396447 -1.250000  0.000000 0.000000 -1.000000  0.037729 1.446869 0
0  10.396446 2.250000 -1.250000  0.000000 0.000000 -1.000000  -0.831273 0.897801 0
painted_wood_01
0  11.000000 0.000000 -1.000000  0.000000 0.000000 -1.000000  0.298096 0.539551 0
0  9.000000 0.000000 -1.000000  0.000000 0.000000 -1.000000  0.298096 0.539551 0
0  9.000000 2.000000 -1.000000  0.000000 0.000000 -1.000000  0.298096 0.539551 0
painted_wood_01
0  11.000000 1.000000 1.000000  0.000000 0.000000 1.000000  0.298096 0.539551 0
0  11.000000 2.000000 1.000000  0.000000 0.000000 1.000000  0.298096 0.539551 0
0  9.000000 2.000000 1.000000  0.000000 0.000000 1.000000  0.298096 0.539551 0
painted_wood_01
0  1.000000 11.000000 1.000000  0.000000 0.000000 1.000000  0.298096 0.539551 0
0  0.000000 11.000000 1.000000  0.000000 0.000000 1.000000  0.298096 0.539551 0
0  0.000000 9.000000 1.000000  0.000000 0.000000 1.000000  0.298096 0.539551 0
painted_wood_01
0  9.103554 2.250000 1.250000  -0.499999 -0.499999 0.707108  0.298096 0.539551 0
0  2.250000 9.103554 1.250000  -0.499999 -0.499999 0.707108  0.298096 0.539551 0
0  2.000000 9.000000 1.000000  -0.499999 -0.499999 0.707108  0.298096 0.539551 0
painted_wood_01
0  2.250000 10.396447 -1.250000  -0.707107 0.000000 -0.707107  0.298096 0.539551 0
0  2.250000 9.103554 -1.250000  -0.707107 0.000000 -0.707107  0.298096 0.539551 0
0  2.000000 9.000000 -1.000000  -0.707107 0.000000 -0.707107  0.298096 0.539551 0
painted_wood_01
0  2.250000 9.103554 -1.250000  -0.500000 -0.500000 -0.707107  0.298096 0.539551 0
0  9.103554 2.250000 -1.250000  -0.500000 -0.500000 -0.707107  0.298096 0.539551 0
0  9.000000 2.000000 -1.000000  -0.500000 -0.500000 -0.707107  0.298096 0.539551 0
painted_wood_01
0  10.396446 2.250000 -1.250000  0.500000 0.500001 -0.707106  0.298096 0.539551 0
0  2.250000 10.396447 -1.250000  0.500000 0.500001 -0.707106  0.298096 0.539551 0
0  2.000000 11.000000 -1.000000  0.500000 0.500001 -0.707106  0.298096 0.539551 0
painted_wood_01
0  9.103554 2.250000 -1.250000  0.000000 -0.707107 -0.707107  0.298096 0.539551 0
0  10.396446 2.250000 -1.250000  0.000000 -0.707107 -0.707107  0.298096 0.539551 0
0  11.000000 2.000000 -1.000000  0.000000 -0.707107 -0.707107  0.298096 0.539551 0
black
0  2.000000 11.000000 -1.000000  0.000000 0.000000 1.000000  0.375000 1.125000 0
0  2.000000 11.000000 -1.000000  0.000000 0.000000 1.000000  0.375000 1.125000 0
0  11.000000 2.000000 -1.000000  0.000000 0.000000 1.000000  0.375000 -0.125000 0
painted_wood_01
0  2.250000 9.103554 1.250000  -0.571588 0.032726 0.819888  0.298096 0.539551 0
0  2.450000 10.596446 1.250000  -0.571587 0.032724 0.819888  0.298096 0.539551 0
0  2.000000 11.000000 1.000000  -0.571590 0.032741 0.819886  0.298096 0.539551 0
black
0  11.000000 2.000000 1.000000  0.954520 0.298148 0.000000  0.625000 -0.125000 0
0  11.000000 2.000000 -1.000000  0.954520 0.298148 0.000000  0.000000 0.000000 0
0  10.810495 2.606698 -0.437000  0.954520 0.298148 0.000000  0.000000 0.000000 0
black
0  4.657647 8.759546 -0.437000  0.707107 0.707107 0.000000  0.000000 0.000000 0
0  2.606698 10.810495 -0.437000  0.707107 0.707107 0.000000  0.000000 0.000000 0
0  4.657647 8.759546 0.000000  0.707107 0.707107 0.000000  0.000000 0.000000 0
black
0  2.606698 10.810495 -0.437000  0.707107 0.707107 0.000000  0.000000 0.000000 0
0  2.606698 10.810495 0.437000  0.707107 0.707107 0.000000  0.000000 0.000000 0
0  4.657647 8.759546 0.000000  0.707107 0.707107 0.000000  0.000000 0.000000 0
painted_wood_01
0  9.567706 7.516756 1.368258  0.595876 0.595876 0.538390  0.298096 0.539551 0
0  9.900437 7.849488 0.631742  0.595876 0.595876 0.538390  0.298096 0.539551 0
0  7.849488 9.900437 0.631742  0.595876 0.595876 0.538390  0.298096 0.539551 0
painted_wood_01
0  11.000000 2.000000 1.000000  0.032723 -0.571587 0.819888  0.298096 0.539551 0
0  10.596446 2.450000 1.250000  0.032726 -0.571588 0.819888  0.298096 0.539551 0
0  9.103554 2.250000 1.250000  0.032719 -0.571587 0.819889  0.298096 0.539551 0
black
0  10.810495 2.606698 -0.437000  0.714536 0.223226 -0.663030  0.000000 0.000000 0
0  11.000000 2.000000 -1.000000  0.000000 0.000000 0.354547  0.000000 0.000000 0
0  11.000000 2.000000 -1.000000  -0.892512 -0.278780 0.354547  0.000000 0.000000 0
painted_wood_01
0  2.000000 11.000000 1.000000  0.533490 0.786944 0.310012  0.298096 0.539551 0
0  2.450000 10.596446 1.250000  0.533490 0.786944 0.310012  0.298096 0.539551 0
0  2.606698 10.810495 0.437000  0.533490 0.786944 0.310012  0.298096 0.539551 0
black
0  2.000000 11.000000 1.000000  0.298148 0.954520 0.000000  0.000000 0.000000 0
0  2.606698 10.810495 0.437000  0.298148 0.954520 0.000000  0.000000 0.000000 0
0  2.606698 10.810495 -0.437000  0.298148 0.954520 0.000000  0.000000 0.000000 0
black
0  4.657647 8.759546 -0.437000  -0.636220 -0.754764 -0.159861  0.000000 0.000000 0
0  2.000000 11.000000 -1.000000  0.000000 0.000000 0.080189  0.000000 0.000000 0
0  2.000000 11.000000 -1.000000  0.642470 0.762104 0.080189  0.000000 0.000000 0
gold_player
0  8.734072 6.683122 -0.437000  0.707106 -0.707107 -0.000001  0.000000 0.000000 0
0  9.900437 7.849488 0.631742  0.707106 -0.707107 -0.000001  0.000000 0.000000 0
0  9.567706 7.516756 1.368258  0.707106 -0.707107 -0.000001  0.000000 0.000000 0
painted_wood_01
0  4.657647 8.759546 0.000000  0.012576 0.999921 0.000000  0.298096 0.539551 0
0  4.657647 8.759546 0.437000  0.012576 0.999921 0.000000  0.298096 0.539551 0
0  6.683122 8.734072 0.437000  0.012576 0.999921 0.000000  0.298096 0.539551 0
painted_wood_01
0  6.683122 8.734072 0.437000  0.012576 0.999921 0.000000  0.298096 0.539551 0
0  6.683122 8.734072 -0.437000  0.012576 0.999921 0.000000  0.298096 0.539551 0
0  4.657647 8.759546 0.000000  0.012576 0.999921 0.000000  0.298096 0.539551 0
black
0  8.759546 4.657647 -0.437000  0.707107 0.707107 0.000000  0.000000 0.000000 0
0  8.759546 4.657647 0.437000  0.707107 0.707107 0.000000  0.000000 0.000000 0
0  10.810495 2.606698 0.437000  0.707107 0.707107 0.000000  0.000000 0.000000 0
gold_player
0  6.683122 8.734072 -0.437000  -0.707107 0.707106 0.000000  0.000000 0.000000 0
0  6.683122 8.734072 0.437000  -0.707107 0.707106 0.000000  0.000000 0.000000 0
0  7.516756 9.567706 1.368258  -0.707107 0.707106 0.000000  0.000000 0.000000 0
painted_wood_01
0  8.734072 6.683122 0.437000  0.999921 0.012576 0.000000  0.298096 0.539551 0
0  8.759546 4.657647 0.437000  0.999921 0.012576 0.000000  0.298096 0.539551 0
0  8.759546 4.657647 -0.437000  0.999921 0.012576 0.000000  0.298096 0.539551 0
black
0  11.000000 2.000000 -1.000000  0.357935 0.357938 -0.862417  0.000000 0.000000 0
0  2.000000 11.000000 -1.000000  0.357907 0.357966 -0.862417  0.000000 0.000000 0
0  4.657647 8.759546 -0.437000  0.357919 0.357954 -0.862417  0.000000 0.000000 0
black
0  4.657647 8.759546 -0.437000  0.357971 0.357964 -0.862391  0.000000 0.000000 0
0  6.683122 8.734072 -0.437000  0.357957 0.357977 -0.862391  0.000000 0.000000 0
0  8.734072 6.683122 -0.437000  0.357951 0.357983 -0.862391  0.000000 0.000000 0
black
0  8.759546 4.657647 -0.437000  0.357927 0.357944 -0.862418  0.000000 0.000000 0
0  11.000000 2.000000 -1.000000  0.357900 0.357971 -0.862418  0.000000 0.000000 0
0  4.657647 8.759546 -0.437000  0.357932 0.357939 -0.862418  0.000000 0.000000 0
painted_wood_01
0  8.734072 6.683122 0.437000  -0.707107 -0.707107 0.000000  0.298096 0.539551 0
0  6.683122 8.734072 0.437000  -0.707107 -0.707107 0.000000  0.298096 0.539551 0
0  6.683122 8.734072 -0.437000  -0.707107 -0.707107 0.000000  0.298096 0.539551 0
black
0  11.000000 2.000000 -1.000000  0.954520 0.298147 0.000000  0.000000 0.000000 0
0  10.810495 2.606698 -0.437000  0.954520 0.298147 0.000000  0.000000 0.000000 0
0  10.810495 2.606698 0.437000  0.954520 0.298147 0.000000  0.000000 0.000000 0
painted_wood_01
0  10.596446 2.450000 1.250000  0.687919 0.616976 -0.382242  0.298096 0.539551 0
0  11.000000 2.000000 1.000000  0.000000 0.000000 0.194856  0.298096 0.539551 0
0  11.000000 2.000000 1.000000  -0.730212 -0.654844 0.194856  0.298096 0.539551 0
painted_wood_01
0  10.810495 2.606698 0.437000  0.758735 0.649525 0.049376  0.298096 0.539551 0
0  8.759546 4.657647 0.437000  0.758729 0.649532 0.049378  0.298096 0.539551 0
0  7.934072 5.883121 1.537000  0.758738 0.649522 0.049375  0.298096 0.539551 0
gold_player
0  9.103554 2.250000 1.250000  0.000000 0.000000 1.000000  1.887944 0.906250 0
0  10.596446 2.450000 1.250000  0.000000 0.000000 1.000000  -0.562928 -0.301550 0
0  2.450000 10.596446 1.250000  0.000000 0.000000 1.000000  -0.340223 -0.524255 0
painted_wood_01
0  2.450000 10.596446 1.250000  0.649517 0.758743 0.049366  0.298096 0.539551 0
0  5.883122 7.934072 1.537000  0.649505 0.758753 0.049370  0.298096 0.539551 0
0  4.657647 8.759546 0.437000  0.649511 0.758748 0.049368  0.298096 0.539551 0
painted_wood_01
0  7.934072 5.883121 1.537000  -0.329475 -0.329475 0.884812  0.298096 0.539551 0
0  5.883122 7.934072 1.537000  -0.329475 -0.329475 0.884812  0.298096 0.539551 0
0  2.450000 10.596446 1.250000  -0.329475 -0.329475 0.884812  0.298096 0.539551 0
painted_wood_01
0  8.703589 7.031862 -0.291190  0.384498 0.384497 -0.839240  0.298096 0.539551 0
0  7.031862 8.703589 -0.291190  0.384498 0.384497 -0.839240  0.298096 0.539551 0
0  7.879970 9.551697 0.485932  0.384498 0.384497 -0.839240  0.298096 0.539551 0
gold_player
0  11.000000 2.000000 -1.000000  -0.707073 -0.707141 -0.000000  0.000000 0.000000 0
0  2.000000 11.000000 -1.000000  0.000000 0.000000 -0.000000  0.375000 1.125000 0
0  2.000000 11.000000 -1.000000  0.707107 0.707107 -0.000000  0.375000 1.125000 0
gold_player
0  11.000000 2.000000 1.000000  0.707107 0.707107 0.000000  0.000000 0.000000 0
0  11.000000 2.000000 -1.000000  0.707107 0.707107 0.000000  0.000000 0.000000 0
0  2.000000 11.000000 -1.000000  0.707107 0.707107 0.000000  0.375000 1.125000 0
gold_player
0  2.000000 11.000000 1.000000  0.000000 0.000000 -0.000000  0.625000 1.125000 0
0  2.000000 11.000000 1.000000  0.707107 0.707107 -0.000000  0.000000 0.000000 0
0  11.000000 2.000000 1.000000  -0.707073 -0.707141 -0.000000  0.000000 0.000000 0
black
0  9.866996 8.245355 0.044917  -0.682136 -0.682135 -0.263404  0.000000 0.000000 0
0  8.245354 9.866996 0.044917  -0.682136 -0.682135 -0.263404  0.000000 0.000000 0
0  8.871435 10.006626 -1.938043  -0.682136 -0.682135 -0.263404  0.000000 0.000000 0
c_invasion_wrangler_laser
0  9.108167 7.843901 1.814342  0.602213 -0.776685 0.184662  0.000000 0.000000 0
0  8.015841 7.830777 5.538991  0.602211 -0.776685 0.184666  0.000000 0.000000 0
0  7.579334 7.428634 5.053491  0.602213 -0.776685 0.184662  0.000000 0.000000 0
painted_wood_01
0  10.311981 9.076738 -2.280855  -0.240729 -0.240728 -0.940266  0.298096 0.539551 0
0  9.076738 10.311981 -2.280855  -0.240729 -0.240728 -0.940266  0.298096 0.539551 0
0  9.534464 10.769707 -2.515230  -0.240729 -0.240728 -0.940266  0.298096 0.539551 0
painted_wood_01
0  7.500491 8.213733 5.985076  0.514836 0.514836 0.685483  0.298096 0.539551 0
0  8.213735 7.500489 5.985076  0.514836 0.514836 0.685483  0.298096 0.539551 0
0  8.575023 7.861777 5.442380  0.514836 0.514836 0.685483  0.298096 0.539551 0
gold_player
0  8.753550 9.620193 1.795608  -0.601386 0.779816 0.173843  0.000000 0.000000 0
0  8.178309 8.438931 5.104466  -0.601386 0.779816 0.173843  0.000000 0.000000 0
0  8.758602 8.961437 4.768085  -0.601386 0.779816 0.173843  0.000000 0.000000 0
painted_wood_01
0  9.679433 10.557434 -0.093381  0.681796 0.681796 0.265157  0.298096 0.539551 0
0  10.557433 9.679434 -0.093381  0.681796 0.681796 0.265157  0.298096 0.539551 0
0  10.680840 9.802841 -0.728016  0.681796 0.681796 0.265157  0.298096 0.539551 0
painted_wood_01
0  10.769707 9.534464 -2.515230  0.705329 0.705331 -0.070845  0.298096 0.539551 0
0  9.534464 10.769707 -2.515230  0.705329 0.705331 -0.070845  0.298096 0.539551 0
0  9.802840 10.680841 -0.728016  0.705329 0.705331 -0.070845  0.298096 0.539551 0
gold_player
0  8.178309 8.438931 5.104466  0.280077 0.280077 0.918212  0.000000 0.000000 0
0  8.438933 8.178308 5.104466  0.280077 0.280077 0.918212  0.000000 0.000000 0
0  8.961439 8.758601 4.768085  0.280077 0.280077 0.918212  0.000000 0.000000 0
painted_wood_01
0  8.438933 8.178308 5.104466  0.661522 0.661520 0.353241  0.298096 0.539551 0
0  8.178309 8.438931 5.104466  0.661522 0.661520 0.353241  0.298096 0.539551 0
0  7.861779 8.575021 5.442380  0.661522 0.661520 0.353241  0.298096 0.539551 0
painted_wood_01
0  9.752638 10.193002 0.203365  0.580926 0.580928 0.570130  0.298096 0.539551 0
0  10.193001 9.752639 0.203365  0.580926 0.580928 0.570130  0.298096 0.539551 0
0  10.557433 9.679434 -0.093381  0.580926 0.580928 0.570130  0.298096 0.539551 0
painted_wood_01
0  10.193001 9.752639 0.203365  0.575208 0.584747 0.572019  0.298096 0.539551 0
0  9.620194 8.753548 1.795608  0.575208 0.584747 0.572020  0.298096 0.539551 0
0  9.883766 8.501668 1.793140  0.575208 0.584748 0.572019  0.298096 0.539551 0
painted_wood_01
0  8.178309 8.438931 5.104466  0.668339 0.655650 0.351348  0.298096 0.539551 0
0  8.753550 9.620193 1.795608  0.668339 0.655651 0.351347  0.298096 0.539551 0
0  8.501670 9.883765 1.793140  0.668339 0.655650 0.351348  0.298096 0.539551 0
painted_wood_01
0  8.753550 9.620193 1.795608  0.584722 0.575239 0.572015  0.298096 0.539551 0
0  9.752638 10.193002 0.203365  0.584722 0.575239 0.572014  0.298096 0.539551 0
0  9.679433 10.557434 -0.093381  0.584722 0.575239 0.572015  0.298096 0.539551 0
painted_wood_01
0  9.620194 8.753548 1.795608  0.655668 0.668323 0.351345  0.298096 0.539551 0
0  8.438933 8.178308 5.104466  0.655668 0.668323 0.351345  0.298096 0.539551 0
0  8.575023 7.861777 5.442380  0.655668 0.668323 0.351345  0.298096 0.539551 0
gold_player
0  10.326581 9.983860 0.953694  0.579809 0.579811 0.572400  0.000000 0.000000 0
0  9.983859 10.326582 0.953694  0.579809 0.579811 0.572400  0.000000 0.000000 0
0  9.206296 9.880781 2.192893  0.579809 0.579811 0.572400  0.000000 0.000000 0
gold_player
0  8.961439 8.758601 4.768085  0.662006 0.662003 0.351424  0.000000 0.000000 0
0  9.880782 9.206294 2.192893  0.662006 0.662003 0.351424  0.000000 0.000000 0
0  9.206296 9.880781 2.192893  0.662006 0.662003 0.351424  0.000000 0.000000 0
gold_player
0  8.438933 8.178308 5.104466  0.779816 -0.601386 0.173844  0.000000 0.000000 0
0  9.620194 8.753548 1.795608  0.779816 -0.601386 0.173844  0.000000 0.000000 0
0  9.880782 9.206294 2.192893  0.779816 -0.601386 0.173844  0.000000 0.000000 0
gold_player
0  10.193001 9.752639 0.203365  0.668691 0.668697 -0.325111  0.000000 0.000000 0
0  9.752638 10.193002 0.203365  0.668691 0.668697 -0.325111  0.000000 0.000000 0
0  9.983859 10.326582 0.953694  0.668691 0.668697 -0.325111  0.000000 0.000000 0
gold_player
0  9.620194 8.753548 1.795608  0.866992 -0.498322 -0.000787  0.000000 0.000000 0
0  10.193001 9.752639 0.203365  0.866992 -0.498322 -0.000787  0.000000 0.000000 0
0  10.326581 9.983860 0.953694  0.866992 -0.498322 -0.000787  0.000000 0.000000 0
gold_player
0  9.752638 10.193002 0.203365  -0.498323 0.866991 -0.000787  0.000000 0.000000 0
0  8.753550 9.620193 1.795608  -0.498323 0.866991 -0.000787  0.000000 0.000000 0
0  9.206296 9.880781 2.192893  -0.498323 0.866991 -0.000787  0.000000 0.000000 0
black
0  10.769707 9.534464 -2.515230  0.777508 -0.620001 0.105267  0.000000 0.000000 0
0  10.680840 9.802841 -0.728016  0.777507 -0.620001 0.105272  0.000000 0.000000 0
0  10.557433 9.679434 -0.093381  0.777509 -0.620002 0.105247  0.000000 0.000000 0
black
0  9.076738 10.311981 -2.280855  -0.620024 0.777492 0.105244  0.000000 0.000000 0
0  9.679433 10.557434 -0.093381  -0.620031 0.777489 0.105228  0.000000 0.000000 0
0  9.802840 10.680841 -0.728016  -0.620027 0.777491 0.105236  0.000000 0.000000 0
black
0  7.837859 10.122279 0.439100  -0.303739 0.951533 0.048248  0.000000 0.000000 0
0  8.377058 10.024016 1.343372  -0.303750 0.951529 0.048252  0.000000 0.000000 0
0  9.293817 10.617064 -0.152770  -0.303758 0.951527 0.048255  0.000000 0.000000 0
black
0  10.317422 8.712852 -2.332226  0.951510 -0.303820 0.048195  0.000000 0.000000 0
0  10.617062 9.293818 -0.152770  0.951509 -0.303821 0.048204  0.000000 0.000000 0
0  10.024017 8.377056 1.343372  0.951510 -0.303819 0.048190  0.000000 0.000000 0
painted_wood_01
0  7.837859 10.122279 0.439100  -0.559828 -0.559828 -0.610889  0.298096 0.539551 0
0  10.122279 7.837860 0.439100  -0.559828 -0.559828 -0.610889  0.298096 0.539551 0
0  9.900437 7.849488 0.631742  -0.559828 -0.559828 -0.610889  0.298096 0.539551 0
painted_wood_01
0  10.317422 8.712852 -2.332226  0.140460 0.140460 -0.980072  0.298096 0.539551 0
0  8.712851 10.317423 -2.332226  0.140460 0.140460 -0.980072  0.298096 0.539551 0
0  9.076738 10.311981 -2.280855  0.140460 0.140460 -0.980072  0.298096 0.539551 0
painted_wood_01
0  10.024017 8.377056 1.343372  0.934298 0.010448 0.356341  0.298096 0.539551 0
0  10.617062 9.293818 -0.152770  0.934297 0.010445 0.356344  0.298096 0.539551 0
0  10.557433 9.679434 -0.093381  0.934297 0.010446 0.356342  0.298096 0.539551 0
painted_wood_01
0  9.293817 10.617064 -0.152770  0.010416 0.934300 0.356337  0.298096 0.539551 0
0  8.377058 10.024016 1.343372  0.010421 0.934304 0.356325  0.298096 0.539551 0
0  8.501670 9.883765 1.793140  0.010419 0.934302 0.356329  0.298096 0.539551 0
painted_wood_01
0  10.122279 7.837860 0.439100  0.521418 -0.726300 0.447898  0.298096 0.539551 0
0  10.024017 8.377056 1.343372  0.521415 -0.726297 0.447906  0.298096 0.539551 0
0  9.883766 8.501668 1.793140  0.521411 -0.726288 0.447925  0.298096 0.539551 0
painted_wood_01
0  8.377058 10.024016 1.343372  -0.726341 0.521336 0.447926  0.298096 0.539551 0
0  7.837859 10.122279 0.439100  -0.726330 0.521339 0.447941  0.298096 0.539551 0
0  7.849488 9.900437 0.631742  -0.726335 0.521338 0.447933  0.298096 0.539551 0
painted_wood_01
0  10.617062 9.293818 -0.152770  0.982516 0.107734 -0.151840  0.298096 0.539551 0
0  10.317422 8.712852 -2.332226  0.982516 0.107734 -0.151842  0.298096 0.539551 0
0  10.311981 9.076738 -2.280855  0.982516 0.107734 -0.151839  0.298096 0.539551 0
painted_wood_01
0  8.712851 10.317423 -2.332226  0.107763 0.982511 -0.151857  0.298096 0.539551 0
0  9.293817 10.617064 -0.152770  0.107762 0.982510 -0.151857  0.298096 0.539551 0
0  9.679433 10.557434 -0.093381  0.107762 0.982510 -0.151858  0.298096 0.539551 0
painted_wood_01
0  9.108167 7.843901 1.814342  -0.692032 -0.692032 -0.205388  0.298096 0.539551 0
0  7.843901 9.108167 1.814342  -0.692032 -0.692032 -0.205388  0.298096 0.539551 0
0  7.516756 9.567706 1.368258  -0.692032 -0.692032 -0.205388  0.298096 0.539551 0
painted_wood_01
0  7.830779 8.015840 5.538991  -0.692032 -0.692030 -0.205392  0.298096 0.539551 0
0  8.015841 7.830777 5.538991  -0.692032 -0.692030 -0.205392  0.298096 0.539551 0
0  8.213735 7.500489 5.985076  -0.692032 -0.692030 -0.205392  0.298096 0.539551 0
painted_wood_01
0  8.015841 7.830777 5.538991  -0.692032 -0.692031 -0.205390  0.298096 0.539551 0
0  9.108167 7.843901 1.814342  -0.692032 -0.692031 -0.205390  0.298096 0.539551 0
0  9.567706 7.516756 1.368258  -0.692032 -0.692031 -0.205390  0.298096 0.539551 0
painted_wood_01
0  7.843901 9.108167 1.814342  -0.692031 -0.692032 -0.205390  0.298096 0.539551 0
0  7.830779 8.015840 5.538991  -0.692031 -0.692032 -0.205390  0.298096 0.539551 0
0  7.500491 8.213733 5.985076  -0.692031 -0.692032 -0.205390  0.298096 0.539551 0
c_invasion_wrangler_laser
0  7.843901 9.108167 1.814342  -0.401862 -0.401862 -0.822809  0.000000 0.000000 0
0  9.108167 7.843901 1.814342  -0.401862 -0.401862 -0.822809  0.000000 0.000000 0
0  8.421432 7.391927 2.370491  -0.401862 -0.401862 -0.822809  0.000000 0.000000 0
c_invasion_wrangler_laser
0  7.830779 8.015840 5.538991  -0.776682 0.602217 0.184661  0.000000 0.000000 0
0  7.843901 9.108167 1.814342  -0.776682 0.602217 0.184658  0.000000 0.000000 0
0  7.391928 8.421432 2.370491  -0.776682 0.602217 0.184661  0.000000 0.000000 0
c_invasion_wrangler_laser
0  8.015841 7.830777 5.538991  -0.447936 -0.447934 0.773762  0.000000 0.000000 0
0  7.830779 8.015840 5.538991  -0.447936 -0.447934 0.773762  0.000000 0.000000 0
0  7.428636 7.579332 5.053490  -0.447936 -0.447934 0.773762  0.000000 0.000000 0
gold_player
0  7.843901 9.108167 1.814342  -0.692031 -0.692031 -0.205390  0.000000 0.000000 0
0  9.108167 7.843901 1.814342  -0.692031 -0.692031 -0.205390  0.000000 0.000000 0
0  8.015841 7.830777 5.538991  -0.692031 -0.692031 -0.205390  0.000000 0.000000 0
black
0  6.486232 7.834656 1.414123  0.553948 0.553949 0.621516  0.000000 0.000000 0
0  7.834656 6.486232 1.414123  0.553948 0.553949 0.621516  0.000000 0.000000 0
0  8.734072 6.683122 0.437000  0.553948 0.553949 0.621516  0.000000 0.000000 0
black
0  7.592378 8.940802 1.283751  -0.517294 -0.517294 0.681773  0.000000 0.000000 0
0  6.683122 8.734072 0.437000  -0.517294 -0.517294 0.681773  0.000000 0.000000 0
0  8.734072 6.683122 0.437000  -0.517294 -0.517294 0.681773  0.000000 0.000000 0
painted_wood_01
0  7.592378 8.940802 1.283751  -0.149811 -0.149811 0.977299  0.298096 0.539551 0
0  8.940802 7.592378 1.283751  -0.149811 -0.149811 0.977299  0.298096 0.539551 0
0  9.567706 7.516756 1.368258  -0.149811 -0.149811 0.977299  0.298096 0.539551 0
painted_wood_01
0  7.834656 6.486232 1.414123  0.230612 0.230612 0.945323  0.298096 0.539551 0
0  6.486232 7.834656 1.414123  0.230612 0.230612 0.945323  0.298096 0.539551 0
0  5.883122 7.934072 1.537000  0.230612 0.230612 0.945323  0.298096 0.539551 0
c_invasion_wrangler_laser
0  7.428636 7.579332 5.053490  -0.721720 0.657538 0.216252  0.000000 0.000000 0
0  7.391928 8.421432 2.370491  -0.721720 0.657538 0.216252  0.000000 0.000000 0
0  7.060894 8.090397 2.272242  -0.721720 0.657538 0.216252  0.000000 0.000000 0
c_invasion_wrangler_laser
0  7.391928 8.421432 2.370491  0.145232 0.145233 -0.978680  0.000000 0.000000 0
0  8.421432 7.391927 2.370491  0.145232 0.145233 -0.978680  0.000000 0.000000 0
0  8.090397 7.060893 2.272242  0.145232 0.145233 -0.978680  0.000000 0.000000 0
c_invasion_wrangler_laser
0  8.421432 7.391927 2.370491  0.657536 -0.721721 0.216251  0.000000 0.000000 0
0  7.579334 7.428634 5.053491  0.657536 -0.721721 0.216251  0.000000 0.000000 0
0  7.248300 7.097600 4.955242  0.657536 -0.721721 0.216251  0.000000 0.000000 0
c_invasion_wrangler_laser
0  7.579334 7.428634 5.053491  -0.145231 -0.145231 0.978681  0.000000 0.000000 0
0  7.428636 7.579332 5.053490  -0.145231 -0.145231 0.978681  0.000000 0.000000 0
0  7.097601 7.248298 4.955242  -0.145231 -0.145231 0.978681  0.000000 0.000000 0
painted_wood_01
0  6.565249 6.983750 5.073124  0.622861 0.622864 0.473376  0.298096 0.539551 0
0  6.150412 6.672781 6.028132  0.622861 0.622864 0.473376  0.298096 0.539551 0
0  6.672784 6.150411 6.028134  0.622861 0.622864 0.473376  0.298096 0.539551 0
c_invasion_wrangler_laser
0  8.090397 7.060893 2.272242  0.874637 -0.399290 0.274914  0.000000 0.000000 0
0  7.248300 7.097600 4.955242  0.874636 -0.399290 0.274916  0.000000 0.000000 0
0  6.983752 6.565248 5.073126  0.874636 -0.399290 0.274917  0.000000 0.000000 0
c_invasion_wrangler_laser
0  7.248300 7.097600 4.955242  0.144791 0.144795 0.978810  0.000000 0.000000 0
0  7.097601 7.248298 4.955242  0.144791 0.144795 0.978810  0.000000 0.000000 0
0  6.565249 6.983750 5.073124  0.144791 0.144795 0.978810  0.000000 0.000000 0
c_invasion_wrangler_laser
0  7.060894 8.090397 2.272242  0.392408 0.392409 -0.831884  0.000000 0.000000 0
0  8.090397 7.060893 2.272242  0.392408 0.392409 -0.831884  0.000000 0.000000 0
0  7.932292 6.522313 1.943608  0.392408 0.392409 -0.831884  0.000000 0.000000 0
c_invasion_wrangler_laser
0  7.097601 7.248298 4.955242  -0.399299 0.874631 0.274921  0.000000 0.000000 0
0  7.060894 8.090397 2.272242  -0.399299 0.874631 0.274920  0.000000 0.000000 0
0  6.522313 7.932292 1.943607  -0.399299 0.874631 0.274921  0.000000 0.000000 0
crystal_ball_glass
0  2.431724 2.779750 12.435314  -0.599719 -0.599726 -0.529779  0.000000 0.000000 0
0  2.779753 2.431723 12.435316  -0.599719 -0.599726 -0.529779  0.000000 0.000000 0
0  2.495378 2.191055 13.029678  -0.599719 -0.599726 -0.529779  0.000000 0.000000 0
painted_wood_01
0  7.932292 6.522313 1.943608  0.102628 0.102628 -0.989411  0.298096 0.539551 0
0  7.586419 5.826493 1.835556  0.102628 0.102628 -0.989411  0.298096 0.539551 0
0  5.826494 7.586419 1.835556  0.102628 0.102628 -0.989411  0.298096 0.539551 0
painted_wood_01
0  6.983752 6.565248 5.073126  0.904860 -0.346389 0.247472  0.298096 0.539551 0
0  6.672784 6.150411 6.028134  0.904858 -0.346386 0.247485  0.298096 0.539551 0
0  7.586419 5.826493 1.835556  0.904858 -0.346386 0.247486  0.298096 0.539551 0
painted_wood_01
0  6.522313 7.932292 1.943607  -0.346452 0.904839 0.247462  0.298096 0.539551 0
0  5.826494 7.586419 1.835556  -0.346453 0.904836 0.247471  0.298096 0.539551 0
0  6.150412 6.672781 6.028132  -0.346453 0.904837 0.247468  0.298096 0.539551 0
gold_player
0  7.932292 6.522313 1.943608  0.692754 0.692752 0.200466  0.000000 0.000000 0
0  6.522313 7.932292 1.943607  0.692754 0.692752 0.200466  0.000000 0.000000 0
0  6.565249 6.983750 5.073124  0.692754 0.692752 0.200466  0.000000 0.000000 0
crystal_ball_glass
0  6.560939 8.861320 1.964009  -0.775997 -0.325785 -0.540087  0.244174 1.449560 0
0  6.844562 8.651960 1.682788  -0.775997 -0.325785 -0.540087  0.282895 1.480806 0
0  6.764243 8.029421 2.173711  -0.775997 -0.325785 -0.540087  0.371971 1.662900 0
crystal_ball_glass
0  6.565706 8.175972 2.370566  0.348251 -0.548919 0.759875  0.105073 -1.344165 0
0  6.764243 8.029421 2.173711  0.348251 -0.548919 0.759875  0.134954 -1.191061 0
0  7.318146 8.583323 2.319985  0.348251 -0.548919 0.759875  0.034318 -1.236377 0
crystal_ball_glass
0  7.119609 8.729876 2.516840  0.426486 0.876689 -0.222544  0.521275 -0.094507 0
0  7.318146 8.583323 2.319985  0.426486 0.876689 -0.222544  0.548964 -0.279177 0
0  6.844562 8.651960 1.682788  0.426486 0.876689 -0.222544  0.546317 -0.159564 0
crystal_ball_glass
0  6.844562 8.651960 1.682788  -0.711064 -0.376530 -0.593813  0.356847 1.782622 0
0  7.153376 8.398331 1.473821  -0.711064 -0.376530 -0.593813  0.409317 1.823169 0
0  6.980412 7.851882 2.027436  -0.711064 -0.376530 -0.593813  0.478321 1.921369 0
crystal_ball_glass
0  6.764243 8.029421 2.173711  0.218856 -0.447797 0.866937  0.300848 -1.279357 0
0  6.980412 7.851882 2.027436  0.218856 -0.447797 0.866937  0.343064 -1.165239 0
0  7.534314 8.405783 2.173710  0.218856 -0.447797 0.866937  0.266020 -1.190261 0
crystal_ball_glass
0  7.318146 8.583323 2.319985  0.491415 0.825947 -0.276265  0.613044 -0.009306 0
0  7.534314 8.405783 2.173710  0.491415 0.825947 -0.276265  0.649058 -0.156157 0
0  7.153376 8.398331 1.473821  0.491415 0.825947 -0.276265  0.646071 -0.100726 0
crystal_ball_glass
0  7.153376 8.398331 1.473821  -0.641913 -0.435907 -0.630819  0.512612 2.036849 0
0  7.475508 8.110180 1.345142  -0.641913 -0.435907 -0.630819  0.575753 2.069264 0
0  7.205905 7.650176 1.937359  -0.641913 -0.435907 -0.630819  0.616367 2.104248 0
crystal_ball_glass
0  6.980412 7.851882 2.027436  0.081055 -0.329471 0.940680  0.517712 -1.311829 0
0  7.205905 7.650176 1.937359  0.081055 -0.329471 0.940680  0.569411 -1.241390 0
0  7.759808 8.204079 2.083633  0.081055 -0.329471 0.940680  0.520900 -1.250880 0
crystal_ball_glass
0  7.534314 8.405783 2.173710  0.560561 0.766571 -0.313272  0.695667 0.150645 0
0  7.759808 8.204079 2.083633  0.560561 0.766571 -0.313272  0.737971 0.056182 0
0  7.475508 8.110180 1.345142  0.560561 0.766571 -0.313272  0.738643 0.068635 0
crystal_ball_glass
0  7.475508 8.110180 1.345142  -0.571198 -0.501640 -0.649685  0.696137 2.150997 0
0  7.798582 7.798581 1.301692  -0.571198 -0.501640 -0.649685  0.765078 2.163237 0
0  7.432057 7.432054 1.906943  -0.571198 -0.501640 -0.649685  0.772124 2.165961 0
crystal_ball_glass
0  7.205905 7.650176 1.937359  -0.059862 -0.198479 0.978275  0.733378 -1.426538 0
0  7.432057 7.432054 1.906943  -0.059862 -0.198479 0.978275  0.790224 -1.402722 0
0  7.985960 7.985957 2.053218  -0.059862 -0.198479 0.978275  0.773649 -1.403805 0
crystal_ball_glass
0  7.759808 8.204079 2.083633  0.631282 0.700835 -0.332135  0.764522 0.363649 0
0  7.985960 7.985957 2.053218  0.631282 0.700835 -0.332135  0.810204 0.331063 0
0  7.798582 7.798581 1.301692  0.631282 0.700835 -0.332135  0.816853 0.327793 0
crystal_ball_glass
0  7.798582 7.798581 1.301692  -0.501642 -0.571196 -0.649685  0.887635 2.091333 0
0  8.110184 7.475504 1.345141  -0.501642 -0.571196 -0.649685  0.956577 2.079096 0
0  7.650177 7.205903 1.937359  -0.501642 -0.571196 -0.649685  0.928849 2.085492 0
crystal_ball_glass
0  7.432057 7.432054 1.906943  -0.198481 -0.059862 0.978275  0.928439 -1.599060 0
0  7.650177 7.205903 1.937359  -0.198481 -0.059862 0.978275  0.985286 -1.622874 0
0  8.204080 7.759806 2.083633  -0.198481 -0.059862 0.978275  1.001861 -1.623956 0
crystal_ball_glass
0  7.985960 7.985957 2.053218  0.700838 0.631278 -0.332136  0.817289 0.600745 0
0  8.204080 7.759806 2.083633  0.700838 0.631278 -0.332136  0.862971 0.633330 0
0  8.110184 7.475504 1.345141  0.700838 0.631278 -0.332136  0.875901 0.644025 0
crystal_ball_glass
0  8.110184 7.475504 1.345141  -0.435907 -0.641915 -0.630817  1.066057 1.856412 0
0  8.398335 7.153372 1.473822  -0.435907 -0.641915 -0.630817  1.129198 1.823994 0
0  7.851882 6.980410 2.027436  -0.435907 -0.641915 -0.630817  1.069642 1.868706 0
crystal_ball_glass
0  7.650177 7.205903 1.937359  -0.329473 0.081057 0.940679  1.090438 -1.799795 0
0  7.851882 6.980410 2.027436  -0.329473 0.081057 0.940679  1.142137 -1.870234 0
0  8.405785 7.534313 2.173710  -0.329473 0.081057 0.940679  1.190649 -1.879724 0
crystal_ball_glass
0  8.204080 7.759806 2.083633  0.766570 0.560566 -0.313266  0.854333 0.832088 0
0  8.405785 7.534313 2.173710  0.766570 0.560566 -0.313266  0.896637 0.926554 0
0  8.398335 7.153372 1.473822  0.766570 0.560566 -0.313266  0.914095 0.979492 0
crystal_ball_glass
0  8.398335 7.153372 1.473822  -0.376528 -0.711065 -0.593812  1.212265 1.475760 0
0  8.651963 6.844560 1.682789  -0.376528 -0.711065 -0.593812  1.264735 1.435214 0
0  8.029424 6.764240 2.173712  -0.376528 -0.711065 -0.593812  1.179990 1.545578 0
crystal_ball_glass
0  7.851882 6.980410 2.027436  -0.447795 0.218856 0.866938  1.215359 -1.998985 0
0  8.029424 6.764240 2.173712  -0.447795 0.218856 0.866938  1.257574 -2.113101 0
0  8.583327 7.318142 2.319987  -0.447795 0.218856 0.866938  1.334617 -2.138124 0
crystal_ball_glass
0  8.405785 7.534313 2.173710  0.825946 0.491417 -0.276267  0.878434 1.033441 0
0  8.583327 7.318142 2.319987  0.825946 0.491417 -0.276267  0.914448 1.180292 0
0  8.651963 6.844560 1.682789  0.825946 0.491417 -0.276267  0.932869 1.298658 0
crystal_ball_glass
0  8.651963 6.844560 1.682789  -0.325786 -0.775993 -0.540091  1.312156 1.003175 0
0  8.861323 6.560935 1.964011  -0.325786 -0.775993 -0.540091  1.350878 0.971929 0
0  8.175977 6.565703 2.370567  -0.325786 -0.775993 -0.540091  1.250187 1.163396 0
crystal_ball_glass
0  8.029424 6.764240 2.173712  -0.548916 0.348249 0.759878  1.306402 -2.171523 0
0  8.175977 6.565703 2.370567  -0.548916 0.348249 0.759878  1.336283 -2.324630 0
0  8.729879 7.119605 2.516841  -0.548916 0.348249 0.759878  1.436920 -2.369949 0
crystal_ball_glass
0  8.583327 7.318142 2.319987  0.876692 0.426482 -0.222540  0.893855 1.191114 0
0  8.729879 7.119605 2.516841  0.876692 0.426482 -0.222540  0.921544 1.375786 0
0  8.861323 6.560935 1.964011  0.876692 0.426482 -0.222540  0.936057 1.574544 0
crystal_ball_glass
0  8.861323 6.560935 1.964011  -0.285629 -0.834209 -0.471711  1.358165 0.506922 0
0  9.018368 6.313398 2.306681  -0.285629 -0.834209 -0.471711  1.382313 0.504381 0
0  8.285907 6.392428 2.610436  -0.285629 -0.834209 -0.471711  1.276064 0.778185 0
crystal_ball_glass
0  8.175977 6.565703 2.370567  -0.628945 0.464261 0.623610  1.370528 -2.300412 0
0  8.285907 6.392428 2.610436  -0.628945 0.464261 0.623610  1.387129 -2.486348 0
0  8.839809 6.946330 2.756710  -0.628945 0.464261 0.623610  1.505737 -2.553634 0
crystal_ball_glass
0  8.729879 7.119605 2.516841  0.916850 0.368267 -0.154161  0.905073 1.303683 0
0  8.839809 6.946330 2.756710  0.916850 0.368267 -0.154161  0.923576 1.508273 0
0  9.018368 6.313398 2.306681  0.916850 0.368267 -0.154161  0.928721 1.791909 0
crystal_ball_glass
0  9.018368 6.313398 2.306681  -0.257599 -0.883472 -0.391305  1.349752 0.058773 0
0  9.117064 6.111463 2.697628  -0.257599 -0.883472 -0.391305  1.360836 0.102524 0
0  8.354993 6.251073 2.884100  -0.257599 -0.883472 -0.391305  1.259017 0.445958 0
crystal_ball_glass
0  8.285907 6.392428 2.610436  -0.684799 0.562428 0.463384  1.414628 -2.378899 0
0  8.354993 6.251073 2.884100  -0.684799 0.562428 0.463384  1.419028 -2.590377 0
0  8.908895 6.804976 3.030375  -0.684799 0.562428 0.463384  1.550110 -2.677958 0
crystal_ball_glass
0  8.839809 6.946330 2.756710  0.944877 0.319010 -0.073756  0.915590 1.380497 0
0  8.908895 6.804976 3.030375  0.944877 0.319010 -0.073756  0.925372 1.585938 0
0  9.117064 6.111463 2.697628  0.944877 0.319010 -0.073756  0.915980 1.947435 0
crystal_ball_glass
0  9.117064 6.111463 2.697628  -0.242778 -0.921887 -0.301967  1.292931 -0.276154 0
0  9.153616 5.962887 3.121831  -0.242778 -0.921887 -0.301967  1.294490 -0.173798 0
0  8.380579 6.147070 3.181043  -0.242778 -0.921887 -0.301967  1.205323 0.215317 0
crystal_ball_glass
0  8.354993 6.251073 2.884100  -0.714338 0.638981 0.285350  1.442368 -2.410630 0
0  8.380579 6.147070 3.181043  -0.714338 0.638981 0.285350  1.437472 -2.639549 0
0  8.934482 6.700974 3.327317  -0.714338 0.638981 0.285350  1.576190 -2.742664 0
crystal_ball_glass
0  8.908895 6.804976 3.030375  0.959700 0.280594 0.015580  0.927109 1.437258 0
0  8.934482 6.700974 3.327317  0.959700 0.280594 0.015580  0.929923 1.625646 0
0  9.153616 5.962887 3.121831  0.959700 0.280594 0.015580  0.902032 2.046903 0
crystal_ball_glass
0  9.153616 5.962887 3.121831  -0.241730 -0.947980 -0.207125  1.198872 -0.447167 0
0  9.126619 5.873382 3.562991  -0.241730 -0.947980 -0.207125  1.195862 -0.281709 0
0  8.361682 6.084416 3.489854  -0.241730 -0.947980 -0.207125  1.124855 0.122325 0
crystal_ball_glass
0  8.380579 6.147070 3.181043  -0.716421 0.690983 0.096353  1.452980 -2.408375 0
0  8.361682 6.084416 3.489854  -0.716421 0.690983 0.096353  1.443068 -2.646136 0
0  8.915586 6.638319 3.636128  -0.716421 0.690983 0.096353  1.585347 -2.757656 0
crystal_ball_glass
0  8.934482 6.700974 3.327317  0.960749 0.254496 0.110424  0.939360 1.490420 0
0  8.915586 6.638319 3.636128  0.960749 0.254496 0.110424  0.938021 1.647221 0
0  9.126619 5.873382 3.562991  0.960749 0.254496 0.110424  0.889722 2.101061 0
crystal_ball_glass
0  9.126619 5.873382 3.562991  -0.254497 -0.960748 -0.110425  1.082358 -0.423305 0
0  9.037113 5.846387 4.004148  -0.254497 -0.960748 -0.110425  1.080333 -0.199306 0
0  8.299028 6.065519 3.798664  -0.254497 -0.960748 -0.110425  1.029836 0.187334 0
crystal_ball_glass
0  8.361682 6.084416 3.489854  -0.690980 0.716423 -0.096352  1.442315 -2.391520 0
0  8.299028 6.065519 3.798664  -0.690980 0.716423 -0.096352  1.432404 -2.629280 0
0  8.852931 6.619422 3.944937  -0.690980 0.716423 -0.096352  1.574683 -2.740801 0
crystal_ball_glass
0  8.915586 6.638319 3.636128  0.947980 0.241727 0.207128  0.950562 1.551961 0
0  8.852931 6.619422 3.944937  0.947980 0.241727 0.207128  0.948571 1.667780 0
0  9.037113 5.846387 4.004148  0.947980 0.241727 0.207128  0.880609 2.121451 0
crystal_ball_glass
0  9.037113 5.846387 4.004148  -0.280591 -0.959701 -0.015584  0.960356 -0.196145 0
0  8.888539 5.882938 4.428351  -0.280591 -0.959701 -0.015584  0.964608 0.072980 0
0  8.195026 6.091105 4.095607  -0.280591 -0.959701 -0.015584  0.933822 0.413499 0
crystal_ball_glass
0  8.299028 6.065519 3.798664  -0.638981 0.714338 -0.285349  1.405446 -2.382635 0
0  8.195026 6.091105 4.095607  -0.638981 0.714338 -0.285349  1.400549 -2.611556 0
0  8.748929 6.645008 4.241881  -0.638981 0.714338 -0.285349  1.539266 -2.714670 0
crystal_ball_glass
0  8.852931 6.619422 3.944937  0.921888 0.242777 0.301964  0.958228 1.625963 0
0  8.748929 6.645008 4.241881  0.921888 0.242777 0.301964  0.959260 1.697613 0
0  8.888539 5.882938 4.428351  0.921888 0.242777 0.301964  0.875430 2.117433 0
crystal_ball_glass
0  8.888539 5.882938 4.428351  -0.319007 -0.944878 0.073762  0.849277 0.219487 0
0  8.686602 5.981634 4.819300  -0.319007 -0.944878 0.073762  0.864063 0.512978 0
0  8.053671 6.160192 4.369270  -0.319007 -0.944878 0.073762  0.849690 0.786428 0
crystal_ball_glass
0  8.195026 6.091105 4.095607  -0.562426 0.684798 -0.463388  1.340095 -2.403578 0
0  8.053671 6.160192 4.369270  -0.562426 0.684798 -0.463388  1.344494 -2.615054 0
0  8.607574 6.714095 4.515544  -0.562426 0.684798 -0.463388  1.475576 -2.702638 0
crystal_ball_glass
0  8.748929 6.645008 4.241881  0.883469 0.257605 0.391309  0.960310 1.707958 0
0  8.607574 6.714095 4.515544  0.883469 0.257605 0.391309  0.967642 1.738585 0
0  8.686602 5.981634 4.819300  0.883469 0.257605 0.391309  0.874557 2.095141 0
crystal_ball_glass
0  8.686602 5.981634 4.819300  -0.368267 -0.916850 0.154160  0.763980 0.786565 0
0  8.439066 6.138678 5.161970  -0.368267 -0.916850 0.154160  0.791949 1.078837 0
0  7.880396 6.270123 4.609138  -0.368267 -0.916850 0.154160  0.789003 1.274790 0
crystal_ball_glass
0  8.053671 6.160192 4.369270  -0.464262 0.628943 -0.623612  1.249428 -2.471403 0
0  7.880396 6.270123 4.609138  -0.464262 0.628943 -0.623612  1.266029 -2.657340 0
0  8.434299 6.824026 4.755413  -0.464262 0.628943 -0.623612  1.384638 -2.724626 0
crystal_ball_glass
0  8.607574 6.714095 4.515544  0.834210 0.285626 0.471711  0.956054 1.786929 0
0  8.434299 6.824026 4.755413  0.834210 0.285626 0.471711  0.972029 1.785150 0
0  8.439066 6.138678 5.161970  0.834210 0.285626 0.471711  0.878459 2.058190 0
crystal_ball_glass
0  8.439066 6.138678 5.161970  -0.426485 -0.876689 0.222545  -0.283952 1.448726 0
0  8.155440 6.348039 5.443190  -0.426485 -0.876689 0.222545  -0.242099 1.712542 0
0  7.681857 6.416676 4.805995  -0.426485 -0.876689 0.222545  -0.239299 1.832155 0
crystal_ball_glass
0  7.880396 6.270123 4.609138  -0.348247 0.548916 -0.759878  0.142986 -2.594795 0
0  7.681857 6.416676 4.805995  -0.348247 0.548916 -0.759878  0.172867 -2.747900 0
0  8.235760 6.970578 4.952269  -0.348247 0.548916 -0.759878  0.273503 -2.793217 0
crystal_ball_glass
0  8.434299 6.824026 4.755413  0.775992 0.325786 0.540092  -0.053633 1.848985 0
0  8.235760 6.970578 4.952269  0.775992 0.325786 0.540092  -0.028016 1.827113 0
0  8.155440 6.348039 5.443190  0.775992 0.325786 0.540092  -0.112200 2.009205 0
crystal_ball_glass
0  8.155440 6.348039 5.443190  -0.491412 -0.825950 0.276263  -0.287663 2.135311 0
0  7.846627 6.601667 5.652158  -0.491412 -0.825950 0.276263  -0.233226 2.345098 0
0  7.465690 6.594214 4.952270  -0.491412 -0.825950 0.276263  -0.230065 2.400530 0
crystal_ball_glass
0  7.681857 6.416676 4.805995  -0.218857 0.447797 -0.866937  0.035391 -2.771686 0
0  7.465690 6.594214 4.952270  -0.218857 0.447797 -0.866937  0.077607 -2.885803 0
0  8.019592 7.148118 5.098544  -0.218857 0.447797 -0.866937  0.154652 -2.910825 0
crystal_ball_glass
0  8.235760 6.970578 4.952269  0.711063 0.376525 0.593816  -0.066303 1.881599 0
0  8.019592 7.148118 5.098544  0.711063 0.376525 0.593816  -0.031591 1.853216 0
0  7.846627 6.601667 5.652158  0.711063 0.376525 0.593816  -0.096807 1.951415 0
crystal_ball_glass
0  7.846627 6.601667 5.652158  -0.560566 -0.766568 0.313271  -0.246107 2.768845 0
0  7.524494 6.889820 5.780838  -0.560566 -0.766568 0.313271  -0.182162 2.903793 0
0  7.240194 6.795923 5.042347  -0.560566 -0.766568 0.313271  -0.182873 2.916246 0
crystal_ball_glass
0  7.465690 6.594214 4.952270  -0.081055 0.329470 -0.940681  -0.057299 -2.988573 0
0  7.240194 6.795923 5.042347  -0.081055 0.329470 -0.940681  -0.005600 -3.059016 0
0  7.794097 7.349825 5.188622  -0.081055 0.329470 -0.940681  0.042910 -3.068503 0
crystal_ball_glass
0  8.019592 7.148118 5.098544  0.641913 0.435909 0.630818  -0.078602 1.876830 0
0  7.794097 7.349825 5.188622  0.641913 0.435909 0.630818  -0.036830 1.854137 0
0  7.524494 6.889820 5.780838  0.641913 0.435909 0.630818  -0.075214 1.889123 0
crystal_ball_glass
0  7.524494 6.889820 5.780838  -0.631278 -0.700839 0.332134  -0.164512 3.274436 0
0  7.201420 7.201419 5.824290  -0.631278 -0.700839 0.332134  -0.095461 3.320987 0
0  7.014044 7.014041 5.072762  -0.631278 -0.700839 0.332134  -0.102497 3.317717 0
crystal_ball_glass
0  7.240194 6.795923 5.042347  0.059866 0.198479 -0.978275  -0.122146 -3.222058 0
0  7.014044 7.014041 5.072762  0.059866 0.198479 -0.978275  -0.065300 -3.245873 0
0  7.567946 7.567944 5.219036  0.059866 0.198479 -0.978275  -0.048725 -3.246956 0
crystal_ball_glass
0  7.794097 7.349825 5.188622  0.571198 0.501643 0.649682  -0.087057 1.832649 0
0  7.567946 7.567944 5.219036  0.571198 0.501643 0.649682  -0.041449 1.824083 0
0  7.201420 7.201419 5.824290  0.571198 0.501643 0.649682  -0.048108 1.826808 0
crystal_ball_glass
0  7.201420 7.201419 5.824290  -0.700837 -0.631280 0.332133  -0.053963 3.590666 0
0  6.889818 7.524495 5.780841  -0.700837 -0.631280 0.332133  0.015088 3.544116 0
0  6.795923 7.240194 5.042347  -0.700837 -0.631280 0.332133  0.001408 3.554811 0
crystal_ball_glass
0  7.014044 7.014041 5.072762  0.198477 0.059864 -0.978276  -0.153362 -3.442206 0
0  6.795923 7.240194 5.042347  0.198477 0.059864 -0.978276  -0.096516 -3.418394 0
0  7.349826 7.794096 5.188622  0.198477 0.059864 -0.978276  -0.113091 -3.419476 0
crystal_ball_glass
0  7.567946 7.567944 5.219036  0.501640 0.571199 0.649683  -0.089150 1.752178 0
0  7.349826 7.794096 5.188622  0.501640 0.571199 0.649683  -0.043542 1.760745 0
0  6.889818 7.524495 5.780841  0.501640 0.571199 0.649683  -0.017336 1.767142 0
crystal_ball_glass
0  6.889818 7.524495 5.780841  -0.766569 -0.560567 0.313269  0.069977 3.679689 0
0  6.601665 7.846629 5.652160  -0.766569 -0.560567 0.313269  0.133921 3.544741 0
0  6.594214 7.465689 4.952272  -0.766569 -0.560567 0.313269  0.115449 3.597678 0
crystal_ball_glass
0  6.795923 7.240194 5.042347  0.329463 -0.081049 -0.940683  -0.154237 -3.617400 0
0  6.594214 7.465689 4.952272  0.329463 -0.081049 -0.940683  -0.102538 -3.546966 0
0  7.148117 8.019592 5.098547  0.329463 -0.081049 -0.940683  -0.151047 -3.556451 0
crystal_ball_glass
0  7.349826 7.794096 5.188622  0.435910 0.641910 0.630821  -0.083463 1.641294 0
0  7.148117 8.019592 5.098547  0.435910 0.641910 0.630821  -0.041691 1.663985 0
0  6.601665 7.846629 5.652160  0.435910 0.641910 0.630821  0.014596 1.708695 0
crystal_ball_glass
0  6.601665 7.846629 5.652160  -0.825951 -0.491410 0.276263  0.189613 3.534698 0
0  6.348040 8.155439 5.443192  -0.825951 -0.491410 0.276263  0.244050 3.324912 0
0  6.416676 7.681857 4.805995  -0.825951 -0.491410 0.276263  0.224558 3.443278 0
crystal_ball_glass
0  6.594214 7.465689 4.952272  0.447801 -0.218860 -0.866934  -0.136035 -3.719556 0
0  6.416676 7.681857 4.805995  0.447801 -0.218860 -0.866934  -0.093819 -3.605437 0
0  6.970578 8.235760 4.952270  0.447801 -0.218860 -0.866934  -0.170865 -3.630458 0
crystal_ball_glass
0  7.148117 8.019592 5.098547  0.376526 0.711065 0.593813  -0.069589 1.505800 0
0  6.970578 8.235760 4.952270  0.376526 0.711065 0.593813  -0.034877 1.534183 0
0  6.348040 8.155439 5.443192  0.376526 0.711065 0.593813  0.045215 1.644549 0
crystal_ball_glass
0  6.348040 8.155439 5.443192  -0.876690 -0.426486 0.222542  0.288081 3.182830 0
0  6.138679 8.439064 5.161971  -0.876690 -0.426486 0.222542  0.329934 2.919015 0
0  6.270123 7.880394 4.609140  -0.876690 -0.426486 0.222542  0.314578 3.117772 0
crystal_ball_glass
0  6.416676 7.681857 4.805995  0.548918 -0.348250 -0.759876  -0.114219 -3.728352 0
0  6.270123 7.880394 4.609140  0.548918 -0.348250 -0.759876  -0.084338 -3.575247 0
0  6.824026 8.434296 4.755414  0.548918 -0.348250 -0.759876  -0.184974 -3.620565 0
crystal_ball_glass
0  6.970578 8.235760 4.952270  0.325785 0.775999 0.540083  -0.048094 1.349485 0
0  6.824026 8.434296 4.755414  0.325785 0.775999 0.540083  -0.022477 1.371357 0
0  6.138679 8.439064 5.161971  0.325785 0.775999 0.540083  0.072686 1.562824 0
crystal_ball_glass
0  6.138679 8.439064 5.161971  -0.916848 -0.368271 0.154163  0.352406 2.682135 0
0  5.981632 8.686602 4.819303  -0.916848 -0.368271 0.154163  0.380376 2.389863 0
0  6.160192 8.053669 4.369272  -0.916848 -0.368271 0.154163  0.374931 2.673500 0
crystal_ball_glass
0  6.270123 7.880394 4.609140  0.628942 -0.464260 -0.623614  -0.103277 -3.634509 0
0  6.160192 8.053669 4.369272  0.628942 -0.464260 -0.623614  -0.086675 -3.448576 0
0  6.714095 8.607573 4.515546  0.628942 -0.464260 -0.623614  -0.205283 -3.515859 0
crystal_ball_glass
0  6.824026 8.434296 4.755414  0.285630 0.834208 0.471713  -0.019581 1.173681 0
0  6.714095 8.607573 4.515546  0.285630 0.834208 0.471713  -0.003605 1.175460 0
0  5.981632 8.686602 4.819303  0.285630 0.834208 0.471713  0.096811 1.449260 0
crystal_ball_glass
0  5.981632 8.686602 4.819303  -0.944879 -0.319006 0.073755  0.376055 2.112904 0
0  5.882938 8.888538 4.428353  -0.944879 -0.319006 0.073755  0.390841 1.819414 0
0  6.091105 8.195026 4.095608  -0.944879 -0.319006 0.073755  0.400779 2.180910 0
crystal_ball_glass
0  6.160192 8.053669 4.369272  0.684799 -0.562423 -0.463391  -0.111677 -3.440907 0
0  6.091105 8.195026 4.095608  0.684799 -0.562423 -0.463391  -0.107277 -3.229431 0
0  6.645007 8.748930 4.241882  0.684799 -0.562423 -0.463391  -0.238358 -3.317011 0
crystal_ball_glass
0  6.714095 8.607573 4.515546  0.257599 0.883468 0.391315  0.015903 0.978842 0
0  6.645007 8.748930 4.241882  0.257599 0.883468 0.391315  0.023235 0.948217 0
0  5.882938 8.888538 4.428353  0.257599 0.883468 0.391315  0.119464 1.291648 0
crystal_ball_glass
0  5.882938 8.888538 4.428353  -0.959701 -0.280590 -0.015582  0.360424 1.564379 0
0  5.846387 9.037113 4.004149  -0.959701 -0.280590 -0.015582  0.364677 1.295254 0
0  6.065518 8.299028 3.798666  -0.959701 -0.280590 -0.015582  0.394187 1.716508 0
crystal_ball_glass
0  6.091105 8.195026 4.095608  0.714339 -0.638979 -0.285353  -0.138774 -3.162054 0
0  6.065518 8.299028 3.798666  0.714339 -0.638979 -0.285353  -0.143671 -2.933134 0
0  6.619421 8.852932 3.944940  0.714339 -0.638979 -0.285353  -0.282387 -3.036245 0
crystal_ball_glass
0  6.645007 8.748930 4.241882  0.242775 0.921889 0.301963  0.059123 0.767265 0
0  6.619421 8.852932 3.944940  0.242775 0.921889 0.301963  0.060154 0.695616 0
0  5.846387 9.037113 4.004149  0.242775 0.921889 0.301963  0.144426 1.084729 0
crystal_ball_glass
0  5.846387 9.037113 4.004149  -0.960748 -0.254498 -0.110423  0.314845 1.119445 0
0  5.873382 9.126619 3.562993  -0.960748 -0.254498 -0.110423  0.312821 0.895447 0
0  6.084416 8.361681 3.489855  -0.960748 -0.254498 -0.110423  0.363925 1.349286 0
crystal_ball_glass
0  6.065518 8.299028 3.798666  0.716425 -0.690980 -0.096346  -0.174355 -2.822335 0
0  6.084416 8.361681 3.489855  0.716425 -0.690980 -0.096346  -0.184267 -2.584573 0
0  6.638319 8.915585 3.636129  0.716425 -0.690980 -0.096346  -0.326547 -2.696092 0
crystal_ball_glass
0  6.619421 8.852932 3.944940  0.241730 0.947980 0.207125  0.111571 0.545990 0
0  6.638319 8.915585 3.636129  0.241730 0.947980 0.207125  0.109580 0.430169 0
0  5.873382 9.126619 3.562993  0.241730 0.947980 0.207125  0.176690 0.834202 0
crystal_ball_glass
0  5.873382 9.126619 3.562993  -0.947980 -0.241729 -0.207125  0.255021 0.840088 0
0  5.962889 9.153612 3.121831  -0.947980 -0.241729 -0.207125  0.252011 0.674631 0
0  6.147070 8.380579 3.181044  -0.947980 -0.241729 -0.207125  0.323921 1.128300 0
crystal_ball_glass
0  6.084416 8.361681 3.489855  0.690980 -0.716424 0.096350  -0.201114 -2.453078 0
0  6.147070 8.380579 3.181044  0.690980 -0.716424 0.096350  -0.211026 -2.215316 0
0  6.700973 8.934481 3.327318  0.690980 -0.716424 0.096350  -0.353304 -2.326836 0
crystal_ball_glass
0  6.638319 8.915585 3.636129  0.254497 0.960749 0.110419  0.174774 0.328474 0
0  6.700973 8.934481 3.327318  0.254497 0.960749 0.110419  0.173435 0.171674 0
0  5.962889 9.153612 3.121831  0.254497 0.960749 0.110419  0.221159 0.558314 0
crystal_ball_glass
0  5.962889 9.153612 3.121831  -0.921886 -0.242777 -0.301969  0.200583 0.756545 0
0  6.111465 9.117060 2.697628  -0.921886 -0.242777 -0.301969  0.202142 0.654189 0
0  6.251073 8.354992 2.884101  -0.921886 -0.242777 -0.301969  0.290841 1.074010 0
crystal_ball_glass
0  6.147070 8.380579 3.181044  0.638980 -0.714337 0.285354  -0.199238 -2.089035 0
0  6.251073 8.354992 2.884101  0.638980 -0.714337 0.285354  -0.204134 -1.860116 0
0  6.804976 8.908894 3.030375  0.638980 -0.714337 0.285354  -0.342849 -1.963228 0
crystal_ball_glass
0  6.700973 8.934481 3.327318  0.280591 0.959701 0.015581  0.249166 0.134248 0
0  6.804976 8.908894 3.030375  0.280591 0.959701 0.015581  0.251979 -0.054142 0
0  6.111465 9.117060 2.697628  0.280591 0.959701 0.015581  0.281075 0.286375 0
crystal_ball_glass
0  6.111465 9.117060 2.697628  -0.883471 -0.257599 -0.391308  0.171098 0.862276 0
0  6.313401 9.018366 2.306679  -0.883471 -0.257599 -0.391308  0.182181 0.818523 0
0  6.392429 8.285904 2.610436  -0.883471 -0.257599 -0.391308  0.280675 1.175081 0
crystal_ball_glass
0  6.251073 8.354992 2.884101  0.562426 -0.684795 0.463392  -0.151841 -1.764527 0
0  6.392429 8.285904 2.610436  0.562426 -0.684795 0.463392  -0.147441 -1.553051 0
0  6.946332 8.839808 2.756710  0.562426 -0.684795 0.463392  -0.278523 -1.640630 0
crystal_ball_glass
0  6.804976 8.908894 3.030375  0.319005 0.944879 -0.073758  0.333965 -0.013981 0
0  6.946332 8.839808 2.756710  0.319005 0.944879 -0.073758  0.343747 -0.219426 0
0  6.313401 9.018366 2.306679  0.319005 0.944879 -0.073758  0.357331 0.054022 0
crystal_ball_glass
0  6.313401 9.018366 2.306679  -0.834209 -0.285628 -0.471713  0.182527 1.115865 0
0  6.560939 8.861320 1.964009  -0.834209 -0.285628 -0.471713  0.206675 1.118409 0
0  6.565706 8.175972 2.370566  -0.834209 -0.285628 -0.471713  0.305679 1.391447 0
crystal_ball_glass
0  6.392429 8.285904 2.610436  0.464259 -0.628940 0.623616  -0.049886 -1.509164 0
0  6.565706 8.175972 2.370566  0.464259 -0.628940 0.623616  -0.033284 -1.323226 0
0  7.119609 8.729876 2.516840  0.464259 -0.628940 0.623616  -0.151893 -1.390510 0
crystal_ball_glass
0  6.946332 8.839808 2.756710  0.368269 0.916849 -0.154164  0.426270 -0.095015 0
0  7.119609 8.729876 2.516840  0.368269 0.916849 -0.154164  0.444773 -0.299608 0
0  6.560939 8.861320 1.964009  0.368269 0.916849 -0.154164  0.447558 -0.103653 0
gold_player
0  4.557669 4.209639 4.430507  -0.533213 -0.533218 -0.656782  0.000000 0.000000 0
0  4.209641 4.557665 4.430506  -0.533213 -0.533218 -0.656782  0.000000 0.000000 0
0  4.922362 5.270387 3.273242  -0.533213 -0.533218 -0.656782  0.000000 0.000000 0
painted_wood_01
0  4.513397 3.729790 14.505948  0.699689 0.699692 0.144452  0.298096 0.539551 0
0  3.729789 4.513393 14.505947  0.699689 0.699692 0.144452  0.298096 0.539551 0
0  3.200302 3.983907 19.635355  0.699689 0.699692 0.144452  0.298096 0.539551 0
painted_wood_01
0  3.631074 2.847467 19.219650  0.707107 -0.707106 -0.000001  0.298096 0.539551 0
0  3.983909 3.200302 19.635353  0.707107 -0.707106 -0.000001  0.298096 0.539551 0
0  3.834977 3.051367 22.945499  0.707107 -0.707106 -0.000001  0.298096 0.539551 0
painted_wood_01
0  6.672784 6.150411 6.028134  0.666230 0.662121 -0.343122  0.298096 0.539551 0
0  6.150412 6.672781 6.028132  0.666230 0.662121 -0.343122  0.298096 0.539551 0
0  6.197910 6.721047 6.207235  0.666230 0.662121 -0.343122  0.298096 0.539551 0
gold_player
0  4.036065 3.252458 1.902435  -0.391400 -0.391400 0.832833  0.000000 0.000000 0
0  3.252458 4.036062 1.902434  -0.391400 -0.391400 0.832833  0.000000 0.000000 0
0  2.877920 3.661523 1.550397  -0.391400 -0.391400 0.832833  0.000000 0.000000 0
crystal_ball_glass
0  2.779753 2.431723 12.435316  -0.674607 -0.674614 -0.299670  0.000000 0.000000 0
0  2.431724 2.779750 12.435314  -0.674607 -0.674614 -0.299670  0.000000 0.000000 0
0  4.209641 4.557665 4.430506  -0.674607 -0.674614 -0.299670  0.000000 0.000000 0
painted_wood_01
0  5.670677 4.887069 3.089588  -0.323025 -0.323024 0.889556  0.298096 0.539551 0
0  4.887070 5.670673 3.089586  -0.323025 -0.323024 0.889556  0.298096 0.539551 0
0  3.252458 4.036062 1.902434  -0.323025 -0.323024 0.889556  0.298096 0.539551 0
gold_player
0  3.661527 2.877920 1.550398  -0.215695 -0.215698 -0.952339  0.000000 0.000000 0
0  2.877920 3.661523 1.550397  -0.215695 -0.215698 -0.952339  0.000000 0.000000 0
0  3.672135 4.455738 1.190632  -0.215695 -0.215698 -0.952339  0.000000 0.000000 0
gold_player
0  4.036065 3.252458 1.902435  0.520456 -0.833682 -0.184660  0.000000 0.000000 0
0  3.661527 2.877920 1.550398  0.520463 -0.833676 -0.184671  0.000000 0.000000 0
0  4.455741 3.672134 1.190633  0.520468 -0.833670 -0.184681  0.000000 0.000000 0
gold_player
0  4.455741 3.672134 1.190633  0.372429 0.372430 -0.850054  0.000000 0.000000 0
0  3.672135 4.455738 1.190632  0.372429 0.372430 -0.850054  0.000000 0.000000 0
0  4.285355 6.146595 2.200104  0.372429 0.372430 -0.850054  0.000000 0.000000 0
gold_player
0  3.252458 4.036062 1.902434  -0.833690 0.520432 -0.184692  0.000000 0.000000 0
0  4.285355 6.146595 2.200104  -0.833686 0.520436 -0.184699  0.000000 0.000000 0
0  3.672135 4.455738 1.190632  -0.833689 0.520433 -0.184694  0.000000 0.000000 0
black
0  7.370600 5.389429 2.378337  0.679611 -0.691928 0.243650  0.000000 0.000000 0
0  6.734782 5.593443 5.455659  0.679605 -0.691931 0.243656  0.000000 0.000000 0
0  5.427089 4.182586 4.372017  0.679606 -0.691931 0.243655  0.000000 0.000000 0
black
0  5.389429 7.370600 2.378336  -0.691870 0.679648 0.243710  0.000000 0.000000 0
0  4.345800 6.477699 2.630156  -0.691870 0.679649 0.243709  0.000000 0.000000 0
0  4.182586 5.427085 4.372015  -0.691869 0.679649 0.243709  0.000000 0.000000 0
painted_wood_01
0  6.672784 6.150411 6.028134  0.000000 0.000000 1.000000  0.298096 0.539551 0
0  7.586419 5.826493 1.835556  0.000000 0.000000 1.000000  0.298096 0.539551 0
0  7.586419 5.826493 1.835556  0.000000 0.000000 1.000000  0.298096 0.539551 0
painted_wood_01
0  5.826494 7.586419 1.835556  0.000000 0.000000 1.000000  0.298096 0.539551 0
0  6.150412 6.672781 6.028132  0.000000 0.000000 1.000000  0.298096 0.539551 0
0  6.150412 6.672781 6.028132  0.000000 0.000000 1.000000  0.298096 0.539551 0
painted_wood_01
0  4.037978 4.821580 4.468280  0.000000 0.000000 1.000000  0.298096 0.539551 0
0  4.285355 6.146595 2.200104  0.000000 0.000000 1.000000  0.298096 0.539551 0
0  4.285355 6.146595 2.200104  0.000000 0.000000 1.000000  0.298096 0.539551 0
painted_wood_01
0  6.146601 4.285356 2.200109  0.000000 0.000000 1.000000  0.298096 0.539551 0
0  4.821584 4.037977 4.468282  0.000000 0.000000 1.000000  0.298096 0.539551 0
0  4.821584 4.037977 4.468282  0.000000 0.000000 1.000000  0.298096 0.539551 0
painted_wood_01
0  7.586419 5.826493 1.835556  0.000000 0.000000 1.000000  0.298096 0.539551 0
0  6.146601 4.285356 2.200109  0.000000 0.000000 1.000000  0.298096 0.539551 0
0  6.146601 4.285356 2.200109  0.000000 0.000000 1.000000  0.298096 0.539551 0
painted_wood_01
0  4.821584 4.037977 4.468282  0.000000 0.000000 1.000000  0.298096 0.539551 0
0  6.672784 6.150411 6.028134  0.000000 0.000000 1.000000  0.298096 0.539551 0
0  6.672784 6.150411 6.028134  0.000000 0.000000 1.000000  0.298096 0.539551 0
painted_wood_01
0  6.150412 6.672781 6.028132  0.000000 0.000000 1.000000  0.298096 0.539551 0
0  4.037978 4.821580 4.468280  0.000000 0.000000 1.000000  0.298096 0.539551 0
0  4.037978 4.821580 4.468280  0.000000 0.000000 1.000000  0.298096 0.539551 0
painted_wood_01
0  4.285355 6.146595 2.200104  0.000000 0.000000 1.000000  0.298096 0.539551 0
0  5.826494 7.586419 1.835556  0.000000 0.000000 1.000000  0.298096 0.539551 0
0  5.826494 7.586419 1.835556  0.000000 0.000000 1.000000  0.298096 0.539551 0
painted_wood_01
0  7.370600 5.389429 2.378337  0.656928 -0.673610 -0.338667  0.298096 0.539551 0
0  6.477705 4.345802 2.630160  0.656925 -0.673613 -0.338667  0.298096 0.539551 0
0  6.146601 4.285356 2.200109  0.656925 -0.673613 -0.338667  0.298096 0.539551 0
painted_wood_01
0  5.427089 4.182586 4.372017  0.231168 -0.707970 0.667338  0.298096 0.539551 0
0  6.734782 5.593443 5.455659  0.231168 -0.707970 0.667338  0.298096 0.539551 0
0  6.672784 6.150411 6.028134  0.231169 -0.707968 0.667340  0.298096 0.539551 0
painted_wood_01
0  5.593443 6.734778 5.455657  -0.707970 0.231201 0.667326  0.298096 0.539551 0
0  4.182586 5.427085 4.372015  -0.707970 0.231201 0.667326  0.298096 0.539551 0
0  4.037978 4.821580 4.468280  -0.707975 0.231195 0.667323  0.298096 0.539551 0
painted_wood_01
0  4.345800 6.477699 2.630156  -0.673619 0.656956 -0.338594  0.298096 0.539551 0
0  5.389429 7.370600 2.378336  -0.673617 0.656958 -0.338595  0.298096 0.539551 0
0  5.826494 7.586419 1.835556  -0.673620 0.656956 -0.338594  0.298096 0.539551 0
painted_wood_01
0  6.734782 5.593443 5.455659  0.963752 -0.155634 0.216702  0.298096 0.539551 0
0  7.370600 5.389429 2.378337  0.963751 -0.155635 0.216707  0.298096 0.539551 0
0  7.586419 5.826493 1.835556  0.963751 -0.155635 0.216708  0.298096 0.539551 0
painted_wood_01
0  5.389429 7.370600 2.378336  -0.155580 0.963760 0.216704  0.298096 0.539551 0
0  5.593443 6.734778 5.455657  -0.155580 0.963760 0.216704  0.298096 0.539551 0
0  6.150412 6.672781 6.028132  -0.155580 0.963760 0.216705  0.298096 0.539551 0
painted_wood_01
0  4.182586 5.427085 4.372015  -0.978237 0.206315 0.022058  0.298096 0.539551 0
0  4.345800 6.477699 2.630156  -0.978237 0.206315 0.022060  0.298096 0.539551 0
0  4.285355 6.146595 2.200104  -0.978237 0.206315 0.022060  0.298096 0.539551 0
painted_wood_01
0  6.477705 4.345802 2.630160  0.206314 -0.978237 0.022059  0.298096 0.539551 0
0  5.427089 4.182586 4.372017  0.206313 -0.978237 0.022060  0.298096 0.539551 0
0  4.821584 4.037977 4.468282  0.206312 -0.978238 0.022062  0.298096 0.539551 0
painted_wood_01
0  3.983909 3.200302 19.635353  0.705679 0.705681 0.063502  0.298096 0.539551 0
0  3.200302 3.983907 19.635355  0.705679 0.705681 0.063502  0.298096 0.539551 0
0  3.051370 3.834970 22.945499  0.705679 0.705681 0.063502  0.298096 0.539551 0
painted_wood_01
0  2.431724 2.779750 12.435314  -0.847744 -0.517369 0.116871  0.298096 0.539551 0
0  2.987132 3.335159 18.922775  -0.847744 -0.517369 0.116871  0.298096 0.539551 0
0  2.847467 3.631071 19.219650  -0.847744 -0.517369 0.116871  0.298096 0.539551 0
painted_wood_01
0  5.270390 4.922360 3.273242  -0.409969 -0.409972 -0.814769  0.298096 0.539551 0
0  4.922362 5.270387 3.273242  -0.409969 -0.409972 -0.814769  0.298096 0.539551 0
0  4.887070 5.670673 3.089586  -0.409969 -0.409972 -0.814769  0.298096 0.539551 0
painted_wood_01
0  3.335160 2.987132 18.922775  -0.517366 -0.847746 0.116871  0.298096 0.539551 0
0  2.779753 2.431723 12.435316  -0.517366 -0.847746 0.116871  0.298096 0.539551 0
0  3.049926 2.266319 12.431530  -0.517366 -0.847746 0.116871  0.298096 0.539551 0
painted_wood_01
0  4.922362 5.270387 3.273242  -0.683651 -0.353274 -0.638607  0.298096 0.539551 0
0  4.209641 4.557665 4.430506  -0.683651 -0.353274 -0.638607  0.298096 0.539551 0
0  4.037978 4.821580 4.468280  -0.683651 -0.353274 -0.638607  0.298096 0.539551 0
painted_wood_01
0  4.557669 4.209639 4.430507  -0.353272 -0.683654 -0.638605  0.298096 0.539551 0
0  5.270390 4.922360 3.273242  -0.353272 -0.683654 -0.638605  0.298096 0.539551 0
0  5.670677 4.887069 3.089588  -0.353272 -0.683654 -0.638605  0.298096 0.539551 0
painted_wood_01
0  3.983909 3.200302 19.635353  0.707106 -0.707107 0.000000  0.298096 0.539551 0
0  3.631074 2.847467 19.219650  0.707106 -0.707107 0.000000  0.298096 0.539551 0
0  3.049926 2.266319 12.431530  0.707106 -0.707107 0.000000  0.298096 0.539551 0
painted_wood_01
0  2.847467 3.631071 19.219650  -0.707107 0.707107 -0.000000  0.298096 0.539551 0
0  3.200302 3.983907 19.635355  -0.707107 0.707107 -0.000000  0.298096 0.539551 0
0  3.729789 4.513393 14.505947  -0.707107 0.707107 -0.000000  0.298096 0.539551 0
crystal_ball_glass
0  2.981033 2.676710 18.702389  -0.701980 -0.701981 0.120197  0.000000 0.000000 0
0  2.676713 2.981029 18.702389  -0.701980 -0.701981 0.120197  0.000000 0.000000 0
0  2.191058 2.495373 13.029676  -0.701980 -0.701981 0.120197  0.000000 0.000000 0
crystal_ball_glass
0  2.779753 2.431723 12.435316  0.656186 -0.754552 0.008422  0.000000 0.000000 0
0  3.335160 2.987132 18.922775  0.656186 -0.754552 0.008422  0.000000 0.000000 0
0  2.981033 2.676710 18.702389  0.656186 -0.754552 0.008422  0.000000 0.000000 0
crystal_ball_glass
0  2.987132 3.335159 18.922775  -0.754557 0.656180 0.008422  0.000000 0.000000 0
0  2.431724 2.779750 12.435314  -0.754557 0.656180 0.008422  0.000000 0.000000 0
0  2.191058 2.495373 13.029676  -0.754557 0.656180 0.008422  0.000000 0.000000 0
painted_wood_01
0  3.335160 2.987132 18.922775  -0.369503 -0.927245 -0.060697  0.298096 0.539551 0
0  3.631074 2.847467 19.219650  -0.369503 -0.927245 -0.060697  0.298096 0.539551 0
0  3.477409 2.693798 22.537962  -0.369503 -0.927245 -0.060697  0.298096 0.539551 0
gold_player
0  2.431724 2.779750 12.435314  -0.701979 -0.701982 0.120197  0.000000 0.000000 0
0  2.779753 2.431723 12.435316  -0.701979 -0.701982 0.120197  0.000000 0.000000 0
0  3.335160 2.987132 18.922775  -0.701979 -0.701982 0.120197  0.000000 0.000000 0
painted_wood_01
0  3.834977 3.051367 22.945499  -0.443711 -0.443713 0.778614  0.298096 0.539551 0
0  3.051370 3.834970 22.945499  -0.443711 -0.443713 0.778614  0.298096 0.539551 0
0  2.693802 3.477403 22.537962  -0.443711 -0.443713 0.778614  0.298096 0.539551 0
painted_wood_01
0  2.830065 3.178087 22.242926  -0.658602 -0.658607 0.363978  0.298096 0.539551 0
0  3.178093 2.830060 22.242926  -0.658602 -0.658607 0.363978  0.298096 0.539551 0
0  3.477409 2.693798 22.537962  -0.658602 -0.658607 0.363978  0.298096 0.539551 0
crystal_ball_glass
0  3.178093 2.830060 22.242926  -0.289803 -0.289807 0.912154  0.000000 0.000000 0
0  2.830065 3.178087 22.242926  -0.289803 -0.289807 0.912154  0.000000 0.000000 0
0  2.517155 2.821467 22.030205  -0.289803 -0.289807 0.912154  0.000000 0.000000 0
painted_wood_01
0  3.200302 3.983907 19.635355  -0.707108 0.707105 0.000001  0.298096 0.539551 0
0  2.847467 3.631071 19.219650  -0.707108 0.707105 0.000001  0.298096 0.539551 0
0  2.693802 3.477403 22.537962  -0.707108 0.707105 0.000001  0.298096 0.539551 0
crystal_ball_glass
0  2.987132 3.335159 18.922775  -0.750652 0.660684 -0.004313  0.000000 0.000000 0
0  2.676713 2.981029 18.702389  -0.750652 0.660684 -0.004313  0.000000 0.000000 0
0  2.517155 2.821467 22.030205  -0.750652 0.660684 -0.004313  0.000000 0.000000 0
crystal_ball_glass
0  2.676713 2.981029 18.702389  -0.705486 -0.705487 -0.067652  0.000000 0.000000 0
0  2.981033 2.676710 18.702389  -0.705486 -0.705487 -0.067652  0.000000 0.000000 0
0  2.821475 2.517148 22.030205  -0.705486 -0.705487 -0.067652  0.000000 0.000000 0
painted_wood_01
0  2.847467 3.631071 19.219650  -0.927249 -0.369493 -0.060700  0.298096 0.539551 0
0  2.987132 3.335159 18.922775  -0.927249 -0.369493 -0.060700  0.298096 0.539551 0
0  2.830065 3.178087 22.242926  -0.927249 -0.369493 -0.060700  0.298096 0.539551 0
crystal_ball_glass
0  2.981033 2.676710 18.702389  0.660668 -0.750666 -0.004258  0.000000 0.000000 0
0  3.335160 2.987132 18.922775  0.660668 -0.750666 -0.004258  0.000000 0.000000 0
0  3.178093 2.830060 22.242926  0.660668 -0.750666 -0.004258  0.000000 0.000000 0
painted_wood_01
0  6.672784 6.150411 6.028134  0.000000 0.000000 -0.251220  0.298096 0.539551 0
0  6.672784 6.150411 6.028134  0.654405 -0.713192 -0.251220  0.298096 0.539551 0
0  4.557669 4.209639 4.430507  -0.590781 0.643790 0.486326  0.298096 0.539551 0
painted_wood_01
0  4.209641 4.557665 4.430506  -0.643847 0.590719 0.486326  0.298096 0.539551 0
0  6.150412 6.672781 6.028132  0.000000 0.000000 -0.251220  0.298096 0.539551 0
0  6.150412 6.672781 6.028132  0.713192 -0.654405 -0.251220  0.298096 0.539551 0
painted_wood_01
0  4.037978 4.821580 4.468280  0.000000 0.000000 -0.059651  0.298096 0.539551 0
0  4.037978 4.821580 4.468280  0.836779 0.544282 -0.059651  0.298096 0.539551 0
0  4.209641 4.557665 4.430506  -0.832280 -0.541413 0.119089  0.298096 0.539551 0
painted_wood_01
0  4.513397 3.729790 14.505948  0.722185 -0.691567 -0.013574  0.298096 0.539551 0
0  6.672784 6.150411 6.028134  0.722185 -0.691567 -0.013574  0.298096 0.539551 0
0  6.718204 6.195065 6.208757  0.722185 -0.691567 -0.013574  0.298096 0.539551 0
painted_wood_01
0  6.150412 6.672781 6.028132  -0.691842 0.721919 -0.013712  0.298096 0.539551 0
0  3.729789 4.513393 14.505947  -0.691842 0.721919 -0.013712  0.298096 0.539551 0
0  3.809359 4.592963 14.646132  -0.691842 0.721919 -0.013712  0.298096 0.539551 0
painted_wood_01
0  3.729789 4.513393 14.505947  -0.551430 -0.551428 0.625980  0.298096 0.539551 0
0  4.513397 3.729790 14.505948  -0.551430 -0.551428 0.625980  0.298096 0.539551 0
0  4.592967 3.809360 14.646135  -0.551430 -0.551428 0.625980  0.298096 0.539551 0
crystal_ball_glass
0  4.209641 4.557665 4.430506  -0.749119 0.661624 -0.032780  0.000000 0.000000 0
0  2.431724 2.779750 12.435314  -0.749120 0.661623 -0.032780  0.000000 0.000000 0
0  6.150412 6.672781 6.028132  -0.749121 0.661622 -0.032778  0.000000 0.000000 0
crystal_ball_glass
0  2.431724 2.779750 12.435314  -0.749119 0.661624 -0.032777  0.000000 0.000000 0
0  3.729789 4.513393 14.505947  -0.749120 0.661623 -0.032775  0.000000 0.000000 0
0  6.150412 6.672781 6.028132  -0.749119 0.661624 -0.032777  0.000000 0.000000 0
gold_player
0  2.431724 2.779750 12.435314  0.491251 0.491253 -0.719265  0.000000 0.000000 0
0  3.729789 4.513393 14.505947  0.491251 0.491253 -0.719265  0.000000 0.000000 0
0  4.513397 3.729790 14.505948  0.491251 0.491253 -0.719265  0.000000 0.000000 0
gold_player
0  6.150412 6.672781 6.028132  -0.344114 -0.344112 0.873598  0.000000 0.000000 0
0  4.209641 4.557665 4.430506  -0.344114 -0.344112 0.873598  0.000000 0.000000 0
0  4.557669 4.209639 4.430507  -0.344114 -0.344112 0.873598  0.000000 0.000000 0
gold_player
0  6.672784 6.150411 6.028134  0.000000 0.000000 -0.000001  0.000000 0.000000 0
0  6.672784 6.150411 6.028134  -0.707106 -0.707108 -0.000001  0.000000 0.000000 0
0  6.150412 6.672781 6.028132  0.707072 0.707142 0.000003  0.000000 0.000000 0
gold_player
0  3.729789 4.513393 14.505947  -0.237881 0.266634 -0.933980  0.000000 0.000000 0
0  6.150412 6.672781 6.028132  0.000000 0.000000 0.566867  0.000000 0.000000 0
0  6.150412 6.672781 6.028132  0.548404 -0.614748 0.566867  0.000000 0.000000 0
gold_player
0  4.513397 3.729790 14.505948  -0.660549 -0.660554 -0.356853  0.000000 0.000000 0
0  3.729789 4.513393 14.505947  -0.660549 -0.660554 -0.356853  0.000000 0.000000 0
0  6.672784 6.150411 6.028134  -0.660549 -0.660554 -0.356853  0.000000 0.000000 0
gold_player
0  3.729789 4.513393 14.505947  -0.660550 -0.660553 -0.356853  0.000000 0.000000 0
0  6.150412 6.672781 6.028132  -0.660550 -0.660553 -0.356853  0.000000 0.000000 0
0  6.672784 6.150411 6.028134  -0.660550 -0.660553 -0.356853  0.000000 0.000000 0
crystal_ball_glass
0  4.513397 3.729790 14.505948  0.661623 -0.749120 -0.032776  0.000000 0.000000 0
0  2.779753 2.431723 12.435316  0.661625 -0.749118 -0.032778  0.000000 0.000000 0
0  6.672784 6.150411 6.028134  0.661625 -0.749119 -0.032778  0.000000 0.000000 0
crystal_ball_glass
0  2.779753 2.431723 12.435316  0.661652 -0.749096 -0.032748  0.000000 0.000000 0
0  4.557669 4.209639 4.430507  0.661650 -0.749097 -0.032746  0.000000 0.000000 0
0  6.672784 6.150411 6.028134  0.661651 -0.749096 -0.032747  0.000000 0.000000 0
black
0  3.809359 4.592963 14.646132  0.057751 0.057758 0.996659  0.000000 0.000000 0
0  4.592967 3.809360 14.646135  0.057751 0.057758 0.996659  0.000000 0.000000 0
0  4.588055 4.057975 14.632012  0.057751 0.057758 0.996659  0.000000 0.000000 0
black
0  6.579035 6.284646 6.508852  0.945400 0.165134 0.280978  0.000000 0.000000 0
0  4.588055 4.057975 14.632012  0.945403 0.165138 0.280966  0.000000 0.000000 0
0  4.592967 3.809360 14.646135  0.945400 0.165134 0.280980  0.000000 0.000000 0
black
0  6.284647 6.579034 6.508851  0.704117 0.699472 0.122300  0.000000 0.000000 0
0  6.579035 6.284646 6.508852  0.704118 0.699472 0.122300  0.000000 0.000000 0
0  6.718204 6.195065 6.208757  0.704117 0.699472 0.122300  0.000000 0.000000 0
black
0  4.057974 4.588053 14.632009  0.171385 0.943837 0.282489  0.000000 0.000000 0
0  6.284647 6.579034 6.508851  0.171385 0.943837 0.282486  0.000000 0.000000 0
0  6.197910 6.721047 6.207235  0.171382 0.943834 0.282500  0.000000 0.000000 0
black
0  6.579035 6.284646 6.508852  0.663783 0.663785 0.344646  0.000000 0.000000 0
0  6.284647 6.579034 6.508851  0.663783 0.663785 0.344646  0.000000 0.000000 0
0  4.057974 4.588053 14.632009  0.663783 0.663785 0.344646  0.000000 0.000000 0
black
0  8.871435 10.006626 -1.938043  -0.682133 -0.682139 -0.263403  0.000000 0.000000 0
0  8.245354 9.866996 0.044917  -0.682133 -0.682139 -0.263403  0.000000 0.000000 0
0  7.837859 10.122279 0.439100  -0.682133 -0.682139 -0.263403  0.000000 0.000000 0
black
0  9.866996 8.245355 0.044917  -0.682139 -0.682133 -0.263404  0.000000 0.000000 0
0  10.006626 8.871435 -1.938043  -0.682139 -0.682133 -0.263404  0.000000 0.000000 0
0  10.317422 8.712852 -2.332226  -0.682139 -0.682133 -0.263404  0.000000 0.000000 0
black
0  8.245354 9.866996 0.044917  -0.682136 -0.682136 -0.263403  0.000000 0.000000 0
0  9.866996 8.245355 0.044917  -0.682136 -0.682136 -0.263403  0.000000 0.000000 0
0  10.122279 7.837860 0.439100  -0.682136 -0.682136 -0.263403  0.000000 0.000000 0
black
0  10.006626 8.871435 -1.938043  -0.682135 -0.682136 -0.263403  0.000000 0.000000 0
0  8.871435 10.006626 -1.938043  -0.682135 -0.682136 -0.263403  0.000000 0.000000 0
0  8.712851 10.317423 -2.332226  -0.682135 -0.682136 -0.263403  0.000000 0.000000 0
painted_wood_01
0  7.879970 9.551697 0.485932  0.384498 0.384497 -0.839240  0.298096 0.539551 0
0  7.031862 8.703589 -0.291190  0.384498 0.384497 -0.839240  0.298096 0.539551 0
0  6.683122 8.734072 -0.437000  0.384498 0.384497 -0.839240  0.298096 0.539551 0
painted_wood_01
0  7.031862 8.703589 -0.291190  0.384499 0.384499 -0.839238  0.298096 0.539551 0
0  8.703589 7.031862 -0.291190  0.384499 0.384499 -0.839238  0.298096 0.539551 0
0  8.734072 6.683122 -0.437000  0.384499 0.384499 -0.839238  0.298096 0.539551 0
painted_wood_01
0  9.551698 7.879970 0.485932  0.384498 0.384498 -0.839239  0.298096 0.539551 0
0  7.879970 9.551697 0.485932  0.384498 0.384498 -0.839239  0.298096 0.539551 0
0  7.849488 9.900437 0.631742  0.384498 0.384498 -0.839239  0.298096 0.539551 0
painted_wood_01
0  8.703589 7.031862 -0.291190  0.384499 0.384496 -0.839240  0.298096 0.539551 0
0  9.551698 7.879970 0.485932  0.384499 0.384496 -0.839240  0.298096 0.539551 0
0  9.900437 7.849488 0.631742  0.384499 0.384496 -0.839240  0.298096 0.539551 0
c_invasion_wrangler_laser
0  7.879970 9.551697 0.485932  0.477698 0.477698 0.737299  0.000000 0.000000 0
0  9.551698 7.879970 0.485932  0.477698 0.477698 0.737299  0.000000 0.000000 0
0  9.866996 8.245355 0.044917  0.477698 0.477698 0.737299  0.000000 0.000000 0
c_invasion_wrangler_laser
0  8.703589 7.031862 -0.291190  -0.606972 -0.606972 -0.513001  0.000000 0.000000 0
0  7.031862 8.703589 -0.291190  -0.606972 -0.606972 -0.513001  0.000000 0.000000 0
0  8.016291 8.995618 -1.801467  -0.606972 -0.606972 -0.513001  0.000000 0.000000 0
c_invasion_wrangler_laser
0  8.871435 10.006626 -1.938043  -0.072797 -0.072797 -0.994686  0.000000 0.000000 0
0  10.006626 8.871435 -1.938043  -0.072797 -0.072797 -0.994686  0.000000 0.000000 0
0  8.995619 8.016291 -1.801467  -0.072797 -0.072797 -0.994686  0.000000 0.000000 0
c_invasion_wrangler_laser
0  7.031862 8.703589 -0.291190  -0.693607 0.689238 -0.209427  0.000000 0.000000 0
0  7.879970 9.551697 0.485932  -0.693609 0.689237 -0.209427  0.000000 0.000000 0
0  8.245354 9.866996 0.044917  -0.693619 0.689227 -0.209424  0.000000 0.000000 0
c_invasion_wrangler_laser
0  8.245354 9.866996 0.044917  -0.693627 0.689203 -0.209480  0.000000 0.000000 0
0  8.871435 10.006626 -1.938043  -0.693627 0.689203 -0.209479  0.000000 0.000000 0
0  8.016291 8.995618 -1.801467  -0.693627 0.689204 -0.209473  0.000000 0.000000 0
c_invasion_wrangler_laser
0  8.703589 7.031862 -0.291190  0.689228 -0.693603 -0.209473  0.000000 0.000000 0
0  8.995619 8.016291 -1.801467  0.689221 -0.693607 -0.209483  0.000000 0.000000 0
0  9.866996 8.245355 0.044917  0.689222 -0.693607 -0.209482  0.000000 0.000000 0
c_invasion_wrangler_laser
0  8.995619 8.016291 -1.801467  0.689203 -0.693628 -0.209476  0.000000 0.000000 0
0  10.006626 8.871435 -1.938043  0.689201 -0.693627 -0.209483  0.000000 0.000000 0
0  9.866996 8.245355 0.044917  0.689203 -0.693628 -0.209475  0.000000 0.000000 0
painted_wood_01
0  6.146601 4.285356 2.200109  -0.120502 -0.120505 -0.985372  0.298096 0.539551 0
0  4.285355 6.146595 2.200104  -0.120502 -0.120505 -0.985372  0.298096 0.539551 0
0  5.826494 7.586419 1.835556  -0.120502 -0.120505 -0.985372  0.298096 0.539551 0
end
