version 1
nodes
0 "weapon_bone" -1
1 "c_weapon_stattrack" 0
end
skeleton
time 0
0  0.000000 0.000000 0.000000  0.000000 -0.000000 0.000000
1  -0.980838 5.458203 0.564254  0.076775 -1.277525 3.137441
end
triangles
painted_wood_01
0  0.000000 -7.674315 1.805716  1.000000 0.000000 0.000000  0.297403 0.539614 0
0  0.000000 -6.298166 -1.700005  1.000000 0.000000 0.000000  0.297403 0.539614 0
0  0.000000 -6.298168 1.699995  1.000000 0.000000 0.000000  0.297403 0.539614 0
gold_player
0  -1.197502 1.446441 0.000000  0.000000 0.221594 -0.975139  0.593229 0.440361 0
0  0.000000 3.766343 0.527183  0.000000 0.221594 -0.975139  0.428739 0.494290 0
0  0.000000 1.446441 0.000000  0.000000 0.221594 -0.975139  0.644185 0.438140 0
painted_wood_01
0  -1.000001 -6.298168 0.567713  -1.000000 0.000000 0.000000  0.297403 0.539614 0
0  -1.000001 -8.066722 -0.865616  -1.000000 0.000000 0.000000  0.297403 0.539614 0
0  -1.000001 -7.776050 1.113149  -1.000000 0.000000 0.000000  0.297403 0.539614 0
painted_wood_01
0  -1.000001 -8.066722 -0.865616  -0.549651 -0.296193 -0.781123  0.297403 0.539614 0
0  0.000000 -9.122035 -1.169117  -0.549648 -0.296197 -0.781124  0.297403 0.539614 0
0  -0.927546 -9.035044 -0.576909  -0.549650 -0.296195 -0.781123  0.297403 0.539614 0
painted_wood_01
0  0.000000 -6.298168 1.699995  -0.669299 0.165237 0.724387  0.297403 0.539614 0
0  -1.000001 -7.776050 1.113149  -0.669303 0.165231 0.724384  0.297403 0.539614 0
0  0.000000 -7.674315 1.805716  -0.669304 0.165229 0.724383  0.297403 0.539614 0
painted_wood_01
0  -1.000001 -6.298168 -0.567713  -0.672782 0.031740 -0.739159  0.297403 0.539614 0
0  0.000000 -8.168456 -1.558184  -0.672777 0.031730 -0.739165  0.297403 0.539614 0
0  -1.000001 -8.066722 -0.865616  -0.672778 0.031732 -0.739164  0.297403 0.539614 0
gold_player
0  -1.000001 -6.298168 -0.567713  0.000000 1.000000 0.000000  -0.141682 0.495903 0
0  0.000000 -6.298168 0.667713  0.000000 1.000000 0.000000  0.012747 0.558403 0
0  0.000000 -6.298168 -0.667713  0.000000 1.000000 0.000000  -0.154182 0.558402 0
gold_player
0  -1.000001 3.766343 0.527183  0.000000 -1.000000 0.000000  -0.004820 0.491805 0
0  0.000000 3.766343 -0.527183  0.000000 -1.000000 0.000000  -0.136615 0.616805 0
0  0.000000 3.766343 0.527183  0.000000 -1.000000 0.000000  -0.004820 0.616805 0
gold_player
0  -1.000001 3.766343 -0.527183  0.000000 0.221594 0.975139  0.737364 0.416955 0
0  0.000000 1.446441 0.000000  0.000000 0.221594 0.975139  0.782676 0.358951 0
0  0.000000 3.766343 -0.527183  0.000000 0.221594 0.975139  0.705990 0.415101 0
festive_lights_red
0  0.000000 0.568786 -1.792446  -0.195091 0.000000 -0.980785  0.166801 0.093669 0
0  -0.532866 -3.392442 -1.686453  -0.195091 0.000000 -0.980785  0.025998 0.976463 0
0  -0.532866 0.568786 -1.686452  -0.195091 0.000000 -0.980785  0.029689 0.093669 0
black
0  -0.532866 0.568786 -1.686452  -0.555570 0.000000 -0.831470  0.163181 0.607807 0
0  -0.984607 -3.392442 -1.384609  -0.555570 0.000000 -0.831470  0.250208 1.598114 0
0  -0.984607 0.568786 -1.384608  -0.555570 0.000000 -0.831470  0.250208 0.607807 0
painted_wood_01
0  -0.984607 -3.392442 -1.384609  -0.907408 0.000000 -0.420252  0.297403 0.539614 0
0  -1.286451 -3.392442 -0.732868  -0.907408 0.000000 -0.420252  0.297403 0.539614 0
0  -1.286451 -1.411828 -0.732868  -0.907408 0.000000 -0.420252  0.297403 0.539614 0
painted_wood_01
0  -1.197502 -4.270097 0.000000  -0.992715 0.000000 -0.120487  0.297403 0.539614 0
0  -1.286450 -3.392443 0.732861  -0.992715 0.000000 -0.120487  0.297403 0.539614 0
0  -1.286450 -1.411829 0.732862  -0.992715 0.000000 -0.120487  0.297403 0.539614 0
painted_wood_01
0  -1.286451 -3.392442 -0.732868  -0.992715 0.000000 0.120486  0.297403 0.539614 0
0  -1.197502 -4.270097 0.000000  -0.992715 0.000000 0.120486  0.297403 0.539614 0
0  -1.286451 -1.411828 -0.732868  -0.992715 0.000000 0.120486  0.297403 0.539614 0
painted_wood_01
0  -1.286450 -1.411829 0.732862  -0.907408 -0.000000 0.420252  0.297403 0.539614 0
0  -0.984607 -3.392443 1.384602  -0.907408 -0.000000 0.420252  0.297403 0.539614 0
0  -0.984607 0.568785 1.384604  -0.907408 -0.000000 0.420252  0.297403 0.539614 0
black
0  -0.984607 0.568785 1.384604  -0.555570 -0.000000 0.831469  0.297403 0.539614 0
0  -0.532866 -3.392443 1.686446  -0.555570 -0.000000 0.831469  0.297403 0.539614 0
0  -0.532866 0.568785 1.686447  -0.555570 -0.000000 0.831469  0.297403 0.539614 0
festive_lights_red
0  -0.532866 0.568785 1.686447  -0.195090 -0.000000 0.980785  0.297403 0.539614 0
0  0.000000 -3.392443 1.792439  -0.195090 -0.000000 0.980785  0.297403 0.539614 0
0  0.000000 0.568785 1.792440  -0.195090 -0.000000 0.980785  0.297403 0.539614 0
gold_player
0  -1.197502 -4.270097 0.000000  0.043509 -0.289159 0.956292  0.453063 0.675889 0
0  0.000000 -6.298168 -0.667713  0.043505 -0.289152 0.956294  0.234288 0.333411 0
0  0.000000 -4.270097 0.000000  0.043509 -0.289158 0.956292  0.540105 0.787401 0
painted_wood_01
0  -1.286450 -3.392443 0.732861  -0.970033 -0.107989 0.217657  0.297403 0.539614 0
0  -1.000001 -6.298168 0.567713  -0.970031 -0.108013 0.217656  0.297403 0.539614 0
0  -0.984607 -3.392443 1.384602  -0.969820 -0.110102 0.217547  0.297403 0.539614 0
painted_wood_01
0  -0.984607 0.568786 -1.384608  -0.971781 0.100758 -0.213282  0.297403 0.539614 0
0  -1.197502 1.446441 0.000000  -0.971781 0.100757 -0.213283  0.297403 0.539614 0
0  -1.000001 3.766343 -0.527183  -0.971780 0.100754 -0.213287  0.297403 0.539614 0
painted_wood_01
0  -1.286450 0.568785 0.732862  -0.971788 0.100759 0.213252  0.297403 0.539614 0
0  -1.000001 3.766343 0.527183  -0.971785 0.100792 0.213250  0.297403 0.539614 0
0  -1.197502 1.446441 0.000000  -0.971785 0.100785 0.213251  0.297403 0.539614 0
c_invasion_wrangler_laser
0  0.000000 3.808831 -1.445365  -0.381068 0.064543 -0.922291  0.000000 0.000000 0
0  0.000000 0.726782 -1.549412  -0.381070 0.064531 -0.922292  0.000000 0.000000 0
0  -0.440115 0.713023 -1.517149  -0.381068 0.064548 -0.922291  0.000000 0.000000 0
painted_wood_01
0  -0.532866 0.568785 1.686447  -0.613452 0.135206 0.778072  0.297403 0.539614 0
0  0.000000 1.998897 1.947666  -0.613453 0.135205 0.778071  0.297403 0.539614 0
0  -0.984607 0.568785 1.384604  -0.613451 0.135207 0.778073  0.297403 0.539614 0
painted_wood_01
0  -0.984607 -3.392442 -1.384609  -0.970035 -0.108056 -0.217613  0.297403 0.539614 0
0  -1.197502 -4.270097 0.000000  -0.970029 -0.108030 -0.217654  0.297403 0.539614 0
0  -1.286451 -3.392442 -0.732868  -0.970032 -0.108043 -0.217632  0.297403 0.539614 0
painted_wood_01
0  0.000000 -6.298168 1.699995  -0.607357 -0.136159 0.782674  0.297403 0.539614 0
0  0.000000 -3.392443 1.792439  -0.607353 -0.136172 0.782674  0.297403 0.539614 0
0  -0.532866 -3.392443 1.686446  -0.607353 -0.136172 0.782674  0.297403 0.539614 0
painted_wood_01
0  0.000000 -6.298166 -1.700005  -0.607358 -0.136183 -0.782668  0.297403 0.539614 0
0  -0.984607 -3.392442 -1.384609  -0.607361 -0.136178 -0.782667  0.297403 0.539614 0
0  -0.532866 -3.392442 -1.686453  -0.607358 -0.136184 -0.782669  0.297403 0.539614 0
gold_player
0  -1.000001 -6.298168 0.567713  0.043528 -0.289159 -0.956291  -0.207490 -0.297144 0
0  0.000000 -4.270097 0.000000  0.043530 -0.289155 -0.956292  0.130371 0.183502 0
0  0.000000 -6.298168 0.667713  0.043529 -0.289157 -0.956292  -0.184151 -0.270616 0
painted_wood_01
0  -0.927546 -8.786492 1.115114  -0.000000 -0.989383 0.145335  0.297403 0.539614 0
0  0.000000 -9.122035 -1.169117  -0.000000 -0.989383 0.145335  0.297403 0.539614 0
0  0.000000 -8.699500 1.707322  -0.000000 -0.989383 0.145335  0.297403 0.539614 0
painted_wood_01
0  -1.000001 -7.776050 1.113149  -0.997385 -0.071498 0.010503  0.297403 0.539614 0
0  -0.927546 -9.035044 -0.576909  -0.997385 -0.071498 0.010503  0.297403 0.539614 0
0  -0.927546 -8.786492 1.115114  -0.997385 -0.071498 0.010503  0.297403 0.539614 0
painted_wood_01
0  0.000000 -8.168456 -1.558184  1.000000 0.000000 0.000000  0.297403 0.539614 0
0  0.000000 -8.699500 1.707322  1.000000 0.000000 0.000000  0.297403 0.539614 0
0  0.000000 -9.122035 -1.169117  1.000000 0.000000 0.000000  0.297403 0.539614 0
painted_wood_01
0  -0.927546 -8.786492 1.115114  0.076809 -0.996019 -0.045246  0.297403 0.539614 0
0  0.000000 -8.817576 3.373937  0.076809 -0.996019 -0.045246  0.297403 0.539614 0
0  -2.026842 -8.904570 2.781729  0.076809 -0.996019 -0.045245  0.297403 0.539614 0
painted_wood_01
0  0.000000 -7.792392 3.472332  -0.294512 -0.055677 0.954024  0.297403 0.539614 0
0  -2.026842 -8.904570 2.781729  -0.294514 -0.055678 0.954024  0.297403 0.539614 0
0  0.000000 -8.817576 3.373937  -0.294512 -0.055677 0.954024  0.297403 0.539614 0
painted_wood_01
0  0.000000 -8.699500 1.707322  1.000000 0.000000 0.000000  0.297403 0.539614 0
0  0.000000 -7.792392 3.472332  1.000000 0.000000 0.000000  0.297403 0.539614 0
0  0.000000 -8.817576 3.373937  1.000000 0.000000 0.000000  0.297403 0.539614 0
painted_wood_01
0  0.000000 -7.674315 1.805716  -0.084433 0.995514 0.042689  0.297403 0.539614 0
0  -2.099297 -7.894127 2.779765  -0.084430 0.995515 0.042688  0.297403 0.539614 0
0  0.000000 -7.792392 3.472332  -0.084431 0.995514 0.042688  0.297403 0.539614 0
painted_wood_01
0  -1.000001 -7.776050 1.113149  -0.831245 -0.060680 -0.552585  0.297403 0.539614 0
0  -2.026842 -8.904570 2.781729  -0.831245 -0.060680 -0.552585  0.297403 0.539614 0
0  -2.099297 -7.894127 2.779765  -0.831245 -0.060680 -0.552585  0.297403 0.539614 0
c_invasion_wrangler_laser
0  0.000000 3.808831 -1.445365  -0.394852 -0.348163 -0.850220  0.000000 0.000000 0
0  -0.800226 4.361275 -1.299955  -0.394852 -0.348163 -0.850220  0.000000 0.000000 0
0  0.000000 4.463351 -1.716897  -0.394853 -0.348163 -0.850220  0.000000 0.000000 0
painted_wood_01
0  -1.040689 3.081822 1.948165  -0.521552 -0.782035 -0.341182  0.297403 0.539614 0
0  0.000000 1.302137 4.436562  -0.521552 -0.782035 -0.341182  0.297403 0.539614 0
0  -1.334608 1.639535 5.471472  -0.521552 -0.782036 -0.341180  0.297403 0.539614 0
painted_wood_01
0  -1.334608 1.639535 5.471472  -0.521687 -0.442773 -0.729243  0.297403 0.539614 0
0  0.000000 -2.194918 6.844880  -0.521689 -0.442767 -0.729245  0.297403 0.539614 0
0  -2.043638 -1.586379 7.652559  -0.521684 -0.442780 -0.729241  0.297403 0.539614 0
painted_wood_01
0  -2.043638 -1.586379 7.652559  -0.516465 -0.394856 -0.759837  0.297403 0.539614 0
0  0.000000 -5.283927 8.185042  -0.516456 -0.394873 -0.759835  0.297403 0.539614 0
0  -0.823650 -5.073333 8.900395  -0.516460 -0.394864 -0.759836  0.297403 0.539614 0
c_invasion_wrangler_laser
0  -0.823280 2.745751 6.255489  -0.390804 0.729923 0.560789  0.000000 0.000000 0
0  -6.654728 0.857779 4.648882  -0.390806 0.729922 0.560789  0.000000 0.000000 0
0  -6.192101 -1.820817 6.907058  -0.390809 0.729921 0.560788  0.000000 0.000000 0
c_invasion_wrangler_laser
0  -0.812732 -5.064515 9.333725  -0.076606 -0.261497 0.962159  0.000000 0.000000 0
0  -3.017567 -8.248178 8.292931  -0.076609 -0.261501 0.962158  0.000000 0.000000 0
0  -3.019983 -9.563709 7.800428  -0.076614 -0.261509 0.962156  0.000000 0.000000 0
c_invasion_wrangler_laser
0  -0.937817 3.574015 2.561584  -0.494415 0.475584 -0.727581  0.000000 0.000000 0
0  -6.536331 -0.013675 4.020900  -0.494415 0.475584 -0.727581  0.000000 0.000000 0
0  -6.878329 0.071715 4.271703  -0.494418 0.475582 -0.727580  0.000000 0.000000 0
c_invasion_wrangler_laser
0  -0.856414 -4.619143 9.005753  0.803148 -0.216083 -0.555213  0.000000 0.000000 0
0  -3.019983 -9.563709 7.800428  0.803147 -0.216086 -0.555213  0.000000 0.000000 0
0  -3.229265 -9.085955 7.403142  0.803146 -0.216088 -0.555214  0.000000 0.000000 0
c_invasion_wrangler_laser
0  -1.007624 3.293729 2.388378  0.424785 -0.719757 -0.549096  0.000000 0.000000 0
0  -6.273186 -2.590704 6.028722  0.424781 -0.719762 -0.549094  0.000000 0.000000 0
0  -6.536331 -0.013675 4.020900  0.424780 -0.719764 -0.549092  0.000000 0.000000 0
c_invasion_wrangler_laser
0  -0.259706 -3.714955 9.609733  -0.319139 0.056229 0.946038  0.000000 0.000000 0
0  -5.373821 -5.406857 7.985157  -0.319123 0.056234 0.946043  0.000000 0.000000 0
0  -3.017567 -8.248178 8.292931  -0.319132 0.056231 0.946041  0.000000 0.000000 0
gold_player
0  -1.040689 3.081822 1.948165  -0.961709 0.164457 0.219247  0.297403 0.539614 0
0  -0.657924 4.561394 2.517317  -0.961709 0.164457 0.219247  0.297403 0.539614 0
0  -0.756352 5.377801 1.663652  -0.961709 0.164458 0.219248  0.297403 0.539614 0
c_invasion_wrangler_laser
0  -0.800226 4.361275 -1.299955  -0.423873 -0.242032 -0.872784  0.000000 0.000000 0
0  0.000000 5.470138 -1.996089  -0.423873 -0.242032 -0.872784  0.000000 0.000000 0
0  0.000000 4.463351 -1.716897  -0.423873 -0.242032 -0.872784  0.000000 0.000000 0
gold_player
0  -1.791192 5.824657 -0.960702  -0.594602 -0.172412 -0.785317  0.750717 1.060359 0
0  0.000000 6.028502 -2.361655  -0.594602 -0.172412 -0.785317  0.682617 0.964171 0
0  -1.038986 4.384902 -1.214143  -0.594602 -0.172412 -0.785317  0.970732 1.371122 0
painted_wood_01
0  -0.678174 8.795123 -2.502386  0.038975 -0.041232 -0.998389  0.297403 0.539614 0
0  0.000000 9.436178 -2.502386  0.038975 -0.041232 -0.998389  0.297403 0.539614 0
0  0.000000 6.028502 -2.361655  0.038975 -0.041232 -0.998389  0.297403 0.539614 0
gold_player
0  0.000000 6.028502 -2.361655  -0.592279 -0.185074 -0.784189  0.000000 0.000000 0
0  -1.791192 5.824657 -0.960702  -0.592279 -0.185074 -0.784189  0.000000 0.000000 0
0  -0.678174 8.795123 -2.502386  -0.592279 -0.185074 -0.784189  0.000000 0.000000 0
black
0  -1.791192 5.824657 -0.960702  -0.798623 -0.013040 -0.601691  -0.082403 0.309679 0
0  -1.506855 9.045291 -1.407901  -0.798623 -0.013040 -0.601691  -0.201928 0.758871 0
0  -0.678174 8.795123 -2.502386  -0.798623 -0.013040 -0.601691  -0.257922 0.969305 0
crystal_ball_glass
0  -0.440115 0.713023 -1.517149  -0.093181 0.812912 -0.574884  0.245203 0.664189 0
0  0.000000 0.568786 -1.792446  -0.093179 0.812911 -0.574885  0.200414 0.695991 0
0  -0.532866 0.568786 -1.686452  -0.093184 0.812913 -0.574882  0.245217 0.661705 0
crystal_ball_glass
0  -0.760020 0.712068 -1.288985  -0.332089 0.810763 -0.482059  0.199542 0.746891 0
0  -0.532866 0.568786 -1.686452  -0.332088 0.810763 -0.482059  0.158996 0.774969 0
0  -0.984607 0.568786 -1.384608  -0.332088 0.810762 -0.482060  0.206892 0.738098 0
crystal_ball_glass
0  -0.767678 3.772680 -1.077588  -0.719427 0.114372 -0.685087  0.635129 0.475828 0
0  -0.984607 0.568786 -1.384608  -0.719426 0.114374 -0.685087  0.943529 0.418513 0
0  -1.000001 3.766343 -0.527183  -0.719428 0.114357 -0.685089  0.645464 0.465356 0
crystal_ball_glass
0  -0.800226 4.361275 -1.299955  -0.727424 -0.439825 -0.526695  0.542513 0.543459 0
0  -1.000001 3.766343 -0.527183  -0.727424 -0.439826 -0.526694  0.629655 0.522741 0
0  -1.038986 4.384902 -1.214143  -0.727428 -0.439839 -0.526678  0.554410 0.536208 0
crystal_ball_glass
0  0.000000 5.470138 -1.996089  -0.151707 -0.478098 -0.865105  1.091069 1.442094 0
0  -1.038986 4.384902 -1.214143  -0.151706 -0.478097 -0.865106  1.278580 1.516844 0
0  0.000000 6.028502 -2.361655  -0.151705 -0.478096 -0.865107  1.025620 1.375811 0
painted_wood_01
0  -1.272847 1.852638 5.646378  -0.978229 0.207393 0.007521  0.297403 0.539614 0
0  -1.040689 3.081822 1.948165  -0.978229 0.207393 0.007521  0.297403 0.539614 0
0  -1.334608 1.639535 5.471472  -0.978229 0.207394 0.007520  0.297403 0.539614 0
painted_wood_01
0  -1.977765 -1.458318 7.880527  -0.961288 0.263142 0.081742  0.297403 0.539614 0
0  -1.334608 1.639535 5.471472  -0.961287 0.263146 0.081739  0.297403 0.539614 0
0  -2.043638 -1.586379 7.652559  -0.961287 0.263145 0.081740  0.297403 0.539614 0
painted_wood_01
0  -0.856414 -4.619143 9.005753  -0.901022 -0.175773 0.396565  0.297403 0.539614 0
0  -2.043638 -1.586379 7.652559  -0.901021 -0.175774 0.396565  0.297403 0.539614 0
0  -0.823650 -5.073333 8.900395  -0.901021 -0.175774 0.396565  0.297403 0.539614 0
painted_wood_01
0  -0.812732 -5.064515 9.333725  -0.969981 -0.241400 0.029366  0.297403 0.539614 0
0  -0.823650 -5.073333 8.900395  -0.969981 -0.241400 0.029357  0.297403 0.539614 0
0  -0.684365 -5.253276 9.476967  -0.969982 -0.241400 0.029349  0.297403 0.539614 0
painted_wood_01
0  -1.007624 3.293729 2.388378  -0.963657 0.262587 -0.049114  0.297403 0.539614 0
0  -0.901403 3.668780 2.309439  -0.963657 0.262587 -0.049114  0.297403 0.539614 0
0  -1.040689 3.081822 1.948165  -0.963657 0.262587 -0.049114  0.297403 0.539614 0
painted_wood_01
0  -0.771739 4.292706 2.726336  -0.845956 0.493417 0.202230  0.297403 0.539614 0
0  -0.682034 2.936179 6.411346  -0.845957 0.493418 0.202229  0.297403 0.539614 0
0  -0.657924 4.561394 2.517317  -0.845957 0.493417 0.202230  0.297403 0.539614 0
painted_wood_01
0  -0.823280 2.745751 6.255489  -0.811078 0.410977 0.416234  0.297403 0.539614 0
0  -1.177081 -0.280943 8.554533  -0.811079 0.410968 0.416241  0.297403 0.539614 0
0  -0.682034 2.936179 6.411346  -0.811077 0.410985 0.416227  0.297403 0.539614 0
painted_wood_01
0  -1.356813 -0.395489 8.386103  -0.638928 0.064849 0.766528  0.297403 0.539614 0
0  0.000000 -3.767897 9.802369  -0.638930 0.064854 0.766527  0.297403 0.539614 0
0  -1.177081 -0.280943 8.554533  -0.638928 0.064848 0.766529  0.297403 0.539614 0
painted_wood_01
0  -0.259706 -3.714955 9.609733  -0.613939 0.101923 0.782746  0.297403 0.539614 0
0  -0.684365 -5.253276 9.476967  -0.613938 0.101923 0.782746  0.297403 0.539614 0
0  0.000000 -3.767897 9.802369  -0.613938 0.101925 0.782746  0.297403 0.539614 0
painted_wood_01
0  -0.937817 3.574015 2.561584  -0.958295 0.267094 -0.101641  0.297403 0.539614 0
0  -0.657924 4.561394 2.517317  -0.958298 0.267085 -0.101640  0.297403 0.539614 0
0  -0.901403 3.668780 2.309439  -0.958295 0.267095 -0.101641  0.297403 0.539614 0
c_invasion_wrangler_laser
0  -5.542016 -6.421937 7.141289  -0.645871 -0.613731 -0.454076  0.000000 0.000000 0
0  -3.019983 -9.563709 7.800428  -0.645870 -0.613732 -0.454076  0.000000 0.000000 0
0  -5.930401 -6.289558 7.465569  -0.645868 -0.613734 -0.454076  0.000000 0.000000 0
c_invasion_wrangler_laser
0  -6.273186 -2.590704 6.028722  -0.680090 -0.319372 -0.659908  0.000000 0.000000 0
0  -5.930401 -6.289558 7.465569  -0.680090 -0.319371 -0.659908  0.000000 0.000000 0
0  -6.622528 -2.546875 6.379444  -0.680090 -0.319372 -0.659908  0.000000 0.000000 0
c_invasion_wrangler_laser
0  -6.536331 -0.013675 4.020900  -0.611490 -0.527934 -0.589377  0.000000 0.000000 0
0  -6.622528 -2.546875 6.379444  -0.611490 -0.527936 -0.589375  0.000000 0.000000 0
0  -6.878329 0.071715 4.271703  -0.611490 -0.527935 -0.589376  0.000000 0.000000 0
c_invasion_wrangler_laser
0  -5.930401 -6.289558 7.465569  -0.433597 -0.283532 0.855338  0.000000 0.000000 0
0  -3.017567 -8.248178 8.292931  -0.433595 -0.283533 0.855339  0.000000 0.000000 0
0  -5.373821 -5.406857 7.985157  -0.433600 -0.283529 0.855338  0.000000 0.000000 0
c_invasion_wrangler_laser
0  -6.622528 -2.546875 6.379444  -0.755349 0.037528 0.654247  0.000000 0.000000 0
0  -5.373821 -5.406857 7.985157  -0.755349 0.037527 0.654247  0.000000 0.000000 0
0  -6.192101 -1.820817 6.907058  -0.755349 0.037528 0.654247  0.000000 0.000000 0
c_invasion_wrangler_laser
0  -6.878329 0.071715 4.271703  -0.914029 0.176903 0.365044  0.000000 0.000000 0
0  -6.192101 -1.820817 6.907058  -0.914027 0.176899 0.365050  0.000000 0.000000 0
0  -6.654728 0.857779 4.648882  -0.914029 0.176905 0.365041  0.000000 0.000000 0
c_invasion_wrangler_laser
0  -1.272847 1.852638 5.646378  0.448719 -0.377859 -0.809860  0.000000 0.000000 0
0  -5.542016 -6.421937 7.141289  0.448738 -0.377822 -0.809867  0.000000 0.000000 0
0  -6.273186 -2.590704 6.028722  0.448736 -0.377826 -0.809866  0.000000 0.000000 0
c_invasion_wrangler_laser
0  -1.977765 -1.458318 7.880527  0.370591 -0.002661 -0.928793  0.000000 0.000000 0
0  -3.229265 -9.085955 7.403142  0.370592 -0.002649 -0.928792  0.000000 0.000000 0
0  -5.542016 -6.421937 7.141289  0.370591 -0.002661 -0.928792  0.000000 0.000000 0
c_invasion_wrangler_laser
0  -1.356813 -0.395489 8.386103  -0.372109 0.386687 0.843806  0.000000 0.000000 0
0  -6.192101 -1.820817 6.907058  -0.372101 0.386690 0.843808  0.000000 0.000000 0
0  -5.373821 -5.406857 7.985157  -0.372097 0.386691 0.843809  0.000000 0.000000 0
c_invasion_wrangler_laser
0  -0.771739 4.292706 2.726336  -0.477077 0.404565 -0.780208  0.000000 0.000000 0
0  -6.878329 0.071715 4.271703  -0.477081 0.404562 -0.780207  0.000000 0.000000 0
0  -6.654728 0.857779 4.648882  -0.477087 0.404559 -0.780205  0.000000 0.000000 0
gold_player
0  -0.259706 -3.714955 9.609733  -0.708623 0.040343 0.704433  0.297403 0.539614 0
0  -1.977765 -1.458318 7.880527  -0.708626 0.040344 0.704430  0.297403 0.539614 0
0  -0.856414 -4.619143 9.005753  -0.708625 0.040344 0.704431  0.297403 0.539614 0
gold_player
0  -1.356813 -0.395489 8.386103  -0.901898 0.347066 0.257150  0.297403 0.539614 0
0  -1.272847 1.852638 5.646378  -0.901898 0.347065 0.257150  0.297403 0.539614 0
0  -1.977765 -1.458318 7.880527  -0.901898 0.347063 0.257153  0.297403 0.539614 0
gold_player
0  -0.937817 3.574015 2.561584  -0.949545 0.300970 0.088212  0.297403 0.539614 0
0  -1.007624 3.293729 2.388378  -0.949547 0.300962 0.088221  0.297403 0.539614 0
0  -1.272847 1.852638 5.646378  -0.949545 0.300968 0.088214  0.297403 0.539614 0
gold_player
0  0.000000 -5.283927 8.185042  0.654573 -0.663458 0.362433  0.297403 0.539614 0
0  -0.684365 -5.253276 9.476967  0.654591 -0.663459 0.362399  0.297403 0.539614 0
0  -0.823650 -5.073333 8.900395  0.654581 -0.663459 0.362417  0.297403 0.539614 0
painted_wood_01
0  -1.169129 8.371672 -0.027095  0.445966 0.498674 0.743262  0.297403 0.539614 0
0  -0.459152 5.377801 1.555579  0.445965 0.498676 0.743261  0.297403 0.539614 0
0  -0.520693 8.371672 -0.486404  0.445967 0.498669 0.743265  0.297403 0.539614 0
painted_wood_01
0  -1.169129 8.371672 -0.027095  0.000000 1.000000 0.000000  0.297403 0.539614 0
0  -0.520693 8.371672 -0.486404  0.000000 1.000000 0.000000  0.297403 0.539614 0
0  -0.396860 8.371672 -1.578389  0.000000 1.000000 0.000000  0.297403 0.539614 0
black
0  -1.169129 8.371672 -0.027095  0.530235 0.811961 0.244071  0.261898 1.451806 0
0  -0.678174 8.795123 -2.502386  0.530235 0.811961 0.244070  0.299796 2.168157 0
0  -1.506855 9.045291 -1.407901  0.530235 0.811961 0.244071  0.292616 1.754126 0
painted_wood_01
0  0.000000 9.436178 -2.502386  -0.603890 0.638857 0.476634  0.297403 0.539614 0
0  -0.678174 8.795123 -2.502386  -0.603890 0.638857 0.476634  0.297403 0.539614 0
0  -0.396860 8.371672 -1.578389  -0.603890 0.638857 0.476634  0.297403 0.539614 0
gold_player
0  0.000000 -1.380653 9.120767  -0.197147 0.273698 0.941394  -2.318932 1.157930 0
0  -1.177081 -0.280943 8.554533  -0.197147 0.273698 0.941394  -1.550858 0.833152 0
0  0.000000 -3.767897 9.802369  -0.197146 0.273698 0.941394  -2.718656 1.244185 0
gold_player
0  -1.177081 -0.280943 8.554533  -0.536214 0.477027 0.696362  -2.572938 3.262876 0
0  -0.290288 3.298390 6.785602  -0.536220 0.477004 0.696373  -2.244781 2.936060 0
0  -0.682034 2.936179 6.411346  -0.536219 0.477008 0.696371  -2.083149 2.735854 0
gold_player
0  -0.682034 2.936179 6.411346  -0.884870 0.420422 0.200627  -1.288543 6.314774 0
0  -0.515440 4.916241 2.996548  -0.884870 0.420423 0.200624  -1.201705 5.043467 0
0  -0.657924 4.561394 2.517317  -0.884870 0.420425 0.200621  -1.266512 5.111753 0
gold_player
0  -0.657924 4.561394 2.517317  -0.746451 0.575436 0.334193  -0.202506 3.773928 0
0  -0.459152 5.377801 1.555579  -0.746450 0.575441 0.334187  -0.117428 2.889515 0
0  -0.756352 5.377801 1.663652  -0.746445 0.575458 0.334168  -0.117762 2.952663 0
c_invasion_wrangler_laser
0  -0.520693 8.371672 -0.486404  -0.999232 -0.000063 0.039188  0.000000 0.000000 0
0  -0.459152 21.661304 1.103944  -0.999232 -0.000061 0.039188  0.000000 0.000000 0
0  -0.520693 20.385536 0.009419  -0.999232 -0.000064 0.039187  0.000000 0.000000 0
c_invasion_wrangler_laser
0  -0.290288 3.298390 6.785602  -0.995641 0.019669 0.091166  0.000000 0.000000 0
0  -0.155197 4.142133 8.078921  -0.995641 0.019669 0.091166  0.000000 0.000000 0
0  -0.290288 7.542612 5.542544  -0.995641 0.019669 0.091166  0.000000 0.000000 0
c_invasion_wrangler_laser
0  -0.459152 5.377801 1.555579  -0.999221 -0.001094 -0.039452  0.000000 0.000000 0
0  -0.515440 13.540890 2.754792  -0.999221 -0.001094 -0.039452  0.000000 0.000000 0
0  -0.459152 21.661304 1.103944  -0.999221 -0.001094 -0.039452  0.000000 0.000000 0
c_invasion_wrangler_laser
0  -0.396860 8.371672 -1.578389  -0.993631 0.004638 -0.112586  0.000000 0.000000 0
0  -0.520693 20.385536 0.009419  -0.993631 0.004638 -0.112586  0.000000 0.000000 0
0  -0.396860 20.436710 -1.081366  -0.993631 0.004638 -0.112586  0.000000 0.000000 0
c_invasion_wrangler_laser
0  -0.155197 0.390280 8.560888  -0.965448 0.021867 0.259677  0.000000 0.000000 0
0  0.000000 2.057932 8.997468  -0.965448 0.021867 0.259677  0.000000 0.000000 0
0  -0.155197 4.142133 8.078921  -0.965448 0.021867 0.259677  0.000000 0.000000 0
c_invasion_wrangler_laser
0  -0.515440 4.916241 2.996548  -0.996850 0.009087 0.078782  0.000000 0.000000 0
0  -0.290288 7.542612 5.542544  -0.996850 0.009087 0.078782  0.000000 0.000000 0
0  -0.515440 13.540890 2.754792  -0.996851 0.009086 0.078781  0.000000 0.000000 0
c_invasion_wrangler_laser
0  -0.396860 8.371672 -1.578389  -0.921944 0.016729 -0.386962  0.000000 0.000000 0
0  0.000000 21.543350 -1.954461  -0.921944 0.016729 -0.386962  0.000000 0.000000 0
0  0.000000 9.436178 -2.502386  -0.921944 0.016729 -0.386962  0.000000 0.000000 0
c_invasion_wrangler_laser
0  -0.396860 20.436710 -1.081366  -0.890684 0.014608 -0.454387  0.000000 0.000000 0
0  0.000000 28.308796 -1.606148  -0.890684 0.014614 -0.454388  0.000000 0.000000 0
0  0.000000 21.543350 -1.954461  -0.890684 0.014611 -0.454388  0.000000 0.000000 0
c_invasion_wrangler_laser
0  -0.396860 20.436710 -1.081366  -0.993405 0.001103 -0.114650  0.000000 0.000000 0
0  -0.520693 26.744560 0.052322  -0.993405 0.001103 -0.114650  0.000000 0.000000 0
0  -0.396860 27.036182 -1.000001  -0.993405 0.001103 -0.114650  0.000000 0.000000 0
c_invasion_wrangler_laser
0  -0.520693 20.385536 0.009419  -0.998667 -0.001415 0.051599  0.000000 0.000000 0
0  -0.459152 27.746052 1.402352  -0.998667 -0.001415 0.051599  0.000000 0.000000 0
0  -0.520693 26.744560 0.052322  -0.998667 -0.001415 0.051599  0.000000 0.000000 0
c_invasion_wrangler_laser
0  -0.290288 7.542612 5.542544  -0.987505 0.077662 0.137121  0.000000 0.000000 0
0  0.000000 6.523435 8.210360  -0.987505 0.077662 0.137122  0.000000 0.000000 0
0  0.000000 9.986961 5.885887  -0.987505 0.077662 0.137121  0.000000 0.000000 0
c_invasion_wrangler_laser
0  -0.515440 13.540890 2.754792  -0.739801 0.138962 0.658319  0.000000 0.000000 0
0  0.000000 16.150043 2.783275  -0.739801 0.138962 0.658319  0.000000 0.000000 0
0  -0.459152 21.661304 1.103944  -0.739801 0.138962 0.658319  0.000000 0.000000 0
c_invasion_wrangler_laser
0  -0.155197 4.142133 8.078921  -0.976205 0.037630 0.213560  0.000000 0.000000 0
0  0.000000 4.727814 8.685138  -0.976205 0.037631 0.213561  0.000000 0.000000 0
0  0.000000 6.523435 8.210360  -0.976205 0.037631 0.213561  0.000000 0.000000 0
c_invasion_wrangler_laser
0  -0.515440 13.540890 2.754792  -0.944810 0.128488 0.301371  0.000000 0.000000 0
0  0.000000 9.986961 5.885887  -0.944811 0.128489 0.301369  0.000000 0.000000 0
0  0.000000 16.150043 2.783275  -0.944810 0.128488 0.301371  0.000000 0.000000 0
c_invasion_wrangler_laser
0  -0.459152 27.746052 1.402352  -0.973309 -0.011242 0.229223  0.000000 0.000000 0
0  -0.459152 21.661304 1.103944  -0.973309 -0.011242 0.229223  0.000000 0.000000 0
0  0.000000 16.150043 2.783275  -0.973309 -0.011242 0.229223  0.000000 0.000000 0
c_invasion_wrangler_laser
0  -0.396860 27.036182 -1.000001  -0.809567 0.014102 -0.586858  0.000000 0.000000 0
0  0.000000 42.108261 -1.185313  -0.809567 0.014105 -0.586859  0.000000 0.000000 0
0  0.000000 28.308796 -1.606148  -0.809567 0.014107 -0.586859  0.000000 0.000000 0
c_invasion_wrangler_laser
0  -0.396860 27.036182 -1.000001  -0.993240 0.003037 -0.116039  0.000000 0.000000 0
0  -0.464803 41.039307 -0.051958  -0.993240 0.003037 -0.116039  0.000000 0.000000 0
0  -0.380179 41.238598 -0.771088  -0.993240 0.003037 -0.116039  0.000000 0.000000 0
c_invasion_wrangler_laser
0  -0.520693 26.744560 0.052322  -0.999091 0.004216 0.042416  0.000000 0.000000 0
0  -0.422748 41.723705 0.870616  -0.999091 0.004216 0.042416  0.000000 0.000000 0
0  -0.464803 41.039307 -0.051958  -0.999091 0.004216 0.042416  0.000000 0.000000 0
c_invasion_wrangler_laser
0  -0.380179 41.238598 -0.771088  -0.680440 0.030545 -0.732167  0.000000 0.000000 0
0  0.000000 50.533009 -0.736591  -0.680440 0.030548 -0.732167  0.000000 0.000000 0
0  0.000000 42.108261 -1.185313  -0.680440 0.030549 -0.732167  0.000000 0.000000 0
c_invasion_wrangler_laser
0  -0.380179 41.238598 -0.771088  -0.993338 0.006679 -0.115041  0.000000 0.000000 0
0  -0.391415 49.994579 -0.165725  -0.993338 0.006679 -0.115041  0.000000 0.000000 0
0  -0.348789 50.094963 -0.527948  -0.993338 0.006679 -0.115041  0.000000 0.000000 0
c_invasion_wrangler_laser
0  -0.464803 41.039307 -0.051958  -0.999197 0.008685 0.039105  0.000000 0.000000 0
0  -0.370231 50.339314 0.298973  -0.999197 0.008685 0.039105  0.000000 0.000000 0
0  -0.391415 49.994579 -0.165725  -0.999197 0.008685 0.039105  0.000000 0.000000 0
c_invasion_wrangler_laser
0  -0.348789 50.094963 -0.527948  -0.513505 0.000159 -0.858087  0.000000 0.000000 0
0  0.000000 52.329723 -0.736259  -0.513505 0.000159 -0.858087  0.000000 0.000000 0
0  0.000000 50.533009 -0.736591  -0.513505 0.000159 -0.858087  0.000000 0.000000 0
c_invasion_wrangler_laser
0  -0.348789 50.094963 -0.527948  -0.993148 0.000018 -0.116865  0.000000 0.000000 0
0  -0.391415 52.164143 -0.165392  -0.993148 0.000018 -0.116865  0.000000 0.000000 0
0  -0.348789 52.264519 -0.527615  -0.993148 0.000018 -0.116865  0.000000 0.000000 0
c_invasion_wrangler_laser
0  -0.391415 49.994579 -0.165725  -0.998963 -0.000007 0.045537  0.000000 0.000000 0
0  -0.370231 52.136021 0.299305  -0.998963 -0.000007 0.045537  0.000000 0.000000 0
0  -0.391415 52.164143 -0.165392  -0.998963 -0.000007 0.045537  0.000000 0.000000 0
c_invasion_wrangler_laser
0  -0.370231 52.136021 0.299305  -0.673933 -0.000137 0.738793  0.000000 0.000000 0
0  0.000000 50.339314 0.636700  -0.673933 -0.000137 0.738793  0.000000 0.000000 0
0  0.000000 52.136021 0.637033  -0.673933 -0.000137 0.738793  0.000000 0.000000 0
c_invasion_wrangler_laser
0  -0.370231 50.339314 0.298973  -0.647574 0.052413 0.760198  0.000000 0.000000 0
0  0.000000 41.723705 1.208344  -0.647573 0.052409 0.760199  0.000000 0.000000 0
0  0.000000 50.339314 0.636700  -0.647573 0.052409 0.760199  0.000000 0.000000 0
c_invasion_wrangler_laser
0  -0.422748 41.723705 0.870616  -0.607774 0.030979 0.793506  0.000000 0.000000 0
0  0.000000 27.746052 1.740080  -0.607774 0.030976 0.793506  0.000000 0.000000 0
0  0.000000 41.723705 1.208344  -0.607774 0.030975 0.793506  0.000000 0.000000 0
c_invasion_wrangler_laser
0  0.000000 16.150043 2.783275  -0.590973 0.072279 0.803447  0.000000 0.000000 0
0  0.000000 27.746052 1.740080  -0.590973 0.072279 0.803447  0.000000 0.000000 0
0  -0.459152 27.746052 1.402352  -0.590973 0.072279 0.803447  0.000000 0.000000 0
c_invasion_wrangler_laser
0  -0.348789 52.264519 -0.527615  -0.959249 0.280928 -0.030351  0.000000 0.000000 0
0  -0.391415 52.164143 -0.165392  -0.962932 0.269703 -0.004730  0.000000 0.000000 0
0  0.000000 54.690800 0.079191  -0.960901 0.276311 -0.017927  0.000000 0.000000 0
c_invasion_wrangler_laser
0  -0.348789 52.264519 -0.527615  -0.447027 0.529274 -0.721135  0.000000 0.000000 0
0  0.000000 54.690800 0.079191  -0.730944 0.305410 -0.610283  0.000000 0.000000 0
0  0.000000 52.329723 -0.736259  -0.525383 0.003302 -0.850859  0.000000 0.000000 0
c_invasion_wrangler_laser
0  -0.391415 52.164143 -0.165392  -0.955136 0.289261 -0.063580  0.000000 0.000000 0
0  -0.370231 52.136021 0.299305  -0.947405 0.319977 -0.006193  0.000000 0.000000 0
0  0.000000 54.690800 0.079191  -0.954214 0.293425 -0.058108  0.000000 0.000000 0
c_invasion_wrangler_laser
0  -0.370231 52.136021 0.299305  -0.814832 -0.354230 0.458878  0.000000 0.000000 0
0  0.000000 52.136021 0.637033  -0.854671 -0.313729 0.413655  0.000000 0.000000 0
0  0.000000 54.690800 0.079191  -0.802035 -0.364869 0.472874  0.000000 0.000000 0
gold_player
0  -0.515440 4.916241 2.996548  0.000000 0.952338 0.305046  -0.162157 1.075044 0
0  0.000000 5.377801 1.555579  0.000000 0.952338 0.305046  -0.094279 0.862185 0
0  -0.459152 5.377801 1.555579  0.000000 0.952338 0.305046  -0.073436 0.629320 0
gold_player
0  -0.520693 8.371672 -0.486404  0.000000 1.000000 0.000000  0.342821 3.549130 0
0  0.000000 8.371672 -1.578389  0.000000 1.000000 0.000000  0.372253 3.975915 0
0  -0.396860 8.371672 -1.578389  0.000000 1.000000 0.000000  0.402620 4.153126 0
gold_player
0  -0.290288 3.298390 6.785602  0.000000 0.919674 0.392683  -0.111762 0.360373 0
0  0.000000 4.916241 2.996548  0.000000 0.919674 0.392683  -0.159278 0.699010 0
0  -0.515440 4.916241 2.996548  0.000000 0.919674 0.392683  -0.098596 0.419020 0
gold_player
0  -0.459152 5.377801 1.555579  0.000000 0.563470 0.826136  -0.213931 0.469214 0
0  0.000000 8.371672 -0.486404  0.000000 0.563470 0.826136  -0.258939 0.445983 0
0  -0.520693 8.371672 -0.486404  0.000000 0.563470 0.826136  -0.268694 0.443144 0
gold_player
0  -0.155197 0.390280 8.560888  0.000000 0.521046 0.853529  -0.427110 0.526237 0
0  0.000000 3.298390 6.785602  0.000000 0.521046 0.853529  -0.474811 0.589039 0
0  -0.290288 3.298390 6.785602  0.000000 0.521046 0.853529  -0.384270 0.468871 0
gold_player
0  0.000000 -1.380653 9.120767  0.000000 0.301443 0.953484  -0.570454 0.532804 0
0  0.000000 0.390280 8.560888  0.000000 0.301443 0.953484  -0.546589 0.510514 0
0  -0.155197 0.390280 8.560888  0.000000 0.301443 0.953484  -0.495715 0.462998 0
gold_player
0  0.000000 9.436178 -2.502386  0.000000 0.655507 0.755189  0.000000 0.000000 0
0  -0.396860 8.371672 -1.578389  0.000000 0.655507 0.755189  0.000000 0.000000 0
0  0.000000 8.371672 -1.578389  0.000000 0.655507 0.755189  0.000000 0.000000 0
gold_player
0  -1.000001 3.766343 -0.527183  0.000000 0.143198 -0.989694  0.625000 0.491805 0
0  0.000000 0.498517 -1.000003  0.000000 0.143198 -0.989694  0.625000 0.616805 0
0  -1.000001 0.498517 -1.000003  0.000000 0.143198 -0.989694  0.625000 0.491805 0
gold_player
0  -1.000001 0.498517 -1.000003  0.999225 -0.005638 0.038965  -1.550410 1.128024 0
0  -0.984607 0.568786 -1.384608  0.999225 -0.005638 0.038965  -1.678093 1.164884 0
0  -1.000001 3.766343 -0.527183  0.999225 -0.005638 0.038965  -1.393690 1.082781 0
gold_player
0  -1.000001 0.498517 -1.000003  0.022332 0.993846 0.108495  0.000000 0.000000 0
0  -0.532866 0.568786 -1.686452  0.022324 0.993845 0.108506  0.000000 0.000000 0
0  -0.984607 0.568786 -1.384608  0.022331 0.993846 0.108497  0.000000 0.000000 0
gold_player
0  0.000000 3.766343 -0.527183  0.336186 -0.324164 -0.884249  0.625000 0.623018 0
0  -1.018852 4.370886 -1.136173  0.336192 -0.324168 -0.884245  0.625000 0.489449 0
0  0.000000 6.092816 -1.000001  0.336187 -0.324165 -0.884248  0.625000 0.616805 0
gold_player
0  -1.018852 4.370886 -1.136173  0.923187 -0.258103 -0.284794  -0.162980 0.687700 0
0  -1.000001 3.766343 -0.527183  0.923187 -0.258103 -0.284794  -0.090587 0.668304 0
0  -1.038986 4.384902 -1.214143  0.923187 -0.258103 -0.284794  -0.172754 0.690137 0
gold_player
0  -1.018852 4.370886 -1.136173  0.853969 -0.520287 0.006226  0.000000 0.000000 0
0  0.000000 6.028502 -2.361655  0.853969 -0.520287 0.006226  0.000000 0.000000 0
0  0.000000 6.092816 -1.000001  0.853969 -0.520287 0.006226  0.000000 0.000000 0
black
0  -1.286450 -1.411829 0.732862  -0.625315 0.223056 0.747815  0.185501 1.102956 0
0  -1.564457 0.265760 -0.000003  -0.625317 0.223066 0.747810  0.186661 0.465405 0
0  -1.474680 -1.411829 0.620737  -0.625316 0.223062 0.747812  0.185571 1.081211 0
painted_wood_01
0  -1.286450 0.568785 0.732862  -0.992715 0.000000 -0.120487  0.297403 0.539614 0
0  -1.197502 1.446441 0.000000  -0.992715 0.000000 -0.120487  0.297403 0.539614 0
0  -1.286450 -1.411829 0.732862  -0.992715 0.000000 -0.120487  0.297403 0.539614 0
painted_wood_01
0  -1.286451 0.568786 -0.732867  -0.992715 0.000000 0.120487  0.297403 0.539614 0
0  -1.286451 -1.411828 -0.732868  -0.992715 0.000000 0.120487  0.297403 0.539614 0
0  -1.197502 1.446441 0.000000  -0.992715 0.000000 0.120487  0.297403 0.539614 0
black
0  -1.197502 1.446441 0.000000  -0.625357 0.223041 -0.747784  0.462829 0.097999 0
0  -1.474680 -1.411828 -0.620743  -0.625356 0.223050 -0.747782  0.012373 1.089644 0
0  -1.564457 0.265760 -0.000003  -0.625356 0.223048 -0.747783  0.295186 0.477920 0
black
0  -1.286451 -1.411828 -0.732868  -0.625315 -0.223055 -0.747815  0.003212 1.102958 0
0  -1.564457 -3.089417 -0.000004  -0.625317 -0.223065 -0.747811  2.398772 3.693237 0
0  -1.474680 -1.411828 -0.620743  -0.625316 -0.223061 -0.747812  0.147867 1.242617 0
black
0  -1.197502 -4.270097 0.000000  -0.625363 -0.223039 0.747780  -0.297198 0.396625 0
0  -1.474680 -1.411829 0.620737  -0.625362 -0.223048 0.747778  0.175357 1.093648 0
0  -1.564457 -3.089417 -0.000004  -0.625363 -0.223046 0.747778  -0.122178 0.663750 0
gold_player
0  -1.474680 -1.411829 0.620737  -1.000000 0.000013 -0.000003  0.185571 1.081211 0
0  -1.474680 -1.411828 -0.620743  -1.000000 0.000013 0.000001  0.012373 1.089644 0
0  -1.564457 -3.089417 -0.000004  -1.000000 0.000013 -0.000003  2.398772 3.693237 0
c_invasion_wrangler_laser
0  0.000000 -11.814528 -1.608810  0.257657 -0.046051 -0.965139  0.000000 0.000000 0
0  0.245000 -11.212784 -1.572115  0.257657 -0.046051 -0.965139  0.000000 0.000000 0
0  0.245000 -11.804987 -1.543859  0.257657 -0.046051 -0.965139  0.000000 0.000000 0
c_invasion_wrangler_laser
0  0.245000 -11.804987 -1.543859  0.705399 -0.033782 -0.708005  0.000000 0.000000 0
0  0.424353 -11.221837 -1.392992  0.705399 -0.033782 -0.708005  0.000000 0.000000 0
0  0.424353 -11.778921 -1.366411  0.705399 -0.033782 -0.708005  0.000000 0.000000 0
c_invasion_wrangler_laser
0  0.424353 -11.778921 -1.366411  0.965612 -0.012391 -0.259691  0.000000 0.000000 0
0  0.490000 -11.234204 -1.148304  0.965612 -0.012391 -0.259691  0.000000 0.000000 0
0  0.490000 -11.743314 -1.124012  0.965612 -0.012391 -0.259691  0.000000 0.000000 0
c_invasion_wrangler_laser
0  0.490000 -11.743314 -1.124012  0.965612 0.012391 0.259692  0.000000 0.000000 0
0  0.424353 -11.246570 -0.903616  0.965612 0.012391 0.259692  0.000000 0.000000 0
0  0.424353 -11.707705 -0.881614  0.965612 0.012391 0.259692  0.000000 0.000000 0
c_invasion_wrangler_laser
0  0.424353 -11.707705 -0.881614  0.705399 0.033782 0.708005  0.000000 0.000000 0
0  0.245000 -11.255623 -0.724493  0.705399 0.033782 0.708005  0.000000 0.000000 0
0  0.245000 -11.681640 -0.704166  0.705399 0.033782 0.708005  0.000000 0.000000 0
c_invasion_wrangler_laser
0  0.245000 -11.681640 -0.704166  0.257655 0.046051 0.965139  0.000000 0.000000 0
0  0.000000 -11.258936 -0.658929  0.257655 0.046051 0.965139  0.000000 0.000000 0
0  0.000000 -11.672099 -0.639215  0.257655 0.046051 0.965139  0.000000 0.000000 0
c_invasion_wrangler_laser
0  0.000000 -11.209471 -1.637680  0.257656 0.143123 -0.955578  0.000000 0.000000 0
0  0.245000 -10.626449 -1.484296  0.257656 0.143123 -0.955578  0.000000 0.000000 0
0  0.245000 -11.212784 -1.572115  0.257656 0.143123 -0.955578  0.000000 0.000000 0
c_invasion_wrangler_laser
0  0.245000 -11.212784 -1.572115  0.705399 0.104993 -0.700992  0.000000 0.000000 0
0  0.424353 -10.670273 -1.310380  0.705399 0.104993 -0.700992  0.000000 0.000000 0
0  0.424353 -11.221837 -1.392992  0.705399 0.104993 -0.700992  0.000000 0.000000 0
c_invasion_wrangler_laser
0  0.424353 -11.221837 -1.392992  0.965612 0.038511 -0.257119  0.000000 0.000000 0
0  0.490000 -10.730138 -1.072807  0.965612 0.038511 -0.257119  0.000000 0.000000 0
0  0.490000 -11.234204 -1.148304  0.965612 0.038511 -0.257119  0.000000 0.000000 0
c_invasion_wrangler_laser
0  0.490000 -11.234204 -1.148304  0.965612 -0.038510 0.257118  0.000000 0.000000 0
0  0.424353 -10.790002 -0.835233  0.965612 -0.038510 0.257118  0.000000 0.000000 0
0  0.424353 -11.246570 -0.903616  0.965612 -0.038510 0.257118  0.000000 0.000000 0
c_invasion_wrangler_laser
0  0.424353 -11.246570 -0.903616  0.705397 -0.104992 0.700993  0.000000 0.000000 0
0  0.245000 -10.833827 -0.661317  0.705397 -0.104992 0.700993  0.000000 0.000000 0
0  0.245000 -11.255623 -0.724493  0.705397 -0.104992 0.700993  0.000000 0.000000 0
c_invasion_wrangler_laser
0  0.245000 -11.255623 -0.724493  0.257654 -0.143123 0.955578  0.000000 0.000000 0
0  0.000000 -10.849867 -0.597660  0.257654 -0.143123 0.955578  0.000000 0.000000 0
0  0.000000 -11.258936 -0.658929  0.257654 -0.143123 0.955578  0.000000 0.000000 0
c_invasion_wrangler_laser
0  0.000000 -10.610408 -1.547954  0.257655 0.326797 -0.909295  0.000000 0.000000 0
0  0.245000 -10.068509 -1.283776  0.257655 0.326797 -0.909295  0.000000 0.000000 0
0  0.245000 -10.626449 -1.484296  0.257655 0.326797 -0.909295  0.000000 0.000000 0
c_invasion_wrangler_laser
0  0.245000 -10.626449 -1.484296  0.705398 0.239732 -0.667040  0.000000 0.000000 0
0  0.424353 -10.145422 -1.121750  0.705398 0.239732 -0.667040  0.000000 0.000000 0
0  0.424353 -10.670273 -1.310380  0.705398 0.239732 -0.667040  0.000000 0.000000 0
c_invasion_wrangler_laser
0  0.424353 -10.670273 -1.310380  0.965612 0.087932 -0.244665  0.000000 0.000000 0
0  0.490000 -10.250484 -0.900422  0.965612 0.087932 -0.244665  0.000000 0.000000 0
0  0.490000 -10.730138 -1.072807  0.965612 0.087932 -0.244665  0.000000 0.000000 0
c_invasion_wrangler_laser
0  0.490000 -10.730138 -1.072807  0.965612 -0.087932 0.244666  0.000000 0.000000 0
0  0.424353 -10.355548 -0.679092  0.965612 -0.087932 0.244666  0.000000 0.000000 0
0  0.424353 -10.790002 -0.835233  0.965612 -0.087932 0.244666  0.000000 0.000000 0
c_invasion_wrangler_laser
0  0.424353 -10.790002 -0.835233  0.705399 -0.239731 0.667039  0.000000 0.000000 0
0  0.245000 -10.432460 -0.517067  0.705399 -0.239731 0.667039  0.000000 0.000000 0
0  0.245000 -10.833827 -0.661317  0.705399 -0.239731 0.667039  0.000000 0.000000 0
c_invasion_wrangler_laser
0  0.245000 -10.833827 -0.661317  0.257655 -0.326799 0.909294  0.000000 0.000000 0
0  0.000000 -10.460611 -0.457762  0.257655 -0.326799 0.909294  0.000000 0.000000 0
0  0.000000 -10.849867 -0.597660  0.257655 -0.326799 0.909294  0.000000 0.000000 0
c_invasion_wrangler_laser
0  0.000000 -10.040359 -1.343081  0.257654 0.497913 -0.828068  0.000000 0.000000 0
0  0.245000 -9.560412 -0.978259  0.257654 0.497913 -0.828068  0.000000 0.000000 0
0  0.245000 -10.068509 -1.283776  0.257654 0.497913 -0.828068  0.000000 0.000000 0
c_invasion_wrangler_laser
0  0.245000 -10.068509 -1.283776  0.705401 0.365255 -0.607452  0.000000 0.000000 0
0  0.424353 -9.667456 -0.834353  0.705401 0.365255 -0.607452  0.000000 0.000000 0
0  0.424353 -10.145422 -1.121750  0.705401 0.365255 -0.607452  0.000000 0.000000 0
c_invasion_wrangler_laser
0  0.424353 -10.145422 -1.121750  0.965612 0.133975 -0.222810  0.000000 0.000000 0
0  0.490000 -9.813680 -0.637773  0.965612 0.133975 -0.222810  0.000000 0.000000 0
0  0.490000 -10.250484 -0.900422  0.965612 0.133975 -0.222810  0.000000 0.000000 0
c_invasion_wrangler_laser
0  0.490000 -10.250484 -0.900422  0.965612 -0.133974 0.222809  0.000000 0.000000 0
0  0.424353 -9.959903 -0.441193  0.965612 -0.133974 0.222809  0.000000 0.000000 0
0  0.424353 -10.355548 -0.679092  0.965612 -0.133974 0.222809  0.000000 0.000000 0
c_invasion_wrangler_laser
0  0.424353 -10.355548 -0.679092  0.705398 -0.365257 0.607455  0.000000 0.000000 0
0  0.245000 -10.066946 -0.297286  0.705398 -0.365257 0.607455  0.000000 0.000000 0
0  0.245000 -10.432460 -0.517067  0.705398 -0.365257 0.607455  0.000000 0.000000 0
c_invasion_wrangler_laser
0  0.245000 -10.432460 -0.517067  0.257656 -0.497912 0.828068  0.000000 0.000000 0
0  0.000000 -10.106127 -0.244613  0.257656 -0.497912 0.828068  0.000000 0.000000 0
0  0.000000 -10.460611 -0.457762  0.257656 -0.497912 0.828068  0.000000 0.000000 0
c_invasion_wrangler_laser
0  0.000000 -9.521232 -1.030933  0.257657 0.649894 -0.715018  0.000000 0.000000 0
0  0.245000 -9.121682 -0.579489  0.257657 0.649894 -0.715018  0.000000 0.000000 0
0  0.245000 -9.560412 -0.978259  0.257657 0.649894 -0.715018  0.000000 0.000000 0
c_invasion_wrangler_laser
0  0.245000 -9.560412 -0.978259  0.705399 0.476749 -0.524522  0.000000 0.000000 0
0  0.424353 -9.254743 -0.459230  0.705399 0.476749 -0.524522  0.000000 0.000000 0
0  0.424353 -9.667456 -0.834353  0.705399 0.476749 -0.524522  0.000000 0.000000 0
c_invasion_wrangler_laser
0  0.424353 -9.667456 -0.834353  0.965612 0.174868 -0.192391  0.000000 0.000000 0
0  0.490000 -9.436508 -0.294955  0.965612 0.174868 -0.192391  0.000000 0.000000 0
0  0.490000 -9.813680 -0.637773  0.965612 0.174868 -0.192391  0.000000 0.000000 0
c_invasion_wrangler_laser
0  0.490000 -9.813680 -0.637773  0.965612 -0.174869 0.192391  0.000000 0.000000 0
0  0.424353 -9.618273 -0.130678  0.965612 -0.174869 0.192391  0.000000 0.000000 0
0  0.424353 -9.959903 -0.441193  0.965612 -0.174869 0.192391  0.000000 0.000000 0
c_invasion_wrangler_laser
0  0.424353 -9.959903 -0.441193  0.705399 -0.476748 0.524523  0.000000 0.000000 0
0  0.245000 -9.751333 -0.010420  0.705399 -0.476748 0.524523  0.000000 0.000000 0
0  0.245000 -10.066946 -0.297286  0.705399 -0.476748 0.524523  0.000000 0.000000 0
c_invasion_wrangler_laser
0  0.245000 -10.066946 -0.297286  0.257656 -0.649893 0.715020  0.000000 0.000000 0
0  0.000000 -9.800037 0.033597  0.257656 -0.649893 0.715020  0.000000 0.000000 0
0  0.000000 -10.106127 -0.244613  0.257656 -0.649893 0.715020  0.000000 0.000000 0
c_invasion_wrangler_laser
0  0.000000 -9.072978 -0.623506  0.257657 0.776898 -0.574494  0.000000 0.000000 0
0  0.245000 -8.769178 -0.102789  0.257657 0.776898 -0.574494  0.000000 0.000000 0
0  0.245000 -9.121682 -0.579489  0.257657 0.776898 -0.574494  0.000000 0.000000 0
c_invasion_wrangler_laser
0  0.245000 -9.121682 -0.579489  0.705398 0.569918 -0.421435  0.000000 0.000000 0
0  0.424353 -8.923143 -0.010800  0.705398 0.569918 -0.421435  0.000000 0.000000 0
0  0.424353 -9.254743 -0.459230  0.705398 0.569918 -0.421435  0.000000 0.000000 0
c_invasion_wrangler_laser
0  0.424353 -9.254743 -0.459230  0.965612 0.209041 -0.154580  0.000000 0.000000 0
0  0.490000 -9.133465 0.114859  0.965612 0.209041 -0.154580  0.000000 0.000000 0
0  0.490000 -9.436508 -0.294955  0.965612 0.209041 -0.154580  0.000000 0.000000 0
c_invasion_wrangler_laser
0  0.490000 -9.436508 -0.294955  0.965612 -0.209041 0.154580  0.000000 0.000000 0
0  0.424352 -9.343784 0.240517  0.965612 -0.209041 0.154580  0.000000 0.000000 0
0  0.424353 -9.618273 -0.130678  0.965612 -0.209041 0.154580  0.000000 0.000000 0
c_invasion_wrangler_laser
0  0.424353 -9.618273 -0.130678  0.705397 -0.569917 0.421437  0.000000 0.000000 0
0  0.245000 -9.497749 0.332506  0.705397 -0.569917 0.421437  0.000000 0.000000 0
0  0.245000 -9.751333 -0.010420  0.705397 -0.569917 0.421437  0.000000 0.000000 0
c_invasion_wrangler_laser
0  0.245000 -9.751333 -0.010420  0.257657 -0.776899 0.574492  0.000000 0.000000 0
0  0.000000 -9.554106 0.366176  0.257657 -0.776899 0.574492  0.000000 0.000000 0
0  0.000000 -9.800037 0.033597  0.257657 -0.776899 0.574492  0.000000 0.000000 0
c_invasion_wrangler_laser
0  0.000000 -8.712822 -0.136459  0.257659 0.874047 -0.411890  0.000000 0.000000 0
0  0.245000 -8.516446 0.433522  0.257659 0.874047 -0.411890  0.000000 0.000000 0
0  0.245000 -8.769178 -0.102789  0.257659 0.874047 -0.411890  0.000000 0.000000 0
c_invasion_wrangler_laser
0  0.245000 -8.769178 -0.102789  0.705397 0.641185 -0.302155  0.000000 0.000000 0
0  0.424352 -8.685398 0.493706  0.705397 0.641185 -0.302155  0.000000 0.000000 0
0  0.424353 -8.923143 -0.010800  0.705397 0.641185 -0.302155  0.000000 0.000000 0
c_invasion_wrangler_laser
0  0.424353 -8.923143 -0.010800  0.965612 0.235181 -0.110828  0.000000 0.000000 0
0  0.490000 -8.916194 0.575919  0.965612 0.235181 -0.110828  0.000000 0.000000 0
0  0.490000 -9.133465 0.114859  0.965612 0.235181 -0.110828  0.000000 0.000000 0
c_invasion_wrangler_laser
0  0.490000 -9.133465 0.114859  0.965612 -0.235183 0.110828  0.000000 0.000000 0
0  0.424352 -9.146988 0.658132  0.965612 -0.235183 0.110828  0.000000 0.000000 0
0  0.424352 -9.343784 0.240517  0.965612 -0.235183 0.110828  0.000000 0.000000 0
c_invasion_wrangler_laser
0  0.424352 -9.343784 0.240517  0.705397 -0.641186 0.302150  0.000000 0.000000 0
0  0.245000 -9.315941 0.718316  0.705397 -0.641186 0.302150  0.000000 0.000000 0
0  0.245000 -9.497749 0.332506  0.705397 -0.641186 0.302150  0.000000 0.000000 0
c_invasion_wrangler_laser
0  0.245000 -9.497749 0.332506  0.257659 -0.874047 0.411890  0.000000 0.000000 0
0  0.000000 -9.377782 0.740344  0.257659 -0.874047 0.411890  0.000000 0.000000 0
0  0.000000 -9.554106 0.366176  0.257659 -0.874047 0.411890  0.000000 0.000000 0
c_invasion_wrangler_laser
0  0.000000 -8.454605 0.411493  0.257655 0.937610 -0.233455  0.000000 0.000000 0
0  0.245000 -8.373199 1.008834  0.257655 0.937610 -0.233455  0.000000 0.000000 0
0  0.245000 -8.516446 0.433522  0.257655 0.937610 -0.233455  0.000000 0.000000 0
c_invasion_wrangler_laser
0  0.245000 -8.516446 0.433522  0.705396 0.687814 -0.171256  0.000000 0.000000 0
0  0.424352 -8.550648 1.034900  0.705396 0.687814 -0.171256  0.000000 0.000000 0
0  0.424352 -8.685398 0.493706  0.705396 0.687814 -0.171256  0.000000 0.000000 0
c_invasion_wrangler_laser
0  0.424352 -8.685398 0.493706  0.965612 0.252283 -0.062818  0.000000 0.000000 0
0  0.490000 -8.793045 1.070507  0.965612 0.252283 -0.062818  0.000000 0.000000 0
0  0.490000 -8.916194 0.575919  0.965612 0.252283 -0.062818  0.000000 0.000000 0
c_invasion_wrangler_laser
0  0.490000 -8.916194 0.575919  0.965612 -0.252284 0.062816  0.000000 0.000000 0
0  0.424352 -9.035445 1.106115  0.965612 -0.252284 0.062816  0.000000 0.000000 0
0  0.424352 -9.146988 0.658132  0.965612 -0.252284 0.062816  0.000000 0.000000 0
c_invasion_wrangler_laser
0  0.424352 -9.146988 0.658132  0.705397 -0.687811 0.171259  0.000000 0.000000 0
0  0.245000 -9.212893 1.132181  0.705397 -0.687811 0.171259  0.000000 0.000000 0
0  0.245000 -9.315941 0.718316  0.705397 -0.687811 0.171259  0.000000 0.000000 0
c_invasion_wrangler_laser
0  0.245000 -9.315941 0.718316  0.257655 -0.937611 0.233452  0.000000 0.000000 0
0  0.000000 -9.277843 1.141722  0.257655 -0.937611 0.233452  0.000000 0.000000 0
0  0.000000 -9.377782 0.740344  0.257655 -0.937611 0.233452  0.000000 0.000000 0
c_invasion_wrangler_laser
0  0.000000 -8.308249 0.999293  0.257657 0.965138 -0.046051  0.000000 0.000000 0
0  0.245000 -8.344942 1.601037  0.257657 0.965138 -0.046051  0.000000 0.000000 0
0  0.245000 -8.373199 1.008834  0.257657 0.965138 -0.046051  0.000000 0.000000 0
c_invasion_wrangler_laser
0  0.245000 -8.373199 1.008834  0.705399 0.708005 -0.033782  0.000000 0.000000 0
0  0.424352 -8.524067 1.591984  0.705399 0.708005 -0.033782  0.000000 0.000000 0
0  0.424352 -8.550648 1.034900  0.705399 0.708005 -0.033782  0.000000 0.000000 0
c_invasion_wrangler_laser
0  0.424352 -8.550648 1.034900  0.965612 0.259693 -0.012390  0.000000 0.000000 0
0  0.490000 -8.768755 1.579618  0.965612 0.259693 -0.012390  0.000000 0.000000 0
0  0.490000 -8.793045 1.070507  0.965612 0.259693 -0.012390  0.000000 0.000000 0
c_invasion_wrangler_laser
0  0.490000 -8.793045 1.070507  0.965612 -0.259690 0.012392  0.000000 0.000000 0
0  0.424352 -9.013441 1.567251  0.965612 -0.259690 0.012392  0.000000 0.000000 0
0  0.424352 -9.035445 1.106115  0.965612 -0.259690 0.012392  0.000000 0.000000 0
c_invasion_wrangler_laser
0  0.424352 -9.035445 1.106115  0.705396 -0.708008 0.033778  0.000000 0.000000 0
0  0.245000 -9.192566 1.558198  0.705396 -0.708008 0.033778  0.000000 0.000000 0
0  0.245000 -9.212893 1.132181  0.705396 -0.708008 0.033778  0.000000 0.000000 0
c_invasion_wrangler_laser
0  0.245000 -9.212893 1.132181  0.257657 -0.965138 0.046051  0.000000 0.000000 0
0  0.000000 -9.258129 1.554885  0.257657 -0.965138 0.046051  0.000000 0.000000 0
0  0.000000 -9.277843 1.141722  0.257657 -0.965138 0.046051  0.000000 0.000000 0
c_invasion_wrangler_laser
0  0.000000 -8.279379 1.604351  0.257653 0.955578 0.143125  0.000000 0.000000 0
0  0.245000 -8.432762 2.187374  0.257653 0.955578 0.143125  0.000000 0.000000 0
0  0.245000 -8.344942 1.601037  0.257653 0.955578 0.143125  0.000000 0.000000 0
c_invasion_wrangler_laser
0  0.245000 -8.344942 1.601037  0.705400 0.700990 0.104990  0.000000 0.000000 0
0  0.424352 -8.606678 2.143549  0.705400 0.700990 0.104990  0.000000 0.000000 0
0  0.424352 -8.524067 1.591984  0.705400 0.700990 0.104990  0.000000 0.000000 0
c_invasion_wrangler_laser
0  0.424352 -8.524067 1.591984  0.965612 0.257119 0.038510  0.000000 0.000000 0
0  0.490000 -8.844252 2.083684  0.965612 0.257119 0.038510  0.000000 0.000000 0
0  0.490000 -8.768755 1.579618  0.965612 0.257119 0.038510  0.000000 0.000000 0
c_invasion_wrangler_laser
0  0.490000 -8.768755 1.579618  0.965612 -0.257120 -0.038511  0.000000 0.000000 0
0  0.424352 -9.081825 2.023819  0.965612 -0.257120 -0.038511  0.000000 0.000000 0
0  0.424352 -9.013441 1.567251  0.965612 -0.257120 -0.038511  0.000000 0.000000 0
c_invasion_wrangler_laser
0  0.424352 -9.013441 1.567251  0.705400 -0.700991 -0.104989  0.000000 0.000000 0
0  0.245000 -9.255740 1.979995  0.705400 -0.700991 -0.104989  0.000000 0.000000 0
0  0.245000 -9.192566 1.558198  0.705400 -0.700991 -0.104989  0.000000 0.000000 0
c_invasion_wrangler_laser
0  0.245000 -9.192566 1.558198  0.257653 -0.955579 -0.143123  0.000000 0.000000 0
0  0.000000 -9.319399 1.963954  0.257653 -0.955579 -0.143123  0.000000 0.000000 0
0  0.000000 -9.258129 1.554885  0.257653 -0.955579 -0.143123  0.000000 0.000000 0
c_invasion_wrangler_laser
0  0.000000 -8.369104 2.203414  0.257656 0.909295 0.326797  0.000000 0.000000 0
0  0.245000 -8.633282 2.745310  0.257656 0.909295 0.326797  0.000000 0.000000 0
0  0.245000 -8.432762 2.187374  0.257656 0.909295 0.326797  0.000000 0.000000 0
c_invasion_wrangler_laser
0  0.245000 -8.432762 2.187374  0.705398 0.667040 0.239732  0.000000 0.000000 0
0  0.424352 -8.795307 2.668398  0.705398 0.667040 0.239732  0.000000 0.000000 0
0  0.424352 -8.606678 2.143549  0.705398 0.667040 0.239732  0.000000 0.000000 0
c_invasion_wrangler_laser
0  0.424352 -8.606678 2.143549  0.965612 0.244665 0.087931  0.000000 0.000000 0
0  0.490000 -9.016636 2.563336  0.965612 0.244665 0.087931  0.000000 0.000000 0
0  0.490000 -8.844252 2.083684  0.965612 0.244665 0.087931  0.000000 0.000000 0
c_invasion_wrangler_laser
0  0.490000 -8.844252 2.083684  0.965612 -0.244665 -0.087932  0.000000 0.000000 0
0  0.424352 -9.237967 2.458273  0.965612 -0.244665 -0.087932  0.000000 0.000000 0
0  0.424352 -9.081825 2.023819  0.965612 -0.244665 -0.087932  0.000000 0.000000 0
c_invasion_wrangler_laser
0  0.424352 -9.081825 2.023819  0.705398 -0.667041 -0.239729  0.000000 0.000000 0
0  0.245000 -9.399991 2.381361  0.705398 -0.667041 -0.239729  0.000000 0.000000 0
0  0.245000 -9.255740 1.979995  0.705398 -0.667041 -0.239729  0.000000 0.000000 0
c_invasion_wrangler_laser
0  0.245000 -9.255740 1.979995  0.257659 -0.909294 -0.326795  0.000000 0.000000 0
0  0.000000 -9.459295 2.353210  0.257659 -0.909294 -0.326795  0.000000 0.000000 0
0  0.000000 -9.319399 1.963954  0.257659 -0.909294 -0.326795  0.000000 0.000000 0
c_invasion_wrangler_laser
0  0.000000 -8.573978 2.773461  0.257651 0.828069 0.497913  0.000000 0.000000 0
0  0.245000 -8.938799 3.253409  0.257651 0.828069 0.497913  0.000000 0.000000 0
0  0.245000 -8.633282 2.745310  0.257651 0.828069 0.497913  0.000000 0.000000 0
c_invasion_wrangler_laser
0  0.245000 -8.633282 2.745310  0.705400 0.607451 0.365258  0.000000 0.000000 0
0  0.424352 -9.082706 3.146366  0.705400 0.607451 0.365258  0.000000 0.000000 0
0  0.424352 -8.795307 2.668398  0.705400 0.607451 0.365258  0.000000 0.000000 0
c_invasion_wrangler_laser
0  0.424352 -8.795307 2.668398  0.965612 0.222810 0.133975  0.000000 0.000000 0
0  0.490000 -9.279286 3.000142  0.965612 0.222810 0.133975  0.000000 0.000000 0
0  0.490000 -9.016636 2.563336  0.965612 0.222810 0.133975  0.000000 0.000000 0
c_invasion_wrangler_laser
0  0.490000 -9.016636 2.563336  0.965613 -0.222808 -0.133973  0.000000 0.000000 0
0  0.424352 -9.475865 2.853919  0.965613 -0.222808 -0.133973  0.000000 0.000000 0
0  0.424352 -9.237967 2.458273  0.965613 -0.222808 -0.133973  0.000000 0.000000 0
c_invasion_wrangler_laser
0  0.424352 -9.237967 2.458273  0.705399 -0.607454 -0.365256  0.000000 0.000000 0
0  0.245000 -9.619772 2.746875  0.705399 -0.607454 -0.365256  0.000000 0.000000 0
0  0.245000 -9.399991 2.381361  0.705399 -0.607454 -0.365256  0.000000 0.000000 0
c_invasion_wrangler_laser
0  0.245000 -9.399991 2.381361  0.257654 -0.828068 -0.497913  0.000000 0.000000 0
0  0.000000 -9.672445 2.707695  0.257654 -0.828068 -0.497913  0.000000 0.000000 0
0  0.000000 -9.459295 2.353210  0.257654 -0.828068 -0.497913  0.000000 0.000000 0
c_invasion_wrangler_laser
0  0.000000 -8.886126 3.292589  0.257654 0.715020 0.649893  0.000000 0.000000 0
0  0.245000 -9.337569 3.692139  0.257654 0.715020 0.649893  0.000000 0.000000 0
0  0.245000 -8.938799 3.253409  0.257654 0.715020 0.649893  0.000000 0.000000 0
c_invasion_wrangler_laser
0  0.245000 -8.938799 3.253409  0.705400 0.524523 0.476746  0.000000 0.000000 0
0  0.424352 -9.457827 3.559078  0.705400 0.524523 0.476746  0.000000 0.000000 0
0  0.424352 -9.082706 3.146366  0.705400 0.524523 0.476746  0.000000 0.000000 0
c_invasion_wrangler_laser
0  0.424352 -9.082706 3.146366  0.965612 0.192392 0.174867  0.000000 0.000000 0
0  0.490000 -9.622103 3.377314  0.965612 0.192392 0.174867  0.000000 0.000000 0
0  0.490000 -9.279286 3.000142  0.965612 0.192392 0.174867  0.000000 0.000000 0
c_invasion_wrangler_laser
0  0.490000 -9.279286 3.000142  0.965612 -0.192392 -0.174867  0.000000 0.000000 0
0  0.424352 -9.786378 3.195549  0.965612 -0.192392 -0.174867  0.000000 0.000000 0
0  0.424352 -9.475865 2.853919  0.965612 -0.192392 -0.174867  0.000000 0.000000 0
c_invasion_wrangler_laser
0  0.424352 -9.475865 2.853919  0.705399 -0.524523 -0.476747  0.000000 0.000000 0
0  0.245000 -9.906637 3.062488  0.705399 -0.524523 -0.476747  0.000000 0.000000 0
0  0.245000 -9.619772 2.746875  0.705399 -0.524523 -0.476747  0.000000 0.000000 0
c_invasion_wrangler_laser
0  0.245000 -9.619772 2.746875  0.257656 -0.715018 -0.649894  0.000000 0.000000 0
0  0.000000 -9.950655 3.013784  0.257656 -0.715018 -0.649894  0.000000 0.000000 0
0  0.000000 -9.672445 2.707695  0.257656 -0.715018 -0.649894  0.000000 0.000000 0
c_invasion_wrangler_laser
0  0.000000 -9.293551 3.740842  0.257656 0.574492 0.776899  0.000000 0.000000 0
0  0.245000 -9.814270 4.044643  0.257656 0.574492 0.776899  0.000000 0.000000 0
0  0.245000 -9.337569 3.692139  0.257656 0.574492 0.776899  0.000000 0.000000 0
c_invasion_wrangler_laser
0  0.245000 -9.337569 3.692139  0.705396 0.421435 0.569920  0.000000 0.000000 0
0  0.424352 -9.906258 3.890678  0.705396 0.421435 0.569920  0.000000 0.000000 0
0  0.424352 -9.457827 3.559078  0.705396 0.421435 0.569920  0.000000 0.000000 0
c_invasion_wrangler_laser
0  0.424352 -9.457827 3.559078  0.965612 0.154579 0.209042  0.000000 0.000000 0
0  0.490000 -10.031918 3.680357  0.965612 0.154579 0.209042  0.000000 0.000000 0
0  0.490000 -9.622103 3.377314  0.965612 0.154579 0.209042  0.000000 0.000000 0
c_invasion_wrangler_laser
0  0.490000 -9.622103 3.377314  0.965612 -0.154580 -0.209041  0.000000 0.000000 0
0  0.424352 -10.157576 3.470037  0.965612 -0.154580 -0.209041  0.000000 0.000000 0
0  0.424352 -9.786378 3.195549  0.965612 -0.154580 -0.209041  0.000000 0.000000 0
c_invasion_wrangler_laser
0  0.424352 -9.786378 3.195549  0.705400 -0.421436 -0.569915  0.000000 0.000000 0
0  0.245000 -10.249565 3.316072  0.705400 -0.421436 -0.569915  0.000000 0.000000 0
0  0.245000 -9.906637 3.062488  0.705400 -0.421436 -0.569915  0.000000 0.000000 0
c_invasion_wrangler_laser
0  0.245000 -9.906637 3.062488  0.257656 -0.574490 -0.776901  0.000000 0.000000 0
0  0.000000 -10.283235 3.259716  0.257656 -0.574490 -0.776901  0.000000 0.000000 0
0  0.000000 -9.950655 3.013784  0.257656 -0.574490 -0.776901  0.000000 0.000000 0
c_invasion_wrangler_laser
0  0.000000 -9.780600 4.100999  0.257656 0.411890 0.874048  0.000000 0.000000 0
0  0.245000 -10.350580 4.297376  0.257656 0.411890 0.874048  0.000000 0.000000 0
0  0.245000 -9.814270 4.044643  0.257656 0.411890 0.874048  0.000000 0.000000 0
c_invasion_wrangler_laser
0  0.245000 -9.814270 4.044643  0.705394 0.302154 0.641188  0.000000 0.000000 0
0  0.424352 -10.410765 4.128423  0.705394 0.302154 0.641188  0.000000 0.000000 0
0  0.424352 -9.906258 3.890678  0.705394 0.302154 0.641188  0.000000 0.000000 0
c_invasion_wrangler_laser
0  0.424352 -9.906258 3.890678  0.965612 0.110827 0.235181  0.000000 0.000000 0
0  0.490000 -10.492978 3.897628  0.965612 0.110827 0.235181  0.000000 0.000000 0
0  0.490000 -10.031918 3.680357  0.965612 0.110827 0.235181  0.000000 0.000000 0
c_invasion_wrangler_laser
0  0.490000 -10.031918 3.680357  0.965612 -0.110827 -0.235183  0.000000 0.000000 0
0  0.424352 -10.575191 3.666834  0.965612 -0.110827 -0.235183  0.000000 0.000000 0
0  0.424352 -10.157576 3.470037  0.965612 -0.110827 -0.235183  0.000000 0.000000 0
c_invasion_wrangler_laser
0  0.424352 -10.157576 3.470037  0.705397 -0.302152 -0.641185  0.000000 0.000000 0
0  0.245000 -10.635374 3.497881  0.705397 -0.302152 -0.641185  0.000000 0.000000 0
0  0.245000 -10.249565 3.316072  0.705397 -0.302152 -0.641185  0.000000 0.000000 0
c_invasion_wrangler_laser
0  0.245000 -10.249565 3.316072  0.257653 -0.411885 -0.874051  0.000000 0.000000 0
0  0.000000 -10.657404 3.436039  0.257653 -0.411885 -0.874051  0.000000 0.000000 0
0  0.000000 -10.283235 3.259716  0.257653 -0.411885 -0.874051  0.000000 0.000000 0
c_invasion_wrangler_laser
0  0.000000 -10.328552 4.359217  0.257658 0.233454 0.937610  0.000000 0.000000 0
0  0.245000 -10.925892 4.440622  0.257658 0.233454 0.937610  0.000000 0.000000 0
0  0.245000 -10.350580 4.297376  0.257658 0.233454 0.937610  0.000000 0.000000 0
c_invasion_wrangler_laser
0  0.245000 -10.350580 4.297376  0.705397 0.171258 0.687813  0.000000 0.000000 0
0  0.424352 -10.951958 4.263174  0.705397 0.171258 0.687813  0.000000 0.000000 0
0  0.424352 -10.410765 4.128423  0.705397 0.171258 0.687813  0.000000 0.000000 0
c_invasion_wrangler_laser
0  0.424352 -10.410765 4.128423  0.965613 0.062816 0.252282  0.000000 0.000000 0
0  0.490000 -10.987566 4.020775  0.965613 0.062816 0.252282  0.000000 0.000000 0
0  0.490000 -10.492978 3.897628  0.965613 0.062816 0.252282  0.000000 0.000000 0
c_invasion_wrangler_laser
0  0.490000 -10.492978 3.897628  0.965612 -0.062816 -0.252284  0.000000 0.000000 0
0  0.424352 -11.023173 3.778377  0.965612 -0.062816 -0.252284  0.000000 0.000000 0
0  0.424352 -10.575191 3.666834  0.965612 -0.062816 -0.252284  0.000000 0.000000 0
c_invasion_wrangler_laser
0  0.424352 -10.575191 3.666834  0.705398 -0.171257 -0.687812  0.000000 0.000000 0
0  0.245000 -11.049239 3.600929  0.705398 -0.171257 -0.687812  0.000000 0.000000 0
0  0.245000 -10.635374 3.497881  0.705398 -0.171257 -0.687812  0.000000 0.000000 0
c_invasion_wrangler_laser
0  0.245000 -10.635374 3.497881  0.257661 -0.233456 -0.937608  0.000000 0.000000 0
0  0.000000 -11.058780 3.535978  0.257661 -0.233456 -0.937608  0.000000 0.000000 0
0  0.000000 -10.657404 3.436039  0.257661 -0.233456 -0.937608  0.000000 0.000000 0
c_invasion_wrangler_laser
0  0.000000 -10.916351 4.505573  0.257659 0.046051 0.965138  0.000000 0.000000 0
0  0.245000 -11.518095 4.468879  0.257659 0.046051 0.965138  0.000000 0.000000 0
0  0.245000 -10.925892 4.440622  0.257659 0.046051 0.965138  0.000000 0.000000 0
c_invasion_wrangler_laser
0  0.245000 -10.925892 4.440622  0.705401 0.033782 0.708003  0.000000 0.000000 0
0  0.424352 -11.509042 4.289755  0.705401 0.033782 0.708003  0.000000 0.000000 0
0  0.424352 -10.951958 4.263174  0.705401 0.033782 0.708003  0.000000 0.000000 0
c_invasion_wrangler_laser
0  0.424352 -10.951958 4.263174  0.965612 0.012391 0.259691  0.000000 0.000000 0
0  0.490000 -11.496675 4.045067  0.965612 0.012391 0.259691  0.000000 0.000000 0
0  0.490000 -10.987566 4.020775  0.965612 0.012391 0.259691  0.000000 0.000000 0
c_invasion_wrangler_laser
0  0.490000 -10.987566 4.020775  0.965612 -0.012391 -0.259692  0.000000 0.000000 0
0  0.424352 -11.484308 3.800380  0.965612 -0.012391 -0.259692  0.000000 0.000000 0
0  0.424352 -11.023173 3.778377  0.965612 -0.012391 -0.259692  0.000000 0.000000 0
c_invasion_wrangler_laser
0  0.424352 -11.023173 3.778377  0.705397 -0.033782 -0.708007  0.000000 0.000000 0
0  0.245000 -11.475257 3.621256  0.705397 -0.033782 -0.708007  0.000000 0.000000 0
0  0.245000 -11.049239 3.600929  0.705397 -0.033782 -0.708007  0.000000 0.000000 0
c_invasion_wrangler_laser
0  0.245000 -11.049239 3.600929  0.257658 -0.046052 -0.965138  0.000000 0.000000 0
0  0.000000 -11.471942 3.555692  0.257658 -0.046052 -0.965138  0.000000 0.000000 0
0  0.000000 -11.058780 3.535978  0.257658 -0.046052 -0.965138  0.000000 0.000000 0
c_invasion_wrangler_laser
0  0.000000 -11.521408 4.534443  0.257656 -0.143123 0.955578  0.000000 0.000000 0
0  0.245000 -12.104431 4.381060  0.257656 -0.143123 0.955578  0.000000 0.000000 0
0  0.245000 -11.518095 4.468879  0.257656 -0.143123 0.955578  0.000000 0.000000 0
c_invasion_wrangler_laser
0  0.245000 -11.518095 4.468879  0.705398 -0.104992 0.700992  0.000000 0.000000 0
0  0.424352 -12.060606 4.207144  0.705398 -0.104992 0.700992  0.000000 0.000000 0
0  0.424352 -11.509042 4.289755  0.705398 -0.104992 0.700992  0.000000 0.000000 0
c_invasion_wrangler_laser
0  0.424352 -11.509042 4.289755  0.965612 -0.038511 0.257120  0.000000 0.000000 0
0  0.490000 -12.000742 3.969570  0.965612 -0.038511 0.257120  0.000000 0.000000 0
0  0.490000 -11.496675 4.045067  0.965612 -0.038511 0.257120  0.000000 0.000000 0
c_invasion_wrangler_laser
0  0.490000 -11.496675 4.045067  0.965612 0.038511 -0.257119  0.000000 0.000000 0
0  0.424352 -11.940876 3.731997  0.965612 0.038511 -0.257119  0.000000 0.000000 0
0  0.424352 -11.484308 3.800380  0.965612 0.038511 -0.257119  0.000000 0.000000 0
c_invasion_wrangler_laser
0  0.424352 -11.484308 3.800380  0.705396 0.104993 -0.700994  0.000000 0.000000 0
0  0.245000 -11.897053 3.558080  0.705396 0.104993 -0.700994  0.000000 0.000000 0
0  0.245000 -11.475257 3.621256  0.705396 0.104993 -0.700994  0.000000 0.000000 0
c_invasion_wrangler_laser
0  0.245000 -11.475257 3.621256  0.257656 0.143124 -0.955578  0.000000 0.000000 0
0  0.000000 -11.881011 3.494423  0.257656 0.143124 -0.955578  0.000000 0.000000 0
0  0.000000 -11.471942 3.555692  0.257656 0.143124 -0.955578  0.000000 0.000000 0
c_invasion_wrangler_laser
0  0.000000 -12.120471 4.444716  0.257650 -0.326799 0.909296  0.000000 0.000000 0
0  0.245000 -12.662370 4.180538  0.257650 -0.326799 0.909296  0.000000 0.000000 0
0  0.245000 -12.104431 4.381060  0.257650 -0.326799 0.909296  0.000000 0.000000 0
c_invasion_wrangler_laser
0  0.245000 -12.104431 4.381060  0.705400 -0.239732 0.667038  0.000000 0.000000 0
0  0.424352 -12.585458 4.018514  0.705400 -0.239732 0.667038  0.000000 0.000000 0
0  0.424352 -12.060606 4.207144  0.705400 -0.239732 0.667038  0.000000 0.000000 0
c_invasion_wrangler_laser
0  0.424352 -12.060606 4.207144  0.965612 -0.087932 0.244666  0.000000 0.000000 0
0  0.490000 -12.480394 3.797184  0.965612 -0.087932 0.244666  0.000000 0.000000 0
0  0.490000 -12.000742 3.969570  0.965612 -0.087932 0.244666  0.000000 0.000000 0
c_invasion_wrangler_laser
0  0.490000 -12.000742 3.969570  0.965612 0.087931 -0.244666  0.000000 0.000000 0
0  0.424352 -12.375333 3.575855  0.965612 0.087931 -0.244666  0.000000 0.000000 0
0  0.424352 -11.940876 3.731997  0.965612 0.087931 -0.244666  0.000000 0.000000 0
c_invasion_wrangler_laser
0  0.424352 -11.940876 3.731997  0.705399 0.239732 -0.667039  0.000000 0.000000 0
0  0.245000 -12.298420 3.413831  0.705399 0.239732 -0.667039  0.000000 0.000000 0
0  0.245000 -11.897053 3.558080  0.705399 0.239732 -0.667039  0.000000 0.000000 0
c_invasion_wrangler_laser
0  0.245000 -11.897053 3.558080  0.257659 0.326797 -0.909294  0.000000 0.000000 0
0  0.000000 -12.270269 3.354526  0.257659 0.326797 -0.909294  0.000000 0.000000 0
0  0.000000 -11.881011 3.494423  0.257659 0.326797 -0.909294  0.000000 0.000000 0
c_invasion_wrangler_laser
0  0.000000 -12.690520 4.239843  0.257657 -0.497914 0.828067  0.000000 0.000000 0
0  0.245000 -13.170465 3.875023  0.257657 -0.497914 0.828067  0.000000 0.000000 0
0  0.245000 -12.662370 4.180538  0.257657 -0.497914 0.828067  0.000000 0.000000 0
c_invasion_wrangler_laser
0  0.245000 -12.662370 4.180538  0.705399 -0.365258 0.607452  0.000000 0.000000 0
0  0.424352 -13.063422 3.731116  0.705399 -0.365258 0.607452  0.000000 0.000000 0
0  0.424352 -12.585458 4.018514  0.705399 -0.365258 0.607452  0.000000 0.000000 0
c_invasion_wrangler_laser
0  0.424352 -12.585458 4.018514  0.965612 -0.133974 0.222809  0.000000 0.000000 0
0  0.490000 -12.917199 3.534536  0.965612 -0.133974 0.222809  0.000000 0.000000 0
0  0.490000 -12.480394 3.797184  0.965612 -0.133974 0.222809  0.000000 0.000000 0
c_invasion_wrangler_laser
0  0.490000 -12.480394 3.797184  0.965612 0.133975 -0.222809  0.000000 0.000000 0
0  0.424352 -12.770975 3.337956  0.965612 0.133975 -0.222809  0.000000 0.000000 0
0  0.424352 -12.375333 3.575855  0.965612 0.133975 -0.222809  0.000000 0.000000 0
c_invasion_wrangler_laser
0  0.424352 -12.375333 3.575855  0.705399 0.365256 -0.607454  0.000000 0.000000 0
0  0.245000 -12.663934 3.194050  0.705399 0.365256 -0.607454  0.000000 0.000000 0
0  0.245000 -12.298420 3.413831  0.705399 0.365256 -0.607454  0.000000 0.000000 0
c_invasion_wrangler_laser
0  0.245000 -12.298420 3.413831  0.257653 0.497914 -0.828068  0.000000 0.000000 0
0  0.000000 -12.624752 3.141376  0.257653 0.497914 -0.828068  0.000000 0.000000 0
0  0.000000 -12.270269 3.354526  0.257653 0.497914 -0.828068  0.000000 0.000000 0
c_invasion_wrangler_laser
0  0.000000 -13.209646 3.927696  0.257658 -0.649893 0.715019  0.000000 0.000000 0
0  0.245000 -13.609196 3.476254  0.257658 -0.649893 0.715019  0.000000 0.000000 0
0  0.245000 -13.170465 3.875023  0.257658 -0.649893 0.715019  0.000000 0.000000 0
c_invasion_wrangler_laser
0  0.245000 -13.170465 3.875023  0.705398 -0.476746 0.524525  0.000000 0.000000 0
0  0.424352 -13.476135 3.355995  0.705398 -0.476746 0.524525  0.000000 0.000000 0
0  0.424352 -13.063422 3.731116  0.705398 -0.476746 0.524525  0.000000 0.000000 0
c_invasion_wrangler_laser
0  0.424352 -13.063422 3.731116  0.965612 -0.174868 0.192392  0.000000 0.000000 0
0  0.490000 -13.294370 3.191719  0.965612 -0.174868 0.192392  0.000000 0.000000 0
0  0.490000 -12.917199 3.534536  0.965612 -0.174868 0.192392  0.000000 0.000000 0
c_invasion_wrangler_laser
0  0.490000 -12.917199 3.534536  0.965612 0.174867 -0.192390  0.000000 0.000000 0
0  0.424352 -13.112606 3.027443  0.965612 0.174867 -0.192390  0.000000 0.000000 0
0  0.424352 -12.770975 3.337956  0.965612 0.174867 -0.192390  0.000000 0.000000 0
c_invasion_wrangler_laser
0  0.424352 -12.770975 3.337956  0.705396 0.476751 -0.524524  0.000000 0.000000 0
0  0.245000 -12.979546 2.907185  0.705396 0.476751 -0.524524  0.000000 0.000000 0
0  0.245000 -12.663934 3.194050  0.705396 0.476751 -0.524524  0.000000 0.000000 0
c_invasion_wrangler_laser
0  0.245000 -12.663934 3.194050  0.257659 0.649890 -0.715021  0.000000 0.000000 0
0  0.000000 -12.930841 2.863167  0.257659 0.649890 -0.715021  0.000000 0.000000 0
0  0.000000 -12.624752 3.141376  0.257659 0.649890 -0.715021  0.000000 0.000000 0
c_invasion_wrangler_laser
0  0.000000 -13.657900 3.520271  0.257656 -0.776898 0.574493  0.000000 0.000000 0
0  0.245000 -13.961703 2.999552  0.257656 -0.776898 0.574493  0.000000 0.000000 0
0  0.245000 -13.609196 3.476254  0.257656 -0.776898 0.574493  0.000000 0.000000 0
c_invasion_wrangler_laser
0  0.245000 -13.609196 3.476254  0.705398 -0.569918 0.421434  0.000000 0.000000 0
0  0.424352 -13.807736 2.907563  0.705398 -0.569918 0.421434  0.000000 0.000000 0
0  0.424352 -13.476135 3.355995  0.705398 -0.569918 0.421434  0.000000 0.000000 0
c_invasion_wrangler_laser
0  0.424352 -13.476135 3.355995  0.965612 -0.209041 0.154580  0.000000 0.000000 0
0  0.490000 -13.597416 2.781904  0.965612 -0.209041 0.154580  0.000000 0.000000 0
0  0.490000 -13.294370 3.191719  0.965612 -0.209041 0.154580  0.000000 0.000000 0
c_invasion_wrangler_laser
0  0.490000 -13.294370 3.191719  0.965612 0.209042 -0.154581  0.000000 0.000000 0
0  0.424352 -13.387094 2.656246  0.965612 0.209042 -0.154581  0.000000 0.000000 0
0  0.424352 -13.112606 3.027443  0.965612 0.209042 -0.154581  0.000000 0.000000 0
c_invasion_wrangler_laser
0  0.424352 -13.112606 3.027443  0.705397 0.569918 -0.421437  0.000000 0.000000 0
0  0.245000 -13.233130 2.564257  0.705397 0.569918 -0.421437  0.000000 0.000000 0
0  0.245000 -12.979546 2.907185  0.705397 0.569918 -0.421437  0.000000 0.000000 0
c_invasion_wrangler_laser
0  0.245000 -12.979546 2.907185  0.257657 0.776898 -0.574493  0.000000 0.000000 0
0  0.000000 -13.176774 2.530586  0.257657 0.776898 -0.574493  0.000000 0.000000 0
0  0.000000 -12.930841 2.863167  0.257657 0.776898 -0.574493  0.000000 0.000000 0
c_invasion_wrangler_laser
0  0.000000 -14.018058 3.033222  0.257652 -0.874051 0.411887  0.000000 0.000000 0
0  0.245000 -14.214434 2.463242  0.257652 -0.874051 0.411887  0.000000 0.000000 0
0  0.245000 -13.961703 2.999552  0.257652 -0.874051 0.411887  0.000000 0.000000 0
c_invasion_wrangler_laser
0  0.245000 -13.961703 2.999552  0.705401 -0.641180 0.302155  0.000000 0.000000 0
0  0.424352 -14.045482 2.403059  0.705401 -0.641180 0.302155  0.000000 0.000000 0
0  0.424352 -13.807736 2.907563  0.705401 -0.641180 0.302155  0.000000 0.000000 0
c_invasion_wrangler_laser
0  0.424352 -13.807736 2.907563  0.965612 -0.235182 0.110827  0.000000 0.000000 0
0  0.490000 -13.814686 2.320845  0.965612 -0.235182 0.110827  0.000000 0.000000 0
0  0.490000 -13.597416 2.781904  0.965612 -0.235182 0.110827  0.000000 0.000000 0
c_invasion_wrangler_laser
0  0.490000 -13.597416 2.781904  0.965612 0.235181 -0.110827  0.000000 0.000000 0
0  0.424352 -13.583893 2.238632  0.965612 0.235181 -0.110827  0.000000 0.000000 0
0  0.424352 -13.387094 2.656246  0.965612 0.235181 -0.110827  0.000000 0.000000 0
c_invasion_wrangler_laser
0  0.424352 -13.387094 2.656246  0.705397 0.641185 -0.302153  0.000000 0.000000 0
0  0.245000 -13.414938 2.178448  0.705397 0.641185 -0.302153  0.000000 0.000000 0
0  0.245000 -13.233130 2.564257  0.705397 0.641185 -0.302153  0.000000 0.000000 0
c_invasion_wrangler_laser
0  0.245000 -13.233130 2.564257  0.257656 0.874049 -0.411887  0.000000 0.000000 0
0  0.000000 -13.353097 2.156419  0.257656 0.874049 -0.411887  0.000000 0.000000 0
0  0.000000 -13.176774 2.530586  0.257656 0.874049 -0.411887  0.000000 0.000000 0
c_invasion_wrangler_laser
0  0.000000 -14.276276 2.485271  0.257658 -0.937609 0.233457  0.000000 0.000000 0
0  0.245000 -14.357681 1.887929  0.257658 -0.937609 0.233457  0.000000 0.000000 0
0  0.245000 -14.214434 2.463242  0.257658 -0.937609 0.233457  0.000000 0.000000 0
c_invasion_wrangler_laser
0  0.245000 -14.214434 2.463242  0.705396 -0.687814 0.171255  0.000000 0.000000 0
0  0.424352 -14.180232 1.861863  0.705396 -0.687814 0.171255  0.000000 0.000000 0
0  0.424352 -14.045482 2.403059  0.705396 -0.687814 0.171255  0.000000 0.000000 0
c_invasion_wrangler_laser
0  0.424352 -14.045482 2.403059  0.965613 -0.252282 0.062814  0.000000 0.000000 0
0  0.490000 -13.937834 1.826255  0.965613 -0.252282 0.062814  0.000000 0.000000 0
0  0.490000 -13.814686 2.320845  0.965613 -0.252282 0.062814  0.000000 0.000000 0
c_invasion_wrangler_laser
0  0.490000 -13.814686 2.320845  0.965612 0.252286 -0.062816  0.000000 0.000000 0
0  0.424352 -13.695436 1.790648  0.965612 0.252286 -0.062816  0.000000 0.000000 0
0  0.424352 -13.583893 2.238632  0.965612 0.252286 -0.062816  0.000000 0.000000 0
c_invasion_wrangler_laser
0  0.424352 -13.583893 2.238632  0.705402 0.687808 -0.171253  0.000000 0.000000 0
0  0.245000 -13.517987 1.764582  0.705402 0.687808 -0.171253  0.000000 0.000000 0
0  0.245000 -13.414938 2.178448  0.705402 0.687808 -0.171253  0.000000 0.000000 0
c_invasion_wrangler_laser
0  0.245000 -13.414938 2.178448  0.257655 0.937611 -0.233451  0.000000 0.000000 0
0  0.000000 -13.453036 1.755040  0.257655 0.937611 -0.233451  0.000000 0.000000 0
0  0.000000 -13.353097 2.156419  0.257655 0.937611 -0.233451  0.000000 0.000000 0
c_invasion_wrangler_laser
0  0.000000 -14.422632 1.897470  0.257657 -0.965139 0.046045  0.000000 0.000000 0
0  0.245000 -14.385936 1.295727  0.257657 -0.965139 0.046045  0.000000 0.000000 0
0  0.245000 -14.357681 1.887929  0.257657 -0.965139 0.046045  0.000000 0.000000 0
c_invasion_wrangler_laser
0  0.245000 -14.357681 1.887929  0.705400 -0.708003 0.033783  0.000000 0.000000 0
0  0.424352 -14.206814 1.304780  0.705400 -0.708003 0.033783  0.000000 0.000000 0
0  0.424352 -14.180232 1.861863  0.705400 -0.708003 0.033783  0.000000 0.000000 0
c_invasion_wrangler_laser
0  0.424352 -14.180232 1.861863  0.965612 -0.259692 0.012392  0.000000 0.000000 0
0  0.490000 -13.962126 1.317147  0.965612 -0.259692 0.012392  0.000000 0.000000 0
0  0.490000 -13.937834 1.826255  0.965612 -0.259692 0.012392  0.000000 0.000000 0
c_invasion_wrangler_laser
0  0.490000 -13.937834 1.826255  0.965612 0.259692 -0.012390  0.000000 0.000000 0
0  0.424352 -13.717438 1.329513  0.965612 0.259692 -0.012390  0.000000 0.000000 0
0  0.424352 -13.695436 1.790648  0.965612 0.259692 -0.012390  0.000000 0.000000 0
c_invasion_wrangler_laser
0  0.424352 -13.695436 1.790648  0.705398 0.708006 -0.033782  0.000000 0.000000 0
0  0.245000 -13.538314 1.338566  0.705398 0.708006 -0.033782  0.000000 0.000000 0
0  0.245000 -13.517987 1.764582  0.705398 0.708006 -0.033782  0.000000 0.000000 0
c_invasion_wrangler_laser
0  0.245000 -13.517987 1.764582  0.257657 0.965138 -0.046051  0.000000 0.000000 0
0  0.000000 -13.472750 1.341879  0.257657 0.965138 -0.046051  0.000000 0.000000 0
0  0.000000 -13.453036 1.755040  0.257657 0.965138 -0.046051  0.000000 0.000000 0
c_invasion_wrangler_laser
0  0.000000 -14.451501 1.292413  0.257660 -0.955577 -0.143122  0.000000 0.000000 0
0  0.245000 -14.298119 0.709389  0.257660 -0.955577 -0.143122  0.000000 0.000000 0
0  0.245000 -14.385936 1.295727  0.257660 -0.955577 -0.143122  0.000000 0.000000 0
c_invasion_wrangler_laser
0  0.245000 -14.385936 1.295727  0.705394 -0.700996 -0.104995  0.000000 0.000000 0
0  0.424353 -14.124202 0.753213  0.705394 -0.700996 -0.104995  0.000000 0.000000 0
0  0.424352 -14.206814 1.304780  0.705394 -0.700996 -0.104995  0.000000 0.000000 0
c_invasion_wrangler_laser
0  0.424352 -14.206814 1.304780  0.965612 -0.257118 -0.038511  0.000000 0.000000 0
0  0.490000 -13.886627 0.813078  0.965612 -0.257118 -0.038511  0.000000 0.000000 0
0  0.490000 -13.962126 1.317147  0.965612 -0.257118 -0.038511  0.000000 0.000000 0
c_invasion_wrangler_laser
0  0.490000 -13.962126 1.317147  0.965612 0.257119 0.038510  0.000000 0.000000 0
0  0.424352 -13.649055 0.872944  0.965612 0.257119 0.038510  0.000000 0.000000 0
0  0.424352 -13.717438 1.329513  0.965612 0.257119 0.038510  0.000000 0.000000 0
c_invasion_wrangler_laser
0  0.424352 -13.717438 1.329513  0.705398 0.700993 0.104989  0.000000 0.000000 0
0  0.245000 -13.475139 0.916768  0.705398 0.700993 0.104989  0.000000 0.000000 0
0  0.245000 -13.538314 1.338566  0.705398 0.700993 0.104989  0.000000 0.000000 0
c_invasion_wrangler_laser
0  0.245000 -13.538314 1.338566  0.257657 0.955578 0.143122  0.000000 0.000000 0
0  0.000000 -13.411482 0.932809  0.257657 0.955578 0.143122  0.000000 0.000000 0
0  0.000000 -13.472750 1.341879  0.257657 0.955578 0.143122  0.000000 0.000000 0
c_invasion_wrangler_laser
0  0.000000 -14.361774 0.693348  0.257649 -0.909295 -0.326803  0.000000 0.000000 0
0  0.245000 -14.097596 0.151453  0.257649 -0.909295 -0.326803  0.000000 0.000000 0
0  0.245000 -14.298119 0.709389  0.257649 -0.909295 -0.326803  0.000000 0.000000 0
c_invasion_wrangler_laser
0  0.245000 -14.298119 0.709389  0.705400 -0.667038 -0.239731  0.000000 0.000000 0
0  0.424353 -13.935573 0.228364  0.705400 -0.667038 -0.239731  0.000000 0.000000 0
0  0.424353 -14.124202 0.753213  0.705400 -0.667038 -0.239731  0.000000 0.000000 0
c_invasion_wrangler_laser
0  0.424353 -14.124202 0.753213  0.965612 -0.244665 -0.087933  0.000000 0.000000 0
0  0.490000 -13.714243 0.333427  0.965612 -0.244665 -0.087933  0.000000 0.000000 0
0  0.490000 -13.886627 0.813078  0.965612 -0.244665 -0.087933  0.000000 0.000000 0
c_invasion_wrangler_laser
0  0.490000 -13.886627 0.813078  0.965612 0.244666 0.087933  0.000000 0.000000 0
0  0.424353 -13.492913 0.438490  0.965612 0.244666 0.087933  0.000000 0.000000 0
0  0.424352 -13.649055 0.872944  0.965612 0.244666 0.087933  0.000000 0.000000 0
c_invasion_wrangler_laser
0  0.424352 -13.649055 0.872944  0.705397 0.667039 0.239735  0.000000 0.000000 0
0  0.245000 -13.330889 0.515401  0.705397 0.667039 0.239735  0.000000 0.000000 0
0  0.245000 -13.475139 0.916768  0.705397 0.667039 0.239735  0.000000 0.000000 0
c_invasion_wrangler_laser
0  0.245000 -13.475139 0.916768  0.257653 0.909296 0.326796  0.000000 0.000000 0
0  0.000000 -13.271584 0.543553  0.257653 0.909296 0.326796  0.000000 0.000000 0
0  0.000000 -13.411482 0.932809  0.257653 0.909296 0.326796  0.000000 0.000000 0
c_invasion_wrangler_laser
0  0.000000 -14.156902 0.123301  0.257659 -0.828070 -0.497908  0.000000 0.000000 0
0  0.245000 -13.792082 -0.356644  0.257659 -0.828070 -0.497908  0.000000 0.000000 0
0  0.245000 -14.097596 0.151453  0.257659 -0.828070 -0.497908  0.000000 0.000000 0
c_invasion_wrangler_laser
0  0.245000 -14.097596 0.151453  0.705396 -0.607454 -0.365262  0.000000 0.000000 0
0  0.424353 -13.648174 -0.249601  0.705396 -0.607454 -0.365262  0.000000 0.000000 0
0  0.424353 -13.935573 0.228364  0.705396 -0.607454 -0.365262  0.000000 0.000000 0
c_invasion_wrangler_laser
0  0.424353 -13.935573 0.228364  0.965612 -0.222809 -0.133974  0.000000 0.000000 0
0  0.490000 -13.451594 -0.103378  0.965612 -0.222809 -0.133974  0.000000 0.000000 0
0  0.490000 -13.714243 0.333427  0.965612 -0.222809 -0.133974  0.000000 0.000000 0
c_invasion_wrangler_laser
0  0.490000 -13.714243 0.333427  0.965612 0.222809 0.133975  0.000000 0.000000 0
0  0.424353 -13.255014 0.042846  0.965612 0.222809 0.133975  0.000000 0.000000 0
0  0.424353 -13.492913 0.438490  0.965612 0.222809 0.133975  0.000000 0.000000 0
c_invasion_wrangler_laser
0  0.424353 -13.492913 0.438490  0.705399 0.607454 0.365256  0.000000 0.000000 0
0  0.245000 -13.111109 0.149889  0.705399 0.607454 0.365256  0.000000 0.000000 0
0  0.245000 -13.330889 0.515401  0.705399 0.607454 0.365256  0.000000 0.000000 0
c_invasion_wrangler_laser
0  0.245000 -13.330889 0.515401  0.257656 0.828069 0.497911  0.000000 0.000000 0
0  0.000000 -13.058435 0.189070  0.257656 0.828069 0.497911  0.000000 0.000000 0
0  0.000000 -13.271584 0.543553  0.257656 0.828069 0.497911  0.000000 0.000000 0
c_invasion_wrangler_laser
0  0.000000 -13.844755 -0.395824  0.257655 -0.715019 -0.649893  0.000000 0.000000 0
0  0.245000 -13.393311 -0.795376  0.257655 -0.715019 -0.649893  0.000000 0.000000 0
0  0.245000 -13.792082 -0.356644  0.257655 -0.715019 -0.649893  0.000000 0.000000 0
c_invasion_wrangler_laser
0  0.245000 -13.792082 -0.356644  0.705399 -0.524522 -0.476747  0.000000 0.000000 0
0  0.424353 -13.273052 -0.662315  0.705399 -0.524522 -0.476747  0.000000 0.000000 0
0  0.424353 -13.648174 -0.249601  0.705399 -0.524522 -0.476747  0.000000 0.000000 0
c_invasion_wrangler_laser
0  0.424353 -13.648174 -0.249601  0.965612 -0.192391 -0.174869  0.000000 0.000000 0
0  0.490000 -13.108776 -0.480550  0.965612 -0.192391 -0.174869  0.000000 0.000000 0
0  0.490000 -13.451594 -0.103378  0.965612 -0.192391 -0.174869  0.000000 0.000000 0
c_invasion_wrangler_laser
0  0.490000 -13.451594 -0.103378  0.965612 0.192391 0.174867  0.000000 0.000000 0
0  0.424353 -12.944500 -0.298786  0.965612 0.192391 0.174867  0.000000 0.000000 0
0  0.424353 -13.255014 0.042846  0.965612 0.192391 0.174867  0.000000 0.000000 0
c_invasion_wrangler_laser
0  0.424353 -13.255014 0.042846  0.705397 0.524524 0.476750  0.000000 0.000000 0
0  0.245000 -12.824242 -0.165725  0.705397 0.524524 0.476750  0.000000 0.000000 0
0  0.245000 -13.111109 0.149889  0.705397 0.524524 0.476750  0.000000 0.000000 0
c_invasion_wrangler_laser
0  0.245000 -13.111109 0.149889  0.257656 0.715020 0.649892  0.000000 0.000000 0
0  0.000000 -12.780224 -0.117021  0.257656 0.715020 0.649892  0.000000 0.000000 0
0  0.000000 -13.058435 0.189070  0.257656 0.715020 0.649892  0.000000 0.000000 0
c_invasion_wrangler_laser
0  0.000000 -13.437328 -0.844080  0.257656 -0.574491 -0.776900  0.000000 0.000000 0
0  0.245000 -12.916612 -1.147880  0.257656 -0.574491 -0.776900  0.000000 0.000000 0
0  0.245000 -13.393311 -0.795376  0.257656 -0.574491 -0.776900  0.000000 0.000000 0
c_invasion_wrangler_laser
0  0.245000 -13.393311 -0.795376  0.705399 -0.421435 -0.569917  0.000000 0.000000 0
0  0.424353 -12.824622 -0.993915  0.705399 -0.421435 -0.569917  0.000000 0.000000 0
0  0.424353 -13.273052 -0.662315  0.705399 -0.421435 -0.569917  0.000000 0.000000 0
c_invasion_wrangler_laser
0  0.424353 -13.273052 -0.662315  0.965612 -0.154579 -0.209041  0.000000 0.000000 0
0  0.490000 -12.698963 -0.783594  0.965612 -0.154579 -0.209041  0.000000 0.000000 0
0  0.490000 -13.108776 -0.480550  0.965612 -0.154579 -0.209041  0.000000 0.000000 0
c_invasion_wrangler_laser
0  0.490000 -13.108776 -0.480550  0.965612 0.154580 0.209043  0.000000 0.000000 0
0  0.424353 -12.573304 -0.573273  0.965612 0.154580 0.209043  0.000000 0.000000 0
0  0.424353 -12.944500 -0.298786  0.965612 0.154580 0.209043  0.000000 0.000000 0
c_invasion_wrangler_laser
0  0.424353 -12.944500 -0.298786  0.705396 0.421435 0.569919  0.000000 0.000000 0
0  0.245000 -12.481317 -0.419308  0.705396 0.421435 0.569919  0.000000 0.000000 0
0  0.245000 -12.824242 -0.165725  0.705396 0.421435 0.569919  0.000000 0.000000 0
c_invasion_wrangler_laser
0  0.245000 -12.824242 -0.165725  0.257657 0.574494 0.776897  0.000000 0.000000 0
0  0.000000 -12.447645 -0.362953  0.257657 0.574494 0.776897  0.000000 0.000000 0
0  0.000000 -12.780224 -0.117021  0.257657 0.574494 0.776897  0.000000 0.000000 0
c_invasion_wrangler_laser
0  0.000000 -12.950281 -1.204235  0.257655 -0.411887 -0.874050  0.000000 0.000000 0
0  0.245000 -12.380299 -1.400613  0.257655 -0.411887 -0.874050  0.000000 0.000000 0
0  0.245000 -12.916612 -1.147880  0.257655 -0.411887 -0.874050  0.000000 0.000000 0
c_invasion_wrangler_laser
0  0.245000 -12.916612 -1.147880  0.705398 -0.302152 -0.641184  0.000000 0.000000 0
0  0.424353 -12.320115 -1.231659  0.705398 -0.302152 -0.641184  0.000000 0.000000 0
0  0.424353 -12.824622 -0.993915  0.705398 -0.302152 -0.641184  0.000000 0.000000 0
c_invasion_wrangler_laser
0  0.424353 -12.824622 -0.993915  0.965612 -0.110827 -0.235183  0.000000 0.000000 0
0  0.490000 -12.237902 -1.000865  0.965612 -0.110827 -0.235183  0.000000 0.000000 0
0  0.490000 -12.698963 -0.783594  0.965612 -0.110827 -0.235183  0.000000 0.000000 0
c_invasion_wrangler_laser
0  0.490000 -12.698963 -0.783594  0.965612 0.110827 0.235181  0.000000 0.000000 0
0  0.424353 -12.155689 -0.770071  0.965612 0.110827 0.235181  0.000000 0.000000 0
0  0.424353 -12.573304 -0.573273  0.965612 0.110827 0.235181  0.000000 0.000000 0
c_invasion_wrangler_laser
0  0.424353 -12.573304 -0.573273  0.705396 0.302151 0.641188  0.000000 0.000000 0
0  0.245000 -12.095505 -0.601118  0.705396 0.302151 0.641188  0.000000 0.000000 0
0  0.245000 -12.481317 -0.419308  0.705396 0.302151 0.641188  0.000000 0.000000 0
c_invasion_wrangler_laser
0  0.245000 -12.481317 -0.419308  0.257656 0.411887 0.874049  0.000000 0.000000 0
0  0.000000 -12.073477 -0.539276  0.257656 0.411887 0.874049  0.000000 0.000000 0
0  0.000000 -12.447645 -0.362953  0.257656 0.411887 0.874049  0.000000 0.000000 0
c_invasion_wrangler_laser
0  0.000000 -12.402328 -1.462454  0.257654 -0.233454 -0.937611  0.000000 0.000000 0
0  0.245000 -11.804987 -1.543859  0.257654 -0.233454 -0.937611  0.000000 0.000000 0
0  0.245000 -12.380299 -1.400613  0.257654 -0.233454 -0.937611  0.000000 0.000000 0
c_invasion_wrangler_laser
0  0.245000 -12.380299 -1.400613  0.705401 -0.171258 -0.687808  0.000000 0.000000 0
0  0.424353 -11.778921 -1.366411  0.705401 -0.171258 -0.687808  0.000000 0.000000 0
0  0.424353 -12.320115 -1.231659  0.705401 -0.171258 -0.687808  0.000000 0.000000 0
c_invasion_wrangler_laser
0  0.424353 -12.320115 -1.231659  0.965612 -0.062816 -0.252284  0.000000 0.000000 0
0  0.490000 -11.743314 -1.124012  0.965612 -0.062816 -0.252284  0.000000 0.000000 0
0  0.490000 -12.237902 -1.000865  0.965612 -0.062816 -0.252284  0.000000 0.000000 0
c_invasion_wrangler_laser
0  0.490000 -12.237902 -1.000865  0.965612 0.062816 0.252284  0.000000 0.000000 0
0  0.424353 -11.707705 -0.881614  0.965612 0.062816 0.252284  0.000000 0.000000 0
0  0.424353 -12.155689 -0.770071  0.965612 0.062816 0.252284  0.000000 0.000000 0
c_invasion_wrangler_laser
0  0.424353 -12.155689 -0.770071  0.705399 0.171258 0.687810  0.000000 0.000000 0
0  0.245000 -11.681640 -0.704166  0.705399 0.171258 0.687810  0.000000 0.000000 0
0  0.245000 -12.095505 -0.601118  0.705399 0.171258 0.687810  0.000000 0.000000 0
c_invasion_wrangler_laser
0  0.245000 -12.095505 -0.601118  0.257657 0.233455 0.937610  0.000000 0.000000 0
0  0.000000 -11.672099 -0.639215  0.257657 0.233455 0.937610  0.000000 0.000000 0
0  0.000000 -12.073477 -0.539276  0.257657 0.233455 0.937610  0.000000 0.000000 0
painted_wood_01
0  0.000000 2.195168 2.157575  -0.604959 -0.581616 0.543826  0.297403 0.539614 0
0  -1.040689 3.081822 1.948165  -0.604959 -0.581616 0.543826  0.297403 0.539614 0
0  0.000000 1.998897 1.947666  -0.604959 -0.581616 0.543826  0.297403 0.539614 0
painted_wood_01
0  0.000000 1.998897 1.947666  -0.614172 -0.589977 -0.524137  0.297403 0.539614 0
0  -1.040689 3.081822 1.948165  -0.614172 -0.589977 -0.524137  0.297403 0.539614 0
0  -1.000001 3.523992 1.402775  -0.614172 -0.589977 -0.524137  0.297403 0.539614 0
painted_wood_01
0  0.000000 1.998897 1.947666  -0.798075 -0.580724 -0.160736  0.297403 0.539614 0
0  -1.000001 3.523992 1.402775  -0.798075 -0.580724 -0.160736  0.297403 0.539614 0
0  -1.000001 3.766343 0.527183  -0.798075 -0.580724 -0.160736  0.297403 0.539614 0
festive_lights_red
0  -1.506855 9.045291 -1.407901  -0.948132 0.124329 0.292553  0.289038 0.813347 0
0  -1.791192 5.824657 -0.960702  -0.948132 0.124329 0.292553  0.304552 0.093670 0
0  -1.169129 8.371672 -0.027095  -0.948132 0.124329 0.292553  0.289038 0.813347 0
black
0  -1.169129 8.371672 -0.027095  -0.921688 0.086488 0.378168  0.261898 1.451806 0
0  -1.791192 5.824657 -0.960702  -0.921688 0.086488 0.378168  -0.082403 0.309679 0
0  -0.756352 5.377801 1.663652  -0.921688 0.086488 0.378168  -0.200300 0.476676 0
gold_player
0  -1.000001 3.766343 -0.527183  -0.864276 -0.397218 -0.308619  0.629655 0.522741 0
0  -1.791192 5.824657 -0.960702  -0.864276 -0.397218 -0.308619  0.750717 1.060359 0
0  -1.038986 4.384902 -1.214143  -0.864276 -0.397218 -0.308619  0.970732 1.371122 0
black
0  -1.791192 5.824657 -0.960702  -0.907579 -0.283659 0.309578  0.750717 1.060359 0
0  -1.000001 3.766343 -0.527183  -0.907579 -0.283659 0.309578  0.629655 0.522741 0
0  -0.756352 5.377801 1.663652  -0.907579 -0.283659 0.309578  -0.200300 0.476676 0
black
0  -1.000001 3.766343 -0.527183  -0.988762 0.149499 0.000000  0.297403 0.539614 0
0  -1.000001 3.766343 0.527183  -0.988762 0.149499 0.000000  0.297403 0.539614 0
0  -0.756352 5.377801 1.663652  -0.988762 0.149499 0.000000  0.297403 0.539614 0
gold_player
0  -0.756352 5.377801 1.663652  -0.991581 0.126323 0.028440  0.297403 0.539614 0
0  -1.000001 3.523992 1.402775  -0.991581 0.126323 0.028440  0.297403 0.539614 0
0  -1.040689 3.081822 1.948165  -0.991581 0.126323 0.028440  0.297403 0.539614 0
festive_lights_red
0  -1.000001 3.523992 1.402775  -0.991495 0.125428 0.034717  0.297403 0.539614 0
0  -0.756352 5.377801 1.663652  -0.991495 0.125428 0.034717  0.297403 0.539614 0
0  -1.000001 3.766343 0.527183  -0.991495 0.125428 0.034717  0.297403 0.539614 0
gold_player
0  1.197502 1.446441 0.000000  0.000000 0.221594 -0.975139  0.593229 0.440361 0
0  0.000000 3.766343 0.527183  0.000000 0.221594 -0.975139  0.428739 0.494290 0
0  1.000001 3.766343 0.527183  0.000000 0.221594 -0.975139  0.386205 0.496145 0
painted_wood_01
0  1.000001 -6.298168 0.567713  1.000000 -0.000000 0.000000  0.297403 0.539614 0
0  1.000001 -8.066722 -0.865616  1.000000 -0.000000 0.000000  0.297403 0.539614 0
0  1.000001 -6.298168 -0.567713  1.000000 -0.000000 0.000000  0.297403 0.539614 0
painted_wood_01
0  1.000001 -8.066722 -0.865616  0.549651 -0.296197 -0.781122  0.297403 0.539614 0
0  0.000000 -9.122035 -1.169117  0.549650 -0.296198 -0.781122  0.297403 0.539614 0
0  0.000000 -8.168456 -1.558184  0.549652 -0.296196 -0.781122  0.297403 0.539614 0
painted_wood_01
0  0.000000 -6.298168 1.699995  0.669340 0.165277 0.724340  0.297403 0.539614 0
0  1.000001 -7.776050 1.113149  0.669336 0.165283 0.724342  0.297403 0.539614 0
0  1.000001 -6.298168 0.567713  0.669340 0.165277 0.724340  0.297403 0.539614 0
painted_wood_01
0  1.000001 -6.298168 -0.567713  0.672823 0.031696 -0.739124  0.297403 0.539614 0
0  0.000000 -8.168456 -1.558184  0.672817 0.031685 -0.739130  0.297403 0.539614 0
0  0.000000 -6.298166 -1.700005  0.672820 0.031689 -0.739128  0.297403 0.539614 0
gold_player
0  1.000001 -6.298168 -0.567713  0.000000 1.000000 0.000000  -0.141682 0.495903 0
0  0.000000 -6.298168 0.667713  0.000000 1.000000 0.000000  0.012747 0.558403 0
0  1.000001 -6.298168 0.567713  0.000000 1.000000 0.000000  0.000246 0.495903 0
gold_player
0  1.000001 3.766343 0.527183  0.000000 -1.000000 0.000000  -0.004820 0.491805 0
0  0.000000 3.766343 -0.527183  0.000000 -1.000000 0.000000  -0.136615 0.616805 0
0  1.000001 3.766343 -0.527183  0.000000 -1.000000 0.000000  -0.136616 0.491805 0
gold_player
0  1.000001 3.766343 -0.527183  0.000000 0.221594 0.975139  0.737364 0.416955 0
0  0.000000 1.446441 0.000000  0.000000 0.221594 0.975139  0.782676 0.358951 0
0  1.197502 1.446441 0.000000  0.000000 0.221594 0.975139  0.820211 0.361171 0
festive_lights_red
0  0.000000 0.568786 -1.792446  0.195091 0.000000 -0.980785  0.166801 0.093669 0
0  0.532866 -3.392442 -1.686453  0.195091 0.000000 -0.980785  0.025998 0.976463 0
0  0.000000 -3.392442 -1.792447  0.195091 0.000000 -0.980785  0.163110 0.976463 0
black
0  0.532866 0.568786 -1.686452  0.555570 0.000000 -0.831470  0.163181 0.607807 0
0  0.984607 -3.392442 -1.384609  0.555570 0.000000 -0.831470  0.250208 1.598114 0
0  0.532866 -3.392442 -1.686453  0.555570 0.000000 -0.831470  0.163181 1.598115 0
painted_wood_01
0  1.286451 -1.411828 -0.732868  0.907408 0.000000 -0.420252  0.297403 0.539614 0
0  1.286451 -3.392442 -0.732868  0.907408 0.000000 -0.420252  0.297403 0.539614 0
0  0.984607 -3.392442 -1.384609  0.907408 0.000000 -0.420252  0.297403 0.539614 0
painted_wood_01
0  1.197502 -4.270097 0.000000  0.992715 0.000000 -0.120487  0.297403 0.539614 0
0  1.286450 -1.411829 0.732862  0.992715 0.000000 -0.120487  0.297403 0.539614 0
0  1.286450 -3.392443 0.732861  0.992715 0.000000 -0.120487  0.297403 0.539614 0
painted_wood_01
0  1.286451 -3.392442 -0.732868  0.992715 0.000000 0.120486  0.297403 0.539614 0
0  1.286451 -1.411828 -0.732868  0.992715 0.000000 0.120486  0.297403 0.539614 0
0  1.197502 -4.270097 0.000000  0.992715 0.000000 0.120486  0.297403 0.539614 0
painted_wood_01
0  0.984607 -3.392443 1.384602  0.907408 -0.000000 0.420252  0.297403 0.539614 0
0  1.286450 -3.392443 0.732861  0.907408 -0.000000 0.420252  0.297403 0.539614 0
0  1.286450 -1.411829 0.732862  0.907408 -0.000000 0.420252  0.297403 0.539614 0
black
0  0.984607 0.568785 1.384604  0.555570 -0.000000 0.831470  0.297403 0.539614 0
0  0.532866 -3.392443 1.686446  0.555570 -0.000000 0.831470  0.297403 0.539614 0
0  0.984607 -3.392443 1.384602  0.555570 -0.000000 0.831470  0.297403 0.539614 0
festive_lights_red
0  0.532866 0.568785 1.686447  0.195089 -0.000000 0.980785  0.297403 0.539614 0
0  0.000000 -3.392443 1.792439  0.195089 -0.000000 0.980785  0.297403 0.539614 0
0  0.532866 -3.392443 1.686446  0.195089 -0.000000 0.980785  0.297403 0.539614 0
gold_player
0  1.197502 -4.270097 0.000000  -0.043546 -0.289139 0.956296  0.453063 0.675889 0
0  0.000000 -6.298168 -0.667713  -0.043544 -0.289135 0.956298  0.234288 0.333411 0
0  1.000001 -6.298168 -0.567713  -0.043546 -0.289138 0.956296  0.156617 0.234700 0
painted_wood_01
0  1.286450 -3.392443 0.732861  0.970059 -0.107976 0.217548  0.297403 0.539614 0
0  1.000001 -6.298168 0.567713  0.970055 -0.108017 0.217546  0.297403 0.539614 0
0  1.197502 -4.270097 0.000000  0.970056 -0.108001 0.217546  0.297403 0.539614 0
painted_wood_01
0  0.984607 0.568786 -1.384608  0.971777 0.100799 -0.213280  0.297403 0.539614 0
0  1.197502 1.446441 0.000000  0.971771 0.100772 -0.213322  0.297403 0.539614 0
0  1.286451 0.568786 -0.732867  0.971774 0.100786 -0.213300  0.297403 0.539614 0
painted_wood_01
0  1.286450 0.568785 0.732862  0.971767 0.100784 0.213336  0.297403 0.539614 0
0  1.000001 3.766343 0.527183  0.971768 0.100767 0.213337  0.297403 0.539614 0
0  0.984607 0.568785 1.384604  0.971766 0.100787 0.213336  0.297403 0.539614 0
c_invasion_wrangler_laser
0  0.440115 0.713023 -1.517149  0.381068 0.064543 -0.922291  0.000000 0.000000 0
0  0.000000 0.726782 -1.549412  0.381070 0.064524 -0.922292  0.000000 0.000000 0
0  0.000000 3.808831 -1.445365  0.381067 0.064554 -0.922291  0.000000 0.000000 0
painted_wood_01
0  0.984607 0.568785 1.384604  0.613460 0.135197 0.778067  0.297403 0.539614 0
0  0.000000 1.998897 1.947666  0.613456 0.135201 0.778069  0.297403 0.539614 0
0  0.532866 0.568785 1.686447  0.613449 0.135209 0.778073  0.297403 0.539614 0
painted_wood_01
0  0.984607 -3.392442 -1.384609  0.970050 -0.107963 -0.217594  0.297403 0.539614 0
0  1.197502 -4.270097 0.000000  0.970051 -0.107969 -0.217585  0.297403 0.539614 0
0  1.000001 -6.298168 -0.567713  0.970051 -0.107967 -0.217589  0.297403 0.539614 0
painted_wood_01
0  0.532866 -3.392443 1.686446  0.607355 -0.136166 0.782674  0.297403 0.539614 0
0  0.000000 -3.392443 1.792439  0.607349 -0.136189 0.782675  0.297403 0.539614 0
0  0.000000 -6.298168 1.699995  0.607352 -0.136177 0.782674  0.297403 0.539614 0
painted_wood_01
0  0.984607 -3.392442 -1.384609  0.607415 -0.136209 -0.782620  0.297403 0.539614 0
0  1.000001 -6.298168 -0.567713  0.607415 -0.136207 -0.782620  0.297403 0.539614 0
0  0.000000 -6.298166 -1.700005  0.607423 -0.136182 -0.782619  0.297403 0.539614 0
gold_player
0  1.000001 -6.298168 0.567713  -0.043504 -0.289145 -0.956297  -0.207490 -0.297144 0
0  0.000000 -4.270097 0.000000  -0.043503 -0.289147 -0.956296  0.130371 0.183502 0
0  1.197502 -4.270097 0.000000  -0.043504 -0.289146 -0.956296  0.102467 0.151397 0
painted_wood_01
0  0.927546 -8.786492 1.115114  -0.000002 -0.989382 0.145336  0.297403 0.539614 0
0  0.000000 -9.122035 -1.169117  -0.000002 -0.989382 0.145336  0.297403 0.539614 0
0  0.927546 -9.035044 -0.576909  -0.000002 -0.989382 0.145336  0.297403 0.539614 0
painted_wood_01
0  1.000001 -7.776050 1.113149  0.997385 -0.071498 0.010503  0.297403 0.539614 0
0  0.927546 -9.035044 -0.576909  0.997385 -0.071498 0.010503  0.297403 0.539614 0
0  1.000001 -8.066722 -0.865616  0.997385 -0.071498 0.010503  0.297403 0.539614 0
painted_wood_01
0  0.927546 -8.786492 1.115114  -0.076807 -0.996019 -0.045242  0.297403 0.539614 0
0  0.000000 -8.817576 3.373937  -0.076804 -0.996019 -0.045248  0.297403 0.539614 0
0  0.000000 -8.699500 1.707322  -0.076806 -0.996019 -0.045245  0.297403 0.539614 0
painted_wood_01
0  0.000000 -7.792392 3.472332  0.294525 -0.055655 0.954022  0.297403 0.539614 0
0  2.026842 -8.904570 2.781729  0.294523 -0.055654 0.954023  0.297403 0.539614 0
0  2.099297 -7.894127 2.779765  0.294523 -0.055654 0.954022  0.297403 0.539614 0
painted_wood_01
0  0.000000 -7.674315 1.805716  0.084441 0.995514 0.042674  0.297403 0.539614 0
0  2.099297 -7.894127 2.779765  0.084439 0.995514 0.042673  0.297403 0.539614 0
0  1.000001 -7.776050 1.113149  0.084438 0.995515 0.042672  0.297403 0.539614 0
painted_wood_01
0  1.000001 -7.776050 1.113149  0.831244 -0.060679 -0.552587  0.297403 0.539614 0
0  2.026842 -8.904570 2.781729  0.831244 -0.060679 -0.552587  0.297403 0.539614 0
0  0.927546 -8.786492 1.115114  0.831244 -0.060679 -0.552587  0.297403 0.539614 0
c_invasion_wrangler_laser
0  0.000000 3.808831 -1.445365  0.394844 -0.348148 -0.850230  0.000000 0.000000 0
0  0.800226 4.361275 -1.299955  0.394844 -0.348148 -0.850230  0.000000 0.000000 0
0  0.767678 3.772680 -1.077588  0.394844 -0.348148 -0.850230  0.000000 0.000000 0
painted_wood_01
0  1.040689 3.081822 1.948165  0.521602 -0.782014 -0.341152  0.297403 0.539614 0
0  0.000000 1.302137 4.436562  0.521601 -0.782016 -0.341149  0.297403 0.539614 0
0  0.000000 2.195168 2.157575  0.521602 -0.782015 -0.341151  0.297403 0.539614 0
painted_wood_01
0  1.334608 1.639535 5.471472  0.521754 -0.442781 -0.729190  0.297403 0.539614 0
0  0.000000 -2.194918 6.844880  0.521757 -0.442772 -0.729193  0.297403 0.539614 0
0  0.000000 1.302137 4.436562  0.521755 -0.442778 -0.729191  0.297403 0.539614 0
painted_wood_01
0  2.043638 -1.586379 7.652559  0.516409 -0.394858 -0.759874  0.297403 0.539614 0
0  0.000000 -5.283927 8.185042  0.516411 -0.394854 -0.759875  0.297403 0.539614 0
0  0.000000 -2.194918 6.844880  0.516410 -0.394856 -0.759875  0.297403 0.539614 0
c_invasion_wrangler_laser
0  0.823280 2.745751 6.255489  0.390829 0.729983 0.560694  0.000000 0.000000 0
0  6.654728 0.857779 4.648882  0.390822 0.729985 0.560696  0.000000 0.000000 0
0  0.771739 4.292706 2.726336  0.390811 0.729989 0.560699  0.000000 0.000000 0
c_invasion_wrangler_laser
0  0.812732 -5.064515 9.333725  0.076627 -0.261464 0.962167  0.000000 0.000000 0
0  3.017567 -8.248178 8.292931  0.076619 -0.261453 0.962170  0.000000 0.000000 0
0  0.259706 -3.714955 9.609733  0.076626 -0.261462 0.962167  0.000000 0.000000 0
c_invasion_wrangler_laser
0  0.937817 3.574015 2.561584  0.494433 0.475621 -0.727544  0.000000 0.000000 0
0  6.536331 -0.013675 4.020900  0.494438 0.475618 -0.727543  0.000000 0.000000 0
0  1.007624 3.293729 2.388378  0.494433 0.475621 -0.727544  0.000000 0.000000 0
c_invasion_wrangler_laser
0  0.856414 -4.619143 9.005753  -0.803171 -0.216111 -0.555169  0.000000 0.000000 0
0  3.019983 -9.563709 7.800428  -0.803173 -0.216105 -0.555167  0.000000 0.000000 0
0  0.812732 -5.064515 9.333725  -0.803172 -0.216109 -0.555168  0.000000 0.000000 0
c_invasion_wrangler_laser
0  1.007624 3.293729 2.388378  -0.424833 -0.719777 -0.549033  0.000000 0.000000 0
0  6.273186 -2.590704 6.028722  -0.424824 -0.719787 -0.549027  0.000000 0.000000 0
0  1.272847 1.852638 5.646378  -0.424807 -0.719807 -0.549015  0.000000 0.000000 0
c_invasion_wrangler_laser
0  0.259706 -3.714955 9.609733  0.319154 0.056327 0.946027  0.000000 0.000000 0
0  5.373821 -5.406857 7.985157  0.319163 0.056324 0.946025  0.000000 0.000000 0
0  1.356813 -0.395489 8.386103  0.319153 0.056328 0.946028  0.000000 0.000000 0
gold_player
0  1.040689 3.081822 1.948165  0.961721 0.164449 0.219203  0.297403 0.539614 0
0  0.657924 4.561394 2.517317  0.961711 0.164487 0.219217  0.297403 0.539614 0
0  0.901403 3.668780 2.309439  0.961719 0.164457 0.219206  0.297403 0.539614 0
c_invasion_wrangler_laser
0  0.800226 4.361275 -1.299955  0.423873 -0.242032 -0.872784  0.000000 0.000000 0
0  0.000000 4.463351 -1.716897  0.423873 -0.242032 -0.872784  0.000000 0.000000 0
0  0.000000 5.470138 -1.996089  0.423873 -0.242032 -0.872784  0.000000 0.000000 0
gold_player
0  1.791192 5.824657 -0.960702  0.594602 -0.172412 -0.785317  0.750717 1.060359 0
0  1.038986 4.384902 -1.214143  0.594602 -0.172412 -0.785317  0.970732 1.371122 0
0  0.000000 6.028502 -2.361655  0.594602 -0.172412 -0.785317  0.682617 0.964171 0
painted_wood_01
0  0.678174 8.795123 -2.502386  -0.038975 -0.041232 -0.998389  0.297403 0.539614 0
0  0.000000 6.028502 -2.361655  -0.038975 -0.041232 -0.998389  0.297403 0.539614 0
0  0.000000 9.436178 -2.502386  -0.038975 -0.041232 -0.998389  0.297403 0.539614 0
gold_player
0  0.000000 6.028502 -2.361655  0.592279 -0.185074 -0.784189  0.000000 0.000000 0
0  0.678174 8.795123 -2.502386  0.592279 -0.185074 -0.784189  0.000000 0.000000 0
0  1.791192 5.824657 -0.960702  0.592279 -0.185074 -0.784189  0.000000 0.000000 0
black
0  1.791192 5.824657 -0.960702  0.798623 -0.013040 -0.601691  -0.082403 0.309679 0
0  0.678174 8.795123 -2.502386  0.798623 -0.013040 -0.601691  -0.257922 0.969305 0
0  1.506855 9.045291 -1.407901  0.798623 -0.013040 -0.601691  -0.201928 0.758871 0
crystal_ball_glass
0  0.440115 0.713023 -1.517149  0.093186 0.812909 -0.574887  0.245203 0.664189 0
0  0.000000 0.568786 -1.792446  0.093188 0.812910 -0.574886  0.200414 0.695991 0
0  0.000000 0.726782 -1.549412  0.093187 0.812909 -0.574887  0.211837 0.691079 0
crystal_ball_glass
0  0.760020 0.712068 -1.288985  0.332108 0.810751 -0.482065  0.199542 0.746891 0
0  0.532866 0.568786 -1.686452  0.332107 0.810751 -0.482067  0.158996 0.774969 0
0  0.440115 0.713023 -1.517149  0.332107 0.810750 -0.482068  0.164378 0.773566 0
crystal_ball_glass
0  0.767678 3.772680 -1.077588  0.719376 0.114319 -0.685149  0.635129 0.475828 0
0  0.984607 0.568786 -1.384608  0.719371 0.114388 -0.685142  0.943529 0.418513 0
0  0.760020 0.712068 -1.288985  0.719377 0.114311 -0.685150  0.918193 0.431213 0
crystal_ball_glass
0  0.800226 4.361275 -1.299955  0.727460 -0.439823 -0.526648  0.542513 0.543459 0
0  1.000001 3.766343 -0.527183  0.727461 -0.439828 -0.526641  0.629655 0.522741 0
0  0.767678 3.772680 -1.077588  0.727459 -0.439822 -0.526650  0.594931 0.536201 0
crystal_ball_glass
0  0.000000 5.470138 -1.996089  0.151766 -0.478067 -0.865112  1.091069 1.442094 0
0  1.038986 4.384902 -1.214143  0.151754 -0.478054 -0.865121  1.278580 1.516844 0
0  0.800226 4.361275 -1.299955  0.151741 -0.478040 -0.865131  1.271713 1.537758 0
painted_wood_01
0  1.272847 1.852638 5.646378  0.978231 0.207381 0.007522  0.297403 0.539614 0
0  1.040689 3.081822 1.948165  0.978231 0.207383 0.007516  0.297403 0.539614 0
0  1.007624 3.293729 2.388378  0.978231 0.207381 0.007521  0.297403 0.539614 0
painted_wood_01
0  1.977765 -1.458318 7.880527  0.961297 0.263119 0.081710  0.297403 0.539614 0
0  1.334608 1.639535 5.471472  0.961296 0.263122 0.081708  0.297403 0.539614 0
0  1.272847 1.852638 5.646378  0.961297 0.263117 0.081711  0.297403 0.539614 0
painted_wood_01
0  0.856414 -4.619143 9.005753  0.901031 -0.175797 0.396533  0.297403 0.539614 0
0  2.043638 -1.586379 7.652559  0.901051 -0.175747 0.396510  0.297403 0.539614 0
0  1.977765 -1.458318 7.880527  0.901031 -0.175797 0.396533  0.297403 0.539614 0
painted_wood_01
0  0.812732 -5.064515 9.333725  0.970006 -0.241303 0.029362  0.297403 0.539614 0
0  0.823650 -5.073333 8.900395  0.970006 -0.241303 0.029351  0.297403 0.539614 0
0  0.856414 -4.619143 9.005753  0.970006 -0.241303 0.029346  0.297403 0.539614 0
painted_wood_01
0  1.007624 3.293729 2.388378  0.963657 0.262597 -0.049071  0.297403 0.539614 0
0  0.901403 3.668780 2.309439  0.963657 0.262596 -0.049071  0.297403 0.539614 0
0  0.937817 3.574015 2.561584  0.963657 0.262596 -0.049071  0.297403 0.539614 0
painted_wood_01
0  0.771739 4.292706 2.726336  0.845982 0.493380 0.202215  0.297403 0.539614 0
0  0.682034 2.936179 6.411346  0.845982 0.493379 0.202217  0.297403 0.539614 0
0  0.823280 2.745751 6.255489  0.845982 0.493379 0.202218  0.297403 0.539614 0
painted_wood_01
0  0.823280 2.745751 6.255489  0.811038 0.411003 0.416285  0.297403 0.539614 0
0  1.177081 -0.280943 8.554533  0.811038 0.411007 0.416282  0.297403 0.539614 0
0  1.356813 -0.395489 8.386103  0.811037 0.411011 0.416279  0.297403 0.539614 0
painted_wood_01
0  1.356813 -0.395489 8.386103  0.638926 0.064862 0.766529  0.297403 0.539614 0
0  0.000000 -3.767897 9.802369  0.638923 0.064855 0.766532  0.297403 0.539614 0
0  0.259706 -3.714955 9.609733  0.638927 0.064864 0.766528  0.297403 0.539614 0
painted_wood_01
0  0.259706 -3.714955 9.609733  0.613967 0.101927 0.782723  0.297403 0.539614 0
0  0.684365 -5.253276 9.476967  0.613966 0.101931 0.782724  0.297403 0.539614 0
0  0.812732 -5.064515 9.333725  0.613965 0.101932 0.782724  0.297403 0.539614 0
painted_wood_01
0  0.937817 3.574015 2.561584  0.958294 0.267088 -0.101672  0.297403 0.539614 0
0  0.657924 4.561394 2.517317  0.958291 0.267096 -0.101673  0.297403 0.539614 0
0  0.771739 4.292706 2.726336  0.958293 0.267091 -0.101673  0.297403 0.539614 0
c_invasion_wrangler_laser
0  5.542016 -6.421937 7.141289  0.645887 -0.613743 -0.454037  0.000000 0.000000 0
0  3.019983 -9.563709 7.800428  0.645889 -0.613740 -0.454038  0.000000 0.000000 0
0  3.229265 -9.085955 7.403142  0.645894 -0.613734 -0.454039  0.000000 0.000000 0
c_invasion_wrangler_laser
0  6.273186 -2.590704 6.028722  0.680070 -0.319379 -0.659926  0.000000 0.000000 0
0  5.930401 -6.289558 7.465569  0.680070 -0.319378 -0.659926  0.000000 0.000000 0
0  5.542016 -6.421937 7.141289  0.680070 -0.319379 -0.659926  0.000000 0.000000 0
c_invasion_wrangler_laser
0  6.536331 -0.013675 4.020900  0.611495 -0.527932 -0.589374  0.000000 0.000000 0
0  6.622528 -2.546875 6.379444  0.611494 -0.527931 -0.589375  0.000000 0.000000 0
0  6.273186 -2.590704 6.028722  0.611495 -0.527932 -0.589374  0.000000 0.000000 0
c_invasion_wrangler_laser
0  5.930401 -6.289558 7.465569  0.433609 -0.283549 0.855326  0.000000 0.000000 0
0  3.017567 -8.248178 8.292931  0.433607 -0.283550 0.855327  0.000000 0.000000 0
0  3.019983 -9.563709 7.800428  0.433611 -0.283548 0.855326  0.000000 0.000000 0
c_invasion_wrangler_laser
0  6.622528 -2.546875 6.379444  0.755328 0.037547 0.654270  0.000000 0.000000 0
0  5.373821 -5.406857 7.985157  0.755328 0.037547 0.654270  0.000000 0.000000 0
0  5.930401 -6.289558 7.465569  0.755328 0.037546 0.654270  0.000000 0.000000 0
c_invasion_wrangler_laser
0  6.878329 0.071715 4.271703  0.914013 0.176940 0.365066  0.000000 0.000000 0
0  6.192101 -1.820817 6.907058  0.914012 0.176937 0.365070  0.000000 0.000000 0
0  6.622528 -2.546875 6.379444  0.914013 0.176939 0.365066  0.000000 0.000000 0
c_invasion_wrangler_laser
0  1.272847 1.852638 5.646378  -0.448757 -0.377822 -0.809856  0.000000 0.000000 0
0  5.542016 -6.421937 7.141289  -0.448743 -0.377850 -0.809851  0.000000 0.000000 0
0  1.977765 -1.458318 7.880527  -0.448755 -0.377827 -0.809855  0.000000 0.000000 0
c_invasion_wrangler_laser
0  1.977765 -1.458318 7.880527  -0.370641 -0.002709 -0.928772  0.000000 0.000000 0
0  3.229265 -9.085955 7.403142  -0.370642 -0.002708 -0.928772  0.000000 0.000000 0
0  0.856414 -4.619143 9.005753  -0.370644 -0.002696 -0.928771  0.000000 0.000000 0
c_invasion_wrangler_laser
0  1.356813 -0.395489 8.386103  0.372112 0.386743 0.843778  0.000000 0.000000 0
0  6.192101 -1.820817 6.907058  0.372094 0.386748 0.843784  0.000000 0.000000 0
0  0.823280 2.745751 6.255489  0.372099 0.386747 0.843782  0.000000 0.000000 0
c_invasion_wrangler_laser
0  0.771739 4.292706 2.726336  0.477062 0.404518 -0.780242  0.000000 0.000000 0
0  6.878329 0.071715 4.271703  0.477057 0.404521 -0.780243  0.000000 0.000000 0
0  0.937817 3.574015 2.561584  0.477065 0.404516 -0.780241  0.000000 0.000000 0
gold_player
0  1.977765 -1.458318 7.880527  0.708607 0.040374 0.704448  0.297403 0.539614 0
0  1.356813 -0.395489 8.386103  0.708607 0.040371 0.704448  0.297403 0.539614 0
0  0.259706 -3.714955 9.609733  0.708607 0.040370 0.704448  0.297403 0.539614 0
gold_player
0  1.356813 -0.395489 8.386103  0.901904 0.347057 0.257137  0.297403 0.539614 0
0  1.272847 1.852638 5.646378  0.901905 0.347056 0.257139  0.297403 0.539614 0
0  0.823280 2.745751 6.255489  0.901905 0.347056 0.257139  0.297403 0.539614 0
gold_player
0  1.272847 1.852638 5.646378  0.949548 0.300958 0.088226  0.297403 0.539614 0
0  1.007624 3.293729 2.388378  0.949546 0.300965 0.088217  0.297403 0.539614 0
0  0.937817 3.574015 2.561584  0.949547 0.300962 0.088221  0.297403 0.539614 0
gold_player
0  0.000000 -5.283927 8.185042  -0.654580 -0.663425 0.362482  0.297403 0.539614 0
0  0.684365 -5.253276 9.476967  -0.654561 -0.663424 0.362517  0.297403 0.539614 0
0  0.000000 -3.767897 9.802369  -0.654571 -0.663424 0.362497  0.297403 0.539614 0
painted_wood_01
0  1.169129 8.371672 -0.027095  -0.445904 0.498688 0.743290  0.297403 0.539614 0
0  0.459152 5.377801 1.555579  -0.445906 0.498681 0.743293  0.297403 0.539614 0
0  0.756352 5.377801 1.663652  -0.445909 0.498668 0.743300  0.297403 0.539614 0
painted_wood_01
0  1.169129 8.371672 -0.027095  0.000000 1.000000 0.000000  0.297403 0.539614 0
0  0.396860 8.371672 -1.578389  0.000000 1.000000 0.000000  0.297403 0.539614 0
0  0.520693 8.371672 -0.486404  0.000000 1.000000 0.000000  0.297403 0.539614 0
black
0  1.169129 8.371672 -0.027095  -0.530231 0.811963 0.244073  0.261898 1.451806 0
0  0.678174 8.795123 -2.502386  -0.530232 0.811963 0.244070  0.299796 2.168157 0
0  0.396860 8.371672 -1.578389  -0.530231 0.811963 0.244070  0.277310 1.976437 0
painted_wood_01
0  0.000000 9.436178 -2.502386  0.603890 0.638857 0.476634  0.297403 0.539614 0
0  0.396860 8.371672 -1.578389  0.603890 0.638857 0.476634  0.297403 0.539614 0
0  0.678174 8.795123 -2.502386  0.603890 0.638857 0.476634  0.297403 0.539614 0
gold_player
0  0.000000 -1.380653 9.120767  0.197148 0.273699 0.941393  -2.318932 1.157930 0
0  1.177081 -0.280943 8.554533  0.197148 0.273699 0.941393  -1.550858 0.833152 0
0  0.155197 0.390280 8.560888  0.197148 0.273699 0.941393  -1.942630 1.055233 0
gold_player
0  1.177081 -0.280943 8.554533  0.536167 0.476996 0.696420  -2.572938 3.262876 0
0  0.290288 3.298390 6.785602  0.536163 0.477012 0.696412  -2.244781 2.936060 0
0  0.155197 0.390280 8.560888  0.536161 0.477019 0.696408  -2.789586 3.540010 0
gold_player
0  0.682034 2.936179 6.411346  0.884835 0.420490 0.200640  -1.288543 6.314774 0
0  0.515440 4.916241 2.996548  0.884835 0.420485 0.200647  -1.201705 5.043467 0
0  0.290288 3.298390 6.785602  0.884834 0.420494 0.200632  -1.209175 6.172547 0
gold_player
0  0.657924 4.561394 2.517317  0.746507 0.575383 0.334157  -0.202506 3.773928 0
0  0.459152 5.377801 1.555579  0.746513 0.575360 0.334184  -0.117428 2.889515 0
0  0.515440 4.916241 2.996548  0.746512 0.575364 0.334179  -0.243905 3.955646 0
c_invasion_wrangler_laser
0  0.520693 8.371672 -0.486404  0.999233 -0.000058 0.039153  0.000000 0.000000 0
0  0.459152 21.661304 1.103944  0.999233 -0.000057 0.039153  0.000000 0.000000 0
0  0.459152 5.377801 1.555579  0.999233 -0.000058 0.039153  0.000000 0.000000 0
c_invasion_wrangler_laser
0  0.290288 3.298390 6.785602  0.995640 0.019640 0.091184  0.000000 0.000000 0
0  0.155197 4.142133 8.078921  0.995640 0.019641 0.091185  0.000000 0.000000 0
0  0.155197 0.390280 8.560888  0.995640 0.019641 0.091185  0.000000 0.000000 0
c_invasion_wrangler_laser
0  0.459152 5.377801 1.555579  0.999223 -0.001104 -0.039386  0.000000 0.000000 0
0  0.515440 13.540890 2.754792  0.999223 -0.001104 -0.039386  0.000000 0.000000 0
0  0.515440 4.916241 2.996548  0.999223 -0.001104 -0.039386  0.000000 0.000000 0
c_invasion_wrangler_laser
0  0.396860 8.371672 -1.578389  0.993621 0.004650 -0.112678  0.000000 0.000000 0
0  0.520693 20.385536 0.009419  0.993621 0.004650 -0.112678  0.000000 0.000000 0
0  0.520693 8.371672 -0.486404  0.993621 0.004650 -0.112678  0.000000 0.000000 0
c_invasion_wrangler_laser
0  0.155197 0.390280 8.560888  0.965438 0.021855 0.259713  0.000000 0.000000 0
0  0.000000 2.057932 8.997468  0.965438 0.021857 0.259713  0.000000 0.000000 0
0  0.000000 -1.380653 9.120767  0.965439 0.021854 0.259713  0.000000 0.000000 0
c_invasion_wrangler_laser
0  0.515440 4.916241 2.996548  0.996852 0.009112 0.078757  0.000000 0.000000 0
0  0.290288 7.542612 5.542544  0.996852 0.009112 0.078756  0.000000 0.000000 0
0  0.290288 3.298390 6.785602  0.996852 0.009112 0.078757  0.000000 0.000000 0
c_invasion_wrangler_laser
0  0.396860 8.371672 -1.578389  0.921932 0.016729 -0.386992  0.000000 0.000000 0
0  0.000000 21.543350 -1.954461  0.921932 0.016728 -0.386992  0.000000 0.000000 0
0  0.396860 20.436710 -1.081366  0.921932 0.016728 -0.386992  0.000000 0.000000 0
c_invasion_wrangler_laser
0  0.396860 20.436710 -1.081366  0.890672 0.014601 -0.454412  0.000000 0.000000 0
0  0.000000 28.308796 -1.606148  0.890672 0.014600 -0.454412  0.000000 0.000000 0
0  0.396860 27.036182 -1.000001  0.890672 0.014603 -0.454412  0.000000 0.000000 0
c_invasion_wrangler_laser
0  0.396860 20.436710 -1.081366  0.993412 0.001093 -0.114595  0.000000 0.000000 0
0  0.520693 26.744560 0.052322  0.993412 0.001094 -0.114595  0.000000 0.000000 0
0  0.520693 20.385536 0.009419  0.993412 0.001093 -0.114595  0.000000 0.000000 0
c_invasion_wrangler_laser
0  0.520693 20.385536 0.009419  0.998665 -0.001421 0.051628  0.000000 0.000000 0
0  0.459152 27.746052 1.402352  0.998665 -0.001421 0.051628  0.000000 0.000000 0
0  0.459152 21.661304 1.103944  0.998665 -0.001421 0.051628  0.000000 0.000000 0
c_invasion_wrangler_laser
0  0.290288 7.542612 5.542544  0.987507 0.077653 0.137116  0.000000 0.000000 0
0  0.000000 6.523435 8.210360  0.987507 0.077653 0.137117  0.000000 0.000000 0
0  0.155197 4.142133 8.078921  0.987506 0.077652 0.137119  0.000000 0.000000 0
c_invasion_wrangler_laser
0  0.515440 13.540890 2.754792  0.739801 0.138962 0.658319  0.000000 0.000000 0
0  0.459152 21.661304 1.103944  0.739801 0.138962 0.658319  0.000000 0.000000 0
0  0.000000 16.150043 2.783275  0.739801 0.138962 0.658319  0.000000 0.000000 0
c_invasion_wrangler_laser
0  0.155197 4.142133 8.078921  0.976207 0.037648 0.213546  0.000000 0.000000 0
0  0.000000 4.727814 8.685138  0.976207 0.037648 0.213546  0.000000 0.000000 0
0  0.000000 2.057932 8.997468  0.976207 0.037648 0.213546  0.000000 0.000000 0
c_invasion_wrangler_laser
0  0.515440 13.540890 2.754792  0.944827 0.128444 0.301337  0.000000 0.000000 0
0  0.000000 9.986961 5.885887  0.944828 0.128450 0.301332  0.000000 0.000000 0
0  0.290288 7.542612 5.542544  0.944828 0.128451 0.301331  0.000000 0.000000 0
c_invasion_wrangler_laser
0  0.459152 27.746052 1.402352  0.973309 -0.011242 0.229223  0.000000 0.000000 0
0  0.000000 16.150043 2.783275  0.973309 -0.011242 0.229223  0.000000 0.000000 0
0  0.459152 21.661304 1.103944  0.973309 -0.011242 0.229223  0.000000 0.000000 0
c_invasion_wrangler_laser
0  0.396860 27.036182 -1.000001  0.809539 0.014091 -0.586897  0.000000 0.000000 0
0  0.000000 42.108261 -1.185313  0.809539 0.014091 -0.586897  0.000000 0.000000 0
0  0.380179 41.238598 -0.771088  0.809539 0.014091 -0.586897  0.000000 0.000000 0
c_invasion_wrangler_laser
0  0.396860 27.036182 -1.000001  0.993240 0.003037 -0.116039  0.000000 0.000000 0
0  0.464803 41.039307 -0.051958  0.993240 0.003037 -0.116039  0.000000 0.000000 0
0  0.520693 26.744560 0.052322  0.993240 0.003037 -0.116039  0.000000 0.000000 0
c_invasion_wrangler_laser
0  0.520693 26.744560 0.052322  0.999091 0.004216 0.042416  0.000000 0.000000 0
0  0.422748 41.723705 0.870616  0.999091 0.004216 0.042416  0.000000 0.000000 0
0  0.459152 27.746052 1.402352  0.999091 0.004216 0.042416  0.000000 0.000000 0
c_invasion_wrangler_laser
0  0.380179 41.238598 -0.771088  0.680406 0.030533 -0.732199  0.000000 0.000000 0
0  0.000000 50.533009 -0.736591  0.680404 0.030565 -0.732199  0.000000 0.000000 0
0  0.348789 50.094963 -0.527948  0.680406 0.030534 -0.732199  0.000000 0.000000 0
c_invasion_wrangler_laser
0  0.380179 41.238598 -0.771088  0.993338 0.006679 -0.115041  0.000000 0.000000 0
0  0.391415 49.994579 -0.165725  0.993338 0.006679 -0.115041  0.000000 0.000000 0
0  0.464803 41.039307 -0.051958  0.993338 0.006679 -0.115041  0.000000 0.000000 0
c_invasion_wrangler_laser
0  0.464803 41.039307 -0.051958  0.999197 0.008685 0.039105  0.000000 0.000000 0
0  0.370231 50.339314 0.298973  0.999197 0.008685 0.039105  0.000000 0.000000 0
0  0.422748 41.723705 0.870616  0.999197 0.008685 0.039105  0.000000 0.000000 0
c_invasion_wrangler_laser
0  0.348789 50.094963 -0.527948  0.513372 0.000132 -0.858166  0.000000 0.000000 0
0  0.000000 52.329723 -0.736259  0.513372 0.000132 -0.858166  0.000000 0.000000 0
0  0.348789 52.264519 -0.527615  0.513372 0.000132 -0.858166  0.000000 0.000000 0
c_invasion_wrangler_laser
0  0.348789 50.094963 -0.527948  0.993148 0.000018 -0.116866  0.000000 0.000000 0
0  0.391415 52.164143 -0.165392  0.993148 0.000018 -0.116866  0.000000 0.000000 0
0  0.391415 49.994579 -0.165725  0.993148 0.000018 -0.116866  0.000000 0.000000 0
c_invasion_wrangler_laser
0  0.391415 49.994579 -0.165725  0.998962 -0.000008 0.045544  0.000000 0.000000 0
0  0.370231 52.136021 0.299305  0.998962 -0.000008 0.045544  0.000000 0.000000 0
0  0.370231 50.339314 0.298973  0.998962 -0.000008 0.045544  0.000000 0.000000 0
c_invasion_wrangler_laser
0  0.370231 52.136021 0.299305  0.673931 -0.000137 0.738794  0.000000 0.000000 0
0  0.000000 50.339314 0.636700  0.673931 -0.000137 0.738794  0.000000 0.000000 0
0  0.370231 50.339314 0.298973  0.673931 -0.000137 0.738794  0.000000 0.000000 0
c_invasion_wrangler_laser
0  0.370231 50.339314 0.298973  0.647555 0.052411 0.760214  0.000000 0.000000 0
0  0.000000 41.723705 1.208344  0.647555 0.052414 0.760214  0.000000 0.000000 0
0  0.422748 41.723705 0.870616  0.647555 0.052413 0.760214  0.000000 0.000000 0
c_invasion_wrangler_laser
0  0.422748 41.723705 0.870616  0.607774 0.030979 0.793506  0.000000 0.000000 0
0  0.000000 27.746052 1.740080  0.607774 0.030979 0.793506  0.000000 0.000000 0
0  0.459152 27.746052 1.402352  0.607774 0.030977 0.793506  0.000000 0.000000 0
c_invasion_wrangler_laser
0  0.000000 16.150043 2.783275  0.590973 0.072279 0.803447  0.000000 0.000000 0
0  0.459152 27.746052 1.402352  0.590973 0.072279 0.803447  0.000000 0.000000 0
0  0.000000 27.746052 1.740080  0.590973 0.072279 0.803447  0.000000 0.000000 0
c_invasion_wrangler_laser
0  0.348789 52.264519 -0.527615  0.959261 0.280883 -0.030365  0.000000 0.000000 0
0  0.000000 54.690800 0.079191  0.960912 0.276271 -0.017951  0.000000 0.000000 0
0  0.391415 52.164143 -0.165392  0.962943 0.269663 -0.004753  0.000000 0.000000 0
c_invasion_wrangler_laser
0  0.348789 52.264519 -0.527615  0.447022 0.529231 -0.721170  0.000000 0.000000 0
0  0.000000 52.329723 -0.736259  0.525384 0.003350 -0.850859  0.000000 0.000000 0
0  0.000000 54.690800 0.079191  0.730912 0.305417 -0.610318  0.000000 0.000000 0
c_invasion_wrangler_laser
0  0.391415 52.164143 -0.165392  0.955152 0.289213 -0.063565  0.000000 0.000000 0
0  0.000000 54.690800 0.079191  0.954228 0.293384 -0.058085  0.000000 0.000000 0
0  0.370231 52.136021 0.299305  0.947422 0.319926 -0.006203  0.000000 0.000000 0
c_invasion_wrangler_laser
0  0.370231 52.136021 0.299305  0.814846 -0.354257 0.458834  0.000000 0.000000 0
0  0.000000 54.690800 0.079191  0.802020 -0.364919 0.472861  0.000000 0.000000 0
0  0.000000 52.136021 0.637033  0.854683 -0.313754 0.413612  0.000000 0.000000 0
gold_player
0  0.515440 4.916241 2.996548  0.000000 0.952338 0.305045  -0.162157 1.075044 0
0  0.000000 5.377801 1.555579  0.000000 0.952338 0.305045  -0.094279 0.862185 0
0  0.000000 4.916241 2.996548  0.000000 0.952338 0.305045  -0.185555 1.336424 0
gold_player
0  0.520693 8.371672 -0.486404  0.000000 1.000000 0.000000  0.342821 3.549130 0
0  0.000000 8.371672 -1.578389  0.000000 1.000000 0.000000  0.372253 3.975915 0
0  0.000000 8.371672 -0.486404  0.000000 1.000000 0.000000  0.302979 3.316629 0
gold_player
0  0.290288 3.298390 6.785602  0.000000 0.919674 0.392683  -0.111762 0.360373 0
0  0.000000 4.916241 2.996548  0.000000 0.919674 0.392683  -0.159278 0.699010 0
0  0.000000 3.298390 6.785602  0.000000 0.919674 0.392683  -0.146062 0.517726 0
gold_player
0  0.459152 5.377801 1.555579  0.000000 0.563470 0.826136  -0.213931 0.469214 0
0  0.000000 8.371672 -0.486404  0.000000 0.563470 0.826136  -0.258939 0.445983 0
0  0.000000 5.377801 1.555579  0.000000 0.563470 0.826136  -0.205329 0.471717 0
gold_player
0  0.155197 0.390280 8.560888  0.000000 0.521046 0.853529  -0.427110 0.526237 0
0  0.000000 3.298390 6.785602  0.000000 0.521046 0.853529  -0.474811 0.589039 0
0  0.000000 0.390280 8.560888  0.000000 0.521046 0.853529  -0.475515 0.590483 0
gold_player
0  0.000000 -1.380653 9.120767  0.000000 0.301443 0.953484  -0.570454 0.532804 0
0  0.155197 0.390280 8.560888  0.000000 0.301443 0.953484  -0.495715 0.462998 0
0  0.000000 0.390280 8.560888  0.000000 0.301443 0.953484  -0.546589 0.510514 0
gold_player
0  0.000000 9.436178 -2.502386  0.000000 0.655507 0.755189  0.000000 0.000000 0
0  0.000000 8.371672 -1.578389  0.000000 0.655507 0.755189  0.000000 0.000000 0
0  0.396860 8.371672 -1.578389  0.000000 0.655507 0.755189  0.000000 0.000000 0
gold_player
0  1.000001 3.766343 -0.527183  0.000000 0.143198 -0.989694  0.625000 0.491805 0
0  0.000000 0.498517 -1.000003  0.000000 0.143198 -0.989694  0.625000 0.616805 0
0  0.000000 3.766343 -0.527183  0.000000 0.143198 -0.989694  0.625000 0.616805 0
gold_player
0  1.000001 0.498517 -1.000003  -0.999225 -0.005638 0.038965  -1.550410 1.128024 0
0  1.000001 3.766343 -0.527183  -0.999225 -0.005638 0.038965  -1.393690 1.082781 0
0  0.984607 0.568786 -1.384608  -0.999225 -0.005638 0.038965  -1.678093 1.164884 0
gold_player
0  1.000001 0.498517 -1.000003  -0.022333 0.993846 0.108494  0.000000 0.000000 0
0  0.984607 0.568786 -1.384608  -0.022330 0.993846 0.108499  0.000000 0.000000 0
0  0.532866 0.568786 -1.686452  -0.022321 0.993845 0.108509  0.000000 0.000000 0
gold_player
0  0.000000 3.766343 -0.527183  -0.336168 -0.324224 -0.884234  0.625000 0.623018 0
0  1.018852 4.370886 -1.136173  -0.336167 -0.324223 -0.884235  0.625000 0.489449 0
0  1.000001 3.766343 -0.527183  -0.336144 -0.324210 -0.884248  0.625000 0.498068 0
gold_player
0  1.018852 4.370886 -1.136173  -0.923187 -0.258103 -0.284794  -0.162980 0.687700 0
0  1.038986 4.384902 -1.214143  -0.923187 -0.258103 -0.284794  -0.172754 0.690137 0
0  1.000001 3.766343 -0.527183  -0.923187 -0.258103 -0.284794  -0.090587 0.668304 0
gold_player
0  1.018852 4.370886 -1.136173  -0.853974 -0.520279 0.006200  0.000000 0.000000 0
0  0.000000 6.028502 -2.361655  -0.853956 -0.520308 0.006221  0.000000 0.000000 0
0  1.038986 4.384902 -1.214143  -0.853961 -0.520300 0.006216  0.000000 0.000000 0
black
0  1.286450 -1.411829 0.732862  0.625361 0.223037 0.747782  0.185501 1.102956 0
0  1.564457 0.265760 -0.000003  0.625362 0.223040 0.747781  0.186661 0.465405 0
0  1.197502 1.446441 0.000000  0.625362 0.223040 0.747781  0.187214 0.105162 0
painted_wood_01
0  1.286450 0.568785 0.732862  0.992715 0.000000 -0.120487  0.297403 0.539614 0
0  1.286450 -1.411829 0.732862  0.992715 0.000000 -0.120487  0.297403 0.539614 0
0  1.197502 1.446441 0.000000  0.992715 0.000000 -0.120487  0.297403 0.539614 0
painted_wood_01
0  1.286451 0.568786 -0.732867  0.992715 0.000000 0.120487  0.297403 0.539614 0
0  1.197502 1.446441 0.000000  0.992715 0.000000 0.120487  0.297403 0.539614 0
0  1.286451 -1.411828 -0.732868  0.992715 0.000000 0.120487  0.297403 0.539614 0
black
0  1.197502 1.446441 0.000000  0.625336 0.223053 -0.747798  0.462829 0.097999 0
0  1.474680 -1.411828 -0.620743  0.625338 0.223035 -0.747802  0.012373 1.089644 0
0  1.286451 -1.411828 -0.732868  0.625337 0.223045 -0.747800  0.003212 1.102958 0
black
0  1.286451 -1.411828 -0.732868  0.625356 -0.223039 -0.747786  0.003212 1.102958 0
0  1.564457 -3.089417 -0.000004  0.625356 -0.223043 -0.747784  2.398772 3.693237 0
0  1.197502 -4.270097 0.000000  0.625356 -0.223042 -0.747784  3.542027 4.985398 0
black
0  1.197502 -4.270097 0.000000  0.625337 -0.223052 0.747798  -0.297198 0.396625 0
0  1.474680 -1.411829 0.620737  0.625339 -0.223034 0.747802  0.175357 1.093648 0
0  1.286450 -1.411829 0.732862  0.625338 -0.223043 0.747800  0.185501 1.102956 0
gold_player
0  1.474680 -1.411829 0.620737  1.000000 -0.000013 -0.000003  0.185571 1.081211 0
0  1.474680 -1.411828 -0.620743  1.000000 -0.000013 0.000001  0.012373 1.089644 0
0  1.564457 0.265760 -0.000003  1.000000 -0.000013 -0.000003  0.186661 0.465405 0
c_invasion_wrangler_laser
0  0.000000 -11.814528 -1.608810  -0.257657 -0.046051 -0.965138  0.000000 0.000000 0
0  -0.245000 -11.212784 -1.572115  -0.257657 -0.046051 -0.965138  0.000000 0.000000 0
0  0.000000 -11.209471 -1.637680  -0.257657 -0.046051 -0.965138  0.000000 0.000000 0
c_invasion_wrangler_laser
0  -0.245000 -11.804987 -1.543859  -0.705396 -0.033782 -0.708008  0.000000 0.000000 0
0  -0.424353 -11.221837 -1.392992  -0.705396 -0.033782 -0.708008  0.000000 0.000000 0
0  -0.245000 -11.212784 -1.572115  -0.705396 -0.033782 -0.708008  0.000000 0.000000 0
c_invasion_wrangler_laser
0  -0.424353 -11.778921 -1.366411  -0.965612 -0.012391 -0.259692  0.000000 0.000000 0
0  -0.490000 -11.234204 -1.148304  -0.965612 -0.012391 -0.259692  0.000000 0.000000 0
0  -0.424353 -11.221837 -1.392992  -0.965612 -0.012391 -0.259692  0.000000 0.000000 0
c_invasion_wrangler_laser
0  -0.490000 -11.743314 -1.124012  -0.965612 0.012391 0.259692  0.000000 0.000000 0
0  -0.424353 -11.246570 -0.903616  -0.965612 0.012391 0.259692  0.000000 0.000000 0
0  -0.490000 -11.234204 -1.148304  -0.965612 0.012391 0.259692  0.000000 0.000000 0
c_invasion_wrangler_laser
0  -0.424353 -11.707705 -0.881614  -0.705398 0.033781 0.708006  0.000000 0.000000 0
0  -0.245000 -11.255623 -0.724493  -0.705398 0.033781 0.708006  0.000000 0.000000 0
0  -0.424353 -11.246570 -0.903616  -0.705398 0.033781 0.708006  0.000000 0.000000 0
c_invasion_wrangler_laser
0  -0.245000 -11.681640 -0.704166  -0.257656 0.046050 0.965139  0.000000 0.000000 0
0  0.000000 -11.258936 -0.658929  -0.257656 0.046050 0.965139  0.000000 0.000000 0
0  -0.245000 -11.255623 -0.724493  -0.257656 0.046050 0.965139  0.000000 0.000000 0
c_invasion_wrangler_laser
0  0.000000 -11.209471 -1.637680  -0.257654 0.143124 -0.955578  0.000000 0.000000 0
0  -0.245000 -10.626449 -1.484296  -0.257654 0.143124 -0.955578  0.000000 0.000000 0
0  0.000000 -10.610408 -1.547954  -0.257654 0.143124 -0.955578  0.000000 0.000000 0
c_invasion_wrangler_laser
0  -0.245000 -11.212784 -1.572115  -0.705399 0.104992 -0.700991  0.000000 0.000000 0
0  -0.424353 -10.670273 -1.310380  -0.705399 0.104992 -0.700991  0.000000 0.000000 0
0  -0.245000 -10.626449 -1.484296  -0.705399 0.104992 -0.700991  0.000000 0.000000 0
c_invasion_wrangler_laser
0  -0.424353 -11.221837 -1.392992  -0.965612 0.038510 -0.257119  0.000000 0.000000 0
0  -0.490000 -10.730138 -1.072807  -0.965612 0.038510 -0.257119  0.000000 0.000000 0
0  -0.424353 -10.670273 -1.310380  -0.965612 0.038510 -0.257119  0.000000 0.000000 0
c_invasion_wrangler_laser
0  -0.490000 -11.234204 -1.148304  -0.965612 -0.038510 0.257119  0.000000 0.000000 0
0  -0.424353 -10.790002 -0.835233  -0.965612 -0.038510 0.257119  0.000000 0.000000 0
0  -0.490000 -10.730138 -1.072807  -0.965612 -0.038510 0.257119  0.000000 0.000000 0
c_invasion_wrangler_laser
0  -0.424353 -11.246570 -0.903616  -0.705399 -0.104992 0.700991  0.000000 0.000000 0
0  -0.245000 -10.833827 -0.661317  -0.705399 -0.104992 0.700991  0.000000 0.000000 0
0  -0.424353 -10.790002 -0.835233  -0.705399 -0.104992 0.700991  0.000000 0.000000 0
c_invasion_wrangler_laser
0  -0.245000 -11.255623 -0.724493  -0.257655 -0.143123 0.955578  0.000000 0.000000 0
0  0.000000 -10.849867 -0.597660  -0.257655 -0.143123 0.955578  0.000000 0.000000 0
0  -0.245000 -10.833827 -0.661317  -0.257655 -0.143123 0.955578  0.000000 0.000000 0
c_invasion_wrangler_laser
0  0.000000 -10.610408 -1.547954  -0.257654 0.326796 -0.909296  0.000000 0.000000 0
0  -0.245000 -10.068509 -1.283776  -0.257654 0.326796 -0.909296  0.000000 0.000000 0
0  0.000000 -10.040359 -1.343081  -0.257654 0.326796 -0.909296  0.000000 0.000000 0
c_invasion_wrangler_laser
0  -0.245000 -10.626449 -1.484296  -0.705402 0.239731 -0.667036  0.000000 0.000000 0
0  -0.424353 -10.145422 -1.121750  -0.705402 0.239731 -0.667036  0.000000 0.000000 0
0  -0.245000 -10.068509 -1.283776  -0.705402 0.239731 -0.667036  0.000000 0.000000 0
c_invasion_wrangler_laser
0  -0.424353 -10.670273 -1.310380  -0.965612 0.087932 -0.244666  0.000000 0.000000 0
0  -0.490000 -10.250484 -0.900422  -0.965612 0.087932 -0.244666  0.000000 0.000000 0
0  -0.424353 -10.145422 -1.121750  -0.965612 0.087932 -0.244666  0.000000 0.000000 0
c_invasion_wrangler_laser
0  -0.490000 -10.730138 -1.072807  -0.965612 -0.087932 0.244665  0.000000 0.000000 0
0  -0.424353 -10.355548 -0.679092  -0.965612 -0.087932 0.244665  0.000000 0.000000 0
0  -0.490000 -10.250484 -0.900422  -0.965612 -0.087932 0.244665  0.000000 0.000000 0
c_invasion_wrangler_laser
0  -0.424353 -10.790002 -0.835233  -0.705399 -0.239732 0.667038  0.000000 0.000000 0
0  -0.245000 -10.432460 -0.517067  -0.705399 -0.239732 0.667038  0.000000 0.000000 0
0  -0.424353 -10.355548 -0.679092  -0.705399 -0.239732 0.667038  0.000000 0.000000 0
c_invasion_wrangler_laser
0  -0.245000 -10.833827 -0.661317  -0.257656 -0.326798 0.909294  0.000000 0.000000 0
0  0.000000 -10.460611 -0.457762  -0.257656 -0.326798 0.909294  0.000000 0.000000 0
0  -0.245000 -10.432460 -0.517067  -0.257656 -0.326798 0.909294  0.000000 0.000000 0
c_invasion_wrangler_laser
0  0.000000 -10.040359 -1.343081  -0.257658 0.497913 -0.828067  0.000000 0.000000 0
0  -0.245000 -9.560412 -0.978259  -0.257658 0.497913 -0.828067  0.000000 0.000000 0
0  0.000000 -9.521232 -1.030933  -0.257658 0.497913 -0.828067  0.000000 0.000000 0
c_invasion_wrangler_laser
0  -0.245000 -10.068509 -1.283776  -0.705397 0.365259 -0.607454  0.000000 0.000000 0
0  -0.424353 -9.667456 -0.834353  -0.705397 0.365259 -0.607454  0.000000 0.000000 0
0  -0.245000 -9.560412 -0.978259  -0.705397 0.365259 -0.607454  0.000000 0.000000 0
c_invasion_wrangler_laser
0  -0.424353 -10.145422 -1.121750  -0.965612 0.133974 -0.222810  0.000000 0.000000 0
0  -0.490000 -9.813680 -0.637773  -0.965612 0.133974 -0.222810  0.000000 0.000000 0
0  -0.424353 -9.667456 -0.834353  -0.965612 0.133974 -0.222810  0.000000 0.000000 0
c_invasion_wrangler_laser
0  -0.490000 -10.250484 -0.900422  -0.965612 -0.133975 0.222810  0.000000 0.000000 0
0  -0.424353 -9.959903 -0.441193  -0.965612 -0.133975 0.222810  0.000000 0.000000 0
0  -0.490000 -9.813680 -0.637773  -0.965612 -0.133975 0.222810  0.000000 0.000000 0
c_invasion_wrangler_laser
0  -0.424353 -10.355548 -0.679092  -0.705399 -0.365258 0.607453  0.000000 0.000000 0
0  -0.245000 -10.066946 -0.297286  -0.705399 -0.365258 0.607453  0.000000 0.000000 0
0  -0.424353 -9.959903 -0.441193  -0.705399 -0.365258 0.607453  0.000000 0.000000 0
c_invasion_wrangler_laser
0  -0.245000 -10.432460 -0.517067  -0.257657 -0.497914 0.828067  0.000000 0.000000 0
0  0.000000 -10.106127 -0.244613  -0.257657 -0.497914 0.828067  0.000000 0.000000 0
0  -0.245000 -10.066946 -0.297286  -0.257657 -0.497914 0.828067  0.000000 0.000000 0
c_invasion_wrangler_laser
0  0.000000 -9.521232 -1.030933  -0.257657 0.649894 -0.715018  0.000000 0.000000 0
0  -0.245000 -9.121682 -0.579489  -0.257657 0.649894 -0.715018  0.000000 0.000000 0
0  0.000000 -9.072978 -0.623506  -0.257657 0.649894 -0.715018  0.000000 0.000000 0
c_invasion_wrangler_laser
0  -0.245000 -9.560412 -0.978259  -0.705398 0.476750 -0.524522  0.000000 0.000000 0
0  -0.424353 -9.254743 -0.459230  -0.705398 0.476750 -0.524522  0.000000 0.000000 0
0  -0.245000 -9.121682 -0.579489  -0.705398 0.476750 -0.524522  0.000000 0.000000 0
c_invasion_wrangler_laser
0  -0.424353 -9.667456 -0.834353  -0.965612 0.174868 -0.192391  0.000000 0.000000 0
0  -0.490000 -9.436508 -0.294955  -0.965612 0.174868 -0.192391  0.000000 0.000000 0
0  -0.424353 -9.254743 -0.459230  -0.965612 0.174868 -0.192391  0.000000 0.000000 0
c_invasion_wrangler_laser
0  -0.490000 -9.813680 -0.637773  -0.965612 -0.174868 0.192391  0.000000 0.000000 0
0  -0.424353 -9.618273 -0.130678  -0.965612 -0.174868 0.192391  0.000000 0.000000 0
0  -0.490000 -9.436508 -0.294955  -0.965612 -0.174868 0.192391  0.000000 0.000000 0
c_invasion_wrangler_laser
0  -0.424353 -9.959903 -0.441193  -0.705397 -0.476750 0.524523  0.000000 0.000000 0
0  -0.245000 -9.751333 -0.010420  -0.705397 -0.476750 0.524523  0.000000 0.000000 0
0  -0.424353 -9.618273 -0.130678  -0.705397 -0.476750 0.524523  0.000000 0.000000 0
c_invasion_wrangler_laser
0  -0.245000 -10.066946 -0.297286  -0.257657 -0.649892 0.715020  0.000000 0.000000 0
0  0.000000 -9.800037 0.033597  -0.257657 -0.649892 0.715020  0.000000 0.000000 0
0  -0.245000 -9.751333 -0.010420  -0.257657 -0.649892 0.715020  0.000000 0.000000 0
c_invasion_wrangler_laser
0  0.000000 -9.072978 -0.623506  -0.257660 0.776899 -0.574490  0.000000 0.000000 0
0  -0.245000 -8.769178 -0.102789  -0.257660 0.776899 -0.574490  0.000000 0.000000 0
0  0.000000 -8.712822 -0.136459  -0.257660 0.776899 -0.574490  0.000000 0.000000 0
c_invasion_wrangler_laser
0  -0.245000 -9.121682 -0.579489  -0.705397 0.569918 -0.421436  0.000000 0.000000 0
0  -0.424353 -8.923143 -0.010800  -0.705397 0.569918 -0.421436  0.000000 0.000000 0
0  -0.245000 -8.769178 -0.102789  -0.705397 0.569918 -0.421436  0.000000 0.000000 0
c_invasion_wrangler_laser
0  -0.424353 -9.254743 -0.459230  -0.965612 0.209041 -0.154578  0.000000 0.000000 0
0  -0.490000 -9.133465 0.114859  -0.965612 0.209041 -0.154578  0.000000 0.000000 0
0  -0.424353 -8.923143 -0.010800  -0.965612 0.209041 -0.154578  0.000000 0.000000 0
c_invasion_wrangler_laser
0  -0.490000 -9.436508 -0.294955  -0.965612 -0.209043 0.154580  0.000000 0.000000 0
0  -0.424352 -9.343784 0.240517  -0.965612 -0.209043 0.154580  0.000000 0.000000 0
0  -0.490000 -9.133465 0.114859  -0.965612 -0.209043 0.154580  0.000000 0.000000 0
c_invasion_wrangler_laser
0  -0.424353 -9.618273 -0.130678  -0.705397 -0.569917 0.421438  0.000000 0.000000 0
0  -0.245000 -9.497749 0.332506  -0.705397 -0.569917 0.421438  0.000000 0.000000 0
0  -0.424352 -9.343784 0.240517  -0.705397 -0.569917 0.421438  0.000000 0.000000 0
c_invasion_wrangler_laser
0  -0.245000 -9.751333 -0.010420  -0.257659 -0.776897 0.574493  0.000000 0.000000 0
0  0.000000 -9.554106 0.366176  -0.257659 -0.776897 0.574493  0.000000 0.000000 0
0  -0.245000 -9.497749 0.332506  -0.257659 -0.776897 0.574493  0.000000 0.000000 0
c_invasion_wrangler_laser
0  0.000000 -8.712822 -0.136459  -0.257655 0.874050 -0.411886  0.000000 0.000000 0
0  -0.245000 -8.516446 0.433522  -0.257655 0.874050 -0.411886  0.000000 0.000000 0
0  0.000000 -8.454605 0.411493  -0.257655 0.874050 -0.411886  0.000000 0.000000 0
c_invasion_wrangler_laser
0  -0.245000 -8.769178 -0.102789  -0.705396 0.641186 -0.302154  0.000000 0.000000 0
0  -0.424352 -8.685398 0.493706  -0.705396 0.641186 -0.302154  0.000000 0.000000 0
0  -0.245000 -8.516446 0.433522  -0.705396 0.641186 -0.302154  0.000000 0.000000 0
c_invasion_wrangler_laser
0  -0.424353 -8.923143 -0.010800  -0.965613 0.235181 -0.110826  0.000000 0.000000 0
0  -0.490000 -8.916194 0.575919  -0.965613 0.235181 -0.110826  0.000000 0.000000 0
0  -0.424352 -8.685398 0.493706  -0.965613 0.235181 -0.110826  0.000000 0.000000 0
c_invasion_wrangler_laser
0  -0.490000 -9.133465 0.114859  -0.965612 -0.235182 0.110827  0.000000 0.000000 0
0  -0.424352 -9.146988 0.658132  -0.965612 -0.235182 0.110827  0.000000 0.000000 0
0  -0.490000 -8.916194 0.575919  -0.965612 -0.235182 0.110827  0.000000 0.000000 0
c_invasion_wrangler_laser
0  -0.424352 -9.343784 0.240517  -0.705398 -0.641185 0.302152  0.000000 0.000000 0
0  -0.245000 -9.315941 0.718316  -0.705398 -0.641185 0.302152  0.000000 0.000000 0
0  -0.424352 -9.146988 0.658132  -0.705398 -0.641185 0.302152  0.000000 0.000000 0
c_invasion_wrangler_laser
0  -0.245000 -9.497749 0.332506  -0.257655 -0.874050 0.411888  0.000000 0.000000 0
0  0.000000 -9.377782 0.740344  -0.257655 -0.874050 0.411888  0.000000 0.000000 0
0  -0.245000 -9.315941 0.718316  -0.257655 -0.874050 0.411888  0.000000 0.000000 0
c_invasion_wrangler_laser
0  0.000000 -8.454605 0.411493  -0.257657 0.937609 -0.233455  0.000000 0.000000 0
0  -0.245000 -8.373199 1.008834  -0.257657 0.937609 -0.233455  0.000000 0.000000 0
0  0.000000 -8.308249 0.999293  -0.257657 0.937609 -0.233455  0.000000 0.000000 0
c_invasion_wrangler_laser
0  -0.245000 -8.516446 0.433522  -0.705399 0.687811 -0.171257  0.000000 0.000000 0
0  -0.424352 -8.550648 1.034900  -0.705399 0.687811 -0.171257  0.000000 0.000000 0
0  -0.245000 -8.373199 1.008834  -0.705399 0.687811 -0.171257  0.000000 0.000000 0
c_invasion_wrangler_laser
0  -0.424352 -8.685398 0.493706  -0.965612 0.252285 -0.062815  0.000000 0.000000 0
0  -0.490000 -8.793045 1.070507  -0.965612 0.252285 -0.062815  0.000000 0.000000 0
0  -0.424352 -8.550648 1.034900  -0.965612 0.252285 -0.062815  0.000000 0.000000 0
c_invasion_wrangler_laser
0  -0.490000 -8.916194 0.575919  -0.965613 -0.252283 0.062816  0.000000 0.000000 0
0  -0.424352 -9.035445 1.106115  -0.965613 -0.252283 0.062816  0.000000 0.000000 0
0  -0.490000 -8.793045 1.070507  -0.965613 -0.252283 0.062816  0.000000 0.000000 0
c_invasion_wrangler_laser
0  -0.424352 -9.146988 0.658132  -0.705396 -0.687813 0.171260  0.000000 0.000000 0
0  -0.245000 -9.212893 1.132181  -0.705396 -0.687813 0.171260  0.000000 0.000000 0
0  -0.424352 -9.035445 1.106115  -0.705396 -0.687813 0.171260  0.000000 0.000000 0
c_invasion_wrangler_laser
0  -0.245000 -9.315941 0.718316  -0.257657 -0.937609 0.233458  0.000000 0.000000 0
0  0.000000 -9.277843 1.141722  -0.257657 -0.937609 0.233458  0.000000 0.000000 0
0  -0.245000 -9.212893 1.132181  -0.257657 -0.937609 0.233458  0.000000 0.000000 0
c_invasion_wrangler_laser
0  0.000000 -8.308249 0.999293  -0.257653 0.965139 -0.046053  0.000000 0.000000 0
0  -0.245000 -8.344942 1.601037  -0.257653 0.965139 -0.046053  0.000000 0.000000 0
0  0.000000 -8.279379 1.604351  -0.257653 0.965139 -0.046053  0.000000 0.000000 0
c_invasion_wrangler_laser
0  -0.245000 -8.373199 1.008834  -0.705400 0.708004 -0.033782  0.000000 0.000000 0
0  -0.424352 -8.524067 1.591984  -0.705400 0.708004 -0.033782  0.000000 0.000000 0
0  -0.245000 -8.344942 1.601037  -0.705400 0.708004 -0.033782  0.000000 0.000000 0
c_invasion_wrangler_laser
0  -0.424352 -8.550648 1.034900  -0.965612 0.259691 -0.012391  0.000000 0.000000 0
0  -0.490000 -8.768755 1.579618  -0.965612 0.259691 -0.012391  0.000000 0.000000 0
0  -0.424352 -8.524067 1.591984  -0.965612 0.259691 -0.012391  0.000000 0.000000 0
c_invasion_wrangler_laser
0  -0.490000 -8.793045 1.070507  -0.965612 -0.259693 0.012391  0.000000 0.000000 0
0  -0.424352 -9.013441 1.567251  -0.965612 -0.259693 0.012391  0.000000 0.000000 0
0  -0.490000 -8.768755 1.579618  -0.965612 -0.259693 0.012391  0.000000 0.000000 0
c_invasion_wrangler_laser
0  -0.424352 -9.035445 1.106115  -0.705400 -0.708004 0.033786  0.000000 0.000000 0
0  -0.245000 -9.192566 1.558198  -0.705400 -0.708004 0.033786  0.000000 0.000000 0
0  -0.424352 -9.013441 1.567251  -0.705400 -0.708004 0.033786  0.000000 0.000000 0
c_invasion_wrangler_laser
0  -0.245000 -9.212893 1.132181  -0.257653 -0.965139 0.046050  0.000000 0.000000 0
0  0.000000 -9.258129 1.554885  -0.257653 -0.965139 0.046050  0.000000 0.000000 0
0  -0.245000 -9.192566 1.558198  -0.257653 -0.965139 0.046050  0.000000 0.000000 0
c_invasion_wrangler_laser
0  0.000000 -8.279379 1.604351  -0.257656 0.955578 0.143122  0.000000 0.000000 0
0  -0.245000 -8.432762 2.187374  -0.257656 0.955578 0.143122  0.000000 0.000000 0
0  0.000000 -8.369104 2.203414  -0.257656 0.955578 0.143122  0.000000 0.000000 0
c_invasion_wrangler_laser
0  -0.245000 -8.344942 1.601037  -0.705398 0.700992 0.104994  0.000000 0.000000 0
0  -0.424352 -8.606678 2.143549  -0.705398 0.700992 0.104994  0.000000 0.000000 0
0  -0.245000 -8.432762 2.187374  -0.705398 0.700992 0.104994  0.000000 0.000000 0
c_invasion_wrangler_laser
0  -0.424352 -8.524067 1.591984  -0.965612 0.257119 0.038510  0.000000 0.000000 0
0  -0.490000 -8.844252 2.083684  -0.965612 0.257119 0.038510  0.000000 0.000000 0
0  -0.424352 -8.606678 2.143549  -0.965612 0.257119 0.038510  0.000000 0.000000 0
c_invasion_wrangler_laser
0  -0.490000 -8.768755 1.579618  -0.965612 -0.257119 -0.038511  0.000000 0.000000 0
0  -0.424352 -9.081825 2.023819  -0.965612 -0.257119 -0.038511  0.000000 0.000000 0
0  -0.490000 -8.844252 2.083684  -0.965612 -0.257119 -0.038511  0.000000 0.000000 0
c_invasion_wrangler_laser
0  -0.424352 -9.013441 1.567251  -0.705396 -0.700994 -0.104997  0.000000 0.000000 0
0  -0.245000 -9.255740 1.979995  -0.705396 -0.700994 -0.104997  0.000000 0.000000 0
0  -0.424352 -9.081825 2.023819  -0.705396 -0.700994 -0.104997  0.000000 0.000000 0
c_invasion_wrangler_laser
0  -0.245000 -9.192566 1.558198  -0.257660 -0.955577 -0.143121  0.000000 0.000000 0
0  0.000000 -9.319399 1.963954  -0.257660 -0.955577 -0.143121  0.000000 0.000000 0
0  -0.245000 -9.255740 1.979995  -0.257660 -0.955577 -0.143121  0.000000 0.000000 0
c_invasion_wrangler_laser
0  0.000000 -8.369104 2.203414  -0.257650 0.909295 0.326800  0.000000 0.000000 0
0  -0.245000 -8.633282 2.745310  -0.257650 0.909295 0.326800  0.000000 0.000000 0
0  0.000000 -8.573978 2.773461  -0.257650 0.909295 0.326800  0.000000 0.000000 0
c_invasion_wrangler_laser
0  -0.245000 -8.432762 2.187374  -0.705401 0.667038 0.239729  0.000000 0.000000 0
0  -0.424352 -8.795307 2.668398  -0.705401 0.667038 0.239729  0.000000 0.000000 0
0  -0.245000 -8.633282 2.745310  -0.705401 0.667038 0.239729  0.000000 0.000000 0
c_invasion_wrangler_laser
0  -0.424352 -8.606678 2.143549  -0.965612 0.244666 0.087933  0.000000 0.000000 0
0  -0.490000 -9.016636 2.563336  -0.965612 0.244666 0.087933  0.000000 0.000000 0
0  -0.424352 -8.795307 2.668398  -0.965612 0.244666 0.087933  0.000000 0.000000 0
c_invasion_wrangler_laser
0  -0.490000 -8.844252 2.083684  -0.965612 -0.244665 -0.087931  0.000000 0.000000 0
0  -0.424352 -9.237967 2.458273  -0.965612 -0.244665 -0.087931  0.000000 0.000000 0
0  -0.490000 -9.016636 2.563336  -0.965612 -0.244665 -0.087931  0.000000 0.000000 0
c_invasion_wrangler_laser
0  -0.424352 -9.081825 2.023819  -0.705398 -0.667039 -0.239735  0.000000 0.000000 0
0  -0.245000 -9.399991 2.381361  -0.705398 -0.667039 -0.239735  0.000000 0.000000 0
0  -0.424352 -9.237967 2.458273  -0.705398 -0.667039 -0.239735  0.000000 0.000000 0
c_invasion_wrangler_laser
0  -0.245000 -9.255740 1.979995  -0.257652 -0.909294 -0.326802  0.000000 0.000000 0
0  0.000000 -9.459295 2.353210  -0.257652 -0.909294 -0.326802  0.000000 0.000000 0
0  -0.245000 -9.399991 2.381361  -0.257652 -0.909294 -0.326802  0.000000 0.000000 0
c_invasion_wrangler_laser
0  0.000000 -8.573978 2.773461  -0.257655 0.828069 0.497911  0.000000 0.000000 0
0  -0.245000 -8.938799 3.253409  -0.257655 0.828069 0.497911  0.000000 0.000000 0
0  0.000000 -8.886126 3.292589  -0.257655 0.828069 0.497911  0.000000 0.000000 0
c_invasion_wrangler_laser
0  -0.245000 -8.633282 2.745310  -0.705400 0.607452 0.365258  0.000000 0.000000 0
0  -0.424352 -9.082706 3.146366  -0.705400 0.607452 0.365258  0.000000 0.000000 0
0  -0.245000 -8.938799 3.253409  -0.705400 0.607452 0.365258  0.000000 0.000000 0
c_invasion_wrangler_laser
0  -0.424352 -8.795307 2.668398  -0.965612 0.222810 0.133975  0.000000 0.000000 0
0  -0.490000 -9.279286 3.000142  -0.965612 0.222810 0.133975  0.000000 0.000000 0
0  -0.424352 -9.082706 3.146366  -0.965612 0.222810 0.133975  0.000000 0.000000 0
c_invasion_wrangler_laser
0  -0.490000 -9.016636 2.563336  -0.965612 -0.222810 -0.133976  0.000000 0.000000 0
0  -0.424352 -9.475865 2.853919  -0.965612 -0.222810 -0.133976  0.000000 0.000000 0
0  -0.490000 -9.279286 3.000142  -0.965612 -0.222810 -0.133976  0.000000 0.000000 0
c_invasion_wrangler_laser
0  -0.424352 -9.237967 2.458273  -0.705398 -0.607453 -0.365258  0.000000 0.000000 0
0  -0.245000 -9.619772 2.746875  -0.705398 -0.607453 -0.365258  0.000000 0.000000 0
0  -0.424352 -9.475865 2.853919  -0.705398 -0.607453 -0.365258  0.000000 0.000000 0
c_invasion_wrangler_laser
0  -0.245000 -9.399991 2.381361  -0.257656 -0.828070 -0.497909  0.000000 0.000000 0
0  0.000000 -9.672445 2.707695  -0.257656 -0.828070 -0.497909  0.000000 0.000000 0
0  -0.245000 -9.619772 2.746875  -0.257656 -0.828070 -0.497909  0.000000 0.000000 0
c_invasion_wrangler_laser
0  0.000000 -8.886126 3.292589  -0.257656 0.715017 0.649895  0.000000 0.000000 0
0  -0.245000 -9.337569 3.692139  -0.257656 0.715017 0.649895  0.000000 0.000000 0
0  0.000000 -9.293551 3.740842  -0.257656 0.715017 0.649895  0.000000 0.000000 0
c_invasion_wrangler_laser
0  -0.245000 -8.938799 3.253409  -0.705397 0.524524 0.476749  0.000000 0.000000 0
0  -0.424352 -9.457827 3.559078  -0.705397 0.524524 0.476749  0.000000 0.000000 0
0  -0.245000 -9.337569 3.692139  -0.705397 0.524524 0.476749  0.000000 0.000000 0
c_invasion_wrangler_laser
0  -0.424352 -9.082706 3.146366  -0.965612 0.192392 0.174868  0.000000 0.000000 0
0  -0.490000 -9.622103 3.377314  -0.965612 0.192392 0.174868  0.000000 0.000000 0
0  -0.424352 -9.457827 3.559078  -0.965612 0.192392 0.174868  0.000000 0.000000 0
c_invasion_wrangler_laser
0  -0.490000 -9.279286 3.000142  -0.965612 -0.192392 -0.174868  0.000000 0.000000 0
0  -0.424352 -9.786378 3.195549  -0.965612 -0.192392 -0.174868  0.000000 0.000000 0
0  -0.490000 -9.622103 3.377314  -0.965612 -0.192392 -0.174868  0.000000 0.000000 0
c_invasion_wrangler_laser
0  -0.424352 -9.475865 2.853919  -0.705399 -0.524524 -0.476746  0.000000 0.000000 0
0  -0.245000 -9.906637 3.062488  -0.705399 -0.524524 -0.476746  0.000000 0.000000 0
0  -0.424352 -9.786378 3.195549  -0.705399 -0.524524 -0.476746  0.000000 0.000000 0
c_invasion_wrangler_laser
0  -0.245000 -9.619772 2.746875  -0.257658 -0.715019 -0.649892  0.000000 0.000000 0
0  0.000000 -9.950655 3.013784  -0.257658 -0.715019 -0.649892  0.000000 0.000000 0
0  -0.245000 -9.906637 3.062488  -0.257658 -0.715019 -0.649892  0.000000 0.000000 0
c_invasion_wrangler_laser
0  0.000000 -9.293551 3.740842  -0.257657 0.574492 0.776899  0.000000 0.000000 0
0  -0.245000 -9.814270 4.044643  -0.257657 0.574492 0.776899  0.000000 0.000000 0
0  0.000000 -9.780600 4.100999  -0.257657 0.574492 0.776899  0.000000 0.000000 0
c_invasion_wrangler_laser
0  -0.245000 -9.337569 3.692139  -0.705396 0.421436 0.569919  0.000000 0.000000 0
0  -0.424352 -9.906258 3.890678  -0.705396 0.421436 0.569919  0.000000 0.000000 0
0  -0.245000 -9.814270 4.044643  -0.705396 0.421436 0.569919  0.000000 0.000000 0
c_invasion_wrangler_laser
0  -0.424352 -9.457827 3.559078  -0.965612 0.154579 0.209041  0.000000 0.000000 0
0  -0.490000 -10.031918 3.680357  -0.965612 0.154579 0.209041  0.000000 0.000000 0
0  -0.424352 -9.906258 3.890678  -0.965612 0.154579 0.209041  0.000000 0.000000 0
c_invasion_wrangler_laser
0  -0.490000 -9.622103 3.377314  -0.965612 -0.154580 -0.209042  0.000000 0.000000 0
0  -0.424352 -10.157576 3.470037  -0.965612 -0.154580 -0.209042  0.000000 0.000000 0
0  -0.490000 -10.031918 3.680357  -0.965612 -0.154580 -0.209042  0.000000 0.000000 0
c_invasion_wrangler_laser
0  -0.424352 -9.786378 3.195549  -0.705399 -0.421434 -0.569917  0.000000 0.000000 0
0  -0.245000 -10.249565 3.316072  -0.705399 -0.421434 -0.569917  0.000000 0.000000 0
0  -0.424352 -10.157576 3.470037  -0.705399 -0.421434 -0.569917  0.000000 0.000000 0
c_invasion_wrangler_laser
0  -0.245000 -9.906637 3.062488  -0.257656 -0.574493 -0.776898  0.000000 0.000000 0
0  0.000000 -10.283235 3.259716  -0.257656 -0.574493 -0.776898  0.000000 0.000000 0
0  -0.245000 -10.249565 3.316072  -0.257656 -0.574493 -0.776898  0.000000 0.000000 0
c_invasion_wrangler_laser
0  0.000000 -9.780600 4.100999  -0.257655 0.411888 0.874049  0.000000 0.000000 0
0  -0.245000 -10.350580 4.297376  -0.257655 0.411888 0.874049  0.000000 0.000000 0
0  0.000000 -10.328552 4.359217  -0.257655 0.411888 0.874049  0.000000 0.000000 0
c_invasion_wrangler_laser
0  -0.245000 -9.814270 4.044643  -0.705399 0.302153 0.641184  0.000000 0.000000 0
0  -0.424352 -10.410765 4.128423  -0.705399 0.302153 0.641184  0.000000 0.000000 0
0  -0.245000 -10.350580 4.297376  -0.705399 0.302153 0.641184  0.000000 0.000000 0
c_invasion_wrangler_laser
0  -0.424352 -9.906258 3.890678  -0.965612 0.110827 0.235182  0.000000 0.000000 0
0  -0.490000 -10.492978 3.897628  -0.965612 0.110827 0.235182  0.000000 0.000000 0
0  -0.424352 -10.410765 4.128423  -0.965612 0.110827 0.235182  0.000000 0.000000 0
c_invasion_wrangler_laser
0  -0.490000 -10.031918 3.680357  -0.965612 -0.110827 -0.235181  0.000000 0.000000 0
0  -0.424352 -10.575191 3.666834  -0.965612 -0.110827 -0.235181  0.000000 0.000000 0
0  -0.490000 -10.492978 3.897628  -0.965612 -0.110827 -0.235181  0.000000 0.000000 0
c_invasion_wrangler_laser
0  -0.424352 -10.157576 3.470037  -0.705400 -0.302153 -0.641183  0.000000 0.000000 0
0  -0.245000 -10.635374 3.497881  -0.705400 -0.302153 -0.641183  0.000000 0.000000 0
0  -0.424352 -10.575191 3.666834  -0.705400 -0.302153 -0.641183  0.000000 0.000000 0
c_invasion_wrangler_laser
0  -0.245000 -10.249565 3.316072  -0.257659 -0.411888 -0.874048  0.000000 0.000000 0
0  0.000000 -10.657404 3.436039  -0.257659 -0.411888 -0.874048  0.000000 0.000000 0
0  -0.245000 -10.635374 3.497881  -0.257659 -0.411888 -0.874048  0.000000 0.000000 0
c_invasion_wrangler_laser
0  0.000000 -10.328552 4.359217  -0.257657 0.233456 0.937609  0.000000 0.000000 0
0  -0.245000 -10.925892 4.440622  -0.257657 0.233456 0.937609  0.000000 0.000000 0
0  0.000000 -10.916351 4.505573  -0.257657 0.233456 0.937609  0.000000 0.000000 0
c_invasion_wrangler_laser
0  -0.245000 -10.350580 4.297376  -0.705396 0.171258 0.687813  0.000000 0.000000 0
0  -0.424352 -10.951958 4.263174  -0.705396 0.171258 0.687813  0.000000 0.000000 0
0  -0.245000 -10.925892 4.440622  -0.705396 0.171258 0.687813  0.000000 0.000000 0
c_invasion_wrangler_laser
0  -0.424352 -10.410765 4.128423  -0.965612 0.062816 0.252285  0.000000 0.000000 0
0  -0.490000 -10.987566 4.020775  -0.965612 0.062816 0.252285  0.000000 0.000000 0
0  -0.424352 -10.951958 4.263174  -0.965612 0.062816 0.252285  0.000000 0.000000 0
c_invasion_wrangler_laser
0  -0.490000 -10.492978 3.897628  -0.965612 -0.062816 -0.252284  0.000000 0.000000 0
0  -0.424352 -11.023173 3.778377  -0.965612 -0.062816 -0.252284  0.000000 0.000000 0
0  -0.490000 -10.987566 4.020775  -0.965612 -0.062816 -0.252284  0.000000 0.000000 0
c_invasion_wrangler_laser
0  -0.424352 -10.575191 3.666834  -0.705397 -0.171258 -0.687812  0.000000 0.000000 0
0  -0.245000 -11.049239 3.600929  -0.705397 -0.171258 -0.687812  0.000000 0.000000 0
0  -0.424352 -11.023173 3.778377  -0.705397 -0.171258 -0.687812  0.000000 0.000000 0
c_invasion_wrangler_laser
0  -0.245000 -10.635374 3.497881  -0.257654 -0.233454 -0.937611  0.000000 0.000000 0
0  0.000000 -11.058780 3.535978  -0.257654 -0.233454 -0.937611  0.000000 0.000000 0
0  -0.245000 -11.049239 3.600929  -0.257654 -0.233454 -0.937611  0.000000 0.000000 0
c_invasion_wrangler_laser
0  0.000000 -10.916351 4.505573  -0.257658 0.046051 0.965138  0.000000 0.000000 0
0  -0.245000 -11.518095 4.468879  -0.257658 0.046051 0.965138  0.000000 0.000000 0
0  0.000000 -11.521408 4.534443  -0.257658 0.046051 0.965138  0.000000 0.000000 0
c_invasion_wrangler_laser
0  -0.245000 -10.925892 4.440622  -0.705395 0.033782 0.708009  0.000000 0.000000 0
0  -0.424352 -11.509042 4.289755  -0.705395 0.033782 0.708009  0.000000 0.000000 0
0  -0.245000 -11.518095 4.468879  -0.705395 0.033782 0.708009  0.000000 0.000000 0
c_invasion_wrangler_laser
0  -0.424352 -10.951958 4.263174  -0.965612 0.012391 0.259692  0.000000 0.000000 0
0  -0.490000 -11.496675 4.045067  -0.965612 0.012391 0.259692  0.000000 0.000000 0
0  -0.424352 -11.509042 4.289755  -0.965612 0.012391 0.259692  0.000000 0.000000 0
c_invasion_wrangler_laser
0  -0.490000 -10.987566 4.020775  -0.965612 -0.012391 -0.259692  0.000000 0.000000 0
0  -0.424352 -11.484308 3.800380  -0.965612 -0.012391 -0.259692  0.000000 0.000000 0
0  -0.490000 -11.496675 4.045067  -0.965612 -0.012391 -0.259692  0.000000 0.000000 0
c_invasion_wrangler_laser
0  -0.424352 -11.023173 3.778377  -0.705400 -0.033783 -0.708004  0.000000 0.000000 0
0  -0.245000 -11.475257 3.621256  -0.705400 -0.033783 -0.708004  0.000000 0.000000 0
0  -0.424352 -11.484308 3.800380  -0.705400 -0.033783 -0.708004  0.000000 0.000000 0
c_invasion_wrangler_laser
0  -0.245000 -11.049239 3.600929  -0.257657 -0.046051 -0.965138  0.000000 0.000000 0
0  0.000000 -11.471942 3.555692  -0.257657 -0.046051 -0.965138  0.000000 0.000000 0
0  -0.245000 -11.475257 3.621256  -0.257657 -0.046051 -0.965138  0.000000 0.000000 0
c_invasion_wrangler_laser
0  0.000000 -11.521408 4.534443  -0.257651 -0.143125 0.955579  0.000000 0.000000 0
0  -0.245000 -12.104431 4.381060  -0.257651 -0.143125 0.955579  0.000000 0.000000 0
0  0.000000 -12.120471 4.444716  -0.257651 -0.143125 0.955579  0.000000 0.000000 0
c_invasion_wrangler_laser
0  -0.245000 -11.518095 4.468879  -0.705397 -0.104992 0.700993  0.000000 0.000000 0
0  -0.424352 -12.060606 4.207144  -0.705397 -0.104992 0.700993  0.000000 0.000000 0
0  -0.245000 -12.104431 4.381060  -0.705397 -0.104992 0.700993  0.000000 0.000000 0
c_invasion_wrangler_laser
0  -0.424352 -11.509042 4.289755  -0.965612 -0.038510 0.257118  0.000000 0.000000 0
0  -0.490000 -12.000742 3.969570  -0.965612 -0.038510 0.257118  0.000000 0.000000 0
0  -0.424352 -12.060606 4.207144  -0.965612 -0.038510 0.257118  0.000000 0.000000 0
c_invasion_wrangler_laser
0  -0.490000 -11.496675 4.045067  -0.965612 0.038510 -0.257119  0.000000 0.000000 0
0  -0.424352 -11.940876 3.731997  -0.965612 0.038510 -0.257119  0.000000 0.000000 0
0  -0.490000 -12.000742 3.969570  -0.965612 0.038510 -0.257119  0.000000 0.000000 0
c_invasion_wrangler_laser
0  -0.424352 -11.484308 3.800380  -0.705400 0.104992 -0.700990  0.000000 0.000000 0
0  -0.245000 -11.897053 3.558080  -0.705400 0.104992 -0.700990  0.000000 0.000000 0
0  -0.424352 -11.940876 3.731997  -0.705400 0.104992 -0.700990  0.000000 0.000000 0
c_invasion_wrangler_laser
0  -0.245000 -11.475257 3.621256  -0.257655 0.143124 -0.955578  0.000000 0.000000 0
0  0.000000 -11.881011 3.494423  -0.257655 0.143124 -0.955578  0.000000 0.000000 0
0  -0.245000 -11.897053 3.558080  -0.257655 0.143124 -0.955578  0.000000 0.000000 0
c_invasion_wrangler_laser
0  0.000000 -12.120471 4.444716  -0.257655 -0.326796 0.909295  0.000000 0.000000 0
0  -0.245000 -12.662370 4.180538  -0.257655 -0.326796 0.909295  0.000000 0.000000 0
0  0.000000 -12.690520 4.239843  -0.257655 -0.326796 0.909295  0.000000 0.000000 0
c_invasion_wrangler_laser
0  -0.245000 -12.104431 4.381060  -0.705398 -0.239731 0.667040  0.000000 0.000000 0
0  -0.424352 -12.585458 4.018514  -0.705398 -0.239731 0.667040  0.000000 0.000000 0
0  -0.245000 -12.662370 4.180538  -0.705398 -0.239731 0.667040  0.000000 0.000000 0
c_invasion_wrangler_laser
0  -0.424352 -12.060606 4.207144  -0.965612 -0.087932 0.244665  0.000000 0.000000 0
0  -0.490000 -12.480394 3.797184  -0.965612 -0.087932 0.244665  0.000000 0.000000 0
0  -0.424352 -12.585458 4.018514  -0.965612 -0.087932 0.244665  0.000000 0.000000 0
c_invasion_wrangler_laser
0  -0.490000 -12.000742 3.969570  -0.965612 0.087932 -0.244666  0.000000 0.000000 0
0  -0.424352 -12.375333 3.575855  -0.965612 0.087932 -0.244666  0.000000 0.000000 0
0  -0.490000 -12.480394 3.797184  -0.965612 0.087932 -0.244666  0.000000 0.000000 0
c_invasion_wrangler_laser
0  -0.424352 -11.940876 3.731997  -0.705401 0.239732 -0.667037  0.000000 0.000000 0
0  -0.245000 -12.298420 3.413831  -0.705401 0.239732 -0.667037  0.000000 0.000000 0
0  -0.424352 -12.375333 3.575855  -0.705401 0.239732 -0.667037  0.000000 0.000000 0
c_invasion_wrangler_laser
0  -0.245000 -11.897053 3.558080  -0.257653 0.326798 -0.909295  0.000000 0.000000 0
0  0.000000 -12.270269 3.354526  -0.257653 0.326798 -0.909295  0.000000 0.000000 0
0  -0.245000 -12.298420 3.413831  -0.257653 0.326798 -0.909295  0.000000 0.000000 0
c_invasion_wrangler_laser
0  0.000000 -12.690520 4.239843  -0.257655 -0.497910 0.828070  0.000000 0.000000 0
0  -0.245000 -13.170465 3.875023  -0.257655 -0.497910 0.828070  0.000000 0.000000 0
0  0.000000 -13.209646 3.927696  -0.257655 -0.497910 0.828070  0.000000 0.000000 0
c_invasion_wrangler_laser
0  -0.245000 -12.662370 4.180538  -0.705399 -0.365259 0.607452  0.000000 0.000000 0
0  -0.424352 -13.063422 3.731116  -0.705399 -0.365259 0.607452  0.000000 0.000000 0
0  -0.245000 -13.170465 3.875023  -0.705399 -0.365259 0.607452  0.000000 0.000000 0
c_invasion_wrangler_laser
0  -0.424352 -12.585458 4.018514  -0.965612 -0.133974 0.222809  0.000000 0.000000 0
0  -0.490000 -12.917199 3.534536  -0.965612 -0.133974 0.222809  0.000000 0.000000 0
0  -0.424352 -13.063422 3.731116  -0.965612 -0.133974 0.222809  0.000000 0.000000 0
c_invasion_wrangler_laser
0  -0.490000 -12.480394 3.797184  -0.965612 0.133974 -0.222810  0.000000 0.000000 0
0  -0.424352 -12.770975 3.337956  -0.965612 0.133974 -0.222810  0.000000 0.000000 0
0  -0.490000 -12.917199 3.534536  -0.965612 0.133974 -0.222810  0.000000 0.000000 0
c_invasion_wrangler_laser
0  -0.424352 -12.375333 3.575855  -0.705396 0.365260 -0.607455  0.000000 0.000000 0
0  -0.245000 -12.663934 3.194050  -0.705396 0.365260 -0.607455  0.000000 0.000000 0
0  -0.424352 -12.770975 3.337956  -0.705396 0.365260 -0.607455  0.000000 0.000000 0
c_invasion_wrangler_laser
0  -0.245000 -12.298420 3.413831  -0.257659 0.497912 -0.828067  0.000000 0.000000 0
0  0.000000 -12.624752 3.141376  -0.257659 0.497912 -0.828067  0.000000 0.000000 0
0  -0.245000 -12.663934 3.194050  -0.257659 0.497912 -0.828067  0.000000 0.000000 0
c_invasion_wrangler_laser
0  0.000000 -13.209646 3.927696  -0.257655 -0.649893 0.715020  0.000000 0.000000 0
0  -0.245000 -13.609196 3.476254  -0.257655 -0.649893 0.715020  0.000000 0.000000 0
0  0.000000 -13.657900 3.520271  -0.257655 -0.649893 0.715020  0.000000 0.000000 0
c_invasion_wrangler_laser
0  -0.245000 -13.170465 3.875023  -0.705397 -0.476748 0.524525  0.000000 0.000000 0
0  -0.424352 -13.476135 3.355995  -0.705397 -0.476748 0.524525  0.000000 0.000000 0
0  -0.245000 -13.609196 3.476254  -0.705397 -0.476748 0.524525  0.000000 0.000000 0
c_invasion_wrangler_laser
0  -0.424352 -13.063422 3.731116  -0.965612 -0.174867 0.192391  0.000000 0.000000 0
0  -0.490000 -13.294370 3.191719  -0.965612 -0.174867 0.192391  0.000000 0.000000 0
0  -0.424352 -13.476135 3.355995  -0.965612 -0.174867 0.192391  0.000000 0.000000 0
c_invasion_wrangler_laser
0  -0.490000 -12.917199 3.534536  -0.965612 0.174868 -0.192391  0.000000 0.000000 0
0  -0.424352 -13.112606 3.027443  -0.965612 0.174868 -0.192391  0.000000 0.000000 0
0  -0.490000 -13.294370 3.191719  -0.965612 0.174868 -0.192391  0.000000 0.000000 0
c_invasion_wrangler_laser
0  -0.424352 -12.770975 3.337956  -0.705398 0.476749 -0.524524  0.000000 0.000000 0
0  -0.245000 -12.979546 2.907185  -0.705398 0.476749 -0.524524  0.000000 0.000000 0
0  -0.424352 -13.112606 3.027443  -0.705398 0.476749 -0.524524  0.000000 0.000000 0
c_invasion_wrangler_laser
0  -0.245000 -12.663934 3.194050  -0.257658 0.649896 -0.715016  0.000000 0.000000 0
0  0.000000 -12.930841 2.863167  -0.257658 0.649896 -0.715016  0.000000 0.000000 0
0  -0.245000 -12.979546 2.907185  -0.257658 0.649896 -0.715016  0.000000 0.000000 0
c_invasion_wrangler_laser
0  0.000000 -13.657900 3.520271  -0.257652 -0.776899 0.574494  0.000000 0.000000 0
0  -0.245000 -13.961703 2.999552  -0.257652 -0.776899 0.574494  0.000000 0.000000 0
0  0.000000 -14.018058 3.033222  -0.257652 -0.776899 0.574494  0.000000 0.000000 0
c_invasion_wrangler_laser
0  -0.245000 -13.609196 3.476254  -0.705401 -0.569913 0.421437  0.000000 0.000000 0
0  -0.424352 -13.807736 2.907563  -0.705401 -0.569913 0.421437  0.000000 0.000000 0
0  -0.245000 -13.961703 2.999552  -0.705401 -0.569913 0.421437  0.000000 0.000000 0
c_invasion_wrangler_laser
0  -0.424352 -13.476135 3.355995  -0.965612 -0.209042 0.154580  0.000000 0.000000 0
0  -0.490000 -13.597416 2.781904  -0.965612 -0.209042 0.154580  0.000000 0.000000 0
0  -0.424352 -13.807736 2.907563  -0.965612 -0.209042 0.154580  0.000000 0.000000 0
c_invasion_wrangler_laser
0  -0.490000 -13.294370 3.191719  -0.965612 0.209041 -0.154580  0.000000 0.000000 0
0  -0.424352 -13.387094 2.656246  -0.965612 0.209041 -0.154580  0.000000 0.000000 0
0  -0.490000 -13.597416 2.781904  -0.965612 0.209041 -0.154580  0.000000 0.000000 0
c_invasion_wrangler_laser
0  -0.424352 -13.112606 3.027443  -0.705399 0.569919 -0.421432  0.000000 0.000000 0
0  -0.245000 -13.233130 2.564257  -0.705399 0.569919 -0.421432  0.000000 0.000000 0
0  -0.424352 -13.387094 2.656246  -0.705399 0.569919 -0.421432  0.000000 0.000000 0
c_invasion_wrangler_laser
0  -0.245000 -12.979546 2.907185  -0.257656 0.776899 -0.574492  0.000000 0.000000 0
0  0.000000 -13.176774 2.530586  -0.257656 0.776899 -0.574492  0.000000 0.000000 0
0  -0.245000 -13.233130 2.564257  -0.257656 0.776899 -0.574492  0.000000 0.000000 0
c_invasion_wrangler_laser
0  0.000000 -14.018058 3.033222  -0.257658 -0.874048 0.411889  0.000000 0.000000 0
0  -0.245000 -14.214434 2.463242  -0.257658 -0.874048 0.411889  0.000000 0.000000 0
0  0.000000 -14.276276 2.485271  -0.257658 -0.874048 0.411889  0.000000 0.000000 0
c_invasion_wrangler_laser
0  -0.245000 -13.961703 2.999552  -0.705396 -0.641187 0.302152  0.000000 0.000000 0
0  -0.424352 -14.045482 2.403059  -0.705396 -0.641187 0.302152  0.000000 0.000000 0
0  -0.245000 -14.214434 2.463242  -0.705396 -0.641187 0.302152  0.000000 0.000000 0
c_invasion_wrangler_laser
0  -0.424352 -13.807736 2.907563  -0.965612 -0.235180 0.110829  0.000000 0.000000 0
0  -0.490000 -13.814686 2.320845  -0.965612 -0.235180 0.110829  0.000000 0.000000 0
0  -0.424352 -14.045482 2.403059  -0.965612 -0.235180 0.110829  0.000000 0.000000 0
c_invasion_wrangler_laser
0  -0.490000 -13.597416 2.781904  -0.965612 0.235183 -0.110827  0.000000 0.000000 0
0  -0.424352 -13.583893 2.238632  -0.965612 0.235183 -0.110827  0.000000 0.000000 0
0  -0.490000 -13.814686 2.320845  -0.965612 0.235183 -0.110827  0.000000 0.000000 0
c_invasion_wrangler_laser
0  -0.424352 -13.387094 2.656246  -0.705401 0.641180 -0.302155  0.000000 0.000000 0
0  -0.245000 -13.414938 2.178448  -0.705401 0.641180 -0.302155  0.000000 0.000000 0
0  -0.424352 -13.583893 2.238632  -0.705401 0.641180 -0.302155  0.000000 0.000000 0
c_invasion_wrangler_laser
0  -0.245000 -13.233130 2.564257  -0.257655 0.874049 -0.411889  0.000000 0.000000 0
0  0.000000 -13.353097 2.156419  -0.257655 0.874049 -0.411889  0.000000 0.000000 0
0  -0.245000 -13.414938 2.178448  -0.257655 0.874049 -0.411889  0.000000 0.000000 0
c_invasion_wrangler_laser
0  0.000000 -14.276276 2.485271  -0.257657 -0.937610 0.233454  0.000000 0.000000 0
0  -0.245000 -14.357681 1.887929  -0.257657 -0.937610 0.233454  0.000000 0.000000 0
0  0.000000 -14.422632 1.897470  -0.257657 -0.937610 0.233454  0.000000 0.000000 0
c_invasion_wrangler_laser
0  -0.245000 -14.214434 2.463242  -0.705400 -0.687808 0.171262  0.000000 0.000000 0
0  -0.424352 -14.180232 1.861863  -0.705400 -0.687808 0.171262  0.000000 0.000000 0
0  -0.245000 -14.357681 1.887929  -0.705400 -0.687808 0.171262  0.000000 0.000000 0
c_invasion_wrangler_laser
0  -0.424352 -14.045482 2.403059  -0.965612 -0.252285 0.062816  0.000000 0.000000 0
0  -0.490000 -13.937834 1.826255  -0.965612 -0.252285 0.062816  0.000000 0.000000 0
0  -0.424352 -14.180232 1.861863  -0.965612 -0.252285 0.062816  0.000000 0.000000 0
c_invasion_wrangler_laser
0  -0.490000 -13.814686 2.320845  -0.965612 0.252284 -0.062817  0.000000 0.000000 0
0  -0.424352 -13.695436 1.790648  -0.965612 0.252284 -0.062817  0.000000 0.000000 0
0  -0.490000 -13.937834 1.826255  -0.965612 0.252284 -0.062817  0.000000 0.000000 0
c_invasion_wrangler_laser
0  -0.424352 -13.583893 2.238632  -0.705398 0.687811 -0.171259  0.000000 0.000000 0
0  -0.245000 -13.517987 1.764582  -0.705398 0.687811 -0.171259  0.000000 0.000000 0
0  -0.424352 -13.695436 1.790648  -0.705398 0.687811 -0.171259  0.000000 0.000000 0
c_invasion_wrangler_laser
0  -0.245000 -13.414938 2.178448  -0.257657 0.937609 -0.233457  0.000000 0.000000 0
0  0.000000 -13.453036 1.755040  -0.257657 0.937609 -0.233457  0.000000 0.000000 0
0  -0.245000 -13.517987 1.764582  -0.257657 0.937609 -0.233457  0.000000 0.000000 0
c_invasion_wrangler_laser
0  0.000000 -14.422632 1.897470  -0.257660 -0.965137 0.046053  0.000000 0.000000 0
0  -0.245000 -14.385936 1.295727  -0.257660 -0.965137 0.046053  0.000000 0.000000 0
0  0.000000 -14.451501 1.292413  -0.257660 -0.965137 0.046053  0.000000 0.000000 0
c_invasion_wrangler_laser
0  -0.245000 -14.357681 1.887929  -0.705395 -0.708009 0.033782  0.000000 0.000000 0
0  -0.424352 -14.206814 1.304780  -0.705395 -0.708009 0.033782  0.000000 0.000000 0
0  -0.245000 -14.385936 1.295727  -0.705395 -0.708009 0.033782  0.000000 0.000000 0
c_invasion_wrangler_laser
0  -0.424352 -14.180232 1.861863  -0.965612 -0.259691 0.012392  0.000000 0.000000 0
0  -0.490000 -13.962126 1.317147  -0.965612 -0.259691 0.012392  0.000000 0.000000 0
0  -0.424352 -14.206814 1.304780  -0.965612 -0.259691 0.012392  0.000000 0.000000 0
c_invasion_wrangler_laser
0  -0.490000 -13.937834 1.826255  -0.965612 0.259691 -0.012391  0.000000 0.000000 0
0  -0.424352 -13.717438 1.329513  -0.965612 0.259691 -0.012391  0.000000 0.000000 0
0  -0.490000 -13.962126 1.317147  -0.965612 0.259691 -0.012391  0.000000 0.000000 0
c_invasion_wrangler_laser
0  -0.424352 -13.695436 1.790648  -0.705399 0.708006 -0.033778  0.000000 0.000000 0
0  -0.245000 -13.538314 1.338566  -0.705399 0.708006 -0.033778  0.000000 0.000000 0
0  -0.424352 -13.717438 1.329513  -0.705399 0.708006 -0.033778  0.000000 0.000000 0
c_invasion_wrangler_laser
0  -0.245000 -13.517987 1.764582  -0.257657 0.965139 -0.046046  0.000000 0.000000 0
0  0.000000 -13.472750 1.341879  -0.257657 0.965139 -0.046046  0.000000 0.000000 0
0  -0.245000 -13.538314 1.338566  -0.257657 0.965139 -0.046046  0.000000 0.000000 0
c_invasion_wrangler_laser
0  0.000000 -14.451501 1.292413  -0.257649 -0.955580 -0.143122  0.000000 0.000000 0
0  -0.245000 -14.298119 0.709389  -0.257649 -0.955580 -0.143122  0.000000 0.000000 0
0  0.000000 -14.361774 0.693348  -0.257649 -0.955580 -0.143122  0.000000 0.000000 0
c_invasion_wrangler_laser
0  -0.245000 -14.385936 1.295727  -0.705400 -0.700991 -0.104987  0.000000 0.000000 0
0  -0.424353 -14.124202 0.753213  -0.705400 -0.700991 -0.104987  0.000000 0.000000 0
0  -0.245000 -14.298119 0.709389  -0.705400 -0.700991 -0.104987  0.000000 0.000000 0
c_invasion_wrangler_laser
0  -0.424352 -14.206814 1.304780  -0.965612 -0.257118 -0.038510  0.000000 0.000000 0
0  -0.490000 -13.886627 0.813078  -0.965612 -0.257118 -0.038510  0.000000 0.000000 0
0  -0.424353 -14.124202 0.753213  -0.965612 -0.257118 -0.038510  0.000000 0.000000 0
c_invasion_wrangler_laser
0  -0.490000 -13.962126 1.317147  -0.965612 0.257120 0.038511  0.000000 0.000000 0
0  -0.424352 -13.649055 0.872944  -0.965612 0.257120 0.038511  0.000000 0.000000 0
0  -0.490000 -13.886627 0.813078  -0.965612 0.257120 0.038511  0.000000 0.000000 0
c_invasion_wrangler_laser
0  -0.424352 -13.717438 1.329513  -0.705398 0.700992 0.104996  0.000000 0.000000 0
0  -0.245000 -13.475139 0.916768  -0.705398 0.700992 0.104996  0.000000 0.000000 0
0  -0.424352 -13.649055 0.872944  -0.705398 0.700992 0.104996  0.000000 0.000000 0
c_invasion_wrangler_laser
0  -0.245000 -13.538314 1.338566  -0.257652 0.955579 0.143125  0.000000 0.000000 0
0  0.000000 -13.411482 0.932809  -0.257652 0.955579 0.143125  0.000000 0.000000 0
0  -0.245000 -13.475139 0.916768  -0.257652 0.955579 0.143125  0.000000 0.000000 0
c_invasion_wrangler_laser
0  0.000000 -14.361774 0.693348  -0.257659 -0.909294 -0.326796  0.000000 0.000000 0
0  -0.245000 -14.097596 0.151453  -0.257659 -0.909294 -0.326796  0.000000 0.000000 0
0  0.000000 -14.156902 0.123301  -0.257659 -0.909294 -0.326796  0.000000 0.000000 0
c_invasion_wrangler_laser
0  -0.245000 -14.298119 0.709389  -0.705397 -0.667041 -0.239733  0.000000 0.000000 0
0  -0.424353 -13.935573 0.228364  -0.705397 -0.667041 -0.239733  0.000000 0.000000 0
0  -0.245000 -14.097596 0.151453  -0.705397 -0.667041 -0.239733  0.000000 0.000000 0
c_invasion_wrangler_laser
0  -0.424353 -14.124202 0.753213  -0.965612 -0.244665 -0.087931  0.000000 0.000000 0
0  -0.490000 -13.714243 0.333427  -0.965612 -0.244665 -0.087931  0.000000 0.000000 0
0  -0.424353 -13.935573 0.228364  -0.965612 -0.244665 -0.087931  0.000000 0.000000 0
c_invasion_wrangler_laser
0  -0.490000 -13.886627 0.813078  -0.965612 0.244665 0.087931  0.000000 0.000000 0
0  -0.424353 -13.492913 0.438490  -0.965612 0.244665 0.087931  0.000000 0.000000 0
0  -0.490000 -13.714243 0.333427  -0.965612 0.244665 0.087931  0.000000 0.000000 0
c_invasion_wrangler_laser
0  -0.424352 -13.649055 0.872944  -0.705399 0.667040 0.239731  0.000000 0.000000 0
0  -0.245000 -13.330889 0.515401  -0.705399 0.667040 0.239731  0.000000 0.000000 0
0  -0.424353 -13.492913 0.438490  -0.705399 0.667040 0.239731  0.000000 0.000000 0
c_invasion_wrangler_laser
0  -0.245000 -13.475139 0.916768  -0.257656 0.909293 0.326802  0.000000 0.000000 0
0  0.000000 -13.271584 0.543553  -0.257656 0.909293 0.326802  0.000000 0.000000 0
0  -0.245000 -13.330889 0.515401  -0.257656 0.909293 0.326802  0.000000 0.000000 0
c_invasion_wrangler_laser
0  0.000000 -14.156902 0.123301  -0.257655 -0.828068 -0.497913  0.000000 0.000000 0
0  -0.245000 -13.792082 -0.356644  -0.257655 -0.828068 -0.497913  0.000000 0.000000 0
0  0.000000 -13.844755 -0.395824  -0.257655 -0.828068 -0.497913  0.000000 0.000000 0
c_invasion_wrangler_laser
0  -0.245000 -14.097596 0.151453  -0.705400 -0.607453 -0.365254  0.000000 0.000000 0
0  -0.424353 -13.648174 -0.249601  -0.705400 -0.607453 -0.365254  0.000000 0.000000 0
0  -0.245000 -13.792082 -0.356644  -0.705400 -0.607453 -0.365254  0.000000 0.000000 0
c_invasion_wrangler_laser
0  -0.424353 -13.935573 0.228364  -0.965612 -0.222809 -0.133974  0.000000 0.000000 0
0  -0.490000 -13.451594 -0.103378  -0.965612 -0.222809 -0.133974  0.000000 0.000000 0
0  -0.424353 -13.648174 -0.249601  -0.965612 -0.222809 -0.133974  0.000000 0.000000 0
c_invasion_wrangler_laser
0  -0.490000 -13.714243 0.333427  -0.965612 0.222809 0.133975  0.000000 0.000000 0
0  -0.424353 -13.255014 0.042846  -0.965612 0.222809 0.133975  0.000000 0.000000 0
0  -0.490000 -13.451594 -0.103378  -0.965612 0.222809 0.133975  0.000000 0.000000 0
c_invasion_wrangler_laser
0  -0.424353 -13.492913 0.438490  -0.705397 0.607454 0.365260  0.000000 0.000000 0
0  -0.245000 -13.111109 0.149889  -0.705397 0.607454 0.365260  0.000000 0.000000 0
0  -0.424353 -13.255014 0.042846  -0.705397 0.607454 0.365260  0.000000 0.000000 0
c_invasion_wrangler_laser
0  -0.245000 -13.330889 0.515401  -0.257655 0.828068 0.497913  0.000000 0.000000 0
0  0.000000 -13.058435 0.189070  -0.257655 0.828068 0.497913  0.000000 0.000000 0
0  -0.245000 -13.111109 0.149889  -0.257655 0.828068 0.497913  0.000000 0.000000 0
c_invasion_wrangler_laser
0  0.000000 -13.844755 -0.395824  -0.257656 -0.715019 -0.649893  0.000000 0.000000 0
0  -0.245000 -13.393311 -0.795376  -0.257656 -0.715019 -0.649893  0.000000 0.000000 0
0  0.000000 -13.437328 -0.844080  -0.257656 -0.715019 -0.649893  0.000000 0.000000 0
c_invasion_wrangler_laser
0  -0.245000 -13.792082 -0.356644  -0.705399 -0.524523 -0.476746  0.000000 0.000000 0
0  -0.424353 -13.273052 -0.662315  -0.705399 -0.524523 -0.476746  0.000000 0.000000 0
0  -0.245000 -13.393311 -0.795376  -0.705399 -0.524523 -0.476746  0.000000 0.000000 0
c_invasion_wrangler_laser
0  -0.424353 -13.648174 -0.249601  -0.965612 -0.192392 -0.174867  0.000000 0.000000 0
0  -0.490000 -13.108776 -0.480550  -0.965612 -0.192392 -0.174867  0.000000 0.000000 0
0  -0.424353 -13.273052 -0.662315  -0.965612 -0.192392 -0.174867  0.000000 0.000000 0
c_invasion_wrangler_laser
0  -0.490000 -13.451594 -0.103378  -0.965612 0.192391 0.174868  0.000000 0.000000 0
0  -0.424353 -12.944500 -0.298786  -0.965612 0.192391 0.174868  0.000000 0.000000 0
0  -0.490000 -13.108776 -0.480550  -0.965612 0.192391 0.174868  0.000000 0.000000 0
c_invasion_wrangler_laser
0  -0.424353 -13.255014 0.042846  -0.705397 0.524523 0.476749  0.000000 0.000000 0
0  -0.245000 -12.824242 -0.165725  -0.705397 0.524523 0.476749  0.000000 0.000000 0
0  -0.424353 -12.944500 -0.298786  -0.705397 0.524523 0.476749  0.000000 0.000000 0
c_invasion_wrangler_laser
0  -0.245000 -13.111109 0.149889  -0.257656 0.715017 0.649896  0.000000 0.000000 0
0  0.000000 -12.780224 -0.117021  -0.257656 0.715017 0.649896  0.000000 0.000000 0
0  -0.245000 -12.824242 -0.165725  -0.257656 0.715017 0.649896  0.000000 0.000000 0
c_invasion_wrangler_laser
0  0.000000 -13.437328 -0.844080  -0.257655 -0.574493 -0.776899  0.000000 0.000000 0
0  -0.245000 -12.916612 -1.147880  -0.257655 -0.574493 -0.776899  0.000000 0.000000 0
0  0.000000 -12.950281 -1.204235  -0.257655 -0.574493 -0.776899  0.000000 0.000000 0
c_invasion_wrangler_laser
0  -0.245000 -13.393311 -0.795376  -0.705398 -0.421435 -0.569918  0.000000 0.000000 0
0  -0.424353 -12.824622 -0.993915  -0.705398 -0.421435 -0.569918  0.000000 0.000000 0
0  -0.245000 -12.916612 -1.147880  -0.705398 -0.421435 -0.569918  0.000000 0.000000 0
c_invasion_wrangler_laser
0  -0.424353 -13.273052 -0.662315  -0.965612 -0.154580 -0.209041  0.000000 0.000000 0
0  -0.490000 -12.698963 -0.783594  -0.965612 -0.154580 -0.209041  0.000000 0.000000 0
0  -0.424353 -12.824622 -0.993915  -0.965612 -0.154580 -0.209041  0.000000 0.000000 0
c_invasion_wrangler_laser
0  -0.490000 -13.108776 -0.480550  -0.965612 0.154580 0.209041  0.000000 0.000000 0
0  -0.424353 -12.573304 -0.573273  -0.965612 0.154580 0.209041  0.000000 0.000000 0
0  -0.490000 -12.698963 -0.783594  -0.965612 0.154580 0.209041  0.000000 0.000000 0
c_invasion_wrangler_laser
0  -0.424353 -12.944500 -0.298786  -0.705398 0.421437 0.569916  0.000000 0.000000 0
0  -0.245000 -12.481317 -0.419308  -0.705398 0.421437 0.569916  0.000000 0.000000 0
0  -0.424353 -12.573304 -0.573273  -0.705398 0.421437 0.569916  0.000000 0.000000 0
c_invasion_wrangler_laser
0  -0.245000 -12.824242 -0.165725  -0.257657 0.574493 0.776898  0.000000 0.000000 0
0  0.000000 -12.447645 -0.362953  -0.257657 0.574493 0.776898  0.000000 0.000000 0
0  -0.245000 -12.481317 -0.419308  -0.257657 0.574493 0.776898  0.000000 0.000000 0
c_invasion_wrangler_laser
0  0.000000 -12.950281 -1.204235  -0.257654 -0.411888 -0.874049  0.000000 0.000000 0
0  -0.245000 -12.380299 -1.400613  -0.257654 -0.411888 -0.874049  0.000000 0.000000 0
0  0.000000 -12.402328 -1.462454  -0.257654 -0.411888 -0.874049  0.000000 0.000000 0
c_invasion_wrangler_laser
0  -0.245000 -12.916612 -1.147880  -0.705399 -0.302152 -0.641183  0.000000 0.000000 0
0  -0.424353 -12.320115 -1.231659  -0.705399 -0.302152 -0.641183  0.000000 0.000000 0
0  -0.245000 -12.380299 -1.400613  -0.705399 -0.302152 -0.641183  0.000000 0.000000 0
c_invasion_wrangler_laser
0  -0.424353 -12.824622 -0.993915  -0.965612 -0.110827 -0.235181  0.000000 0.000000 0
0  -0.490000 -12.237902 -1.000865  -0.965612 -0.110827 -0.235181  0.000000 0.000000 0
0  -0.424353 -12.320115 -1.231659  -0.965612 -0.110827 -0.235181  0.000000 0.000000 0
c_invasion_wrangler_laser
0  -0.490000 -12.698963 -0.783594  -0.965612 0.110827 0.235182  0.000000 0.000000 0
0  -0.424353 -12.155689 -0.770071  -0.965612 0.110827 0.235182  0.000000 0.000000 0
0  -0.490000 -12.237902 -1.000865  -0.965612 0.110827 0.235182  0.000000 0.000000 0
c_invasion_wrangler_laser
0  -0.424353 -12.573304 -0.573273  -0.705398 0.302153 0.641184  0.000000 0.000000 0
0  -0.245000 -12.095505 -0.601118  -0.705398 0.302153 0.641184  0.000000 0.000000 0
0  -0.424353 -12.155689 -0.770071  -0.705398 0.302153 0.641184  0.000000 0.000000 0
c_invasion_wrangler_laser
0  -0.245000 -12.481317 -0.419308  -0.257656 0.411888 0.874049  0.000000 0.000000 0
0  0.000000 -12.073477 -0.539276  -0.257656 0.411888 0.874049  0.000000 0.000000 0
0  -0.245000 -12.095505 -0.601118  -0.257656 0.411888 0.874049  0.000000 0.000000 0
c_invasion_wrangler_laser
0  0.000000 -12.402328 -1.462454  -0.257656 -0.233455 -0.937610  0.000000 0.000000 0
0  -0.245000 -11.804987 -1.543859  -0.257656 -0.233455 -0.937610  0.000000 0.000000 0
0  0.000000 -11.814528 -1.608810  -0.257656 -0.233455 -0.937610  0.000000 0.000000 0
c_invasion_wrangler_laser
0  -0.245000 -12.380299 -1.400613  -0.705397 -0.171257 -0.687813  0.000000 0.000000 0
0  -0.424353 -11.778921 -1.366411  -0.705397 -0.171257 -0.687813  0.000000 0.000000 0
0  -0.245000 -11.804987 -1.543859  -0.705397 -0.171257 -0.687813  0.000000 0.000000 0
c_invasion_wrangler_laser
0  -0.424353 -12.320115 -1.231659  -0.965612 -0.062816 -0.252284  0.000000 0.000000 0
0  -0.490000 -11.743314 -1.124012  -0.965612 -0.062816 -0.252284  0.000000 0.000000 0
0  -0.424353 -11.778921 -1.366411  -0.965612 -0.062816 -0.252284  0.000000 0.000000 0
c_invasion_wrangler_laser
0  -0.490000 -12.237902 -1.000865  -0.965612 0.062816 0.252284  0.000000 0.000000 0
0  -0.424353 -11.707705 -0.881614  -0.965612 0.062816 0.252284  0.000000 0.000000 0
0  -0.490000 -11.743314 -1.124012  -0.965612 0.062816 0.252284  0.000000 0.000000 0
c_invasion_wrangler_laser
0  -0.424353 -12.155689 -0.770071  -0.705398 0.171258 0.687811  0.000000 0.000000 0
0  -0.245000 -11.681640 -0.704166  -0.705398 0.171258 0.687811  0.000000 0.000000 0
0  -0.424353 -11.707705 -0.881614  -0.705398 0.171258 0.687811  0.000000 0.000000 0
c_invasion_wrangler_laser
0  -0.245000 -12.095505 -0.601118  -0.257656 0.233455 0.937610  0.000000 0.000000 0
0  0.000000 -11.672099 -0.639215  -0.257656 0.233455 0.937610  0.000000 0.000000 0
0  -0.245000 -11.681640 -0.704166  -0.257656 0.233455 0.937610  0.000000 0.000000 0
painted_wood_01
0  0.000000 2.195168 2.157575  0.604959 -0.581616 0.543826  0.297403 0.539614 0
0  0.000000 1.998897 1.947666  0.604959 -0.581616 0.543826  0.297403 0.539614 0
0  1.040689 3.081822 1.948165  0.604959 -0.581616 0.543826  0.297403 0.539614 0
painted_wood_01
0  0.000000 1.998897 1.947666  0.614172 -0.589977 -0.524137  0.297403 0.539614 0
0  1.000001 3.523992 1.402775  0.614172 -0.589977 -0.524137  0.297403 0.539614 0
0  1.040689 3.081822 1.948165  0.614172 -0.589977 -0.524137  0.297403 0.539614 0
painted_wood_01
0  0.000000 1.998897 1.947666  0.798075 -0.580724 -0.160736  0.297403 0.539614 0
0  1.000001 3.766343 0.527183  0.798075 -0.580724 -0.160736  0.297403 0.539614 0
0  1.000001 3.523992 1.402775  0.798075 -0.580724 -0.160736  0.297403 0.539614 0
festive_lights_red
0  1.506855 9.045291 -1.407901  0.948132 0.124329 0.292553  0.289038 0.813347 0
0  1.169129 8.371672 -0.027095  0.948132 0.124329 0.292553  0.289038 0.813347 0
0  1.791192 5.824657 -0.960702  0.948132 0.124329 0.292553  0.304552 0.093670 0
black
0  1.169129 8.371672 -0.027095  0.921688 0.086488 0.378168  0.261898 1.451806 0
0  0.756352 5.377801 1.663652  0.921688 0.086488 0.378168  -0.200300 0.476676 0
0  1.791192 5.824657 -0.960702  0.921688 0.086488 0.378168  -0.082403 0.309679 0
gold_player
0  1.000001 3.766343 -0.527183  0.864276 -0.397218 -0.308619  0.629655 0.522741 0
0  1.038986 4.384902 -1.214143  0.864276 -0.397218 -0.308619  0.970732 1.371122 0
0  1.791192 5.824657 -0.960702  0.864276 -0.397218 -0.308619  0.750717 1.060359 0
black
0  1.791192 5.824657 -0.960702  0.907579 -0.283659 0.309578  0.750717 1.060359 0
0  0.756352 5.377801 1.663652  0.907579 -0.283659 0.309578  -0.200300 0.476676 0
0  1.000001 3.766343 -0.527183  0.907579 -0.283659 0.309578  0.629655 0.522741 0
black
0  1.000001 3.766343 -0.527183  0.988762 0.149499 0.000000  0.297403 0.539614 0
0  0.756352 5.377801 1.663652  0.988762 0.149499 0.000000  0.297403 0.539614 0
0  1.000001 3.766343 0.527183  0.988762 0.149499 0.000000  0.297403 0.539614 0
gold_player
0  0.756352 5.377801 1.663652  0.991581 0.126323 0.028440  0.297403 0.539614 0
0  1.040689 3.081822 1.948165  0.991581 0.126323 0.028440  0.297403 0.539614 0
0  1.000001 3.523992 1.402775  0.991581 0.126323 0.028440  0.297403 0.539614 0
festive_lights_red
0  1.000001 3.523992 1.402775  0.991495 0.125428 0.034717  0.297403 0.539614 0
0  1.000001 3.766343 0.527183  0.991495 0.125428 0.034717  0.297403 0.539614 0
0  0.756352 5.377801 1.663652  0.991495 0.125428 0.034717  0.297403 0.539614 0
painted_wood_01
0  0.000000 -7.674315 1.805716  1.000000 0.000000 0.000000  0.297403 0.539614 0
0  0.000000 -8.168456 -1.558184  1.000000 0.000000 0.000000  0.297403 0.539614 0
0  0.000000 -6.298166 -1.700005  1.000000 0.000000 0.000000  0.297403 0.539614 0
gold_player
0  -1.197502 1.446441 0.000000  0.000000 0.221594 -0.975139  0.593229 0.440361 0
0  -1.000001 3.766343 0.527183  0.000000 0.221594 -0.975139  0.386205 0.496145 0
0  0.000000 3.766343 0.527183  0.000000 0.221594 -0.975139  0.428739 0.494290 0
painted_wood_01
0  -1.000001 -6.298168 0.567713  -1.000000 -0.000000 0.000000  0.297403 0.539614 0
0  -1.000001 -6.298168 -0.567713  -1.000000 -0.000000 0.000000  0.297403 0.539614 0
0  -1.000001 -8.066722 -0.865616  -1.000000 -0.000000 0.000000  0.297403 0.539614 0
painted_wood_01
0  -1.000001 -8.066722 -0.865616  -0.549653 -0.296195 -0.781121  0.297403 0.539614 0
0  0.000000 -8.168456 -1.558184  -0.549651 -0.296197 -0.781122  0.297403 0.539614 0
0  0.000000 -9.122035 -1.169117  -0.549650 -0.296198 -0.781122  0.297403 0.539614 0
painted_wood_01
0  0.000000 -6.298168 1.699995  -0.669339 0.165279 0.724340  0.297403 0.539614 0
0  -1.000001 -6.298168 0.567713  -0.669336 0.165282 0.724342  0.297403 0.539614 0
0  -1.000001 -7.776050 1.113149  -0.669334 0.165286 0.724343  0.297403 0.539614 0
painted_wood_01
0  -1.000001 -6.298168 -0.567713  -0.672822 0.031694 -0.739125  0.297403 0.539614 0
0  0.000000 -6.298166 -1.700005  -0.672817 0.031685 -0.739130  0.297403 0.539614 0
0  0.000000 -8.168456 -1.558184  -0.672815 0.031681 -0.739132  0.297403 0.539614 0
gold_player
0  -1.000001 -6.298168 -0.567713  0.000000 1.000000 0.000000  -0.141682 0.495903 0
0  -1.000001 -6.298168 0.567713  0.000000 1.000000 0.000000  0.000246 0.495903 0
0  0.000000 -6.298168 0.667713  0.000000 1.000000 0.000000  0.012747 0.558403 0
gold_player
0  -1.000001 3.766343 0.527183  0.000000 -1.000000 0.000000  -0.004820 0.491805 0
0  -1.000001 3.766343 -0.527183  0.000000 -1.000000 0.000000  -0.136616 0.491805 0
0  0.000000 3.766343 -0.527183  0.000000 -1.000000 0.000000  -0.136615 0.616805 0
gold_player
0  -1.000001 3.766343 -0.527183  0.000000 0.221594 0.975139  0.737364 0.416955 0
0  -1.197502 1.446441 0.000000  0.000000 0.221594 0.975139  0.820211 0.361171 0
0  0.000000 1.446441 0.000000  0.000000 0.221594 0.975139  0.782676 0.358951 0
festive_lights_red
0  0.000000 0.568786 -1.792446  -0.195091 0.000000 -0.980785  0.166801 0.093669 0
0  0.000000 -3.392442 -1.792447  -0.195091 0.000000 -0.980785  0.163110 0.976463 0
0  -0.532866 -3.392442 -1.686453  -0.195091 0.000000 -0.980785  0.025998 0.976463 0
black
0  -0.532866 0.568786 -1.686452  -0.555570 0.000000 -0.831470  0.163181 0.607807 0
0  -0.532866 -3.392442 -1.686453  -0.555570 0.000000 -0.831470  0.163181 1.598115 0
0  -0.984607 -3.392442 -1.384609  -0.555570 0.000000 -0.831470  0.250208 1.598114 0
painted_wood_01
0  -1.286451 0.568786 -0.732867  -0.907408 0.000000 -0.420252  0.297403 0.539614 0
0  -0.984607 0.568786 -1.384608  -0.907408 0.000000 -0.420252  0.297403 0.539614 0
0  -1.286451 -1.411828 -0.732868  -0.907408 0.000000 -0.420252  0.297403 0.539614 0
painted_wood_01
0  -0.984607 0.568786 -1.384608  -0.907408 0.000000 -0.420252  0.297403 0.539614 0
0  -0.984607 -3.392442 -1.384609  -0.907408 0.000000 -0.420252  0.297403 0.539614 0
0  -1.286451 -1.411828 -0.732868  -0.907408 0.000000 -0.420252  0.297403 0.539614 0
painted_wood_01
0  -0.984607 0.568785 1.384604  -0.907408 -0.000000 0.420252  0.297403 0.539614 0
0  -1.286450 0.568785 0.732862  -0.907408 -0.000000 0.420252  0.297403 0.539614 0
0  -1.286450 -1.411829 0.732862  -0.907408 -0.000000 0.420252  0.297403 0.539614 0
painted_wood_01
0  -1.286450 -1.411829 0.732862  -0.907408 -0.000000 0.420252  0.297403 0.539614 0
0  -1.286450 -3.392443 0.732861  -0.907408 -0.000000 0.420252  0.297403 0.539614 0
0  -0.984607 -3.392443 1.384602  -0.907408 -0.000000 0.420252  0.297403 0.539614 0
black
0  -0.984607 0.568785 1.384604  -0.555570 -0.000000 0.831470  0.297403 0.539614 0
0  -0.984607 -3.392443 1.384602  -0.555570 -0.000000 0.831470  0.297403 0.539614 0
0  -0.532866 -3.392443 1.686446  -0.555570 -0.000000 0.831470  0.297403 0.539614 0
festive_lights_red
0  -0.532866 0.568785 1.686447  -0.195089 -0.000000 0.980785  0.297403 0.539614 0
0  -0.532866 -3.392443 1.686446  -0.195089 -0.000000 0.980785  0.297403 0.539614 0
0  0.000000 -3.392443 1.792439  -0.195089 -0.000000 0.980785  0.297403 0.539614 0
gold_player
0  -1.197502 -4.270097 0.000000  0.043546 -0.289137 0.956297  0.453063 0.675889 0
0  -1.000001 -6.298168 -0.567713  0.043545 -0.289136 0.956297  0.156617 0.234700 0
0  0.000000 -6.298168 -0.667713  0.043544 -0.289134 0.956298  0.234288 0.333411 0
painted_wood_01
0  -1.286450 -3.392443 0.732861  -0.970056 -0.108008 0.217546  0.297403 0.539614 0
0  -1.197502 -4.270097 0.000000  -0.970056 -0.108003 0.217546  0.297403 0.539614 0
0  -1.000001 -6.298168 0.567713  -0.970058 -0.107986 0.217547  0.297403 0.539614 0
painted_wood_01
0  -0.984607 0.568786 -1.384608  -0.971770 0.100770 -0.213326  0.297403 0.539614 0
0  -1.286451 0.568786 -0.732867  -0.971774 0.100786 -0.213300  0.297403 0.539614 0
0  -1.197502 1.446441 0.000000  -0.971778 0.100801 -0.213278  0.297403 0.539614 0
painted_wood_01
0  -1.286450 0.568785 0.732862  -0.971766 0.100789 0.213336  0.297403 0.539614 0
0  -0.984607 0.568785 1.384604  -0.971766 0.100790 0.213336  0.297403 0.539614 0
0  -1.000001 3.766343 0.527183  -0.971767 0.100776 0.213337  0.297403 0.539614 0
c_invasion_wrangler_laser
0  -0.760020 0.712068 -1.288985  -0.381124 0.064542 -0.922268  0.000000 0.000000 0
0  -0.767678 3.772680 -1.077588  -0.381124 0.064568 -0.922266  0.000000 0.000000 0
0  -0.440115 0.713023 -1.517149  -0.381124 0.064553 -0.922267  0.000000 0.000000 0
c_invasion_wrangler_laser
0  -0.767678 3.772680 -1.077588  -0.381107 0.064547 -0.922275  0.000000 0.000000 0
0  0.000000 3.808831 -1.445365  -0.381109 0.064542 -0.922275  0.000000 0.000000 0
0  -0.440115 0.713023 -1.517149  -0.381109 0.064543 -0.922275  0.000000 0.000000 0
painted_wood_01
0  0.000000 0.568785 1.792440  -0.613466 0.135255 0.778053  0.297403 0.539614 0
0  0.000000 1.998897 1.947666  -0.613471 0.135245 0.778051  0.297403 0.539614 0
0  -0.532866 0.568785 1.686447  -0.613475 0.135236 0.778049  0.297403 0.539614 0
painted_wood_01
0  0.000000 1.998897 1.947666  -0.613486 0.135228 0.778041  0.297403 0.539614 0
0  -1.000001 3.766343 0.527183  -0.613485 0.135230 0.778042  0.297403 0.539614 0
0  -0.984607 0.568785 1.384604  -0.613483 0.135234 0.778043  0.297403 0.539614 0
painted_wood_01
0  -0.984607 -3.392442 -1.384609  -0.970050 -0.107965 -0.217591  0.297403 0.539614 0
0  -1.000001 -6.298168 -0.567713  -0.970051 -0.107967 -0.217588  0.297403 0.539614 0
0  -1.197502 -4.270097 0.000000  -0.970051 -0.107965 -0.217590  0.297403 0.539614 0
painted_wood_01
0  -0.532866 -3.392443 1.686446  -0.607361 -0.136179 0.782667  0.297403 0.539614 0
0  -0.984607 -3.392443 1.384602  -0.607363 -0.136176 0.782666  0.297403 0.539614 0
0  0.000000 -6.298168 1.699995  -0.607360 -0.136181 0.782668  0.297403 0.539614 0
painted_wood_01
0  -0.984607 -3.392443 1.384602  -0.607412 -0.136208 0.782623  0.297403 0.539614 0
0  -1.000001 -6.298168 0.567713  -0.607412 -0.136206 0.782623  0.297403 0.539614 0
0  0.000000 -6.298168 1.699995  -0.607419 -0.136181 0.782622  0.297403 0.539614 0
painted_wood_01
0  -0.532866 -3.392442 -1.686453  -0.607356 -0.136166 -0.782673  0.297403 0.539614 0
0  0.000000 -3.392442 -1.792447  -0.607350 -0.136189 -0.782674  0.297403 0.539614 0
0  0.000000 -6.298166 -1.700005  -0.607353 -0.136177 -0.782673  0.297403 0.539614 0
painted_wood_01
0  0.000000 -6.298166 -1.700005  -0.607416 -0.136203 -0.782620  0.297403 0.539614 0
0  -1.000001 -6.298168 -0.567713  -0.607420 -0.136192 -0.782619  0.297403 0.539614 0
0  -0.984607 -3.392442 -1.384609  -0.607415 -0.136208 -0.782620  0.297403 0.539614 0
gold_player
0  -1.000001 -6.298168 0.567713  0.043504 -0.289145 -0.956296  -0.207490 -0.297144 0
0  -1.197502 -4.270097 0.000000  0.043505 -0.289144 -0.956297  0.102467 0.151397 0
0  0.000000 -4.270097 0.000000  0.043504 -0.289145 -0.956296  0.130371 0.183502 0
painted_wood_01
0  -0.927546 -8.786492 1.115114  0.000002 -0.989382 0.145336  0.297403 0.539614 0
0  -0.927546 -9.035044 -0.576909  0.000002 -0.989382 0.145336  0.297403 0.539614 0
0  0.000000 -9.122035 -1.169117  0.000002 -0.989382 0.145336  0.297403 0.539614 0
painted_wood_01
0  -1.000001 -7.776050 1.113149  -0.997385 -0.071498 0.010503  0.297403 0.539614 0
0  -1.000001 -8.066722 -0.865616  -0.997385 -0.071498 0.010503  0.297403 0.539614 0
0  -0.927546 -9.035044 -0.576909  -0.997385 -0.071498 0.010503  0.297403 0.539614 0
painted_wood_01
0  0.000000 -8.168456 -1.558184  1.000000 0.000000 0.000000  0.297403 0.539614 0
0  0.000000 -7.674315 1.805716  1.000000 0.000000 0.000000  0.297403 0.539614 0
0  0.000000 -8.699500 1.707322  1.000000 0.000000 0.000000  0.297403 0.539614 0
painted_wood_01
0  -0.927546 -8.786492 1.115114  0.076806 -0.996019 -0.045244  0.297403 0.539614 0
0  0.000000 -8.699500 1.707322  0.076807 -0.996019 -0.045242  0.297403 0.539614 0
0  0.000000 -8.817576 3.373937  0.076805 -0.996019 -0.045246  0.297403 0.539614 0
painted_wood_01
0  0.000000 -7.792392 3.472332  -0.294520 -0.055653 0.954023  0.297403 0.539614 0
0  -2.099297 -7.894127 2.779765  -0.294524 -0.055655 0.954022  0.297403 0.539614 0
0  -2.026842 -8.904570 2.781729  -0.294524 -0.055655 0.954022  0.297403 0.539614 0
painted_wood_01
0  0.000000 -8.699500 1.707322  1.000000 0.000000 0.000000  0.297403 0.539614 0
0  0.000000 -7.674315 1.805716  1.000000 0.000000 0.000000  0.297403 0.539614 0
0  0.000000 -7.792392 3.472332  1.000000 0.000000 0.000000  0.297403 0.539614 0
painted_wood_01
0  0.000000 -7.674315 1.805716  -0.084435 0.995515 0.042671  0.297403 0.539614 0
0  -1.000001 -7.776050 1.113149  -0.084439 0.995515 0.042673  0.297403 0.539614 0
0  -2.099297 -7.894127 2.779765  -0.084439 0.995515 0.042673  0.297403 0.539614 0
painted_wood_01
0  -1.000001 -7.776050 1.113149  -0.831244 -0.060679 -0.552587  0.297403 0.539614 0
0  -0.927546 -8.786492 1.115114  -0.831244 -0.060679 -0.552587  0.297403 0.539614 0
0  -2.026842 -8.904570 2.781729  -0.831244 -0.060679 -0.552587  0.297403 0.539614 0
c_invasion_wrangler_laser
0  0.000000 3.808831 -1.445365  -0.394824 -0.348112 -0.850254  0.000000 0.000000 0
0  -0.767678 3.772680 -1.077588  -0.394824 -0.348112 -0.850254  0.000000 0.000000 0
0  -0.800226 4.361275 -1.299955  -0.394823 -0.348112 -0.850254  0.000000 0.000000 0
painted_wood_01
0  -1.040689 3.081822 1.948165  -0.521601 -0.782016 -0.341149  0.297403 0.539614 0
0  0.000000 2.195168 2.157575  -0.521604 -0.782011 -0.341156  0.297403 0.539614 0
0  0.000000 1.302137 4.436562  -0.521602 -0.782015 -0.341151  0.297403 0.539614 0
painted_wood_01
0  -1.334608 1.639535 5.471472  -0.521754 -0.442780 -0.729190  0.297403 0.539614 0
0  0.000000 1.302137 4.436562  -0.521754 -0.442780 -0.729191  0.297403 0.539614 0
0  0.000000 -2.194918 6.844880  -0.521758 -0.442769 -0.729194  0.297403 0.539614 0
painted_wood_01
0  -2.043638 -1.586379 7.652559  -0.516410 -0.394856 -0.759875  0.297403 0.539614 0
0  0.000000 -2.194918 6.844880  -0.516413 -0.394850 -0.759875  0.297403 0.539614 0
0  0.000000 -5.283927 8.185042  -0.516412 -0.394853 -0.759875  0.297403 0.539614 0
c_invasion_wrangler_laser
0  -0.823280 2.745751 6.255489  -0.390820 0.729986 0.560696  0.000000 0.000000 0
0  -0.771739 4.292706 2.726336  -0.390817 0.729987 0.560697  0.000000 0.000000 0
0  -6.654728 0.857779 4.648882  -0.390819 0.729986 0.560697  0.000000 0.000000 0
c_invasion_wrangler_laser
0  -0.812732 -5.064515 9.333725  -0.076640 -0.261483 0.962161  0.000000 0.000000 0
0  -0.259706 -3.714955 9.609733  -0.076634 -0.261474 0.962164  0.000000 0.000000 0
0  -3.017567 -8.248178 8.292931  -0.076623 -0.261458 0.962169  0.000000 0.000000 0
c_invasion_wrangler_laser
0  -0.937817 3.574015 2.561584  -0.494431 0.475622 -0.727544  0.000000 0.000000 0
0  -1.007624 3.293729 2.388378  -0.494435 0.475620 -0.727543  0.000000 0.000000 0
0  -6.536331 -0.013675 4.020900  -0.494437 0.475618 -0.727543  0.000000 0.000000 0
c_invasion_wrangler_laser
0  -0.856414 -4.619143 9.005753  0.803171 -0.216111 -0.555169  0.000000 0.000000 0
0  -0.812732 -5.064515 9.333725  0.803173 -0.216106 -0.555168  0.000000 0.000000 0
0  -3.019983 -9.563709 7.800428  0.803172 -0.216108 -0.555168  0.000000 0.000000 0
c_invasion_wrangler_laser
0  -1.007624 3.293729 2.388378  0.424808 -0.719805 -0.549016  0.000000 0.000000 0
0  -1.272847 1.852638 5.646378  0.424816 -0.719797 -0.549021  0.000000 0.000000 0
0  -6.273186 -2.590704 6.028722  0.424818 -0.719795 -0.549022  0.000000 0.000000 0
c_invasion_wrangler_laser
0  -0.259706 -3.714955 9.609733  -0.319148 0.056330 0.946029  0.000000 0.000000 0
0  -1.356813 -0.395489 8.386103  -0.319151 0.056328 0.946028  0.000000 0.000000 0
0  -5.373821 -5.406857 7.985157  -0.319159 0.056326 0.946026  0.000000 0.000000 0
gold_player
0  -1.040689 3.081822 1.948165  -0.961710 0.164492 0.219219  0.297403 0.539614 0
0  -0.901403 3.668780 2.309439  -0.961715 0.164469 0.219210  0.297403 0.539614 0
0  -0.657924 4.561394 2.517317  -0.961713 0.164478 0.219214  0.297403 0.539614 0
crystal_ball_glass
0  -0.440115 0.713023 -1.517149  -0.093187 0.812909 -0.574887  0.245203 0.664189 0
0  0.000000 0.726782 -1.549412  -0.093188 0.812909 -0.574886  0.211837 0.691079 0
0  0.000000 0.568786 -1.792446  -0.093189 0.812910 -0.574885  0.200414 0.695991 0
crystal_ball_glass
0  -0.760020 0.712068 -1.288985  -0.332108 0.810751 -0.482065  0.199542 0.746891 0
0  -0.440115 0.713023 -1.517149  -0.332107 0.810750 -0.482067  0.164378 0.773566 0
0  -0.532866 0.568786 -1.686452  -0.332107 0.810751 -0.482067  0.158996 0.774969 0
crystal_ball_glass
0  -0.767678 3.772680 -1.077588  -0.719377 0.114300 -0.685151  0.635129 0.475828 0
0  -0.760020 0.712068 -1.288985  -0.719372 0.114378 -0.685143  0.918193 0.431213 0
0  -0.984607 0.568786 -1.384608  -0.719370 0.114403 -0.685141  0.943529 0.418513 0
crystal_ball_glass
0  -0.800226 4.361275 -1.299955  -0.727461 -0.439827 -0.526643  0.542513 0.543459 0
0  -0.767678 3.772680 -1.077588  -0.727462 -0.439829 -0.526640  0.594931 0.536201 0
0  -1.000001 3.766343 -0.527183  -0.727452 -0.439801 -0.526677  0.629655 0.522741 0
crystal_ball_glass
0  0.000000 5.470138 -1.996089  -0.151761 -0.478061 -0.865116  1.091069 1.442094 0
0  -0.800226 4.361275 -1.299955  -0.151759 -0.478059 -0.865118  1.271713 1.537758 0
0  -1.038986 4.384902 -1.214143  -0.151760 -0.478061 -0.865117  1.278580 1.516844 0
painted_wood_01
0  -1.272847 1.852638 5.646378  -0.978231 0.207380 0.007523  0.297403 0.539614 0
0  -1.007624 3.293729 2.388378  -0.978231 0.207382 0.007517  0.297403 0.539614 0
0  -1.040689 3.081822 1.948165  -0.978231 0.207381 0.007521  0.297403 0.539614 0
painted_wood_01
0  -1.977765 -1.458318 7.880527  -0.961297 0.263119 0.081711  0.297403 0.539614 0
0  -1.272847 1.852638 5.646378  -0.961296 0.263121 0.081709  0.297403 0.539614 0
0  -1.334608 1.639535 5.471472  -0.961296 0.263121 0.081709  0.297403 0.539614 0
painted_wood_01
0  -0.856414 -4.619143 9.005753  -0.901031 -0.175797 0.396533  0.297403 0.539614 0
0  -1.977765 -1.458318 7.880527  -0.901032 -0.175795 0.396532  0.297403 0.539614 0
0  -2.043638 -1.586379 7.652559  -0.901032 -0.175795 0.396532  0.297403 0.539614 0
painted_wood_01
0  -0.812732 -5.064515 9.333725  -0.969995 -0.241350 0.029338  0.297403 0.539614 0
0  -0.856414 -4.619143 9.005753  -0.969994 -0.241350 0.029344  0.297403 0.539614 0
0  -0.823650 -5.073333 8.900395  -0.969994 -0.241350 0.029348  0.297403 0.539614 0
painted_wood_01
0  -1.007624 3.293729 2.388378  -0.963657 0.262596 -0.049071  0.297403 0.539614 0
0  -0.937817 3.574015 2.561584  -0.963657 0.262596 -0.049071  0.297403 0.539614 0
0  -0.901403 3.668780 2.309439  -0.963657 0.262596 -0.049071  0.297403 0.539614 0
painted_wood_01
0  -0.771739 4.292706 2.726336  -0.845982 0.493378 0.202219  0.297403 0.539614 0
0  -0.823280 2.745751 6.255489  -0.845982 0.493379 0.202218  0.297403 0.539614 0
0  -0.682034 2.936179 6.411346  -0.845982 0.493379 0.202217  0.297403 0.539614 0
painted_wood_01
0  -0.823280 2.745751 6.255489  -0.811038 0.411005 0.416283  0.297403 0.539614 0
0  -1.356813 -0.395489 8.386103  -0.811038 0.411007 0.416281  0.297403 0.539614 0
0  -1.177081 -0.280943 8.554533  -0.811038 0.411008 0.416281  0.297403 0.539614 0
painted_wood_01
0  -1.356813 -0.395489 8.386103  -0.638927 0.064864 0.766528  0.297403 0.539614 0
0  -0.259706 -3.714955 9.609733  -0.638924 0.064856 0.766532  0.297403 0.539614 0
0  0.000000 -3.767897 9.802369  -0.638922 0.064853 0.766533  0.297403 0.539614 0
painted_wood_01
0  -0.259706 -3.714955 9.609733  -0.613964 0.101936 0.782724  0.297403 0.539614 0
0  -0.812732 -5.064515 9.333725  -0.613966 0.101931 0.782724  0.297403 0.539614 0
0  -0.684365 -5.253276 9.476967  -0.613966 0.101930 0.782723  0.297403 0.539614 0
painted_wood_01
0  -0.937817 3.574015 2.561584  -0.958286 0.267095 -0.101721  0.297403 0.539614 0
0  -0.771739 4.292706 2.726336  -0.958289 0.267085 -0.101720  0.297403 0.539614 0
0  -0.657924 4.561394 2.517317  -0.958290 0.267081 -0.101720  0.297403 0.539614 0
c_invasion_wrangler_laser
0  -5.542016 -6.421937 7.141289  -0.645896 -0.613732 -0.454040  0.000000 0.000000 0
0  -3.229265 -9.085955 7.403142  -0.645890 -0.613738 -0.454038  0.000000 0.000000 0
0  -3.019983 -9.563709 7.800428  -0.645889 -0.613741 -0.454038  0.000000 0.000000 0
c_invasion_wrangler_laser
0  -6.273186 -2.590704 6.028722  -0.680070 -0.319379 -0.659926  0.000000 0.000000 0
0  -5.542016 -6.421937 7.141289  -0.680070 -0.319377 -0.659926  0.000000 0.000000 0
0  -5.930401 -6.289558 7.465569  -0.680070 -0.319378 -0.659926  0.000000 0.000000 0
c_invasion_wrangler_laser
0  -6.536331 -0.013675 4.020900  -0.611494 -0.527931 -0.589375  0.000000 0.000000 0
0  -6.273186 -2.590704 6.028722  -0.611495 -0.527933 -0.589374  0.000000 0.000000 0
0  -6.622528 -2.546875 6.379444  -0.611495 -0.527935 -0.589372  0.000000 0.000000 0
c_invasion_wrangler_laser
0  -5.930401 -6.289558 7.465569  -0.433607 -0.283550 0.855327  0.000000 0.000000 0
0  -3.019983 -9.563709 7.800428  -0.433607 -0.283550 0.855327  0.000000 0.000000 0
0  -3.017567 -8.248178 8.292931  -0.433608 -0.283549 0.855327  0.000000 0.000000 0
c_invasion_wrangler_laser
0  -6.622528 -2.546875 6.379444  -0.755329 0.037548 0.654269  0.000000 0.000000 0
0  -5.930401 -6.289558 7.465569  -0.755328 0.037547 0.654270  0.000000 0.000000 0
0  -5.373821 -5.406857 7.985157  -0.755329 0.037548 0.654269  0.000000 0.000000 0
c_invasion_wrangler_laser
0  -6.878329 0.071715 4.271703  -0.914011 0.176934 0.365074  0.000000 0.000000 0
0  -6.622528 -2.546875 6.379444  -0.914013 0.176939 0.365066  0.000000 0.000000 0
0  -6.192101 -1.820817 6.907058  -0.914013 0.176941 0.365064  0.000000 0.000000 0
c_invasion_wrangler_laser
0  -1.272847 1.852638 5.646378  0.448756 -0.377825 -0.809856  0.000000 0.000000 0
0  -1.977765 -1.458318 7.880527  0.448746 -0.377845 -0.809852  0.000000 0.000000 0
0  -5.542016 -6.421937 7.141289  0.448734 -0.377867 -0.809848  0.000000 0.000000 0
c_invasion_wrangler_laser
0  -1.977765 -1.458318 7.880527  0.370643 -0.002701 -0.928771  0.000000 0.000000 0
0  -0.856414 -4.619143 9.005753  0.370644 -0.002692 -0.928771  0.000000 0.000000 0
0  -3.229265 -9.085955 7.403142  0.370649 -0.002664 -0.928769  0.000000 0.000000 0
c_invasion_wrangler_laser
0  -1.356813 -0.395489 8.386103  -0.372114 0.386743 0.843778  0.000000 0.000000 0
0  -0.823280 2.745751 6.255489  -0.372091 0.386749 0.843785  0.000000 0.000000 0
0  -6.192101 -1.820817 6.907058  -0.372091 0.386749 0.843785  0.000000 0.000000 0
c_invasion_wrangler_laser
0  -0.771739 4.292706 2.726336  -0.477058 0.404521 -0.780243  0.000000 0.000000 0
0  -0.937817 3.574015 2.561584  -0.477059 0.404520 -0.780242  0.000000 0.000000 0
0  -6.878329 0.071715 4.271703  -0.477059 0.404520 -0.780242  0.000000 0.000000 0
gold_player
0  -0.856414 -4.619143 9.005753  -0.708643 0.040365 0.704411  0.297403 0.539614 0
0  -0.812732 -5.064515 9.333725  -0.708637 0.040376 0.704417  0.297403 0.539614 0
0  -0.259706 -3.714955 9.609733  -0.708650 0.040353 0.704406  0.297403 0.539614 0
gold_player
0  -0.259706 -3.714955 9.609733  -0.708607 0.040372 0.704448  0.297403 0.539614 0
0  -1.356813 -0.395489 8.386103  -0.708607 0.040373 0.704448  0.297403 0.539614 0
0  -1.977765 -1.458318 7.880527  -0.708607 0.040370 0.704448  0.297403 0.539614 0
gold_player
0  -1.356813 -0.395489 8.386103  -0.901905 0.347056 0.257139  0.297403 0.539614 0
0  -0.823280 2.745751 6.255489  -0.901905 0.347055 0.257140  0.297403 0.539614 0
0  -1.272847 1.852638 5.646378  -0.901905 0.347054 0.257141  0.297403 0.539614 0
gold_player
0  -1.272847 1.852638 5.646378  -0.949534 0.300997 0.088236  0.297403 0.539614 0
0  -0.823280 2.745751 6.255489  -0.949534 0.300995 0.088244  0.297403 0.539614 0
0  -0.937817 3.574015 2.561584  -0.949534 0.300998 0.088234  0.297403 0.539614 0
gold_player
0  -0.823280 2.745751 6.255489  -0.949555 0.300935 0.088219  0.297403 0.539614 0
0  -0.771739 4.292706 2.726336  -0.949555 0.300934 0.088225  0.297403 0.539614 0
0  -0.937817 3.574015 2.561584  -0.949555 0.300934 0.088227  0.297403 0.539614 0
gold_player
0  0.000000 -5.283927 8.185042  0.654565 -0.663424 0.362510  0.297403 0.539614 0
0  0.000000 -3.767897 9.802369  0.654460 -0.663419 0.362708  0.297403 0.539614 0
0  -0.684365 -5.253276 9.476967  0.654578 -0.663425 0.362485  0.297403 0.539614 0
painted_wood_01
0  -1.169129 8.371672 -0.027095  0.445905 0.498684 0.743292  0.297403 0.539614 0
0  -0.756352 5.377801 1.663652  0.445908 0.498674 0.743297  0.297403 0.539614 0
0  -0.459152 5.377801 1.555579  0.445905 0.498686 0.743291  0.297403 0.539614 0
black
0  -1.169129 8.371672 -0.027095  0.530232 0.811964 0.244065  0.261898 1.451806 0
0  -0.396860 8.371672 -1.578389  0.530231 0.811963 0.244072  0.277310 1.976437 0
0  -0.678174 8.795123 -2.502386  0.530232 0.811963 0.244069  0.299796 2.168157 0
gold_player
0  0.000000 -1.380653 9.120767  -0.197148 0.273699 0.941393  -2.318932 1.157930 0
0  -0.155197 0.390280 8.560888  -0.197148 0.273699 0.941393  -1.942630 1.055233 0
0  -1.177081 -0.280943 8.554533  -0.197148 0.273699 0.941393  -1.550858 0.833152 0
gold_player
0  -1.177081 -0.280943 8.554533  -0.536160 0.477023 0.696406  -2.572938 3.262876 0
0  -0.155197 0.390280 8.560888  -0.536163 0.477011 0.696412  -2.789586 3.540010 0
0  -0.290288 3.298390 6.785602  -0.536160 0.477021 0.696407  -2.244781 2.936060 0
gold_player
0  -0.682034 2.936179 6.411346  -0.884835 0.420490 0.200638  -1.288543 6.314774 0
0  -0.290288 3.298390 6.785602  -0.884835 0.420484 0.200649  -1.209175 6.172547 0
0  -0.515440 4.916241 2.996548  -0.884835 0.420488 0.200641  -1.201705 5.043467 0
gold_player
0  -0.657924 4.561394 2.517317  -0.746508 0.575380 0.334161  -0.202506 3.773928 0
0  -0.515440 4.916241 2.996548  -0.746512 0.575365 0.334178  -0.243905 3.955646 0
0  -0.459152 5.377801 1.555579  -0.746503 0.575401 0.334136  -0.117428 2.889515 0
c_invasion_wrangler_laser
0  -0.520693 8.371672 -0.486404  -0.999233 -0.000058 0.039153  0.000000 0.000000 0
0  -0.459152 5.377801 1.555579  -0.999233 -0.000058 0.039153  0.000000 0.000000 0
0  -0.459152 21.661304 1.103944  -0.999233 -0.000058 0.039153  0.000000 0.000000 0
c_invasion_wrangler_laser
0  -0.290288 3.298390 6.785602  -0.995640 0.019640 0.091185  0.000000 0.000000 0
0  -0.155197 0.390280 8.560888  -0.995640 0.019640 0.091184  0.000000 0.000000 0
0  -0.155197 4.142133 8.078921  -0.995640 0.019640 0.091185  0.000000 0.000000 0
c_invasion_wrangler_laser
0  -0.459152 5.377801 1.555579  -0.999223 -0.001104 -0.039386  0.000000 0.000000 0
0  -0.515440 4.916241 2.996548  -0.999223 -0.001104 -0.039386  0.000000 0.000000 0
0  -0.515440 13.540890 2.754792  -0.999223 -0.001104 -0.039386  0.000000 0.000000 0
c_invasion_wrangler_laser
0  -0.396860 8.371672 -1.578389  -0.993621 0.004650 -0.112678  0.000000 0.000000 0
0  -0.520693 8.371672 -0.486404  -0.993621 0.004650 -0.112678  0.000000 0.000000 0
0  -0.520693 20.385536 0.009419  -0.993621 0.004650 -0.112678  0.000000 0.000000 0
c_invasion_wrangler_laser
0  -0.155197 0.390280 8.560888  -0.965438 0.021856 0.259713  0.000000 0.000000 0
0  0.000000 -1.380653 9.120767  -0.965438 0.021855 0.259713  0.000000 0.000000 0
0  0.000000 2.057932 8.997468  -0.965438 0.021859 0.259714  0.000000 0.000000 0
c_invasion_wrangler_laser
0  -0.515440 4.916241 2.996548  -0.996852 0.009112 0.078756  0.000000 0.000000 0
0  -0.290288 3.298390 6.785602  -0.996852 0.009111 0.078755  0.000000 0.000000 0
0  -0.290288 7.542612 5.542544  -0.996852 0.009112 0.078756  0.000000 0.000000 0
c_invasion_wrangler_laser
0  -0.396860 8.371672 -1.578389  -0.921932 0.016729 -0.386992  0.000000 0.000000 0
0  -0.396860 20.436710 -1.081366  -0.921932 0.016729 -0.386992  0.000000 0.000000 0
0  0.000000 21.543350 -1.954461  -0.921932 0.016729 -0.386992  0.000000 0.000000 0
c_invasion_wrangler_laser
0  -0.396860 20.436710 -1.081366  -0.890672 0.014599 -0.454412  0.000000 0.000000 0
0  -0.396860 27.036182 -1.000001  -0.890672 0.014603 -0.454412  0.000000 0.000000 0
0  0.000000 28.308796 -1.606148  -0.890671 0.014615 -0.454413  0.000000 0.000000 0
c_invasion_wrangler_laser
0  -0.396860 20.436710 -1.081366  -0.993412 0.001093 -0.114595  0.000000 0.000000 0
0  -0.520693 20.385536 0.009419  -0.993412 0.001093 -0.114595  0.000000 0.000000 0
0  -0.520693 26.744560 0.052322  -0.993412 0.001093 -0.114595  0.000000 0.000000 0
c_invasion_wrangler_laser
0  -0.520693 20.385536 0.009419  -0.998665 -0.001421 0.051628  0.000000 0.000000 0
0  -0.459152 21.661304 1.103944  -0.998665 -0.001421 0.051628  0.000000 0.000000 0
0  -0.459152 27.746052 1.402352  -0.998665 -0.001421 0.051628  0.000000 0.000000 0
c_invasion_wrangler_laser
0  -0.290288 7.542612 5.542544  -0.987507 0.077653 0.137116  0.000000 0.000000 0
0  -0.155197 4.142133 8.078921  -0.987506 0.077653 0.137118  0.000000 0.000000 0
0  0.000000 6.523435 8.210360  -0.987506 0.077653 0.137119  0.000000 0.000000 0
c_invasion_wrangler_laser
0  -0.155197 4.142133 8.078921  -0.976207 0.037648 0.213546  0.000000 0.000000 0
0  0.000000 2.057932 8.997468  -0.976207 0.037648 0.213546  0.000000 0.000000 0
0  0.000000 4.727814 8.685138  -0.976207 0.037648 0.213546  0.000000 0.000000 0
c_invasion_wrangler_laser
0  -0.515440 13.540890 2.754792  -0.944828 0.128452 0.301330  0.000000 0.000000 0
0  -0.290288 7.542612 5.542544  -0.944827 0.128442 0.301339  0.000000 0.000000 0
0  0.000000 9.986961 5.885887  -0.944828 0.128448 0.301334  0.000000 0.000000 0
c_invasion_wrangler_laser
0  -0.396860 27.036182 -1.000001  -0.809539 0.014089 -0.586897  0.000000 0.000000 0
0  -0.380179 41.238598 -0.771088  -0.809539 0.014101 -0.586897  0.000000 0.000000 0
0  0.000000 42.108261 -1.185313  -0.809539 0.014092 -0.586897  0.000000 0.000000 0
c_invasion_wrangler_laser
0  -0.396860 27.036182 -1.000001  -0.993240 0.003037 -0.116039  0.000000 0.000000 0
0  -0.520693 26.744560 0.052322  -0.993240 0.003037 -0.116039  0.000000 0.000000 0
0  -0.464803 41.039307 -0.051958  -0.993240 0.003037 -0.116039  0.000000 0.000000 0
c_invasion_wrangler_laser
0  -0.520693 26.744560 0.052322  -0.999091 0.004216 0.042416  0.000000 0.000000 0
0  -0.459152 27.746052 1.402352  -0.999091 0.004216 0.042416  0.000000 0.000000 0
0  -0.422748 41.723705 0.870616  -0.999091 0.004216 0.042416  0.000000 0.000000 0
c_invasion_wrangler_laser
0  -0.380179 41.238598 -0.771088  -0.680406 0.030531 -0.732199  0.000000 0.000000 0
0  -0.348789 50.094963 -0.527948  -0.680405 0.030547 -0.732199  0.000000 0.000000 0
0  0.000000 50.533009 -0.736591  -0.680405 0.030542 -0.732199  0.000000 0.000000 0
c_invasion_wrangler_laser
0  -0.380179 41.238598 -0.771088  -0.993338 0.006679 -0.115041  0.000000 0.000000 0
0  -0.464803 41.039307 -0.051958  -0.993338 0.006679 -0.115041  0.000000 0.000000 0
0  -0.391415 49.994579 -0.165725  -0.993338 0.006679 -0.115041  0.000000 0.000000 0
c_invasion_wrangler_laser
0  -0.464803 41.039307 -0.051958  -0.999197 0.008685 0.039105  0.000000 0.000000 0
0  -0.422748 41.723705 0.870616  -0.999197 0.008685 0.039105  0.000000 0.000000 0
0  -0.370231 50.339314 0.298973  -0.999197 0.008685 0.039105  0.000000 0.000000 0
c_invasion_wrangler_laser
0  -0.348789 50.094963 -0.527948  -0.513372 0.000132 -0.858166  0.000000 0.000000 0
0  -0.348789 52.264519 -0.527615  -0.513372 0.000132 -0.858166  0.000000 0.000000 0
0  0.000000 52.329723 -0.736259  -0.513372 0.000132 -0.858166  0.000000 0.000000 0
c_invasion_wrangler_laser
0  -0.348789 50.094963 -0.527948  -0.993148 0.000018 -0.116866  0.000000 0.000000 0
0  -0.391415 49.994579 -0.165725  -0.993148 0.000018 -0.116866  0.000000 0.000000 0
0  -0.391415 52.164143 -0.165392  -0.993148 0.000018 -0.116866  0.000000 0.000000 0
c_invasion_wrangler_laser
0  -0.391415 49.994579 -0.165725  -0.998962 -0.000008 0.045544  0.000000 0.000000 0
0  -0.370231 50.339314 0.298973  -0.998962 -0.000008 0.045544  0.000000 0.000000 0
0  -0.370231 52.136021 0.299305  -0.998962 -0.000008 0.045544  0.000000 0.000000 0
c_invasion_wrangler_laser
0  -0.370231 52.136021 0.299305  -0.673931 -0.000137 0.738794  0.000000 0.000000 0
0  -0.370231 50.339314 0.298973  -0.673931 -0.000137 0.738794  0.000000 0.000000 0
0  0.000000 50.339314 0.636700  -0.673931 -0.000137 0.738794  0.000000 0.000000 0
c_invasion_wrangler_laser
0  -0.370231 50.339314 0.298973  -0.647555 0.052412 0.760214  0.000000 0.000000 0
0  -0.422748 41.723705 0.870616  -0.647555 0.052414 0.760214  0.000000 0.000000 0
0  0.000000 41.723705 1.208344  -0.647555 0.052412 0.760214  0.000000 0.000000 0
c_invasion_wrangler_laser
0  -0.422748 41.723705 0.870616  -0.607774 0.030979 0.793506  0.000000 0.000000 0
0  -0.459152 27.746052 1.402352  -0.607774 0.030978 0.793506  0.000000 0.000000 0
0  0.000000 27.746052 1.740080  -0.607774 0.030978 0.793506  0.000000 0.000000 0
gold_player
0  -0.515440 4.916241 2.996548  0.000000 0.952338 0.305045  -0.162157 1.075044 0
0  0.000000 4.916241 2.996548  0.000000 0.952338 0.305045  -0.185555 1.336424 0
0  0.000000 5.377801 1.555579  0.000000 0.952338 0.305045  -0.094279 0.862185 0
gold_player
0  -0.520693 8.371672 -0.486404  0.000000 1.000000 0.000000  0.342821 3.549130 0
0  0.000000 8.371672 -0.486404  0.000000 1.000000 0.000000  0.302979 3.316629 0
0  0.000000 8.371672 -1.578389  0.000000 1.000000 0.000000  0.372253 3.975915 0
gold_player
0  -0.290288 3.298390 6.785602  0.000000 0.919674 0.392683  -0.111762 0.360373 0
0  0.000000 3.298390 6.785602  0.000000 0.919674 0.392683  -0.146062 0.517726 0
0  0.000000 4.916241 2.996548  0.000000 0.919674 0.392683  -0.159278 0.699010 0
gold_player
0  -0.459152 5.377801 1.555579  0.000000 0.563470 0.826136  -0.213931 0.469214 0
0  0.000000 5.377801 1.555579  0.000000 0.563470 0.826136  -0.205329 0.471717 0
0  0.000000 8.371672 -0.486404  0.000000 0.563470 0.826136  -0.258939 0.445983 0
gold_player
0  -0.155197 0.390280 8.560888  0.000000 0.521046 0.853529  -0.427110 0.526237 0
0  0.000000 0.390280 8.560888  0.000000 0.521046 0.853529  -0.475515 0.590483 0
0  0.000000 3.298390 6.785602  0.000000 0.521046 0.853529  -0.474811 0.589039 0
gold_player
0  -1.000001 3.766343 -0.527183  0.000000 0.143198 -0.989694  0.625000 0.491805 0
0  0.000000 3.766343 -0.527183  0.000000 0.143198 -0.989694  0.625000 0.616805 0
0  0.000000 0.498517 -1.000003  0.000000 0.143198 -0.989694  0.625000 0.616805 0
gold_player
0  -1.000001 0.498517 -1.000003  0.022266 0.993852 0.108457  0.000000 0.000000 0
0  0.000000 0.498517 -1.000003  0.022265 0.993852 0.108459  0.000000 0.000000 0
0  -0.532866 0.568786 -1.686452  0.022265 0.993852 0.108459  0.000000 0.000000 0
gold_player
0  0.000000 0.498517 -1.000003  0.022289 0.993850 0.108467  0.000000 0.000000 0
0  0.000000 0.568786 -1.792446  0.022288 0.993850 0.108467  0.000000 0.000000 0
0  -0.532866 0.568786 -1.686452  0.022290 0.993850 0.108467  0.000000 0.000000 0
gold_player
0  0.000000 3.766343 -0.527183  0.336116 -0.324193 -0.884265  0.625000 0.623018 0
0  -1.000001 3.766343 -0.527183  0.336173 -0.324227 -0.884231  0.625000 0.498068 0
0  -1.018852 4.370886 -1.136173  0.336182 -0.324232 -0.884226  0.625000 0.489449 0
gold_player
0  -1.018852 4.370886 -1.136173  0.853976 -0.520276 0.006199  0.000000 0.000000 0
0  -1.038986 4.384902 -1.214143  0.853958 -0.520305 0.006219  0.000000 0.000000 0
0  0.000000 6.028502 -2.361655  0.853958 -0.520305 0.006219  0.000000 0.000000 0
black
0  -1.286450 -1.411829 0.732862  -0.625362 0.223043 0.747779  0.185501 1.102956 0
0  -1.197502 1.446441 0.000000  -0.625361 0.223038 0.747781  0.187214 0.105162 0
0  -1.564457 0.265760 -0.000003  -0.625362 0.223039 0.747781  0.186661 0.465405 0
black
0  -1.197502 1.446441 0.000000  -0.625337 0.223050 -0.747799  0.462829 0.097999 0
0  -1.286451 -1.411828 -0.732868  -0.625336 0.223051 -0.747798  0.003212 1.102958 0
0  -1.474680 -1.411828 -0.620743  -0.625336 0.223053 -0.747798  0.012373 1.089644 0
black
0  -1.286451 -1.411828 -0.732868  -0.625357 -0.223045 -0.747783  0.003212 1.102958 0
0  -1.197502 -4.270097 0.000000  -0.625356 -0.223041 -0.747785  3.542027 4.985398 0
0  -1.564457 -3.089417 -0.000004  -0.625356 -0.223042 -0.747785  2.398772 3.693237 0
black
0  -1.197502 -4.270097 0.000000  -0.625337 -0.223049 0.747798  -0.297198 0.396625 0
0  -1.286450 -1.411829 0.732862  -0.625337 -0.223050 0.747798  0.185501 1.102956 0
0  -1.474680 -1.411829 0.620737  -0.625337 -0.223051 0.747798  0.175357 1.093648 0
gold_player
0  -1.474680 -1.411829 0.620737  -1.000000 -0.000013 -0.000001  0.185571 1.081211 0
0  -1.564457 0.265760 -0.000003  -1.000000 -0.000013 0.000003  0.186661 0.465405 0
0  -1.474680 -1.411828 -0.620743  -1.000000 -0.000013 0.000003  0.012373 1.089644 0
c_invasion_wrangler_laser
0  0.000000 -11.814528 -1.608810  0.257657 -0.046051 -0.965138  0.000000 0.000000 0
0  0.000000 -11.209471 -1.637680  0.257657 -0.046051 -0.965138  0.000000 0.000000 0
0  0.245000 -11.212784 -1.572115  0.257657 -0.046051 -0.965138  0.000000 0.000000 0
c_invasion_wrangler_laser
0  0.245000 -11.804987 -1.543859  0.705396 -0.033782 -0.708008  0.000000 0.000000 0
0  0.245000 -11.212784 -1.572115  0.705396 -0.033782 -0.708008  0.000000 0.000000 0
0  0.424353 -11.221837 -1.392992  0.705396 -0.033782 -0.708008  0.000000 0.000000 0
c_invasion_wrangler_laser
0  0.424353 -11.778921 -1.366411  0.965612 -0.012391 -0.259692  0.000000 0.000000 0
0  0.424353 -11.221837 -1.392992  0.965612 -0.012391 -0.259692  0.000000 0.000000 0
0  0.490000 -11.234204 -1.148304  0.965612 -0.012391 -0.259692  0.000000 0.000000 0
c_invasion_wrangler_laser
0  0.490000 -11.743314 -1.124012  0.965612 0.012391 0.259692  0.000000 0.000000 0
0  0.490000 -11.234204 -1.148304  0.965612 0.012391 0.259692  0.000000 0.000000 0
0  0.424353 -11.246570 -0.903616  0.965612 0.012391 0.259692  0.000000 0.000000 0
c_invasion_wrangler_laser
0  0.424353 -11.707705 -0.881614  0.705398 0.033781 0.708006  0.000000 0.000000 0
0  0.424353 -11.246570 -0.903616  0.705398 0.033781 0.708006  0.000000 0.000000 0
0  0.245000 -11.255623 -0.724493  0.705398 0.033781 0.708006  0.000000 0.000000 0
c_invasion_wrangler_laser
0  0.245000 -11.681640 -0.704166  0.257656 0.046050 0.965139  0.000000 0.000000 0
0  0.245000 -11.255623 -0.724493  0.257656 0.046050 0.965139  0.000000 0.000000 0
0  0.000000 -11.258936 -0.658929  0.257656 0.046050 0.965139  0.000000 0.000000 0
c_invasion_wrangler_laser
0  0.000000 -11.209471 -1.637680  0.257654 0.143124 -0.955578  0.000000 0.000000 0
0  0.000000 -10.610408 -1.547954  0.257654 0.143124 -0.955578  0.000000 0.000000 0
0  0.245000 -10.626449 -1.484296  0.257654 0.143124 -0.955578  0.000000 0.000000 0
c_invasion_wrangler_laser
0  0.245000 -11.212784 -1.572115  0.705399 0.104992 -0.700991  0.000000 0.000000 0
0  0.245000 -10.626449 -1.484296  0.705399 0.104992 -0.700991  0.000000 0.000000 0
0  0.424353 -10.670273 -1.310380  0.705399 0.104992 -0.700991  0.000000 0.000000 0
c_invasion_wrangler_laser
0  0.424353 -11.221837 -1.392992  0.965612 0.038510 -0.257119  0.000000 0.000000 0
0  0.424353 -10.670273 -1.310380  0.965612 0.038510 -0.257119  0.000000 0.000000 0
0  0.490000 -10.730138 -1.072807  0.965612 0.038510 -0.257119  0.000000 0.000000 0
c_invasion_wrangler_laser
0  0.490000 -11.234204 -1.148304  0.965612 -0.038510 0.257119  0.000000 0.000000 0
0  0.490000 -10.730138 -1.072807  0.965612 -0.038510 0.257119  0.000000 0.000000 0
0  0.424353 -10.790002 -0.835233  0.965612 -0.038510 0.257119  0.000000 0.000000 0
c_invasion_wrangler_laser
0  0.424353 -11.246570 -0.903616  0.705399 -0.104992 0.700991  0.000000 0.000000 0
0  0.424353 -10.790002 -0.835233  0.705399 -0.104992 0.700991  0.000000 0.000000 0
0  0.245000 -10.833827 -0.661317  0.705399 -0.104992 0.700991  0.000000 0.000000 0
c_invasion_wrangler_laser
0  0.245000 -11.255623 -0.724493  0.257655 -0.143123 0.955578  0.000000 0.000000 0
0  0.245000 -10.833827 -0.661317  0.257655 -0.143123 0.955578  0.000000 0.000000 0
0  0.000000 -10.849867 -0.597660  0.257655 -0.143123 0.955578  0.000000 0.000000 0
c_invasion_wrangler_laser
0  0.000000 -10.610408 -1.547954  0.257654 0.326796 -0.909296  0.000000 0.000000 0
0  0.000000 -10.040359 -1.343081  0.257654 0.326796 -0.909296  0.000000 0.000000 0
0  0.245000 -10.068509 -1.283776  0.257654 0.326796 -0.909296  0.000000 0.000000 0
c_invasion_wrangler_laser
0  0.245000 -10.626449 -1.484296  0.705402 0.239731 -0.667036  0.000000 0.000000 0
0  0.245000 -10.068509 -1.283776  0.705402 0.239731 -0.667036  0.000000 0.000000 0
0  0.424353 -10.145422 -1.121750  0.705402 0.239731 -0.667036  0.000000 0.000000 0
c_invasion_wrangler_laser
0  0.424353 -10.670273 -1.310380  0.965612 0.087932 -0.244666  0.000000 0.000000 0
0  0.424353 -10.145422 -1.121750  0.965612 0.087932 -0.244666  0.000000 0.000000 0
0  0.490000 -10.250484 -0.900422  0.965612 0.087932 -0.244666  0.000000 0.000000 0
c_invasion_wrangler_laser
0  0.490000 -10.730138 -1.072807  0.965612 -0.087932 0.244665  0.000000 0.000000 0
0  0.490000 -10.250484 -0.900422  0.965612 -0.087932 0.244665  0.000000 0.000000 0
0  0.424353 -10.355548 -0.679092  0.965612 -0.087932 0.244665  0.000000 0.000000 0
c_invasion_wrangler_laser
0  0.424353 -10.790002 -0.835233  0.705399 -0.239732 0.667038  0.000000 0.000000 0
0  0.424353 -10.355548 -0.679092  0.705399 -0.239732 0.667038  0.000000 0.000000 0
0  0.245000 -10.432460 -0.517067  0.705399 -0.239732 0.667038  0.000000 0.000000 0
c_invasion_wrangler_laser
0  0.245000 -10.833827 -0.661317  0.257656 -0.326798 0.909294  0.000000 0.000000 0
0  0.245000 -10.432460 -0.517067  0.257656 -0.326798 0.909294  0.000000 0.000000 0
0  0.000000 -10.460611 -0.457762  0.257656 -0.326798 0.909294  0.000000 0.000000 0
c_invasion_wrangler_laser
0  0.000000 -10.040359 -1.343081  0.257658 0.497913 -0.828067  0.000000 0.000000 0
0  0.000000 -9.521232 -1.030933  0.257658 0.497913 -0.828067  0.000000 0.000000 0
0  0.245000 -9.560412 -0.978259  0.257658 0.497913 -0.828067  0.000000 0.000000 0
c_invasion_wrangler_laser
0  0.245000 -10.068509 -1.283776  0.705397 0.365259 -0.607454  0.000000 0.000000 0
0  0.245000 -9.560412 -0.978259  0.705397 0.365259 -0.607454  0.000000 0.000000 0
0  0.424353 -9.667456 -0.834353  0.705397 0.365259 -0.607454  0.000000 0.000000 0
c_invasion_wrangler_laser
0  0.424353 -10.145422 -1.121750  0.965612 0.133974 -0.222810  0.000000 0.000000 0
0  0.424353 -9.667456 -0.834353  0.965612 0.133974 -0.222810  0.000000 0.000000 0
0  0.490000 -9.813680 -0.637773  0.965612 0.133974 -0.222810  0.000000 0.000000 0
c_invasion_wrangler_laser
0  0.490000 -10.250484 -0.900422  0.965612 -0.133975 0.222810  0.000000 0.000000 0
0  0.490000 -9.813680 -0.637773  0.965612 -0.133975 0.222810  0.000000 0.000000 0
0  0.424353 -9.959903 -0.441193  0.965612 -0.133975 0.222810  0.000000 0.000000 0
c_invasion_wrangler_laser
0  0.424353 -10.355548 -0.679092  0.705399 -0.365258 0.607453  0.000000 0.000000 0
0  0.424353 -9.959903 -0.441193  0.705399 -0.365258 0.607453  0.000000 0.000000 0
0  0.245000 -10.066946 -0.297286  0.705399 -0.365258 0.607453  0.000000 0.000000 0
c_invasion_wrangler_laser
0  0.245000 -10.432460 -0.517067  0.257657 -0.497914 0.828067  0.000000 0.000000 0
0  0.245000 -10.066946 -0.297286  0.257657 -0.497914 0.828067  0.000000 0.000000 0
0  0.000000 -10.106127 -0.244613  0.257657 -0.497914 0.828067  0.000000 0.000000 0
c_invasion_wrangler_laser
0  0.000000 -9.521232 -1.030933  0.257657 0.649894 -0.715018  0.000000 0.000000 0
0  0.000000 -9.072978 -0.623506  0.257657 0.649894 -0.715018  0.000000 0.000000 0
0  0.245000 -9.121682 -0.579489  0.257657 0.649894 -0.715018  0.000000 0.000000 0
c_invasion_wrangler_laser
0  0.245000 -9.560412 -0.978259  0.705398 0.476750 -0.524522  0.000000 0.000000 0
0  0.245000 -9.121682 -0.579489  0.705398 0.476750 -0.524522  0.000000 0.000000 0
0  0.424353 -9.254743 -0.459230  0.705398 0.476750 -0.524522  0.000000 0.000000 0
c_invasion_wrangler_laser
0  0.424353 -9.667456 -0.834353  0.965612 0.174868 -0.192391  0.000000 0.000000 0
0  0.424353 -9.254743 -0.459230  0.965612 0.174868 -0.192391  0.000000 0.000000 0
0  0.490000 -9.436508 -0.294955  0.965612 0.174868 -0.192391  0.000000 0.000000 0
c_invasion_wrangler_laser
0  0.490000 -9.813680 -0.637773  0.965612 -0.174868 0.192391  0.000000 0.000000 0
0  0.490000 -9.436508 -0.294955  0.965612 -0.174868 0.192391  0.000000 0.000000 0
0  0.424353 -9.618273 -0.130678  0.965612 -0.174868 0.192391  0.000000 0.000000 0
c_invasion_wrangler_laser
0  0.424353 -9.959903 -0.441193  0.705397 -0.476750 0.524523  0.000000 0.000000 0
0  0.424353 -9.618273 -0.130678  0.705397 -0.476750 0.524523  0.000000 0.000000 0
0  0.245000 -9.751333 -0.010420  0.705397 -0.476750 0.524523  0.000000 0.000000 0
c_invasion_wrangler_laser
0  0.245000 -10.066946 -0.297286  0.257657 -0.649892 0.715020  0.000000 0.000000 0
0  0.245000 -9.751333 -0.010420  0.257657 -0.649892 0.715020  0.000000 0.000000 0
0  0.000000 -9.800037 0.033597  0.257657 -0.649892 0.715020  0.000000 0.000000 0
c_invasion_wrangler_laser
0  0.000000 -9.072978 -0.623506  0.257660 0.776899 -0.574490  0.000000 0.000000 0
0  0.000000 -8.712822 -0.136459  0.257660 0.776899 -0.574490  0.000000 0.000000 0
0  0.245000 -8.769178 -0.102789  0.257660 0.776899 -0.574490  0.000000 0.000000 0
c_invasion_wrangler_laser
0  0.245000 -9.121682 -0.579489  0.705397 0.569918 -0.421436  0.000000 0.000000 0
0  0.245000 -8.769178 -0.102789  0.705397 0.569918 -0.421436  0.000000 0.000000 0
0  0.424353 -8.923143 -0.010800  0.705397 0.569918 -0.421436  0.000000 0.000000 0
c_invasion_wrangler_laser
0  0.424353 -9.254743 -0.459230  0.965612 0.209041 -0.154578  0.000000 0.000000 0
0  0.424353 -8.923143 -0.010800  0.965612 0.209041 -0.154578  0.000000 0.000000 0
0  0.490000 -9.133465 0.114859  0.965612 0.209041 -0.154578  0.000000 0.000000 0
c_invasion_wrangler_laser
0  0.490000 -9.436508 -0.294955  0.965612 -0.209043 0.154580  0.000000 0.000000 0
0  0.490000 -9.133465 0.114859  0.965612 -0.209043 0.154580  0.000000 0.000000 0
0  0.424352 -9.343784 0.240517  0.965612 -0.209043 0.154580  0.000000 0.000000 0
c_invasion_wrangler_laser
0  0.424353 -9.618273 -0.130678  0.705397 -0.569917 0.421438  0.000000 0.000000 0
0  0.424352 -9.343784 0.240517  0.705397 -0.569917 0.421438  0.000000 0.000000 0
0  0.245000 -9.497749 0.332506  0.705397 -0.569917 0.421438  0.000000 0.000000 0
c_invasion_wrangler_laser
0  0.245000 -9.751333 -0.010420  0.257659 -0.776897 0.574493  0.000000 0.000000 0
0  0.245000 -9.497749 0.332506  0.257659 -0.776897 0.574493  0.000000 0.000000 0
0  0.000000 -9.554106 0.366176  0.257659 -0.776897 0.574493  0.000000 0.000000 0
c_invasion_wrangler_laser
0  0.000000 -8.712822 -0.136459  0.257655 0.874050 -0.411886  0.000000 0.000000 0
0  0.000000 -8.454605 0.411493  0.257655 0.874050 -0.411886  0.000000 0.000000 0
0  0.245000 -8.516446 0.433522  0.257655 0.874050 -0.411886  0.000000 0.000000 0
c_invasion_wrangler_laser
0  0.245000 -8.769178 -0.102789  0.705396 0.641186 -0.302154  0.000000 0.000000 0
0  0.245000 -8.516446 0.433522  0.705396 0.641186 -0.302154  0.000000 0.000000 0
0  0.424352 -8.685398 0.493706  0.705396 0.641186 -0.302154  0.000000 0.000000 0
c_invasion_wrangler_laser
0  0.424353 -8.923143 -0.010800  0.965613 0.235181 -0.110826  0.000000 0.000000 0
0  0.424352 -8.685398 0.493706  0.965613 0.235181 -0.110826  0.000000 0.000000 0
0  0.490000 -8.916194 0.575919  0.965613 0.235181 -0.110826  0.000000 0.000000 0
c_invasion_wrangler_laser
0  0.490000 -9.133465 0.114859  0.965612 -0.235182 0.110827  0.000000 0.000000 0
0  0.490000 -8.916194 0.575919  0.965612 -0.235182 0.110827  0.000000 0.000000 0
0  0.424352 -9.146988 0.658132  0.965612 -0.235182 0.110827  0.000000 0.000000 0
c_invasion_wrangler_laser
0  0.424352 -9.343784 0.240517  0.705398 -0.641185 0.302152  0.000000 0.000000 0
0  0.424352 -9.146988 0.658132  0.705398 -0.641185 0.302152  0.000000 0.000000 0
0  0.245000 -9.315941 0.718316  0.705398 -0.641185 0.302152  0.000000 0.000000 0
c_invasion_wrangler_laser
0  0.245000 -9.497749 0.332506  0.257655 -0.874050 0.411888  0.000000 0.000000 0
0  0.245000 -9.315941 0.718316  0.257655 -0.874050 0.411888  0.000000 0.000000 0
0  0.000000 -9.377782 0.740344  0.257655 -0.874050 0.411888  0.000000 0.000000 0
c_invasion_wrangler_laser
0  0.000000 -8.454605 0.411493  0.257657 0.937609 -0.233455  0.000000 0.000000 0
0  0.000000 -8.308249 0.999293  0.257657 0.937609 -0.233455  0.000000 0.000000 0
0  0.245000 -8.373199 1.008834  0.257657 0.937609 -0.233455  0.000000 0.000000 0
c_invasion_wrangler_laser
0  0.245000 -8.516446 0.433522  0.705399 0.687811 -0.171257  0.000000 0.000000 0
0  0.245000 -8.373199 1.008834  0.705399 0.687811 -0.171257  0.000000 0.000000 0
0  0.424352 -8.550648 1.034900  0.705399 0.687811 -0.171257  0.000000 0.000000 0
c_invasion_wrangler_laser
0  0.424352 -8.685398 0.493706  0.965612 0.252285 -0.062815  0.000000 0.000000 0
0  0.424352 -8.550648 1.034900  0.965612 0.252285 -0.062815  0.000000 0.000000 0
0  0.490000 -8.793045 1.070507  0.965612 0.252285 -0.062815  0.000000 0.000000 0
c_invasion_wrangler_laser
0  0.490000 -8.916194 0.575919  0.965613 -0.252283 0.062816  0.000000 0.000000 0
0  0.490000 -8.793045 1.070507  0.965613 -0.252283 0.062816  0.000000 0.000000 0
0  0.424352 -9.035445 1.106115  0.965613 -0.252283 0.062816  0.000000 0.000000 0
c_invasion_wrangler_laser
0  0.424352 -9.146988 0.658132  0.705396 -0.687813 0.171260  0.000000 0.000000 0
0  0.424352 -9.035445 1.106115  0.705396 -0.687813 0.171260  0.000000 0.000000 0
0  0.245000 -9.212893 1.132181  0.705396 -0.687813 0.171260  0.000000 0.000000 0
c_invasion_wrangler_laser
0  0.245000 -9.315941 0.718316  0.257657 -0.937609 0.233458  0.000000 0.000000 0
0  0.245000 -9.212893 1.132181  0.257657 -0.937609 0.233458  0.000000 0.000000 0
0  0.000000 -9.277843 1.141722  0.257657 -0.937609 0.233458  0.000000 0.000000 0
c_invasion_wrangler_laser
0  0.000000 -8.308249 0.999293  0.257653 0.965139 -0.046053  0.000000 0.000000 0
0  0.000000 -8.279379 1.604351  0.257653 0.965139 -0.046053  0.000000 0.000000 0
0  0.245000 -8.344942 1.601037  0.257653 0.965139 -0.046053  0.000000 0.000000 0
c_invasion_wrangler_laser
0  0.245000 -8.373199 1.008834  0.705400 0.708004 -0.033782  0.000000 0.000000 0
0  0.245000 -8.344942 1.601037  0.705400 0.708004 -0.033782  0.000000 0.000000 0
0  0.424352 -8.524067 1.591984  0.705400 0.708004 -0.033782  0.000000 0.000000 0
c_invasion_wrangler_laser
0  0.424352 -8.550648 1.034900  0.965612 0.259691 -0.012391  0.000000 0.000000 0
0  0.424352 -8.524067 1.591984  0.965612 0.259691 -0.012391  0.000000 0.000000 0
0  0.490000 -8.768755 1.579618  0.965612 0.259691 -0.012391  0.000000 0.000000 0
c_invasion_wrangler_laser
0  0.490000 -8.793045 1.070507  0.965612 -0.259693 0.012391  0.000000 0.000000 0
0  0.490000 -8.768755 1.579618  0.965612 -0.259693 0.012391  0.000000 0.000000 0
0  0.424352 -9.013441 1.567251  0.965612 -0.259693 0.012391  0.000000 0.000000 0
c_invasion_wrangler_laser
0  0.424352 -9.035445 1.106115  0.705400 -0.708004 0.033786  0.000000 0.000000 0
0  0.424352 -9.013441 1.567251  0.705400 -0.708004 0.033786  0.000000 0.000000 0
0  0.245000 -9.192566 1.558198  0.705400 -0.708004 0.033786  0.000000 0.000000 0
c_invasion_wrangler_laser
0  0.245000 -9.212893 1.132181  0.257653 -0.965139 0.046050  0.000000 0.000000 0
0  0.245000 -9.192566 1.558198  0.257653 -0.965139 0.046050  0.000000 0.000000 0
0  0.000000 -9.258129 1.554885  0.257653 -0.965139 0.046050  0.000000 0.000000 0
c_invasion_wrangler_laser
0  0.000000 -8.279379 1.604351  0.257656 0.955578 0.143122  0.000000 0.000000 0
0  0.000000 -8.369104 2.203414  0.257656 0.955578 0.143122  0.000000 0.000000 0
0  0.245000 -8.432762 2.187374  0.257656 0.955578 0.143122  0.000000 0.000000 0
c_invasion_wrangler_laser
0  0.245000 -8.344942 1.601037  0.705398 0.700992 0.104994  0.000000 0.000000 0
0  0.245000 -8.432762 2.187374  0.705398 0.700992 0.104994  0.000000 0.000000 0
0  0.424352 -8.606678 2.143549  0.705398 0.700992 0.104994  0.000000 0.000000 0
c_invasion_wrangler_laser
0  0.424352 -8.524067 1.591984  0.965612 0.257119 0.038510  0.000000 0.000000 0
0  0.424352 -8.606678 2.143549  0.965612 0.257119 0.038510  0.000000 0.000000 0
0  0.490000 -8.844252 2.083684  0.965612 0.257119 0.038510  0.000000 0.000000 0
c_invasion_wrangler_laser
0  0.490000 -8.768755 1.579618  0.965612 -0.257119 -0.038511  0.000000 0.000000 0
0  0.490000 -8.844252 2.083684  0.965612 -0.257119 -0.038511  0.000000 0.000000 0
0  0.424352 -9.081825 2.023819  0.965612 -0.257119 -0.038511  0.000000 0.000000 0
c_invasion_wrangler_laser
0  0.424352 -9.013441 1.567251  0.705396 -0.700994 -0.104997  0.000000 0.000000 0
0  0.424352 -9.081825 2.023819  0.705396 -0.700994 -0.104997  0.000000 0.000000 0
0  0.245000 -9.255740 1.979995  0.705396 -0.700994 -0.104997  0.000000 0.000000 0
c_invasion_wrangler_laser
0  0.245000 -9.192566 1.558198  0.257660 -0.955577 -0.143121  0.000000 0.000000 0
0  0.245000 -9.255740 1.979995  0.257660 -0.955577 -0.143121  0.000000 0.000000 0
0  0.000000 -9.319399 1.963954  0.257660 -0.955577 -0.143121  0.000000 0.000000 0
c_invasion_wrangler_laser
0  0.000000 -8.369104 2.203414  0.257650 0.909295 0.326800  0.000000 0.000000 0
0  0.000000 -8.573978 2.773461  0.257650 0.909295 0.326800  0.000000 0.000000 0
0  0.245000 -8.633282 2.745310  0.257650 0.909295 0.326800  0.000000 0.000000 0
c_invasion_wrangler_laser
0  0.245000 -8.432762 2.187374  0.705401 0.667038 0.239729  0.000000 0.000000 0
0  0.245000 -8.633282 2.745310  0.705401 0.667038 0.239729  0.000000 0.000000 0
0  0.424352 -8.795307 2.668398  0.705401 0.667038 0.239729  0.000000 0.000000 0
c_invasion_wrangler_laser
0  0.424352 -8.606678 2.143549  0.965612 0.244666 0.087933  0.000000 0.000000 0
0  0.424352 -8.795307 2.668398  0.965612 0.244666 0.087933  0.000000 0.000000 0
0  0.490000 -9.016636 2.563336  0.965612 0.244666 0.087933  0.000000 0.000000 0
c_invasion_wrangler_laser
0  0.490000 -8.844252 2.083684  0.965612 -0.244665 -0.087931  0.000000 0.000000 0
0  0.490000 -9.016636 2.563336  0.965612 -0.244665 -0.087931  0.000000 0.000000 0
0  0.424352 -9.237967 2.458273  0.965612 -0.244665 -0.087931  0.000000 0.000000 0
c_invasion_wrangler_laser
0  0.424352 -9.081825 2.023819  0.705398 -0.667039 -0.239735  0.000000 0.000000 0
0  0.424352 -9.237967 2.458273  0.705398 -0.667039 -0.239735  0.000000 0.000000 0
0  0.245000 -9.399991 2.381361  0.705398 -0.667039 -0.239735  0.000000 0.000000 0
c_invasion_wrangler_laser
0  0.245000 -9.255740 1.979995  0.257652 -0.909294 -0.326802  0.000000 0.000000 0
0  0.245000 -9.399991 2.381361  0.257652 -0.909294 -0.326802  0.000000 0.000000 0
0  0.000000 -9.459295 2.353210  0.257652 -0.909294 -0.326802  0.000000 0.000000 0
c_invasion_wrangler_laser
0  0.000000 -8.573978 2.773461  0.257655 0.828069 0.497911  0.000000 0.000000 0
0  0.000000 -8.886126 3.292589  0.257655 0.828069 0.497911  0.000000 0.000000 0
0  0.245000 -8.938799 3.253409  0.257655 0.828069 0.497911  0.000000 0.000000 0
c_invasion_wrangler_laser
0  0.245000 -8.633282 2.745310  0.705400 0.607452 0.365258  0.000000 0.000000 0
0  0.245000 -8.938799 3.253409  0.705400 0.607452 0.365258  0.000000 0.000000 0
0  0.424352 -9.082706 3.146366  0.705400 0.607452 0.365258  0.000000 0.000000 0
c_invasion_wrangler_laser
0  0.424352 -8.795307 2.668398  0.965612 0.222810 0.133975  0.000000 0.000000 0
0  0.424352 -9.082706 3.146366  0.965612 0.222810 0.133975  0.000000 0.000000 0
0  0.490000 -9.279286 3.000142  0.965612 0.222810 0.133975  0.000000 0.000000 0
c_invasion_wrangler_laser
0  0.490000 -9.016636 2.563336  0.965612 -0.222810 -0.133976  0.000000 0.000000 0
0  0.490000 -9.279286 3.000142  0.965612 -0.222810 -0.133976  0.000000 0.000000 0
0  0.424352 -9.475865 2.853919  0.965612 -0.222810 -0.133976  0.000000 0.000000 0
c_invasion_wrangler_laser
0  0.424352 -9.237967 2.458273  0.705398 -0.607453 -0.365258  0.000000 0.000000 0
0  0.424352 -9.475865 2.853919  0.705398 -0.607453 -0.365258  0.000000 0.000000 0
0  0.245000 -9.619772 2.746875  0.705398 -0.607453 -0.365258  0.000000 0.000000 0
c_invasion_wrangler_laser
0  0.245000 -9.399991 2.381361  0.257656 -0.828070 -0.497909  0.000000 0.000000 0
0  0.245000 -9.619772 2.746875  0.257656 -0.828070 -0.497909  0.000000 0.000000 0
0  0.000000 -9.672445 2.707695  0.257656 -0.828070 -0.497909  0.000000 0.000000 0
c_invasion_wrangler_laser
0  0.000000 -8.886126 3.292589  0.257656 0.715017 0.649895  0.000000 0.000000 0
0  0.000000 -9.293551 3.740842  0.257656 0.715017 0.649895  0.000000 0.000000 0
0  0.245000 -9.337569 3.692139  0.257656 0.715017 0.649895  0.000000 0.000000 0
c_invasion_wrangler_laser
0  0.245000 -8.938799 3.253409  0.705397 0.524524 0.476749  0.000000 0.000000 0
0  0.245000 -9.337569 3.692139  0.705397 0.524524 0.476749  0.000000 0.000000 0
0  0.424352 -9.457827 3.559078  0.705397 0.524524 0.476749  0.000000 0.000000 0
c_invasion_wrangler_laser
0  0.424352 -9.082706 3.146366  0.965612 0.192392 0.174868  0.000000 0.000000 0
0  0.424352 -9.457827 3.559078  0.965612 0.192392 0.174868  0.000000 0.000000 0
0  0.490000 -9.622103 3.377314  0.965612 0.192392 0.174868  0.000000 0.000000 0
c_invasion_wrangler_laser
0  0.490000 -9.279286 3.000142  0.965612 -0.192392 -0.174868  0.000000 0.000000 0
0  0.490000 -9.622103 3.377314  0.965612 -0.192392 -0.174868  0.000000 0.000000 0
0  0.424352 -9.786378 3.195549  0.965612 -0.192392 -0.174868  0.000000 0.000000 0
c_invasion_wrangler_laser
0  0.424352 -9.475865 2.853919  0.705399 -0.524524 -0.476746  0.000000 0.000000 0
0  0.424352 -9.786378 3.195549  0.705399 -0.524524 -0.476746  0.000000 0.000000 0
0  0.245000 -9.906637 3.062488  0.705399 -0.524524 -0.476746  0.000000 0.000000 0
c_invasion_wrangler_laser
0  0.245000 -9.619772 2.746875  0.257658 -0.715019 -0.649892  0.000000 0.000000 0
0  0.245000 -9.906637 3.062488  0.257658 -0.715019 -0.649892  0.000000 0.000000 0
0  0.000000 -9.950655 3.013784  0.257658 -0.715019 -0.649892  0.000000 0.000000 0
c_invasion_wrangler_laser
0  0.000000 -9.293551 3.740842  0.257657 0.574492 0.776899  0.000000 0.000000 0
0  0.000000 -9.780600 4.100999  0.257657 0.574492 0.776899  0.000000 0.000000 0
0  0.245000 -9.814270 4.044643  0.257657 0.574492 0.776899  0.000000 0.000000 0
c_invasion_wrangler_laser
0  0.245000 -9.337569 3.692139  0.705396 0.421436 0.569919  0.000000 0.000000 0
0  0.245000 -9.814270 4.044643  0.705396 0.421436 0.569919  0.000000 0.000000 0
0  0.424352 -9.906258 3.890678  0.705396 0.421436 0.569919  0.000000 0.000000 0
c_invasion_wrangler_laser
0  0.424352 -9.457827 3.559078  0.965612 0.154579 0.209041  0.000000 0.000000 0
0  0.424352 -9.906258 3.890678  0.965612 0.154579 0.209041  0.000000 0.000000 0
0  0.490000 -10.031918 3.680357  0.965612 0.154579 0.209041  0.000000 0.000000 0
c_invasion_wrangler_laser
0  0.490000 -9.622103 3.377314  0.965612 -0.154580 -0.209042  0.000000 0.000000 0
0  0.490000 -10.031918 3.680357  0.965612 -0.154580 -0.209042  0.000000 0.000000 0
0  0.424352 -10.157576 3.470037  0.965612 -0.154580 -0.209042  0.000000 0.000000 0
c_invasion_wrangler_laser
0  0.424352 -9.786378 3.195549  0.705399 -0.421434 -0.569917  0.000000 0.000000 0
0  0.424352 -10.157576 3.470037  0.705399 -0.421434 -0.569917  0.000000 0.000000 0
0  0.245000 -10.249565 3.316072  0.705399 -0.421434 -0.569917  0.000000 0.000000 0
c_invasion_wrangler_laser
0  0.245000 -9.906637 3.062488  0.257656 -0.574493 -0.776898  0.000000 0.000000 0
0  0.245000 -10.249565 3.316072  0.257656 -0.574493 -0.776898  0.000000 0.000000 0
0  0.000000 -10.283235 3.259716  0.257656 -0.574493 -0.776898  0.000000 0.000000 0
c_invasion_wrangler_laser
0  0.000000 -9.780600 4.100999  0.257655 0.411888 0.874049  0.000000 0.000000 0
0  0.000000 -10.328552 4.359217  0.257655 0.411888 0.874049  0.000000 0.000000 0
0  0.245000 -10.350580 4.297376  0.257655 0.411888 0.874049  0.000000 0.000000 0
c_invasion_wrangler_laser
0  0.245000 -9.814270 4.044643  0.705399 0.302153 0.641184  0.000000 0.000000 0
0  0.245000 -10.350580 4.297376  0.705399 0.302153 0.641184  0.000000 0.000000 0
0  0.424352 -10.410765 4.128423  0.705399 0.302153 0.641184  0.000000 0.000000 0
c_invasion_wrangler_laser
0  0.424352 -9.906258 3.890678  0.965612 0.110827 0.235182  0.000000 0.000000 0
0  0.424352 -10.410765 4.128423  0.965612 0.110827 0.235182  0.000000 0.000000 0
0  0.490000 -10.492978 3.897628  0.965612 0.110827 0.235182  0.000000 0.000000 0
c_invasion_wrangler_laser
0  0.490000 -10.031918 3.680357  0.965612 -0.110827 -0.235181  0.000000 0.000000 0
0  0.490000 -10.492978 3.897628  0.965612 -0.110827 -0.235181  0.000000 0.000000 0
0  0.424352 -10.575191 3.666834  0.965612 -0.110827 -0.235181  0.000000 0.000000 0
c_invasion_wrangler_laser
0  0.424352 -10.157576 3.470037  0.705400 -0.302153 -0.641183  0.000000 0.000000 0
0  0.424352 -10.575191 3.666834  0.705400 -0.302153 -0.641183  0.000000 0.000000 0
0  0.245000 -10.635374 3.497881  0.705400 -0.302153 -0.641183  0.000000 0.000000 0
c_invasion_wrangler_laser
0  0.245000 -10.249565 3.316072  0.257659 -0.411888 -0.874048  0.000000 0.000000 0
0  0.245000 -10.635374 3.497881  0.257659 -0.411888 -0.874048  0.000000 0.000000 0
0  0.000000 -10.657404 3.436039  0.257659 -0.411888 -0.874048  0.000000 0.000000 0
c_invasion_wrangler_laser
0  0.000000 -10.328552 4.359217  0.257657 0.233456 0.937609  0.000000 0.000000 0
0  0.000000 -10.916351 4.505573  0.257657 0.233456 0.937609  0.000000 0.000000 0
0  0.245000 -10.925892 4.440622  0.257657 0.233456 0.937609  0.000000 0.000000 0
c_invasion_wrangler_laser
0  0.245000 -10.350580 4.297376  0.705396 0.171258 0.687813  0.000000 0.000000 0
0  0.245000 -10.925892 4.440622  0.705396 0.171258 0.687813  0.000000 0.000000 0
0  0.424352 -10.951958 4.263174  0.705396 0.171258 0.687813  0.000000 0.000000 0
c_invasion_wrangler_laser
0  0.424352 -10.410765 4.128423  0.965612 0.062816 0.252285  0.000000 0.000000 0
0  0.424352 -10.951958 4.263174  0.965612 0.062816 0.252285  0.000000 0.000000 0
0  0.490000 -10.987566 4.020775  0.965612 0.062816 0.252285  0.000000 0.000000 0
c_invasion_wrangler_laser
0  0.490000 -10.492978 3.897628  0.965612 -0.062816 -0.252284  0.000000 0.000000 0
0  0.490000 -10.987566 4.020775  0.965612 -0.062816 -0.252284  0.000000 0.000000 0
0  0.424352 -11.023173 3.778377  0.965612 -0.062816 -0.252284  0.000000 0.000000 0
c_invasion_wrangler_laser
0  0.424352 -10.575191 3.666834  0.705397 -0.171258 -0.687812  0.000000 0.000000 0
0  0.424352 -11.023173 3.778377  0.705397 -0.171258 -0.687812  0.000000 0.000000 0
0  0.245000 -11.049239 3.600929  0.705397 -0.171258 -0.687812  0.000000 0.000000 0
c_invasion_wrangler_laser
0  0.245000 -10.635374 3.497881  0.257654 -0.233454 -0.937611  0.000000 0.000000 0
0  0.245000 -11.049239 3.600929  0.257654 -0.233454 -0.937611  0.000000 0.000000 0
0  0.000000 -11.058780 3.535978  0.257654 -0.233454 -0.937611  0.000000 0.000000 0
c_invasion_wrangler_laser
0  0.000000 -10.916351 4.505573  0.257658 0.046051 0.965138  0.000000 0.000000 0
0  0.000000 -11.521408 4.534443  0.257658 0.046051 0.965138  0.000000 0.000000 0
0  0.245000 -11.518095 4.468879  0.257658 0.046051 0.965138  0.000000 0.000000 0
c_invasion_wrangler_laser
0  0.245000 -10.925892 4.440622  0.705395 0.033782 0.708009  0.000000 0.000000 0
0  0.245000 -11.518095 4.468879  0.705395 0.033782 0.708009  0.000000 0.000000 0
0  0.424352 -11.509042 4.289755  0.705395 0.033782 0.708009  0.000000 0.000000 0
c_invasion_wrangler_laser
0  0.424352 -10.951958 4.263174  0.965612 0.012391 0.259692  0.000000 0.000000 0
0  0.424352 -11.509042 4.289755  0.965612 0.012391 0.259692  0.000000 0.000000 0
0  0.490000 -11.496675 4.045067  0.965612 0.012391 0.259692  0.000000 0.000000 0
c_invasion_wrangler_laser
0  0.490000 -10.987566 4.020775  0.965612 -0.012391 -0.259692  0.000000 0.000000 0
0  0.490000 -11.496675 4.045067  0.965612 -0.012391 -0.259692  0.000000 0.000000 0
0  0.424352 -11.484308 3.800380  0.965612 -0.012391 -0.259692  0.000000 0.000000 0
c_invasion_wrangler_laser
0  0.424352 -11.023173 3.778377  0.705400 -0.033783 -0.708004  0.000000 0.000000 0
0  0.424352 -11.484308 3.800380  0.705400 -0.033783 -0.708004  0.000000 0.000000 0
0  0.245000 -11.475257 3.621256  0.705400 -0.033783 -0.708004  0.000000 0.000000 0
c_invasion_wrangler_laser
0  0.245000 -11.049239 3.600929  0.257657 -0.046051 -0.965138  0.000000 0.000000 0
0  0.245000 -11.475257 3.621256  0.257657 -0.046051 -0.965138  0.000000 0.000000 0
0  0.000000 -11.471942 3.555692  0.257657 -0.046051 -0.965138  0.000000 0.000000 0
c_invasion_wrangler_laser
0  0.000000 -11.521408 4.534443  0.257651 -0.143125 0.955579  0.000000 0.000000 0
0  0.000000 -12.120471 4.444716  0.257651 -0.143125 0.955579  0.000000 0.000000 0
0  0.245000 -12.104431 4.381060  0.257651 -0.143125 0.955579  0.000000 0.000000 0
c_invasion_wrangler_laser
0  0.245000 -11.518095 4.468879  0.705397 -0.104992 0.700993  0.000000 0.000000 0
0  0.245000 -12.104431 4.381060  0.705397 -0.104992 0.700993  0.000000 0.000000 0
0  0.424352 -12.060606 4.207144  0.705397 -0.104992 0.700993  0.000000 0.000000 0
c_invasion_wrangler_laser
0  0.424352 -11.509042 4.289755  0.965612 -0.038510 0.257118  0.000000 0.000000 0
0  0.424352 -12.060606 4.207144  0.965612 -0.038510 0.257118  0.000000 0.000000 0
0  0.490000 -12.000742 3.969570  0.965612 -0.038510 0.257118  0.000000 0.000000 0
c_invasion_wrangler_laser
0  0.490000 -11.496675 4.045067  0.965612 0.038510 -0.257119  0.000000 0.000000 0
0  0.490000 -12.000742 3.969570  0.965612 0.038510 -0.257119  0.000000 0.000000 0
0  0.424352 -11.940876 3.731997  0.965612 0.038510 -0.257119  0.000000 0.000000 0
c_invasion_wrangler_laser
0  0.424352 -11.484308 3.800380  0.705400 0.104992 -0.700990  0.000000 0.000000 0
0  0.424352 -11.940876 3.731997  0.705400 0.104992 -0.700990  0.000000 0.000000 0
0  0.245000 -11.897053 3.558080  0.705400 0.104992 -0.700990  0.000000 0.000000 0
c_invasion_wrangler_laser
0  0.245000 -11.475257 3.621256  0.257655 0.143124 -0.955578  0.000000 0.000000 0
0  0.245000 -11.897053 3.558080  0.257655 0.143124 -0.955578  0.000000 0.000000 0
0  0.000000 -11.881011 3.494423  0.257655 0.143124 -0.955578  0.000000 0.000000 0
c_invasion_wrangler_laser
0  0.000000 -12.120471 4.444716  0.257655 -0.326796 0.909295  0.000000 0.000000 0
0  0.000000 -12.690520 4.239843  0.257655 -0.326796 0.909295  0.000000 0.000000 0
0  0.245000 -12.662370 4.180538  0.257655 -0.326796 0.909295  0.000000 0.000000 0
c_invasion_wrangler_laser
0  0.245000 -12.104431 4.381060  0.705398 -0.239731 0.667040  0.000000 0.000000 0
0  0.245000 -12.662370 4.180538  0.705398 -0.239731 0.667040  0.000000 0.000000 0
0  0.424352 -12.585458 4.018514  0.705398 -0.239731 0.667040  0.000000 0.000000 0
c_invasion_wrangler_laser
0  0.424352 -12.060606 4.207144  0.965612 -0.087932 0.244665  0.000000 0.000000 0
0  0.424352 -12.585458 4.018514  0.965612 -0.087932 0.244665  0.000000 0.000000 0
0  0.490000 -12.480394 3.797184  0.965612 -0.087932 0.244665  0.000000 0.000000 0
c_invasion_wrangler_laser
0  0.490000 -12.000742 3.969570  0.965612 0.087932 -0.244666  0.000000 0.000000 0
0  0.490000 -12.480394 3.797184  0.965612 0.087932 -0.244666  0.000000 0.000000 0
0  0.424352 -12.375333 3.575855  0.965612 0.087932 -0.244666  0.000000 0.000000 0
c_invasion_wrangler_laser
0  0.424352 -11.940876 3.731997  0.705401 0.239732 -0.667037  0.000000 0.000000 0
0  0.424352 -12.375333 3.575855  0.705401 0.239732 -0.667037  0.000000 0.000000 0
0  0.245000 -12.298420 3.413831  0.705401 0.239732 -0.667037  0.000000 0.000000 0
c_invasion_wrangler_laser
0  0.245000 -11.897053 3.558080  0.257653 0.326798 -0.909295  0.000000 0.000000 0
0  0.245000 -12.298420 3.413831  0.257653 0.326798 -0.909295  0.000000 0.000000 0
0  0.000000 -12.270269 3.354526  0.257653 0.326798 -0.909295  0.000000 0.000000 0
c_invasion_wrangler_laser
0  0.000000 -12.690520 4.239843  0.257655 -0.497910 0.828070  0.000000 0.000000 0
0  0.000000 -13.209646 3.927696  0.257655 -0.497910 0.828070  0.000000 0.000000 0
0  0.245000 -13.170465 3.875023  0.257655 -0.497910 0.828070  0.000000 0.000000 0
c_invasion_wrangler_laser
0  0.245000 -12.662370 4.180538  0.705399 -0.365259 0.607452  0.000000 0.000000 0
0  0.245000 -13.170465 3.875023  0.705399 -0.365259 0.607452  0.000000 0.000000 0
0  0.424352 -13.063422 3.731116  0.705399 -0.365259 0.607452  0.000000 0.000000 0
c_invasion_wrangler_laser
0  0.424352 -12.585458 4.018514  0.965612 -0.133974 0.222809  0.000000 0.000000 0
0  0.424352 -13.063422 3.731116  0.965612 -0.133974 0.222809  0.000000 0.000000 0
0  0.490000 -12.917199 3.534536  0.965612 -0.133974 0.222809  0.000000 0.000000 0
c_invasion_wrangler_laser
0  0.490000 -12.480394 3.797184  0.965612 0.133974 -0.222810  0.000000 0.000000 0
0  0.490000 -12.917199 3.534536  0.965612 0.133974 -0.222810  0.000000 0.000000 0
0  0.424352 -12.770975 3.337956  0.965612 0.133974 -0.222810  0.000000 0.000000 0
c_invasion_wrangler_laser
0  0.424352 -12.375333 3.575855  0.705396 0.365260 -0.607455  0.000000 0.000000 0
0  0.424352 -12.770975 3.337956  0.705396 0.365260 -0.607455  0.000000 0.000000 0
0  0.245000 -12.663934 3.194050  0.705396 0.365260 -0.607455  0.000000 0.000000 0
c_invasion_wrangler_laser
0  0.245000 -12.298420 3.413831  0.257659 0.497912 -0.828067  0.000000 0.000000 0
0  0.245000 -12.663934 3.194050  0.257659 0.497912 -0.828067  0.000000 0.000000 0
0  0.000000 -12.624752 3.141376  0.257659 0.497912 -0.828067  0.000000 0.000000 0
c_invasion_wrangler_laser
0  0.000000 -13.209646 3.927696  0.257655 -0.649893 0.715020  0.000000 0.000000 0
0  0.000000 -13.657900 3.520271  0.257655 -0.649893 0.715020  0.000000 0.000000 0
0  0.245000 -13.609196 3.476254  0.257655 -0.649893 0.715020  0.000000 0.000000 0
c_invasion_wrangler_laser
0  0.245000 -13.170465 3.875023  0.705397 -0.476748 0.524525  0.000000 0.000000 0
0  0.245000 -13.609196 3.476254  0.705397 -0.476748 0.524525  0.000000 0.000000 0
0  0.424352 -13.476135 3.355995  0.705397 -0.476748 0.524525  0.000000 0.000000 0
c_invasion_wrangler_laser
0  0.424352 -13.063422 3.731116  0.965612 -0.174867 0.192391  0.000000 0.000000 0
0  0.424352 -13.476135 3.355995  0.965612 -0.174867 0.192391  0.000000 0.000000 0
0  0.490000 -13.294370 3.191719  0.965612 -0.174867 0.192391  0.000000 0.000000 0
c_invasion_wrangler_laser
0  0.490000 -12.917199 3.534536  0.965612 0.174868 -0.192391  0.000000 0.000000 0
0  0.490000 -13.294370 3.191719  0.965612 0.174868 -0.192391  0.000000 0.000000 0
0  0.424352 -13.112606 3.027443  0.965612 0.174868 -0.192391  0.000000 0.000000 0
c_invasion_wrangler_laser
0  0.424352 -12.770975 3.337956  0.705398 0.476749 -0.524524  0.000000 0.000000 0
0  0.424352 -13.112606 3.027443  0.705398 0.476749 -0.524524  0.000000 0.000000 0
0  0.245000 -12.979546 2.907185  0.705398 0.476749 -0.524524  0.000000 0.000000 0
c_invasion_wrangler_laser
0  0.245000 -12.663934 3.194050  0.257658 0.649896 -0.715016  0.000000 0.000000 0
0  0.245000 -12.979546 2.907185  0.257658 0.649896 -0.715016  0.000000 0.000000 0
0  0.000000 -12.930841 2.863167  0.257658 0.649896 -0.715016  0.000000 0.000000 0
c_invasion_wrangler_laser
0  0.000000 -13.657900 3.520271  0.257652 -0.776899 0.574494  0.000000 0.000000 0
0  0.000000 -14.018058 3.033222  0.257652 -0.776899 0.574494  0.000000 0.000000 0
0  0.245000 -13.961703 2.999552  0.257652 -0.776899 0.574494  0.000000 0.000000 0
c_invasion_wrangler_laser
0  0.245000 -13.609196 3.476254  0.705401 -0.569913 0.421437  0.000000 0.000000 0
0  0.245000 -13.961703 2.999552  0.705401 -0.569913 0.421437  0.000000 0.000000 0
0  0.424352 -13.807736 2.907563  0.705401 -0.569913 0.421437  0.000000 0.000000 0
c_invasion_wrangler_laser
0  0.424352 -13.476135 3.355995  0.965612 -0.209042 0.154580  0.000000 0.000000 0
0  0.424352 -13.807736 2.907563  0.965612 -0.209042 0.154580  0.000000 0.000000 0
0  0.490000 -13.597416 2.781904  0.965612 -0.209042 0.154580  0.000000 0.000000 0
c_invasion_wrangler_laser
0  0.490000 -13.294370 3.191719  0.965612 0.209041 -0.154580  0.000000 0.000000 0
0  0.490000 -13.597416 2.781904  0.965612 0.209041 -0.154580  0.000000 0.000000 0
0  0.424352 -13.387094 2.656246  0.965612 0.209041 -0.154580  0.000000 0.000000 0
c_invasion_wrangler_laser
0  0.424352 -13.112606 3.027443  0.705399 0.569919 -0.421432  0.000000 0.000000 0
0  0.424352 -13.387094 2.656246  0.705399 0.569919 -0.421432  0.000000 0.000000 0
0  0.245000 -13.233130 2.564257  0.705399 0.569919 -0.421432  0.000000 0.000000 0
c_invasion_wrangler_laser
0  0.245000 -12.979546 2.907185  0.257656 0.776899 -0.574492  0.000000 0.000000 0
0  0.245000 -13.233130 2.564257  0.257656 0.776899 -0.574492  0.000000 0.000000 0
0  0.000000 -13.176774 2.530586  0.257656 0.776899 -0.574492  0.000000 0.000000 0
c_invasion_wrangler_laser
0  0.000000 -14.018058 3.033222  0.257658 -0.874048 0.411889  0.000000 0.000000 0
0  0.000000 -14.276276 2.485271  0.257658 -0.874048 0.411889  0.000000 0.000000 0
0  0.245000 -14.214434 2.463242  0.257658 -0.874048 0.411889  0.000000 0.000000 0
c_invasion_wrangler_laser
0  0.245000 -13.961703 2.999552  0.705396 -0.641187 0.302152  0.000000 0.000000 0
0  0.245000 -14.214434 2.463242  0.705396 -0.641187 0.302152  0.000000 0.000000 0
0  0.424352 -14.045482 2.403059  0.705396 -0.641187 0.302152  0.000000 0.000000 0
c_invasion_wrangler_laser
0  0.424352 -13.807736 2.907563  0.965612 -0.235180 0.110829  0.000000 0.000000 0
0  0.424352 -14.045482 2.403059  0.965612 -0.235180 0.110829  0.000000 0.000000 0
0  0.490000 -13.814686 2.320845  0.965612 -0.235180 0.110829  0.000000 0.000000 0
c_invasion_wrangler_laser
0  0.490000 -13.597416 2.781904  0.965612 0.235183 -0.110827  0.000000 0.000000 0
0  0.490000 -13.814686 2.320845  0.965612 0.235183 -0.110827  0.000000 0.000000 0
0  0.424352 -13.583893 2.238632  0.965612 0.235183 -0.110827  0.000000 0.000000 0
c_invasion_wrangler_laser
0  0.424352 -13.387094 2.656246  0.705401 0.641180 -0.302155  0.000000 0.000000 0
0  0.424352 -13.583893 2.238632  0.705401 0.641180 -0.302155  0.000000 0.000000 0
0  0.245000 -13.414938 2.178448  0.705401 0.641180 -0.302155  0.000000 0.000000 0
c_invasion_wrangler_laser
0  0.245000 -13.233130 2.564257  0.257655 0.874049 -0.411889  0.000000 0.000000 0
0  0.245000 -13.414938 2.178448  0.257655 0.874049 -0.411889  0.000000 0.000000 0
0  0.000000 -13.353097 2.156419  0.257655 0.874049 -0.411889  0.000000 0.000000 0
c_invasion_wrangler_laser
0  0.000000 -14.276276 2.485271  0.257657 -0.937610 0.233454  0.000000 0.000000 0
0  0.000000 -14.422632 1.897470  0.257657 -0.937610 0.233454  0.000000 0.000000 0
0  0.245000 -14.357681 1.887929  0.257657 -0.937610 0.233454  0.000000 0.000000 0
c_invasion_wrangler_laser
0  0.245000 -14.214434 2.463242  0.705400 -0.687808 0.171262  0.000000 0.000000 0
0  0.245000 -14.357681 1.887929  0.705400 -0.687808 0.171262  0.000000 0.000000 0
0  0.424352 -14.180232 1.861863  0.705400 -0.687808 0.171262  0.000000 0.000000 0
c_invasion_wrangler_laser
0  0.424352 -14.045482 2.403059  0.965612 -0.252285 0.062816  0.000000 0.000000 0
0  0.424352 -14.180232 1.861863  0.965612 -0.252285 0.062816  0.000000 0.000000 0
0  0.490000 -13.937834 1.826255  0.965612 -0.252285 0.062816  0.000000 0.000000 0
c_invasion_wrangler_laser
0  0.490000 -13.814686 2.320845  0.965612 0.252284 -0.062817  0.000000 0.000000 0
0  0.490000 -13.937834 1.826255  0.965612 0.252284 -0.062817  0.000000 0.000000 0
0  0.424352 -13.695436 1.790648  0.965612 0.252284 -0.062817  0.000000 0.000000 0
c_invasion_wrangler_laser
0  0.424352 -13.583893 2.238632  0.705398 0.687811 -0.171259  0.000000 0.000000 0
0  0.424352 -13.695436 1.790648  0.705398 0.687811 -0.171259  0.000000 0.000000 0
0  0.245000 -13.517987 1.764582  0.705398 0.687811 -0.171259  0.000000 0.000000 0
c_invasion_wrangler_laser
0  0.245000 -13.414938 2.178448  0.257657 0.937609 -0.233457  0.000000 0.000000 0
0  0.245000 -13.517987 1.764582  0.257657 0.937609 -0.233457  0.000000 0.000000 0
0  0.000000 -13.453036 1.755040  0.257657 0.937609 -0.233457  0.000000 0.000000 0
c_invasion_wrangler_laser
0  0.000000 -14.422632 1.897470  0.257660 -0.965137 0.046053  0.000000 0.000000 0
0  0.000000 -14.451501 1.292413  0.257660 -0.965137 0.046053  0.000000 0.000000 0
0  0.245000 -14.385936 1.295727  0.257660 -0.965137 0.046053  0.000000 0.000000 0
c_invasion_wrangler_laser
0  0.245000 -14.357681 1.887929  0.705395 -0.708009 0.033782  0.000000 0.000000 0
0  0.245000 -14.385936 1.295727  0.705395 -0.708009 0.033782  0.000000 0.000000 0
0  0.424352 -14.206814 1.304780  0.705395 -0.708009 0.033782  0.000000 0.000000 0
c_invasion_wrangler_laser
0  0.424352 -14.180232 1.861863  0.965612 -0.259691 0.012392  0.000000 0.000000 0
0  0.424352 -14.206814 1.304780  0.965612 -0.259691 0.012392  0.000000 0.000000 0
0  0.490000 -13.962126 1.317147  0.965612 -0.259691 0.012392  0.000000 0.000000 0
c_invasion_wrangler_laser
0  0.490000 -13.937834 1.826255  0.965612 0.259691 -0.012391  0.000000 0.000000 0
0  0.490000 -13.962126 1.317147  0.965612 0.259691 -0.012391  0.000000 0.000000 0
0  0.424352 -13.717438 1.329513  0.965612 0.259691 -0.012391  0.000000 0.000000 0
c_invasion_wrangler_laser
0  0.424352 -13.695436 1.790648  0.705399 0.708006 -0.033778  0.000000 0.000000 0
0  0.424352 -13.717438 1.329513  0.705399 0.708006 -0.033778  0.000000 0.000000 0
0  0.245000 -13.538314 1.338566  0.705399 0.708006 -0.033778  0.000000 0.000000 0
c_invasion_wrangler_laser
0  0.245000 -13.517987 1.764582  0.257657 0.965139 -0.046046  0.000000 0.000000 0
0  0.245000 -13.538314 1.338566  0.257657 0.965139 -0.046046  0.000000 0.000000 0
0  0.000000 -13.472750 1.341879  0.257657 0.965139 -0.046046  0.000000 0.000000 0
c_invasion_wrangler_laser
0  0.000000 -14.451501 1.292413  0.257649 -0.955580 -0.143122  0.000000 0.000000 0
0  0.000000 -14.361774 0.693348  0.257649 -0.955580 -0.143122  0.000000 0.000000 0
0  0.245000 -14.298119 0.709389  0.257649 -0.955580 -0.143122  0.000000 0.000000 0
c_invasion_wrangler_laser
0  0.245000 -14.385936 1.295727  0.705400 -0.700991 -0.104987  0.000000 0.000000 0
0  0.245000 -14.298119 0.709389  0.705400 -0.700991 -0.104987  0.000000 0.000000 0
0  0.424353 -14.124202 0.753213  0.705400 -0.700991 -0.104987  0.000000 0.000000 0
c_invasion_wrangler_laser
0  0.424352 -14.206814 1.304780  0.965612 -0.257118 -0.038510  0.000000 0.000000 0
0  0.424353 -14.124202 0.753213  0.965612 -0.257118 -0.038510  0.000000 0.000000 0
0  0.490000 -13.886627 0.813078  0.965612 -0.257118 -0.038510  0.000000 0.000000 0
c_invasion_wrangler_laser
0  0.490000 -13.962126 1.317147  0.965612 0.257120 0.038511  0.000000 0.000000 0
0  0.490000 -13.886627 0.813078  0.965612 0.257120 0.038511  0.000000 0.000000 0
0  0.424352 -13.649055 0.872944  0.965612 0.257120 0.038511  0.000000 0.000000 0
c_invasion_wrangler_laser
0  0.424352 -13.717438 1.329513  0.705398 0.700992 0.104996  0.000000 0.000000 0
0  0.424352 -13.649055 0.872944  0.705398 0.700992 0.104996  0.000000 0.000000 0
0  0.245000 -13.475139 0.916768  0.705398 0.700992 0.104996  0.000000 0.000000 0
c_invasion_wrangler_laser
0  0.245000 -13.538314 1.338566  0.257652 0.955579 0.143125  0.000000 0.000000 0
0  0.245000 -13.475139 0.916768  0.257652 0.955579 0.143125  0.000000 0.000000 0
0  0.000000 -13.411482 0.932809  0.257652 0.955579 0.143125  0.000000 0.000000 0
c_invasion_wrangler_laser
0  0.000000 -14.361774 0.693348  0.257659 -0.909294 -0.326796  0.000000 0.000000 0
0  0.000000 -14.156902 0.123301  0.257659 -0.909294 -0.326796  0.000000 0.000000 0
0  0.245000 -14.097596 0.151453  0.257659 -0.909294 -0.326796  0.000000 0.000000 0
c_invasion_wrangler_laser
0  0.245000 -14.298119 0.709389  0.705397 -0.667041 -0.239733  0.000000 0.000000 0
0  0.245000 -14.097596 0.151453  0.705397 -0.667041 -0.239733  0.000000 0.000000 0
0  0.424353 -13.935573 0.228364  0.705397 -0.667041 -0.239733  0.000000 0.000000 0
c_invasion_wrangler_laser
0  0.424353 -14.124202 0.753213  0.965612 -0.244665 -0.087931  0.000000 0.000000 0
0  0.424353 -13.935573 0.228364  0.965612 -0.244665 -0.087931  0.000000 0.000000 0
0  0.490000 -13.714243 0.333427  0.965612 -0.244665 -0.087931  0.000000 0.000000 0
c_invasion_wrangler_laser
0  0.490000 -13.886627 0.813078  0.965612 0.244665 0.087931  0.000000 0.000000 0
0  0.490000 -13.714243 0.333427  0.965612 0.244665 0.087931  0.000000 0.000000 0
0  0.424353 -13.492913 0.438490  0.965612 0.244665 0.087931  0.000000 0.000000 0
c_invasion_wrangler_laser
0  0.424352 -13.649055 0.872944  0.705399 0.667040 0.239731  0.000000 0.000000 0
0  0.424353 -13.492913 0.438490  0.705399 0.667040 0.239731  0.000000 0.000000 0
0  0.245000 -13.330889 0.515401  0.705399 0.667040 0.239731  0.000000 0.000000 0
c_invasion_wrangler_laser
0  0.245000 -13.475139 0.916768  0.257656 0.909293 0.326802  0.000000 0.000000 0
0  0.245000 -13.330889 0.515401  0.257656 0.909293 0.326802  0.000000 0.000000 0
0  0.000000 -13.271584 0.543553  0.257656 0.909293 0.326802  0.000000 0.000000 0
c_invasion_wrangler_laser
0  0.000000 -14.156902 0.123301  0.257655 -0.828068 -0.497913  0.000000 0.000000 0
0  0.000000 -13.844755 -0.395824  0.257655 -0.828068 -0.497913  0.000000 0.000000 0
0  0.245000 -13.792082 -0.356644  0.257655 -0.828068 -0.497913  0.000000 0.000000 0
c_invasion_wrangler_laser
0  0.245000 -14.097596 0.151453  0.705400 -0.607453 -0.365254  0.000000 0.000000 0
0  0.245000 -13.792082 -0.356644  0.705400 -0.607453 -0.365254  0.000000 0.000000 0
0  0.424353 -13.648174 -0.249601  0.705400 -0.607453 -0.365254  0.000000 0.000000 0
c_invasion_wrangler_laser
0  0.424353 -13.935573 0.228364  0.965612 -0.222809 -0.133974  0.000000 0.000000 0
0  0.424353 -13.648174 -0.249601  0.965612 -0.222809 -0.133974  0.000000 0.000000 0
0  0.490000 -13.451594 -0.103378  0.965612 -0.222809 -0.133974  0.000000 0.000000 0
c_invasion_wrangler_laser
0  0.490000 -13.714243 0.333427  0.965612 0.222809 0.133975  0.000000 0.000000 0
0  0.490000 -13.451594 -0.103378  0.965612 0.222809 0.133975  0.000000 0.000000 0
0  0.424353 -13.255014 0.042846  0.965612 0.222809 0.133975  0.000000 0.000000 0
c_invasion_wrangler_laser
0  0.424353 -13.492913 0.438490  0.705397 0.607454 0.365260  0.000000 0.000000 0
0  0.424353 -13.255014 0.042846  0.705397 0.607454 0.365260  0.000000 0.000000 0
0  0.245000 -13.111109 0.149889  0.705397 0.607454 0.365260  0.000000 0.000000 0
c_invasion_wrangler_laser
0  0.245000 -13.330889 0.515401  0.257655 0.828068 0.497913  0.000000 0.000000 0
0  0.245000 -13.111109 0.149889  0.257655 0.828068 0.497913  0.000000 0.000000 0
0  0.000000 -13.058435 0.189070  0.257655 0.828068 0.497913  0.000000 0.000000 0
c_invasion_wrangler_laser
0  0.000000 -13.844755 -0.395824  0.257656 -0.715019 -0.649893  0.000000 0.000000 0
0  0.000000 -13.437328 -0.844080  0.257656 -0.715019 -0.649893  0.000000 0.000000 0
0  0.245000 -13.393311 -0.795376  0.257656 -0.715019 -0.649893  0.000000 0.000000 0
c_invasion_wrangler_laser
0  0.245000 -13.792082 -0.356644  0.705399 -0.524523 -0.476746  0.000000 0.000000 0
0  0.245000 -13.393311 -0.795376  0.705399 -0.524523 -0.476746  0.000000 0.000000 0
0  0.424353 -13.273052 -0.662315  0.705399 -0.524523 -0.476746  0.000000 0.000000 0
c_invasion_wrangler_laser
0  0.424353 -13.648174 -0.249601  0.965612 -0.192392 -0.174867  0.000000 0.000000 0
0  0.424353 -13.273052 -0.662315  0.965612 -0.192392 -0.174867  0.000000 0.000000 0
0  0.490000 -13.108776 -0.480550  0.965612 -0.192392 -0.174867  0.000000 0.000000 0
c_invasion_wrangler_laser
0  0.490000 -13.451594 -0.103378  0.965612 0.192391 0.174868  0.000000 0.000000 0
0  0.490000 -13.108776 -0.480550  0.965612 0.192391 0.174868  0.000000 0.000000 0
0  0.424353 -12.944500 -0.298786  0.965612 0.192391 0.174868  0.000000 0.000000 0
c_invasion_wrangler_laser
0  0.424353 -13.255014 0.042846  0.705397 0.524523 0.476749  0.000000 0.000000 0
0  0.424353 -12.944500 -0.298786  0.705397 0.524523 0.476749  0.000000 0.000000 0
0  0.245000 -12.824242 -0.165725  0.705397 0.524523 0.476749  0.000000 0.000000 0
c_invasion_wrangler_laser
0  0.245000 -13.111109 0.149889  0.257656 0.715017 0.649896  0.000000 0.000000 0
0  0.245000 -12.824242 -0.165725  0.257656 0.715017 0.649896  0.000000 0.000000 0
0  0.000000 -12.780224 -0.117021  0.257656 0.715017 0.649896  0.000000 0.000000 0
c_invasion_wrangler_laser
0  0.000000 -13.437328 -0.844080  0.257655 -0.574493 -0.776899  0.000000 0.000000 0
0  0.000000 -12.950281 -1.204235  0.257655 -0.574493 -0.776899  0.000000 0.000000 0
0  0.245000 -12.916612 -1.147880  0.257655 -0.574493 -0.776899  0.000000 0.000000 0
c_invasion_wrangler_laser
0  0.245000 -13.393311 -0.795376  0.705398 -0.421435 -0.569918  0.000000 0.000000 0
0  0.245000 -12.916612 -1.147880  0.705398 -0.421435 -0.569918  0.000000 0.000000 0
0  0.424353 -12.824622 -0.993915  0.705398 -0.421435 -0.569918  0.000000 0.000000 0
c_invasion_wrangler_laser
0  0.424353 -13.273052 -0.662315  0.965612 -0.154580 -0.209041  0.000000 0.000000 0
0  0.424353 -12.824622 -0.993915  0.965612 -0.154580 -0.209041  0.000000 0.000000 0
0  0.490000 -12.698963 -0.783594  0.965612 -0.154580 -0.209041  0.000000 0.000000 0
c_invasion_wrangler_laser
0  0.490000 -13.108776 -0.480550  0.965612 0.154580 0.209041  0.000000 0.000000 0
0  0.490000 -12.698963 -0.783594  0.965612 0.154580 0.209041  0.000000 0.000000 0
0  0.424353 -12.573304 -0.573273  0.965612 0.154580 0.209041  0.000000 0.000000 0
c_invasion_wrangler_laser
0  0.424353 -12.944500 -0.298786  0.705398 0.421437 0.569916  0.000000 0.000000 0
0  0.424353 -12.573304 -0.573273  0.705398 0.421437 0.569916  0.000000 0.000000 0
0  0.245000 -12.481317 -0.419308  0.705398 0.421437 0.569916  0.000000 0.000000 0
c_invasion_wrangler_laser
0  0.245000 -12.824242 -0.165725  0.257657 0.574493 0.776898  0.000000 0.000000 0
0  0.245000 -12.481317 -0.419308  0.257657 0.574493 0.776898  0.000000 0.000000 0
0  0.000000 -12.447645 -0.362953  0.257657 0.574493 0.776898  0.000000 0.000000 0
c_invasion_wrangler_laser
0  0.000000 -12.950281 -1.204235  0.257654 -0.411888 -0.874049  0.000000 0.000000 0
0  0.000000 -12.402328 -1.462454  0.257654 -0.411888 -0.874049  0.000000 0.000000 0
0  0.245000 -12.380299 -1.400613  0.257654 -0.411888 -0.874049  0.000000 0.000000 0
c_invasion_wrangler_laser
0  0.245000 -12.916612 -1.147880  0.705399 -0.302152 -0.641183  0.000000 0.000000 0
0  0.245000 -12.380299 -1.400613  0.705399 -0.302152 -0.641183  0.000000 0.000000 0
0  0.424353 -12.320115 -1.231659  0.705399 -0.302152 -0.641183  0.000000 0.000000 0
c_invasion_wrangler_laser
0  0.424353 -12.824622 -0.993915  0.965612 -0.110827 -0.235181  0.000000 0.000000 0
0  0.424353 -12.320115 -1.231659  0.965612 -0.110827 -0.235181  0.000000 0.000000 0
0  0.490000 -12.237902 -1.000865  0.965612 -0.110827 -0.235181  0.000000 0.000000 0
c_invasion_wrangler_laser
0  0.490000 -12.698963 -0.783594  0.965612 0.110827 0.235182  0.000000 0.000000 0
0  0.490000 -12.237902 -1.000865  0.965612 0.110827 0.235182  0.000000 0.000000 0
0  0.424353 -12.155689 -0.770071  0.965612 0.110827 0.235182  0.000000 0.000000 0
c_invasion_wrangler_laser
0  0.424353 -12.573304 -0.573273  0.705398 0.302153 0.641184  0.000000 0.000000 0
0  0.424353 -12.155689 -0.770071  0.705398 0.302153 0.641184  0.000000 0.000000 0
0  0.245000 -12.095505 -0.601118  0.705398 0.302153 0.641184  0.000000 0.000000 0
c_invasion_wrangler_laser
0  0.245000 -12.481317 -0.419308  0.257656 0.411888 0.874049  0.000000 0.000000 0
0  0.245000 -12.095505 -0.601118  0.257656 0.411888 0.874049  0.000000 0.000000 0
0  0.000000 -12.073477 -0.539276  0.257656 0.411888 0.874049  0.000000 0.000000 0
c_invasion_wrangler_laser
0  0.000000 -12.402328 -1.462454  0.257656 -0.233455 -0.937610  0.000000 0.000000 0
0  0.000000 -11.814528 -1.608810  0.257656 -0.233455 -0.937610  0.000000 0.000000 0
0  0.245000 -11.804987 -1.543859  0.257656 -0.233455 -0.937610  0.000000 0.000000 0
c_invasion_wrangler_laser
0  0.245000 -12.380299 -1.400613  0.705397 -0.171257 -0.687813  0.000000 0.000000 0
0  0.245000 -11.804987 -1.543859  0.705397 -0.171257 -0.687813  0.000000 0.000000 0
0  0.424353 -11.778921 -1.366411  0.705397 -0.171257 -0.687813  0.000000 0.000000 0
c_invasion_wrangler_laser
0  0.424353 -12.320115 -1.231659  0.965612 -0.062816 -0.252284  0.000000 0.000000 0
0  0.424353 -11.778921 -1.366411  0.965612 -0.062816 -0.252284  0.000000 0.000000 0
0  0.490000 -11.743314 -1.124012  0.965612 -0.062816 -0.252284  0.000000 0.000000 0
c_invasion_wrangler_laser
0  0.490000 -12.237902 -1.000865  0.965612 0.062816 0.252284  0.000000 0.000000 0
0  0.490000 -11.743314 -1.124012  0.965612 0.062816 0.252284  0.000000 0.000000 0
0  0.424353 -11.707705 -0.881614  0.965612 0.062816 0.252284  0.000000 0.000000 0
c_invasion_wrangler_laser
0  0.424353 -12.155689 -0.770071  0.705398 0.171258 0.687811  0.000000 0.000000 0
0  0.424353 -11.707705 -0.881614  0.705398 0.171258 0.687811  0.000000 0.000000 0
0  0.245000 -11.681640 -0.704166  0.705398 0.171258 0.687811  0.000000 0.000000 0
c_invasion_wrangler_laser
0  0.245000 -12.095505 -0.601118  0.257656 0.233455 0.937610  0.000000 0.000000 0
0  0.245000 -11.681640 -0.704166  0.257656 0.233455 0.937610  0.000000 0.000000 0
0  0.000000 -11.672099 -0.639215  0.257656 0.233455 0.937610  0.000000 0.000000 0
gold_player
0  1.197502 1.446441 0.000000  0.000000 0.221594 -0.975139  0.593229 0.440361 0
0  0.000000 1.446441 0.000000  0.000000 0.221594 -0.975139  0.644185 0.438140 0
0  0.000000 3.766343 0.527183  0.000000 0.221594 -0.975139  0.428739 0.494290 0
painted_wood_01
0  1.000001 -6.298168 0.567713  1.000000 0.000000 0.000000  0.297403 0.539614 0
0  1.000001 -7.776050 1.113149  1.000000 0.000000 0.000000  0.297403 0.539614 0
0  1.000001 -8.066722 -0.865616  1.000000 0.000000 0.000000  0.297403 0.539614 0
painted_wood_01
0  1.000001 -8.066722 -0.865616  0.549650 -0.296194 -0.781123  0.297403 0.539614 0
0  0.927546 -9.035044 -0.576909  0.549649 -0.296195 -0.781124  0.297403 0.539614 0
0  0.000000 -9.122035 -1.169117  0.549650 -0.296194 -0.781123  0.297403 0.539614 0
painted_wood_01
0  0.000000 -6.298168 1.699995  0.669310 0.165220 0.724380  0.297403 0.539614 0
0  0.000000 -7.674315 1.805716  0.669294 0.165244 0.724389  0.297403 0.539614 0
0  1.000001 -7.776050 1.113149  0.669299 0.165237 0.724386  0.297403 0.539614 0
painted_wood_01
0  1.000001 -6.298168 -0.567713  0.672782 0.031739 -0.739160  0.297403 0.539614 0
0  1.000001 -8.066722 -0.865616  0.672769 0.031714 -0.739173  0.297403 0.539614 0
0  0.000000 -8.168456 -1.558184  0.672774 0.031725 -0.739167  0.297403 0.539614 0
gold_player
0  1.000001 -6.298168 -0.567713  0.000000 1.000000 0.000000  -0.141682 0.495903 0
0  0.000000 -6.298168 -0.667713  0.000000 1.000000 0.000000  -0.154182 0.558402 0
0  0.000000 -6.298168 0.667713  0.000000 1.000000 0.000000  0.012747 0.558403 0
gold_player
0  1.000001 3.766343 0.527183  0.000000 -1.000000 0.000000  -0.004820 0.491805 0
0  0.000000 3.766343 0.527183  0.000000 -1.000000 0.000000  -0.004820 0.616805 0
0  0.000000 3.766343 -0.527183  0.000000 -1.000000 0.000000  -0.136615 0.616805 0
gold_player
0  1.000001 3.766343 -0.527183  0.000000 0.221594 0.975139  0.737364 0.416955 0
0  0.000000 3.766343 -0.527183  0.000000 0.221594 0.975139  0.705990 0.415101 0
0  0.000000 1.446441 0.000000  0.000000 0.221594 0.975139  0.782676 0.358951 0
festive_lights_red
0  0.000000 0.568786 -1.792446  0.195091 0.000000 -0.980785  0.166801 0.093669 0
0  0.532866 0.568786 -1.686452  0.195091 0.000000 -0.980785  0.029689 0.093669 0
0  0.532866 -3.392442 -1.686453  0.195091 0.000000 -0.980785  0.025998 0.976463 0
black
0  0.532866 0.568786 -1.686452  0.555570 0.000000 -0.831470  0.163181 0.607807 0
0  0.984607 0.568786 -1.384608  0.555570 0.000000 -0.831470  0.250208 0.607807 0
0  0.984607 -3.392442 -1.384609  0.555570 0.000000 -0.831470  0.250208 1.598114 0
painted_wood_01
0  0.984607 -3.392442 -1.384609  0.907408 0.000000 -0.420252  0.297403 0.539614 0
0  0.984607 0.568786 -1.384608  0.907408 0.000000 -0.420252  0.297403 0.539614 0
0  1.286451 -1.411828 -0.732868  0.907408 0.000000 -0.420252  0.297403 0.539614 0
painted_wood_01
0  0.984607 0.568786 -1.384608  0.907408 0.000000 -0.420252  0.297403 0.539614 0
0  1.286451 0.568786 -0.732867  0.907408 0.000000 -0.420252  0.297403 0.539614 0
0  1.286451 -1.411828 -0.732868  0.907408 0.000000 -0.420252  0.297403 0.539614 0
painted_wood_01
0  1.286450 -1.411829 0.732862  0.907408 -0.000000 0.420252  0.297403 0.539614 0
0  1.286450 0.568785 0.732862  0.907408 -0.000000 0.420252  0.297403 0.539614 0
0  0.984607 0.568785 1.384604  0.907408 -0.000000 0.420252  0.297403 0.539614 0
painted_wood_01
0  0.984607 0.568785 1.384604  0.907408 -0.000000 0.420252  0.297403 0.539614 0
0  0.984607 -3.392443 1.384602  0.907408 -0.000000 0.420252  0.297403 0.539614 0
0  1.286450 -1.411829 0.732862  0.907408 -0.000000 0.420252  0.297403 0.539614 0
black
0  0.984607 0.568785 1.384604  0.555570 -0.000000 0.831469  0.297403 0.539614 0
0  0.532866 0.568785 1.686447  0.555570 -0.000000 0.831469  0.297403 0.539614 0
0  0.532866 -3.392443 1.686446  0.555570 -0.000000 0.831469  0.297403 0.539614 0
festive_lights_red
0  0.532866 0.568785 1.686447  0.195090 -0.000000 0.980785  0.297403 0.539614 0
0  0.000000 0.568785 1.792440  0.195090 -0.000000 0.980785  0.297403 0.539614 0
0  0.000000 -3.392443 1.792439  0.195090 -0.000000 0.980785  0.297403 0.539614 0
gold_player
0  1.197502 -4.270097 0.000000  -0.043509 -0.289158 0.956292  0.453063 0.675889 0
0  0.000000 -4.270097 0.000000  -0.043506 -0.289153 0.956294  0.540105 0.787401 0
0  0.000000 -6.298168 -0.667713  -0.043510 -0.289159 0.956292  0.234288 0.333411 0
painted_wood_01
0  1.286450 -3.392443 0.732861  0.970033 -0.107991 0.217657  0.297403 0.539614 0
0  0.984607 -3.392443 1.384602  0.970033 -0.107987 0.217657  0.297403 0.539614 0
0  1.000001 -6.298168 0.567713  0.970034 -0.107983 0.217657  0.297403 0.539614 0
painted_wood_01
0  0.984607 0.568786 -1.384608  0.971780 0.100753 -0.213289  0.297403 0.539614 0
0  1.000001 3.766343 -0.527183  0.971780 0.100754 -0.213288  0.297403 0.539614 0
0  1.197502 1.446441 0.000000  0.971781 0.100756 -0.213284  0.297403 0.539614 0
painted_wood_01
0  1.286450 0.568785 0.732862  0.971785 0.100791 0.213250  0.297403 0.539614 0
0  1.197502 1.446441 0.000000  0.971786 0.100775 0.213251  0.297403 0.539614 0
0  1.000001 3.766343 0.527183  0.971788 0.100760 0.213252  0.297403 0.539614 0
c_invasion_wrangler_laser
0  0.000000 3.808831 -1.445365  0.381108 0.064544 -0.922275  0.000000 0.000000 0
0  0.767678 3.772680 -1.077588  0.381109 0.064542 -0.922275  0.000000 0.000000 0
0  0.440115 0.713023 -1.517149  0.381110 0.064540 -0.922274  0.000000 0.000000 0
c_invasion_wrangler_laser
0  0.767678 3.772680 -1.077588  0.381124 0.064519 -0.922270  0.000000 0.000000 0
0  0.760020 0.712068 -1.288985  0.381124 0.064534 -0.922269  0.000000 0.000000 0
0  0.440115 0.713023 -1.517149  0.381125 0.064558 -0.922267  0.000000 0.000000 0
painted_wood_01
0  1.000001 3.766343 0.527183  0.613486 0.135229 0.778041  0.297403 0.539614 0
0  0.000000 1.998897 1.947666  0.613485 0.135230 0.778042  0.297403 0.539614 0
0  0.984607 0.568785 1.384604  0.613485 0.135231 0.778042  0.297403 0.539614 0
painted_wood_01
0  0.000000 1.998897 1.947666  0.613479 0.135228 0.778047  0.297403 0.539614 0
0  0.000000 0.568785 1.792440  0.613481 0.135223 0.778046  0.297403 0.539614 0
0  0.532866 0.568785 1.686447  0.613485 0.135216 0.778045  0.297403 0.539614 0
painted_wood_01
0  0.984607 -3.392442 -1.384609  0.970028 -0.108027 -0.217658  0.297403 0.539614 0
0  1.286451 -3.392442 -0.732868  0.970032 -0.108043 -0.217633  0.297403 0.539614 0
0  1.197502 -4.270097 0.000000  0.970036 -0.108057 -0.217610  0.297403 0.539614 0
painted_wood_01
0  1.000001 -6.298168 0.567713  0.607416 -0.136191 0.782622  0.297403 0.539614 0
0  0.984607 -3.392443 1.384602  0.607412 -0.136207 0.782623  0.297403 0.539614 0
0  0.000000 -6.298168 1.699995  0.607413 -0.136203 0.782623  0.297403 0.539614 0
painted_wood_01
0  0.984607 -3.392443 1.384602  0.607361 -0.136179 0.782667  0.297403 0.539614 0
0  0.532866 -3.392443 1.686446  0.607358 -0.136185 0.782668  0.297403 0.539614 0
0  0.000000 -6.298168 1.699995  0.607359 -0.136184 0.782668  0.297403 0.539614 0
painted_wood_01
0  0.000000 -6.298166 -1.700005  0.607358 -0.136158 -0.782673  0.297403 0.539614 0
0  0.000000 -3.392442 -1.792447  0.607355 -0.136171 -0.782673  0.297403 0.539614 0
0  0.532866 -3.392442 -1.686453  0.607355 -0.136172 -0.782673  0.297403 0.539614 0
painted_wood_01
0  0.532866 -3.392442 -1.686453  0.607361 -0.136179 -0.782667  0.297403 0.539614 0
0  0.984607 -3.392442 -1.384609  0.607363 -0.136175 -0.782667  0.297403 0.539614 0
0  0.000000 -6.298166 -1.700005  0.607360 -0.136180 -0.782668  0.297403 0.539614 0
gold_player
0  1.000001 -6.298168 0.567713  -0.043529 -0.289157 -0.956291  -0.207490 -0.297144 0
0  0.000000 -6.298168 0.667713  -0.043531 -0.289154 -0.956293  -0.184151 -0.270616 0
0  0.000000 -4.270097 0.000000  -0.043530 -0.289154 -0.956292  0.130371 0.183502 0
painted_wood_01
0  0.927546 -8.786492 1.115114  0.000000 -0.989383 0.145335  0.297403 0.539614 0
0  0.000000 -8.699500 1.707322  0.000000 -0.989383 0.145335  0.297403 0.539614 0
0  0.000000 -9.122035 -1.169117  0.000000 -0.989383 0.145335  0.297403 0.539614 0
painted_wood_01
0  1.000001 -7.776050 1.113149  0.997385 -0.071498 0.010503  0.297403 0.539614 0
0  0.927546 -8.786492 1.115114  0.997385 -0.071498 0.010503  0.297403 0.539614 0
0  0.927546 -9.035044 -0.576909  0.997385 -0.071498 0.010503  0.297403 0.539614 0
painted_wood_01
0  0.927546 -8.786492 1.115114  -0.076809 -0.996019 -0.045246  0.297403 0.539614 0
0  2.026842 -8.904570 2.781729  -0.076809 -0.996019 -0.045246  0.297403 0.539614 0
0  0.000000 -8.817576 3.373937  -0.076808 -0.996019 -0.045247  0.297403 0.539614 0
painted_wood_01
0  0.000000 -7.792392 3.472332  0.294512 -0.055677 0.954024  0.297403 0.539614 0
0  0.000000 -8.817576 3.373937  0.294514 -0.055678 0.954024  0.297403 0.539614 0
0  2.026842 -8.904570 2.781729  0.294509 -0.055675 0.954025  0.297403 0.539614 0
painted_wood_01
0  0.000000 -7.674315 1.805716  0.084429 0.995515 0.042688  0.297403 0.539614 0
0  0.000000 -7.792392 3.472332  0.084430 0.995515 0.042688  0.297403 0.539614 0
0  2.099297 -7.894127 2.779765  0.084433 0.995514 0.042689  0.297403 0.539614 0
painted_wood_01
0  1.000001 -7.776050 1.113149  0.831245 -0.060680 -0.552585  0.297403 0.539614 0
0  2.099297 -7.894127 2.779765  0.831245 -0.060680 -0.552585  0.297403 0.539614 0
0  2.026842 -8.904570 2.781729  0.831245 -0.060680 -0.552585  0.297403 0.539614 0
c_invasion_wrangler_laser
0  0.000000 3.808831 -1.445365  0.394853 -0.348163 -0.850220  0.000000 0.000000 0
0  0.000000 4.463351 -1.716897  0.394853 -0.348163 -0.850220  0.000000 0.000000 0
0  0.800226 4.361275 -1.299955  0.394853 -0.348163 -0.850220  0.000000 0.000000 0
painted_wood_01
0  1.040689 3.081822 1.948165  0.521553 -0.782034 -0.341182  0.297403 0.539614 0
0  1.334608 1.639535 5.471472  0.521552 -0.782036 -0.341180  0.297403 0.539614 0
0  0.000000 1.302137 4.436562  0.521553 -0.782034 -0.341183  0.297403 0.539614 0
painted_wood_01
0  1.334608 1.639535 5.471472  0.521686 -0.442774 -0.729243  0.297403 0.539614 0
0  2.043638 -1.586379 7.652559  0.521688 -0.442769 -0.729244  0.297403 0.539614 0
0  0.000000 -2.194918 6.844880  0.521685 -0.442777 -0.729241  0.297403 0.539614 0
painted_wood_01
0  2.043638 -1.586379 7.652559  0.516461 -0.394864 -0.759836  0.297403 0.539614 0
0  0.823650 -5.073333 8.900395  0.516455 -0.394874 -0.759835  0.297403 0.539614 0
0  0.000000 -5.283927 8.185042  0.516452 -0.394879 -0.759834  0.297403 0.539614 0
c_invasion_wrangler_laser
0  0.823280 2.745751 6.255489  0.390804 0.729923 0.560789  0.000000 0.000000 0
0  6.192101 -1.820817 6.907058  0.390817 0.729919 0.560786  0.000000 0.000000 0
0  6.654728 0.857779 4.648882  0.390830 0.729915 0.560782  0.000000 0.000000 0
c_invasion_wrangler_laser
0  0.812732 -5.064515 9.333725  0.076609 -0.261502 0.962158  0.000000 0.000000 0
0  3.019983 -9.563709 7.800428  0.076600 -0.261488 0.962162  0.000000 0.000000 0
0  3.017567 -8.248178 8.292931  0.076600 -0.261489 0.962162  0.000000 0.000000 0
c_invasion_wrangler_laser
0  0.937817 3.574015 2.561584  0.494414 0.475585 -0.727581  0.000000 0.000000 0
0  6.878329 0.071715 4.271703  0.494421 0.475580 -0.727579  0.000000 0.000000 0
0  6.536331 -0.013675 4.020900  0.494417 0.475583 -0.727580  0.000000 0.000000 0
c_invasion_wrangler_laser
0  0.856414 -4.619143 9.005753  -0.803147 -0.216085 -0.555213  0.000000 0.000000 0
0  3.229265 -9.085955 7.403142  -0.803147 -0.216086 -0.555213  0.000000 0.000000 0
0  3.019983 -9.563709 7.800428  -0.803145 -0.216089 -0.555214  0.000000 0.000000 0
c_invasion_wrangler_laser
0  1.007624 3.293729 2.388378  -0.424776 -0.719768 -0.549090  0.000000 0.000000 0
0  6.536331 -0.013675 4.020900  -0.424771 -0.719773 -0.549086  0.000000 0.000000 0
0  6.273186 -2.590704 6.028722  -0.424752 -0.719795 -0.549073  0.000000 0.000000 0
c_invasion_wrangler_laser
0  0.259706 -3.714955 9.609733  0.319133 0.056231 0.946040  0.000000 0.000000 0
0  3.017567 -8.248178 8.292931  0.319131 0.056231 0.946041  0.000000 0.000000 0
0  5.373821 -5.406857 7.985157  0.319131 0.056232 0.946041  0.000000 0.000000 0
gold_player
0  1.040689 3.081822 1.948165  0.961709 0.164457 0.219247  0.297403 0.539614 0
0  0.756352 5.377801 1.663652  0.961710 0.164454 0.219246  0.297403 0.539614 0
0  0.657924 4.561394 2.517317  0.961709 0.164456 0.219247  0.297403 0.539614 0
crystal_ball_glass
0  0.440115 0.713023 -1.517149  0.093187 0.812914 -0.574880  0.245203 0.664189 0
0  0.532866 0.568786 -1.686452  0.093182 0.812912 -0.574884  0.245217 0.661705 0
0  0.000000 0.568786 -1.792446  0.093185 0.812913 -0.574882  0.200414 0.695991 0
crystal_ball_glass
0  0.760020 0.712068 -1.288985  0.332089 0.810763 -0.482059  0.199542 0.746891 0
0  0.984607 0.568786 -1.384608  0.332089 0.810763 -0.482059  0.206892 0.738098 0
0  0.532866 0.568786 -1.686452  0.332088 0.810763 -0.482060  0.158996 0.774969 0
crystal_ball_glass
0  0.767678 3.772680 -1.077588  0.719427 0.114358 -0.685089  0.635129 0.475828 0
0  1.000001 3.766343 -0.527183  0.719428 0.114353 -0.685089  0.645464 0.465356 0
0  0.984607 0.568786 -1.384608  0.719427 0.114360 -0.685088  0.943529 0.418513 0
crystal_ball_glass
0  0.800226 4.361275 -1.299955  0.727435 -0.439859 -0.526652  0.542513 0.543459 0
0  1.038986 4.384902 -1.214143  0.727426 -0.439830 -0.526689  0.554410 0.536208 0
0  1.000001 3.766343 -0.527183  0.727438 -0.439868 -0.526640  0.629655 0.522741 0
crystal_ball_glass
0  0.000000 5.470138 -1.996089  0.151710 -0.478101 -0.865103  1.091069 1.442094 0
0  0.000000 6.028502 -2.361655  0.151705 -0.478096 -0.865107  1.025620 1.375811 0
0  1.038986 4.384902 -1.214143  0.151703 -0.478094 -0.865108  1.278580 1.516844 0
painted_wood_01
0  1.272847 1.852638 5.646378  0.978229 0.207392 0.007524  0.297403 0.539614 0
0  1.334608 1.639535 5.471472  0.978229 0.207394 0.007519  0.297403 0.539614 0
0  1.040689 3.081822 1.948165  0.978229 0.207393 0.007522  0.297403 0.539614 0
painted_wood_01
0  1.977765 -1.458318 7.880527  0.961288 0.263143 0.081741  0.297403 0.539614 0
0  2.043638 -1.586379 7.652559  0.961287 0.263144 0.081740  0.297403 0.539614 0
0  1.334608 1.639535 5.471472  0.961287 0.263145 0.081740  0.297403 0.539614 0
painted_wood_01
0  0.856414 -4.619143 9.005753  0.901022 -0.175772 0.396565  0.297403 0.539614 0
0  0.823650 -5.073333 8.900395  0.901022 -0.175773 0.396565  0.297403 0.539614 0
0  2.043638 -1.586379 7.652559  0.901021 -0.175775 0.396566  0.297403 0.539614 0
painted_wood_01
0  0.812732 -5.064515 9.333725  0.969981 -0.241400 0.029368  0.297403 0.539614 0
0  0.684365 -5.253276 9.476967  0.969981 -0.241400 0.029359  0.297403 0.539614 0
0  0.823650 -5.073333 8.900395  0.969982 -0.241400 0.029346  0.297403 0.539614 0
painted_wood_01
0  1.007624 3.293729 2.388378  0.963657 0.262587 -0.049114  0.297403 0.539614 0
0  1.040689 3.081822 1.948165  0.963657 0.262587 -0.049114  0.297403 0.539614 0
0  0.901403 3.668780 2.309439  0.963658 0.262587 -0.049114  0.297403 0.539614 0
painted_wood_01
0  0.771739 4.292706 2.726336  0.845956 0.493417 0.202231  0.297403 0.539614 0
0  0.657924 4.561394 2.517317  0.845957 0.493417 0.202230  0.297403 0.539614 0
0  0.682034 2.936179 6.411346  0.845956 0.493418 0.202229  0.297403 0.539614 0
painted_wood_01
0  0.823280 2.745751 6.255489  0.811078 0.410980 0.416231  0.297403 0.539614 0
0  0.682034 2.936179 6.411346  0.811078 0.410976 0.416234  0.297403 0.539614 0
0  1.177081 -0.280943 8.554533  0.811079 0.410969 0.416239  0.297403 0.539614 0
painted_wood_01
0  1.356813 -0.395489 8.386103  0.638927 0.064846 0.766530  0.297403 0.539614 0
0  1.177081 -0.280943 8.554533  0.638928 0.064850 0.766528  0.297403 0.539614 0
0  0.000000 -3.767897 9.802369  0.638930 0.064855 0.766526  0.297403 0.539614 0
painted_wood_01
0  0.259706 -3.714955 9.609733  0.613937 0.101927 0.782746  0.297403 0.539614 0
0  0.000000 -3.767897 9.802369  0.613939 0.101924 0.782746  0.297403 0.539614 0
0  0.684365 -5.253276 9.476967  0.613937 0.101929 0.782746  0.297403 0.539614 0
painted_wood_01
0  0.937817 3.574015 2.561584  0.958296 0.267091 -0.101641  0.297403 0.539614 0
0  0.901403 3.668780 2.309439  0.958295 0.267093 -0.101641  0.297403 0.539614 0
0  0.657924 4.561394 2.517317  0.958295 0.267094 -0.101641  0.297403 0.539614 0
c_invasion_wrangler_laser
0  5.542016 -6.421937 7.141289  0.645869 -0.613733 -0.454076  0.000000 0.000000 0
0  5.930401 -6.289558 7.465569  0.645867 -0.613736 -0.454075  0.000000 0.000000 0
0  3.019983 -9.563709 7.800428  0.645871 -0.613731 -0.454076  0.000000 0.000000 0
c_invasion_wrangler_laser
0  6.273186 -2.590704 6.028722  0.680090 -0.319371 -0.659908  0.000000 0.000000 0
0  6.622528 -2.546875 6.379444  0.680090 -0.319371 -0.659908  0.000000 0.000000 0
0  5.930401 -6.289558 7.465569  0.680090 -0.319372 -0.659908  0.000000 0.000000 0
c_invasion_wrangler_laser
0  6.536331 -0.013675 4.020900  0.611490 -0.527934 -0.589378  0.000000 0.000000 0
0  6.878329 0.071715 4.271703  0.611490 -0.527935 -0.589377  0.000000 0.000000 0
0  6.622528 -2.546875 6.379444  0.611490 -0.527936 -0.589376  0.000000 0.000000 0
c_invasion_wrangler_laser
0  5.930401 -6.289558 7.465569  0.433598 -0.283531 0.855338  0.000000 0.000000 0
0  5.373821 -5.406857 7.985157  0.433598 -0.283531 0.855338  0.000000 0.000000 0
0  3.017567 -8.248178 8.292931  0.433599 -0.283530 0.855338  0.000000 0.000000 0
c_invasion_wrangler_laser
0  6.622528 -2.546875 6.379444  0.755349 0.037528 0.654247  0.000000 0.000000 0
0  6.192101 -1.820817 6.907058  0.755350 0.037529 0.654246  0.000000 0.000000 0
0  5.373821 -5.406857 7.985157  0.755350 0.037529 0.654246  0.000000 0.000000 0
c_invasion_wrangler_laser
0  6.878329 0.071715 4.271703  0.914028 0.176902 0.365044  0.000000 0.000000 0
0  6.654728 0.857779 4.648882  0.914027 0.176900 0.365048  0.000000 0.000000 0
0  6.192101 -1.820817 6.907058  0.914028 0.176901 0.365047  0.000000 0.000000 0
c_invasion_wrangler_laser
0  1.272847 1.852638 5.646378  -0.448743 -0.377814 -0.809869  0.000000 0.000000 0
0  6.273186 -2.590704 6.028722  -0.448738 -0.377822 -0.809867  0.000000 0.000000 0
0  5.542016 -6.421937 7.141289  -0.448744 -0.377812 -0.809869  0.000000 0.000000 0
c_invasion_wrangler_laser
0  1.977765 -1.458318 7.880527  -0.370546 -0.002657 -0.928810  0.000000 0.000000 0
0  5.542016 -6.421937 7.141289  -0.370545 -0.002663 -0.928811  0.000000 0.000000 0
0  3.229265 -9.085955 7.403142  -0.370544 -0.002671 -0.928811  0.000000 0.000000 0
c_invasion_wrangler_laser
0  1.356813 -0.395489 8.386103  0.372104 0.386689 0.843807  0.000000 0.000000 0
0  5.373821 -5.406857 7.985157  0.372095 0.386691 0.843810  0.000000 0.000000 0
0  6.192101 -1.820817 6.907058  0.372097 0.386691 0.843809  0.000000 0.000000 0
c_invasion_wrangler_laser
0  0.771739 4.292706 2.726336  0.477080 0.404564 -0.780207  0.000000 0.000000 0
0  6.654728 0.857779 4.648882  0.477080 0.404564 -0.780207  0.000000 0.000000 0
0  6.878329 0.071715 4.271703  0.477080 0.404564 -0.780207  0.000000 0.000000 0
gold_player
0  0.259706 -3.714955 9.609733  0.708644 0.040363 0.704411  0.297403 0.539614 0
0  0.812732 -5.064515 9.333725  0.708639 0.040371 0.704415  0.297403 0.539614 0
0  0.856414 -4.619143 9.005753  0.708638 0.040373 0.704416  0.297403 0.539614 0
gold_player
0  0.856414 -4.619143 9.005753  0.708623 0.040344 0.704433  0.297403 0.539614 0
0  1.977765 -1.458318 7.880527  0.708621 0.040343 0.704435  0.297403 0.539614 0
0  0.259706 -3.714955 9.609733  0.708622 0.040343 0.704434  0.297403 0.539614 0
gold_player
0  1.356813 -0.395489 8.386103  0.901898 0.347064 0.257151  0.297403 0.539614 0
0  1.977765 -1.458318 7.880527  0.901898 0.347063 0.257153  0.297403 0.539614 0
0  1.272847 1.852638 5.646378  0.901898 0.347064 0.257152  0.297403 0.539614 0
gold_player
0  0.771739 4.292706 2.726336  0.949556 0.300936 0.088212  0.297403 0.539614 0
0  0.823280 2.745751 6.255489  0.949555 0.300933 0.088233  0.297403 0.539614 0
0  0.937817 3.574015 2.561584  0.949555 0.300934 0.088229  0.297403 0.539614 0
gold_player
0  0.823280 2.745751 6.255489  0.949534 0.300998 0.088234  0.297403 0.539614 0
0  1.272847 1.852638 5.646378  0.949534 0.300996 0.088240  0.297403 0.539614 0
0  0.937817 3.574015 2.561584  0.949534 0.300997 0.088238  0.297403 0.539614 0
gold_player
0  0.000000 -5.283927 8.185042  -0.654560 -0.663457 0.362458  0.297403 0.539614 0
0  0.823650 -5.073333 8.900395  -0.654574 -0.663458 0.362430  0.297403 0.539614 0
0  0.684365 -5.253276 9.476967  -0.654535 -0.663457 0.362504  0.297403 0.539614 0
painted_wood_01
0  1.169129 8.371672 -0.027095  -0.445966 0.498672 0.743263  0.297403 0.539614 0
0  0.520693 8.371672 -0.486404  -0.445965 0.498676 0.743261  0.297403 0.539614 0
0  0.459152 5.377801 1.555579  -0.445966 0.498673 0.743263  0.297403 0.539614 0
black
0  1.169129 8.371672 -0.027095  -0.530235 0.811961 0.244072  0.261898 1.451806 0
0  1.506855 9.045291 -1.407901  -0.530235 0.811961 0.244071  0.292616 1.754126 0
0  0.678174 8.795123 -2.502386  -0.530235 0.811961 0.244069  0.299796 2.168157 0
gold_player
0  0.000000 -1.380653 9.120767  0.197146 0.273698 0.941394  -2.318932 1.157930 0
0  0.000000 -3.767897 9.802369  0.197147 0.273698 0.941394  -2.718656 1.244185 0
0  1.177081 -0.280943 8.554533  0.197147 0.273698 0.941394  -1.550858 0.833152 0
gold_player
0  1.177081 -0.280943 8.554533  0.536211 0.477039 0.696356  -2.572938 3.262876 0
0  0.682034 2.936179 6.411346  0.536219 0.477006 0.696372  -2.083149 2.735854 0
0  0.290288 3.298390 6.785602  0.536216 0.477019 0.696366  -2.244781 2.936060 0
gold_player
0  0.682034 2.936179 6.411346  0.884870 0.420425 0.200621  -1.288543 6.314774 0
0  0.657924 4.561394 2.517317  0.884869 0.420427 0.200617  -1.266512 5.111753 0
0  0.515440 4.916241 2.996548  0.884869 0.420432 0.200609  -1.201705 5.043467 0
gold_player
0  0.657924 4.561394 2.517317  0.746457 0.575410 0.334223  -0.202506 3.773928 0
0  0.756352 5.377801 1.663652  0.746448 0.575447 0.334180  -0.117762 2.952663 0
0  0.459152 5.377801 1.555579  0.746456 0.575416 0.334215  -0.117428 2.889515 0
c_invasion_wrangler_laser
0  0.520693 8.371672 -0.486404  0.999232 -0.000063 0.039188  0.000000 0.000000 0
0  0.520693 20.385536 0.009419  0.999232 -0.000063 0.039188  0.000000 0.000000 0
0  0.459152 21.661304 1.103944  0.999232 -0.000061 0.039188  0.000000 0.000000 0
c_invasion_wrangler_laser
0  0.290288 3.298390 6.785602  0.995641 0.019668 0.091165  0.000000 0.000000 0
0  0.290288 7.542612 5.542544  0.995641 0.019669 0.091166  0.000000 0.000000 0
0  0.155197 4.142133 8.078921  0.995641 0.019669 0.091166  0.000000 0.000000 0
c_invasion_wrangler_laser
0  0.459152 5.377801 1.555579  0.999221 -0.001094 -0.039452  0.000000 0.000000 0
0  0.459152 21.661304 1.103944  0.999221 -0.001094 -0.039452  0.000000 0.000000 0
0  0.515440 13.540890 2.754792  0.999221 -0.001094 -0.039452  0.000000 0.000000 0
c_invasion_wrangler_laser
0  0.396860 8.371672 -1.578389  0.993631 0.004638 -0.112586  0.000000 0.000000 0
0  0.396860 20.436710 -1.081366  0.993631 0.004638 -0.112586  0.000000 0.000000 0
0  0.520693 20.385536 0.009419  0.993631 0.004638 -0.112586  0.000000 0.000000 0
c_invasion_wrangler_laser
0  0.155197 0.390280 8.560888  0.965448 0.021863 0.259676  0.000000 0.000000 0
0  0.155197 4.142133 8.078921  0.965448 0.021868 0.259678  0.000000 0.000000 0
0  0.000000 2.057932 8.997468  0.965448 0.021865 0.259677  0.000000 0.000000 0
c_invasion_wrangler_laser
0  0.515440 4.916241 2.996548  0.996851 0.009086 0.078781  0.000000 0.000000 0
0  0.515440 13.540890 2.754792  0.996850 0.009087 0.078782  0.000000 0.000000 0
0  0.290288 7.542612 5.542544  0.996850 0.009087 0.078782  0.000000 0.000000 0
c_invasion_wrangler_laser
0  0.396860 8.371672 -1.578389  0.921944 0.016730 -0.386962  0.000000 0.000000 0
0  0.000000 9.436178 -2.502386  0.921944 0.016730 -0.386962  0.000000 0.000000 0
0  0.000000 21.543350 -1.954461  0.921944 0.016729 -0.386962  0.000000 0.000000 0
c_invasion_wrangler_laser
0  0.396860 20.436710 -1.081366  0.890684 0.014610 -0.454388  0.000000 0.000000 0
0  0.000000 21.543350 -1.954461  0.890684 0.014616 -0.454388  0.000000 0.000000 0
0  0.000000 28.308796 -1.606148  0.890684 0.014612 -0.454388  0.000000 0.000000 0
c_invasion_wrangler_laser
0  0.396860 20.436710 -1.081366  0.993405 0.001103 -0.114650  0.000000 0.000000 0
0  0.396860 27.036182 -1.000001  0.993405 0.001103 -0.114650  0.000000 0.000000 0
0  0.520693 26.744560 0.052322  0.993405 0.001103 -0.114650  0.000000 0.000000 0
c_invasion_wrangler_laser
0  0.520693 20.385536 0.009419  0.998667 -0.001415 0.051599  0.000000 0.000000 0
0  0.520693 26.744560 0.052322  0.998667 -0.001415 0.051599  0.000000 0.000000 0
0  0.459152 27.746052 1.402352  0.998667 -0.001415 0.051599  0.000000 0.000000 0
c_invasion_wrangler_laser
0  0.290288 7.542612 5.542544  0.987505 0.077662 0.137121  0.000000 0.000000 0
0  0.000000 9.986961 5.885887  0.987505 0.077663 0.137120  0.000000 0.000000 0
0  0.000000 6.523435 8.210360  0.987505 0.077662 0.137121  0.000000 0.000000 0
c_invasion_wrangler_laser
0  0.155197 4.142133 8.078921  0.976204 0.037632 0.213562  0.000000 0.000000 0
0  0.000000 6.523435 8.210360  0.976205 0.037631 0.213561  0.000000 0.000000 0
0  0.000000 4.727814 8.685138  0.976205 0.037631 0.213561  0.000000 0.000000 0
c_invasion_wrangler_laser
0  0.515440 13.540890 2.754792  0.944811 0.128492 0.301367  0.000000 0.000000 0
0  0.000000 16.150043 2.783275  0.944810 0.128488 0.301371  0.000000 0.000000 0
0  0.000000 9.986961 5.885887  0.944810 0.128487 0.301371  0.000000 0.000000 0
c_invasion_wrangler_laser
0  0.396860 27.036182 -1.000001  0.809567 0.014102 -0.586858  0.000000 0.000000 0
0  0.000000 28.308796 -1.606148  0.809567 0.014106 -0.586859  0.000000 0.000000 0
0  0.000000 42.108261 -1.185313  0.809567 0.014104 -0.586859  0.000000 0.000000 0
c_invasion_wrangler_laser
0  0.396860 27.036182 -1.000001  0.993240 0.003037 -0.116039  0.000000 0.000000 0
0  0.380179 41.238598 -0.771088  0.993240 0.003037 -0.116039  0.000000 0.000000 0
0  0.464803 41.039307 -0.051958  0.993240 0.003037 -0.116039  0.000000 0.000000 0
c_invasion_wrangler_laser
0  0.520693 26.744560 0.052322  0.999091 0.004216 0.042416  0.000000 0.000000 0
0  0.464803 41.039307 -0.051958  0.999091 0.004216 0.042416  0.000000 0.000000 0
0  0.422748 41.723705 0.870616  0.999091 0.004216 0.042416  0.000000 0.000000 0
c_invasion_wrangler_laser
0  0.380179 41.238598 -0.771088  0.680440 0.030546 -0.732167  0.000000 0.000000 0
0  0.000000 42.108261 -1.185313  0.680439 0.030561 -0.732167  0.000000 0.000000 0
0  0.000000 50.533009 -0.736591  0.680440 0.030546 -0.732167  0.000000 0.000000 0
c_invasion_wrangler_laser
0  0.380179 41.238598 -0.771088  0.993338 0.006679 -0.115041  0.000000 0.000000 0
0  0.348789 50.094963 -0.527948  0.993338 0.006679 -0.115041  0.000000 0.000000 0
0  0.391415 49.994579 -0.165725  0.993338 0.006679 -0.115041  0.000000 0.000000 0
c_invasion_wrangler_laser
0  0.464803 41.039307 -0.051958  0.999197 0.008685 0.039105  0.000000 0.000000 0
0  0.391415 49.994579 -0.165725  0.999197 0.008685 0.039105  0.000000 0.000000 0
0  0.370231 50.339314 0.298973  0.999197 0.008685 0.039105  0.000000 0.000000 0
c_invasion_wrangler_laser
0  0.348789 50.094963 -0.527948  0.513505 0.000159 -0.858087  0.000000 0.000000 0
0  0.000000 50.533009 -0.736591  0.513505 0.000159 -0.858087  0.000000 0.000000 0
0  0.000000 52.329723 -0.736259  0.513505 0.000159 -0.858087  0.000000 0.000000 0
c_invasion_wrangler_laser
0  0.348789 50.094963 -0.527948  0.993148 0.000018 -0.116865  0.000000 0.000000 0
0  0.348789 52.264519 -0.527615  0.993148 0.000018 -0.116865  0.000000 0.000000 0
0  0.391415 52.164143 -0.165392  0.993148 0.000018 -0.116865  0.000000 0.000000 0
c_invasion_wrangler_laser
0  0.391415 49.994579 -0.165725  0.998963 -0.000007 0.045537  0.000000 0.000000 0
0  0.391415 52.164143 -0.165392  0.998963 -0.000007 0.045537  0.000000 0.000000 0
0  0.370231 52.136021 0.299305  0.998963 -0.000007 0.045537  0.000000 0.000000 0
c_invasion_wrangler_laser
0  0.370231 52.136021 0.299305  0.673933 -0.000137 0.738793  0.000000 0.000000 0
0  0.000000 52.136021 0.637033  0.673933 -0.000137 0.738793  0.000000 0.000000 0
0  0.000000 50.339314 0.636700  0.673933 -0.000137 0.738793  0.000000 0.000000 0
c_invasion_wrangler_laser
0  0.370231 50.339314 0.298973  0.647573 0.052411 0.760198  0.000000 0.000000 0
0  0.000000 50.339314 0.636700  0.647573 0.052410 0.760199  0.000000 0.000000 0
0  0.000000 41.723705 1.208344  0.647573 0.052409 0.760199  0.000000 0.000000 0
c_invasion_wrangler_laser
0  0.422748 41.723705 0.870616  0.607774 0.030978 0.793506  0.000000 0.000000 0
0  0.000000 41.723705 1.208344  0.607774 0.030976 0.793506  0.000000 0.000000 0
0  0.000000 27.746052 1.740080  0.607774 0.030977 0.793506  0.000000 0.000000 0
gold_player
0  0.515440 4.916241 2.996548  0.000000 0.952338 0.305046  -0.162157 1.075044 0
0  0.459152 5.377801 1.555579  0.000000 0.952338 0.305046  -0.073436 0.629320 0
0  0.000000 5.377801 1.555579  0.000000 0.952338 0.305046  -0.094279 0.862185 0
gold_player
0  0.520693 8.371672 -0.486404  0.000000 1.000000 0.000000  0.342821 3.549130 0
0  0.396860 8.371672 -1.578389  0.000000 1.000000 0.000000  0.402620 4.153126 0
0  0.000000 8.371672 -1.578389  0.000000 1.000000 0.000000  0.372253 3.975915 0
gold_player
0  0.290288 3.298390 6.785602  0.000000 0.919674 0.392683  -0.111762 0.360373 0
0  0.515440 4.916241 2.996548  0.000000 0.919674 0.392683  -0.098596 0.419020 0
0  0.000000 4.916241 2.996548  0.000000 0.919674 0.392683  -0.159278 0.699010 0
gold_player
0  0.459152 5.377801 1.555579  0.000000 0.563470 0.826136  -0.213931 0.469214 0
0  0.520693 8.371672 -0.486404  0.000000 0.563470 0.826136  -0.268694 0.443144 0
0  0.000000 8.371672 -0.486404  0.000000 0.563470 0.826136  -0.258939 0.445983 0
gold_player
0  0.155197 0.390280 8.560888  0.000000 0.521046 0.853529  -0.427110 0.526237 0
0  0.290288 3.298390 6.785602  0.000000 0.521046 0.853529  -0.384270 0.468871 0
0  0.000000 3.298390 6.785602  0.000000 0.521046 0.853529  -0.474811 0.589039 0
gold_player
0  1.000001 3.766343 -0.527183  0.000000 0.143198 -0.989694  0.625000 0.491805 0
0  1.000001 0.498517 -1.000003  0.000000 0.143198 -0.989694  0.625000 0.491805 0
0  0.000000 0.498517 -1.000003  0.000000 0.143198 -0.989694  0.625000 0.616805 0
gold_player
0  0.000000 0.568786 -1.792446  -0.022288 0.993850 0.108467  0.000000 0.000000 0
0  0.000000 0.498517 -1.000003  -0.022292 0.993850 0.108467  0.000000 0.000000 0
0  0.532866 0.568786 -1.686452  -0.022291 0.993850 0.108467  0.000000 0.000000 0
gold_player
0  0.000000 0.498517 -1.000003  -0.022266 0.993852 0.108456  0.000000 0.000000 0
0  1.000001 0.498517 -1.000003  -0.022266 0.993852 0.108457  0.000000 0.000000 0
0  0.532866 0.568786 -1.686452  -0.022266 0.993852 0.108458  0.000000 0.000000 0
gold_player
0  0.000000 3.766343 -0.527183  -0.336185 -0.324164 -0.884250  0.625000 0.623018 0
0  0.000000 6.092816 -1.000001  -0.336187 -0.324165 -0.884248  0.625000 0.616805 0
0  1.018852 4.370886 -1.136173  -0.336196 -0.324170 -0.884243  0.625000 0.489449 0
gold_player
0  1.018852 4.370886 -1.136173  -0.853969 -0.520288 0.006227  0.000000 0.000000 0
0  0.000000 6.092816 -1.000001  -0.853969 -0.520287 0.006226  0.000000 0.000000 0
0  0.000000 6.028502 -2.361655  -0.853969 -0.520287 0.006226  0.000000 0.000000 0
black
0  1.286450 -1.411829 0.732862  0.625318 0.223072 0.747808  0.185501 1.102956 0
0  1.474680 -1.411829 0.620737  0.625316 0.223063 0.747812  0.185571 1.081211 0
0  1.564457 0.265760 -0.000003  0.625316 0.223061 0.747812  0.186661 0.465405 0
black
0  1.197502 1.446441 0.000000  0.625356 0.223053 -0.747782  0.462829 0.097999 0
0  1.564457 0.265760 -0.000003  0.625357 0.223041 -0.747784  0.295186 0.477920 0
0  1.474680 -1.411828 -0.620743  0.625357 0.223046 -0.747783  0.012373 1.089644 0
black
0  1.286451 -1.411828 -0.732868  0.625318 -0.223072 -0.747808  0.003212 1.102958 0
0  1.474680 -1.411828 -0.620743  0.625316 -0.223062 -0.747812  0.147867 1.242617 0
0  1.564457 -3.089417 -0.000004  0.625316 -0.223061 -0.747813  2.398772 3.693237 0
black
0  1.197502 -4.270097 0.000000  0.625362 -0.223051 0.747777  -0.297198 0.396625 0
0  1.564457 -3.089417 -0.000004  0.625363 -0.223039 0.747779  -0.122178 0.663750 0
0  1.474680 -1.411829 0.620737  0.625363 -0.223044 0.747778  0.175357 1.093648 0
gold_player
0  1.474680 -1.411829 0.620737  1.000000 0.000013 -0.000000  0.185571 1.081211 0
0  1.564457 -3.089417 -0.000004  1.000000 0.000013 0.000004  2.398772 3.693237 0
0  1.474680 -1.411828 -0.620743  1.000000 0.000013 0.000003  0.012373 1.089644 0
c_invasion_wrangler_laser
0  0.000000 -11.814528 -1.608810  -0.257657 -0.046051 -0.965139  0.000000 0.000000 0
0  -0.245000 -11.804987 -1.543859  -0.257657 -0.046051 -0.965139  0.000000 0.000000 0
0  -0.245000 -11.212784 -1.572115  -0.257657 -0.046051 -0.965139  0.000000 0.000000 0
c_invasion_wrangler_laser
0  -0.245000 -11.804987 -1.543859  -0.705399 -0.033782 -0.708005  0.000000 0.000000 0
0  -0.424353 -11.778921 -1.366411  -0.705399 -0.033782 -0.708005  0.000000 0.000000 0
0  -0.424353 -11.221837 -1.392992  -0.705399 -0.033782 -0.708005  0.000000 0.000000 0
c_invasion_wrangler_laser
0  -0.424353 -11.778921 -1.366411  -0.965612 -0.012391 -0.259691  0.000000 0.000000 0
0  -0.490000 -11.743314 -1.124012  -0.965612 -0.012391 -0.259691  0.000000 0.000000 0
0  -0.490000 -11.234204 -1.148304  -0.965612 -0.012391 -0.259691  0.000000 0.000000 0
c_invasion_wrangler_laser
0  -0.490000 -11.743314 -1.124012  -0.965612 0.012391 0.259692  0.000000 0.000000 0
0  -0.424353 -11.707705 -0.881614  -0.965612 0.012391 0.259692  0.000000 0.000000 0
0  -0.424353 -11.246570 -0.903616  -0.965612 0.012391 0.259692  0.000000 0.000000 0
c_invasion_wrangler_laser
0  -0.424353 -11.707705 -0.881614  -0.705399 0.033782 0.708005  0.000000 0.000000 0
0  -0.245000 -11.681640 -0.704166  -0.705399 0.033782 0.708005  0.000000 0.000000 0
0  -0.245000 -11.255623 -0.724493  -0.705399 0.033782 0.708005  0.000000 0.000000 0
c_invasion_wrangler_laser
0  -0.245000 -11.681640 -0.704166  -0.257655 0.046051 0.965139  0.000000 0.000000 0
0  0.000000 -11.672099 -0.639215  -0.257655 0.046051 0.965139  0.000000 0.000000 0
0  0.000000 -11.258936 -0.658929  -0.257655 0.046051 0.965139  0.000000 0.000000 0
c_invasion_wrangler_laser
0  0.000000 -11.209471 -1.637680  -0.257656 0.143123 -0.955578  0.000000 0.000000 0
0  -0.245000 -11.212784 -1.572115  -0.257656 0.143123 -0.955578  0.000000 0.000000 0
0  -0.245000 -10.626449 -1.484296  -0.257656 0.143123 -0.955578  0.000000 0.000000 0
c_invasion_wrangler_laser
0  -0.245000 -11.212784 -1.572115  -0.705399 0.104993 -0.700992  0.000000 0.000000 0
0  -0.424353 -11.221837 -1.392992  -0.705399 0.104993 -0.700992  0.000000 0.000000 0
0  -0.424353 -10.670273 -1.310380  -0.705399 0.104993 -0.700992  0.000000 0.000000 0
c_invasion_wrangler_laser
0  -0.424353 -11.221837 -1.392992  -0.965612 0.038511 -0.257119  0.000000 0.000000 0
0  -0.490000 -11.234204 -1.148304  -0.965612 0.038511 -0.257119  0.000000 0.000000 0
0  -0.490000 -10.730138 -1.072807  -0.965612 0.038511 -0.257119  0.000000 0.000000 0
c_invasion_wrangler_laser
0  -0.490000 -11.234204 -1.148304  -0.965612 -0.038510 0.257118  0.000000 0.000000 0
0  -0.424353 -11.246570 -0.903616  -0.965612 -0.038510 0.257118  0.000000 0.000000 0
0  -0.424353 -10.790002 -0.835233  -0.965612 -0.038510 0.257118  0.000000 0.000000 0
c_invasion_wrangler_laser
0  -0.424353 -11.246570 -0.903616  -0.705397 -0.104992 0.700993  0.000000 0.000000 0
0  -0.245000 -11.255623 -0.724493  -0.705397 -0.104992 0.700993  0.000000 0.000000 0
0  -0.245000 -10.833827 -0.661317  -0.705397 -0.104992 0.700993  0.000000 0.000000 0
c_invasion_wrangler_laser
0  -0.245000 -11.255623 -0.724493  -0.257654 -0.143123 0.955578  0.000000 0.000000 0
0  0.000000 -11.258936 -0.658929  -0.257654 -0.143123 0.955578  0.000000 0.000000 0
0  0.000000 -10.849867 -0.597660  -0.257654 -0.143123 0.955578  0.000000 0.000000 0
c_invasion_wrangler_laser
0  0.000000 -10.610408 -1.547954  -0.257655 0.326797 -0.909295  0.000000 0.000000 0
0  -0.245000 -10.626449 -1.484296  -0.257655 0.326797 -0.909295  0.000000 0.000000 0
0  -0.245000 -10.068509 -1.283776  -0.257655 0.326797 -0.909295  0.000000 0.000000 0
c_invasion_wrangler_laser
0  -0.245000 -10.626449 -1.484296  -0.705398 0.239732 -0.667040  0.000000 0.000000 0
0  -0.424353 -10.670273 -1.310380  -0.705398 0.239732 -0.667040  0.000000 0.000000 0
0  -0.424353 -10.145422 -1.121750  -0.705398 0.239732 -0.667040  0.000000 0.000000 0
c_invasion_wrangler_laser
0  -0.424353 -10.670273 -1.310380  -0.965612 0.087932 -0.244665  0.000000 0.000000 0
0  -0.490000 -10.730138 -1.072807  -0.965612 0.087932 -0.244665  0.000000 0.000000 0
0  -0.490000 -10.250484 -0.900422  -0.965612 0.087932 -0.244665  0.000000 0.000000 0
c_invasion_wrangler_laser
0  -0.490000 -10.730138 -1.072807  -0.965612 -0.087932 0.244666  0.000000 0.000000 0
0  -0.424353 -10.790002 -0.835233  -0.965612 -0.087932 0.244666  0.000000 0.000000 0
0  -0.424353 -10.355548 -0.679092  -0.965612 -0.087932 0.244666  0.000000 0.000000 0
c_invasion_wrangler_laser
0  -0.424353 -10.790002 -0.835233  -0.705399 -0.239731 0.667039  0.000000 0.000000 0
0  -0.245000 -10.833827 -0.661317  -0.705399 -0.239731 0.667039  0.000000 0.000000 0
0  -0.245000 -10.432460 -0.517067  -0.705399 -0.239731 0.667039  0.000000 0.000000 0
c_invasion_wrangler_laser
0  -0.245000 -10.833827 -0.661317  -0.257655 -0.326799 0.909294  0.000000 0.000000 0
0  0.000000 -10.849867 -0.597660  -0.257655 -0.326799 0.909294  0.000000 0.000000 0
0  0.000000 -10.460611 -0.457762  -0.257655 -0.326799 0.909294  0.000000 0.000000 0
c_invasion_wrangler_laser
0  0.000000 -10.040359 -1.343081  -0.257654 0.497913 -0.828068  0.000000 0.000000 0
0  -0.245000 -10.068509 -1.283776  -0.257654 0.497913 -0.828068  0.000000 0.000000 0
0  -0.245000 -9.560412 -0.978259  -0.257654 0.497913 -0.828068  0.000000 0.000000 0
c_invasion_wrangler_laser
0  -0.245000 -10.068509 -1.283776  -0.705401 0.365255 -0.607452  0.000000 0.000000 0
0  -0.424353 -10.145422 -1.121750  -0.705401 0.365255 -0.607452  0.000000 0.000000 0
0  -0.424353 -9.667456 -0.834353  -0.705401 0.365255 -0.607452  0.000000 0.000000 0
c_invasion_wrangler_laser
0  -0.424353 -10.145422 -1.121750  -0.965612 0.133975 -0.222810  0.000000 0.000000 0
0  -0.490000 -10.250484 -0.900422  -0.965612 0.133975 -0.222810  0.000000 0.000000 0
0  -0.490000 -9.813680 -0.637773  -0.965612 0.133975 -0.222810  0.000000 0.000000 0
c_invasion_wrangler_laser
0  -0.490000 -10.250484 -0.900422  -0.965612 -0.133974 0.222809  0.000000 0.000000 0
0  -0.424353 -10.355548 -0.679092  -0.965612 -0.133974 0.222809  0.000000 0.000000 0
0  -0.424353 -9.959903 -0.441193  -0.965612 -0.133974 0.222809  0.000000 0.000000 0
c_invasion_wrangler_laser
0  -0.424353 -10.355548 -0.679092  -0.705398 -0.365257 0.607455  0.000000 0.000000 0
0  -0.245000 -10.432460 -0.517067  -0.705398 -0.365257 0.607455  0.000000 0.000000 0
0  -0.245000 -10.066946 -0.297286  -0.705398 -0.365257 0.607455  0.000000 0.000000 0
c_invasion_wrangler_laser
0  -0.245000 -10.432460 -0.517067  -0.257656 -0.497912 0.828068  0.000000 0.000000 0
0  0.000000 -10.460611 -0.457762  -0.257656 -0.497912 0.828068  0.000000 0.000000 0
0  0.000000 -10.106127 -0.244613  -0.257656 -0.497912 0.828068  0.000000 0.000000 0
c_invasion_wrangler_laser
0  0.000000 -9.521232 -1.030933  -0.257657 0.649894 -0.715018  0.000000 0.000000 0
0  -0.245000 -9.560412 -0.978259  -0.257657 0.649894 -0.715018  0.000000 0.000000 0
0  -0.245000 -9.121682 -0.579489  -0.257657 0.649894 -0.715018  0.000000 0.000000 0
c_invasion_wrangler_laser
0  -0.245000 -9.560412 -0.978259  -0.705399 0.476749 -0.524522  0.000000 0.000000 0
0  -0.424353 -9.667456 -0.834353  -0.705399 0.476749 -0.524522  0.000000 0.000000 0
0  -0.424353 -9.254743 -0.459230  -0.705399 0.476749 -0.524522  0.000000 0.000000 0
c_invasion_wrangler_laser
0  -0.424353 -9.667456 -0.834353  -0.965612 0.174868 -0.192391  0.000000 0.000000 0
0  -0.490000 -9.813680 -0.637773  -0.965612 0.174868 -0.192391  0.000000 0.000000 0
0  -0.490000 -9.436508 -0.294955  -0.965612 0.174868 -0.192391  0.000000 0.000000 0
c_invasion_wrangler_laser
0  -0.490000 -9.813680 -0.637773  -0.965612 -0.174869 0.192391  0.000000 0.000000 0
0  -0.424353 -9.959903 -0.441193  -0.965612 -0.174869 0.192391  0.000000 0.000000 0
0  -0.424353 -9.618273 -0.130678  -0.965612 -0.174869 0.192391  0.000000 0.000000 0
c_invasion_wrangler_laser
0  -0.424353 -9.959903 -0.441193  -0.705399 -0.476748 0.524523  0.000000 0.000000 0
0  -0.245000 -10.066946 -0.297286  -0.705399 -0.476748 0.524523  0.000000 0.000000 0
0  -0.245000 -9.751333 -0.010420  -0.705399 -0.476748 0.524523  0.000000 0.000000 0
c_invasion_wrangler_laser
0  -0.245000 -10.066946 -0.297286  -0.257656 -0.649893 0.715020  0.000000 0.000000 0
0  0.000000 -10.106127 -0.244613  -0.257656 -0.649893 0.715020  0.000000 0.000000 0
0  0.000000 -9.800037 0.033597  -0.257656 -0.649893 0.715020  0.000000 0.000000 0
c_invasion_wrangler_laser
0  0.000000 -9.072978 -0.623506  -0.257657 0.776898 -0.574494  0.000000 0.000000 0
0  -0.245000 -9.121682 -0.579489  -0.257657 0.776898 -0.574494  0.000000 0.000000 0
0  -0.245000 -8.769178 -0.102789  -0.257657 0.776898 -0.574494  0.000000 0.000000 0
c_invasion_wrangler_laser
0  -0.245000 -9.121682 -0.579489  -0.705398 0.569918 -0.421435  0.000000 0.000000 0
0  -0.424353 -9.254743 -0.459230  -0.705398 0.569918 -0.421435  0.000000 0.000000 0
0  -0.424353 -8.923143 -0.010800  -0.705398 0.569918 -0.421435  0.000000 0.000000 0
c_invasion_wrangler_laser
0  -0.424353 -9.254743 -0.459230  -0.965612 0.209041 -0.154580  0.000000 0.000000 0
0  -0.490000 -9.436508 -0.294955  -0.965612 0.209041 -0.154580  0.000000 0.000000 0
0  -0.490000 -9.133465 0.114859  -0.965612 0.209041 -0.154580  0.000000 0.000000 0
c_invasion_wrangler_laser
0  -0.490000 -9.436508 -0.294955  -0.965612 -0.209041 0.154580  0.000000 0.000000 0
0  -0.424353 -9.618273 -0.130678  -0.965612 -0.209041 0.154580  0.000000 0.000000 0
0  -0.424352 -9.343784 0.240517  -0.965612 -0.209041 0.154580  0.000000 0.000000 0
c_invasion_wrangler_laser
0  -0.424353 -9.618273 -0.130678  -0.705397 -0.569917 0.421437  0.000000 0.000000 0
0  -0.245000 -9.751333 -0.010420  -0.705397 -0.569917 0.421437  0.000000 0.000000 0
0  -0.245000 -9.497749 0.332506  -0.705397 -0.569917 0.421437  0.000000 0.000000 0
c_invasion_wrangler_laser
0  -0.245000 -9.751333 -0.010420  -0.257657 -0.776899 0.574492  0.000000 0.000000 0
0  0.000000 -9.800037 0.033597  -0.257657 -0.776899 0.574492  0.000000 0.000000 0
0  0.000000 -9.554106 0.366176  -0.257657 -0.776899 0.574492  0.000000 0.000000 0
c_invasion_wrangler_laser
0  0.000000 -8.712822 -0.136459  -0.257659 0.874047 -0.411890  0.000000 0.000000 0
0  -0.245000 -8.769178 -0.102789  -0.257659 0.874047 -0.411890  0.000000 0.000000 0
0  -0.245000 -8.516446 0.433522  -0.257659 0.874047 -0.411890  0.000000 0.000000 0
c_invasion_wrangler_laser
0  -0.245000 -8.769178 -0.102789  -0.705397 0.641185 -0.302155  0.000000 0.000000 0
0  -0.424353 -8.923143 -0.010800  -0.705397 0.641185 -0.302155  0.000000 0.000000 0
0  -0.424352 -8.685398 0.493706  -0.705397 0.641185 -0.302155  0.000000 0.000000 0
c_invasion_wrangler_laser
0  -0.424353 -8.923143 -0.010800  -0.965612 0.235181 -0.110828  0.000000 0.000000 0
0  -0.490000 -9.133465 0.114859  -0.965612 0.235181 -0.110828  0.000000 0.000000 0
0  -0.490000 -8.916194 0.575919  -0.965612 0.235181 -0.110828  0.000000 0.000000 0
c_invasion_wrangler_laser
0  -0.490000 -9.133465 0.114859  -0.965612 -0.235183 0.110828  0.000000 0.000000 0
0  -0.424352 -9.343784 0.240517  -0.965612 -0.235183 0.110828  0.000000 0.000000 0
0  -0.424352 -9.146988 0.658132  -0.965612 -0.235183 0.110828  0.000000 0.000000 0
c_invasion_wrangler_laser
0  -0.424352 -9.343784 0.240517  -0.705397 -0.641186 0.302150  0.000000 0.000000 0
0  -0.245000 -9.497749 0.332506  -0.705397 -0.641186 0.302150  0.000000 0.000000 0
0  -0.245000 -9.315941 0.718316  -0.705397 -0.641186 0.302150  0.000000 0.000000 0
c_invasion_wrangler_laser
0  -0.245000 -9.497749 0.332506  -0.257659 -0.874047 0.411890  0.000000 0.000000 0
0  0.000000 -9.554106 0.366176  -0.257659 -0.874047 0.411890  0.000000 0.000000 0
0  0.000000 -9.377782 0.740344  -0.257659 -0.874047 0.411890  0.000000 0.000000 0
c_invasion_wrangler_laser
0  0.000000 -8.454605 0.411493  -0.257655 0.937610 -0.233455  0.000000 0.000000 0
0  -0.245000 -8.516446 0.433522  -0.257655 0.937610 -0.233455  0.000000 0.000000 0
0  -0.245000 -8.373199 1.008834  -0.257655 0.937610 -0.233455  0.000000 0.000000 0
c_invasion_wrangler_laser
0  -0.245000 -8.516446 0.433522  -0.705396 0.687814 -0.171256  0.000000 0.000000 0
0  -0.424352 -8.685398 0.493706  -0.705396 0.687814 -0.171256  0.000000 0.000000 0
0  -0.424352 -8.550648 1.034900  -0.705396 0.687814 -0.171256  0.000000 0.000000 0
c_invasion_wrangler_laser
0  -0.424352 -8.685398 0.493706  -0.965612 0.252283 -0.062818  0.000000 0.000000 0
0  -0.490000 -8.916194 0.575919  -0.965612 0.252283 -0.062818  0.000000 0.000000 0
0  -0.490000 -8.793045 1.070507  -0.965612 0.252283 -0.062818  0.000000 0.000000 0
c_invasion_wrangler_laser
0  -0.490000 -8.916194 0.575919  -0.965612 -0.252284 0.062816  0.000000 0.000000 0
0  -0.424352 -9.146988 0.658132  -0.965612 -0.252284 0.062816  0.000000 0.000000 0
0  -0.424352 -9.035445 1.106115  -0.965612 -0.252284 0.062816  0.000000 0.000000 0
c_invasion_wrangler_laser
0  -0.424352 -9.146988 0.658132  -0.705397 -0.687811 0.171259  0.000000 0.000000 0
0  -0.245000 -9.315941 0.718316  -0.705397 -0.687811 0.171259  0.000000 0.000000 0
0  -0.245000 -9.212893 1.132181  -0.705397 -0.687811 0.171259  0.000000 0.000000 0
c_invasion_wrangler_laser
0  -0.245000 -9.315941 0.718316  -0.257655 -0.937611 0.233452  0.000000 0.000000 0
0  0.000000 -9.377782 0.740344  -0.257655 -0.937611 0.233452  0.000000 0.000000 0
0  0.000000 -9.277843 1.141722  -0.257655 -0.937611 0.233452  0.000000 0.000000 0
c_invasion_wrangler_laser
0  0.000000 -8.308249 0.999293  -0.257657 0.965138 -0.046051  0.000000 0.000000 0
0  -0.245000 -8.373199 1.008834  -0.257657 0.965138 -0.046051  0.000000 0.000000 0
0  -0.245000 -8.344942 1.601037  -0.257657 0.965138 -0.046051  0.000000 0.000000 0
c_invasion_wrangler_laser
0  -0.245000 -8.373199 1.008834  -0.705399 0.708005 -0.033782  0.000000 0.000000 0
0  -0.424352 -8.550648 1.034900  -0.705399 0.708005 -0.033782  0.000000 0.000000 0
0  -0.424352 -8.524067 1.591984  -0.705399 0.708005 -0.033782  0.000000 0.000000 0
c_invasion_wrangler_laser
0  -0.424352 -8.550648 1.034900  -0.965612 0.259693 -0.012390  0.000000 0.000000 0
0  -0.490000 -8.793045 1.070507  -0.965612 0.259693 -0.012390  0.000000 0.000000 0
0  -0.490000 -8.768755 1.579618  -0.965612 0.259693 -0.012390  0.000000 0.000000 0
c_invasion_wrangler_laser
0  -0.490000 -8.793045 1.070507  -0.965612 -0.259690 0.012392  0.000000 0.000000 0
0  -0.424352 -9.035445 1.106115  -0.965612 -0.259690 0.012392  0.000000 0.000000 0
0  -0.424352 -9.013441 1.567251  -0.965612 -0.259690 0.012392  0.000000 0.000000 0
c_invasion_wrangler_laser
0  -0.424352 -9.035445 1.106115  -0.705396 -0.708008 0.033778  0.000000 0.000000 0
0  -0.245000 -9.212893 1.132181  -0.705396 -0.708008 0.033778  0.000000 0.000000 0
0  -0.245000 -9.192566 1.558198  -0.705396 -0.708008 0.033778  0.000000 0.000000 0
c_invasion_wrangler_laser
0  -0.245000 -9.212893 1.132181  -0.257657 -0.965138 0.046051  0.000000 0.000000 0
0  0.000000 -9.277843 1.141722  -0.257657 -0.965138 0.046051  0.000000 0.000000 0
0  0.000000 -9.258129 1.554885  -0.257657 -0.965138 0.046051  0.000000 0.000000 0
c_invasion_wrangler_laser
0  0.000000 -8.279379 1.604351  -0.257653 0.955578 0.143125  0.000000 0.000000 0
0  -0.245000 -8.344942 1.601037  -0.257653 0.955578 0.143125  0.000000 0.000000 0
0  -0.245000 -8.432762 2.187374  -0.257653 0.955578 0.143125  0.000000 0.000000 0
c_invasion_wrangler_laser
0  -0.245000 -8.344942 1.601037  -0.705400 0.700990 0.104990  0.000000 0.000000 0
0  -0.424352 -8.524067 1.591984  -0.705400 0.700990 0.104990  0.000000 0.000000 0
0  -0.424352 -8.606678 2.143549  -0.705400 0.700990 0.104990  0.000000 0.000000 0
c_invasion_wrangler_laser
0  -0.424352 -8.524067 1.591984  -0.965612 0.257119 0.038510  0.000000 0.000000 0
0  -0.490000 -8.768755 1.579618  -0.965612 0.257119 0.038510  0.000000 0.000000 0
0  -0.490000 -8.844252 2.083684  -0.965612 0.257119 0.038510  0.000000 0.000000 0
c_invasion_wrangler_laser
0  -0.490000 -8.768755 1.579618  -0.965612 -0.257120 -0.038511  0.000000 0.000000 0
0  -0.424352 -9.013441 1.567251  -0.965612 -0.257120 -0.038511  0.000000 0.000000 0
0  -0.424352 -9.081825 2.023819  -0.965612 -0.257120 -0.038511  0.000000 0.000000 0
c_invasion_wrangler_laser
0  -0.424352 -9.013441 1.567251  -0.705400 -0.700991 -0.104989  0.000000 0.000000 0
0  -0.245000 -9.192566 1.558198  -0.705400 -0.700991 -0.104989  0.000000 0.000000 0
0  -0.245000 -9.255740 1.979995  -0.705400 -0.700991 -0.104989  0.000000 0.000000 0
c_invasion_wrangler_laser
0  -0.245000 -9.192566 1.558198  -0.257653 -0.955579 -0.143123  0.000000 0.000000 0
0  0.000000 -9.258129 1.554885  -0.257653 -0.955579 -0.143123  0.000000 0.000000 0
0  0.000000 -9.319399 1.963954  -0.257653 -0.955579 -0.143123  0.000000 0.000000 0
c_invasion_wrangler_laser
0  0.000000 -8.369104 2.203414  -0.257656 0.909295 0.326797  0.000000 0.000000 0
0  -0.245000 -8.432762 2.187374  -0.257656 0.909295 0.326797  0.000000 0.000000 0
0  -0.245000 -8.633282 2.745310  -0.257656 0.909295 0.326797  0.000000 0.000000 0
c_invasion_wrangler_laser
0  -0.245000 -8.432762 2.187374  -0.705398 0.667040 0.239732  0.000000 0.000000 0
0  -0.424352 -8.606678 2.143549  -0.705398 0.667040 0.239732  0.000000 0.000000 0
0  -0.424352 -8.795307 2.668398  -0.705398 0.667040 0.239732  0.000000 0.000000 0
c_invasion_wrangler_laser
0  -0.424352 -8.606678 2.143549  -0.965612 0.244665 0.087931  0.000000 0.000000 0
0  -0.490000 -8.844252 2.083684  -0.965612 0.244665 0.087931  0.000000 0.000000 0
0  -0.490000 -9.016636 2.563336  -0.965612 0.244665 0.087931  0.000000 0.000000 0
c_invasion_wrangler_laser
0  -0.490000 -8.844252 2.083684  -0.965612 -0.244665 -0.087932  0.000000 0.000000 0
0  -0.424352 -9.081825 2.023819  -0.965612 -0.244665 -0.087932  0.000000 0.000000 0
0  -0.424352 -9.237967 2.458273  -0.965612 -0.244665 -0.087932  0.000000 0.000000 0
c_invasion_wrangler_laser
0  -0.424352 -9.081825 2.023819  -0.705398 -0.667041 -0.239729  0.000000 0.000000 0
0  -0.245000 -9.255740 1.979995  -0.705398 -0.667041 -0.239729  0.000000 0.000000 0
0  -0.245000 -9.399991 2.381361  -0.705398 -0.667041 -0.239729  0.000000 0.000000 0
c_invasion_wrangler_laser
0  -0.245000 -9.255740 1.979995  -0.257659 -0.909294 -0.326795  0.000000 0.000000 0
0  0.000000 -9.319399 1.963954  -0.257659 -0.909294 -0.326795  0.000000 0.000000 0
0  0.000000 -9.459295 2.353210  -0.257659 -0.909294 -0.326795  0.000000 0.000000 0
c_invasion_wrangler_laser
0  0.000000 -8.573978 2.773461  -0.257651 0.828069 0.497913  0.000000 0.000000 0
0  -0.245000 -8.633282 2.745310  -0.257651 0.828069 0.497913  0.000000 0.000000 0
0  -0.245000 -8.938799 3.253409  -0.257651 0.828069 0.497913  0.000000 0.000000 0
c_invasion_wrangler_laser
0  -0.245000 -8.633282 2.745310  -0.705400 0.607451 0.365258  0.000000 0.000000 0
0  -0.424352 -8.795307 2.668398  -0.705400 0.607451 0.365258  0.000000 0.000000 0
0  -0.424352 -9.082706 3.146366  -0.705400 0.607451 0.365258  0.000000 0.000000 0
c_invasion_wrangler_laser
0  -0.424352 -8.795307 2.668398  -0.965612 0.222810 0.133975  0.000000 0.000000 0
0  -0.490000 -9.016636 2.563336  -0.965612 0.222810 0.133975  0.000000 0.000000 0
0  -0.490000 -9.279286 3.000142  -0.965612 0.222810 0.133975  0.000000 0.000000 0
c_invasion_wrangler_laser
0  -0.490000 -9.016636 2.563336  -0.965613 -0.222808 -0.133973  0.000000 0.000000 0
0  -0.424352 -9.237967 2.458273  -0.965613 -0.222808 -0.133973  0.000000 0.000000 0
0  -0.424352 -9.475865 2.853919  -0.965613 -0.222808 -0.133973  0.000000 0.000000 0
c_invasion_wrangler_laser
0  -0.424352 -9.237967 2.458273  -0.705399 -0.607454 -0.365256  0.000000 0.000000 0
0  -0.245000 -9.399991 2.381361  -0.705399 -0.607454 -0.365256  0.000000 0.000000 0
0  -0.245000 -9.619772 2.746875  -0.705399 -0.607454 -0.365256  0.000000 0.000000 0
c_invasion_wrangler_laser
0  -0.245000 -9.399991 2.381361  -0.257654 -0.828068 -0.497913  0.000000 0.000000 0
0  0.000000 -9.459295 2.353210  -0.257654 -0.828068 -0.497913  0.000000 0.000000 0
0  0.000000 -9.672445 2.707695  -0.257654 -0.828068 -0.497913  0.000000 0.000000 0
c_invasion_wrangler_laser
0  0.000000 -8.886126 3.292589  -0.257654 0.715020 0.649893  0.000000 0.000000 0
0  -0.245000 -8.938799 3.253409  -0.257654 0.715020 0.649893  0.000000 0.000000 0
0  -0.245000 -9.337569 3.692139  -0.257654 0.715020 0.649893  0.000000 0.000000 0
c_invasion_wrangler_laser
0  -0.245000 -8.938799 3.253409  -0.705400 0.524523 0.476746  0.000000 0.000000 0
0  -0.424352 -9.082706 3.146366  -0.705400 0.524523 0.476746  0.000000 0.000000 0
0  -0.424352 -9.457827 3.559078  -0.705400 0.524523 0.476746  0.000000 0.000000 0
c_invasion_wrangler_laser
0  -0.424352 -9.082706 3.146366  -0.965612 0.192392 0.174867  0.000000 0.000000 0
0  -0.490000 -9.279286 3.000142  -0.965612 0.192392 0.174867  0.000000 0.000000 0
0  -0.490000 -9.622103 3.377314  -0.965612 0.192392 0.174867  0.000000 0.000000 0
c_invasion_wrangler_laser
0  -0.490000 -9.279286 3.000142  -0.965612 -0.192392 -0.174867  0.000000 0.000000 0
0  -0.424352 -9.475865 2.853919  -0.965612 -0.192392 -0.174867  0.000000 0.000000 0
0  -0.424352 -9.786378 3.195549  -0.965612 -0.192392 -0.174867  0.000000 0.000000 0
c_invasion_wrangler_laser
0  -0.424352 -9.475865 2.853919  -0.705399 -0.524523 -0.476747  0.000000 0.000000 0
0  -0.245000 -9.619772 2.746875  -0.705399 -0.524523 -0.476747  0.000000 0.000000 0
0  -0.245000 -9.906637 3.062488  -0.705399 -0.524523 -0.476747  0.000000 0.000000 0
c_invasion_wrangler_laser
0  -0.245000 -9.619772 2.746875  -0.257656 -0.715018 -0.649894  0.000000 0.000000 0
0  0.000000 -9.672445 2.707695  -0.257656 -0.715018 -0.649894  0.000000 0.000000 0
0  0.000000 -9.950655 3.013784  -0.257656 -0.715018 -0.649894  0.000000 0.000000 0
c_invasion_wrangler_laser
0  0.000000 -9.293551 3.740842  -0.257656 0.574492 0.776899  0.000000 0.000000 0
0  -0.245000 -9.337569 3.692139  -0.257656 0.574492 0.776899  0.000000 0.000000 0
0  -0.245000 -9.814270 4.044643  -0.257656 0.574492 0.776899  0.000000 0.000000 0
c_invasion_wrangler_laser
0  -0.245000 -9.337569 3.692139  -0.705396 0.421435 0.569920  0.000000 0.000000 0
0  -0.424352 -9.457827 3.559078  -0.705396 0.421435 0.569920  0.000000 0.000000 0
0  -0.424352 -9.906258 3.890678  -0.705396 0.421435 0.569920  0.000000 0.000000 0
c_invasion_wrangler_laser
0  -0.424352 -9.457827 3.559078  -0.965612 0.154579 0.209042  0.000000 0.000000 0
0  -0.490000 -9.622103 3.377314  -0.965612 0.154579 0.209042  0.000000 0.000000 0
0  -0.490000 -10.031918 3.680357  -0.965612 0.154579 0.209042  0.000000 0.000000 0
c_invasion_wrangler_laser
0  -0.490000 -9.622103 3.377314  -0.965612 -0.154580 -0.209041  0.000000 0.000000 0
0  -0.424352 -9.786378 3.195549  -0.965612 -0.154580 -0.209041  0.000000 0.000000 0
0  -0.424352 -10.157576 3.470037  -0.965612 -0.154580 -0.209041  0.000000 0.000000 0
c_invasion_wrangler_laser
0  -0.424352 -9.786378 3.195549  -0.705400 -0.421436 -0.569915  0.000000 0.000000 0
0  -0.245000 -9.906637 3.062488  -0.705400 -0.421436 -0.569915  0.000000 0.000000 0
0  -0.245000 -10.249565 3.316072  -0.705400 -0.421436 -0.569915  0.000000 0.000000 0
c_invasion_wrangler_laser
0  -0.245000 -9.906637 3.062488  -0.257656 -0.574490 -0.776901  0.000000 0.000000 0
0  0.000000 -9.950655 3.013784  -0.257656 -0.574490 -0.776901  0.000000 0.000000 0
0  0.000000 -10.283235 3.259716  -0.257656 -0.574490 -0.776901  0.000000 0.000000 0
c_invasion_wrangler_laser
0  0.000000 -9.780600 4.100999  -0.257656 0.411890 0.874048  0.000000 0.000000 0
0  -0.245000 -9.814270 4.044643  -0.257656 0.411890 0.874048  0.000000 0.000000 0
0  -0.245000 -10.350580 4.297376  -0.257656 0.411890 0.874048  0.000000 0.000000 0
c_invasion_wrangler_laser
0  -0.245000 -9.814270 4.044643  -0.705394 0.302154 0.641188  0.000000 0.000000 0
0  -0.424352 -9.906258 3.890678  -0.705394 0.302154 0.641188  0.000000 0.000000 0
0  -0.424352 -10.410765 4.128423  -0.705394 0.302154 0.641188  0.000000 0.000000 0
c_invasion_wrangler_laser
0  -0.424352 -9.906258 3.890678  -0.965612 0.110827 0.235181  0.000000 0.000000 0
0  -0.490000 -10.031918 3.680357  -0.965612 0.110827 0.235181  0.000000 0.000000 0
0  -0.490000 -10.492978 3.897628  -0.965612 0.110827 0.235181  0.000000 0.000000 0
c_invasion_wrangler_laser
0  -0.490000 -10.031918 3.680357  -0.965612 -0.110827 -0.235183  0.000000 0.000000 0
0  -0.424352 -10.157576 3.470037  -0.965612 -0.110827 -0.235183  0.000000 0.000000 0
0  -0.424352 -10.575191 3.666834  -0.965612 -0.110827 -0.235183  0.000000 0.000000 0
c_invasion_wrangler_laser
0  -0.424352 -10.157576 3.470037  -0.705397 -0.302152 -0.641185  0.000000 0.000000 0
0  -0.245000 -10.249565 3.316072  -0.705397 -0.302152 -0.641185  0.000000 0.000000 0
0  -0.245000 -10.635374 3.497881  -0.705397 -0.302152 -0.641185  0.000000 0.000000 0
c_invasion_wrangler_laser
0  -0.245000 -10.249565 3.316072  -0.257653 -0.411885 -0.874051  0.000000 0.000000 0
0  0.000000 -10.283235 3.259716  -0.257653 -0.411885 -0.874051  0.000000 0.000000 0
0  0.000000 -10.657404 3.436039  -0.257653 -0.411885 -0.874051  0.000000 0.000000 0
c_invasion_wrangler_laser
0  0.000000 -10.328552 4.359217  -0.257658 0.233454 0.937610  0.000000 0.000000 0
0  -0.245000 -10.350580 4.297376  -0.257658 0.233454 0.937610  0.000000 0.000000 0
0  -0.245000 -10.925892 4.440622  -0.257658 0.233454 0.937610  0.000000 0.000000 0
c_invasion_wrangler_laser
0  -0.245000 -10.350580 4.297376  -0.705397 0.171258 0.687813  0.000000 0.000000 0
0  -0.424352 -10.410765 4.128423  -0.705397 0.171258 0.687813  0.000000 0.000000 0
0  -0.424352 -10.951958 4.263174  -0.705397 0.171258 0.687813  0.000000 0.000000 0
c_invasion_wrangler_laser
0  -0.424352 -10.410765 4.128423  -0.965613 0.062816 0.252282  0.000000 0.000000 0
0  -0.490000 -10.492978 3.897628  -0.965613 0.062816 0.252282  0.000000 0.000000 0
0  -0.490000 -10.987566 4.020775  -0.965613 0.062816 0.252282  0.000000 0.000000 0
c_invasion_wrangler_laser
0  -0.490000 -10.492978 3.897628  -0.965612 -0.062816 -0.252284  0.000000 0.000000 0
0  -0.424352 -10.575191 3.666834  -0.965612 -0.062816 -0.252284  0.000000 0.000000 0
0  -0.424352 -11.023173 3.778377  -0.965612 -0.062816 -0.252284  0.000000 0.000000 0
c_invasion_wrangler_laser
0  -0.424352 -10.575191 3.666834  -0.705398 -0.171257 -0.687812  0.000000 0.000000 0
0  -0.245000 -10.635374 3.497881  -0.705398 -0.171257 -0.687812  0.000000 0.000000 0
0  -0.245000 -11.049239 3.600929  -0.705398 -0.171257 -0.687812  0.000000 0.000000 0
c_invasion_wrangler_laser
0  -0.245000 -10.635374 3.497881  -0.257661 -0.233456 -0.937608  0.000000 0.000000 0
0  0.000000 -10.657404 3.436039  -0.257661 -0.233456 -0.937608  0.000000 0.000000 0
0  0.000000 -11.058780 3.535978  -0.257661 -0.233456 -0.937608  0.000000 0.000000 0
c_invasion_wrangler_laser
0  0.000000 -10.916351 4.505573  -0.257659 0.046051 0.965138  0.000000 0.000000 0
0  -0.245000 -10.925892 4.440622  -0.257659 0.046051 0.965138  0.000000 0.000000 0
0  -0.245000 -11.518095 4.468879  -0.257659 0.046051 0.965138  0.000000 0.000000 0
c_invasion_wrangler_laser
0  -0.245000 -10.925892 4.440622  -0.705401 0.033782 0.708003  0.000000 0.000000 0
0  -0.424352 -10.951958 4.263174  -0.705401 0.033782 0.708003  0.000000 0.000000 0
0  -0.424352 -11.509042 4.289755  -0.705401 0.033782 0.708003  0.000000 0.000000 0
c_invasion_wrangler_laser
0  -0.424352 -10.951958 4.263174  -0.965612 0.012391 0.259691  0.000000 0.000000 0
0  -0.490000 -10.987566 4.020775  -0.965612 0.012391 0.259691  0.000000 0.000000 0
0  -0.490000 -11.496675 4.045067  -0.965612 0.012391 0.259691  0.000000 0.000000 0
c_invasion_wrangler_laser
0  -0.490000 -10.987566 4.020775  -0.965612 -0.012391 -0.259692  0.000000 0.000000 0
0  -0.424352 -11.023173 3.778377  -0.965612 -0.012391 -0.259692  0.000000 0.000000 0
0  -0.424352 -11.484308 3.800380  -0.965612 -0.012391 -0.259692  0.000000 0.000000 0
c_invasion_wrangler_laser
0  -0.424352 -11.023173 3.778377  -0.705397 -0.033782 -0.708007  0.000000 0.000000 0
0  -0.245000 -11.049239 3.600929  -0.705397 -0.033782 -0.708007  0.000000 0.000000 0
0  -0.245000 -11.475257 3.621256  -0.705397 -0.033782 -0.708007  0.000000 0.000000 0
c_invasion_wrangler_laser
0  -0.245000 -11.049239 3.600929  -0.257658 -0.046052 -0.965138  0.000000 0.000000 0
0  0.000000 -11.058780 3.535978  -0.257658 -0.046052 -0.965138  0.000000 0.000000 0
0  0.000000 -11.471942 3.555692  -0.257658 -0.046052 -0.965138  0.000000 0.000000 0
c_invasion_wrangler_laser
0  0.000000 -11.521408 4.534443  -0.257656 -0.143123 0.955578  0.000000 0.000000 0
0  -0.245000 -11.518095 4.468879  -0.257656 -0.143123 0.955578  0.000000 0.000000 0
0  -0.245000 -12.104431 4.381060  -0.257656 -0.143123 0.955578  0.000000 0.000000 0
c_invasion_wrangler_laser
0  -0.245000 -11.518095 4.468879  -0.705398 -0.104992 0.700992  0.000000 0.000000 0
0  -0.424352 -11.509042 4.289755  -0.705398 -0.104992 0.700992  0.000000 0.000000 0
0  -0.424352 -12.060606 4.207144  -0.705398 -0.104992 0.700992  0.000000 0.000000 0
c_invasion_wrangler_laser
0  -0.424352 -11.509042 4.289755  -0.965612 -0.038511 0.257120  0.000000 0.000000 0
0  -0.490000 -11.496675 4.045067  -0.965612 -0.038511 0.257120  0.000000 0.000000 0
0  -0.490000 -12.000742 3.969570  -0.965612 -0.038511 0.257120  0.000000 0.000000 0
c_invasion_wrangler_laser
0  -0.490000 -11.496675 4.045067  -0.965612 0.038511 -0.257119  0.000000 0.000000 0
0  -0.424352 -11.484308 3.800380  -0.965612 0.038511 -0.257119  0.000000 0.000000 0
0  -0.424352 -11.940876 3.731997  -0.965612 0.038511 -0.257119  0.000000 0.000000 0
c_invasion_wrangler_laser
0  -0.424352 -11.484308 3.800380  -0.705396 0.104993 -0.700994  0.000000 0.000000 0
0  -0.245000 -11.475257 3.621256  -0.705396 0.104993 -0.700994  0.000000 0.000000 0
0  -0.245000 -11.897053 3.558080  -0.705396 0.104993 -0.700994  0.000000 0.000000 0
c_invasion_wrangler_laser
0  -0.245000 -11.475257 3.621256  -0.257656 0.143124 -0.955578  0.000000 0.000000 0
0  0.000000 -11.471942 3.555692  -0.257656 0.143124 -0.955578  0.000000 0.000000 0
0  0.000000 -11.881011 3.494423  -0.257656 0.143124 -0.955578  0.000000 0.000000 0
c_invasion_wrangler_laser
0  0.000000 -12.120471 4.444716  -0.257650 -0.326799 0.909296  0.000000 0.000000 0
0  -0.245000 -12.104431 4.381060  -0.257650 -0.326799 0.909296  0.000000 0.000000 0
0  -0.245000 -12.662370 4.180538  -0.257650 -0.326799 0.909296  0.000000 0.000000 0
c_invasion_wrangler_laser
0  -0.245000 -12.104431 4.381060  -0.705400 -0.239732 0.667038  0.000000 0.000000 0
0  -0.424352 -12.060606 4.207144  -0.705400 -0.239732 0.667038  0.000000 0.000000 0
0  -0.424352 -12.585458 4.018514  -0.705400 -0.239732 0.667038  0.000000 0.000000 0
c_invasion_wrangler_laser
0  -0.424352 -12.060606 4.207144  -0.965612 -0.087932 0.244666  0.000000 0.000000 0
0  -0.490000 -12.000742 3.969570  -0.965612 -0.087932 0.244666  0.000000 0.000000 0
0  -0.490000 -12.480394 3.797184  -0.965612 -0.087932 0.244666  0.000000 0.000000 0
c_invasion_wrangler_laser
0  -0.490000 -12.000742 3.969570  -0.965612 0.087931 -0.244666  0.000000 0.000000 0
0  -0.424352 -11.940876 3.731997  -0.965612 0.087931 -0.244666  0.000000 0.000000 0
0  -0.424352 -12.375333 3.575855  -0.965612 0.087931 -0.244666  0.000000 0.000000 0
c_invasion_wrangler_laser
0  -0.424352 -11.940876 3.731997  -0.705399 0.239732 -0.667039  0.000000 0.000000 0
0  -0.245000 -11.897053 3.558080  -0.705399 0.239732 -0.667039  0.000000 0.000000 0
0  -0.245000 -12.298420 3.413831  -0.705399 0.239732 -0.667039  0.000000 0.000000 0
c_invasion_wrangler_laser
0  -0.245000 -11.897053 3.558080  -0.257659 0.326797 -0.909294  0.000000 0.000000 0
0  0.000000 -11.881011 3.494423  -0.257659 0.326797 -0.909294  0.000000 0.000000 0
0  0.000000 -12.270269 3.354526  -0.257659 0.326797 -0.909294  0.000000 0.000000 0
c_invasion_wrangler_laser
0  0.000000 -12.690520 4.239843  -0.257657 -0.497914 0.828067  0.000000 0.000000 0
0  -0.245000 -12.662370 4.180538  -0.257657 -0.497914 0.828067  0.000000 0.000000 0
0  -0.245000 -13.170465 3.875023  -0.257657 -0.497914 0.828067  0.000000 0.000000 0
c_invasion_wrangler_laser
0  -0.245000 -12.662370 4.180538  -0.705399 -0.365258 0.607452  0.000000 0.000000 0
0  -0.424352 -12.585458 4.018514  -0.705399 -0.365258 0.607452  0.000000 0.000000 0
0  -0.424352 -13.063422 3.731116  -0.705399 -0.365258 0.607452  0.000000 0.000000 0
c_invasion_wrangler_laser
0  -0.424352 -12.585458 4.018514  -0.965612 -0.133974 0.222809  0.000000 0.000000 0
0  -0.490000 -12.480394 3.797184  -0.965612 -0.133974 0.222809  0.000000 0.000000 0
0  -0.490000 -12.917199 3.534536  -0.965612 -0.133974 0.222809  0.000000 0.000000 0
c_invasion_wrangler_laser
0  -0.490000 -12.480394 3.797184  -0.965612 0.133975 -0.222809  0.000000 0.000000 0
0  -0.424352 -12.375333 3.575855  -0.965612 0.133975 -0.222809  0.000000 0.000000 0
0  -0.424352 -12.770975 3.337956  -0.965612 0.133975 -0.222809  0.000000 0.000000 0
c_invasion_wrangler_laser
0  -0.424352 -12.375333 3.575855  -0.705399 0.365256 -0.607454  0.000000 0.000000 0
0  -0.245000 -12.298420 3.413831  -0.705399 0.365256 -0.607454  0.000000 0.000000 0
0  -0.245000 -12.663934 3.194050  -0.705399 0.365256 -0.607454  0.000000 0.000000 0
c_invasion_wrangler_laser
0  -0.245000 -12.298420 3.413831  -0.257653 0.497914 -0.828068  0.000000 0.000000 0
0  0.000000 -12.270269 3.354526  -0.257653 0.497914 -0.828068  0.000000 0.000000 0
0  0.000000 -12.624752 3.141376  -0.257653 0.497914 -0.828068  0.000000 0.000000 0
c_invasion_wrangler_laser
0  0.000000 -13.209646 3.927696  -0.257658 -0.649893 0.715019  0.000000 0.000000 0
0  -0.245000 -13.170465 3.875023  -0.257658 -0.649893 0.715019  0.000000 0.000000 0
0  -0.245000 -13.609196 3.476254  -0.257658 -0.649893 0.715019  0.000000 0.000000 0
c_invasion_wrangler_laser
0  -0.245000 -13.170465 3.875023  -0.705398 -0.476746 0.524525  0.000000 0.000000 0
0  -0.424352 -13.063422 3.731116  -0.705398 -0.476746 0.524525  0.000000 0.000000 0
0  -0.424352 -13.476135 3.355995  -0.705398 -0.476746 0.524525  0.000000 0.000000 0
c_invasion_wrangler_laser
0  -0.424352 -13.063422 3.731116  -0.965612 -0.174868 0.192392  0.000000 0.000000 0
0  -0.490000 -12.917199 3.534536  -0.965612 -0.174868 0.192392  0.000000 0.000000 0
0  -0.490000 -13.294370 3.191719  -0.965612 -0.174868 0.192392  0.000000 0.000000 0
c_invasion_wrangler_laser
0  -0.490000 -12.917199 3.534536  -0.965612 0.174867 -0.192390  0.000000 0.000000 0
0  -0.424352 -12.770975 3.337956  -0.965612 0.174867 -0.192390  0.000000 0.000000 0
0  -0.424352 -13.112606 3.027443  -0.965612 0.174867 -0.192390  0.000000 0.000000 0
c_invasion_wrangler_laser
0  -0.424352 -12.770975 3.337956  -0.705396 0.476751 -0.524524  0.000000 0.000000 0
0  -0.245000 -12.663934 3.194050  -0.705396 0.476751 -0.524524  0.000000 0.000000 0
0  -0.245000 -12.979546 2.907185  -0.705396 0.476751 -0.524524  0.000000 0.000000 0
c_invasion_wrangler_laser
0  -0.245000 -12.663934 3.194050  -0.257659 0.649890 -0.715021  0.000000 0.000000 0
0  0.000000 -12.624752 3.141376  -0.257659 0.649890 -0.715021  0.000000 0.000000 0
0  0.000000 -12.930841 2.863167  -0.257659 0.649890 -0.715021  0.000000 0.000000 0
c_invasion_wrangler_laser
0  0.000000 -13.657900 3.520271  -0.257656 -0.776898 0.574493  0.000000 0.000000 0
0  -0.245000 -13.609196 3.476254  -0.257656 -0.776898 0.574493  0.000000 0.000000 0
0  -0.245000 -13.961703 2.999552  -0.257656 -0.776898 0.574493  0.000000 0.000000 0
c_invasion_wrangler_laser
0  -0.245000 -13.609196 3.476254  -0.705398 -0.569918 0.421434  0.000000 0.000000 0
0  -0.424352 -13.476135 3.355995  -0.705398 -0.569918 0.421434  0.000000 0.000000 0
0  -0.424352 -13.807736 2.907563  -0.705398 -0.569918 0.421434  0.000000 0.000000 0
c_invasion_wrangler_laser
0  -0.424352 -13.476135 3.355995  -0.965612 -0.209041 0.154580  0.000000 0.000000 0
0  -0.490000 -13.294370 3.191719  -0.965612 -0.209041 0.154580  0.000000 0.000000 0
0  -0.490000 -13.597416 2.781904  -0.965612 -0.209041 0.154580  0.000000 0.000000 0
c_invasion_wrangler_laser
0  -0.490000 -13.294370 3.191719  -0.965612 0.209042 -0.154581  0.000000 0.000000 0
0  -0.424352 -13.112606 3.027443  -0.965612 0.209042 -0.154581  0.000000 0.000000 0
0  -0.424352 -13.387094 2.656246  -0.965612 0.209042 -0.154581  0.000000 0.000000 0
c_invasion_wrangler_laser
0  -0.424352 -13.112606 3.027443  -0.705397 0.569918 -0.421437  0.000000 0.000000 0
0  -0.245000 -12.979546 2.907185  -0.705397 0.569918 -0.421437  0.000000 0.000000 0
0  -0.245000 -13.233130 2.564257  -0.705397 0.569918 -0.421437  0.000000 0.000000 0
c_invasion_wrangler_laser
0  -0.245000 -12.979546 2.907185  -0.257657 0.776898 -0.574493  0.000000 0.000000 0
0  0.000000 -12.930841 2.863167  -0.257657 0.776898 -0.574493  0.000000 0.000000 0
0  0.000000 -13.176774 2.530586  -0.257657 0.776898 -0.574493  0.000000 0.000000 0
c_invasion_wrangler_laser
0  0.000000 -14.018058 3.033222  -0.257652 -0.874051 0.411887  0.000000 0.000000 0
0  -0.245000 -13.961703 2.999552  -0.257652 -0.874051 0.411887  0.000000 0.000000 0
0  -0.245000 -14.214434 2.463242  -0.257652 -0.874051 0.411887  0.000000 0.000000 0
c_invasion_wrangler_laser
0  -0.245000 -13.961703 2.999552  -0.705401 -0.641180 0.302155  0.000000 0.000000 0
0  -0.424352 -13.807736 2.907563  -0.705401 -0.641180 0.302155  0.000000 0.000000 0
0  -0.424352 -14.045482 2.403059  -0.705401 -0.641180 0.302155  0.000000 0.000000 0
c_invasion_wrangler_laser
0  -0.424352 -13.807736 2.907563  -0.965612 -0.235182 0.110827  0.000000 0.000000 0
0  -0.490000 -13.597416 2.781904  -0.965612 -0.235182 0.110827  0.000000 0.000000 0
0  -0.490000 -13.814686 2.320845  -0.965612 -0.235182 0.110827  0.000000 0.000000 0
c_invasion_wrangler_laser
0  -0.490000 -13.597416 2.781904  -0.965612 0.235181 -0.110827  0.000000 0.000000 0
0  -0.424352 -13.387094 2.656246  -0.965612 0.235181 -0.110827  0.000000 0.000000 0
0  -0.424352 -13.583893 2.238632  -0.965612 0.235181 -0.110827  0.000000 0.000000 0
c_invasion_wrangler_laser
0  -0.424352 -13.387094 2.656246  -0.705397 0.641185 -0.302153  0.000000 0.000000 0
0  -0.245000 -13.233130 2.564257  -0.705397 0.641185 -0.302153  0.000000 0.000000 0
0  -0.245000 -13.414938 2.178448  -0.705397 0.641185 -0.302153  0.000000 0.000000 0
c_invasion_wrangler_laser
0  -0.245000 -13.233130 2.564257  -0.257656 0.874049 -0.411887  0.000000 0.000000 0
0  0.000000 -13.176774 2.530586  -0.257656 0.874049 -0.411887  0.000000 0.000000 0
0  0.000000 -13.353097 2.156419  -0.257656 0.874049 -0.411887  0.000000 0.000000 0
c_invasion_wrangler_laser
0  0.000000 -14.276276 2.485271  -0.257658 -0.937609 0.233457  0.000000 0.000000 0
0  -0.245000 -14.214434 2.463242  -0.257658 -0.937609 0.233457  0.000000 0.000000 0
0  -0.245000 -14.357681 1.887929  -0.257658 -0.937609 0.233457  0.000000 0.000000 0
c_invasion_wrangler_laser
0  -0.245000 -14.214434 2.463242  -0.705396 -0.687814 0.171255  0.000000 0.000000 0
0  -0.424352 -14.045482 2.403059  -0.705396 -0.687814 0.171255  0.000000 0.000000 0
0  -0.424352 -14.180232 1.861863  -0.705396 -0.687814 0.171255  0.000000 0.000000 0
c_invasion_wrangler_laser
0  -0.424352 -14.045482 2.403059  -0.965613 -0.252282 0.062814  0.000000 0.000000 0
0  -0.490000 -13.814686 2.320845  -0.965613 -0.252282 0.062814  0.000000 0.000000 0
0  -0.490000 -13.937834 1.826255  -0.965613 -0.252282 0.062814  0.000000 0.000000 0
c_invasion_wrangler_laser
0  -0.490000 -13.814686 2.320845  -0.965612 0.252286 -0.062816  0.000000 0.000000 0
0  -0.424352 -13.583893 2.238632  -0.965612 0.252286 -0.062816  0.000000 0.000000 0
0  -0.424352 -13.695436 1.790648  -0.965612 0.252286 -0.062816  0.000000 0.000000 0
c_invasion_wrangler_laser
0  -0.424352 -13.583893 2.238632  -0.705402 0.687808 -0.171253  0.000000 0.000000 0
0  -0.245000 -13.414938 2.178448  -0.705402 0.687808 -0.171253  0.000000 0.000000 0
0  -0.245000 -13.517987 1.764582  -0.705402 0.687808 -0.171253  0.000000 0.000000 0
c_invasion_wrangler_laser
0  -0.245000 -13.414938 2.178448  -0.257655 0.937611 -0.233451  0.000000 0.000000 0
0  0.000000 -13.353097 2.156419  -0.257655 0.937611 -0.233451  0.000000 0.000000 0
0  0.000000 -13.453036 1.755040  -0.257655 0.937611 -0.233451  0.000000 0.000000 0
c_invasion_wrangler_laser
0  0.000000 -14.422632 1.897470  -0.257657 -0.965139 0.046045  0.000000 0.000000 0
0  -0.245000 -14.357681 1.887929  -0.257657 -0.965139 0.046045  0.000000 0.000000 0
0  -0.245000 -14.385936 1.295727  -0.257657 -0.965139 0.046045  0.000000 0.000000 0
c_invasion_wrangler_laser
0  -0.245000 -14.357681 1.887929  -0.705400 -0.708003 0.033783  0.000000 0.000000 0
0  -0.424352 -14.180232 1.861863  -0.705400 -0.708003 0.033783  0.000000 0.000000 0
0  -0.424352 -14.206814 1.304780  -0.705400 -0.708003 0.033783  0.000000 0.000000 0
c_invasion_wrangler_laser
0  -0.424352 -14.180232 1.861863  -0.965612 -0.259692 0.012392  0.000000 0.000000 0
0  -0.490000 -13.937834 1.826255  -0.965612 -0.259692 0.012392  0.000000 0.000000 0
0  -0.490000 -13.962126 1.317147  -0.965612 -0.259692 0.012392  0.000000 0.000000 0
c_invasion_wrangler_laser
0  -0.490000 -13.937834 1.826255  -0.965612 0.259692 -0.012390  0.000000 0.000000 0
0  -0.424352 -13.695436 1.790648  -0.965612 0.259692 -0.012390  0.000000 0.000000 0
0  -0.424352 -13.717438 1.329513  -0.965612 0.259692 -0.012390  0.000000 0.000000 0
c_invasion_wrangler_laser
0  -0.424352 -13.695436 1.790648  -0.705398 0.708006 -0.033782  0.000000 0.000000 0
0  -0.245000 -13.517987 1.764582  -0.705398 0.708006 -0.033782  0.000000 0.000000 0
0  -0.245000 -13.538314 1.338566  -0.705398 0.708006 -0.033782  0.000000 0.000000 0
c_invasion_wrangler_laser
0  -0.245000 -13.517987 1.764582  -0.257657 0.965138 -0.046051  0.000000 0.000000 0
0  0.000000 -13.453036 1.755040  -0.257657 0.965138 -0.046051  0.000000 0.000000 0
0  0.000000 -13.472750 1.341879  -0.257657 0.965138 -0.046051  0.000000 0.000000 0
c_invasion_wrangler_laser
0  0.000000 -14.451501 1.292413  -0.257660 -0.955577 -0.143122  0.000000 0.000000 0
0  -0.245000 -14.385936 1.295727  -0.257660 -0.955577 -0.143122  0.000000 0.000000 0
0  -0.245000 -14.298119 0.709389  -0.257660 -0.955577 -0.143122  0.000000 0.000000 0
c_invasion_wrangler_laser
0  -0.245000 -14.385936 1.295727  -0.705394 -0.700996 -0.104995  0.000000 0.000000 0
0  -0.424352 -14.206814 1.304780  -0.705394 -0.700996 -0.104995  0.000000 0.000000 0
0  -0.424353 -14.124202 0.753213  -0.705394 -0.700996 -0.104995  0.000000 0.000000 0
c_invasion_wrangler_laser
0  -0.424352 -14.206814 1.304780  -0.965612 -0.257118 -0.038511  0.000000 0.000000 0
0  -0.490000 -13.962126 1.317147  -0.965612 -0.257118 -0.038511  0.000000 0.000000 0
0  -0.490000 -13.886627 0.813078  -0.965612 -0.257118 -0.038511  0.000000 0.000000 0
c_invasion_wrangler_laser
0  -0.490000 -13.962126 1.317147  -0.965612 0.257119 0.038510  0.000000 0.000000 0
0  -0.424352 -13.717438 1.329513  -0.965612 0.257119 0.038510  0.000000 0.000000 0
0  -0.424352 -13.649055 0.872944  -0.965612 0.257119 0.038510  0.000000 0.000000 0
c_invasion_wrangler_laser
0  -0.424352 -13.717438 1.329513  -0.705398 0.700993 0.104989  0.000000 0.000000 0
0  -0.245000 -13.538314 1.338566  -0.705398 0.700993 0.104989  0.000000 0.000000 0
0  -0.245000 -13.475139 0.916768  -0.705398 0.700993 0.104989  0.000000 0.000000 0
c_invasion_wrangler_laser
0  -0.245000 -13.538314 1.338566  -0.257657 0.955578 0.143122  0.000000 0.000000 0
0  0.000000 -13.472750 1.341879  -0.257657 0.955578 0.143122  0.000000 0.000000 0
0  0.000000 -13.411482 0.932809  -0.257657 0.955578 0.143122  0.000000 0.000000 0
c_invasion_wrangler_laser
0  0.000000 -14.361774 0.693348  -0.257649 -0.909295 -0.326803  0.000000 0.000000 0
0  -0.245000 -14.298119 0.709389  -0.257649 -0.909295 -0.326803  0.000000 0.000000 0
0  -0.245000 -14.097596 0.151453  -0.257649 -0.909295 -0.326803  0.000000 0.000000 0
c_invasion_wrangler_laser
0  -0.245000 -14.298119 0.709389  -0.705400 -0.667038 -0.239731  0.000000 0.000000 0
0  -0.424353 -14.124202 0.753213  -0.705400 -0.667038 -0.239731  0.000000 0.000000 0
0  -0.424353 -13.935573 0.228364  -0.705400 -0.667038 -0.239731  0.000000 0.000000 0
c_invasion_wrangler_laser
0  -0.424353 -14.124202 0.753213  -0.965612 -0.244665 -0.087933  0.000000 0.000000 0
0  -0.490000 -13.886627 0.813078  -0.965612 -0.244665 -0.087933  0.000000 0.000000 0
0  -0.490000 -13.714243 0.333427  -0.965612 -0.244665 -0.087933  0.000000 0.000000 0
c_invasion_wrangler_laser
0  -0.490000 -13.886627 0.813078  -0.965612 0.244666 0.087933  0.000000 0.000000 0
0  -0.424352 -13.649055 0.872944  -0.965612 0.244666 0.087933  0.000000 0.000000 0
0  -0.424353 -13.492913 0.438490  -0.965612 0.244666 0.087933  0.000000 0.000000 0
c_invasion_wrangler_laser
0  -0.424352 -13.649055 0.872944  -0.705397 0.667039 0.239735  0.000000 0.000000 0
0  -0.245000 -13.475139 0.916768  -0.705397 0.667039 0.239735  0.000000 0.000000 0
0  -0.245000 -13.330889 0.515401  -0.705397 0.667039 0.239735  0.000000 0.000000 0
c_invasion_wrangler_laser
0  -0.245000 -13.475139 0.916768  -0.257653 0.909296 0.326796  0.000000 0.000000 0
0  0.000000 -13.411482 0.932809  -0.257653 0.909296 0.326796  0.000000 0.000000 0
0  0.000000 -13.271584 0.543553  -0.257653 0.909296 0.326796  0.000000 0.000000 0
c_invasion_wrangler_laser
0  0.000000 -14.156902 0.123301  -0.257659 -0.828070 -0.497908  0.000000 0.000000 0
0  -0.245000 -14.097596 0.151453  -0.257659 -0.828070 -0.497908  0.000000 0.000000 0
0  -0.245000 -13.792082 -0.356644  -0.257659 -0.828070 -0.497908  0.000000 0.000000 0
c_invasion_wrangler_laser
0  -0.245000 -14.097596 0.151453  -0.705396 -0.607454 -0.365262  0.000000 0.000000 0
0  -0.424353 -13.935573 0.228364  -0.705396 -0.607454 -0.365262  0.000000 0.000000 0
0  -0.424353 -13.648174 -0.249601  -0.705396 -0.607454 -0.365262  0.000000 0.000000 0
c_invasion_wrangler_laser
0  -0.424353 -13.935573 0.228364  -0.965612 -0.222809 -0.133974  0.000000 0.000000 0
0  -0.490000 -13.714243 0.333427  -0.965612 -0.222809 -0.133974  0.000000 0.000000 0
0  -0.490000 -13.451594 -0.103378  -0.965612 -0.222809 -0.133974  0.000000 0.000000 0
c_invasion_wrangler_laser
0  -0.490000 -13.714243 0.333427  -0.965612 0.222809 0.133975  0.000000 0.000000 0
0  -0.424353 -13.492913 0.438490  -0.965612 0.222809 0.133975  0.000000 0.000000 0
0  -0.424353 -13.255014 0.042846  -0.965612 0.222809 0.133975  0.000000 0.000000 0
c_invasion_wrangler_laser
0  -0.424353 -13.492913 0.438490  -0.705399 0.607454 0.365256  0.000000 0.000000 0
0  -0.245000 -13.330889 0.515401  -0.705399 0.607454 0.365256  0.000000 0.000000 0
0  -0.245000 -13.111109 0.149889  -0.705399 0.607454 0.365256  0.000000 0.000000 0
c_invasion_wrangler_laser
0  -0.245000 -13.330889 0.515401  -0.257656 0.828069 0.497911  0.000000 0.000000 0
0  0.000000 -13.271584 0.543553  -0.257656 0.828069 0.497911  0.000000 0.000000 0
0  0.000000 -13.058435 0.189070  -0.257656 0.828069 0.497911  0.000000 0.000000 0
c_invasion_wrangler_laser
0  0.000000 -13.844755 -0.395824  -0.257655 -0.715019 -0.649893  0.000000 0.000000 0
0  -0.245000 -13.792082 -0.356644  -0.257655 -0.715019 -0.649893  0.000000 0.000000 0
0  -0.245000 -13.393311 -0.795376  -0.257655 -0.715019 -0.649893  0.000000 0.000000 0
c_invasion_wrangler_laser
0  -0.245000 -13.792082 -0.356644  -0.705399 -0.524522 -0.476747  0.000000 0.000000 0
0  -0.424353 -13.648174 -0.249601  -0.705399 -0.524522 -0.476747  0.000000 0.000000 0
0  -0.424353 -13.273052 -0.662315  -0.705399 -0.524522 -0.476747  0.000000 0.000000 0
c_invasion_wrangler_laser
0  -0.424353 -13.648174 -0.249601  -0.965612 -0.192391 -0.174869  0.000000 0.000000 0
0  -0.490000 -13.451594 -0.103378  -0.965612 -0.192391 -0.174869  0.000000 0.000000 0
0  -0.490000 -13.108776 -0.480550  -0.965612 -0.192391 -0.174869  0.000000 0.000000 0
c_invasion_wrangler_laser
0  -0.490000 -13.451594 -0.103378  -0.965612 0.192391 0.174867  0.000000 0.000000 0
0  -0.424353 -13.255014 0.042846  -0.965612 0.192391 0.174867  0.000000 0.000000 0
0  -0.424353 -12.944500 -0.298786  -0.965612 0.192391 0.174867  0.000000 0.000000 0
c_invasion_wrangler_laser
0  -0.424353 -13.255014 0.042846  -0.705397 0.524524 0.476750  0.000000 0.000000 0
0  -0.245000 -13.111109 0.149889  -0.705397 0.524524 0.476750  0.000000 0.000000 0
0  -0.245000 -12.824242 -0.165725  -0.705397 0.524524 0.476750  0.000000 0.000000 0
c_invasion_wrangler_laser
0  -0.245000 -13.111109 0.149889  -0.257656 0.715020 0.649892  0.000000 0.000000 0
0  0.000000 -13.058435 0.189070  -0.257656 0.715020 0.649892  0.000000 0.000000 0
0  0.000000 -12.780224 -0.117021  -0.257656 0.715020 0.649892  0.000000 0.000000 0
c_invasion_wrangler_laser
0  0.000000 -13.437328 -0.844080  -0.257656 -0.574491 -0.776900  0.000000 0.000000 0
0  -0.245000 -13.393311 -0.795376  -0.257656 -0.574491 -0.776900  0.000000 0.000000 0
0  -0.245000 -12.916612 -1.147880  -0.257656 -0.574491 -0.776900  0.000000 0.000000 0
c_invasion_wrangler_laser
0  -0.245000 -13.393311 -0.795376  -0.705399 -0.421435 -0.569917  0.000000 0.000000 0
0  -0.424353 -13.273052 -0.662315  -0.705399 -0.421435 -0.569917  0.000000 0.000000 0
0  -0.424353 -12.824622 -0.993915  -0.705399 -0.421435 -0.569917  0.000000 0.000000 0
c_invasion_wrangler_laser
0  -0.424353 -13.273052 -0.662315  -0.965612 -0.154579 -0.209041  0.000000 0.000000 0
0  -0.490000 -13.108776 -0.480550  -0.965612 -0.154579 -0.209041  0.000000 0.000000 0
0  -0.490000 -12.698963 -0.783594  -0.965612 -0.154579 -0.209041  0.000000 0.000000 0
c_invasion_wrangler_laser
0  -0.490000 -13.108776 -0.480550  -0.965612 0.154580 0.209043  0.000000 0.000000 0
0  -0.424353 -12.944500 -0.298786  -0.965612 0.154580 0.209043  0.000000 0.000000 0
0  -0.424353 -12.573304 -0.573273  -0.965612 0.154580 0.209043  0.000000 0.000000 0
c_invasion_wrangler_laser
0  -0.424353 -12.944500 -0.298786  -0.705396 0.421435 0.569919  0.000000 0.000000 0
0  -0.245000 -12.824242 -0.165725  -0.705396 0.421435 0.569919  0.000000 0.000000 0
0  -0.245000 -12.481317 -0.419308  -0.705396 0.421435 0.569919  0.000000 0.000000 0
c_invasion_wrangler_laser
0  -0.245000 -12.824242 -0.165725  -0.257657 0.574494 0.776897  0.000000 0.000000 0
0  0.000000 -12.780224 -0.117021  -0.257657 0.574494 0.776897  0.000000 0.000000 0
0  0.000000 -12.447645 -0.362953  -0.257657 0.574494 0.776897  0.000000 0.000000 0
c_invasion_wrangler_laser
0  0.000000 -12.950281 -1.204235  -0.257655 -0.411887 -0.874050  0.000000 0.000000 0
0  -0.245000 -12.916612 -1.147880  -0.257655 -0.411887 -0.874050  0.000000 0.000000 0
0  -0.245000 -12.380299 -1.400613  -0.257655 -0.411887 -0.874050  0.000000 0.000000 0
c_invasion_wrangler_laser
0  -0.245000 -12.916612 -1.147880  -0.705398 -0.302152 -0.641184  0.000000 0.000000 0
0  -0.424353 -12.824622 -0.993915  -0.705398 -0.302152 -0.641184  0.000000 0.000000 0
0  -0.424353 -12.320115 -1.231659  -0.705398 -0.302152 -0.641184  0.000000 0.000000 0
c_invasion_wrangler_laser
0  -0.424353 -12.824622 -0.993915  -0.965612 -0.110827 -0.235183  0.000000 0.000000 0
0  -0.490000 -12.698963 -0.783594  -0.965612 -0.110827 -0.235183  0.000000 0.000000 0
0  -0.490000 -12.237902 -1.000865  -0.965612 -0.110827 -0.235183  0.000000 0.000000 0
c_invasion_wrangler_laser
0  -0.490000 -12.698963 -0.783594  -0.965612 0.110827 0.235181  0.000000 0.000000 0
0  -0.424353 -12.573304 -0.573273  -0.965612 0.110827 0.235181  0.000000 0.000000 0
0  -0.424353 -12.155689 -0.770071  -0.965612 0.110827 0.235181  0.000000 0.000000 0
c_invasion_wrangler_laser
0  -0.424353 -12.573304 -0.573273  -0.705396 0.302151 0.641188  0.000000 0.000000 0
0  -0.245000 -12.481317 -0.419308  -0.705396 0.302151 0.641188  0.000000 0.000000 0
0  -0.245000 -12.095505 -0.601118  -0.705396 0.302151 0.641188  0.000000 0.000000 0
c_invasion_wrangler_laser
0  -0.245000 -12.481317 -0.419308  -0.257656 0.411887 0.874049  0.000000 0.000000 0
0  0.000000 -12.447645 -0.362953  -0.257656 0.411887 0.874049  0.000000 0.000000 0
0  0.000000 -12.073477 -0.539276  -0.257656 0.411887 0.874049  0.000000 0.000000 0
c_invasion_wrangler_laser
0  0.000000 -12.402328 -1.462454  -0.257654 -0.233454 -0.937611  0.000000 0.000000 0
0  -0.245000 -12.380299 -1.400613  -0.257654 -0.233454 -0.937611  0.000000 0.000000 0
0  -0.245000 -11.804987 -1.543859  -0.257654 -0.233454 -0.937611  0.000000 0.000000 0
c_invasion_wrangler_laser
0  -0.245000 -12.380299 -1.400613  -0.705401 -0.171258 -0.687808  0.000000 0.000000 0
0  -0.424353 -12.320115 -1.231659  -0.705401 -0.171258 -0.687808  0.000000 0.000000 0
0  -0.424353 -11.778921 -1.366411  -0.705401 -0.171258 -0.687808  0.000000 0.000000 0
c_invasion_wrangler_laser
0  -0.424353 -12.320115 -1.231659  -0.965612 -0.062816 -0.252284  0.000000 0.000000 0
0  -0.490000 -12.237902 -1.000865  -0.965612 -0.062816 -0.252284  0.000000 0.000000 0
0  -0.490000 -11.743314 -1.124012  -0.965612 -0.062816 -0.252284  0.000000 0.000000 0
c_invasion_wrangler_laser
0  -0.490000 -12.237902 -1.000865  -0.965612 0.062816 0.252284  0.000000 0.000000 0
0  -0.424353 -12.155689 -0.770071  -0.965612 0.062816 0.252284  0.000000 0.000000 0
0  -0.424353 -11.707705 -0.881614  -0.965612 0.062816 0.252284  0.000000 0.000000 0
c_invasion_wrangler_laser
0  -0.424353 -12.155689 -0.770071  -0.705399 0.171258 0.687810  0.000000 0.000000 0
0  -0.245000 -12.095505 -0.601118  -0.705399 0.171258 0.687810  0.000000 0.000000 0
0  -0.245000 -11.681640 -0.704166  -0.705399 0.171258 0.687810  0.000000 0.000000 0
c_invasion_wrangler_laser
0  -0.245000 -12.095505 -0.601118  -0.257657 0.233455 0.937610  0.000000 0.000000 0
0  0.000000 -12.073477 -0.539276  -0.257657 0.233455 0.937610  0.000000 0.000000 0
0  0.000000 -11.672099 -0.639215  -0.257657 0.233455 0.937610  0.000000 0.000000 0
end
