version 1
nodes
0 "weapon_bone" -1
end
skeleton
time 0
0  0.000000 0.000000 0.000000  0.000000 -0.000000 0.000000
end
triangles
painted_wood_01
0  0.717788 -1.644998 -0.717788  0.772871 -0.018951 -0.634280  0.297613 0.539650 0
0  0.749008 -7.645001 -0.500475  0.772871 -0.018951 -0.634280  0.297613 0.539650 0
0  0.636979 -7.645001 -0.636983  0.772871 -0.018951 -0.634280  0.297613 0.539650 0
gold_player
0  0.000000 4.625004 1.170000  0.097987 -0.024578 0.994884  0.000000 0.000000 0
0  0.198037 -1.644998 0.995600  0.097987 -0.024578 0.994884  0.000000 0.000000 0
0  0.228256 4.625004 1.147519  0.097987 -0.024578 0.994884  0.000000 0.000000 0
gold_player
0  0.228256 4.625004 1.147519  0.290197 -0.024578 0.956651  0.000000 0.000000 0
0  0.388464 -1.644998 0.937835  0.290197 -0.024578 0.956651  0.000000 0.000000 0
0  0.447740 4.625004 1.080939  0.290197 -0.024578 0.956651  0.000000 0.000000 0
painted_wood_01
0  0.636979 -7.645001 0.636983  0.629442 0.124693 0.766977  0.297613 0.539650 0
0  0.781099 -11.644995 1.169013  0.629442 0.124693 0.766977  0.297613 0.539650 0
0  0.994151 -11.644995 0.994166  0.629442 0.124693 0.766977  0.297613 0.539650 0
gold_player
0  0.447740 4.625004 1.080939  0.471254 -0.024578 0.881655  0.000000 0.000000 0
0  0.563962 -1.644998 0.844029  0.471254 -0.024578 0.881655  0.000000 0.000000 0
0  0.650017 4.625004 0.972820  0.471254 -0.024578 0.881655  0.000000 0.000000 0
painted_wood_01
0  0.995600 -1.644998 -0.198037  0.995006 -0.018952 -0.097998  0.297613 0.539650 0
0  0.900825 -7.645001 0.000000  0.995006 -0.018952 -0.097998  0.297613 0.539650 0
0  0.883516 -7.645001 -0.175745  0.995006 -0.018952 -0.097998  0.297613 0.539650 0
gold_player
0  0.650017 4.625004 0.972820  0.634202 -0.024578 0.772777  0.000000 0.000000 0
0  0.717788 -1.644998 0.717788  0.634202 -0.024578 0.772777  0.000000 0.000000 0
0  0.827315 4.625004 0.827315  0.634202 -0.024578 0.772777  0.000000 0.000000 0
gold_player
0  0.175742 -7.645001 -0.883519  0.288019 0.124693 -0.949472  0.000000 0.000000 0
0  0.538031 -11.644995 -1.298936  0.288019 0.124693 -0.949472  0.000000 0.000000 0
0  0.274286 -11.644995 -1.378942  0.288019 0.124693 -0.949472  0.000000 0.000000 0
gold_player
0  0.827315 4.625004 0.827315  0.772777 -0.024578 0.634201  0.000000 0.000000 0
0  0.844029 -1.644998 0.563962  0.772777 -0.024578 0.634201  0.000000 0.000000 0
0  0.972820 4.625004 0.650017  0.772777 -0.024578 0.634201  0.000000 0.000000 0
gold_player
0  0.883516 -7.645001 0.175745  0.949472 0.124692 0.288019  0.000000 0.000000 0
0  1.298921 -11.644995 0.538046  0.949472 0.124692 0.288019  0.000000 0.000000 0
0  1.378927 -11.644995 0.274301  0.949472 0.124692 0.288019  0.000000 0.000000 0
gold_player
0  0.972820 4.625004 0.650017  0.881655 -0.024578 0.471254  0.000000 0.000000 0
0  0.937835 -1.644998 0.388464  0.881655 -0.024578 0.471254  0.000000 0.000000 0
0  1.080939 4.625004 0.447740  0.881655 -0.024578 0.471254  0.000000 0.000000 0
painted_wood_01
0  0.198037 -1.644998 0.995600  0.097999 -0.018951 0.995006  0.297613 0.539650 0
0  0.000000 -7.645001 0.900828  0.097999 -0.018951 0.995006  0.297613 0.539650 0
0  0.175742 -7.645001 0.883519  0.097999 -0.018951 0.995006  0.297613 0.539650 0
gold_player
0  1.080939 4.625004 0.447740  0.956651 -0.024578 0.290197  0.000000 0.000000 0
0  0.995600 -1.644998 0.198037  0.956651 -0.024578 0.290197  0.000000 0.000000 0
0  1.147519 4.625004 0.228256  0.956651 -0.024578 0.290197  0.000000 0.000000 0
painted_wood_01
0  0.937835 -1.644998 0.388464  0.881763 -0.018951 0.471312  0.297613 0.539650 0
0  0.749008 -7.645001 0.500475  0.881763 -0.018951 0.471312  0.297613 0.539650 0
0  0.832253 -7.645001 0.344734  0.881763 -0.018951 0.471312  0.297613 0.539650 0
gold_player
0  1.147519 4.625004 0.228256  0.994884 -0.024578 0.097987  0.000000 0.000000 0
0  1.015105 -1.644998 0.000000  0.994884 -0.024578 0.097987  0.000000 0.000000 0
0  1.170000 4.625004 0.000000  0.994884 -0.024578 0.097987  0.000000 0.000000 0
painted_wood_01
0  0.388464 -1.644998 -0.937835  0.471312 -0.018951 -0.881763  0.297613 0.539650 0
0  0.500471 -7.645001 -0.749012  0.471312 -0.018951 -0.881763  0.297613 0.539650 0
0  0.344731 -7.645001 -0.832257  0.471312 -0.018951 -0.881763  0.297613 0.539650 0
gold_player
0  1.170000 4.625004 0.000000  0.994884 -0.024578 -0.097987  0.000000 0.000000 0
0  0.995600 -1.644998 -0.198037  0.994884 -0.024578 -0.097987  0.000000 0.000000 0
0  1.147519 4.625004 -0.228256  0.994884 -0.024578 -0.097987  0.000000 0.000000 0
gold_player
0  1.147519 4.625004 -0.228256  0.956651 -0.024578 -0.290197  0.000000 0.000000 0
0  0.937835 -1.644998 -0.388464  0.956651 -0.024578 -0.290197  0.000000 0.000000 0
0  1.080939 4.625004 -0.447740  0.956651 -0.024578 -0.290197  0.000000 0.000000 0
gold_player
0  0.832253 -7.645001 -0.344734  0.949472 0.124692 -0.288019  0.000000 0.000000 0
0  1.378927 -11.644995 -0.274301  0.949472 0.124692 -0.288019  0.000000 0.000000 0
0  1.298921 -11.644995 -0.538046  0.949472 0.124692 -0.288019  0.000000 0.000000 0
gold_player
0  1.080939 4.625004 -0.447740  0.881655 -0.024578 -0.471254  0.000000 0.000000 0
0  0.844029 -1.644998 -0.563962  0.881655 -0.024578 -0.471254  0.000000 0.000000 0
0  0.972820 4.625004 -0.650017  0.881655 -0.024578 -0.471254  0.000000 0.000000 0
gold_player
0  0.344731 -7.645001 0.832257  0.288020 0.124693 0.949471  0.000000 0.000000 0
0  0.274286 -11.644995 1.378942  0.288020 0.124693 0.949471  0.000000 0.000000 0
0  0.538031 -11.644995 1.298936  0.288020 0.124693 0.949471  0.000000 0.000000 0
painted_wood_01
0  0.563962 -1.644998 0.844029  0.471311 -0.018951 0.881763  0.297613 0.539650 0
0  0.344731 -7.645001 0.832257  0.471311 -0.018951 0.881763  0.297613 0.539650 0
0  0.500471 -7.645001 0.749012  0.471311 -0.018951 0.881763  0.297613 0.539650 0
gold_player
0  0.972820 4.625004 -0.650017  0.772777 -0.024578 -0.634201  0.000000 0.000000 0
0  0.717788 -1.644998 -0.717788  0.772777 -0.024578 -0.634201  0.000000 0.000000 0
0  0.827315 4.625004 -0.827315  0.772777 -0.024578 -0.634201  0.000000 0.000000 0
painted_wood_01
0  0.844029 -1.644998 -0.563962  0.881763 -0.018951 -0.471312  0.297613 0.539650 0
0  0.832253 -7.645001 -0.344734  0.881763 -0.018951 -0.471312  0.297613 0.539650 0
0  0.749008 -7.645001 -0.500475  0.881763 -0.018951 -0.471312  0.297613 0.539650 0
gold_player
0  0.827315 4.625004 -0.827315  0.634202 -0.024578 -0.772777  0.000000 0.000000 0
0  0.563962 -1.644998 -0.844029  0.634202 -0.024578 -0.772777  0.000000 0.000000 0
0  0.650017 4.625004 -0.972820  0.634202 -0.024578 -0.772777  0.000000 0.000000 0
gold_player
0  0.650017 4.625004 -0.972820  0.471254 -0.024578 -0.881655  0.000000 0.000000 0
0  0.388464 -1.644998 -0.937835  0.471254 -0.024578 -0.881655  0.000000 0.000000 0
0  0.447740 4.625004 -1.080939  0.471254 -0.024578 -0.881655  0.000000 0.000000 0
painted_wood_01
0  0.500471 -7.645001 -0.749012  0.629442 0.124693 -0.766978  0.297613 0.539650 0
0  0.994151 -11.644995 -0.994166  0.629442 0.124693 -0.766978  0.297613 0.539650 0
0  0.781099 -11.644995 -1.169013  0.629442 0.124693 -0.766978  0.297613 0.539650 0
gold_player
0  0.447740 4.625004 -1.080939  0.290197 -0.024578 -0.956651  0.000000 0.000000 0
0  0.198037 -1.644998 -0.995600  0.290197 -0.024578 -0.956651  0.000000 0.000000 0
0  0.228256 4.625004 -1.147519  0.290197 -0.024578 -0.956651  0.000000 0.000000 0
painted_wood_01
0  0.749008 -7.645001 0.500475  0.766978 0.124692 0.629442  0.297613 0.539650 0
0  0.994151 -11.644995 0.994166  0.766978 0.124692 0.629442  0.297613 0.539650 0
0  1.168998 -11.644995 0.781114  0.766978 0.124692 0.629442  0.297613 0.539650 0
painted_wood_01
0  1.015105 -1.644998 0.000000  0.995006 -0.018952 0.097998  0.297613 0.539650 0
0  0.883516 -7.645001 0.175745  0.995006 -0.018952 0.097998  0.297613 0.539650 0
0  0.900825 -7.645001 0.000000  0.995006 -0.018952 0.097998  0.297613 0.539650 0
gold_player
0  0.228256 4.625004 -1.147519  0.097989 -0.024578 -0.994884  0.000000 0.000000 0
0  0.000000 -1.644998 -1.015105  0.097989 -0.024578 -0.994884  0.000000 0.000000 0
0  0.000000 4.625004 -1.170000  0.097989 -0.024578 -0.994884  0.000000 0.000000 0
painted_wood_01
0  0.000000 -1.644998 -1.015105  0.097998 -0.018951 -0.995006  0.297613 0.539650 0
0  0.175742 -7.645001 -0.883519  0.097998 -0.018951 -0.995006  0.297613 0.539650 0
0  0.000000 -7.645001 -0.900828  0.097998 -0.018951 -0.995006  0.297613 0.539650 0
painted_wood_01
0  0.000000 -7.645001 -0.900828  0.097252 0.124694 -0.987418  0.297613 0.539650 0
0  0.274286 -11.644995 -1.378942  0.097252 0.124694 -0.987418  0.297613 0.539650 0
0  0.000000 -11.644995 -1.405957  0.097252 0.124694 -0.987418  0.297613 0.539650 0
painted_wood_01
0  0.900825 -7.645001 0.000000  0.987419 0.124691 0.097247  0.297613 0.539650 0
0  1.378927 -11.644995 0.274301  0.987419 0.124691 0.097247  0.297613 0.539650 0
0  1.405942 -11.644995 0.000000  0.987419 0.124691 0.097247  0.297613 0.539650 0
painted_wood_01
0  0.844029 -1.644998 0.563962  0.772871 -0.018951 0.634280  0.297613 0.539650 0
0  0.636979 -7.645001 0.636983  0.772871 -0.018951 0.634280  0.297613 0.539650 0
0  0.749008 -7.645001 0.500475  0.772871 -0.018951 0.634280  0.297613 0.539650 0
painted_wood_01
0  0.563962 -1.644998 -0.844029  0.634280 -0.018951 -0.772871  0.297613 0.539650 0
0  0.636979 -7.645001 -0.636983  0.634280 -0.018951 -0.772871  0.297613 0.539650 0
0  0.500471 -7.645001 -0.749012  0.634280 -0.018951 -0.772871  0.297613 0.539650 0
painted_wood_01
0  0.749008 -7.645001 -0.500475  0.875038 0.124692 -0.467718  0.297613 0.539650 0
0  1.298921 -11.644995 -0.538046  0.875038 0.124692 -0.467718  0.297613 0.539650 0
0  1.168998 -11.644995 -0.781114  0.875038 0.124692 -0.467718  0.297613 0.539650 0
painted_wood_01
0  0.500471 -7.645001 0.749012  0.467718 0.124693 0.875038  0.297613 0.539650 0
0  0.538031 -11.644995 1.298936  0.467718 0.124693 0.875038  0.297613 0.539650 0
0  0.781099 -11.644995 1.169013  0.467718 0.124693 0.875038  0.297613 0.539650 0
gold_player
0  0.388464 -1.644998 0.937835  0.290233 -0.018951 0.956768  0.000000 0.000000 0
0  0.175742 -7.645001 0.883519  0.290233 -0.018951 0.956768  0.000000 0.000000 0
0  0.344731 -7.645001 0.832257  0.290233 -0.018951 0.956768  0.000000 0.000000 0
gold_player
0  0.937835 -1.644998 -0.388464  0.956768 -0.018951 -0.290233  0.000000 0.000000 0
0  0.883516 -7.645001 -0.175745  0.956768 -0.018951 -0.290233  0.000000 0.000000 0
0  0.832253 -7.645001 -0.344734  0.956768 -0.018951 -0.290233  0.000000 0.000000 0
painted_wood_01
0  0.344731 -7.645001 -0.832257  0.467717 0.124693 -0.875038  0.297613 0.539650 0
0  0.781099 -11.644995 -1.169013  0.467717 0.124693 -0.875038  0.297613 0.539650 0
0  0.538031 -11.644995 -1.298936  0.467717 0.124693 -0.875038  0.297613 0.539650 0
painted_wood_01
0  0.832253 -7.645001 0.344734  0.875038 0.124692 0.467718  0.297613 0.539650 0
0  1.168998 -11.644995 0.781114  0.875038 0.124692 0.467718  0.297613 0.539650 0
0  1.298921 -11.644995 0.538046  0.875038 0.124692 0.467718  0.297613 0.539650 0
gold_player
0  0.995600 -1.644998 0.198037  0.956768 -0.018951 0.290233  0.000000 0.000000 0
0  0.832253 -7.645001 0.344734  0.956768 -0.018951 0.290233  0.000000 0.000000 0
0  0.883516 -7.645001 0.175745  0.956768 -0.018951 0.290233  0.000000 0.000000 0
gold_player
0  0.198037 -1.644998 -0.995600  0.290233 -0.018951 -0.956768  0.000000 0.000000 0
0  0.344731 -7.645001 -0.832257  0.290233 -0.018951 -0.956768  0.000000 0.000000 0
0  0.175742 -7.645001 -0.883519  0.290233 -0.018951 -0.956768  0.000000 0.000000 0
painted_wood_01
0  0.883516 -7.645001 -0.175745  0.987419 0.124691 -0.097247  0.297613 0.539650 0
0  1.405942 -11.644995 0.000000  0.987419 0.124691 -0.097247  0.297613 0.539650 0
0  1.378927 -11.644995 -0.274301  0.987419 0.124691 -0.097247  0.297613 0.539650 0
painted_wood_01
0  0.636979 -7.645001 -0.636983  0.766978 0.124692 -0.629442  0.297613 0.539650 0
0  1.168998 -11.644995 -0.781114  0.766978 0.124692 -0.629442  0.297613 0.539650 0
0  0.994151 -11.644995 -0.994166  0.766978 0.124692 -0.629442  0.297613 0.539650 0
painted_wood_01
0  0.717788 -1.644998 0.717788  0.634280 -0.018951 0.772871  0.297613 0.539650 0
0  0.500471 -7.645001 0.749012  0.634280 -0.018951 0.772871  0.297613 0.539650 0
0  0.636979 -7.645001 0.636983  0.634280 -0.018951 0.772871  0.297613 0.539650 0
painted_wood_01
0  0.175742 -7.645001 0.883519  0.097252 0.124694 0.987418  0.297613 0.539650 0
0  0.000000 -11.644995 1.405957  0.097252 0.124694 0.987418  0.297613 0.539650 0
0  0.274286 -11.644995 1.378942  0.097252 0.124694 0.987418  0.297613 0.539650 0
gold_player
0  0.000000 6.680005 -1.000000  0.065019 0.727869 -0.682627  0.000000 0.000000 0
0  0.102019 7.174601 -0.462907  0.065019 0.727869 -0.682627  0.000000 0.000000 0
0  0.195090 6.680005 -0.980785  0.065019 0.727869 -0.682627  0.000000 0.000000 0
gold_player
0  0.195090 6.680005 -0.980785  0.199537 0.726297 -0.657783  0.000000 0.000000 0
0  0.190558 7.174601 -0.436049  0.199537 0.726297 -0.657783  0.000000 0.000000 0
0  0.382683 6.680005 -0.923880  0.199537 0.726297 -0.657783  0.000000 0.000000 0
gold_player
0  0.382683 6.680005 -0.923880  0.324619 0.725110 -0.607320  0.000000 0.000000 0
0  0.272157 7.174601 -0.392434  0.324619 0.725110 -0.607320  0.000000 0.000000 0
0  0.555570 6.680005 -0.831470  0.324619 0.725110 -0.607320  0.000000 0.000000 0
gold_player
0  0.555570 6.680005 -0.831470  0.437580 0.724038 -0.533192  0.000000 0.000000 0
0  0.343678 7.174601 -0.333738  0.437580 0.724038 -0.533192  0.000000 0.000000 0
0  0.707107 6.680005 -0.707107  0.437580 0.724038 -0.533192  0.000000 0.000000 0
gold_player
0  0.707107 6.680005 -0.707107  0.533940 0.723121 -0.438183  0.000000 0.000000 0
0  0.402375 7.174601 -0.262216  0.533940 0.723121 -0.438183  0.000000 0.000000 0
0  0.831470 6.680003 -0.555570  0.533940 0.723121 -0.438183  0.000000 0.000000 0
gold_player
0  0.831470 6.680003 -0.555570  0.609829 0.722398 -0.325961  0.000000 0.000000 0
0  0.445990 7.174601 -0.180618  0.609829 0.722398 -0.325961  0.000000 0.000000 0
0  0.923880 6.680003 -0.382683  0.609829 0.722398 -0.325961  0.000000 0.000000 0
gold_player
0  0.923880 6.680003 -0.382683  0.662201 0.721898 -0.200879  0.000000 0.000000 0
0  0.472848 7.174601 -0.092078  0.662201 0.721898 -0.200879  0.000000 0.000000 0
0  0.980785 6.680003 -0.195090  0.662201 0.721898 -0.200879  0.000000 0.000000 0
gold_player
0  0.980785 6.680003 -0.195090  0.688931 0.721644 -0.067856  0.000000 0.000000 0
0  0.481917 7.174601 0.000000  0.688931 0.721644 -0.067856  0.000000 0.000000 0
0  1.000000 6.680003 0.000000  0.688931 0.721644 -0.067856  0.000000 0.000000 0
gold_player
0  1.000000 6.680003 0.000000  0.688931 0.721644 0.067856  0.000000 0.000000 0
0  0.472848 7.174601 0.092078  0.688931 0.721644 0.067856  0.000000 0.000000 0
0  0.980785 6.680003 0.195090  0.688931 0.721644 0.067856  0.000000 0.000000 0
gold_player
0  0.980785 6.680003 0.195090  0.662201 0.721898 0.200882  0.000000 0.000000 0
0  0.445990 7.174601 0.180618  0.662201 0.721898 0.200882  0.000000 0.000000 0
0  0.923880 6.680003 0.382683  0.662201 0.721898 0.200882  0.000000 0.000000 0
gold_player
0  0.923880 6.680003 0.382683  0.609828 0.722397 0.325964  0.000000 0.000000 0
0  0.402375 7.174601 0.262216  0.609828 0.722397 0.325964  0.000000 0.000000 0
0  0.831470 6.680003 0.555570  0.609828 0.722397 0.325964  0.000000 0.000000 0
gold_player
0  0.831470 6.680003 0.555570  0.533940 0.723122 0.438181  0.000000 0.000000 0
0  0.343678 7.174601 0.333738  0.533940 0.723122 0.438181  0.000000 0.000000 0
0  0.707107 6.680005 0.707107  0.533940 0.723122 0.438181  0.000000 0.000000 0
gold_player
0  0.707107 6.680005 0.707107  0.437580 0.724039 0.533190  0.000000 0.000000 0
0  0.272157 7.174601 0.392434  0.437580 0.724039 0.533190  0.000000 0.000000 0
0  0.555570 6.680005 0.831470  0.437580 0.724039 0.533190  0.000000 0.000000 0
gold_player
0  0.555570 6.680005 0.831470  0.324619 0.725111 0.607319  0.000000 0.000000 0
0  0.190558 7.174601 0.436049  0.324619 0.725111 0.607319  0.000000 0.000000 0
0  0.382683 6.680005 0.923880  0.324619 0.725111 0.607319  0.000000 0.000000 0
gold_player
0  0.382683 6.680005 0.923880  0.199537 0.726296 0.657783  0.000000 0.000000 0
0  0.102019 7.174601 0.462907  0.199537 0.726296 0.657783  0.000000 0.000000 0
0  0.195090 6.680005 0.980785  0.199537 0.726296 0.657783  0.000000 0.000000 0
gold_player
0  0.195090 6.680005 0.980785  0.065012 0.727879 0.682617  0.000000 0.000000 0
0  0.000000 7.174601 0.471976  0.065012 0.727879 0.682617  0.000000 0.000000 0
0  0.000000 6.680005 1.000000  0.065012 0.727879 0.682617  0.000000 0.000000 0
gold_player
0  0.228256 4.625004 -1.147519  0.097687 0.082049 -0.991829  0.000000 0.000000 0
0  0.000000 6.680005 -1.000000  0.097687 0.082049 -0.991829  0.000000 0.000000 0
0  0.195090 6.680005 -0.980785  0.097687 0.082049 -0.991829  0.000000 0.000000 0
gold_player
0  0.650017 4.625004 -0.972820  0.469807 0.082049 -0.878948  0.000000 0.000000 0
0  0.382683 6.680005 -0.923880  0.469807 0.082049 -0.878948  0.000000 0.000000 0
0  0.555570 6.680005 -0.831470  0.469807 0.082049 -0.878948  0.000000 0.000000 0
gold_player
0  0.827315 4.625004 -0.827315  0.632254 0.082049 -0.770404  0.000000 0.000000 0
0  0.555570 6.680005 -0.831470  0.632254 0.082049 -0.770404  0.000000 0.000000 0
0  0.707107 6.680005 -0.707107  0.632254 0.082049 -0.770404  0.000000 0.000000 0
gold_player
0  0.972820 4.625004 -0.650017  0.770405 0.082049 -0.632254  0.000000 0.000000 0
0  0.707107 6.680005 -0.707107  0.770405 0.082049 -0.632254  0.000000 0.000000 0
0  0.831470 6.680003 -0.555570  0.770405 0.082049 -0.632254  0.000000 0.000000 0
gold_player
0  1.080939 4.625004 -0.447740  0.878948 0.082049 -0.469807  0.000000 0.000000 0
0  0.831470 6.680003 -0.555570  0.878948 0.082049 -0.469807  0.000000 0.000000 0
0  0.923880 6.680003 -0.382683  0.878948 0.082049 -0.469807  0.000000 0.000000 0
gold_player
0  1.147519 4.625004 -0.228256  0.953714 0.082049 -0.289306  0.000000 0.000000 0
0  0.923880 6.680003 -0.382683  0.953714 0.082049 -0.289306  0.000000 0.000000 0
0  0.980785 6.680003 -0.195090  0.953714 0.082049 -0.289306  0.000000 0.000000 0
gold_player
0  1.170000 4.625004 0.000000  0.991829 0.082049 -0.097687  0.000000 0.000000 0
0  0.980785 6.680003 -0.195090  0.991829 0.082049 -0.097687  0.000000 0.000000 0
0  1.000000 6.680003 0.000000  0.991829 0.082049 -0.097687  0.000000 0.000000 0
gold_player
0  1.147519 4.625004 0.228256  0.991829 0.082049 0.097687  0.000000 0.000000 0
0  1.000000 6.680003 0.000000  0.991829 0.082049 0.097687  0.000000 0.000000 0
0  0.980785 6.680003 0.195090  0.991829 0.082049 0.097687  0.000000 0.000000 0
gold_player
0  1.080939 4.625004 0.447740  0.953714 0.082049 0.289306  0.000000 0.000000 0
0  0.980785 6.680003 0.195090  0.953714 0.082049 0.289306  0.000000 0.000000 0
0  0.923880 6.680003 0.382683  0.953714 0.082049 0.289306  0.000000 0.000000 0
gold_player
0  0.972820 4.625004 0.650017  0.878947 0.082049 0.469808  0.000000 0.000000 0
0  0.923880 6.680003 0.382683  0.878947 0.082049 0.469808  0.000000 0.000000 0
0  0.831470 6.680003 0.555570  0.878947 0.082049 0.469808  0.000000 0.000000 0
gold_player
0  0.827315 4.625004 0.827315  0.770404 0.082049 0.632254  0.000000 0.000000 0
0  0.831470 6.680003 0.555570  0.770404 0.082049 0.632254  0.000000 0.000000 0
0  0.707107 6.680005 0.707107  0.770404 0.082049 0.632254  0.000000 0.000000 0
gold_player
0  0.650017 4.625004 0.972820  0.632254 0.082049 0.770404  0.000000 0.000000 0
0  0.707107 6.680005 0.707107  0.632254 0.082049 0.770404  0.000000 0.000000 0
0  0.555570 6.680005 0.831470  0.632254 0.082049 0.770404  0.000000 0.000000 0
gold_player
0  0.447740 4.625004 1.080939  0.469807 0.082049 0.878948  0.000000 0.000000 0
0  0.555570 6.680005 0.831470  0.469807 0.082049 0.878948  0.000000 0.000000 0
0  0.382683 6.680005 0.923880  0.469807 0.082049 0.878948  0.000000 0.000000 0
gold_player
0  0.447740 4.625004 -1.080939  0.289306 0.082049 -0.953714  0.000000 0.000000 0
0  0.195090 6.680005 -0.980785  0.289306 0.082049 -0.953714  0.000000 0.000000 0
0  0.382683 6.680005 -0.923880  0.289306 0.082049 -0.953714  0.000000 0.000000 0
gold_player
0  0.228256 4.625004 1.147519  0.289306 0.082049 0.953714  0.000000 0.000000 0
0  0.382683 6.680005 0.923880  0.289306 0.082049 0.953714  0.000000 0.000000 0
0  0.195090 6.680005 0.980785  0.289306 0.082049 0.953714  0.000000 0.000000 0
gold_player
0  0.000000 4.625004 1.170000  0.097687 0.082049 0.991829  0.000000 0.000000 0
0  0.195090 6.680005 0.980785  0.097687 0.082049 0.991829  0.000000 0.000000 0
0  0.000000 6.680005 1.000000  0.097687 0.082049 0.991829  0.000000 0.000000 0
gold_player
0  0.274286 -11.644995 -1.378942  0.414998 0.137936 -0.899305  0.000000 0.000000 0
0  0.538031 -11.644995 -1.298936  0.449159 0.134069 -0.883336  0.000000 0.000000 0
0  0.039692 -12.644995 0.000000  0.687990 0.072814 -0.722058  0.000000 0.000000 0
gold_player
0  1.378927 -11.644995 0.274301  0.958219 -0.154907 0.240459  0.000000 0.000000 0
0  1.298921 -11.644995 0.538046  0.963643 -0.156131 0.216831  0.000000 0.000000 0
0  0.039692 -12.644995 0.000000  0.975563 -0.162441 0.147955  0.000000 0.000000 0
painted_wood_01
0  0.538031 -11.644995 -1.298936  0.585464 0.081451 -0.806597  0.297613 0.539650 0
0  0.781099 -11.644995 -1.169013  0.612585 0.077909 -0.786556  0.297613 0.539650 0
0  0.039692 -12.644995 0.000000  0.810563 0.017008 -0.585404  0.297613 0.539650 0
painted_wood_01
0  1.298921 -11.644995 0.538046  0.916348 -0.108609 0.385370  0.297613 0.539650 0
0  1.168998 -11.644995 0.781114  0.918842 -0.109116 0.379240  0.297613 0.539650 0
0  0.039692 -12.644995 0.000000  0.965675 -0.132731 0.223281  0.297613 0.539650 0
painted_wood_01
0  0.781099 -11.644995 -1.169013  0.729618 0.017373 -0.683635  0.297613 0.539650 0
0  0.994151 -11.644995 -0.994166  0.746502 0.014806 -0.665219  0.297613 0.539650 0
0  0.039692 -12.644995 0.000000  0.893118 -0.039668 -0.448071  0.297613 0.539650 0
painted_wood_01
0  1.168998 -11.644995 0.781114  0.847458 -0.049035 0.528594  0.297613 0.539650 0
0  0.994151 -11.644995 0.994166  0.841595 -0.047999 0.537972  0.297613 0.539650 0
0  0.039692 -12.644995 0.000000  0.941727 -0.090661 0.323931  0.297613 0.539650 0
painted_wood_01
0  0.994151 -11.644995 -0.994166  0.841553 -0.047995 -0.538038  0.297613 0.539650 0
0  1.168998 -11.644995 -0.781114  0.847476 -0.049040 -0.528563  0.297613 0.539650 0
0  0.039692 -12.644995 0.000000  0.941719 -0.090653 -0.323956  0.297613 0.539650 0
painted_wood_01
0  0.994151 -11.644995 0.994166  0.746478 0.014810 0.665245  0.297613 0.539650 0
0  0.781099 -11.644995 1.169013  0.729593 0.017376 0.683660  0.297613 0.539650 0
0  0.039692 -12.644995 0.000000  0.893130 -0.039677 0.448045  0.297613 0.539650 0
painted_wood_01
0  1.168998 -11.644995 -0.781114  0.918854 -0.109118 -0.379210  0.297613 0.539650 0
0  1.298921 -11.644995 -0.538046  0.916361 -0.108612 -0.385340  0.297613 0.539650 0
0  0.039692 -12.644995 0.000000  0.965670 -0.132725 -0.223308  0.297613 0.539650 0
painted_wood_01
0  0.781099 -11.644995 1.169013  0.612655 0.077899 0.786502  0.297613 0.539650 0
0  0.538031 -11.644995 1.298936  0.585536 0.081443 0.806545  0.297613 0.539650 0
0  0.039692 -12.644995 0.000000  0.810582 0.016998 0.585379  0.297613 0.539650 0
gold_player
0  1.298921 -11.644995 -0.538046  0.963650 -0.156135 -0.216797  0.000000 0.000000 0
0  1.378927 -11.644995 -0.274301  0.958227 -0.154908 -0.240426  0.000000 0.000000 0
0  0.039692 -12.644995 0.000000  0.975560 -0.162438 -0.147978  0.000000 0.000000 0
gold_player
0  0.538031 -11.644995 1.298936  0.449125 0.134074 0.883352  0.000000 0.000000 0
0  0.274286 -11.644995 1.378942  0.415082 0.137927 0.899268  0.000000 0.000000 0
0  0.039692 -12.644995 0.000000  0.688014 0.072804 0.722036  0.000000 0.000000 0
painted_wood_01
0  1.378927 -11.644995 -0.274301  0.981710 -0.181321 -0.058031  0.297613 0.539650 0
0  1.405942 -11.644995 0.000000  0.979062 -0.180681 -0.093766  0.297613 0.539650 0
0  0.039692 -12.644995 0.000000  0.981281 -0.181094 -0.065511  0.297613 0.539650 0
painted_wood_01
0  0.000000 -11.644995 -1.405957  0.226135 0.186661 -0.956044  0.297613 0.539650 0
0  0.274286 -11.644995 -1.378942  0.262858 0.183017 -0.947317  0.297613 0.539650 0
0  0.039692 -12.644995 0.000000  0.525313 0.126000 -0.841528  0.297613 0.539650 0
painted_wood_01
0  0.274286 -11.644995 1.378942  0.262949 0.183006 0.947294  0.297613 0.539650 0
0  0.000000 -11.644995 1.405957  0.226097 0.186664 0.956053  0.297613 0.539650 0
0  0.039692 -12.644995 0.000000  0.525342 0.125990 0.841512  0.297613 0.539650 0
painted_wood_01
0  1.405942 -11.644995 0.000000  0.979069 -0.180681 0.093697  0.297613 0.539650 0
0  1.378927 -11.644995 0.274301  0.981703 -0.181317 0.058162  0.297613 0.539650 0
0  0.039692 -12.644995 0.000000  0.981314 -0.181109 0.064979  0.297613 0.539650 0
painted_wood_01
0  0.039692 -12.644995 0.000000  0.289199 0.161323 0.943578  0.297613 0.539650 0
0  0.000000 -11.644995 1.405957  0.867374 -0.179733 0.464068  0.297613 0.539650 0
0  0.000000 -12.644995 0.000000  0.000000 -0.814899 0.579603  0.297613 0.539650 0
painted_wood_01
0  0.000000 -11.644995 -1.405957  0.867371 -0.179727 -0.464076  0.297613 0.539650 0
0  0.039692 -12.644995 0.000000  -0.855544 -0.517613 0.010979  0.297613 0.539650 0
0  0.000000 -12.644995 0.000000  0.000000 -0.814899 -0.579603  0.297613 0.539650 0
painted_wood_01
0  0.272157 7.174601 -0.392434  0.471399 0.000000 -0.881920  0.297613 0.539650 0
0  0.190558 7.460647 -0.436049  0.471399 0.000000 -0.881920  0.297613 0.539650 0
0  0.272157 7.460647 -0.392434  0.471399 0.000000 -0.881920  0.297613 0.539650 0
painted_wood_01
0  0.445990 7.174601 -0.180618  0.881923 0.000000 -0.471393  0.297613 0.539650 0
0  0.402375 7.460647 -0.262216  0.881923 0.000000 -0.471393  0.297613 0.539650 0
0  0.445990 7.460647 -0.180618  0.881923 0.000000 -0.471393  0.297613 0.539650 0
painted_wood_01
0  0.472848 7.174601 0.092078  0.995185 0.000000 0.098017  0.297613 0.539650 0
0  0.481917 7.460647 0.000000  0.995185 0.000000 0.098017  0.297613 0.539650 0
0  0.472848 7.460647 0.092078  0.995185 0.000000 0.098017  0.297613 0.539650 0
painted_wood_01
0  0.343678 7.174601 0.333738  0.773010 0.000000 0.634393  0.297613 0.539650 0
0  0.402375 7.460647 0.262216  0.773010 0.000000 0.634393  0.297613 0.539650 0
0  0.343678 7.460647 0.333738  0.773010 0.000000 0.634393  0.297613 0.539650 0
painted_wood_01
0  0.102019 7.174601 0.462907  0.290284 0.000000 0.956941  0.297613 0.539650 0
0  0.190558 7.460647 0.436049  0.290284 0.000000 0.956941  0.297613 0.539650 0
0  0.102019 7.460647 0.462907  0.290284 0.000000 0.956941  0.297613 0.539650 0
painted_wood_01
0  0.190558 7.174601 -0.436049  0.290285 0.000000 -0.956940  0.297613 0.539650 0
0  0.102019 7.460647 -0.462907  0.290285 0.000000 -0.956940  0.297613 0.539650 0
0  0.190558 7.460647 -0.436049  0.290285 0.000000 -0.956940  0.297613 0.539650 0
painted_wood_01
0  0.402375 7.174601 -0.262216  0.773010 0.000000 -0.634393  0.297613 0.539650 0
0  0.343678 7.460647 -0.333738  0.773010 0.000000 -0.634393  0.297613 0.539650 0
0  0.402375 7.460647 -0.262216  0.773010 0.000000 -0.634393  0.297613 0.539650 0
painted_wood_01
0  0.481917 7.174601 0.000000  0.995185 0.000000 -0.098017  0.297613 0.539650 0
0  0.472848 7.460647 -0.092078  0.995185 0.000000 -0.098017  0.297613 0.539650 0
0  0.481917 7.460647 0.000000  0.995185 0.000000 -0.098017  0.297613 0.539650 0
painted_wood_01
0  0.402375 7.174601 0.262216  0.881923 0.000000 0.471393  0.297613 0.539650 0
0  0.445990 7.460647 0.180618  0.881923 0.000000 0.471393  0.297613 0.539650 0
0  0.402375 7.460647 0.262216  0.881923 0.000000 0.471393  0.297613 0.539650 0
painted_wood_01
0  0.190558 7.174601 0.436049  0.471398 0.000000 0.881920  0.297613 0.539650 0
0  0.272157 7.460647 0.392434  0.471398 0.000000 0.881920  0.297613 0.539650 0
0  0.190558 7.460647 0.436049  0.471398 0.000000 0.881920  0.297613 0.539650 0
painted_wood_01
0  0.102019 7.174601 -0.462907  0.088546 0.000000 -0.996072  0.297613 0.539650 0
0  0.000000 7.460647 -0.471976  0.088546 0.000000 -0.996072  0.297613 0.539650 0
0  0.102019 7.460647 -0.462907  0.088546 0.000000 -0.996072  0.297613 0.539650 0
painted_wood_01
0  0.343678 7.174601 -0.333738  0.634394 0.000000 -0.773010  0.297613 0.539650 0
0  0.272157 7.460647 -0.392434  0.634394 0.000000 -0.773010  0.297613 0.539650 0
0  0.343678 7.460647 -0.333738  0.634394 0.000000 -0.773010  0.297613 0.539650 0
painted_wood_01
0  0.472848 7.174601 -0.092078  0.956940 0.000000 -0.290286  0.297613 0.539650 0
0  0.445990 7.460647 -0.180618  0.956940 0.000000 -0.290286  0.297613 0.539650 0
0  0.472848 7.460647 -0.092078  0.956940 0.000000 -0.290286  0.297613 0.539650 0
painted_wood_01
0  0.445990 7.174601 0.180618  0.956940 0.000000 0.290286  0.297613 0.539650 0
0  0.472848 7.460647 0.092078  0.956940 0.000000 0.290286  0.297613 0.539650 0
0  0.445990 7.460647 0.180618  0.956940 0.000000 0.290286  0.297613 0.539650 0
painted_wood_01
0  0.272157 7.174601 0.392434  0.634394 0.000000 0.773010  0.297613 0.539650 0
0  0.343678 7.460647 0.333738  0.634394 0.000000 0.773010  0.297613 0.539650 0
0  0.272157 7.460647 0.392434  0.634394 0.000000 0.773010  0.297613 0.539650 0
painted_wood_01
0  0.000000 7.174601 0.471976  0.088545 0.000000 0.996072  0.297613 0.539650 0
0  0.102019 7.460647 0.462907  0.088545 0.000000 0.996072  0.297613 0.539650 0
0  0.000000 7.460647 0.471976  0.088545 0.000000 0.996072  0.297613 0.539650 0
painted_wood_01
0  0.000000 14.783431 1.430231  -0.455332 0.759433 0.464686  0.297613 0.539650 0
0  0.168027 14.446769 2.145113  -0.455327 0.759425 0.464706  0.297613 0.539650 0
0  0.288965 14.783431 1.402750  -0.455338 0.759445 0.464662  0.297613 0.539650 0
painted_wood_01
0  0.288965 14.783431 1.402750  0.242837 0.852382 0.463114  0.297613 0.539650 0
0  0.292273 14.446769 2.020653  0.242837 0.852385 0.463109  0.297613 0.539650 0
0  0.557266 14.783431 1.321361  0.242837 0.852384 0.463111  0.297613 0.539650 0
painted_wood_01
0  0.557266 14.783431 1.321361  0.266279 0.825177 0.498176  0.297613 0.539650 0
0  0.670400 14.446769 1.818540  0.266279 0.825177 0.498176  0.297613 0.539650 0
0  0.804534 14.783431 1.189194  0.266279 0.825177 0.498176  0.297613 0.539650 0
painted_wood_01
0  0.804534 14.783431 1.189194  0.407673 0.766185 0.496753  0.297613 0.539650 0
0  1.001832 14.446769 1.546541  0.407673 0.766185 0.496753  0.297613 0.539650 0
0  1.021267 14.783431 1.011326  0.407673 0.766185 0.496753  0.297613 0.539650 0
painted_wood_01
0  1.021267 14.783431 1.011326  0.556551 0.693996 0.456751  0.297613 0.539650 0
0  1.273830 14.446769 1.215109  0.556551 0.693996 0.456751  0.297613 0.539650 0
0  1.199134 14.783431 0.794594  0.556551 0.693996 0.456751  0.297613 0.539650 0
painted_wood_01
0  1.199134 14.783431 0.794594  0.693885 0.617222 0.370891  0.297613 0.539650 0
0  1.475944 14.446769 0.836982  0.693885 0.617222 0.370891  0.297613 0.539650 0
0  1.331302 14.783431 0.547326  0.693885 0.617222 0.370891  0.297613 0.539650 0
c_invasion_wrangler_laser
0  1.566179 14.301200 0.346992  0.558265 0.812194 0.169355  0.211093 0.380406 0
0  1.888332 14.078052 0.355218  0.558265 0.812194 0.169355  0.210787 0.385093 0
0  1.600974 14.301200 0.232287  0.558265 0.812194 0.169355  0.209501 0.380614 0
c_invasion_wrangler_laser
0  1.600974 14.301200 0.232287  0.840153 0.380387 -0.386587  0.209501 0.380614 0
0  1.923318 13.353199 0.000000  0.840143 0.380415 -0.386580  0.206249 0.393664 0
0  1.623852 14.301200 0.000000  0.840160 0.380363 -0.386594  0.206263 0.380783 0
c_invasion_wrangler_laser
0  1.623852 14.301200 0.000000  0.840156 0.380374 0.386591  0.206263 0.380783 0
0  1.888332 14.078052 -0.355218  0.840158 0.380373 0.386588  0.201715 0.385096 0
0  1.600974 14.301200 -0.232287  0.840164 0.380369 0.386581  0.203023 0.380611 0
c_invasion_wrangler_laser
0  1.600974 14.301200 -0.232287  0.558267 0.812195 -0.169345  0.203023 0.380611 0
0  1.835121 14.078052 -0.530627  0.558267 0.812195 -0.169345  0.199577 0.384879 0
0  1.566179 14.301200 -0.346992  0.558267 0.812195 -0.169345  0.201433 0.380400 0
painted_wood_01
0  1.331302 14.783431 -0.547326  0.693886 0.617222 -0.370890  0.297613 0.539650 0
0  1.273830 14.446769 -1.215109  0.693886 0.617222 -0.370890  0.297613 0.539650 0
0  1.199134 14.783431 -0.794594  0.693886 0.617222 -0.370890  0.297613 0.539650 0
painted_wood_01
0  1.199134 14.783431 -0.794594  0.556552 0.693996 -0.456748  0.297613 0.539650 0
0  1.001832 14.446769 -1.546541  0.556552 0.693996 -0.456748  0.297613 0.539650 0
0  1.021267 14.783431 -1.011326  0.556552 0.693996 -0.456748  0.297613 0.539650 0
painted_wood_01
0  1.021267 14.783431 -1.011326  0.407673 0.766184 -0.496754  0.297613 0.539650 0
0  0.670400 14.446769 -1.818540  0.407673 0.766184 -0.496754  0.297613 0.539650 0
0  0.804534 14.783431 -1.189194  0.407673 0.766184 -0.496754  0.297613 0.539650 0
painted_wood_01
0  0.804534 14.783431 -1.189194  0.266280 0.825178 -0.498173  0.297613 0.539650 0
0  0.292273 14.446769 -2.020653  0.266280 0.825178 -0.498173  0.297613 0.539650 0
0  0.557266 14.783431 -1.321361  0.266280 0.825178 -0.498173  0.297613 0.539650 0
painted_wood_01
0  0.557266 14.783431 -1.321361  0.242833 0.852386 -0.463109  0.297613 0.539650 0
0  0.168027 14.446769 -2.145113  0.242835 0.852388 -0.463105  0.297613 0.539650 0
0  0.288965 14.783431 -1.402750  0.242832 0.852385 -0.463111  0.297613 0.539650 0
painted_wood_01
0  0.288965 14.783431 -1.402750  -0.455333 0.759436 -0.464682  0.297613 0.539650 0
0  0.000000 14.068315 -2.288370  -0.455321 0.759464 -0.464647  0.297613 0.539650 0
0  0.000000 14.783431 -1.430231  -0.455328 0.759448 -0.464667  0.297613 0.539650 0
painted_wood_01
0  1.331302 11.922968 0.547326  0.857634 -0.233070 0.458413  0.297613 0.539650 0
0  1.132601 11.207851 0.555486  0.857634 -0.233070 0.458413  0.297613 0.539650 0
0  1.224997 11.207851 0.382625  0.857634 -0.233070 0.458413  0.297613 0.539650 0
painted_wood_01
0  1.199134 11.922968 -0.794594  0.857634 -0.233070 -0.458413  0.297613 0.539650 0
0  1.224997 11.207851 -0.382625  0.857634 -0.233070 -0.458413  0.297613 0.539650 0
0  1.132601 11.207851 -0.555486  0.857634 -0.233070 -0.458413  0.297613 0.539650 0
gold_player
0  0.000000 11.922968 -1.430231  0.374262 -0.293330 -0.879708  0.000000 0.000000 0
0  0.496318 11.207851 -0.980636  0.374255 -0.293321 -0.879713  0.000000 0.000000 0
0  0.000000 11.207851 -1.287208  0.374257 -0.293323 -0.879712  0.000000 0.000000 0
painted_wood_01
0  1.021267 11.922968 1.011326  0.600534 -0.322333 0.731752  0.297613 0.539650 0
0  0.856743 11.207851 0.831343  0.600534 -0.322333 0.731752  0.297613 0.539650 0
0  1.008257 11.207851 0.706999  0.600534 -0.322333 0.731752  0.297613 0.539650 0
painted_wood_01
0  1.412690 11.922968 -0.279024  0.977056 -0.190005 -0.096231  0.297613 0.539650 0
0  1.301106 11.207851 0.000000  0.977056 -0.190005 -0.096231  0.297613 0.539650 0
0  1.281894 11.207851 -0.195061  0.977056 -0.190005 -0.096231  0.297613 0.539650 0
painted_wood_01
0  0.557266 11.922968 -1.321361  0.436634 -0.376898 -0.816884  0.297613 0.539650 0
0  0.856743 11.207851 -0.831343  0.436634 -0.376898 -0.816884  0.297613 0.539650 0
0  0.683883 11.207851 -0.923739  0.436634 -0.376898 -0.816884  0.297613 0.539650 0
painted_wood_01
0  0.557266 11.922968 1.321361  0.261628 -0.433233 0.862473  0.297613 0.539650 0
0  0.496318 11.207851 0.980636  0.261628 -0.433233 0.862473  0.297613 0.539650 0
0  0.683883 11.207851 0.923739  0.261628 -0.433233 0.862473  0.297613 0.539650 0
painted_wood_01
0  1.412690 11.922968 0.279024  0.936680 -0.204682 0.284139  0.297613 0.539650 0
0  1.224997 11.207851 0.382625  0.936680 -0.204682 0.284139  0.297613 0.539650 0
0  1.281894 11.207851 0.195061  0.936680 -0.204682 0.284139  0.297613 0.539650 0
painted_wood_01
0  1.021267 11.922968 -1.011326  0.743597 -0.273230 -0.610253  0.297613 0.539650 0
0  1.132601 11.207851 -0.555486  0.743597 -0.273230 -0.610253  0.297613 0.539650 0
0  1.008257 11.207851 -0.706999  0.743597 -0.273230 -0.610253  0.297613 0.539650 0
painted_wood_01
0  1.199134 11.922968 0.794594  0.743596 -0.273229 0.610255  0.297613 0.539650 0
0  1.008257 11.207851 0.706999  0.743596 -0.273229 0.610255  0.297613 0.539650 0
0  1.132601 11.207851 0.555486  0.743596 -0.273229 0.610255  0.297613 0.539650 0
painted_wood_01
0  1.331302 11.922968 -0.547326  0.936680 -0.204683 -0.284139  0.297613 0.539650 0
0  1.281894 11.207851 -0.195061  0.936680 -0.204683 -0.284139  0.297613 0.539650 0
0  1.224997 11.207851 -0.382625  0.936680 -0.204683 -0.284139  0.297613 0.539650 0
painted_wood_01
0  0.288965 11.922968 -1.402750  0.261629 -0.433233 -0.862473  0.297613 0.539650 0
0  0.683883 11.207851 -0.923739  0.261629 -0.433233 -0.862473  0.297613 0.539650 0
0  0.496318 11.207851 -0.980636  0.261629 -0.433233 -0.862473  0.297613 0.539650 0
painted_wood_01
0  0.804534 11.922968 1.189194  0.436634 -0.376899 0.816883  0.297613 0.539650 0
0  0.683883 11.207851 0.923739  0.436634 -0.376899 0.816883  0.297613 0.539650 0
0  0.856743 11.207851 0.831343  0.436634 -0.376899 0.816883  0.297613 0.539650 0
painted_wood_01
0  1.440172 11.922968 0.000000  0.977055 -0.190005 0.096232  0.297613 0.539650 0
0  1.281894 11.207851 0.195061  0.977055 -0.190005 0.096232  0.297613 0.539650 0
0  1.301106 11.207851 0.000000  0.977055 -0.190005 0.096232  0.297613 0.539650 0
gold_player
0  0.288965 11.922968 1.402750  0.374267 -0.293367 0.879693  0.000000 0.000000 0
0  0.000000 11.207851 1.287208  0.374265 -0.293370 0.879693  0.000000 0.000000 0
0  0.496318 11.207851 0.980636  0.374265 -0.293370 0.879693  0.000000 0.000000 0
painted_wood_01
0  0.804534 11.922968 -1.189194  0.600533 -0.322331 -0.731753  0.297613 0.539650 0
0  1.008257 11.207851 -0.706999  0.600533 -0.322331 -0.731753  0.297613 0.539650 0
0  0.856743 11.207851 -0.831343  0.600533 -0.322331 -0.731753  0.297613 0.539650 0
painted_wood_01
0  0.856743 11.207851 -0.831343  0.605207 -0.299833 -0.737445  0.297613 0.539650 0
0  0.993847 10.349712 -0.369920  0.605207 -0.299833 -0.737445  0.297613 0.539650 0
0  0.914571 10.349712 -0.434980  0.605207 -0.299833 -0.737445  0.297613 0.539650 0
painted_wood_01
0  1.224997 11.207851 0.382625  0.861104 -0.215997 0.460266  0.297613 0.539650 0
0  1.058907 10.349712 0.290645  0.861104 -0.215997 0.460266  0.297613 0.539650 0
0  1.107251 10.349712 0.200200  0.861104 -0.215997 0.460266  0.297613 0.539650 0
painted_wood_01
0  0.683883 11.207851 -0.923739  0.441296 -0.351602 -0.825611  0.297613 0.539650 0
0  0.914571 10.349712 -0.434980  0.441296 -0.351602 -0.825611  0.297613 0.539650 0
0  0.824126 10.349712 -0.483324  0.441296 -0.351602 -0.825611  0.297613 0.539650 0
painted_wood_01
0  1.281894 11.207851 0.195061  0.939599 -0.189514 0.285024  0.297613 0.539650 0
0  1.107251 10.349712 0.200200  0.939599 -0.189514 0.285024  0.297613 0.539650 0
0  1.137021 10.349712 0.102061  0.939599 -0.189514 0.285024  0.297613 0.539650 0
painted_wood_01
0  0.496318 11.207851 -0.980636  0.265340 -0.405555 -0.874711  0.297613 0.539650 0
0  0.824126 10.349712 -0.483324  0.265340 -0.405555 -0.874711  0.297613 0.539650 0
0  0.725987 10.349712 -0.513094  0.265340 -0.405555 -0.874711  0.297613 0.539650 0
painted_wood_01
0  1.301106 11.207851 0.000000  0.979677 -0.175848 0.096491  0.297613 0.539650 0
0  1.137021 10.349712 0.102061  0.979677 -0.175848 0.096491  0.297613 0.539650 0
0  1.147073 10.349712 0.000000  0.979677 -0.175848 0.096491  0.297613 0.539650 0
gold_player
0  0.496318 11.207851 0.980636  0.596745 -0.196882 0.777903  0.000000 0.000000 0
0  0.000000 10.349712 1.144185  0.596747 -0.196877 0.777902  0.000000 0.000000 0
0  0.725987 10.349712 0.513094  0.596745 -0.196881 0.777903  0.000000 0.000000 0
gold_player
0  0.000000 11.207851 -1.287208  0.596753 -0.196871 -0.777900  0.000000 0.000000 0
0  0.725987 10.349712 -0.513094  0.596754 -0.196872 -0.777898  0.000000 0.000000 0
0  0.000000 10.349712 -1.144185  0.596750 -0.196867 -0.777903  0.000000 0.000000 0
painted_wood_01
0  1.281894 11.207851 -0.195061  0.979677 -0.175849 -0.096491  0.297613 0.539650 0
0  1.147073 10.349712 0.000000  0.979677 -0.175849 -0.096491  0.297613 0.539650 0
0  1.137021 10.349712 -0.102061  0.979677 -0.175849 -0.096491  0.297613 0.539650 0
painted_wood_01
0  0.683883 11.207851 0.923739  0.265340 -0.405556 0.874711  0.297613 0.539650 0
0  0.725987 10.349712 0.513094  0.265340 -0.405556 0.874711  0.297613 0.539650 0
0  0.824126 10.349712 0.483324  0.265340 -0.405556 0.874711  0.297613 0.539650 0
painted_wood_01
0  1.224997 11.207851 -0.382625  0.939599 -0.189515 -0.285024  0.297613 0.539650 0
0  1.137021 10.349712 -0.102061  0.939599 -0.189515 -0.285024  0.297613 0.539650 0
0  1.107251 10.349712 -0.200200  0.939599 -0.189515 -0.285024  0.297613 0.539650 0
painted_wood_01
0  0.856743 11.207851 0.831343  0.441296 -0.351601 0.825612  0.297613 0.539650 0
0  0.824126 10.349712 0.483324  0.441296 -0.351601 0.825612  0.297613 0.539650 0
0  0.914571 10.349712 0.434980  0.441296 -0.351601 0.825612  0.297613 0.539650 0
painted_wood_01
0  1.132601 11.207851 -0.555486  0.861104 -0.215997 -0.460266  0.297613 0.539650 0
0  1.107251 10.349712 -0.200200  0.861104 -0.215997 -0.460266  0.297613 0.539650 0
0  1.058907 10.349712 -0.290645  0.861104 -0.215997 -0.460266  0.297613 0.539650 0
painted_wood_01
0  1.008257 11.207851 0.706999  0.605208 -0.299833 0.737444  0.297613 0.539650 0
0  0.914571 10.349712 0.434980  0.605208 -0.299833 0.737444  0.297613 0.539650 0
0  0.993847 10.349712 0.369920  0.605208 -0.299833 0.737444  0.297613 0.539650 0
painted_wood_01
0  1.008257 11.207851 -0.706999  0.747739 -0.253601 -0.613655  0.297613 0.539650 0
0  1.058907 10.349712 -0.290645  0.747739 -0.253601 -0.613655  0.297613 0.539650 0
0  0.993847 10.349712 -0.369920  0.747739 -0.253601 -0.613655  0.297613 0.539650 0
painted_wood_01
0  1.132601 11.207851 0.555486  0.747738 -0.253601 0.613656  0.297613 0.539650 0
0  0.993847 10.349712 0.369920  0.747738 -0.253601 0.613656  0.297613 0.539650 0
0  1.058907 10.349712 0.290645  0.747738 -0.253601 0.613656  0.297613 0.539650 0
painted_wood_01
0  0.824126 10.349712 0.483324  0.269139 -0.374658 0.887240  0.297613 0.539650 0
0  0.900303 9.634595 0.158238  0.269139 -0.374658 0.887240  0.297613 0.539650 0
0  0.930568 9.634595 0.149057  0.269139 -0.374658 0.887240  0.297613 0.539650 0
painted_wood_01
0  1.107251 10.349712 -0.200200  0.942494 -0.173133 -0.285885  0.297613 0.539650 0
0  1.027064 9.634595 -0.031476  0.942494 -0.173133 -0.285885  0.297613 0.539650 0
0  1.017884 9.634595 -0.061741  0.942494 -0.173133 -0.285885  0.297613 0.539650 0
painted_wood_01
0  0.914571 10.349712 0.434980  0.446025 -0.323657 0.834450  0.297613 0.539650 0
0  0.930568 9.634595 0.149057  0.446025 -0.323657 0.834450  0.297613 0.539650 0
0  0.958461 9.634595 0.134147  0.446025 -0.323657 0.834450  0.297613 0.539650 0
painted_wood_01
0  1.058907 10.349712 -0.290645  0.864546 -0.197515 -0.462113  0.297613 0.539650 0
0  1.017884 9.634595 -0.061741  0.864546 -0.197515 -0.462113  0.297613 0.539650 0
0  1.002975 9.634595 -0.089634  0.864546 -0.197515 -0.462113  0.297613 0.539650 0
painted_wood_01
0  0.993847 10.349712 0.369920  0.609895 -0.275200 0.743164  0.297613 0.539650 0
0  0.958461 9.634595 0.134147  0.609895 -0.275200 0.743164  0.297613 0.539650 0
0  0.982910 9.634595 0.114083  0.609895 -0.275200 0.743164  0.297613 0.539650 0
painted_wood_01
0  0.993847 10.349712 -0.369920  0.751875 -0.232250 -0.617045  0.297613 0.539650 0
0  1.002975 9.634595 -0.089634  0.751875 -0.232250 -0.617045  0.297613 0.539650 0
0  0.982910 9.634595 -0.114083  0.751875 -0.232250 -0.617045  0.297613 0.539650 0
painted_wood_01
0  1.058907 10.349712 0.290645  0.751876 -0.232251 0.617043  0.297613 0.539650 0
0  0.982910 9.634595 0.114083  0.751876 -0.232251 0.617043  0.297613 0.539650 0
0  1.002975 9.634595 0.089634  0.751876 -0.232251 0.617043  0.297613 0.539650 0
painted_wood_01
0  0.914571 10.349712 -0.434980  0.609892 -0.275202 -0.743165  0.297613 0.539650 0
0  0.982910 9.634595 -0.114083  0.609892 -0.275202 -0.743165  0.297613 0.539650 0
0  0.958461 9.634595 -0.134147  0.609892 -0.275202 -0.743165  0.297613 0.539650 0
painted_wood_01
0  1.107251 10.349712 0.200200  0.864547 -0.197514 0.462111  0.297613 0.539650 0
0  1.002975 9.634595 0.089634  0.864547 -0.197514 0.462111  0.297613 0.539650 0
0  1.017884 9.634595 0.061741  0.864547 -0.197514 0.462111  0.297613 0.539650 0
painted_wood_01
0  0.824126 10.349712 -0.483324  0.446027 -0.323662 -0.834447  0.297613 0.539650 0
0  0.958461 9.634595 -0.134147  0.446027 -0.323662 -0.834447  0.297613 0.539650 0
0  0.930568 9.634595 -0.149057  0.446027 -0.323662 -0.834447  0.297613 0.539650 0
painted_wood_01
0  1.137021 10.349712 0.102061  0.942492 -0.173136 0.285889  0.297613 0.539650 0
0  1.017884 9.634595 0.061741  0.942492 -0.173136 0.285889  0.297613 0.539650 0
0  1.027064 9.634595 0.031476  0.942492 -0.173136 0.285889  0.297613 0.539650 0
painted_wood_01
0  0.725987 10.349712 -0.513094  0.269141 -0.374664 -0.887237  0.297613 0.539650 0
0  0.930568 9.634595 -0.149057  0.269141 -0.374664 -0.887237  0.297613 0.539650 0
0  0.900303 9.634595 -0.158238  0.269141 -0.374664 -0.887237  0.297613 0.539650 0
painted_wood_01
0  1.147073 10.349712 0.000000  0.982269 -0.160582 0.096756  0.297613 0.539650 0
0  1.027064 9.634595 0.031476  0.982269 -0.160582 0.096756  0.297613 0.539650 0
0  1.030165 9.634595 0.000000  0.982269 -0.160582 0.096756  0.297613 0.539650 0
gold_player
0  0.725987 10.349712 0.513094  0.661396 -0.173423 0.729712  0.000000 0.000000 0
0  0.000000 9.634596 1.001162  0.661397 -0.173422 0.729711  0.000000 0.000000 0
0  0.900303 9.634595 0.158238  0.661398 -0.173421 0.729711  0.000000 0.000000 0
gold_player
0  0.000000 10.349712 -1.144185  0.661403 -0.173394 -0.729713  0.000000 0.000000 0
0  0.900303 9.634595 -0.158238  0.661403 -0.173394 -0.729713  0.000000 0.000000 0
0  0.000000 9.634596 -1.001162  0.661402 -0.173393 -0.729714  0.000000 0.000000 0
painted_wood_01
0  1.137021 10.349712 -0.102061  0.982268 -0.160584 -0.096756  0.297613 0.539650 0
0  1.030165 9.634595 0.000000  0.982268 -0.160584 -0.096756  0.297613 0.539650 0
0  1.027064 9.634595 -0.031476  0.982268 -0.160584 -0.096756  0.297613 0.539650 0
c_invasion_wrangler_laser
0  1.566179 12.405197 0.346992  0.813284 -0.581415 -0.022941  0.211058 0.406925 0
0  1.475944 12.259628 0.836982  0.813287 -0.581410 -0.022957  0.217968 0.408427 0
0  1.331302 11.922968 0.547326  0.813287 -0.581410 -0.022956  0.214222 0.414103 0
c_invasion_wrangler_laser
0  1.566179 14.301200 0.346992  0.904479 0.326556 0.274369  0.211093 0.380406 0
0  1.412690 14.783431 0.279024  0.904479 0.326556 0.274369  0.210276 0.373453 0
0  1.331302 14.783431 0.547326  0.904479 0.326556 0.274369  0.214281 0.373229 0
c_invasion_wrangler_laser
0  1.600974 12.405197 0.232287  0.904479 -0.326557 0.274369  0.209468 0.406710 0
0  1.331302 11.922968 0.547326  0.904479 -0.326557 0.274369  0.214222 0.414103 0
0  1.412690 11.922968 0.279024  0.904479 -0.326557 0.274369  0.210183 0.413846 0
c_invasion_wrangler_laser
0  1.600974 14.301200 0.232287  0.930571 0.354452 0.091657  0.209501 0.380614 0
0  1.440172 14.783431 0.000000  0.930571 0.354452 0.091657  0.206268 0.373524 0
0  1.412690 14.783431 0.279024  0.930571 0.354452 0.091657  0.210276 0.373453 0
c_invasion_wrangler_laser
0  1.623852 12.405197 0.000000  0.930571 -0.354453 0.091654  0.206236 0.406536 0
0  1.412690 11.922968 0.279024  0.930571 -0.354453 0.091654  0.210183 0.413846 0
0  1.440172 11.922968 0.000000  0.930571 -0.354453 0.091654  0.206233 0.413755 0
c_invasion_wrangler_laser
0  1.623852 14.301200 0.000000  0.930572 0.354451 -0.091654  0.206263 0.380783 0
0  1.412690 14.783431 -0.279024  0.930572 0.354451 -0.091654  0.202261 0.373451 0
0  1.440172 14.783431 0.000000  0.930572 0.354451 -0.091654  0.206268 0.373524 0
c_invasion_wrangler_laser
0  1.600974 12.405197 -0.232287  0.930571 -0.354453 -0.091654  0.203006 0.406708 0
0  1.440172 11.922968 0.000000  0.930571 -0.354453 -0.091654  0.206233 0.413755 0
0  1.412690 11.922968 -0.279024  0.930571 -0.354453 -0.091654  0.202281 0.413847 0
c_invasion_wrangler_laser
0  1.600974 14.301200 -0.232287  0.904479 0.326556 -0.274369  0.203023 0.380611 0
0  1.331302 14.783431 -0.547326  0.904479 0.326556 -0.274369  0.198260 0.373224 0
0  1.412690 14.783431 -0.279024  0.904479 0.326556 -0.274369  0.202261 0.373451 0
c_invasion_wrangler_laser
0  1.566179 12.405197 -0.346992  0.904478 -0.326557 -0.274371  0.201414 0.406920 0
0  1.412690 11.922968 -0.279024  0.904478 -0.326557 -0.274371  0.202281 0.413847 0
0  1.331302 11.922968 -0.547326  0.904478 -0.326557 -0.274371  0.198233 0.414103 0
c_invasion_wrangler_laser
0  1.566179 14.301200 -0.346992  0.813285 0.581413 0.022941  0.201433 0.380400 0
0  1.475944 14.446769 -0.836982  0.813288 0.581409 0.022956  0.194520 0.378905 0
0  1.331302 14.783431 -0.547326  0.813287 0.581409 0.022955  0.198260 0.373224 0
painted_wood_01
0  0.168027 13.353199 2.145113  0.648788 0.000000 0.760969  0.297613 0.539650 0
0  0.000000 12.638083 2.288370  0.648788 0.000000 0.760969  0.297613 0.539650 0
0  0.168027 12.259628 2.145113  0.648788 0.000000 0.760969  0.297613 0.539650 0
painted_wood_01
0  0.292273 13.353199 2.020653  0.707718 0.000000 0.706495  0.297613 0.539650 0
0  0.168027 12.259628 2.145113  0.707718 0.000000 0.706495  0.297613 0.539650 0
0  0.292273 12.259628 2.020653  0.707718 0.000000 0.706495  0.297613 0.539650 0
painted_wood_01
0  0.670400 13.353199 1.818539  0.471398 -0.000000 0.881921  0.297613 0.539650 0
0  0.292273 12.259628 2.020653  0.471398 -0.000000 0.881921  0.297613 0.539650 0
0  0.670400 12.259628 1.818539  0.471398 -0.000000 0.881921  0.297613 0.539650 0
painted_wood_01
0  1.001832 13.353199 1.546541  0.634393 -0.000000 0.773010  0.297613 0.539650 0
0  0.670400 12.259628 1.818539  0.634393 -0.000000 0.773010  0.297613 0.539650 0
0  1.001832 12.259628 1.546540  0.634393 -0.000000 0.773010  0.297613 0.539650 0
painted_wood_01
0  1.273830 13.353199 1.215109  0.773011 0.000000 0.634393  0.297613 0.539650 0
0  1.001832 12.259628 1.546540  0.773011 0.000000 0.634393  0.297613 0.539650 0
0  1.273830 12.259628 1.215109  0.773011 0.000000 0.634393  0.297613 0.539650 0
painted_wood_01
0  1.475944 13.353199 0.836982  0.881921 0.000000 0.471397  0.297613 0.539650 0
0  1.273830 12.259628 1.215109  0.881921 0.000000 0.471397  0.297613 0.539650 0
0  1.475944 12.259628 0.836982  0.881921 0.000000 0.471397  0.297613 0.539650 0
c_invasion_wrangler_laser
0  1.888332 13.353199 0.355218  0.956939 0.000000 0.290288  0.210922 0.393693 0
0  1.835121 12.628347 0.530627  0.956939 0.000000 0.290288  0.212918 0.402449 0
0  1.888332 12.628347 0.355218  0.956939 0.000000 0.290288  0.210781 0.402231 0
c_invasion_wrangler_laser
0  1.923318 13.353199 0.000000  0.995185 -0.000000 0.098017  0.206249 0.393664 0
0  1.888332 13.353199 0.355218  0.995185 -0.000000 0.098017  0.210922 0.393693 0
0  1.888332 12.628347 0.355218  0.995185 -0.000000 0.098017  0.210781 0.402231 0
c_invasion_wrangler_laser
0  1.888332 13.353199 -0.355218  0.995185 0.000000 -0.098017  0.201576 0.393635 0
0  1.923318 13.353199 0.000000  0.995185 0.000000 -0.098017  0.206249 0.393664 0
0  1.888332 12.628347 -0.355218  0.995185 0.000000 -0.098017  0.201715 0.402234 0
c_invasion_wrangler_laser
0  1.835121 13.353199 -0.530627  0.956939 0.000000 -0.290288  0.199249 0.393632 0
0  1.888332 12.628347 -0.355218  0.956939 0.000000 -0.290288  0.201715 0.402234 0
0  1.835121 12.628347 -0.530627  0.956939 0.000000 -0.290288  0.199556 0.402423 0
c_invasion_wrangler_laser
0  1.475944 13.353199 0.836982  0.648944 0.000000 0.760836  0.219614 0.393704 0
0  1.835121 14.078052 0.530627  0.648944 0.000000 0.760836  0.212946 0.384905 0
0  1.475944 14.446769 0.836982  0.648944 0.000000 0.760836  0.218027 0.378925 0
painted_wood_01
0  1.273830 13.353199 -1.215109  0.881921 0.000000 -0.471397  0.297613 0.539650 0
0  1.475944 12.259628 -0.836982  0.881921 0.000000 -0.471397  0.297613 0.539650 0
0  1.273830 12.259628 -1.215109  0.881921 0.000000 -0.471397  0.297613 0.539650 0
painted_wood_01
0  1.001832 13.353199 -1.546541  0.773011 -0.000000 -0.634393  0.297613 0.539650 0
0  1.273830 12.259628 -1.215109  0.773011 -0.000000 -0.634393  0.297613 0.539650 0
0  1.001832 12.259628 -1.546540  0.773011 -0.000000 -0.634393  0.297613 0.539650 0
painted_wood_01
0  0.670400 13.353199 -1.818539  0.634393 -0.000000 -0.773011  0.297613 0.539650 0
0  1.001832 12.259628 -1.546540  0.634393 -0.000000 -0.773011  0.297613 0.539650 0
0  0.670400 12.259628 -1.818539  0.634393 -0.000000 -0.773011  0.297613 0.539650 0
painted_wood_01
0  0.292273 13.353199 -2.020653  0.471398 0.000000 -0.881921  0.297613 0.539650 0
0  0.670400 12.259628 -1.818539  0.471398 0.000000 -0.881921  0.297613 0.539650 0
0  0.292273 12.259628 -2.020653  0.471398 0.000000 -0.881921  0.297613 0.539650 0
painted_wood_01
0  0.168027 13.353199 -2.145113  0.707717 0.000000 -0.706496  0.297613 0.539650 0
0  0.292273 12.259628 -2.020653  0.707717 0.000000 -0.706496  0.297613 0.539650 0
0  0.168027 12.259628 -2.145113  0.707717 0.000000 -0.706496  0.297613 0.539650 0
painted_wood_01
0  0.000000 13.353199 -2.288370  0.648789 0.000000 -0.760968  0.297613 0.539650 0
0  0.168027 12.259628 -2.145113  0.648789 0.000000 -0.760968  0.297613 0.539650 0
0  0.000000 12.638083 -2.288370  0.648789 0.000000 -0.760968  0.297613 0.539650 0
c_invasion_wrangler_laser
0  1.475944 13.353199 -0.836982  0.648944 0.000000 -0.760836  0.192884 0.393629 0
0  1.835121 12.628347 -0.530627  0.648944 0.000000 -0.760836  0.199556 0.402423 0
0  1.475944 12.259628 -0.836982  0.648944 0.000000 -0.760836  0.194479 0.408409 0
painted_wood_01
0  0.168027 14.446769 2.145113  0.648789 0.000000 0.760969  0.297613 0.539650 0
0  0.000000 13.353199 2.288370  0.648789 0.000000 0.760969  0.297613 0.539650 0
0  0.168027 13.353199 2.145113  0.648789 0.000000 0.760969  0.297613 0.539650 0
painted_wood_01
0  0.670400 12.259628 -1.818539  0.407672 -0.766187 -0.496750  0.297613 0.539650 0
0  1.021267 11.922968 -1.011326  0.407672 -0.766187 -0.496750  0.297613 0.539650 0
0  0.804534 11.922968 -1.189194  0.407672 -0.766187 -0.496750  0.297613 0.539650 0
painted_wood_01
0  0.292273 14.446769 2.020653  0.707716 0.000000 0.706497  0.297613 0.539650 0
0  0.168027 13.353199 2.145113  0.707716 0.000000 0.706497  0.297613 0.539650 0
0  0.292273 13.353199 2.020653  0.707716 0.000000 0.706497  0.297613 0.539650 0
painted_wood_01
0  0.168027 12.259628 2.145113  -0.455343 -0.759454 0.464642  0.297613 0.539650 0
0  0.000000 11.922968 1.430231  -0.455336 -0.759441 0.464669  0.297613 0.539650 0
0  0.288965 11.922968 1.402750  -0.455333 -0.759434 0.464685  0.297613 0.539650 0
painted_wood_01
0  0.670400 14.446769 1.818540  0.471398 -0.000000 0.881921  0.297613 0.539650 0
0  0.292273 13.353199 2.020653  0.471398 -0.000000 0.881921  0.297613 0.539650 0
0  0.670400 13.353199 1.818539  0.471398 -0.000000 0.881921  0.297613 0.539650 0
painted_wood_01
0  0.292273 12.259628 2.020653  0.242836 -0.852378 0.463122  0.297613 0.539650 0
0  0.288965 11.922968 1.402750  0.242836 -0.852384 0.463111  0.297613 0.539650 0
0  0.557266 11.922968 1.321361  0.242836 -0.852384 0.463112  0.297613 0.539650 0
painted_wood_01
0  0.670400 12.259628 1.818539  0.266279 -0.825179 0.498172  0.297613 0.539650 0
0  0.557266 11.922968 1.321361  0.266279 -0.825179 0.498172  0.297613 0.539650 0
0  0.804534 11.922968 1.189194  0.266279 -0.825179 0.498172  0.297613 0.539650 0
painted_wood_01
0  1.273830 14.446769 1.215109  0.773010 0.000000 0.634393  0.297613 0.539650 0
0  1.001832 13.353199 1.546541  0.773010 0.000000 0.634393  0.297613 0.539650 0
0  1.273830 13.353199 1.215109  0.773010 0.000000 0.634393  0.297613 0.539650 0
painted_wood_01
0  1.001832 12.259628 1.546540  0.407674 -0.766188 0.496748  0.297613 0.539650 0
0  0.804534 11.922968 1.189194  0.407674 -0.766188 0.496748  0.297613 0.539650 0
0  1.021267 11.922968 1.011326  0.407674 -0.766188 0.496748  0.297613 0.539650 0
painted_wood_01
0  1.273830 12.259628 1.215109  0.556551 -0.693998 0.456748  0.297613 0.539650 0
0  1.021267 11.922968 1.011326  0.556551 -0.693998 0.456748  0.297613 0.539650 0
0  1.199134 11.922968 0.794594  0.556551 -0.693998 0.456748  0.297613 0.539650 0
c_invasion_wrangler_laser
0  1.888332 14.078052 0.355218  0.956939 0.000000 0.290288  0.210787 0.385093 0
0  1.835121 13.353199 0.530627  0.956939 0.000000 0.290288  0.213249 0.393697 0
0  1.888332 13.353199 0.355218  0.956939 0.000000 0.290288  0.210922 0.393693 0
painted_wood_01
0  1.475944 12.259628 0.836982  0.693884 -0.617224 0.370889  0.297613 0.539650 0
0  1.199134 11.922968 0.794594  0.693884 -0.617224 0.370889  0.297613 0.539650 0
0  1.331302 11.922968 0.547326  0.693884 -0.617224 0.370889  0.297613 0.539650 0
c_invasion_wrangler_laser
0  1.888332 12.628347 0.355218  0.558268 -0.812192 0.169352  0.210781 0.402231 0
0  1.566179 12.405197 0.346992  0.558268 -0.812192 0.169352  0.211058 0.406925 0
0  1.600974 12.405197 0.232287  0.558268 -0.812192 0.169352  0.209468 0.406710 0
c_invasion_wrangler_laser
0  1.888332 14.078052 -0.355218  0.995185 0.000000 -0.098018  0.201715 0.385096 0
0  1.923318 13.353199 0.000000  0.995185 0.000000 -0.098018  0.206249 0.393664 0
0  1.888332 13.353199 -0.355218  0.995185 0.000000 -0.098018  0.201576 0.393635 0
c_invasion_wrangler_laser
0  1.835121 14.078052 -0.530627  0.956939 0.000000 -0.290288  0.199577 0.384879 0
0  1.888332 13.353199 -0.355218  0.956939 0.000000 -0.290288  0.201576 0.393635 0
0  1.835121 13.353199 -0.530627  0.956939 0.000000 -0.290288  0.199249 0.393632 0
c_invasion_wrangler_laser
0  1.888332 12.628347 -0.355218  0.840164 -0.380366 0.386583  0.201715 0.402234 0
0  1.623852 12.405197 0.000000  0.840145 -0.380381 0.386608  0.206236 0.406536 0
0  1.600974 12.405197 -0.232287  0.840160 -0.380370 0.386588  0.203006 0.406708 0
painted_wood_01
0  1.273830 14.446769 -1.215109  0.881921 0.000000 -0.471398  0.297613 0.539650 0
0  1.475944 13.353199 -0.836982  0.881921 0.000000 -0.471398  0.297613 0.539650 0
0  1.273830 13.353199 -1.215109  0.881921 0.000000 -0.471398  0.297613 0.539650 0
painted_wood_01
0  1.001832 14.446769 -1.546541  0.773011 -0.000000 -0.634393  0.297613 0.539650 0
0  1.273830 13.353199 -1.215109  0.773011 -0.000000 -0.634393  0.297613 0.539650 0
0  1.001832 13.353199 -1.546541  0.773011 -0.000000 -0.634393  0.297613 0.539650 0
painted_wood_01
0  1.001832 14.446769 1.546541  0.634392 -0.000000 0.773011  0.297613 0.539650 0
0  0.670400 13.353199 1.818539  0.634392 -0.000000 0.773011  0.297613 0.539650 0
0  1.001832 13.353199 1.546541  0.634392 -0.000000 0.773011  0.297613 0.539650 0
c_invasion_wrangler_laser
0  1.475944 14.446769 0.836982  0.813289 0.581407 -0.022964  0.218027 0.378925 0
0  1.566179 14.301200 0.346992  0.813289 0.581406 -0.022965  0.211093 0.380406 0
0  1.331302 14.783431 0.547326  0.813288 0.581409 -0.022957  0.214281 0.373229 0
painted_wood_01
0  0.670400 14.446769 -1.818540  0.634393 -0.000000 -0.773011  0.297613 0.539650 0
0  1.001832 13.353199 -1.546541  0.634393 -0.000000 -0.773011  0.297613 0.539650 0
0  0.670400 13.353199 -1.818539  0.634393 -0.000000 -0.773011  0.297613 0.539650 0
painted_wood_01
0  1.273830 12.259628 -1.215109  0.693884 -0.617224 -0.370889  0.297613 0.539650 0
0  1.331302 11.922968 -0.547326  0.693884 -0.617224 -0.370889  0.297613 0.539650 0
0  1.199134 11.922968 -0.794594  0.693884 -0.617224 -0.370889  0.297613 0.539650 0
painted_wood_01
0  1.001832 12.259628 -1.546540  0.556549 -0.693997 -0.456750  0.297613 0.539650 0
0  1.199134 11.922968 -0.794594  0.556549 -0.693997 -0.456750  0.297613 0.539650 0
0  1.021267 11.922968 -1.011326  0.556549 -0.693997 -0.456750  0.297613 0.539650 0
painted_wood_01
0  0.168027 14.446769 -2.145113  0.707716 0.000000 -0.706497  0.297613 0.539650 0
0  0.292273 13.353199 -2.020653  0.707716 0.000000 -0.706497  0.297613 0.539650 0
0  0.168027 13.353199 -2.145113  0.707716 0.000000 -0.706497  0.297613 0.539650 0
painted_wood_01
0  0.000000 14.068315 -2.288370  0.648790 0.000000 -0.760968  0.297613 0.539650 0
0  0.168027 13.353199 -2.145113  0.648790 0.000000 -0.760968  0.297613 0.539650 0
0  0.000000 13.353199 -2.288370  0.648790 0.000000 -0.760968  0.297613 0.539650 0
painted_wood_01
0  0.292273 12.259628 -2.020653  0.266279 -0.825179 -0.498172  0.297613 0.539650 0
0  0.804534 11.922968 -1.189194  0.266279 -0.825179 -0.498172  0.297613 0.539650 0
0  0.557266 11.922968 -1.321361  0.266279 -0.825179 -0.498172  0.297613 0.539650 0
painted_wood_01
0  0.168027 12.259628 -2.145113  0.242832 -0.852387 -0.463107  0.297613 0.539650 0
0  0.557266 11.922968 -1.321361  0.242834 -0.852389 -0.463104  0.297613 0.539650 0
0  0.288965 11.922968 -1.402750  0.242831 -0.852386 -0.463110  0.297613 0.539650 0
c_invasion_wrangler_laser
0  1.835121 12.628347 -0.530627  0.558269 -0.812192 -0.169352  0.199556 0.402423 0
0  1.600974 12.405197 -0.232287  0.558269 -0.812192 -0.169352  0.203006 0.406708 0
0  1.566179 12.405197 -0.346992  0.558269 -0.812192 -0.169352  0.201414 0.406920 0
painted_wood_01
0  0.000000 12.638083 -2.288370  -0.455339 -0.759420 -0.464701  0.297613 0.539650 0
0  0.288965 11.922968 -1.402750  -0.455328 -0.759449 -0.464666  0.297613 0.539650 0
0  0.000000 11.922968 -1.430231  -0.455322 -0.759463 -0.464648  0.297613 0.539650 0
c_invasion_wrangler_laser
0  1.475944 12.259628 -0.836982  0.813288 -0.581408 0.022964  0.194479 0.408409 0
0  1.566179 12.405197 -0.346992  0.813288 -0.581408 0.022964  0.201414 0.406920 0
0  1.331302 11.922968 -0.547326  0.813287 -0.581410 0.022957  0.198233 0.414103 0
painted_wood_01
0  1.475944 14.446769 0.836982  0.881921 0.000000 0.471398  0.297613 0.539650 0
0  1.273830 13.353199 1.215109  0.881921 0.000000 0.471398  0.297613 0.539650 0
0  1.475944 13.353199 0.836982  0.881921 0.000000 0.471398  0.297613 0.539650 0
painted_wood_01
0  0.292273 14.446769 -2.020653  0.471397 0.000000 -0.881921  0.297613 0.539650 0
0  0.670400 13.353199 -1.818539  0.471397 0.000000 -0.881921  0.297613 0.539650 0
0  0.292273 13.353199 -2.020653  0.471397 0.000000 -0.881921  0.297613 0.539650 0
c_invasion_wrangler_laser
0  1.475944 12.259628 0.836982  0.648944 0.000000 0.760836  0.217968 0.408427 0
0  1.835121 13.353199 0.530627  0.648944 0.000000 0.760836  0.213249 0.393697 0
0  1.475944 13.353199 0.836982  0.648944 0.000000 0.760836  0.219614 0.393704 0
c_invasion_wrangler_laser
0  1.888332 12.628347 0.355218  0.840156 -0.380353 -0.386612  0.210781 0.402231 0
0  1.623852 12.405197 0.000000  0.840160 -0.380350 -0.386608  0.206236 0.406536 0
0  1.923318 13.353199 0.000000  0.840158 -0.380352 -0.386611  0.206249 0.393664 0
c_invasion_wrangler_laser
0  1.923318 13.353199 0.000000  0.995185 0.000000 0.098018  0.206249 0.393664 0
0  1.888332 14.078052 0.355218  0.995185 0.000000 0.098018  0.210787 0.385093 0
0  1.888332 13.353199 0.355218  0.995185 0.000000 0.098018  0.210922 0.393693 0
c_invasion_wrangler_laser
0  1.475944 14.446769 -0.836982  0.648944 0.000000 -0.760837  0.194520 0.378905 0
0  1.835121 13.353199 -0.530627  0.648944 0.000000 -0.760837  0.199249 0.393632 0
0  1.475944 13.353199 -0.836982  0.648944 0.000000 -0.760837  0.192884 0.393629 0
gold_player
0  1.331302 11.922968 -0.547326  1.000000 -0.000000 0.000000  0.000000 0.000000 0
0  1.331302 14.783431 0.547326  1.000000 -0.000000 0.000000  0.000000 0.000000 0
0  1.331302 11.922968 0.547326  1.000000 -0.000000 0.000000  0.000000 0.000000 0
c_invasion_wrangler_laser
0  1.331302 14.783431 0.547326  0.951371 0.107735 0.288593  0.214281 0.373229 0
0  1.327384 15.683431 0.224263  0.951371 0.107735 0.288593  0.209269 0.361047 0
0  1.261969 15.683431 0.439907  0.951371 0.107735 0.288593  0.212342 0.360527 0
gold_player
0  1.412690 11.922968 -0.279024  0.000000 1.000000 0.000000  0.000000 0.000000 0
0  1.331302 11.922968 0.547326  0.000000 1.000000 0.000000  0.000000 0.000000 0
0  1.412690 11.922968 0.279024  0.000000 1.000000 0.000000  0.000000 0.000000 0
gold_player
0  1.331302 14.783431 0.547326  0.894658 0.000000 -0.446753  0.000000 0.000000 0
0  1.475944 14.446769 0.836982  0.894658 0.000000 -0.446753  0.000000 0.000000 0
0  1.475944 13.353199 0.836982  0.894658 0.000000 -0.446753  0.000000 0.000000 0
gold_player
0  1.331302 11.922968 -0.547326  0.894658 0.000000 0.446752  0.000000 0.000000 0
0  1.475944 12.259628 -0.836982  0.894658 0.000000 0.446752  0.000000 0.000000 0
0  1.475944 13.353199 -0.836982  0.894658 0.000000 0.446752  0.000000 0.000000 0
c_invasion_wrangler_laser
0  0.000000 13.667849 -5.391972  0.860950 0.049861 -0.506240  0.175150 0.370364 0
0  0.548739 14.537707 -4.373072  0.860950 0.049861 -0.506240  0.170036 0.390333 0
0  0.548739 13.667849 -4.458746  0.860950 0.049861 -0.506240  0.163204 0.380109 0
c_invasion_wrangler_laser
0  0.000000 14.719771 -5.288366  0.860950 0.147665 -0.486786  0.183671 0.383079 0
0  0.548739 15.374139 -4.119344  0.860950 0.147665 -0.486786  0.174684 0.401747 0
0  0.548739 14.537707 -4.373072  0.860950 0.147665 -0.486786  0.170036 0.390333 0
c_invasion_wrangler_laser
0  0.000000 15.731267 -4.981533  0.860950 0.239795 -0.448624  0.189489 0.397229 0
0  0.548739 16.144997 -3.707312  0.860950 0.239795 -0.448624  0.177142 0.413872 0
0  0.548739 15.374139 -4.119344  0.860950 0.239795 -0.448624  0.174684 0.401747 0
c_invasion_wrangler_laser
0  0.000000 16.663467 -4.483261  0.860950 0.322710 -0.393222  0.192584 0.412242 0
0  0.548739 16.820660 -3.152809  0.860950 0.322710 -0.393222  0.177328 0.426351 0
0  0.548739 16.144997 -3.707312  0.860950 0.322710 -0.393222  0.177142 0.413872 0
c_invasion_wrangler_laser
0  0.000000 17.480549 -3.812699  0.860950 0.393223 -0.322710  0.192844 0.427506 0
0  0.548739 17.375164 -2.477146  0.860950 0.393223 -0.322710  0.175322 0.438573 0
0  0.548739 16.820660 -3.152809  0.860950 0.393223 -0.322710  0.177328 0.426351 0
c_invasion_wrangler_laser
0  0.000000 18.151112 -2.995618  0.860950 0.448626 -0.239793  0.190351 0.442547 0
0  0.548739 17.787193 -1.706289  0.860950 0.448626 -0.239793  0.171090 0.450196 0
0  0.548739 17.375164 -2.477146  0.860950 0.448626 -0.239793  0.175322 0.438573 0
c_invasion_wrangler_laser
0  0.000000 18.649384 -2.063420  0.860950 0.486785 -0.147665  0.185133 0.457033 0
0  0.548739 18.040920 -0.869859  0.860950 0.486785 -0.147665  0.164611 0.460825 0
0  0.548739 17.787193 -1.706289  0.860950 0.486785 -0.147665  0.171090 0.450196 0
c_invasion_wrangler_laser
0  0.000000 18.956215 -1.051922  0.860950 0.506240 -0.049861  0.177134 0.470381 0
0  0.548739 18.126595 0.000000  0.860950 0.506240 -0.049861  0.156101 0.470048 0
0  0.548739 18.040920 -0.869859  0.860950 0.506240 -0.049861  0.164611 0.460825 0
c_invasion_wrangler_laser
0  0.000000 19.059822 0.000000  0.860950 0.506240 0.049859  0.166348 0.481929 0
0  0.548739 18.040920 0.869859  0.860950 0.506240 0.049859  0.145703 0.477132 0
0  0.548739 18.126595 0.000000  0.860950 0.506240 0.049859  0.156101 0.470048 0
c_invasion_wrangler_laser
0  0.000000 18.956215 1.051922  0.860950 0.486786 0.147665  0.153321 0.490970 0
0  0.548739 17.787193 1.706289  0.860950 0.486786 0.147665  0.134211 0.481969 0
0  0.548739 18.040920 0.869859  0.860950 0.486786 0.147665  0.145703 0.477132 0
c_invasion_wrangler_laser
0  0.000000 18.649384 2.063420  0.860950 0.448624 0.239794  0.138857 0.496943 0
0  0.548739 17.375164 2.477146  0.860950 0.448624 0.239794  0.122093 0.484403 0
0  0.548739 17.787193 1.706289  0.860950 0.448624 0.239794  0.134211 0.481969 0
c_invasion_wrangler_laser
0  0.000000 18.151112 2.995618  0.860950 0.393222 0.322710  0.123626 0.499897 0
0  0.548739 16.820660 3.152809  0.860950 0.393222 0.322710  0.109757 0.484444 0
0  0.548739 17.375164 2.477146  0.860950 0.393222 0.322710  0.122093 0.484403 0
c_invasion_wrangler_laser
0  0.000000 17.480549 3.812699  0.860949 0.322710 0.393224  0.108216 0.499897 0
0  0.548739 16.144997 3.707312  0.860949 0.322710 0.393224  0.097677 0.481981 0
0  0.548739 16.820660 3.152809  0.860949 0.322710 0.393224  0.109757 0.484444 0
c_invasion_wrangler_laser
0  0.000000 16.663467 4.483261  0.860949 0.239795 0.448626  0.093154 0.496810 0
0  0.548739 15.374139 4.119344  0.860949 0.239795 0.448626  0.086345 0.477196 0
0  0.548739 16.144997 3.707312  0.860949 0.239795 0.448626  0.097677 0.481981 0
c_invasion_wrangler_laser
0  0.000000 15.731267 4.981533  0.860949 0.147664 0.486788  0.078981 0.490830 0
0  0.548739 14.537707 4.373072  0.860949 0.147664 0.486788  0.076113 0.470315 0
0  0.548739 15.374139 4.119344  0.860949 0.147664 0.486788  0.086345 0.477196 0
c_invasion_wrangler_laser
0  0.000000 14.719771 5.288366  0.860950 0.049860 0.506241  0.066199 0.482257 0
0  0.548739 13.667849 4.458746  0.860950 0.049860 0.506241  0.067464 0.461500 0
0  0.548739 14.537707 4.373072  0.860950 0.049860 0.506241  0.076113 0.470315 0
c_invasion_wrangler_laser
0  0.000000 13.667849 5.391972  0.860950 -0.049860 0.506241  0.055404 0.471277 0
0  0.548739 12.797991 4.373073  0.860950 -0.049860 0.506241  0.060627 0.451188 0
0  0.548739 13.667849 4.458746  0.860950 -0.049860 0.506241  0.067464 0.461500 0
c_invasion_wrangler_laser
0  0.000000 12.615927 5.288366  0.860949 -0.147665 0.486787  0.046876 0.458439 0
0  0.548739 11.961559 4.119343  0.860949 -0.147665 0.486787  0.055987 0.439690 0
0  0.548739 12.797991 4.373073  0.860949 -0.147665 0.486787  0.060627 0.451188 0
c_invasion_wrangler_laser
0  0.000000 11.604427 4.981532  0.860950 -0.239794 0.448624  0.041090 0.444154 0
0  0.548739 11.190701 3.707312  0.860950 -0.239794 0.448624  0.053668 0.427534 0
0  0.548739 11.961559 4.119343  0.860950 -0.239794 0.448624  0.055987 0.439690 0
c_invasion_wrangler_laser
0  0.000000 10.672230 4.483261  0.860949 -0.322710 0.393223  0.038199 0.428993 0
0  0.548739 10.515038 3.152808  0.860949 -0.322710 0.393223  0.053669 0.415145 0
0  0.548739 11.190701 3.707312  0.860949 -0.322710 0.393223  0.053668 0.427534 0
c_invasion_wrangler_laser
0  0.000000 9.855145 3.812698  0.860950 -0.393223 0.322709  0.038232 0.413589 0
0  0.548739 9.960536 2.477146  0.860950 -0.393223 0.322709  0.056132 0.403006 0
0  0.548739 10.515038 3.152808  0.860950 -0.393223 0.322709  0.053669 0.415145 0
c_invasion_wrangler_laser
0  0.000000 9.184587 2.995618  0.860950 -0.448624 0.239794  0.041328 0.398546 0
0  0.548739 9.548505 1.706289  0.860950 -0.448624 0.239794  0.060854 0.391620 0
0  0.548739 9.960536 2.477146  0.860950 -0.448624 0.239794  0.056132 0.403006 0
c_invasion_wrangler_laser
0  0.000000 8.686316 2.063420  0.860950 -0.486785 0.147665  0.047255 0.384442 0
0  0.548739 9.294775 0.869857  0.860950 -0.486785 0.147665  0.067625 0.381425 0
0  0.548739 9.548505 1.706289  0.860950 -0.486785 0.147665  0.060854 0.391620 0
c_invasion_wrangler_laser
0  0.000000 8.379480 1.051920  0.860950 -0.506240 0.049861  0.055735 0.371843 0
0  0.548739 9.209102 0.000000  0.860950 -0.506240 0.049861  0.076153 0.372877 0
0  0.548739 9.294775 0.869857  0.860950 -0.506240 0.049861  0.067625 0.381425 0
c_invasion_wrangler_laser
0  0.000000 8.275875 0.000000  0.860950 -0.506240 -0.049859  0.066325 0.361203 0
0  0.548739 9.294775 -0.869857  0.860950 -0.506240 -0.049859  0.085992 0.365902 0
0  0.548739 9.209102 0.000000  0.860950 -0.506240 -0.049859  0.076153 0.372877 0
c_invasion_wrangler_laser
0  0.000000 8.379480 -1.051920  0.860950 -0.486786 -0.147667  0.078603 0.352620 0
0  0.548739 9.548505 -1.706289  0.860950 -0.486786 -0.147667  0.097100 0.360980 0
0  0.548739 9.294775 -0.869857  0.860950 -0.486786 -0.147667  0.085992 0.365902 0
c_invasion_wrangler_laser
0  0.000000 8.686316 -2.063420  0.860950 -0.448624 -0.239793  0.092396 0.346485 0
0  0.548739 9.960536 -2.477146  0.860950 -0.448624 -0.239793  0.108950 0.358304 0
0  0.548739 9.548505 -1.706289  0.860950 -0.448624 -0.239793  0.097100 0.360980 0
c_invasion_wrangler_laser
0  0.000000 9.184587 -2.995618  0.860950 -0.393223 -0.322709  0.107165 0.343144 0
0  0.548739 10.515038 -3.152808  0.860950 -0.393223 -0.322709  0.121111 0.358026 0
0  0.548739 9.960536 -2.477146  0.860950 -0.393223 -0.322709  0.108950 0.358304 0
c_invasion_wrangler_laser
0  0.000000 9.855145 -3.812698  0.860950 -0.322710 -0.393222  0.122344 0.342777 0
0  0.548739 11.190701 -3.707312  0.860950 -0.322710 -0.393222  0.133060 0.360241 0
0  0.548739 10.515038 -3.152808  0.860950 -0.322710 -0.393222  0.121111 0.358026 0
c_invasion_wrangler_laser
0  0.000000 10.672230 -4.483261  0.860949 -0.239795 -0.448626  0.137315 0.345540 0
0  0.548739 11.961559 -4.119343  0.860949 -0.239795 -0.448626  0.144339 0.364761 0
0  0.548739 11.190701 -3.707312  0.860949 -0.239795 -0.448626  0.133060 0.360241 0
c_invasion_wrangler_laser
0  0.000000 11.604427 -4.981532  0.860950 -0.147665 -0.486785  0.151505 0.351181 0
0  0.548739 12.797991 -4.373073  0.860950 -0.147665 -0.486785  0.154530 0.371472 0
0  0.548739 11.961559 -4.119343  0.860950 -0.147665 -0.486785  0.144339 0.364761 0
c_invasion_wrangler_laser
0  0.000000 12.615927 -5.288366  0.860950 -0.049860 -0.506240  0.164289 0.359576 0
0  0.548739 13.667849 -4.458746  0.860950 -0.049860 -0.506240  0.163204 0.380109 0
0  0.548739 12.797991 -4.373073  0.860950 -0.049860 -0.506240  0.154530 0.371472 0
gold_player
0  0.225326 13.667850 4.736715  0.854872 0.050855 0.516341  0.000000 0.000000 0
0  0.000000 14.664721 5.011591  0.854872 0.050855 0.516341  0.000000 0.000000 0
0  0.000000 13.667850 5.109774  0.854872 0.050855 0.516341  0.000000 0.000000 0
gold_player
0  0.225326 14.591939 4.645701  0.854872 0.150611 0.496497  0.000000 0.000000 0
0  0.000000 15.623277 4.720815  0.854872 0.150611 0.496497  0.000000 0.000000 0
0  0.000000 14.664721 5.011591  0.854872 0.150611 0.496497  0.000000 0.000000 0
gold_player
0  0.225327 15.480515 4.376153  0.854872 0.244579 0.457575  0.000000 0.000000 0
0  0.000000 16.506691 4.248621  0.854872 0.244579 0.457575  0.000000 0.000000 0
0  0.000000 15.623277 4.720815  0.854872 0.244579 0.457575  0.000000 0.000000 0
gold_player
0  0.225327 16.299431 3.938434  0.854871 0.329149 0.401069  0.000000 0.000000 0
0  0.000000 17.281006 3.613157  0.854871 0.329149 0.401069  0.000000 0.000000 0
0  0.000000 16.506691 4.248621  0.854871 0.329149 0.401069  0.000000 0.000000 0
gold_player
0  0.225327 17.017216 3.349365  0.854870 0.401070 0.329150  0.000000 0.000000 0
0  0.000000 17.916473 2.838837  0.854870 0.401070 0.329150  0.000000 0.000000 0
0  0.000000 17.281006 3.613157  0.854870 0.401070 0.329150  0.000000 0.000000 0
gold_player
0  0.225327 17.606289 2.631577  0.854871 0.457577 0.244580  0.000000 0.000000 0
0  0.000000 18.388668 1.955426  0.854871 0.457577 0.244580  0.000000 0.000000 0
0  0.000000 17.916473 2.838837  0.854871 0.457577 0.244580  0.000000 0.000000 0
gold_player
0  0.225327 18.044006 1.812662  0.854872 0.496498 0.150611  0.000000 0.000000 0
0  0.000000 18.679443 0.996867  0.854872 0.496498 0.150611  0.000000 0.000000 0
0  0.000000 18.388668 1.955426  0.854872 0.496498 0.150611  0.000000 0.000000 0
gold_player
0  0.225327 18.313549 0.924087  0.854874 0.516337 0.050853  0.000000 0.000000 0
0  0.000000 18.777626 0.000000  0.854874 0.516337 0.050853  0.000000 0.000000 0
0  0.000000 18.679443 0.996867  0.854874 0.516337 0.050853  0.000000 0.000000 0
gold_player
0  0.225327 18.404568 0.000000  0.854872 0.516341 -0.050855  0.000000 0.000000 0
0  0.000000 18.679443 -0.996867  0.854872 0.516341 -0.050855  0.000000 0.000000 0
0  0.000000 18.777626 0.000000  0.854872 0.516341 -0.050855  0.000000 0.000000 0
gold_player
0  0.225327 18.313549 -0.924087  0.854874 0.496495 -0.150612  0.000000 0.000000 0
0  0.000000 18.388668 -1.955426  0.854874 0.496495 -0.150612  0.000000 0.000000 0
0  0.000000 18.679443 -0.996867  0.854874 0.496495 -0.150612  0.000000 0.000000 0
gold_player
0  0.225327 18.044006 -1.812662  0.854872 0.457575 -0.244581  0.000000 0.000000 0
0  0.000000 17.916473 -2.838837  0.854872 0.457575 -0.244581  0.000000 0.000000 0
0  0.000000 18.388668 -1.955426  0.854872 0.457575 -0.244581  0.000000 0.000000 0
gold_player
0  0.225327 17.606289 -2.631577  0.854870 0.401070 -0.329150  0.000000 0.000000 0
0  0.000000 17.281006 -3.613157  0.854870 0.401070 -0.329150  0.000000 0.000000 0
0  0.000000 17.916473 -2.838837  0.854870 0.401070 -0.329150  0.000000 0.000000 0
gold_player
0  0.225327 17.017216 -3.349365  0.854871 0.329150 -0.401069  0.000000 0.000000 0
0  0.000000 16.506691 -4.248621  0.854871 0.329150 -0.401069  0.000000 0.000000 0
0  0.000000 17.281006 -3.613157  0.854871 0.329150 -0.401069  0.000000 0.000000 0
gold_player
0  0.225327 16.299431 -3.938434  0.854872 0.244579 -0.457576  0.000000 0.000000 0
0  0.000000 15.623277 -4.720815  0.854872 0.244579 -0.457576  0.000000 0.000000 0
0  0.000000 16.506691 -4.248621  0.854872 0.244579 -0.457576  0.000000 0.000000 0
gold_player
0  0.225327 15.480515 -4.376153  0.854872 0.150612 -0.496498  0.000000 0.000000 0
0  0.000000 14.664721 -5.011591  0.854872 0.150612 -0.496498  0.000000 0.000000 0
0  0.000000 15.623277 -4.720815  0.854872 0.150612 -0.496498  0.000000 0.000000 0
gold_player
0  0.225326 14.591939 -4.645701  0.854871 0.050855 -0.516341  0.000000 0.000000 0
0  0.000000 13.667850 -5.109774  0.854871 0.050855 -0.516341  0.000000 0.000000 0
0  0.000000 14.664721 -5.011591  0.854871 0.050855 -0.516341  0.000000 0.000000 0
gold_player
0  0.225326 13.667850 -4.736715  0.854871 -0.050855 -0.516342  0.000000 0.000000 0
0  0.000000 12.670982 -5.011591  0.854871 -0.050855 -0.516342  0.000000 0.000000 0
0  0.000000 13.667850 -5.109774  0.854871 -0.050855 -0.516342  0.000000 0.000000 0
gold_player
0  0.225326 12.743763 -4.645701  0.854873 -0.150610 -0.496497  0.000000 0.000000 0
0  0.000000 11.712427 -4.720817  0.854873 -0.150610 -0.496497  0.000000 0.000000 0
0  0.000000 12.670982 -5.011591  0.854873 -0.150610 -0.496497  0.000000 0.000000 0
gold_player
0  0.225326 11.855192 -4.376155  0.854873 -0.244579 -0.457574  0.000000 0.000000 0
0  0.000000 10.829014 -4.248622  0.854873 -0.244579 -0.457574  0.000000 0.000000 0
0  0.000000 11.712427 -4.720817  0.854873 -0.244579 -0.457574  0.000000 0.000000 0
gold_player
0  0.225326 11.036272 -3.938435  0.854871 -0.329147 -0.401070  0.000000 0.000000 0
0  0.000000 10.054694 -3.613157  0.854871 -0.329147 -0.401070  0.000000 0.000000 0
0  0.000000 10.829014 -4.248622  0.854871 -0.329147 -0.401070  0.000000 0.000000 0
gold_player
0  0.225326 10.318487 -3.349365  0.854873 -0.401067 -0.329147  0.000000 0.000000 0
0  0.000000 9.419230 -2.838842  0.854873 -0.401067 -0.329147  0.000000 0.000000 0
0  0.000000 10.054694 -3.613157  0.854873 -0.401067 -0.329147  0.000000 0.000000 0
gold_player
0  0.225326 9.729414 -2.631582  0.854872 -0.457575 -0.244579  0.000000 0.000000 0
0  0.000000 8.947033 -1.955427  0.854872 -0.457575 -0.244579  0.000000 0.000000 0
0  0.000000 9.419230 -2.838842  0.854872 -0.457575 -0.244579  0.000000 0.000000 0
gold_player
0  0.225326 9.291693 -1.812664  0.854872 -0.496498 -0.150612  0.000000 0.000000 0
0  0.000000 8.656258 -0.996871  0.854872 -0.496498 -0.150612  0.000000 0.000000 0
0  0.000000 8.947033 -1.955427  0.854872 -0.496498 -0.150612  0.000000 0.000000 0
gold_player
0  0.225326 9.022147 -0.924090  0.854872 -0.516340 -0.050856  0.000000 0.000000 0
0  0.000000 8.558072 0.000000  0.854872 -0.516340 -0.050856  0.000000 0.000000 0
0  0.000000 8.656258 -0.996871  0.854872 -0.516340 -0.050856  0.000000 0.000000 0
gold_player
0  0.225325 8.931132 0.000000  0.854874 -0.516337 0.050856  0.000000 0.000000 0
0  0.000000 8.656258 0.996871  0.854874 -0.516337 0.050856  0.000000 0.000000 0
0  0.000000 8.558072 0.000000  0.854874 -0.516337 0.050856  0.000000 0.000000 0
gold_player
0  0.225326 9.022147 0.924090  0.854872 -0.496497 0.150611  0.000000 0.000000 0
0  0.000000 8.947033 1.955427  0.854872 -0.496497 0.150611  0.000000 0.000000 0
0  0.000000 8.656258 0.996871  0.854872 -0.496497 0.150611  0.000000 0.000000 0
gold_player
0  0.225326 9.291693 1.812664  0.854872 -0.457575 0.244580  0.000000 0.000000 0
0  0.000000 9.419230 2.838842  0.854872 -0.457575 0.244580  0.000000 0.000000 0
0  0.000000 8.947033 1.955427  0.854872 -0.457575 0.244580  0.000000 0.000000 0
gold_player
0  0.225326 9.729414 2.631582  0.854872 -0.401068 0.329148  0.000000 0.000000 0
0  0.000000 10.054694 3.613157  0.854872 -0.401068 0.329148  0.000000 0.000000 0
0  0.000000 9.419230 2.838842  0.854872 -0.401068 0.329148  0.000000 0.000000 0
gold_player
0  0.225326 10.318487 3.349365  0.854872 -0.329146 0.401069  0.000000 0.000000 0
0  0.000000 10.829014 4.248622  0.854872 -0.329146 0.401069  0.000000 0.000000 0
0  0.000000 10.054694 3.613157  0.854872 -0.329146 0.401069  0.000000 0.000000 0
gold_player
0  0.225326 11.036272 3.938435  0.854871 -0.244580 0.457576  0.000000 0.000000 0
0  0.000000 11.712427 4.720817  0.854871 -0.244580 0.457576  0.000000 0.000000 0
0  0.000000 10.829014 4.248622  0.854871 -0.244580 0.457576  0.000000 0.000000 0
gold_player
0  0.225326 11.855192 4.376155  0.854874 -0.150610 0.496496  0.000000 0.000000 0
0  0.000000 12.670982 5.011591  0.854874 -0.150610 0.496496  0.000000 0.000000 0
0  0.000000 11.712427 4.720817  0.854874 -0.150610 0.496496  0.000000 0.000000 0
gold_player
0  0.225326 12.743763 4.645701  0.854872 -0.050855 0.516341  0.000000 0.000000 0
0  0.000000 13.667850 5.109774  0.854872 -0.050855 0.516341  0.000000 0.000000 0
0  0.000000 12.670982 5.011591  0.854872 -0.050855 0.516341  0.000000 0.000000 0
painted_wood_01
0  0.000000 12.923445 6.255380  0.832316 -0.078902 0.548657  0.297613 0.539650 0
0  0.505387 11.426786 5.273464  0.832313 -0.078893 0.548663  0.297613 0.539650 0
0  0.505387 12.432436 5.504190  0.832317 -0.078905 0.548655  0.297613 0.539650 0
painted_wood_01
0  0.000000 11.153833 6.087034  0.860596 -0.208539 0.464635  0.297613 0.539650 0
0  0.505387 10.485473 4.850979  0.860596 -0.208539 0.464635  0.297613 0.539650 0
0  0.505387 11.426786 5.273464  0.860596 -0.208539 0.464635  0.297613 0.539650 0
painted_wood_01
0  0.000000 10.059043 5.595666  0.860596 -0.295178 0.415022  0.297613 0.539650 0
0  0.505387 9.644668 4.252969  0.860596 -0.295178 0.415022  0.297613 0.539650 0
0  0.505387 10.485473 4.850979  0.860596 -0.295178 0.415022  0.297613 0.539650 0
painted_wood_01
0  0.000000 9.081148 4.900154  0.861624 -0.341149 0.375795  0.297613 0.539650 0
0  0.505387 9.059424 3.721681  0.861624 -0.341149 0.375795  0.297613 0.539650 0
0  0.505387 9.644668 4.252969  0.861624 -0.341149 0.375795  0.297613 0.539650 0
painted_wood_01
0  0.000000 8.452627 4.328477  0.860597 -0.393683 0.323089  0.297613 0.539650 0
0  0.505387 8.404872 2.924109  0.860597 -0.393683 0.323089  0.297613 0.539650 0
0  0.505387 9.059424 3.721681  0.860597 -0.393683 0.323089  0.297613 0.539650 0
painted_wood_01
0  0.000000 7.691356 3.400866  0.860597 -0.449151 0.240077  0.297613 0.539650 0
0  0.505387 7.918493 2.014160  0.860597 -0.449151 0.240077  0.297613 0.539650 0
0  0.505387 8.404872 2.924109  0.860597 -0.449151 0.240077  0.297613 0.539650 0
painted_wood_01
0  0.000000 7.125676 2.342555  0.860597 -0.487357 0.147838  0.297613 0.539650 0
0  0.505388 7.618985 1.026812  0.860597 -0.487357 0.147838  0.297613 0.539650 0
0  0.505387 7.918493 2.014160  0.860597 -0.487357 0.147838  0.297613 0.539650 0
painted_wood_01
0  0.000000 6.777333 1.194227  0.862772 -0.502769 0.053360  0.297613 0.539650 0
0  0.505388 7.517852 0.000000  0.862772 -0.502769 0.053360  0.297613 0.539650 0
0  0.505388 7.618985 1.026812  0.862772 -0.502769 0.053361  0.297613 0.539650 0
painted_wood_01
0  0.009941 6.659712 0.000000  0.862783 -0.502749 -0.053379  0.297613 0.539650 0
0  0.505388 7.618985 -1.026812  0.862783 -0.502749 -0.053379  0.297613 0.539650 0
0  0.505388 7.517852 0.000000  0.862783 -0.502749 -0.053379  0.297613 0.539650 0
painted_wood_01
0  0.000000 6.777333 -1.194227  0.860597 -0.487357 -0.147838  0.297613 0.539650 0
0  0.505387 7.918493 -2.014160  0.860597 -0.487357 -0.147838  0.297613 0.539650 0
0  0.505388 7.618985 -1.026812  0.860597 -0.487357 -0.147838  0.297613 0.539650 0
painted_wood_01
0  0.000000 7.125676 -2.342555  0.860597 -0.449151 -0.240077  0.297613 0.539650 0
0  0.505387 8.404872 -2.924109  0.860597 -0.449151 -0.240077  0.297613 0.539650 0
0  0.505387 7.918493 -2.014160  0.860597 -0.449151 -0.240077  0.297613 0.539650 0
painted_wood_01
0  0.000000 7.691356 -3.400866  0.860597 -0.393684 -0.323088  0.297613 0.539650 0
0  0.505387 9.059424 -3.721681  0.860597 -0.393684 -0.323088  0.297613 0.539650 0
0  0.505387 8.404872 -2.924109  0.860597 -0.393684 -0.323088  0.297613 0.539650 0
painted_wood_01
0  0.000000 8.452627 -4.328477  0.861521 -0.341456 -0.375751  0.297613 0.539650 0
0  0.505387 9.644668 -4.252969  0.861521 -0.341456 -0.375751  0.297613 0.539650 0
0  0.505387 9.059424 -3.721681  0.861521 -0.341456 -0.375751  0.297613 0.539650 0
painted_wood_01
0  0.000000 9.081148 -4.900154  0.860596 -0.295178 -0.415022  0.297613 0.539650 0
0  0.505387 10.485473 -4.850979  0.860596 -0.295178 -0.415022  0.297613 0.539650 0
0  0.505387 9.644668 -4.252969  0.860596 -0.295178 -0.415022  0.297613 0.539650 0
painted_wood_01
0  0.000000 10.059043 -5.595666  0.860597 -0.208539 -0.464634  0.297613 0.539650 0
0  0.505387 11.426786 -5.273464  0.860597 -0.208539 -0.464634  0.297613 0.539650 0
0  0.505387 10.485473 -4.850979  0.860597 -0.208539 -0.464634  0.297613 0.539650 0
painted_wood_01
0  0.000000 11.153833 -6.087034  0.832338 -0.078908 -0.548623  0.297613 0.539650 0
0  0.505387 12.432436 -5.504190  0.832337 -0.078910 -0.548624  0.297613 0.539650 0
0  0.505387 11.426786 -5.273464  0.832339 -0.078906 -0.548621  0.297613 0.539650 0
gold_player
0  0.225326 9.022147 0.924090  -0.006964 0.995161 -0.098016  0.000000 0.000000 0
0  0.000000 8.929555 0.000000  -0.006964 0.995161 -0.098016  0.000000 0.000000 0
0  0.000000 9.020600 0.924394  -0.006964 0.995161 -0.098016  0.000000 0.000000 0
gold_player
0  0.225326 9.291693 1.812664  -0.006958 0.956918 -0.290276  0.000000 0.000000 0
0  0.000000 9.020600 0.924394  -0.006958 0.956918 -0.290276  0.000000 0.000000 0
0  0.000000 9.290237 1.813267  -0.006958 0.956918 -0.290276  0.000000 0.000000 0
gold_player
0  0.225326 9.729414 2.631582  -0.006960 0.881900 -0.471385  0.000000 0.000000 0
0  0.000000 9.290237 1.813267  -0.006960 0.881900 -0.471385  0.000000 0.000000 0
0  0.000000 9.728102 2.632453  -0.006960 0.881900 -0.471385  0.000000 0.000000 0
gold_player
0  0.225326 10.318487 3.349365  -0.006968 0.772990 -0.634379  0.000000 0.000000 0
0  0.000000 9.728102 2.632453  -0.006968 0.772990 -0.634379  0.000000 0.000000 0
0  0.000000 10.317369 3.350477  -0.006968 0.772990 -0.634379  0.000000 0.000000 0
gold_player
0  0.225326 11.036272 3.938435  -0.006960 0.634377 -0.772992  0.000000 0.000000 0
0  0.000000 10.317369 3.350477  -0.006960 0.634377 -0.772992  0.000000 0.000000 0
0  0.000000 11.035397 3.939746  -0.006960 0.634377 -0.772992  0.000000 0.000000 0
gold_player
0  0.225326 11.855192 4.376155  -0.006978 0.471386 -0.881899  0.000000 0.000000 0
0  0.000000 11.035397 3.939746  -0.006978 0.471386 -0.881899  0.000000 0.000000 0
0  0.000000 11.854580 4.377610  -0.006978 0.471386 -0.881899  0.000000 0.000000 0
gold_player
0  0.225326 12.743763 4.645701  -0.006967 0.290278 -0.956917  0.000000 0.000000 0
0  0.000000 11.854580 4.377610  -0.006967 0.290278 -0.956917  0.000000 0.000000 0
0  0.000000 12.743452 4.647247  -0.006967 0.290278 -0.956917  0.000000 0.000000 0
gold_player
0  0.225326 13.667850 4.736715  -0.006962 0.098014 -0.995161  0.000000 0.000000 0
0  0.000000 12.743452 4.647247  -0.006962 0.098014 -0.995161  0.000000 0.000000 0
0  0.000000 13.667849 4.738292  -0.006962 0.098014 -0.995161  0.000000 0.000000 0
gold_player
0  0.225326 14.591939 4.645701  -0.006958 -0.098015 -0.995161  0.000000 0.000000 0
0  0.000000 13.667849 4.738292  -0.006958 -0.098015 -0.995161  0.000000 0.000000 0
0  0.000000 14.592244 4.647247  -0.006958 -0.098015 -0.995161  0.000000 0.000000 0
gold_player
0  0.225327 15.480515 4.376153  -0.006962 -0.290277 -0.956917  0.000000 0.000000 0
0  0.000000 14.592244 4.647247  -0.006962 -0.290277 -0.956917  0.000000 0.000000 0
0  0.000000 15.481114 4.377611  -0.006962 -0.290277 -0.956917  0.000000 0.000000 0
gold_player
0  0.225327 16.299431 3.938434  -0.006960 -0.471383 -0.881901  0.000000 0.000000 0
0  0.000000 15.481114 4.377611  -0.006960 -0.471383 -0.881901  0.000000 0.000000 0
0  0.000000 16.300304 3.939746  -0.006960 -0.471383 -0.881901  0.000000 0.000000 0
gold_player
0  0.225327 17.017216 3.349365  -0.006955 -0.634378 -0.772992  0.000000 0.000000 0
0  0.000000 16.300304 3.939746  -0.006955 -0.634378 -0.772992  0.000000 0.000000 0
0  0.000000 17.018330 3.350478  -0.006955 -0.634378 -0.772992  0.000000 0.000000 0
gold_player
0  0.225327 17.606289 2.631577  -0.006957 -0.772992 -0.634378  0.000000 0.000000 0
0  0.000000 17.018330 3.350478  -0.006957 -0.772992 -0.634378  0.000000 0.000000 0
0  0.000000 17.607597 2.632453  -0.006957 -0.772992 -0.634378  0.000000 0.000000 0
gold_player
0  0.225327 18.044006 1.812662  -0.006954 -0.881902 -0.471381  0.000000 0.000000 0
0  0.000000 17.607597 2.632453  -0.006954 -0.881902 -0.471381  0.000000 0.000000 0
0  0.000000 18.045460 1.813267  -0.006954 -0.881902 -0.471381  0.000000 0.000000 0
gold_player
0  0.225327 18.313549 0.924087  -0.006975 -0.956917 -0.290280  0.000000 0.000000 0
0  0.000000 18.045460 1.813267  -0.006975 -0.956917 -0.290280  0.000000 0.000000 0
0  0.000000 18.315098 0.924396  -0.006975 -0.956917 -0.290280  0.000000 0.000000 0
gold_player
0  0.225327 18.404568 0.000000  -0.006958 -0.995161 -0.098013  0.000000 0.000000 0
0  0.000000 18.315098 0.924396  -0.006958 -0.995161 -0.098013  0.000000 0.000000 0
0  0.000000 18.406143 0.000000  -0.006958 -0.995161 -0.098013  0.000000 0.000000 0
gold_player
0  0.225327 18.313549 -0.924087  -0.006975 -0.995161 0.098013  0.000000 0.000000 0
0  0.000000 18.406143 0.000000  -0.006975 -0.995161 0.098013  0.000000 0.000000 0
0  0.000000 18.315098 -0.924396  -0.006975 -0.995161 0.098013  0.000000 0.000000 0
gold_player
0  0.225327 18.044006 -1.812662  -0.006951 -0.956917 0.290280  0.000000 0.000000 0
0  0.000000 18.315098 -0.924396  -0.006951 -0.956917 0.290280  0.000000 0.000000 0
0  0.000000 18.045460 -1.813267  -0.006951 -0.956917 0.290280  0.000000 0.000000 0
gold_player
0  0.225327 17.606289 -2.631577  -0.006957 -0.881900 0.471385  0.000000 0.000000 0
0  0.000000 18.045460 -1.813267  -0.006957 -0.881900 0.471385  0.000000 0.000000 0
0  0.000000 17.607597 -2.632453  -0.006957 -0.881900 0.471385  0.000000 0.000000 0
gold_player
0  0.225327 17.017216 -3.349365  -0.006955 -0.772992 0.634378  0.000000 0.000000 0
0  0.000000 17.607597 -2.632453  -0.006955 -0.772992 0.634378  0.000000 0.000000 0
0  0.000000 17.018330 -3.350478  -0.006955 -0.772992 0.634378  0.000000 0.000000 0
gold_player
0  0.225327 16.299431 -3.938434  -0.006958 -0.634379 0.772991  0.000000 0.000000 0
0  0.000000 17.018330 -3.350478  -0.006958 -0.634379 0.772991  0.000000 0.000000 0
0  0.000000 16.300304 -3.939746  -0.006958 -0.634379 0.772991  0.000000 0.000000 0
gold_player
0  0.225327 15.480515 -4.376153  -0.006962 -0.471385 0.881900  0.000000 0.000000 0
0  0.000000 16.300304 -3.939746  -0.006962 -0.471385 0.881900  0.000000 0.000000 0
0  0.000000 15.481114 -4.377611  -0.006962 -0.471385 0.881900  0.000000 0.000000 0
gold_player
0  0.225326 14.591939 -4.645701  -0.006962 -0.290277 0.956917  0.000000 0.000000 0
0  0.000000 15.481114 -4.377611  -0.006962 -0.290277 0.956917  0.000000 0.000000 0
0  0.000000 14.592244 -4.647247  -0.006962 -0.290277 0.956917  0.000000 0.000000 0
gold_player
0  0.225326 13.667850 -4.736715  -0.006958 -0.098015 0.995161  0.000000 0.000000 0
0  0.000000 14.592244 -4.647247  -0.006958 -0.098015 0.995161  0.000000 0.000000 0
0  0.000000 13.667849 -4.738292  -0.006958 -0.098015 0.995161  0.000000 0.000000 0
gold_player
0  0.225326 12.743763 -4.645701  -0.006962 0.098014 0.995161  0.000000 0.000000 0
0  0.000000 13.667849 -4.738292  -0.006962 0.098014 0.995161  0.000000 0.000000 0
0  0.000000 12.743452 -4.647247  -0.006962 0.098014 0.995161  0.000000 0.000000 0
gold_player
0  0.225326 11.855192 -4.376155  -0.006967 0.290279 0.956917  0.000000 0.000000 0
0  0.000000 12.743452 -4.647247  -0.006967 0.290279 0.956917  0.000000 0.000000 0
0  0.000000 11.854580 -4.377610  -0.006967 0.290279 0.956917  0.000000 0.000000 0
gold_player
0  0.225326 11.036272 -3.938435  -0.006962 0.471387 0.881899  0.000000 0.000000 0
0  0.000000 11.854580 -4.377610  -0.006962 0.471387 0.881899  0.000000 0.000000 0
0  0.000000 11.035397 -3.939746  -0.006962 0.471387 0.881899  0.000000 0.000000 0
gold_player
0  0.225326 10.318487 -3.349365  -0.006962 0.634378 0.772992  0.000000 0.000000 0
0  0.000000 11.035397 -3.939746  -0.006962 0.634378 0.772992  0.000000 0.000000 0
0  0.000000 10.317369 -3.350477  -0.006962 0.634378 0.772992  0.000000 0.000000 0
gold_player
0  0.225326 9.729414 -2.631582  -0.006957 0.772991 0.634379  0.000000 0.000000 0
0  0.000000 10.317369 -3.350477  -0.006957 0.772991 0.634379  0.000000 0.000000 0
0  0.000000 9.728102 -2.632453  -0.006957 0.772991 0.634379  0.000000 0.000000 0
gold_player
0  0.225326 9.291693 -1.812664  -0.006959 0.881899 0.471387  0.000000 0.000000 0
0  0.000000 9.728102 -2.632453  -0.006959 0.881899 0.471387  0.000000 0.000000 0
0  0.000000 9.290237 -1.813267  -0.006959 0.881899 0.471387  0.000000 0.000000 0
gold_player
0  0.225326 9.022147 -0.924090  -0.006960 0.956917 0.290278  0.000000 0.000000 0
0  0.000000 9.290237 -1.813267  -0.006960 0.956917 0.290278  0.000000 0.000000 0
0  0.000000 9.020600 -0.924394  -0.006960 0.956917 0.290278  0.000000 0.000000 0
gold_player
0  0.225325 8.931132 0.000000  -0.006967 0.995160 0.098016  0.000000 0.000000 0
0  0.000000 9.020600 -0.924394  -0.006967 0.995160 0.098016  0.000000 0.000000 0
0  0.000000 8.929555 0.000000  -0.006967 0.995160 0.098016  0.000000 0.000000 0
c_invasion_wrangler_laser
0  0.548739 9.209102 0.000000  -0.057143 0.993558 0.097861  0.076153 0.372877 0
0  0.000000 9.263824 -0.876018  -0.057143 0.993558 0.097861  0.089509 0.372129 0
0  0.000000 9.177542 0.000000  -0.057143 0.993558 0.097861  0.080623 0.378167 0
c_invasion_wrangler_laser
0  0.548739 9.294775 0.869857  -0.057140 0.993559 -0.097859  0.067625 0.381425 0
0  0.000000 9.177542 0.000000  -0.057140 0.993559 -0.097859  0.080623 0.378167 0
0  0.000000 9.263824 0.876018  -0.057140 0.993559 -0.097859  0.073218 0.385949 0
c_invasion_wrangler_laser
0  0.548739 9.548505 1.706289  -0.057143 0.955377 -0.289810  0.060854 0.391620 0
0  0.000000 9.263824 0.876018  -0.057143 0.955377 -0.289810  0.073218 0.385949 0
0  0.000000 9.519347 1.718367  -0.057143 0.955377 -0.289810  0.067282 0.395057 0
c_invasion_wrangler_laser
0  0.548739 9.960536 2.477146  -0.057139 0.880480 -0.470628  0.056132 0.403006 0
0  0.000000 9.519347 1.718367  -0.057139 0.880480 -0.470628  0.067282 0.395057 0
0  0.000000 9.934299 2.494684  -0.057139 0.880480 -0.470628  0.063138 0.405172 0
c_invasion_wrangler_laser
0  0.548739 10.515038 3.152808  -0.057140 0.771748 -0.633357  0.053669 0.415145 0
0  0.000000 9.934299 2.494684  -0.057140 0.771748 -0.633357  0.063138 0.405172 0
0  0.000000 10.492725 3.175127  -0.057140 0.771748 -0.633357  0.060995 0.415916 0
c_invasion_wrangler_laser
0  0.548739 11.190701 3.707312  -0.057137 0.633355 -0.771749  0.053668 0.427534 0
0  0.000000 10.492725 3.175127  -0.057137 0.633355 -0.771749  0.060995 0.415916 0
0  0.000000 11.173172 3.733553  -0.057137 0.633355 -0.771749  0.060982 0.426884 0
c_invasion_wrangler_laser
0  0.548739 11.961559 4.119343  -0.057143 0.470628 -0.880480  0.055987 0.439690 0
0  0.000000 11.173172 3.733553  -0.057143 0.470628 -0.880480  0.060982 0.426884 0
0  0.000000 11.949486 4.148503  -0.057143 0.470628 -0.880480  0.063051 0.437646 0
c_invasion_wrangler_laser
0  0.548739 12.797991 4.373073  -0.057140 0.289809 -0.955377  0.060627 0.451188 0
0  0.000000 11.949486 4.148503  -0.057140 0.289809 -0.955377  0.063051 0.437646 0
0  0.000000 12.791836 4.404026  -0.057140 0.289809 -0.955377  0.067163 0.447793 0
c_invasion_wrangler_laser
0  0.548739 13.667849 4.458746  -0.057141 0.097857 -0.993559  0.067464 0.461500 0
0  0.000000 12.791836 4.404026  -0.057141 0.097857 -0.993559  0.067163 0.447793 0
0  0.000000 13.667850 4.490306  -0.057141 0.097857 -0.993559  0.073184 0.456924 0
c_invasion_wrangler_laser
0  0.548739 14.537707 4.373072  -0.057142 -0.097857 -0.993559  0.076113 0.470315 0
0  0.000000 13.667850 4.490306  -0.057142 -0.097857 -0.993559  0.073184 0.456924 0
0  0.000000 14.543868 4.404026  -0.057142 -0.097857 -0.993559  0.080834 0.464697 0
c_invasion_wrangler_laser
0  0.548739 15.374139 4.119344  -0.057142 -0.289810 -0.955377  0.086345 0.477196 0
0  0.000000 14.543868 4.404026  -0.057142 -0.289810 -0.955377  0.080834 0.464697 0
0  0.000000 15.386218 4.148501  -0.057142 -0.289810 -0.955377  0.089857 0.470797 0
c_invasion_wrangler_laser
0  0.548739 16.144997 3.707312  -0.057144 -0.470628 -0.880479  0.097677 0.481981 0
0  0.000000 15.386218 4.148501  -0.057144 -0.470628 -0.880479  0.089857 0.470797 0
0  0.000000 16.162533 3.733552  -0.057144 -0.470628 -0.880479  0.099870 0.475010 0
c_invasion_wrangler_laser
0  0.548739 16.820660 3.152809  -0.057148 -0.633354 -0.771749  0.109757 0.484444 0
0  0.000000 16.162533 3.733552  -0.057148 -0.633354 -0.771749  0.099870 0.475010 0
0  0.000000 16.842979 3.175126  -0.057148 -0.633354 -0.771749  0.110515 0.477153 0
c_invasion_wrangler_laser
0  0.548739 17.375164 2.477146  -0.057142 -0.771750 -0.633353  0.122093 0.484403 0
0  0.000000 16.842979 3.175126  -0.057142 -0.771750 -0.633353  0.110515 0.477153 0
0  0.000000 17.401405 2.494679  -0.057142 -0.771750 -0.633353  0.121388 0.477116 0
c_invasion_wrangler_laser
0  0.548739 17.787193 1.706289  -0.057145 -0.880481 -0.470625  0.134211 0.481969 0
0  0.000000 17.401405 2.494679  -0.057145 -0.880481 -0.470625  0.121388 0.477116 0
0  0.000000 17.816353 1.718366  -0.057145 -0.880481 -0.470625  0.132048 0.474912 0
c_invasion_wrangler_laser
0  0.548739 18.040920 0.869859  -0.057147 -0.955377 -0.289808  0.145703 0.477132 0
0  0.000000 17.816353 1.718366  -0.057147 -0.955377 -0.289808  0.132048 0.474912 0
0  0.000000 18.071877 0.876015  -0.057147 -0.955377 -0.289808  0.142096 0.470571 0
c_invasion_wrangler_laser
0  0.548739 18.126595 0.000000  -0.057148 -0.993558 -0.097859  0.156101 0.470048 0
0  0.000000 18.071877 0.876015  -0.057148 -0.993558 -0.097859  0.142096 0.470571 0
0  0.000000 18.158157 0.000000  -0.057148 -0.993558 -0.097859  0.151104 0.464231 0
c_invasion_wrangler_laser
0  0.548739 18.040920 -0.869859  -0.057148 -0.993558 0.097859  0.164611 0.460825 0
0  0.000000 18.158157 0.000000  -0.057148 -0.993558 0.097859  0.151104 0.464231 0
0  0.000000 18.071877 -0.876015  -0.057148 -0.993558 0.097859  0.158663 0.456294 0
c_invasion_wrangler_laser
0  0.548739 17.787193 -1.706289  -0.057146 -0.955376 0.289812  0.171090 0.450196 0
0  0.000000 18.071877 -0.876015  -0.057146 -0.955376 0.289812  0.158663 0.456294 0
0  0.000000 17.816353 -1.718366  -0.057146 -0.955376 0.289812  0.164442 0.447007 0
c_invasion_wrangler_laser
0  0.548739 17.375164 -2.477146  -0.057142 -0.880479 0.470628  0.175322 0.438573 0
0  0.000000 17.816353 -1.718366  -0.057142 -0.880479 0.470628  0.164442 0.447007 0
0  0.000000 17.401405 -2.494679  -0.057142 -0.880479 0.470628  0.168218 0.436772 0
c_invasion_wrangler_laser
0  0.548739 16.820660 -3.152809  -0.057149 -0.771750 0.633353  0.177328 0.426351 0
0  0.000000 17.401405 -2.494679  -0.057149 -0.771750 0.633353  0.168218 0.436772 0
0  0.000000 16.842979 -3.175126  -0.057149 -0.771750 0.633353  0.169844 0.425859 0
c_invasion_wrangler_laser
0  0.548739 16.144997 -3.707312  -0.057144 -0.633355 0.771749  0.177142 0.413872 0
0  0.000000 16.842979 -3.175126  -0.057144 -0.633355 0.771749  0.169844 0.425859 0
0  0.000000 16.162533 -3.733552  -0.057144 -0.633355 0.771749  0.169796 0.414676 0
c_invasion_wrangler_laser
0  0.548739 15.374139 -4.119344  -0.057143 -0.470628 0.880479  0.174684 0.401747 0
0  0.000000 16.162533 -3.733552  -0.057143 -0.470628 0.880479  0.169796 0.414676 0
0  0.000000 15.386218 -4.148501  -0.057143 -0.470628 0.880479  0.167688 0.403885 0
c_invasion_wrangler_laser
0  0.548739 14.537707 -4.373072  -0.057143 -0.289810 0.955377  0.170036 0.390333 0
0  0.000000 15.386218 -4.148501  -0.057143 -0.289810 0.955377  0.167688 0.403885 0
0  0.000000 14.543868 -4.404026  -0.057143 -0.289810 0.955377  0.163587 0.393786 0
c_invasion_wrangler_laser
0  0.548739 13.667849 -4.458746  -0.057142 -0.097857 0.993559  0.163204 0.380109 0
0  0.000000 14.543868 -4.404026  -0.057142 -0.097857 0.993559  0.163587 0.393786 0
0  0.000000 13.667850 -4.490306  -0.057142 -0.097857 0.993559  0.157601 0.384747 0
c_invasion_wrangler_laser
0  0.548739 12.797991 -4.373073  -0.057141 0.097858 0.993559  0.154530 0.371472 0
0  0.000000 13.667850 -4.490306  -0.057141 0.097858 0.993559  0.157601 0.384747 0
0  0.000000 12.791836 -4.404026  -0.057141 0.097858 0.993559  0.149975 0.377110 0
c_invasion_wrangler_laser
0  0.548739 11.961559 -4.119343  -0.057144 0.289809 0.955377  0.144339 0.364761 0
0  0.000000 12.791836 -4.404026  -0.057144 0.289809 0.955377  0.149975 0.377110 0
0  0.000000 11.949486 -4.148503  -0.057144 0.289809 0.955377  0.141012 0.371171 0
c_invasion_wrangler_laser
0  0.548739 11.190701 -3.707312  -0.057138 0.470628 0.880480  0.133060 0.360241 0
0  0.000000 11.949486 -4.148503  -0.057138 0.470628 0.880480  0.141012 0.371171 0
0  0.000000 11.173172 -3.733553  -0.057138 0.470628 0.880480  0.131093 0.367159 0
c_invasion_wrangler_laser
0  0.548739 10.515038 -3.152808  -0.057141 0.633355 0.771749  0.121111 0.358026 0
0  0.000000 11.173172 -3.733553  -0.057141 0.633355 0.771749  0.131093 0.367159 0
0  0.000000 10.492725 -3.175127  -0.057141 0.633355 0.771749  0.120568 0.365224 0
c_invasion_wrangler_laser
0  0.548739 9.960536 -2.477146  -0.057140 0.771747 0.633358  0.108950 0.358304 0
0  0.000000 10.492725 -3.175127  -0.057140 0.771747 0.633358  0.120568 0.365224 0
0  0.000000 9.934299 -2.494684  -0.057140 0.771747 0.633358  0.109865 0.365446 0
c_invasion_wrangler_laser
0  0.548739 9.548505 -1.706289  -0.057144 0.880479 0.470628  0.097100 0.360980 0
0  0.000000 9.934299 -2.494684  -0.057144 0.880479 0.470628  0.109865 0.365446 0
0  0.000000 9.519347 -1.718367  -0.057144 0.880479 0.470628  0.099397 0.367814 0
c_invasion_wrangler_laser
0  0.548739 9.294775 -0.869857  -0.057142 0.955377 0.289810  0.085992 0.365902 0
0  0.000000 9.519347 -1.718367  -0.057142 0.955377 0.289810  0.099397 0.367814 0
0  0.000000 9.263824 -0.876018  -0.057142 0.955377 0.289810  0.089509 0.372129 0
painted_wood_01
0  0.505388 7.618985 -1.026812  0.006485 0.956920 0.290278  0.297613 0.539650 0
0  0.000000 7.930435 -2.042234  0.006485 0.956920 0.290278  0.297613 0.539650 0
0  0.000000 7.626752 -1.041124  0.006485 0.956920 0.290278  0.297613 0.539650 0
painted_wood_01
0  0.505387 7.918493 -2.014160  -0.005348 0.881909 0.471390  0.297613 0.539650 0
0  0.000000 8.423593 -2.964867  -0.005348 0.881909 0.471390  0.297613 0.539650 0
0  0.000000 7.930435 -2.042234  -0.005348 0.881909 0.471390  0.297613 0.539650 0
painted_wood_01
0  0.505387 8.404872 -2.924109  -0.022522 0.772814 0.634233  0.297613 0.539650 0
0  0.000000 9.087268 -3.773557  -0.022522 0.772814 0.634233  0.297613 0.539650 0
0  0.000000 8.423593 -2.964867  -0.022522 0.772814 0.634233  0.297613 0.539650 0
painted_wood_01
0  0.505387 9.059424 -3.721681  -0.039602 0.671975 0.739514  0.297613 0.539650 0
0  0.000000 9.635210 -4.271944  -0.039602 0.671975 0.739514  0.297613 0.539650 0
0  0.000000 9.087268 -3.773557  -0.039602 0.671975 0.739514  0.297613 0.539650 0
painted_wood_01
0  0.505387 9.644668 -4.252969  -0.041406 0.579093 0.814210  0.297613 0.539650 0
0  0.000000 10.487738 -4.878289  -0.041406 0.579093 0.814210  0.297613 0.539650 0
0  0.000000 9.635210 -4.271944  -0.041406 0.579093 0.814210  0.297613 0.539650 0
painted_wood_01
0  0.000000 11.442171 -5.306663  -0.052918 0.221248 0.973781  0.297613 0.539650 0
0  0.505387 12.432436 -5.504190  -0.052918 0.221248 0.973781  0.297613 0.539650 0
0  0.000000 13.361835 -5.740606  -0.052918 0.221248 0.973781  0.297613 0.539650 0
painted_wood_01
0  0.505387 10.485473 -4.850979  -0.047413 0.409013 0.911296  0.297613 0.539650 0
0  0.000000 11.442171 -5.306663  -0.047413 0.409013 0.911296  0.297613 0.539650 0
0  0.000000 10.487738 -4.878289  -0.047413 0.409013 0.911296  0.297613 0.539650 0
painted_wood_01
0  0.505388 7.517852 0.000000  0.012515 0.995107 0.098012  0.297613 0.539650 0
0  0.000000 7.626752 -1.041124  0.012515 0.995107 0.098012  0.297613 0.539650 0
0  0.000000 7.524208 0.000000  0.012515 0.995107 0.098012  0.297613 0.539650 0
painted_wood_01
0  0.505388 7.618985 1.026812  0.012517 0.995107 -0.098012  0.297613 0.539650 0
0  0.000000 7.524208 0.000000  0.012517 0.995107 -0.098012  0.297613 0.539650 0
0  0.000000 7.626752 1.041124  0.012517 0.995107 -0.098012  0.297613 0.539650 0
painted_wood_01
0  0.505387 7.918493 2.014160  0.006486 0.956920 -0.290279  0.297613 0.539650 0
0  0.000000 7.626752 1.041124  0.006486 0.956920 -0.290279  0.297613 0.539650 0
0  0.000000 7.930435 2.042234  0.006486 0.956920 -0.290279  0.297613 0.539650 0
painted_wood_01
0  0.505387 8.404872 2.924109  -0.005349 0.881909 -0.471390  0.297613 0.539650 0
0  0.000000 7.930435 2.042234  -0.005349 0.881909 -0.471390  0.297613 0.539650 0
0  0.000000 8.423593 2.964867  -0.005349 0.881909 -0.471390  0.297613 0.539650 0
painted_wood_01
0  0.505387 9.059424 3.721681  -0.022523 0.772814 -0.634233  0.297613 0.539650 0
0  0.000000 8.423593 2.964867  -0.022523 0.772814 -0.634233  0.297613 0.539650 0
0  0.000000 9.087268 3.773557  -0.022523 0.772814 -0.634233  0.297613 0.539650 0
painted_wood_01
0  0.505387 9.644668 4.252969  -0.039623 0.671974 -0.739514  0.297613 0.539650 0
0  0.000000 9.087268 3.773557  -0.039623 0.671974 -0.739514  0.297613 0.539650 0
0  0.000000 9.635210 4.271944  -0.039623 0.671974 -0.739514  0.297613 0.539650 0
painted_wood_01
0  0.505387 10.485473 4.850979  -0.041401 0.579093 -0.814210  0.297613 0.539650 0
0  0.000000 9.635210 4.271944  -0.041401 0.579093 -0.814210  0.297613 0.539650 0
0  0.000000 10.487738 4.878289  -0.041401 0.579093 -0.814210  0.297613 0.539650 0
painted_wood_01
0  0.505387 11.426786 5.273464  -0.047412 0.409012 -0.911297  0.297613 0.539650 0
0  0.000000 10.487738 4.878289  -0.047412 0.409012 -0.911297  0.297613 0.539650 0
0  0.000000 11.442171 5.306663  -0.047412 0.409012 -0.911297  0.297613 0.539650 0
painted_wood_01
0  0.000000 13.361835 5.740606  -0.052952 0.221251 -0.973778  0.297613 0.539650 0
0  0.505387 11.426786 5.273464  -0.052952 0.221251 -0.973778  0.297613 0.539650 0
0  0.000000 11.442171 5.306663  -0.052952 0.221251 -0.973778  0.297613 0.539650 0
gold_player
0  0.000000 7.460647 0.471976  0.639697 -0.156313 0.752565  0.000000 0.000000 0
0  0.900303 9.634595 0.158238  0.639697 -0.156313 0.752564  0.000000 0.000000 0
0  0.000000 9.634596 1.001162  0.639697 -0.156313 0.752565  0.000000 0.000000 0
gold_player
0  0.102019 7.460647 -0.462907  0.639717 -0.156302 -0.752550  0.000000 0.000000 0
0  0.000000 9.634596 -1.001162  0.639717 -0.156302 -0.752550  0.000000 0.000000 0
0  0.900303 9.634595 -0.158238  0.639718 -0.156305 -0.752549  0.000000 0.000000 0
painted_wood_01
0  0.102019 7.460647 0.462907  0.290177 0.027507 0.956578  0.297613 0.539650 0
0  0.930568 9.634595 0.149057  0.290177 0.027507 0.956578  0.297613 0.539650 0
0  0.900303 9.634595 0.158238  0.290177 0.027507 0.956578  0.297613 0.539650 0
painted_wood_01
0  0.190558 7.460647 0.436049  0.470944 -0.043994 0.881066  0.297613 0.539650 0
0  0.958461 9.634595 0.134147  0.470944 -0.043994 0.881066  0.297613 0.539650 0
0  0.930568 9.634595 0.149057  0.470944 -0.043994 0.881066  0.297613 0.539650 0
painted_wood_01
0  0.272157 7.460647 0.392434  0.630689 -0.107800 0.768512  0.297613 0.539650 0
0  0.982910 9.634595 0.114083  0.630689 -0.107800 0.768512  0.297613 0.539650 0
0  0.958461 9.634595 0.134147  0.630689 -0.107800 0.768512  0.297613 0.539650 0
painted_wood_01
0  0.343678 7.460647 0.333738  0.762919 -0.161069 0.626108  0.297613 0.539650 0
0  1.002975 9.634595 0.089634  0.762919 -0.161069 0.626108  0.297613 0.539650 0
0  0.982910 9.634595 0.114083  0.762919 -0.161069 0.626108  0.297613 0.539650 0
painted_wood_01
0  0.402375 7.460647 0.262216  0.863747 -0.201977 0.461678  0.297613 0.539650 0
0  1.017884 9.634595 0.061741  0.863747 -0.201977 0.461678  0.297613 0.539650 0
0  1.002975 9.634595 0.089634  0.863747 -0.201977 0.461678  0.297613 0.539650 0
painted_wood_01
0  0.445990 7.460647 0.180618  0.931386 -0.229568 0.282523  0.297613 0.539650 0
0  1.027064 9.634595 0.031476  0.931386 -0.229568 0.282523  0.297613 0.539650 0
0  1.017884 9.634595 0.061741  0.931386 -0.229568 0.282523  0.297613 0.539650 0
painted_wood_01
0  0.472848 7.460647 0.092078  0.965247 -0.243425 0.095087  0.297613 0.539650 0
0  1.030165 9.634595 0.000000  0.965247 -0.243425 0.095087  0.297613 0.539650 0
0  1.027064 9.634595 0.031476  0.965247 -0.243425 0.095087  0.297613 0.539650 0
painted_wood_01
0  0.481917 7.460647 0.000000  0.965249 -0.243426 -0.095074  0.297613 0.539650 0
0  1.027064 9.634595 -0.031476  0.965249 -0.243426 -0.095074  0.297613 0.539650 0
0  1.030165 9.634595 0.000000  0.965249 -0.243426 -0.095074  0.297613 0.539650 0
painted_wood_01
0  0.472848 7.460647 -0.092078  0.931389 -0.229569 -0.282510  0.297613 0.539650 0
0  1.017884 9.634595 -0.061741  0.931389 -0.229569 -0.282510  0.297613 0.539650 0
0  1.027064 9.634595 -0.031476  0.931389 -0.229569 -0.282510  0.297613 0.539650 0
painted_wood_01
0  0.445990 7.460647 -0.180618  0.863747 -0.201978 -0.461678  0.297613 0.539650 0
0  1.002975 9.634595 -0.089634  0.863747 -0.201978 -0.461678  0.297613 0.539650 0
0  1.017884 9.634595 -0.061741  0.863747 -0.201978 -0.461678  0.297613 0.539650 0
painted_wood_01
0  0.402375 7.460647 -0.262216  0.762913 -0.161067 -0.626116  0.297613 0.539650 0
0  0.982910 9.634595 -0.114083  0.762913 -0.161067 -0.626116  0.297613 0.539650 0
0  1.002975 9.634595 -0.089634  0.762913 -0.161067 -0.626116  0.297613 0.539650 0
painted_wood_01
0  0.343678 7.460647 -0.333738  0.630691 -0.107800 -0.768510  0.297613 0.539650 0
0  0.958461 9.634595 -0.134147  0.630691 -0.107800 -0.768510  0.297613 0.539650 0
0  0.982910 9.634595 -0.114083  0.630691 -0.107800 -0.768510  0.297613 0.539650 0
painted_wood_01
0  0.272157 7.460647 -0.392434  0.470944 -0.043994 -0.881066  0.297613 0.539650 0
0  0.930568 9.634595 -0.149057  0.470944 -0.043994 -0.881066  0.297613 0.539650 0
0  0.958461 9.634595 -0.134147  0.470944 -0.043994 -0.881066  0.297613 0.539650 0
painted_wood_01
0  0.190558 7.460647 -0.436049  0.290173 0.027506 -0.956579  0.297613 0.539650 0
0  0.900303 9.634595 -0.158238  0.290173 0.027506 -0.956579  0.297613 0.539650 0
0  0.930568 9.634595 -0.149057  0.290173 0.027506 -0.956579  0.297613 0.539650 0
painted_wood_01
0  0.424202 15.683431 -1.127445  0.406149 0.012793 -0.913717  0.297613 0.539650 0
0  0.000000 15.683431 -1.180231  0.308848 0.010655 -0.951052  0.297613 0.539650 0
0  0.000000 15.783435 0.000000  0.778966 0.033226 -0.626186  0.297613 0.539650 0
painted_wood_01
0  1.199134 14.783431 0.794594  0.875196 0.123257 0.467803  0.297613 0.539650 0
0  1.261969 15.683431 0.439907  0.875196 0.123257 0.467803  0.297613 0.539650 0
0  1.155741 15.683431 0.638646  0.875196 0.123257 0.467803  0.297613 0.539650 0
painted_wood_01
0  1.331302 14.783431 -0.547326  0.875197 0.123256 -0.467802  0.297613 0.539650 0
0  1.155741 15.683431 -0.638646  0.875197 0.123256 -0.467802  0.297613 0.539650 0
0  1.261969 15.683431 -0.439907  0.875197 0.123256 -0.467802  0.297613 0.539650 0
painted_wood_01
0  0.288965 14.783431 -1.402750  0.107668 0.271062 -0.956521  0.297613 0.539650 0
0  0.000000 15.683431 -1.180231  0.107668 0.271062 -0.956521  0.297613 0.539650 0
0  0.424202 15.683431 -1.127445  0.107668 0.271062 -0.956521  0.297613 0.539650 0
painted_wood_01
0  0.804534 14.783431 1.189194  0.624742 0.173774 0.761249  0.297613 0.539650 0
0  1.012782 15.683431 0.812842  0.624742 0.173774 0.761249  0.297613 0.539650 0
0  0.838585 15.683431 0.955802  0.624742 0.173774 0.761249  0.297613 0.539650 0
c_invasion_wrangler_laser
0  1.412690 14.783431 0.279024  0.990217 0.099792 0.097530  0.210276 0.373453 0
0  1.349472 15.683431 0.000000  0.990217 0.099792 0.097530  0.206272 0.361201 0
0  1.327384 15.683431 0.224263  0.990217 0.099792 0.097530  0.209269 0.361047 0
painted_wood_01
0  0.804534 14.783431 -1.189194  0.461254 0.206331 -0.862944  0.297613 0.539650 0
0  0.639846 15.683431 -1.062030  0.461254 0.206331 -0.862944  0.297613 0.539650 0
0  0.838585 15.683431 -0.955802  0.461254 0.206331 -0.862944  0.297613 0.539650 0
painted_wood_01
0  0.288965 14.783431 1.402750  0.281677 0.241718 0.928564  0.297613 0.539650 0
0  0.639846 15.683431 1.062030  0.281677 0.241718 0.928564  0.297613 0.539650 0
0  0.424202 15.683431 1.127445  0.281677 0.241718 0.928564  0.297613 0.539650 0
painted_wood_01
0  1.199134 14.783431 -0.794594  0.764770 0.145626 -0.627630  0.297613 0.539650 0
0  1.012782 15.683431 -0.812842  0.764770 0.145626 -0.627630  0.297613 0.539650 0
0  1.155741 15.683431 -0.638646  0.764770 0.145626 -0.627630  0.297613 0.539650 0
c_invasion_wrangler_laser
0  1.440172 14.783431 0.000000  0.990217 0.099792 -0.097529  0.206268 0.373524 0
0  1.327384 15.683431 -0.224263  0.990217 0.099792 -0.097529  0.203275 0.361046 0
0  1.349472 15.683431 0.000000  0.990217 0.099792 -0.097529  0.206272 0.361201 0
gold_player
0  1.331302 14.783431 -0.547326  0.997046 0.076809 0.000000  0.000000 0.000000 0
0  1.261969 15.683431 0.439907  0.997046 0.076809 0.000000  0.000000 0.000000 0
0  1.331302 14.783431 0.547326  0.997046 0.076809 0.000000  0.000000 0.000000 0
painted_wood_01
0  1.021267 14.783431 1.011326  0.764770 0.145626 0.627630  0.297613 0.539650 0
0  1.155741 15.683431 0.638646  0.764770 0.145626 0.627630  0.297613 0.539650 0
0  1.012782 15.683431 0.812842  0.764770 0.145626 0.627630  0.297613 0.539650 0
painted_wood_01
0  0.557266 14.783431 -1.321361  0.281677 0.241717 -0.928564  0.297613 0.539650 0
0  0.424202 15.683431 -1.127445  0.281677 0.241717 -0.928564  0.297613 0.539650 0
0  0.639846 15.683431 -1.062030  0.281677 0.241717 -0.928564  0.297613 0.539650 0
c_invasion_wrangler_laser
0  1.412690 14.783431 -0.279024  0.951371 0.107735 -0.288594  0.202261 0.373451 0
0  1.261969 15.683431 -0.439907  0.951371 0.107735 -0.288594  0.200202 0.360525 0
0  1.327384 15.683431 -0.224263  0.951371 0.107735 -0.288594  0.203275 0.361046 0
painted_wood_01
0  0.557266 14.783431 1.321361  0.461253 0.206331 0.862945  0.297613 0.539650 0
0  0.838585 15.683431 0.955802  0.461253 0.206331 0.862945  0.297613 0.539650 0
0  0.639846 15.683431 1.062030  0.461253 0.206331 0.862945  0.297613 0.539650 0
painted_wood_01
0  0.000000 14.783431 1.430231  0.107667 0.271057 0.956523  0.297613 0.539650 0
0  0.424202 15.683431 1.127445  0.107666 0.271056 0.956523  0.297613 0.539650 0
0  0.000000 15.683431 1.180231  0.107667 0.271056 0.956523  0.297613 0.539650 0
painted_wood_01
0  1.021267 14.783431 -1.011326  0.624740 0.173774 -0.761250  0.297613 0.539650 0
0  0.838585 15.683431 -0.955802  0.624740 0.173774 -0.761250  0.297613 0.539650 0
0  1.012782 15.683431 -0.812842  0.624740 0.173774 -0.761250  0.297613 0.539650 0
painted_wood_01
0  0.505387 12.432436 5.504190  0.712406 0.437153 -0.548976  0.297613 0.539650 0
0  0.000000 13.361835 5.740606  0.640458 0.569506 -0.515244  0.297613 0.539650 0
0  0.252694 13.012539 5.826092  0.650130 0.548001 -0.526333  0.297613 0.539650 0
painted_wood_01
0  0.000000 12.923445 6.255380  0.812121 -0.041512 0.582011  0.297613 0.539650 0
0  0.505387 12.432436 5.504190  0.830428 -0.056130 0.554292  0.297613 0.539650 0
0  0.252694 13.012539 5.826092  0.843351 -0.061146 0.533874  0.297613 0.539650 0
painted_wood_01
0  0.000000 13.361835 -5.740606  0.640539 0.569459 0.515195  0.297613 0.539650 0
0  0.505387 12.432436 -5.504190  0.712470 0.437152 0.548894  0.297613 0.539650 0
0  0.252694 13.012539 -5.826092  0.650122 0.548147 0.526191  0.297613 0.539650 0
painted_wood_01
0  0.505387 12.432436 -5.504190  0.830435 -0.056032 -0.554291  0.297613 0.539650 0
0  0.000000 12.923445 -6.255380  0.812149 -0.041427 -0.581977  0.297613 0.539650 0
0  0.252694 13.012539 -5.826092  0.843358 -0.061050 -0.533872  0.297613 0.539650 0
painted_wood_01
0  0.000000 13.361835 -5.740606  0.732611 0.639288 -0.233648  0.297613 0.539650 0
0  0.252694 13.012539 -5.826092  0.403380 0.650258 -0.643777  0.297613 0.539650 0
0  0.000000 12.923445 -6.255380  0.715405 0.463275 -0.523041  0.297613 0.539650 0
painted_wood_01
0  1.012782 15.683431 0.812842  0.890629 0.097364 0.444184  0.297613 0.539650 0
0  1.155741 15.683431 0.638646  0.910634 0.098268 0.401360  0.297613 0.539650 0
0  0.000000 15.783435 0.000000  0.992558 0.114965 -0.040156  0.297613 0.539650 0
c_invasion_wrangler_laser
0  1.261969 15.683431 0.439907  0.981062 0.150039 0.122497  0.212342 0.360527 0
0  1.327384 15.683431 0.224263  0.973768 0.149486 0.171554  0.209269 0.361047 0
0  0.000000 15.783435 0.000000  0.986483 0.153547 -0.057233  0.206275 0.342777 0
painted_wood_01
0  1.155741 15.683431 0.638646  0.952280 0.125502 0.278231  0.297613 0.539650 0
0  1.261969 15.683431 0.439907  0.954418 0.125628 0.270748  0.297613 0.539650 0
0  0.000000 15.783435 0.000000  0.985337 0.136868 -0.101875  0.297613 0.539650 0
c_invasion_wrangler_laser
0  1.327384 15.683431 0.224263  0.986371 0.164444 -0.005483  0.209269 0.361047 0
0  1.349472 15.683431 0.000000  0.981789 0.164044 0.095815  0.206272 0.361201 0
0  0.000000 15.783435 0.000000  0.985898 0.164203 0.032287  0.206275 0.342777 0
painted_wood_01
0  1.261969 15.683431 -0.439907  0.954451 0.125630 -0.270631  0.297613 0.539650 0
0  1.155741 15.683431 -0.638646  0.952315 0.125504 -0.278110  0.297613 0.539650 0
0  0.000000 15.783435 0.000000  0.985353 0.136862 0.101731  0.297613 0.539650 0
c_invasion_wrangler_laser
0  1.349472 15.683431 0.000000  0.981785 0.164044 -0.095856  0.206272 0.361201 0
0  1.327384 15.683431 -0.224263  0.986372 0.164444 0.005440  0.203275 0.361046 0
0  0.000000 15.783435 0.000000  0.985903 0.164204 -0.032117  0.206275 0.342777 0
painted_wood_01
0  1.155741 15.683431 -0.638646  0.910629 0.098268 -0.401371  0.297613 0.539650 0
0  1.012782 15.683431 -0.812842  0.890698 0.097367 -0.444046  0.297613 0.539650 0
0  0.000000 15.783435 0.000000  0.992564 0.114957 0.040011  0.297613 0.539650 0
painted_wood_01
0  0.000000 15.683431 1.180231  0.308743 0.010653 0.951086  0.297613 0.539650 0
0  0.424202 15.683431 1.127445  0.406137 0.012792 0.913722  0.297613 0.539650 0
0  0.000000 15.783435 0.000000  0.778942 0.033224 0.626215  0.297613 0.539650 0
c_invasion_wrangler_laser
0  1.327384 15.683431 -0.224263  0.973762 0.149485 -0.171589  0.203275 0.361046 0
0  1.261969 15.683431 -0.439907  0.981075 0.150040 -0.122391  0.200202 0.360525 0
0  0.000000 15.783435 0.000000  0.986480 0.153548 0.057270  0.206275 0.342777 0
painted_wood_01
0  1.012782 15.683431 -0.812842  0.832773 0.071605 -0.548965  0.297613 0.539650 0
0  0.838585 15.683431 -0.955802  0.792983 0.070172 -0.605189  0.297613 0.539650 0
0  0.000000 15.783435 0.000000  0.991590 0.091500 -0.091525  0.297613 0.539650 0
painted_wood_01
0  0.424202 15.683431 1.127445  0.496682 0.026047 0.867542  0.297613 0.539650 0
0  0.639846 15.683431 1.062030  0.564654 0.027805 0.824860  0.297613 0.539650 0
0  0.000000 15.783435 0.000000  0.889672 0.049494 0.453910  0.297613 0.539650 0
gold_player
0  1.261969 15.683431 -0.439907  0.719191 0.238396 0.652634  0.000000 0.000000 0
0  0.000000 15.783435 0.000000  -0.929414 0.369039 0.000099  0.000000 0.000000 0
0  1.261969 15.683431 0.439907  0.719318 0.238386 -0.652498  0.000000 0.000000 0
painted_wood_01
0  0.838585 15.683431 -0.955802  0.717031 0.047990 -0.695388  0.297613 0.539650 0
0  0.639846 15.683431 -1.062030  0.660346 0.046291 -0.749534  0.297613 0.539650 0
0  0.000000 15.783435 0.000000  0.962066 0.069398 -0.263843  0.297613 0.539650 0
painted_wood_01
0  0.639846 15.683431 1.062030  0.660210 0.046288 0.749654  0.297613 0.539650 0
0  0.838585 15.683431 0.955802  0.717024 0.047990 0.695395  0.297613 0.539650 0
0  0.000000 15.783435 0.000000  0.962055 0.069395 0.263882  0.297613 0.539650 0
painted_wood_01
0  0.639846 15.683431 -1.062030  0.564668 0.027809 -0.824850  0.297613 0.539650 0
0  0.424202 15.683431 -1.127445  0.496720 0.026053 -0.867520  0.297613 0.539650 0
0  0.000000 15.783435 0.000000  0.889690 0.049495 -0.453874  0.297613 0.539650 0
painted_wood_01
0  0.838585 15.683431 0.955802  0.792964 0.070172 0.605214  0.297613 0.539650 0
0  1.012782 15.683431 0.812842  0.832773 0.071605 0.548964  0.297613 0.539650 0
0  0.000000 15.783435 0.000000  0.991587 0.091498 0.091563  0.297613 0.539650 0
painted_wood_01
0  0.000000 12.923445 6.255380  0.715453 0.463193 0.523049  0.297613 0.539650 0
0  0.252694 13.012539 5.826092  0.526379 0.620185 0.581632  0.297613 0.539650 0
0  0.000000 13.361835 5.740606  0.732595 0.639342 0.233552  0.297613 0.539650 0
painted_wood_01
0  9.830000 12.440001 0.000000  0.499395 0.049186 0.864977  0.297613 0.539650 0
0  8.184653 14.068030 0.857365  0.499395 0.049186 0.864977  0.297613 0.539650 0
0  8.345000 12.440001 0.857365  0.499395 0.049186 0.864977  0.297613 0.539650 0
painted_wood_01
0  8.345000 12.440001 0.857365  -0.995185 -0.098017 0.000000  0.297613 0.539650 0
0  8.184653 14.068030 -0.857365  -0.995185 -0.098017 0.000000  0.297613 0.539650 0
0  8.345000 12.440001 -0.857365  -0.995185 -0.098017 0.000000  0.297613 0.539650 0
painted_wood_01
0  8.345000 12.440001 -0.857365  0.499395 0.049186 -0.864977  0.297613 0.539650 0
0  9.641119 14.357739 0.000000  0.499395 0.049186 -0.864977  0.297613 0.539650 0
0  9.830000 12.440001 0.000000  0.499395 0.049186 -0.864977  0.297613 0.539650 0
painted_wood_01
0  9.641119 14.357739 0.000000  0.480203 0.145668 0.864977  0.297613 0.539650 0
0  7.709775 15.633493 0.857365  0.480203 0.145668 0.864977  0.297613 0.539650 0
0  8.184653 14.068030 0.857365  0.480203 0.145668 0.864977  0.297613 0.539650 0
painted_wood_01
0  8.184653 14.068030 0.857365  -0.956940 -0.290285 0.000000  0.297613 0.539650 0
0  7.709775 15.633493 -0.857365  -0.956940 -0.290285 0.000000  0.297613 0.539650 0
0  8.184653 14.068030 -0.857365  -0.956940 -0.290285 0.000000  0.297613 0.539650 0
painted_wood_01
0  8.184653 14.068030 -0.857365  0.480204 0.145668 -0.864977  0.297613 0.539650 0
0  9.081736 16.201778 0.000000  0.480204 0.145668 -0.864977  0.297613 0.539650 0
0  9.641119 14.357739 0.000000  0.480204 0.145668 -0.864977  0.297613 0.539650 0
painted_wood_01
0  9.081736 16.201778 0.000000  0.442557 0.236552 0.864978  0.297613 0.539650 0
0  6.938614 17.076235 0.857365  0.442557 0.236552 0.864978  0.297613 0.539650 0
0  7.709775 15.633493 0.857365  0.442557 0.236552 0.864978  0.297613 0.539650 0
painted_wood_01
0  7.709775 15.633493 0.857365  -0.881921 -0.471396 0.000000  0.297613 0.539650 0
0  6.938614 17.076235 -0.857365  -0.881921 -0.471396 0.000000  0.297613 0.539650 0
0  7.709775 15.633493 -0.857365  -0.881921 -0.471396 0.000000  0.297613 0.539650 0
painted_wood_01
0  7.709775 15.633493 -0.857365  0.442558 0.236552 -0.864977  0.297613 0.539650 0
0  8.173347 17.901257 0.000000  0.442558 0.236552 -0.864977  0.297613 0.539650 0
0  9.081736 16.201778 0.000000  0.442558 0.236552 -0.864977  0.297613 0.539650 0
painted_wood_01
0  8.173347 17.901257 0.000000  0.387905 0.318345 0.864978  0.297613 0.539650 0
0  5.900805 18.340807 0.857365  0.387905 0.318345 0.864978  0.297613 0.539650 0
0  6.938614 17.076235 0.857365  0.387905 0.318345 0.864978  0.297613 0.539650 0
painted_wood_01
0  6.938614 17.076235 0.857365  -0.773010 -0.634393 0.000000  0.297613 0.539650 0
0  5.900805 18.340807 -0.857365  -0.773010 -0.634393 0.000000  0.297613 0.539650 0
0  6.938614 17.076235 -0.857365  -0.773010 -0.634393 0.000000  0.297613 0.539650 0
painted_wood_01
0  6.938614 17.076235 -0.857365  0.387906 0.318346 -0.864977  0.297613 0.539650 0
0  6.950859 19.390860 0.000000  0.387906 0.318346 -0.864977  0.297613 0.539650 0
0  8.173347 17.901257 0.000000  0.387906 0.318346 -0.864977  0.297613 0.539650 0
painted_wood_01
0  6.950859 19.390860 0.000000  0.318346 0.387906 0.864977  0.297613 0.539650 0
0  4.636233 19.378614 0.857365  0.318346 0.387906 0.864977  0.297613 0.539650 0
0  5.900805 18.340807 0.857365  0.318346 0.387906 0.864977  0.297613 0.539650 0
painted_wood_01
0  5.900805 18.340807 0.857365  -0.634393 -0.773010 0.000000  0.297613 0.539650 0
0  4.636233 19.378614 -0.857365  -0.634393 -0.773010 0.000000  0.297613 0.539650 0
0  5.900805 18.340807 -0.857365  -0.634393 -0.773010 0.000000  0.297613 0.539650 0
painted_wood_01
0  5.900805 18.340807 -0.857365  0.318346 0.387905 -0.864977  0.297613 0.539650 0
0  5.461254 20.613348 0.000000  0.318346 0.387905 -0.864977  0.297613 0.539650 0
0  6.950859 19.390860 0.000000  0.318346 0.387905 -0.864977  0.297613 0.539650 0
painted_wood_01
0  5.461254 20.613348 0.000000  0.236552 0.442558 0.864977  0.297613 0.539650 0
0  3.193495 20.149775 0.857365  0.236552 0.442558 0.864977  0.297613 0.539650 0
0  4.636233 19.378614 0.857365  0.236552 0.442558 0.864977  0.297613 0.539650 0
painted_wood_01
0  4.636233 19.378614 0.857365  -0.471397 -0.881921 0.000000  0.297613 0.539650 0
0  3.193495 20.149775 -0.857365  -0.471397 -0.881921 0.000000  0.297613 0.539650 0
0  4.636233 19.378614 -0.857365  -0.471397 -0.881921 0.000000  0.297613 0.539650 0
painted_wood_01
0  4.636233 19.378614 -0.857365  0.236552 0.442557 -0.864977  0.297613 0.539650 0
0  3.761781 21.521736 0.000000  0.236552 0.442557 -0.864977  0.297613 0.539650 0
0  5.461254 20.613348 0.000000  0.236552 0.442557 -0.864977  0.297613 0.539650 0
painted_wood_01
0  3.761781 21.521736 0.000000  0.145668 0.480202 0.864978  0.297613 0.539650 0
0  1.628030 20.624655 0.857365  0.145668 0.480202 0.864978  0.297613 0.539650 0
0  3.193495 20.149775 0.857365  0.145668 0.480202 0.864978  0.297613 0.539650 0
painted_wood_01
0  3.193495 20.149775 0.857365  -0.290286 -0.956940 0.000000  0.297613 0.539650 0
0  1.628030 20.624655 -0.857365  -0.290286 -0.956940 0.000000  0.297613 0.539650 0
0  3.193495 20.149775 -0.857365  -0.290286 -0.956940 0.000000  0.297613 0.539650 0
painted_wood_01
0  3.193495 20.149775 -0.857365  0.145668 0.480203 -0.864978  0.297613 0.539650 0
0  1.917739 22.081121 0.000000  0.145668 0.480203 -0.864978  0.297613 0.539650 0
0  3.761781 21.521736 0.000000  0.145668 0.480203 -0.864978  0.297613 0.539650 0
painted_wood_01
0  1.917739 22.081121 0.000000  0.049186 0.499395 0.864977  0.297613 0.539650 0
0  0.000000 20.785002 0.857365  0.049186 0.499395 0.864977  0.297613 0.539650 0
0  1.628030 20.624655 0.857365  0.049186 0.499395 0.864977  0.297613 0.539650 0
painted_wood_01
0  1.628030 20.624655 0.857365  -0.098017 -0.995185 0.000000  0.297613 0.539650 0
0  0.000000 20.785002 -0.857365  -0.098017 -0.995185 0.000000  0.297613 0.539650 0
0  1.628030 20.624655 -0.857365  -0.098017 -0.995185 0.000000  0.297613 0.539650 0
painted_wood_01
0  1.628030 20.624655 -0.857365  0.049186 0.499395 -0.864977  0.297613 0.539650 0
0  0.000000 22.270002 0.000000  0.049186 0.499395 -0.864977  0.297613 0.539650 0
0  1.917739 22.081121 0.000000  0.049186 0.499395 -0.864977  0.297613 0.539650 0
painted_wood_01
0  0.000000 2.610000 0.000000  0.049186 -0.499395 0.864977  0.297613 0.539650 0
0  1.628026 4.255346 0.857365  0.049186 -0.499395 0.864977  0.297613 0.539650 0
0  0.000000 4.095000 0.857365  0.049186 -0.499395 0.864977  0.297613 0.539650 0
painted_wood_01
0  0.000000 4.095000 0.857365  -0.098017 0.995185 0.000000  0.297613 0.539650 0
0  1.628026 4.255346 -0.857365  -0.098017 0.995185 0.000000  0.297613 0.539650 0
0  0.000000 4.095000 -0.857365  -0.098017 0.995185 0.000000  0.297613 0.539650 0
painted_wood_01
0  0.000000 4.095000 -0.857365  0.049186 -0.499395 -0.864977  0.297613 0.539650 0
0  1.917735 2.798880 0.000000  0.049186 -0.499395 -0.864977  0.297613 0.539650 0
0  0.000000 2.610000 0.000000  0.049186 -0.499395 -0.864977  0.297613 0.539650 0
painted_wood_01
0  1.917735 2.798880 0.000000  0.145668 -0.480204 0.864977  0.297613 0.539650 0
0  3.193495 4.730227 0.857365  0.145668 -0.480204 0.864977  0.297613 0.539650 0
0  1.628026 4.255346 0.857365  0.145668 -0.480204 0.864977  0.297613 0.539650 0
painted_wood_01
0  1.628026 4.255346 0.857365  -0.290285 0.956940 0.000000  0.297613 0.539650 0
0  3.193495 4.730227 -0.857365  -0.290285 0.956940 0.000000  0.297613 0.539650 0
0  1.628026 4.255346 -0.857365  -0.290285 0.956940 0.000000  0.297613 0.539650 0
painted_wood_01
0  1.628026 4.255346 -0.857365  0.145668 -0.480203 -0.864977  0.297613 0.539650 0
0  3.761781 3.358266 0.000000  0.145668 -0.480203 -0.864977  0.297613 0.539650 0
0  1.917735 2.798880 0.000000  0.145668 -0.480203 -0.864977  0.297613 0.539650 0
painted_wood_01
0  3.761781 3.358266 0.000000  0.236552 -0.442558 0.864977  0.297613 0.539650 0
0  4.636233 5.501386 0.857365  0.236552 -0.442558 0.864977  0.297613 0.539650 0
0  3.193495 4.730227 0.857365  0.236552 -0.442558 0.864977  0.297613 0.539650 0
painted_wood_01
0  3.193495 4.730227 0.857365  -0.471397 0.881921 0.000000  0.297613 0.539650 0
0  4.636233 5.501386 -0.857365  -0.471397 0.881921 0.000000  0.297613 0.539650 0
0  3.193495 4.730227 -0.857365  -0.471397 0.881921 0.000000  0.297613 0.539650 0
painted_wood_01
0  3.193495 4.730227 -0.857365  0.236552 -0.442558 -0.864977  0.297613 0.539650 0
0  5.461254 4.266653 0.000000  0.236552 -0.442558 -0.864977  0.297613 0.539650 0
0  3.761781 3.358266 0.000000  0.236552 -0.442558 -0.864977  0.297613 0.539650 0
painted_wood_01
0  5.461254 4.266653 0.000000  0.318345 -0.387905 0.864977  0.297613 0.539650 0
0  5.900803 6.539191 0.857365  0.318345 -0.387905 0.864977  0.297613 0.539650 0
0  4.636233 5.501386 0.857365  0.318345 -0.387905 0.864977  0.297613 0.539650 0
painted_wood_01
0  4.636233 5.501386 0.857365  -0.634393 0.773011 0.000000  0.297613 0.539650 0
0  5.900803 6.539191 -0.857365  -0.634393 0.773011 0.000000  0.297613 0.539650 0
0  4.636233 5.501386 -0.857365  -0.634393 0.773011 0.000000  0.297613 0.539650 0
painted_wood_01
0  4.636233 5.501386 -0.857365  0.318346 -0.387906 -0.864977  0.297613 0.539650 0
0  6.950856 5.489137 0.000000  0.318346 -0.387906 -0.864977  0.297613 0.539650 0
0  5.461254 4.266653 0.000000  0.318346 -0.387906 -0.864977  0.297613 0.539650 0
painted_wood_01
0  6.950856 5.489137 0.000000  0.387905 -0.318345 0.864977  0.297613 0.539650 0
0  6.938614 7.803767 0.857365  0.387905 -0.318345 0.864977  0.297613 0.539650 0
0  5.900803 6.539191 0.857365  0.387905 -0.318345 0.864977  0.297613 0.539650 0
painted_wood_01
0  5.900803 6.539191 0.857365  -0.773010 0.634393 0.000000  0.297613 0.539650 0
0  6.938614 7.803767 -0.857365  -0.773010 0.634393 0.000000  0.297613 0.539650 0
0  5.900803 6.539191 -0.857365  -0.773010 0.634393 0.000000  0.297613 0.539650 0
painted_wood_01
0  5.900803 6.539191 -0.857365  0.387905 -0.318346 -0.864977  0.297613 0.539650 0
0  8.173347 6.978745 0.000000  0.387905 -0.318346 -0.864977  0.297613 0.539650 0
0  6.950856 5.489137 0.000000  0.387905 -0.318346 -0.864977  0.297613 0.539650 0
painted_wood_01
0  8.173347 6.978745 0.000000  0.442558 -0.236552 0.864977  0.297613 0.539650 0
0  7.709774 9.246504 0.857365  0.442558 -0.236552 0.864977  0.297613 0.539650 0
0  6.938614 7.803767 0.857365  0.442558 -0.236552 0.864977  0.297613 0.539650 0
painted_wood_01
0  6.938614 7.803767 0.857365  -0.881921 0.471397 0.000000  0.297613 0.539650 0
0  7.709774 9.246504 -0.857365  -0.881921 0.471397 0.000000  0.297613 0.539650 0
0  6.938614 7.803767 -0.857365  -0.881921 0.471397 0.000000  0.297613 0.539650 0
painted_wood_01
0  6.938614 7.803767 -0.857365  0.442558 -0.236552 -0.864977  0.297613 0.539650 0
0  9.081735 8.678219 0.000000  0.442558 -0.236552 -0.864977  0.297613 0.539650 0
0  8.173347 6.978745 0.000000  0.442558 -0.236552 -0.864977  0.297613 0.539650 0
painted_wood_01
0  9.081735 8.678219 0.000000  0.480203 -0.145668 0.864977  0.297613 0.539650 0
0  8.184653 10.811974 0.857365  0.480203 -0.145668 0.864977  0.297613 0.539650 0
0  7.709774 9.246504 0.857365  0.480203 -0.145668 0.864977  0.297613 0.539650 0
painted_wood_01
0  7.709774 9.246504 0.857365  -0.956941 0.290284 0.000000  0.297613 0.539650 0
0  8.184653 10.811974 -0.857365  -0.956941 0.290284 0.000000  0.297613 0.539650 0
0  7.709774 9.246504 -0.857365  -0.956941 0.290284 0.000000  0.297613 0.539650 0
painted_wood_01
0  7.709774 9.246504 -0.857365  0.480203 -0.145668 -0.864977  0.297613 0.539650 0
0  9.641120 10.522264 0.000000  0.480203 -0.145668 -0.864977  0.297613 0.539650 0
0  9.081735 8.678219 0.000000  0.480203 -0.145668 -0.864977  0.297613 0.539650 0
painted_wood_01
0  9.641120 10.522264 0.000000  0.499395 -0.049186 0.864977  0.297613 0.539650 0
0  8.345000 12.440001 0.857365  0.499395 -0.049186 0.864977  0.297613 0.539650 0
0  8.184653 10.811974 0.857365  0.499395 -0.049186 0.864977  0.297613 0.539650 0
painted_wood_01
0  8.184653 10.811974 0.857365  -0.995185 0.098017 0.000000  0.297613 0.539650 0
0  8.345000 12.440001 -0.857365  -0.995185 0.098017 0.000000  0.297613 0.539650 0
0  8.184653 10.811974 -0.857365  -0.995185 0.098017 0.000000  0.297613 0.539650 0
painted_wood_01
0  8.184653 10.811974 -0.857365  0.499395 -0.049186 -0.864977  0.297613 0.539650 0
0  9.830000 12.440001 0.000000  0.499395 -0.049186 -0.864977  0.297613 0.539650 0
0  9.641120 10.522264 0.000000  0.499395 -0.049186 -0.864977  0.297613 0.539650 0
painted_wood_01
0  -0.717788 -1.644998 -0.717788  -0.772872 -0.018951 -0.634279  0.297613 0.539650 0
0  -0.749008 -7.645001 -0.500475  -0.772872 -0.018951 -0.634279  0.297613 0.539650 0
0  -0.844029 -1.644998 -0.563962  -0.772872 -0.018951 -0.634279  0.297613 0.539650 0
gold_player
0  0.000000 4.625004 1.170000  -0.097988 -0.024578 0.994884  0.000000 0.000000 0
0  -0.198037 -1.644998 0.995600  -0.097988 -0.024578 0.994884  0.000000 0.000000 0
0  0.000000 -1.644998 1.015105  -0.097988 -0.024578 0.994884  0.000000 0.000000 0
gold_player
0  -0.228256 4.625004 1.147519  -0.290197 -0.024578 0.956651  0.000000 0.000000 0
0  -0.388464 -1.644998 0.937835  -0.290197 -0.024578 0.956651  0.000000 0.000000 0
0  -0.198037 -1.644998 0.995600  -0.290197 -0.024578 0.956651  0.000000 0.000000 0
painted_wood_01
0  -0.636979 -7.645001 0.636983  -0.629442 0.124693 0.766978  0.297613 0.539650 0
0  -0.781099 -11.644995 1.169013  -0.629442 0.124693 0.766978  0.297613 0.539650 0
0  -0.500471 -7.645001 0.749012  -0.629442 0.124693 0.766978  0.297613 0.539650 0
gold_player
0  -0.447740 4.625004 1.080939  -0.471254 -0.024578 0.881655  0.000000 0.000000 0
0  -0.563962 -1.644998 0.844029  -0.471254 -0.024578 0.881655  0.000000 0.000000 0
0  -0.388464 -1.644998 0.937835  -0.471254 -0.024578 0.881655  0.000000 0.000000 0
painted_wood_01
0  -0.995600 -1.644998 -0.198037  -0.995006 -0.018952 -0.097999  0.297613 0.539650 0
0  -0.900825 -7.645001 0.000000  -0.995006 -0.018952 -0.097999  0.297613 0.539650 0
0  -1.015105 -1.644998 0.000000  -0.995006 -0.018952 -0.097999  0.297613 0.539650 0
gold_player
0  -0.650017 4.625004 0.972820  -0.634202 -0.024578 0.772777  0.000000 0.000000 0
0  -0.717788 -1.644998 0.717788  -0.634202 -0.024578 0.772777  0.000000 0.000000 0
0  -0.563962 -1.644998 0.844029  -0.634202 -0.024578 0.772777  0.000000 0.000000 0
gold_player
0  -0.175742 -7.645001 -0.883519  -0.288020 0.124693 -0.949472  0.000000 0.000000 0
0  -0.538031 -11.644995 -1.298936  -0.288020 0.124693 -0.949472  0.000000 0.000000 0
0  -0.344731 -7.645001 -0.832257  -0.288020 0.124693 -0.949472  0.000000 0.000000 0
gold_player
0  -0.827315 4.625004 0.827315  -0.772777 -0.024578 0.634202  0.000000 0.000000 0
0  -0.844029 -1.644998 0.563962  -0.772777 -0.024578 0.634202  0.000000 0.000000 0
0  -0.717788 -1.644998 0.717788  -0.772777 -0.024578 0.634202  0.000000 0.000000 0
gold_player
0  -0.883516 -7.645001 0.175745  -0.949472 0.124691 0.288020  0.000000 0.000000 0
0  -1.298921 -11.644995 0.538046  -0.949472 0.124691 0.288020  0.000000 0.000000 0
0  -0.832253 -7.645001 0.344734  -0.949472 0.124691 0.288020  0.000000 0.000000 0
gold_player
0  -0.972820 4.625004 0.650017  -0.881655 -0.024578 0.471254  0.000000 0.000000 0
0  -0.937835 -1.644998 0.388464  -0.881655 -0.024578 0.471254  0.000000 0.000000 0
0  -0.844029 -1.644998 0.563962  -0.881655 -0.024578 0.471254  0.000000 0.000000 0
painted_wood_01
0  -0.198037 -1.644998 0.995600  -0.097999 -0.018951 0.995006  0.297613 0.539650 0
0  0.000000 -7.645001 0.900828  -0.097999 -0.018951 0.995006  0.297613 0.539650 0
0  0.000000 -1.644998 1.015105  -0.097999 -0.018951 0.995006  0.297613 0.539650 0
gold_player
0  -1.080939 4.625004 0.447740  -0.956651 -0.024578 0.290197  0.000000 0.000000 0
0  -0.995600 -1.644998 0.198037  -0.956651 -0.024578 0.290197  0.000000 0.000000 0
0  -0.937835 -1.644998 0.388464  -0.956651 -0.024578 0.290197  0.000000 0.000000 0
painted_wood_01
0  -0.937835 -1.644998 0.388464  -0.881763 -0.018951 0.471312  0.297613 0.539650 0
0  -0.749008 -7.645001 0.500475  -0.881763 -0.018951 0.471312  0.297613 0.539650 0
0  -0.844029 -1.644998 0.563962  -0.881763 -0.018951 0.471312  0.297613 0.539650 0
gold_player
0  -1.147519 4.625004 0.228256  -0.994884 -0.024578 0.097987  0.000000 0.000000 0
0  -1.015105 -1.644998 0.000000  -0.994884 -0.024578 0.097987  0.000000 0.000000 0
0  -0.995600 -1.644998 0.198037  -0.994884 -0.024578 0.097987  0.000000 0.000000 0
painted_wood_01
0  -0.388464 -1.644998 -0.937835  -0.471312 -0.018951 -0.881763  0.297613 0.539650 0
0  -0.500471 -7.645001 -0.749012  -0.471312 -0.018951 -0.881763  0.297613 0.539650 0
0  -0.563962 -1.644998 -0.844029  -0.471312 -0.018951 -0.881763  0.297613 0.539650 0
gold_player
0  -1.170000 4.625004 0.000000  -0.994884 -0.024578 -0.097987  0.000000 0.000000 0
0  -0.995600 -1.644998 -0.198037  -0.994884 -0.024578 -0.097987  0.000000 0.000000 0
0  -1.015105 -1.644998 0.000000  -0.994884 -0.024578 -0.097987  0.000000 0.000000 0
gold_player
0  -1.147519 4.625004 -0.228256  -0.956651 -0.024578 -0.290197  0.000000 0.000000 0
0  -0.937835 -1.644998 -0.388464  -0.956651 -0.024578 -0.290197  0.000000 0.000000 0
0  -0.995600 -1.644998 -0.198037  -0.956651 -0.024578 -0.290197  0.000000 0.000000 0
gold_player
0  -0.832253 -7.645001 -0.344734  -0.949472 0.124691 -0.288020  0.000000 0.000000 0
0  -1.378927 -11.644995 -0.274301  -0.949472 0.124691 -0.288020  0.000000 0.000000 0
0  -0.883516 -7.645001 -0.175745  -0.949472 0.124691 -0.288020  0.000000 0.000000 0
gold_player
0  -1.080939 4.625004 -0.447740  -0.881655 -0.024578 -0.471254  0.000000 0.000000 0
0  -0.844029 -1.644998 -0.563962  -0.881655 -0.024578 -0.471254  0.000000 0.000000 0
0  -0.937835 -1.644998 -0.388464  -0.881655 -0.024578 -0.471254  0.000000 0.000000 0
gold_player
0  -0.344731 -7.645001 0.832257  -0.288018 0.124693 0.949472  0.000000 0.000000 0
0  -0.274286 -11.644995 1.378942  -0.288018 0.124693 0.949472  0.000000 0.000000 0
0  -0.175742 -7.645001 0.883519  -0.288018 0.124693 0.949472  0.000000 0.000000 0
painted_wood_01
0  -0.563962 -1.644998 0.844029  -0.471313 -0.018951 0.881763  0.297613 0.539650 0
0  -0.344731 -7.645001 0.832257  -0.471313 -0.018951 0.881763  0.297613 0.539650 0
0  -0.388464 -1.644998 0.937835  -0.471313 -0.018951 0.881763  0.297613 0.539650 0
gold_player
0  -0.972820 4.625004 -0.650017  -0.772777 -0.024578 -0.634202  0.000000 0.000000 0
0  -0.717788 -1.644998 -0.717788  -0.772777 -0.024578 -0.634202  0.000000 0.000000 0
0  -0.844029 -1.644998 -0.563962  -0.772777 -0.024578 -0.634202  0.000000 0.000000 0
painted_wood_01
0  -0.844029 -1.644998 -0.563962  -0.881763 -0.018951 -0.471312  0.297613 0.539650 0
0  -0.832253 -7.645001 -0.344734  -0.881763 -0.018951 -0.471312  0.297613 0.539650 0
0  -0.937835 -1.644998 -0.388464  -0.881763 -0.018951 -0.471312  0.297613 0.539650 0
gold_player
0  -0.827315 4.625004 -0.827315  -0.634202 -0.024578 -0.772777  0.000000 0.000000 0
0  -0.563962 -1.644998 -0.844029  -0.634202 -0.024578 -0.772777  0.000000 0.000000 0
0  -0.717788 -1.644998 -0.717788  -0.634202 -0.024578 -0.772777  0.000000 0.000000 0
gold_player
0  -0.650017 4.625004 -0.972820  -0.471254 -0.024578 -0.881655  0.000000 0.000000 0
0  -0.388464 -1.644998 -0.937835  -0.471254 -0.024578 -0.881655  0.000000 0.000000 0
0  -0.563962 -1.644998 -0.844029  -0.471254 -0.024578 -0.881655  0.000000 0.000000 0
painted_wood_01
0  -0.500471 -7.645001 -0.749012  -0.629443 0.124693 -0.766977  0.297613 0.539650 0
0  -0.994151 -11.644995 -0.994166  -0.629443 0.124693 -0.766977  0.297613 0.539650 0
0  -0.636979 -7.645001 -0.636983  -0.629443 0.124693 -0.766977  0.297613 0.539650 0
gold_player
0  -0.447740 4.625004 -1.080939  -0.290197 -0.024578 -0.956651  0.000000 0.000000 0
0  -0.198037 -1.644998 -0.995600  -0.290197 -0.024578 -0.956651  0.000000 0.000000 0
0  -0.388464 -1.644998 -0.937835  -0.290197 -0.024578 -0.956651  0.000000 0.000000 0
painted_wood_01
0  -0.749008 -7.645001 0.500475  -0.766977 0.124692 0.629442  0.297613 0.539650 0
0  -0.994151 -11.644995 0.994166  -0.766977 0.124692 0.629442  0.297613 0.539650 0
0  -0.636979 -7.645001 0.636983  -0.766977 0.124692 0.629442  0.297613 0.539650 0
painted_wood_01
0  -1.015105 -1.644998 0.000000  -0.995006 -0.018952 0.098000  0.297613 0.539650 0
0  -0.883516 -7.645001 0.175745  -0.995006 -0.018952 0.098000  0.297613 0.539650 0
0  -0.995600 -1.644998 0.198037  -0.995006 -0.018952 0.098000  0.297613 0.539650 0
gold_player
0  -0.228256 4.625004 -1.147519  -0.097987 -0.024578 -0.994884  0.000000 0.000000 0
0  0.000000 -1.644998 -1.015105  -0.097987 -0.024578 -0.994884  0.000000 0.000000 0
0  -0.198037 -1.644998 -0.995600  -0.097987 -0.024578 -0.994884  0.000000 0.000000 0
painted_wood_01
0  0.000000 -1.644998 -1.015105  -0.098000 -0.018951 -0.995006  0.297613 0.539650 0
0  -0.175742 -7.645001 -0.883519  -0.098000 -0.018951 -0.995006  0.297613 0.539650 0
0  -0.198037 -1.644998 -0.995600  -0.098000 -0.018951 -0.995006  0.297613 0.539650 0
painted_wood_01
0  0.000000 -7.645001 -0.900828  -0.097253 0.124693 -0.987418  0.297613 0.539650 0
0  -0.274286 -11.644995 -1.378942  -0.097253 0.124693 -0.987418  0.297613 0.539650 0
0  -0.175742 -7.645001 -0.883519  -0.097253 0.124693 -0.987418  0.297613 0.539650 0
painted_wood_01
0  -0.900825 -7.645001 0.000000  -0.987418 0.124691 0.097250  0.297613 0.539650 0
0  -1.378927 -11.644995 0.274301  -0.987418 0.124691 0.097250  0.297613 0.539650 0
0  -0.883516 -7.645001 0.175745  -0.987418 0.124691 0.097250  0.297613 0.539650 0
painted_wood_01
0  -0.844029 -1.644998 0.563962  -0.772871 -0.018951 0.634279  0.297613 0.539650 0
0  -0.636979 -7.645001 0.636983  -0.772871 -0.018951 0.634279  0.297613 0.539650 0
0  -0.717788 -1.644998 0.717788  -0.772871 -0.018951 0.634279  0.297613 0.539650 0
painted_wood_01
0  -0.563962 -1.644998 -0.844029  -0.634280 -0.018951 -0.772871  0.297613 0.539650 0
0  -0.636979 -7.645001 -0.636983  -0.634280 -0.018951 -0.772871  0.297613 0.539650 0
0  -0.717788 -1.644998 -0.717788  -0.634280 -0.018951 -0.772871  0.297613 0.539650 0
painted_wood_01
0  -0.749008 -7.645001 -0.500475  -0.875038 0.124692 -0.467718  0.297613 0.539650 0
0  -1.298921 -11.644995 -0.538046  -0.875038 0.124692 -0.467718  0.297613 0.539650 0
0  -0.832253 -7.645001 -0.344734  -0.875038 0.124692 -0.467718  0.297613 0.539650 0
painted_wood_01
0  -0.500471 -7.645001 0.749012  -0.467717 0.124693 0.875039  0.297613 0.539650 0
0  -0.538031 -11.644995 1.298936  -0.467717 0.124693 0.875039  0.297613 0.539650 0
0  -0.344731 -7.645001 0.832257  -0.467717 0.124693 0.875039  0.297613 0.539650 0
gold_player
0  -0.388464 -1.644998 0.937835  -0.290233 -0.018951 0.956768  0.000000 0.000000 0
0  -0.175742 -7.645001 0.883519  -0.290233 -0.018951 0.956768  0.000000 0.000000 0
0  -0.198037 -1.644998 0.995600  -0.290233 -0.018951 0.956768  0.000000 0.000000 0
gold_player
0  -0.937835 -1.644998 -0.388464  -0.956768 -0.018951 -0.290233  0.000000 0.000000 0
0  -0.883516 -7.645001 -0.175745  -0.956768 -0.018951 -0.290233  0.000000 0.000000 0
0  -0.995600 -1.644998 -0.198037  -0.956768 -0.018951 -0.290233  0.000000 0.000000 0
painted_wood_01
0  -0.344731 -7.645001 -0.832257  -0.467718 0.124693 -0.875038  0.297613 0.539650 0
0  -0.781099 -11.644995 -1.169013  -0.467718 0.124693 -0.875038  0.297613 0.539650 0
0  -0.500471 -7.645001 -0.749012  -0.467718 0.124693 -0.875038  0.297613 0.539650 0
painted_wood_01
0  -0.832253 -7.645001 0.344734  -0.875039 0.124692 0.467717  0.297613 0.539650 0
0  -1.168998 -11.644995 0.781114  -0.875039 0.124692 0.467717  0.297613 0.539650 0
0  -0.749008 -7.645001 0.500475  -0.875039 0.124692 0.467717  0.297613 0.539650 0
gold_player
0  -0.995600 -1.644998 0.198037  -0.956768 -0.018951 0.290233  0.000000 0.000000 0
0  -0.832253 -7.645001 0.344734  -0.956768 -0.018951 0.290233  0.000000 0.000000 0
0  -0.937835 -1.644998 0.388464  -0.956768 -0.018951 0.290233  0.000000 0.000000 0
gold_player
0  -0.198037 -1.644998 -0.995600  -0.290233 -0.018951 -0.956768  0.000000 0.000000 0
0  -0.344731 -7.645001 -0.832257  -0.290233 -0.018951 -0.956768  0.000000 0.000000 0
0  -0.388464 -1.644998 -0.937835  -0.290233 -0.018951 -0.956768  0.000000 0.000000 0
painted_wood_01
0  -0.883516 -7.645001 -0.175745  -0.987418 0.124691 -0.097250  0.297613 0.539650 0
0  -1.405942 -11.644995 0.000000  -0.987418 0.124691 -0.097250  0.297613 0.539650 0
0  -0.900825 -7.645001 0.000000  -0.987418 0.124691 -0.097250  0.297613 0.539650 0
painted_wood_01
0  -0.636979 -7.645001 -0.636983  -0.766977 0.124692 -0.629443  0.297613 0.539650 0
0  -1.168998 -11.644995 -0.781114  -0.766977 0.124692 -0.629443  0.297613 0.539650 0
0  -0.749008 -7.645001 -0.500475  -0.766977 0.124692 -0.629443  0.297613 0.539650 0
painted_wood_01
0  -0.717788 -1.644998 0.717788  -0.634280 -0.018951 0.772871  0.297613 0.539650 0
0  -0.500471 -7.645001 0.749012  -0.634280 -0.018951 0.772871  0.297613 0.539650 0
0  -0.563962 -1.644998 0.844029  -0.634280 -0.018951 0.772871  0.297613 0.539650 0
painted_wood_01
0  -0.175742 -7.645001 0.883519  -0.097253 0.124693 0.987418  0.297613 0.539650 0
0  0.000000 -11.644995 1.405957  -0.097253 0.124693 0.987418  0.297613 0.539650 0
0  0.000000 -7.645001 0.900828  -0.097253 0.124693 0.987418  0.297613 0.539650 0
gold_player
0  0.000000 6.680005 -1.000000  -0.064971 0.727875 -0.682625  0.000000 0.000000 0
0  -0.102019 7.174601 -0.462907  -0.064971 0.727875 -0.682624  0.000000 0.000000 0
0  0.000000 7.174601 -0.471976  -0.064971 0.727875 -0.682625  0.000000 0.000000 0
gold_player
0  -0.195090 6.680005 -0.980785  -0.199537 0.726296 -0.657784  0.000000 0.000000 0
0  -0.190558 7.174601 -0.436049  -0.199537 0.726296 -0.657784  0.000000 0.000000 0
0  -0.102019 7.174601 -0.462907  -0.199537 0.726296 -0.657784  0.000000 0.000000 0
gold_player
0  -0.382683 6.680005 -0.923880  -0.324619 0.725110 -0.607320  0.000000 0.000000 0
0  -0.272157 7.174601 -0.392434  -0.324619 0.725110 -0.607320  0.000000 0.000000 0
0  -0.190558 7.174601 -0.436049  -0.324619 0.725110 -0.607320  0.000000 0.000000 0
gold_player
0  -0.555570 6.680005 -0.831470  -0.437578 0.724036 -0.533195  0.000000 0.000000 0
0  -0.343678 7.174601 -0.333738  -0.437578 0.724036 -0.533195  0.000000 0.000000 0
0  -0.272157 7.174601 -0.392434  -0.437578 0.724036 -0.533195  0.000000 0.000000 0
gold_player
0  -0.707107 6.680005 -0.707107  -0.533935 0.723123 -0.438186  0.000000 0.000000 0
0  -0.402375 7.174601 -0.262216  -0.533935 0.723123 -0.438186  0.000000 0.000000 0
0  -0.343678 7.174601 -0.333738  -0.533935 0.723123 -0.438186  0.000000 0.000000 0
gold_player
0  -0.831470 6.680003 -0.555570  -0.609831 0.722399 -0.325955  0.000000 0.000000 0
0  -0.445990 7.174601 -0.180618  -0.609831 0.722399 -0.325955  0.000000 0.000000 0
0  -0.402375 7.174601 -0.262216  -0.609831 0.722399 -0.325955  0.000000 0.000000 0
gold_player
0  -0.923880 6.680003 -0.382683  -0.662201 0.721899 -0.200880  0.000000 0.000000 0
0  -0.472848 7.174601 -0.092078  -0.662201 0.721899 -0.200880  0.000000 0.000000 0
0  -0.445990 7.174601 -0.180618  -0.662201 0.721899 -0.200880  0.000000 0.000000 0
gold_player
0  -0.980785 6.680003 -0.195090  -0.688931 0.721644 -0.067852  0.000000 0.000000 0
0  -0.481917 7.174601 0.000000  -0.688931 0.721644 -0.067852  0.000000 0.000000 0
0  -0.472848 7.174601 -0.092078  -0.688931 0.721644 -0.067852  0.000000 0.000000 0
gold_player
0  -1.000000 6.680003 0.000000  -0.688931 0.721644 0.067852  0.000000 0.000000 0
0  -0.472848 7.174601 0.092078  -0.688931 0.721644 0.067852  0.000000 0.000000 0
0  -0.481917 7.174601 0.000000  -0.688931 0.721644 0.067852  0.000000 0.000000 0
gold_player
0  -0.980785 6.680003 0.195090  -0.662202 0.721899 0.200874  0.000000 0.000000 0
0  -0.445990 7.174601 0.180618  -0.662202 0.721899 0.200874  0.000000 0.000000 0
0  -0.472848 7.174601 0.092078  -0.662202 0.721899 0.200874  0.000000 0.000000 0
gold_player
0  -0.923880 6.680003 0.382683  -0.609832 0.722401 0.325949  0.000000 0.000000 0
0  -0.402375 7.174601 0.262216  -0.609832 0.722401 0.325949  0.000000 0.000000 0
0  -0.445990 7.174601 0.180618  -0.609832 0.722401 0.325949  0.000000 0.000000 0
gold_player
0  -0.831470 6.680003 0.555570  -0.533935 0.723120 0.438191  0.000000 0.000000 0
0  -0.343678 7.174601 0.333738  -0.533935 0.723120 0.438191  0.000000 0.000000 0
0  -0.402375 7.174601 0.262216  -0.533935 0.723120 0.438191  0.000000 0.000000 0
gold_player
0  -0.707107 6.680005 0.707107  -0.437577 0.724035 0.533198  0.000000 0.000000 0
0  -0.272157 7.174601 0.392434  -0.437577 0.724035 0.533198  0.000000 0.000000 0
0  -0.343678 7.174601 0.333738  -0.437577 0.724035 0.533198  0.000000 0.000000 0
gold_player
0  -0.555570 6.680005 0.831470  -0.324619 0.725109 0.607321  0.000000 0.000000 0
0  -0.190558 7.174601 0.436049  -0.324619 0.725109 0.607321  0.000000 0.000000 0
0  -0.272157 7.174601 0.392434  -0.324619 0.725109 0.607321  0.000000 0.000000 0
gold_player
0  -0.382683 6.680005 0.923880  -0.199537 0.726296 0.657783  0.000000 0.000000 0
0  -0.102019 7.174601 0.462907  -0.199537 0.726296 0.657783  0.000000 0.000000 0
0  -0.190558 7.174601 0.436049  -0.199537 0.726296 0.657783  0.000000 0.000000 0
gold_player
0  -0.195090 6.680005 0.980785  -0.064970 0.727870 0.682630  0.000000 0.000000 0
0  0.000000 7.174601 0.471976  -0.064970 0.727871 0.682630  0.000000 0.000000 0
0  -0.102019 7.174601 0.462907  -0.064970 0.727871 0.682630  0.000000 0.000000 0
gold_player
0  -0.228256 4.625004 -1.147519  -0.097686 0.082049 -0.991829  0.000000 0.000000 0
0  0.000000 6.680005 -1.000000  -0.097686 0.082049 -0.991829  0.000000 0.000000 0
0  0.000000 4.625004 -1.170000  -0.097686 0.082049 -0.991829  0.000000 0.000000 0
gold_player
0  -0.650017 4.625004 -0.972820  -0.469808 0.082049 -0.878947  0.000000 0.000000 0
0  -0.382683 6.680005 -0.923880  -0.469808 0.082049 -0.878947  0.000000 0.000000 0
0  -0.447740 4.625004 -1.080939  -0.469808 0.082049 -0.878947  0.000000 0.000000 0
gold_player
0  -0.827315 4.625004 -0.827315  -0.632254 0.082049 -0.770404  0.000000 0.000000 0
0  -0.555570 6.680005 -0.831470  -0.632254 0.082049 -0.770404  0.000000 0.000000 0
0  -0.650017 4.625004 -0.972820  -0.632254 0.082049 -0.770404  0.000000 0.000000 0
gold_player
0  -0.972820 4.625004 -0.650017  -0.770404 0.082049 -0.632254  0.000000 0.000000 0
0  -0.707107 6.680005 -0.707107  -0.770404 0.082049 -0.632254  0.000000 0.000000 0
0  -0.827315 4.625004 -0.827315  -0.770404 0.082049 -0.632254  0.000000 0.000000 0
gold_player
0  -1.080939 4.625004 -0.447740  -0.878947 0.082049 -0.469808  0.000000 0.000000 0
0  -0.831470 6.680003 -0.555570  -0.878947 0.082049 -0.469808  0.000000 0.000000 0
0  -0.972820 4.625004 -0.650017  -0.878947 0.082049 -0.469808  0.000000 0.000000 0
gold_player
0  -1.147519 4.625004 -0.228256  -0.953714 0.082049 -0.289306  0.000000 0.000000 0
0  -0.923880 6.680003 -0.382683  -0.953714 0.082049 -0.289306  0.000000 0.000000 0
0  -1.080939 4.625004 -0.447740  -0.953714 0.082049 -0.289306  0.000000 0.000000 0
gold_player
0  -1.170000 4.625004 0.000000  -0.991829 0.082049 -0.097686  0.000000 0.000000 0
0  -0.980785 6.680003 -0.195090  -0.991829 0.082049 -0.097686  0.000000 0.000000 0
0  -1.147519 4.625004 -0.228256  -0.991829 0.082049 -0.097686  0.000000 0.000000 0
gold_player
0  -1.147519 4.625004 0.228256  -0.991829 0.082049 0.097686  0.000000 0.000000 0
0  -1.000000 6.680003 0.000000  -0.991829 0.082049 0.097686  0.000000 0.000000 0
0  -1.170000 4.625004 0.000000  -0.991829 0.082049 0.097686  0.000000 0.000000 0
gold_player
0  -1.080939 4.625004 0.447740  -0.953714 0.082049 0.289306  0.000000 0.000000 0
0  -0.980785 6.680003 0.195090  -0.953714 0.082049 0.289306  0.000000 0.000000 0
0  -1.147519 4.625004 0.228256  -0.953714 0.082049 0.289306  0.000000 0.000000 0
gold_player
0  -0.972820 4.625004 0.650017  -0.878948 0.082049 0.469807  0.000000 0.000000 0
0  -0.923880 6.680003 0.382683  -0.878948 0.082049 0.469807  0.000000 0.000000 0
0  -1.080939 4.625004 0.447740  -0.878948 0.082049 0.469807  0.000000 0.000000 0
gold_player
0  -0.827315 4.625004 0.827315  -0.770405 0.082049 0.632254  0.000000 0.000000 0
0  -0.831470 6.680003 0.555570  -0.770405 0.082049 0.632254  0.000000 0.000000 0
0  -0.972820 4.625004 0.650017  -0.770405 0.082049 0.632254  0.000000 0.000000 0
gold_player
0  -0.650017 4.625004 0.972820  -0.632254 0.082049 0.770404  0.000000 0.000000 0
0  -0.707107 6.680005 0.707107  -0.632254 0.082049 0.770404  0.000000 0.000000 0
0  -0.827315 4.625004 0.827315  -0.632254 0.082049 0.770404  0.000000 0.000000 0
gold_player
0  -0.447740 4.625004 1.080939  -0.469807 0.082049 0.878948  0.000000 0.000000 0
0  -0.555570 6.680005 0.831470  -0.469807 0.082049 0.878948  0.000000 0.000000 0
0  -0.650017 4.625004 0.972820  -0.469807 0.082049 0.878948  0.000000 0.000000 0
gold_player
0  -0.447740 4.625004 -1.080939  -0.289306 0.082049 -0.953714  0.000000 0.000000 0
0  -0.195090 6.680005 -0.980785  -0.289306 0.082049 -0.953714  0.000000 0.000000 0
0  -0.228256 4.625004 -1.147519  -0.289306 0.082049 -0.953714  0.000000 0.000000 0
gold_player
0  -0.228256 4.625004 1.147519  -0.289306 0.082049 0.953714  0.000000 0.000000 0
0  -0.382683 6.680005 0.923880  -0.289306 0.082049 0.953714  0.000000 0.000000 0
0  -0.447740 4.625004 1.080939  -0.289306 0.082049 0.953714  0.000000 0.000000 0
gold_player
0  0.000000 4.625004 1.170000  -0.097686 0.082049 0.991829  0.000000 0.000000 0
0  -0.195090 6.680005 0.980785  -0.097686 0.082049 0.991829  0.000000 0.000000 0
0  -0.228256 4.625004 1.147519  -0.097686 0.082049 0.991829  0.000000 0.000000 0
gold_player
0  -0.274286 -11.644995 -1.378942  -0.414963 0.137892 -0.899329  0.000000 0.000000 0
0  -0.039692 -12.644995 0.000000  -0.688006 0.072758 -0.722049  0.000000 0.000000 0
0  -0.538031 -11.644995 -1.298936  -0.449123 0.134026 -0.883361  0.000000 0.000000 0
gold_player
0  -1.378927 -11.644995 0.274301  -0.958234 -0.154860 0.240428  0.000000 0.000000 0
0  -0.039692 -12.644995 0.000000  -0.975568 -0.162391 0.147976  0.000000 0.000000 0
0  -1.298921 -11.644995 0.538046  -0.963636 -0.156079 0.216900  0.000000 0.000000 0
painted_wood_01
0  -0.538031 -11.644995 -1.298936  -0.585434 0.081455 -0.806618  0.297613 0.539650 0
0  -0.039692 -12.644995 0.000000  -0.810582 0.016998 -0.585379  0.297613 0.539650 0
0  -0.781099 -11.644995 -1.169013  -0.612556 0.077913 -0.786578  0.297613 0.539650 0
painted_wood_01
0  -1.298921 -11.644995 0.538046  -0.916367 -0.108564 0.385338  0.297613 0.539650 0
0  -0.039692 -12.644995 0.000000  -0.965678 -0.132679 0.223300  0.297613 0.539650 0
0  -1.168998 -11.644995 0.781114  -0.918820 -0.109062 0.379308  0.297613 0.539650 0
painted_wood_01
0  -0.781099 -11.644995 -1.169013  -0.729593 0.017376 -0.683660  0.297613 0.539650 0
0  -0.039692 -12.644995 0.000000  -0.893130 -0.039677 -0.448045  0.297613 0.539650 0
0  -0.994151 -11.644995 -0.994166  -0.746478 0.014810 -0.665245  0.297613 0.539650 0
painted_wood_01
0  -1.168998 -11.644995 0.781114  -0.847480 -0.048991 0.528562  0.297613 0.539650 0
0  -0.039692 -12.644995 0.000000  -0.941726 -0.090607 0.323948  0.297613 0.539650 0
0  -0.994151 -11.644995 0.994166  -0.841617 -0.047955 0.537941  0.297613 0.539650 0
painted_wood_01
0  -0.994151 -11.644995 -0.994166  -0.841539 -0.047945 -0.538065  0.297613 0.539650 0
0  -0.039692 -12.644995 0.000000  -0.941736 -0.090615 -0.323919  0.297613 0.539650 0
0  -1.168998 -11.644995 -0.781114  -0.847463 -0.048989 -0.528589  0.297613 0.539650 0
painted_wood_01
0  -0.994151 -11.644995 0.994166  -0.746422 0.014820 0.665308  0.297613 0.539650 0
0  -0.039692 -12.644995 0.000000  -0.893118 -0.039668 0.448071  0.297613 0.539650 0
0  -0.781099 -11.644995 1.169013  -0.729618 0.017373 0.683635  0.297613 0.539650 0
painted_wood_01
0  -1.168998 -11.644995 -0.781114  -0.918849 -0.109068 -0.379238  0.297613 0.539650 0
0  -0.039692 -12.644995 0.000000  -0.965683 -0.132684 -0.223273  0.297613 0.539650 0
0  -1.298921 -11.644995 -0.538046  -0.916355 -0.108562 -0.385369  0.297613 0.539650 0
painted_wood_01
0  -0.781099 -11.644995 1.169013  -0.612585 0.077909 0.786556  0.297613 0.539650 0
0  -0.039692 -12.644995 0.000000  -0.810563 0.017008 0.585404  0.297613 0.539650 0
0  -0.538031 -11.644995 1.298936  -0.585566 0.081439 0.806524  0.297613 0.539650 0
gold_player
0  -1.298921 -11.644995 -0.538046  -0.963651 -0.156086 -0.216827  0.000000 0.000000 0
0  -0.039692 -12.644995 0.000000  -0.975572 -0.162394 -0.147947  0.000000 0.000000 0
0  -1.378927 -11.644995 -0.274301  -0.958227 -0.154859 -0.240456  0.000000 0.000000 0
gold_player
0  -0.538031 -11.644995 1.298936  -0.449041 0.134037 0.883400  0.000000 0.000000 0
0  -0.039692 -12.644995 0.000000  -0.687982 0.072768 0.722070  0.000000 0.000000 0
0  -0.274286 -11.644995 1.378942  -0.415116 0.137877 0.899260  0.000000 0.000000 0
painted_wood_01
0  -1.378927 -11.644995 -0.274301  -0.981717 -0.181273 -0.058061  0.297613 0.539650 0
0  -0.039692 -12.644995 0.000000  -0.981292 -0.181048 -0.065475  0.297613 0.539650 0
0  -1.405942 -11.644995 0.000000  -0.979068 -0.180634 -0.093798  0.297613 0.539650 0
painted_wood_01
0  0.000000 -11.644995 -1.405957  -0.226095 0.186617 -0.956062  0.297613 0.539650 0
0  -0.039692 -12.644995 0.000000  -0.525333 0.125945 -0.841524  0.297613 0.539650 0
0  -0.274286 -11.644995 -1.378942  -0.262819 0.182974 -0.947337  0.297613 0.539650 0
painted_wood_01
0  -0.274286 -11.644995 1.378942  -0.262856 0.182970 0.947327  0.297613 0.539650 0
0  -0.039692 -12.644995 0.000000  -0.525305 0.125954 0.841540  0.297613 0.539650 0
0  0.000000 -11.644995 1.405957  -0.226133 0.186614 0.956054  0.297613 0.539650 0
painted_wood_01
0  -1.405942 -11.644995 0.000000  -0.979080 -0.180634 0.093667  0.297613 0.539650 0
0  -0.039692 -12.644995 0.000000  -0.981320 -0.181060 0.065028  0.297613 0.539650 0
0  -1.378927 -11.644995 0.274301  -0.981708 -0.181268 0.058230  0.297613 0.539650 0
painted_wood_01
0  -0.039692 -12.644995 0.000000  -0.289213 0.161273 0.943582  0.297613 0.539650 0
0  0.000000 -12.644995 0.000000  0.000000 -0.814899 0.579603  0.297613 0.539650 0
0  0.000000 -11.644995 1.405957  -0.867352 -0.179766 0.464096  0.297613 0.539650 0
painted_wood_01
0  0.000000 -11.644995 -1.405957  -0.867355 -0.179772 -0.464088  0.297613 0.539650 0
0  0.000000 -12.644995 0.000000  0.000000 -0.814899 -0.579603  0.297613 0.539650 0
0  -0.039692 -12.644995 0.000000  0.855518 -0.517657 0.010965  0.297613 0.539650 0
painted_wood_01
0  -0.272157 7.174601 -0.392434  -0.471396 0.000000 -0.881921  0.297613 0.539650 0
0  -0.190558 7.460647 -0.436049  -0.471396 0.000000 -0.881921  0.297613 0.539650 0
0  -0.190558 7.174601 -0.436049  -0.471396 0.000000 -0.881921  0.297613 0.539650 0
painted_wood_01
0  -0.445990 7.174601 -0.180618  -0.881922 0.000000 -0.471395  0.297613 0.539650 0
0  -0.402375 7.460647 -0.262216  -0.881922 0.000000 -0.471395  0.297613 0.539650 0
0  -0.402375 7.174601 -0.262216  -0.881922 0.000000 -0.471395  0.297613 0.539650 0
painted_wood_01
0  -0.472848 7.174601 0.092078  -0.995185 0.000000 0.098018  0.297613 0.539650 0
0  -0.481917 7.460647 0.000000  -0.995185 0.000000 0.098018  0.297613 0.539650 0
0  -0.481917 7.174601 0.000000  -0.995185 0.000000 0.098018  0.297613 0.539650 0
painted_wood_01
0  -0.343678 7.174601 0.333738  -0.773011 0.000000 0.634392  0.297613 0.539650 0
0  -0.402375 7.460647 0.262216  -0.773011 0.000000 0.634392  0.297613 0.539650 0
0  -0.402375 7.174601 0.262216  -0.773011 0.000000 0.634392  0.297613 0.539650 0
painted_wood_01
0  -0.102019 7.174601 0.462907  -0.290285 0.000000 0.956940  0.297613 0.539650 0
0  -0.190558 7.460647 0.436049  -0.290285 0.000000 0.956940  0.297613 0.539650 0
0  -0.190558 7.174601 0.436049  -0.290285 0.000000 0.956940  0.297613 0.539650 0
painted_wood_01
0  -0.190558 7.174601 -0.436049  -0.290284 0.000000 -0.956941  0.297613 0.539650 0
0  -0.102019 7.460647 -0.462907  -0.290284 0.000000 -0.956941  0.297613 0.539650 0
0  -0.102019 7.174601 -0.462907  -0.290284 0.000000 -0.956941  0.297613 0.539650 0
painted_wood_01
0  -0.402375 7.174601 -0.262216  -0.773011 0.000000 -0.634392  0.297613 0.539650 0
0  -0.343678 7.460647 -0.333738  -0.773011 0.000000 -0.634392  0.297613 0.539650 0
0  -0.343678 7.174601 -0.333738  -0.773011 0.000000 -0.634392  0.297613 0.539650 0
painted_wood_01
0  -0.481917 7.174601 0.000000  -0.995185 0.000000 -0.098018  0.297613 0.539650 0
0  -0.472848 7.460647 -0.092078  -0.995185 0.000000 -0.098018  0.297613 0.539650 0
0  -0.472848 7.174601 -0.092078  -0.995185 0.000000 -0.098018  0.297613 0.539650 0
painted_wood_01
0  -0.402375 7.174601 0.262216  -0.881922 0.000000 0.471395  0.297613 0.539650 0
0  -0.445990 7.460647 0.180618  -0.881922 0.000000 0.471395  0.297613 0.539650 0
0  -0.445990 7.174601 0.180618  -0.881922 0.000000 0.471395  0.297613 0.539650 0
painted_wood_01
0  -0.190558 7.174601 0.436049  -0.471397 0.000000 0.881921  0.297613 0.539650 0
0  -0.272157 7.460647 0.392434  -0.471397 0.000000 0.881921  0.297613 0.539650 0
0  -0.272157 7.174601 0.392434  -0.471397 0.000000 0.881921  0.297613 0.539650 0
painted_wood_01
0  -0.102019 7.174601 -0.462907  -0.088545 0.000000 -0.996072  0.297613 0.539650 0
0  0.000000 7.460647 -0.471976  -0.088545 0.000000 -0.996072  0.297613 0.539650 0
0  0.000000 7.174601 -0.471976  -0.088545 0.000000 -0.996072  0.297613 0.539650 0
painted_wood_01
0  -0.343678 7.174601 -0.333738  -0.634394 0.000000 -0.773010  0.297613 0.539650 0
0  -0.272157 7.460647 -0.392434  -0.634394 0.000000 -0.773010  0.297613 0.539650 0
0  -0.272157 7.174601 -0.392434  -0.634394 0.000000 -0.773010  0.297613 0.539650 0
painted_wood_01
0  -0.472848 7.174601 -0.092078  -0.956940 0.000000 -0.290286  0.297613 0.539650 0
0  -0.445990 7.460647 -0.180618  -0.956940 0.000000 -0.290286  0.297613 0.539650 0
0  -0.445990 7.174601 -0.180618  -0.956940 0.000000 -0.290286  0.297613 0.539650 0
painted_wood_01
0  -0.445990 7.174601 0.180618  -0.956940 0.000000 0.290286  0.297613 0.539650 0
0  -0.472848 7.460647 0.092078  -0.956940 0.000000 0.290286  0.297613 0.539650 0
0  -0.472848 7.174601 0.092078  -0.956940 0.000000 0.290286  0.297613 0.539650 0
painted_wood_01
0  -0.272157 7.174601 0.392434  -0.634394 0.000000 0.773010  0.297613 0.539650 0
0  -0.343678 7.460647 0.333738  -0.634394 0.000000 0.773010  0.297613 0.539650 0
0  -0.343678 7.174601 0.333738  -0.634394 0.000000 0.773010  0.297613 0.539650 0
painted_wood_01
0  0.000000 7.174601 0.471976  -0.088546 0.000000 0.996072  0.297613 0.539650 0
0  -0.102019 7.460647 0.462907  -0.088546 0.000000 0.996072  0.297613 0.539650 0
0  -0.102019 7.174601 0.462907  -0.088546 0.000000 0.996072  0.297613 0.539650 0
painted_wood_01
0  0.000000 14.783431 1.430231  0.455359 0.759417 0.464687  0.297613 0.539650 0
0  -0.168027 14.446769 2.145113  0.455363 0.759425 0.464669  0.297613 0.539650 0
0  0.000000 14.068315 2.288370  0.455363 0.759424 0.464672  0.297613 0.539650 0
painted_wood_01
0  -0.288965 14.783431 1.402750  -0.242914 0.852355 0.463124  0.297613 0.539650 0
0  -0.292273 14.446769 2.020653  -0.242914 0.852369 0.463098  0.297613 0.539650 0
0  -0.168027 14.446769 2.145113  -0.242913 0.852365 0.463105  0.297613 0.539650 0
painted_wood_01
0  -0.557266 14.783431 1.321361  -0.266280 0.825177 0.498174  0.297613 0.539650 0
0  -0.670400 14.446769 1.818540  -0.266280 0.825177 0.498174  0.297613 0.539650 0
0  -0.292273 14.446769 2.020653  -0.266280 0.825177 0.498174  0.297613 0.539650 0
painted_wood_01
0  -0.804534 14.783431 1.189194  -0.407673 0.766185 0.496753  0.297613 0.539650 0
0  -1.001832 14.446769 1.546541  -0.407673 0.766185 0.496753  0.297613 0.539650 0
0  -0.670400 14.446769 1.818540  -0.407673 0.766185 0.496753  0.297613 0.539650 0
painted_wood_01
0  -1.021267 14.783431 1.011326  -0.556552 0.693995 0.456750  0.297613 0.539650 0
0  -1.273830 14.446769 1.215109  -0.556552 0.693995 0.456750  0.297613 0.539650 0
0  -1.001832 14.446769 1.546541  -0.556552 0.693995 0.456750  0.297613 0.539650 0
painted_wood_01
0  -1.199134 14.783431 0.794594  -0.693886 0.617221 0.370891  0.297613 0.539650 0
0  -1.475944 14.446769 0.836982  -0.693886 0.617221 0.370891  0.297613 0.539650 0
0  -1.273830 14.446769 1.215109  -0.693886 0.617221 0.370891  0.297613 0.539650 0
c_invasion_wrangler_laser
0  -1.566179 14.301200 0.346992  -0.558265 0.812194 0.169353  0.211093 0.380406 0
0  -1.888332 14.078052 0.355218  -0.558265 0.812194 0.169353  0.210787 0.385093 0
0  -1.835121 14.078052 0.530627  -0.558265 0.812194 0.169353  0.212946 0.384905 0
c_invasion_wrangler_laser
0  -1.600974 14.301200 0.232287  -0.840139 0.380410 -0.386595  0.209501 0.380614 0
0  -1.923318 13.353199 0.000000  -0.840137 0.380415 -0.386593  0.206249 0.393664 0
0  -1.888332 14.078052 0.355218  -0.840140 0.380406 -0.386595  0.210787 0.385093 0
c_invasion_wrangler_laser
0  -1.623852 14.301200 0.000000  -0.840160 0.380349 0.386608  0.206263 0.380783 0
0  -1.888332 14.078052 -0.355218  -0.840153 0.380355 0.386618  0.201715 0.385096 0
0  -1.923318 13.353199 0.000000  -0.840157 0.380352 0.386612  0.206249 0.393664 0
c_invasion_wrangler_laser
0  -1.600974 14.301200 -0.232287  -0.558264 0.812194 -0.169359  0.203023 0.380611 0
0  -1.835121 14.078052 -0.530627  -0.558264 0.812194 -0.169359  0.199577 0.384879 0
0  -1.888332 14.078052 -0.355218  -0.558264 0.812194 -0.169359  0.201715 0.385096 0
painted_wood_01
0  -1.331302 14.783431 -0.547326  -0.693886 0.617221 -0.370891  0.297613 0.539650 0
0  -1.273830 14.446769 -1.215109  -0.693886 0.617221 -0.370891  0.297613 0.539650 0
0  -1.475944 14.446769 -0.836982  -0.693886 0.617221 -0.370891  0.297613 0.539650 0
painted_wood_01
0  -1.199134 14.783431 -0.794594  -0.556551 0.693995 -0.456752  0.297613 0.539650 0
0  -1.001832 14.446769 -1.546541  -0.556551 0.693995 -0.456752  0.297613 0.539650 0
0  -1.273830 14.446769 -1.215109  -0.556551 0.693995 -0.456752  0.297613 0.539650 0
painted_wood_01
0  -1.021267 14.783431 -1.011326  -0.407674 0.766186 -0.496750  0.297613 0.539650 0
0  -0.670400 14.446769 -1.818540  -0.407674 0.766186 -0.496750  0.297613 0.539650 0
0  -1.001832 14.446769 -1.546541  -0.407674 0.766186 -0.496750  0.297613 0.539650 0
painted_wood_01
0  -0.804534 14.783431 -1.189194  -0.266279 0.825178 -0.498174  0.297613 0.539650 0
0  -0.292273 14.446769 -2.020653  -0.266279 0.825178 -0.498174  0.297613 0.539650 0
0  -0.670400 14.446769 -1.818540  -0.266279 0.825178 -0.498174  0.297613 0.539650 0
painted_wood_01
0  -0.557266 14.783431 -1.321361  -0.242883 0.852360 -0.463130  0.297613 0.539650 0
0  -0.168027 14.446769 -2.145113  -0.242872 0.852351 -0.463154  0.297613 0.539650 0
0  -0.292273 14.446769 -2.020653  -0.242879 0.852356 -0.463140  0.297613 0.539650 0
painted_wood_01
0  -0.288965 14.783431 -1.402750  0.455274 0.759476 -0.464673  0.297613 0.539650 0
0  0.000000 14.068315 -2.288370  0.455269 0.759490 -0.464656  0.297613 0.539650 0
0  -0.168027 14.446769 -2.145113  0.455291 0.759434 -0.464726  0.297613 0.539650 0
painted_wood_01
0  -1.331302 11.922968 0.547326  -0.857633 -0.233070 0.458415  0.297613 0.539650 0
0  -1.132601 11.207851 0.555486  -0.857633 -0.233070 0.458415  0.297613 0.539650 0
0  -1.199134 11.922968 0.794594  -0.857633 -0.233070 0.458415  0.297613 0.539650 0
painted_wood_01
0  -1.199134 11.922968 -0.794594  -0.857632 -0.233070 -0.458416  0.297613 0.539650 0
0  -1.224997 11.207851 -0.382625  -0.857632 -0.233070 -0.458416  0.297613 0.539650 0
0  -1.331302 11.922968 -0.547326  -0.857632 -0.233070 -0.458416  0.297613 0.539650 0
gold_player
0  0.000000 11.922968 -1.430231  -0.374190 -0.293395 -0.879717  0.000000 0.000000 0
0  -0.496318 11.207851 -0.980636  -0.374167 -0.293363 -0.879737  0.000000 0.000000 0
0  -0.288965 11.922968 -1.402750  -0.374188 -0.293393 -0.879718  0.000000 0.000000 0
painted_wood_01
0  -1.021267 11.922968 1.011326  -0.600533 -0.322332 0.731753  0.297613 0.539650 0
0  -0.856743 11.207851 0.831343  -0.600533 -0.322332 0.731753  0.297613 0.539650 0
0  -0.804534 11.922968 1.189194  -0.600533 -0.322332 0.731753  0.297613 0.539650 0
painted_wood_01
0  -1.412690 11.922968 -0.279024  -0.977055 -0.190005 -0.096233  0.297613 0.539650 0
0  -1.301106 11.207851 0.000000  -0.977055 -0.190005 -0.096233  0.297613 0.539650 0
0  -1.440172 11.922968 0.000000  -0.977055 -0.190005 -0.096233  0.297613 0.539650 0
painted_wood_01
0  -0.557266 11.922968 -1.321361  -0.436633 -0.376898 -0.816884  0.297613 0.539650 0
0  -0.856743 11.207851 -0.831343  -0.436633 -0.376898 -0.816884  0.297613 0.539650 0
0  -0.804534 11.922968 -1.189194  -0.436633 -0.376898 -0.816884  0.297613 0.539650 0
painted_wood_01
0  -0.557266 11.922968 1.321361  -0.261629 -0.433233 0.862473  0.297613 0.539650 0
0  -0.496318 11.207851 0.980636  -0.261629 -0.433233 0.862473  0.297613 0.539650 0
0  -0.288965 11.922968 1.402750  -0.261629 -0.433233 0.862473  0.297613 0.539650 0
painted_wood_01
0  -1.412690 11.922968 0.279024  -0.936681 -0.204683 0.284138  0.297613 0.539650 0
0  -1.224997 11.207851 0.382625  -0.936681 -0.204683 0.284138  0.297613 0.539650 0
0  -1.331302 11.922968 0.547326  -0.936681 -0.204683 0.284138  0.297613 0.539650 0
painted_wood_01
0  -1.021267 11.922968 -1.011326  -0.743596 -0.273229 -0.610255  0.297613 0.539650 0
0  -1.132601 11.207851 -0.555486  -0.743596 -0.273229 -0.610255  0.297613 0.539650 0
0  -1.199134 11.922968 -0.794594  -0.743596 -0.273229 -0.610255  0.297613 0.539650 0
painted_wood_01
0  -1.199134 11.922968 0.794594  -0.743597 -0.273229 0.610254  0.297613 0.539650 0
0  -1.008257 11.207851 0.706999  -0.743597 -0.273229 0.610254  0.297613 0.539650 0
0  -1.021267 11.922968 1.011326  -0.743597 -0.273229 0.610254  0.297613 0.539650 0
painted_wood_01
0  -1.331302 11.922968 -0.547326  -0.936681 -0.204682 -0.284138  0.297613 0.539650 0
0  -1.281894 11.207851 -0.195061  -0.936681 -0.204682 -0.284138  0.297613 0.539650 0
0  -1.412690 11.922968 -0.279024  -0.936681 -0.204682 -0.284138  0.297613 0.539650 0
painted_wood_01
0  -0.288965 11.922968 -1.402750  -0.261628 -0.433233 -0.862473  0.297613 0.539650 0
0  -0.683883 11.207851 -0.923739  -0.261628 -0.433233 -0.862473  0.297613 0.539650 0
0  -0.557266 11.922968 -1.321361  -0.261628 -0.433233 -0.862473  0.297613 0.539650 0
painted_wood_01
0  -0.804534 11.922968 1.189194  -0.436633 -0.376898 0.816884  0.297613 0.539650 0
0  -0.683883 11.207851 0.923739  -0.436633 -0.376898 0.816884  0.297613 0.539650 0
0  -0.557266 11.922968 1.321361  -0.436633 -0.376898 0.816884  0.297613 0.539650 0
painted_wood_01
0  -1.440172 11.922968 0.000000  -0.977056 -0.190005 0.096232  0.297613 0.539650 0
0  -1.281894 11.207851 0.195061  -0.977056 -0.190005 0.096232  0.297613 0.539650 0
0  -1.412690 11.922968 0.279024  -0.977056 -0.190005 0.096232  0.297613 0.539650 0
gold_player
0  -0.288965 11.922968 1.402750  -0.374212 -0.293329 0.879729  0.000000 0.000000 0
0  0.000000 11.207851 1.287208  -0.374207 -0.293340 0.879728  0.000000 0.000000 0
0  0.000000 11.922968 1.430231  -0.374210 -0.293334 0.879729  0.000000 0.000000 0
painted_wood_01
0  -0.804534 11.922968 -1.189194  -0.600533 -0.322332 -0.731753  0.297613 0.539650 0
0  -1.008257 11.207851 -0.706999  -0.600533 -0.322332 -0.731753  0.297613 0.539650 0
0  -1.021267 11.922968 -1.011326  -0.600533 -0.322332 -0.731753  0.297613 0.539650 0
painted_wood_01
0  -0.856743 11.207851 -0.831343  -0.605205 -0.299833 -0.737446  0.297613 0.539650 0
0  -0.993847 10.349712 -0.369920  -0.605205 -0.299833 -0.737446  0.297613 0.539650 0
0  -1.008257 11.207851 -0.706999  -0.605205 -0.299833 -0.737446  0.297613 0.539650 0
painted_wood_01
0  -1.224997 11.207851 0.382625  -0.861103 -0.215998 0.460268  0.297613 0.539650 0
0  -1.058907 10.349712 0.290645  -0.861103 -0.215998 0.460268  0.297613 0.539650 0
0  -1.132601 11.207851 0.555486  -0.861103 -0.215998 0.460268  0.297613 0.539650 0
painted_wood_01
0  -0.683883 11.207851 -0.923739  -0.441298 -0.351600 -0.825611  0.297613 0.539650 0
0  -0.914571 10.349712 -0.434980  -0.441298 -0.351600 -0.825611  0.297613 0.539650 0
0  -0.856743 11.207851 -0.831343  -0.441298 -0.351600 -0.825611  0.297613 0.539650 0
painted_wood_01
0  -1.281894 11.207851 0.195061  -0.939598 -0.189515 0.285025  0.297613 0.539650 0
0  -1.107251 10.349712 0.200200  -0.939598 -0.189515 0.285025  0.297613 0.539650 0
0  -1.224997 11.207851 0.382625  -0.939598 -0.189515 0.285025  0.297613 0.539650 0
painted_wood_01
0  -0.496318 11.207851 -0.980636  -0.265341 -0.405556 -0.874710  0.297613 0.539650 0
0  -0.824126 10.349712 -0.483324  -0.265341 -0.405556 -0.874710  0.297613 0.539650 0
0  -0.683883 11.207851 -0.923739  -0.265341 -0.405556 -0.874710  0.297613 0.539650 0
painted_wood_01
0  -1.301106 11.207851 0.000000  -0.979677 -0.175849 0.096488  0.297613 0.539650 0
0  -1.137021 10.349712 0.102061  -0.979677 -0.175849 0.096488  0.297613 0.539650 0
0  -1.281894 11.207851 0.195061  -0.979677 -0.175849 0.096488  0.297613 0.539650 0
gold_player
0  -0.496318 11.207851 0.980636  -0.596720 -0.196871 0.777925  0.000000 0.000000 0
0  0.000000 10.349712 1.144185  -0.596727 -0.196857 0.777923  0.000000 0.000000 0
0  0.000000 11.207851 1.287208  -0.596724 -0.196863 0.777924  0.000000 0.000000 0
gold_player
0  0.000000 11.207851 -1.287208  -0.596715 -0.196926 -0.777915  0.000000 0.000000 0
0  -0.725987 10.349712 -0.513094  -0.596711 -0.196921 -0.777919  0.000000 0.000000 0
0  -0.496318 11.207851 -0.980636  -0.596707 -0.196916 -0.777924  0.000000 0.000000 0
painted_wood_01
0  -1.281894 11.207851 -0.195061  -0.979677 -0.175848 -0.096488  0.297613 0.539650 0
0  -1.147073 10.349712 0.000000  -0.979677 -0.175848 -0.096488  0.297613 0.539650 0
0  -1.301106 11.207851 0.000000  -0.979677 -0.175848 -0.096488  0.297613 0.539650 0
painted_wood_01
0  -0.683883 11.207851 0.923739  -0.265341 -0.405556 0.874710  0.297613 0.539650 0
0  -0.725987 10.349712 0.513094  -0.265341 -0.405556 0.874710  0.297613 0.539650 0
0  -0.496318 11.207851 0.980636  -0.265341 -0.405556 0.874710  0.297613 0.539650 0
painted_wood_01
0  -1.224997 11.207851 -0.382625  -0.939598 -0.189514 -0.285025  0.297613 0.539650 0
0  -1.137021 10.349712 -0.102061  -0.939598 -0.189514 -0.285025  0.297613 0.539650 0
0  -1.281894 11.207851 -0.195061  -0.939598 -0.189514 -0.285025  0.297613 0.539650 0
painted_wood_01
0  -0.856743 11.207851 0.831343  -0.441298 -0.351601 0.825611  0.297613 0.539650 0
0  -0.824126 10.349712 0.483324  -0.441298 -0.351601 0.825611  0.297613 0.539650 0
0  -0.683883 11.207851 0.923739  -0.441298 -0.351601 0.825611  0.297613 0.539650 0
painted_wood_01
0  -1.132601 11.207851 -0.555486  -0.861103 -0.215998 -0.460269  0.297613 0.539650 0
0  -1.107251 10.349712 -0.200200  -0.861103 -0.215998 -0.460269  0.297613 0.539650 0
0  -1.224997 11.207851 -0.382625  -0.861103 -0.215998 -0.460269  0.297613 0.539650 0
painted_wood_01
0  -1.008257 11.207851 0.706999  -0.605205 -0.299833 0.737446  0.297613 0.539650 0
0  -0.914571 10.349712 0.434980  -0.605205 -0.299833 0.737446  0.297613 0.539650 0
0  -0.856743 11.207851 0.831343  -0.605205 -0.299833 0.737446  0.297613 0.539650 0
painted_wood_01
0  -1.008257 11.207851 -0.706999  -0.747740 -0.253601 -0.613654  0.297613 0.539650 0
0  -1.058907 10.349712 -0.290645  -0.747740 -0.253601 -0.613654  0.297613 0.539650 0
0  -1.132601 11.207851 -0.555486  -0.747740 -0.253601 -0.613654  0.297613 0.539650 0
painted_wood_01
0  -1.132601 11.207851 0.555486  -0.747740 -0.253601 0.613654  0.297613 0.539650 0
0  -0.993847 10.349712 0.369920  -0.747740 -0.253601 0.613654  0.297613 0.539650 0
0  -1.008257 11.207851 0.706999  -0.747740 -0.253601 0.613654  0.297613 0.539650 0
painted_wood_01
0  -0.824126 10.349712 0.483324  -0.269142 -0.374663 0.887238  0.297613 0.539650 0
0  -0.900303 9.634595 0.158238  -0.269142 -0.374663 0.887238  0.297613 0.539650 0
0  -0.725987 10.349712 0.513094  -0.269142 -0.374663 0.887238  0.297613 0.539650 0
painted_wood_01
0  -1.107251 10.349712 -0.200200  -0.942488 -0.173137 -0.285901  0.297613 0.539650 0
0  -1.027064 9.634595 -0.031476  -0.942488 -0.173137 -0.285901  0.297613 0.539650 0
0  -1.137021 10.349712 -0.102061  -0.942488 -0.173137 -0.285901  0.297613 0.539650 0
painted_wood_01
0  -0.914571 10.349712 0.434980  -0.446021 -0.323661 0.834451  0.297613 0.539650 0
0  -0.930568 9.634595 0.149057  -0.446021 -0.323661 0.834451  0.297613 0.539650 0
0  -0.824126 10.349712 0.483324  -0.446021 -0.323661 0.834451  0.297613 0.539650 0
painted_wood_01
0  -1.058907 10.349712 -0.290645  -0.864548 -0.197512 -0.462110  0.297613 0.539650 0
0  -1.017884 9.634595 -0.061741  -0.864548 -0.197512 -0.462110  0.297613 0.539650 0
0  -1.107251 10.349712 -0.200200  -0.864548 -0.197512 -0.462110  0.297613 0.539650 0
painted_wood_01
0  -0.993847 10.349712 0.369920  -0.609897 -0.275198 0.743163  0.297613 0.539650 0
0  -0.958461 9.634595 0.134147  -0.609897 -0.275198 0.743163  0.297613 0.539650 0
0  -0.914571 10.349712 0.434980  -0.609897 -0.275198 0.743163  0.297613 0.539650 0
painted_wood_01
0  -0.993847 10.349712 -0.369920  -0.751872 -0.232251 -0.617048  0.297613 0.539650 0
0  -1.002975 9.634595 -0.089634  -0.751872 -0.232251 -0.617048  0.297613 0.539650 0
0  -1.058907 10.349712 -0.290645  -0.751872 -0.232251 -0.617048  0.297613 0.539650 0
painted_wood_01
0  -1.058907 10.349712 0.290645  -0.751871 -0.232251 0.617048  0.297613 0.539650 0
0  -0.982910 9.634595 0.114083  -0.751871 -0.232251 0.617048  0.297613 0.539650 0
0  -0.993847 10.349712 0.369920  -0.751871 -0.232251 0.617048  0.297613 0.539650 0
painted_wood_01
0  -0.914571 10.349712 -0.434980  -0.609898 -0.275198 -0.743163  0.297613 0.539650 0
0  -0.982910 9.634595 -0.114083  -0.609898 -0.275198 -0.743163  0.297613 0.539650 0
0  -0.993847 10.349712 -0.369920  -0.609898 -0.275198 -0.743163  0.297613 0.539650 0
painted_wood_01
0  -1.107251 10.349712 0.200200  -0.864548 -0.197512 0.462110  0.297613 0.539650 0
0  -1.002975 9.634595 0.089634  -0.864548 -0.197512 0.462110  0.297613 0.539650 0
0  -1.058907 10.349712 0.290645  -0.864548 -0.197512 0.462110  0.297613 0.539650 0
painted_wood_01
0  -0.824126 10.349712 -0.483324  -0.446020 -0.323659 -0.834453  0.297613 0.539650 0
0  -0.958461 9.634595 -0.134147  -0.446020 -0.323659 -0.834453  0.297613 0.539650 0
0  -0.914571 10.349712 -0.434980  -0.446020 -0.323659 -0.834453  0.297613 0.539650 0
painted_wood_01
0  -1.137021 10.349712 0.102061  -0.942489 -0.173136 0.285900  0.297613 0.539650 0
0  -1.017884 9.634595 0.061741  -0.942489 -0.173136 0.285900  0.297613 0.539650 0
0  -1.107251 10.349712 0.200200  -0.942489 -0.173136 0.285900  0.297613 0.539650 0
painted_wood_01
0  -0.725987 10.349712 -0.513094  -0.269141 -0.374660 -0.887239  0.297613 0.539650 0
0  -0.930568 9.634595 -0.149057  -0.269141 -0.374660 -0.887239  0.297613 0.539650 0
0  -0.824126 10.349712 -0.483324  -0.269141 -0.374660 -0.887239  0.297613 0.539650 0
painted_wood_01
0  -1.147073 10.349712 0.000000  -0.982270 -0.160583 0.096743  0.297613 0.539650 0
0  -1.027064 9.634595 0.031476  -0.982270 -0.160583 0.096743  0.297613 0.539650 0
0  -1.137021 10.349712 0.102061  -0.982270 -0.160583 0.096743  0.297613 0.539650 0
gold_player
0  -0.725987 10.349712 0.513094  -0.661381 -0.173390 0.729734  0.000000 0.000000 0
0  0.000000 9.634596 1.001162  -0.661380 -0.173390 0.729734  0.000000 0.000000 0
0  0.000000 10.349712 1.144185  -0.661380 -0.173390 0.729734  0.000000 0.000000 0
gold_player
0  0.000000 10.349712 -1.144185  -0.661382 -0.173429 -0.729723  0.000000 0.000000 0
0  -0.900303 9.634595 -0.158238  -0.661383 -0.173430 -0.729722  0.000000 0.000000 0
0  -0.725987 10.349712 -0.513094  -0.661385 -0.173431 -0.729720  0.000000 0.000000 0
painted_wood_01
0  -1.137021 10.349712 -0.102061  -0.982270 -0.160582 -0.096743  0.297613 0.539650 0
0  -1.030165 9.634595 0.000000  -0.982270 -0.160582 -0.096743  0.297613 0.539650 0
0  -1.147073 10.349712 0.000000  -0.982270 -0.160582 -0.096743  0.297613 0.539650 0
c_invasion_wrangler_laser
0  -1.566179 12.405197 0.346992  -0.813263 -0.581442 -0.022984  0.211058 0.406925 0
0  -1.475944 12.259628 0.836982  -0.813260 -0.581447 -0.022967  0.217968 0.408427 0
0  -1.835121 12.628347 0.530627  -0.813258 -0.581450 -0.022955  0.212918 0.402449 0
c_invasion_wrangler_laser
0  -1.566179 14.301200 0.346992  -0.904480 0.326557 0.274364  0.211093 0.380406 0
0  -1.412690 14.783431 0.279024  -0.904480 0.326557 0.274364  0.210276 0.373453 0
0  -1.600974 14.301200 0.232287  -0.904480 0.326557 0.274364  0.209501 0.380614 0
c_invasion_wrangler_laser
0  -1.600974 12.405197 0.232287  -0.904478 -0.326556 0.274373  0.209468 0.406710 0
0  -1.331302 11.922968 0.547326  -0.904478 -0.326556 0.274373  0.214222 0.414103 0
0  -1.566179 12.405197 0.346992  -0.904478 -0.326556 0.274373  0.211058 0.406925 0
c_invasion_wrangler_laser
0  -1.600974 14.301200 0.232287  -0.930572 0.354452 0.091653  0.209501 0.380614 0
0  -1.440172 14.783431 0.000000  -0.930572 0.354452 0.091653  0.206268 0.373524 0
0  -1.623852 14.301200 0.000000  -0.930572 0.354452 0.091653  0.206263 0.380783 0
c_invasion_wrangler_laser
0  -1.623852 12.405197 0.000000  -0.930571 -0.354454 0.091653  0.206236 0.406536 0
0  -1.412690 11.922968 0.279024  -0.930571 -0.354454 0.091653  0.210183 0.413846 0
0  -1.600974 12.405197 0.232287  -0.930571 -0.354454 0.091653  0.209468 0.406710 0
c_invasion_wrangler_laser
0  -1.623852 14.301200 0.000000  -0.930571 0.354452 -0.091653  0.206263 0.380783 0
0  -1.412690 14.783431 -0.279024  -0.930571 0.354452 -0.091653  0.202261 0.373451 0
0  -1.600974 14.301200 -0.232287  -0.930571 0.354452 -0.091653  0.203023 0.380611 0
c_invasion_wrangler_laser
0  -1.600974 12.405197 -0.232287  -0.930571 -0.354452 -0.091653  0.203006 0.406708 0
0  -1.440172 11.922968 0.000000  -0.930571 -0.354452 -0.091653  0.206233 0.413755 0
0  -1.623852 12.405197 0.000000  -0.930571 -0.354452 -0.091653  0.206236 0.406536 0
c_invasion_wrangler_laser
0  -1.600974 14.301200 -0.232287  -0.904481 0.326555 -0.274365  0.203023 0.380611 0
0  -1.331302 14.783431 -0.547326  -0.904481 0.326555 -0.274365  0.198260 0.373224 0
0  -1.566179 14.301200 -0.346992  -0.904481 0.326555 -0.274365  0.201433 0.380400 0
c_invasion_wrangler_laser
0  -1.566179 12.405197 -0.346992  -0.904478 -0.326557 -0.274372  0.201414 0.406920 0
0  -1.412690 11.922968 -0.279024  -0.904478 -0.326557 -0.274372  0.202281 0.413847 0
0  -1.600974 12.405197 -0.232287  -0.904478 -0.326557 -0.274372  0.203006 0.406708 0
c_invasion_wrangler_laser
0  -1.566179 14.301200 -0.346992  -0.813261 0.581444 0.022984  0.201433 0.380400 0
0  -1.475944 14.446769 -0.836982  -0.813259 0.581449 0.022967  0.194520 0.378905 0
0  -1.835121 14.078052 -0.530627  -0.813256 0.581453 0.022955  0.199577 0.384879 0
painted_wood_01
0  -0.168027 13.353199 2.145113  -0.648788 0.000000 0.760969  0.297613 0.539650 0
0  0.000000 12.638083 2.288370  -0.648788 0.000000 0.760969  0.297613 0.539650 0
0  0.000000 13.353199 2.288370  -0.648788 0.000000 0.760969  0.297613 0.539650 0
painted_wood_01
0  -0.292273 13.353199 2.020653  -0.707716 0.000000 0.706497  0.297613 0.539650 0
0  -0.168027 12.259628 2.145113  -0.707716 0.000000 0.706497  0.297613 0.539650 0
0  -0.168027 13.353199 2.145113  -0.707716 0.000000 0.706497  0.297613 0.539650 0
painted_wood_01
0  -0.670400 13.353199 1.818539  -0.471397 0.000000 0.881921  0.297613 0.539650 0
0  -0.292273 12.259628 2.020653  -0.471397 0.000000 0.881921  0.297613 0.539650 0
0  -0.292273 13.353199 2.020653  -0.471397 0.000000 0.881921  0.297613 0.539650 0
painted_wood_01
0  -1.001832 13.353199 1.546541  -0.634392 -0.000000 0.773011  0.297613 0.539650 0
0  -0.670400 12.259628 1.818539  -0.634392 -0.000000 0.773011  0.297613 0.539650 0
0  -0.670400 13.353199 1.818539  -0.634392 -0.000000 0.773011  0.297613 0.539650 0
painted_wood_01
0  -1.273830 13.353199 1.215109  -0.773011 -0.000000 0.634393  0.297613 0.539650 0
0  -1.001832 12.259628 1.546540  -0.773011 -0.000000 0.634393  0.297613 0.539650 0
0  -1.001832 13.353199 1.546541  -0.773011 -0.000000 0.634393  0.297613 0.539650 0
painted_wood_01
0  -1.475944 13.353199 0.836982  -0.881921 0.000000 0.471397  0.297613 0.539650 0
0  -1.273830 12.259628 1.215109  -0.881921 0.000000 0.471397  0.297613 0.539650 0
0  -1.273830 13.353199 1.215109  -0.881921 0.000000 0.471397  0.297613 0.539650 0
c_invasion_wrangler_laser
0  -1.888332 13.353199 0.355218  -0.956939 0.000000 0.290288  0.210922 0.393693 0
0  -1.835121 12.628347 0.530627  -0.956939 0.000000 0.290288  0.212918 0.402449 0
0  -1.835121 13.353199 0.530627  -0.956939 0.000000 0.290288  0.213249 0.393697 0
c_invasion_wrangler_laser
0  -1.923318 13.353199 0.000000  -0.995185 -0.000000 0.098017  0.206249 0.393664 0
0  -1.888332 12.628347 0.355218  -0.995185 -0.000000 0.098017  0.210781 0.402231 0
0  -1.888332 13.353199 0.355218  -0.995185 -0.000000 0.098017  0.210922 0.393693 0
c_invasion_wrangler_laser
0  -1.888332 13.353199 -0.355218  -0.995185 0.000000 -0.098017  0.201576 0.393635 0
0  -1.888332 12.628347 -0.355218  -0.995185 0.000000 -0.098017  0.201715 0.402234 0
0  -1.923318 13.353199 0.000000  -0.995185 0.000000 -0.098017  0.206249 0.393664 0
c_invasion_wrangler_laser
0  -1.835121 13.353199 -0.530627  -0.956939 0.000000 -0.290288  0.199249 0.393632 0
0  -1.888332 12.628347 -0.355218  -0.956939 0.000000 -0.290288  0.201715 0.402234 0
0  -1.888332 13.353199 -0.355218  -0.956939 0.000000 -0.290288  0.201576 0.393635 0
c_invasion_wrangler_laser
0  -1.475944 13.353199 0.836982  -0.648943 0.000000 0.760837  0.219614 0.393704 0
0  -1.835121 14.078052 0.530627  -0.648943 0.000000 0.760837  0.212946 0.384905 0
0  -1.835121 13.353199 0.530627  -0.648943 0.000000 0.760837  0.213249 0.393697 0
painted_wood_01
0  -1.273830 13.353199 -1.215109  -0.881921 0.000000 -0.471397  0.297613 0.539650 0
0  -1.475944 12.259628 -0.836982  -0.881921 0.000000 -0.471397  0.297613 0.539650 0
0  -1.475944 13.353199 -0.836982  -0.881921 0.000000 -0.471397  0.297613 0.539650 0
painted_wood_01
0  -1.001832 13.353199 -1.546541  -0.773011 0.000000 -0.634393  0.297613 0.539650 0
0  -1.273830 12.259628 -1.215109  -0.773011 0.000000 -0.634393  0.297613 0.539650 0
0  -1.273830 13.353199 -1.215109  -0.773011 0.000000 -0.634393  0.297613 0.539650 0
painted_wood_01
0  -0.670400 13.353199 -1.818539  -0.634393 -0.000000 -0.773011  0.297613 0.539650 0
0  -1.001832 12.259628 -1.546540  -0.634393 -0.000000 -0.773011  0.297613 0.539650 0
0  -1.001832 13.353199 -1.546541  -0.634393 -0.000000 -0.773011  0.297613 0.539650 0
painted_wood_01
0  -0.292273 13.353199 -2.020653  -0.471397 -0.000000 -0.881921  0.297613 0.539650 0
0  -0.670400 12.259628 -1.818539  -0.471397 -0.000000 -0.881921  0.297613 0.539650 0
0  -0.670400 13.353199 -1.818539  -0.471397 -0.000000 -0.881921  0.297613 0.539650 0
painted_wood_01
0  -0.168027 13.353199 -2.145113  -0.707718 0.000000 -0.706495  0.297613 0.539650 0
0  -0.292273 12.259628 -2.020653  -0.707718 0.000000 -0.706495  0.297613 0.539650 0
0  -0.292273 13.353199 -2.020653  -0.707718 0.000000 -0.706495  0.297613 0.539650 0
painted_wood_01
0  0.000000 13.353199 -2.288370  -0.648788 0.000000 -0.760969  0.297613 0.539650 0
0  -0.168027 12.259628 -2.145113  -0.648788 0.000000 -0.760969  0.297613 0.539650 0
0  -0.168027 13.353199 -2.145113  -0.648788 0.000000 -0.760969  0.297613 0.539650 0
c_invasion_wrangler_laser
0  -1.475944 13.353199 -0.836982  -0.648944 0.000000 -0.760836  0.192884 0.393629 0
0  -1.835121 12.628347 -0.530627  -0.648944 0.000000 -0.760836  0.199556 0.402423 0
0  -1.835121 13.353199 -0.530627  -0.648944 0.000000 -0.760836  0.199249 0.393632 0
painted_wood_01
0  -0.168027 14.446769 2.145113  -0.648789 0.000000 0.760968  0.297613 0.539650 0
0  0.000000 13.353199 2.288370  -0.648789 0.000000 0.760968  0.297613 0.539650 0
0  0.000000 14.068315 2.288370  -0.648789 0.000000 0.760968  0.297613 0.539650 0
painted_wood_01
0  -0.670400 12.259628 -1.818539  -0.407672 -0.766186 -0.496751  0.297613 0.539650 0
0  -1.021267 11.922968 -1.011326  -0.407672 -0.766186 -0.496751  0.297613 0.539650 0
0  -1.001832 12.259628 -1.546540  -0.407672 -0.766186 -0.496751  0.297613 0.539650 0
painted_wood_01
0  -0.292273 14.446769 2.020653  -0.707718 0.000000 0.706495  0.297613 0.539650 0
0  -0.168027 13.353199 2.145113  -0.707718 0.000000 0.706495  0.297613 0.539650 0
0  -0.168027 14.446769 2.145113  -0.707718 0.000000 0.706495  0.297613 0.539650 0
painted_wood_01
0  -0.168027 12.259628 2.145113  0.455363 -0.759424 0.464671  0.297613 0.539650 0
0  0.000000 11.922968 1.430231  0.455372 -0.759441 0.464636  0.297613 0.539650 0
0  0.000000 12.638083 2.288370  0.455366 -0.759429 0.464660  0.297613 0.539650 0
painted_wood_01
0  -0.670400 14.446769 1.818540  -0.471396 0.000000 0.881922  0.297613 0.539650 0
0  -0.292273 13.353199 2.020653  -0.471396 0.000000 0.881922  0.297613 0.539650 0
0  -0.292273 14.446769 2.020653  -0.471396 0.000000 0.881922  0.297613 0.539650 0
painted_wood_01
0  -0.292273 12.259628 2.020653  -0.242912 -0.852366 0.463104  0.297613 0.539650 0
0  -0.288965 11.922968 1.402750  -0.242912 -0.852360 0.463116  0.297613 0.539650 0
0  -0.168027 12.259628 2.145113  -0.242912 -0.852363 0.463111  0.297613 0.539650 0
painted_wood_01
0  -0.670400 12.259628 1.818539  -0.266279 -0.825178 0.498173  0.297613 0.539650 0
0  -0.557266 11.922968 1.321361  -0.266279 -0.825178 0.498173  0.297613 0.539650 0
0  -0.292273 12.259628 2.020653  -0.266279 -0.825178 0.498173  0.297613 0.539650 0
painted_wood_01
0  -1.273830 14.446769 1.215109  -0.773012 -0.000000 0.634391  0.297613 0.539650 0
0  -1.001832 13.353199 1.546541  -0.773012 -0.000000 0.634391  0.297613 0.539650 0
0  -1.001832 14.446769 1.546541  -0.773012 -0.000000 0.634391  0.297613 0.539650 0
painted_wood_01
0  -1.001832 12.259628 1.546540  -0.407672 -0.766186 0.496751  0.297613 0.539650 0
0  -0.804534 11.922968 1.189194  -0.407672 -0.766186 0.496751  0.297613 0.539650 0
0  -0.670400 12.259628 1.818539  -0.407672 -0.766186 0.496751  0.297613 0.539650 0
painted_wood_01
0  -1.273830 12.259628 1.215109  -0.556550 -0.693998 0.456749  0.297613 0.539650 0
0  -1.021267 11.922968 1.011326  -0.556550 -0.693998 0.456749  0.297613 0.539650 0
0  -1.001832 12.259628 1.546540  -0.556550 -0.693998 0.456749  0.297613 0.539650 0
c_invasion_wrangler_laser
0  -1.888332 14.078052 0.355218  -0.956939 0.000000 0.290288  0.210787 0.385093 0
0  -1.835121 13.353199 0.530627  -0.956939 0.000000 0.290288  0.213249 0.393697 0
0  -1.835121 14.078052 0.530627  -0.956939 0.000000 0.290288  0.212946 0.384905 0
painted_wood_01
0  -1.475944 12.259628 0.836982  -0.693884 -0.617223 0.370891  0.297613 0.539650 0
0  -1.199134 11.922968 0.794594  -0.693884 -0.617223 0.370891  0.297613 0.539650 0
0  -1.273830 12.259628 1.215109  -0.693884 -0.617223 0.370891  0.297613 0.539650 0
c_invasion_wrangler_laser
0  -1.888332 12.628347 0.355218  -0.558269 -0.812192 0.169349  0.210781 0.402231 0
0  -1.566179 12.405197 0.346992  -0.558269 -0.812192 0.169349  0.211058 0.406925 0
0  -1.835121 12.628347 0.530627  -0.558269 -0.812192 0.169349  0.212918 0.402449 0
c_invasion_wrangler_laser
0  -1.888332 14.078052 -0.355218  -0.995185 0.000000 -0.098018  0.201715 0.385096 0
0  -1.888332 13.353199 -0.355218  -0.995185 0.000000 -0.098018  0.201576 0.393635 0
0  -1.923318 13.353199 0.000000  -0.995185 0.000000 -0.098018  0.206249 0.393664 0
c_invasion_wrangler_laser
0  -1.835121 14.078052 -0.530627  -0.956939 0.000000 -0.290288  0.199577 0.384879 0
0  -1.888332 13.353199 -0.355218  -0.956939 0.000000 -0.290288  0.201576 0.393635 0
0  -1.888332 14.078052 -0.355218  -0.956939 0.000000 -0.290288  0.201715 0.385096 0
c_invasion_wrangler_laser
0  -1.888332 12.628347 -0.355218  -0.840156 -0.380353 0.386612  0.201715 0.402234 0
0  -1.623852 12.405197 0.000000  -0.840160 -0.380350 0.386608  0.206236 0.406536 0
0  -1.923318 13.353199 0.000000  -0.840158 -0.380352 0.386611  0.206249 0.393664 0
painted_wood_01
0  -1.273830 14.446769 -1.215109  -0.881921 0.000000 -0.471397  0.297613 0.539650 0
0  -1.475944 13.353199 -0.836982  -0.881921 0.000000 -0.471397  0.297613 0.539650 0
0  -1.475944 14.446769 -0.836982  -0.881921 0.000000 -0.471397  0.297613 0.539650 0
painted_wood_01
0  -1.001832 14.446769 -1.546541  -0.773012 0.000000 -0.634392  0.297613 0.539650 0
0  -1.273830 13.353199 -1.215109  -0.773012 0.000000 -0.634392  0.297613 0.539650 0
0  -1.273830 14.446769 -1.215109  -0.773012 0.000000 -0.634392  0.297613 0.539650 0
painted_wood_01
0  -1.001832 14.446769 1.546541  -0.634393 -0.000000 0.773011  0.297613 0.539650 0
0  -0.670400 13.353199 1.818539  -0.634393 -0.000000 0.773011  0.297613 0.539650 0
0  -0.670400 14.446769 1.818540  -0.634393 -0.000000 0.773011  0.297613 0.539650 0
c_invasion_wrangler_laser
0  -1.475944 14.446769 0.836982  -0.813257 0.581451 -0.022956  0.218027 0.378925 0
0  -1.566179 14.301200 0.346992  -0.813255 0.581455 -0.022947  0.211093 0.380406 0
0  -1.835121 14.078052 0.530627  -0.813257 0.581452 -0.022955  0.212946 0.384905 0
painted_wood_01
0  -0.670400 14.446769 -1.818540  -0.634392 -0.000000 -0.773011  0.297613 0.539650 0
0  -1.001832 13.353199 -1.546541  -0.634392 -0.000000 -0.773011  0.297613 0.539650 0
0  -1.001832 14.446769 -1.546541  -0.634392 -0.000000 -0.773011  0.297613 0.539650 0
painted_wood_01
0  -1.273830 12.259628 -1.215109  -0.693884 -0.617224 -0.370890  0.297613 0.539650 0
0  -1.331302 11.922968 -0.547326  -0.693884 -0.617224 -0.370890  0.297613 0.539650 0
0  -1.475944 12.259628 -0.836982  -0.693884 -0.617224 -0.370890  0.297613 0.539650 0
painted_wood_01
0  -1.001832 12.259628 -1.546540  -0.556551 -0.693998 -0.456747  0.297613 0.539650 0
0  -1.199134 11.922968 -0.794594  -0.556551 -0.693998 -0.456747  0.297613 0.539650 0
0  -1.273830 12.259628 -1.215109  -0.556551 -0.693998 -0.456747  0.297613 0.539650 0
painted_wood_01
0  -0.168027 14.446769 -2.145113  -0.707718 0.000000 -0.706495  0.297613 0.539650 0
0  -0.292273 13.353199 -2.020653  -0.707718 0.000000 -0.706495  0.297613 0.539650 0
0  -0.292273 14.446769 -2.020653  -0.707718 0.000000 -0.706495  0.297613 0.539650 0
painted_wood_01
0  0.000000 14.068315 -2.288370  -0.648789 0.000000 -0.760968  0.297613 0.539650 0
0  -0.168027 13.353199 -2.145113  -0.648789 0.000000 -0.760968  0.297613 0.539650 0
0  -0.168027 14.446769 -2.145113  -0.648789 0.000000 -0.760968  0.297613 0.539650 0
painted_wood_01
0  -0.292273 12.259628 -2.020653  -0.266279 -0.825179 -0.498172  0.297613 0.539650 0
0  -0.804534 11.922968 -1.189194  -0.266279 -0.825179 -0.498172  0.297613 0.539650 0
0  -0.670400 12.259628 -1.818539  -0.266279 -0.825179 -0.498172  0.297613 0.539650 0
painted_wood_01
0  -0.168027 12.259628 -2.145113  -0.242892 -0.852370 -0.463109  0.297613 0.539650 0
0  -0.557266 11.922968 -1.321361  -0.242879 -0.852356 -0.463140  0.297613 0.539650 0
0  -0.292273 12.259628 -2.020653  -0.242885 -0.852363 -0.463125  0.297613 0.539650 0
c_invasion_wrangler_laser
0  -1.835121 12.628347 -0.530627  -0.558269 -0.812193 -0.169349  0.199556 0.402423 0
0  -1.600974 12.405197 -0.232287  -0.558269 -0.812193 -0.169349  0.203006 0.406708 0
0  -1.888332 12.628347 -0.355218  -0.558269 -0.812193 -0.169349  0.201715 0.402234 0
painted_wood_01
0  0.000000 12.638083 -2.288370  0.455269 -0.759490 -0.464656  0.297613 0.539650 0
0  -0.288965 11.922968 -1.402750  0.455296 -0.759421 -0.464741  0.297613 0.539650 0
0  -0.168027 12.259628 -2.145113  0.455284 -0.759452 -0.464704  0.297613 0.539650 0
c_invasion_wrangler_laser
0  -1.475944 12.259628 -0.836982  -0.813259 -0.581449 0.022960  0.194479 0.408409 0
0  -1.566179 12.405197 -0.346992  -0.813257 -0.581452 0.022951  0.201414 0.406920 0
0  -1.835121 12.628347 -0.530627  -0.813258 -0.581450 0.022959  0.199556 0.402423 0
painted_wood_01
0  -1.475944 14.446769 0.836982  -0.881921 0.000000 0.471397  0.297613 0.539650 0
0  -1.273830 13.353199 1.215109  -0.881921 0.000000 0.471397  0.297613 0.539650 0
0  -1.273830 14.446769 1.215109  -0.881921 0.000000 0.471397  0.297613 0.539650 0
painted_wood_01
0  -0.292273 14.446769 -2.020653  -0.471397 -0.000000 -0.881921  0.297613 0.539650 0
0  -0.670400 13.353199 -1.818539  -0.471397 -0.000000 -0.881921  0.297613 0.539650 0
0  -0.670400 14.446769 -1.818540  -0.471397 -0.000000 -0.881921  0.297613 0.539650 0
c_invasion_wrangler_laser
0  -1.475944 12.259628 0.836982  -0.648944 0.000000 0.760836  0.217968 0.408427 0
0  -1.835121 13.353199 0.530627  -0.648944 0.000000 0.760836  0.213249 0.393697 0
0  -1.835121 12.628347 0.530627  -0.648944 0.000000 0.760836  0.212918 0.402449 0
c_invasion_wrangler_laser
0  -1.888332 12.628347 0.355218  -0.840164 -0.380366 -0.386583  0.210781 0.402231 0
0  -1.623852 12.405197 0.000000  -0.840145 -0.380381 -0.386608  0.206236 0.406536 0
0  -1.600974 12.405197 0.232287  -0.840160 -0.380370 -0.386588  0.209468 0.406710 0
c_invasion_wrangler_laser
0  -1.923318 13.353199 0.000000  -0.995185 0.000000 0.098018  0.206249 0.393664 0
0  -1.888332 13.353199 0.355218  -0.995185 0.000000 0.098018  0.210922 0.393693 0
0  -1.888332 14.078052 0.355218  -0.995185 0.000000 0.098018  0.210787 0.385093 0
c_invasion_wrangler_laser
0  -1.475944 14.446769 -0.836982  -0.648944 0.000000 -0.760836  0.194520 0.378905 0
0  -1.835121 13.353199 -0.530627  -0.648944 0.000000 -0.760836  0.199249 0.393632 0
0  -1.835121 14.078052 -0.530627  -0.648944 0.000000 -0.760836  0.199577 0.384879 0
gold_player
0  -1.331302 11.922968 -0.547326  -1.000000 0.000000 0.000000  0.000000 0.000000 0
0  -1.331302 14.783431 0.547326  -1.000000 0.000000 0.000000  0.000000 0.000000 0
0  -1.331302 14.783431 -0.547326  -1.000000 0.000000 0.000000  0.000000 0.000000 0
c_invasion_wrangler_laser
0  -1.331302 14.783431 0.547326  -0.951371 0.107735 0.288594  0.214281 0.373229 0
0  -1.327384 15.683431 0.224263  -0.951371 0.107735 0.288594  0.209269 0.361047 0
0  -1.412690 14.783431 0.279024  -0.951371 0.107735 0.288594  0.210276 0.373453 0
gold_player
0  -1.412690 11.922968 0.279024  0.000000 1.000000 0.000000  0.000000 0.000000 0
0  -1.331302 11.922968 -0.547326  0.000000 1.000000 0.000000  0.000000 0.000000 0
0  -1.412690 11.922968 -0.279024  0.000000 1.000000 0.000000  0.000000 0.000000 0
gold_player
0  -1.331302 11.922968 0.547326  -0.894658 0.000000 -0.446752  0.000000 0.000000 0
0  -1.475944 12.259628 0.836982  -0.894658 0.000000 -0.446752  0.000000 0.000000 0
0  -1.475944 13.353199 0.836982  -0.894658 0.000000 -0.446752  0.000000 0.000000 0
gold_player
0  -1.475944 13.353199 -0.836982  -0.894657 -0.000000 0.446753  0.000000 0.000000 0
0  -1.331302 11.922968 -0.547326  -0.894657 -0.000000 0.446753  0.000000 0.000000 0
0  -1.331302 14.783431 -0.547326  -0.894657 -0.000000 0.446753  0.000000 0.000000 0
c_invasion_wrangler_laser
0  0.000000 13.667849 -5.391972  -0.860949 0.049860 -0.506241  0.175150 0.370364 0
0  -0.548739 14.537707 -4.373072  -0.860949 0.049860 -0.506241  0.170036 0.390333 0
0  0.000000 14.719771 -5.288366  -0.860949 0.049860 -0.506241  0.183671 0.383079 0
c_invasion_wrangler_laser
0  0.000000 14.719771 -5.288366  -0.860949 0.147665 -0.486787  0.183671 0.383079 0
0  -0.548739 15.374139 -4.119344  -0.860949 0.147665 -0.486787  0.174684 0.401747 0
0  0.000000 15.731267 -4.981533  -0.860949 0.147665 -0.486787  0.189489 0.397229 0
c_invasion_wrangler_laser
0  0.000000 15.731267 -4.981533  -0.860949 0.239795 -0.448626  0.189489 0.397229 0
0  -0.548739 16.144997 -3.707312  -0.860949 0.239795 -0.448626  0.177142 0.413872 0
0  0.000000 16.663467 -4.483261  -0.860949 0.239795 -0.448626  0.192584 0.412242 0
c_invasion_wrangler_laser
0  0.000000 16.663467 -4.483261  -0.860949 0.322710 -0.393224  0.192584 0.412242 0
0  -0.548739 16.820660 -3.152809  -0.860949 0.322710 -0.393224  0.177328 0.426351 0
0  0.000000 17.480549 -3.812699  -0.860949 0.322710 -0.393224  0.192844 0.427506 0
c_invasion_wrangler_laser
0  0.000000 17.480549 -3.812699  -0.860949 0.393223 -0.322710  0.192844 0.427506 0
0  -0.548739 17.375164 -2.477146  -0.860949 0.393223 -0.322710  0.175322 0.438573 0
0  0.000000 18.151112 -2.995618  -0.860949 0.393223 -0.322710  0.190351 0.442547 0
c_invasion_wrangler_laser
0  0.000000 18.151112 -2.995618  -0.860950 0.448624 -0.239796  0.190351 0.442547 0
0  -0.548739 17.787193 -1.706289  -0.860950 0.448624 -0.239796  0.171090 0.450196 0
0  0.000000 18.649384 -2.063420  -0.860950 0.448624 -0.239796  0.185133 0.457033 0
c_invasion_wrangler_laser
0  0.000000 18.649384 -2.063420  -0.860950 0.486786 -0.147663  0.185133 0.457033 0
0  -0.548739 18.040920 -0.869859  -0.860950 0.486786 -0.147663  0.164611 0.460825 0
0  0.000000 18.956215 -1.051922  -0.860950 0.486786 -0.147663  0.177134 0.470381 0
c_invasion_wrangler_laser
0  0.000000 18.956215 -1.051922  -0.860950 0.506240 -0.049860  0.177134 0.470381 0
0  -0.548739 18.126595 0.000000  -0.860950 0.506240 -0.049860  0.156101 0.470048 0
0  0.000000 19.059822 0.000000  -0.860950 0.506240 -0.049860  0.166348 0.481929 0
c_invasion_wrangler_laser
0  0.000000 19.059822 0.000000  -0.860950 0.506240 0.049862  0.166348 0.481929 0
0  -0.548739 18.040920 0.869859  -0.860950 0.506240 0.049862  0.145703 0.477132 0
0  0.000000 18.956215 1.051922  -0.860950 0.506240 0.049862  0.153321 0.490970 0
c_invasion_wrangler_laser
0  0.000000 18.956215 1.051922  -0.860950 0.486786 0.147662  0.153321 0.490970 0
0  -0.548739 17.787193 1.706289  -0.860950 0.486786 0.147662  0.134211 0.481969 0
0  0.000000 18.649384 2.063420  -0.860950 0.486786 0.147662  0.138857 0.496943 0
c_invasion_wrangler_laser
0  0.000000 18.649384 2.063420  -0.860950 0.448625 0.239795  0.138857 0.496943 0
0  -0.548739 17.375164 2.477146  -0.860950 0.448625 0.239795  0.122093 0.484403 0
0  0.000000 18.151112 2.995618  -0.860950 0.448625 0.239795  0.123626 0.499897 0
c_invasion_wrangler_laser
0  0.000000 18.151112 2.995618  -0.860949 0.393223 0.322710  0.123626 0.499897 0
0  -0.548739 16.820660 3.152809  -0.860949 0.393223 0.322710  0.109757 0.484444 0
0  0.000000 17.480549 3.812699  -0.860949 0.393223 0.322710  0.108216 0.499897 0
c_invasion_wrangler_laser
0  0.000000 17.480549 3.812699  -0.860950 0.322710 0.393223  0.108216 0.499897 0
0  -0.548739 16.144997 3.707312  -0.860950 0.322710 0.393223  0.097677 0.481981 0
0  0.000000 16.663467 4.483261  -0.860950 0.322710 0.393223  0.093154 0.496810 0
c_invasion_wrangler_laser
0  0.000000 16.663467 4.483261  -0.860950 0.239795 0.448624  0.093154 0.496810 0
0  -0.548739 15.374139 4.119344  -0.860950 0.239795 0.448624  0.086345 0.477196 0
0  0.000000 15.731267 4.981533  -0.860950 0.239795 0.448624  0.078981 0.490830 0
c_invasion_wrangler_laser
0  0.000000 15.731267 4.981533  -0.860950 0.147665 0.486785  0.078981 0.490830 0
0  -0.548739 14.537707 4.373072  -0.860950 0.147665 0.486785  0.076113 0.470315 0
0  0.000000 14.719771 5.288366  -0.860950 0.147665 0.486785  0.066199 0.482257 0
c_invasion_wrangler_laser
0  0.000000 14.719771 5.288366  -0.860950 0.049861 0.506240  0.066199 0.482257 0
0  -0.548739 13.667849 4.458746  -0.860950 0.049861 0.506240  0.067464 0.461500 0
0  0.000000 13.667849 5.391972  -0.860950 0.049861 0.506240  0.055404 0.471277 0
c_invasion_wrangler_laser
0  0.000000 13.667849 5.391972  -0.860950 -0.049860 0.506241  0.055404 0.471277 0
0  -0.548739 12.797991 4.373073  -0.860950 -0.049860 0.506241  0.060627 0.451188 0
0  0.000000 12.615927 5.288366  -0.860950 -0.049860 0.506241  0.046876 0.458439 0
c_invasion_wrangler_laser
0  0.000000 12.615927 5.288366  -0.860950 -0.147665 0.486786  0.046876 0.458439 0
0  -0.548739 11.961559 4.119343  -0.860950 -0.147665 0.486786  0.055987 0.439690 0
0  0.000000 11.604427 4.981532  -0.860950 -0.147665 0.486786  0.041090 0.444154 0
c_invasion_wrangler_laser
0  0.000000 11.604427 4.981532  -0.860949 -0.239795 0.448625  0.041090 0.444154 0
0  -0.548739 11.190701 3.707312  -0.860949 -0.239795 0.448625  0.053668 0.427534 0
0  0.000000 10.672230 4.483261  -0.860949 -0.239795 0.448625  0.038199 0.428993 0
c_invasion_wrangler_laser
0  0.000000 10.672230 4.483261  -0.860950 -0.322709 0.393223  0.038199 0.428993 0
0  -0.548739 10.515038 3.152808  -0.860950 -0.322709 0.393223  0.053669 0.415145 0
0  0.000000 9.855145 3.812698  -0.860950 -0.322709 0.393223  0.038232 0.413589 0
c_invasion_wrangler_laser
0  0.000000 9.855145 3.812698  -0.860950 -0.393223 0.322709  0.038232 0.413589 0
0  -0.548739 9.960536 2.477146  -0.860950 -0.393223 0.322709  0.056132 0.403006 0
0  0.000000 9.184587 2.995618  -0.860950 -0.393223 0.322709  0.041328 0.398546 0
c_invasion_wrangler_laser
0  0.000000 9.184587 2.995618  -0.860950 -0.448624 0.239794  0.041328 0.398546 0
0  -0.548739 9.548505 1.706289  -0.860950 -0.448624 0.239794  0.060854 0.391620 0
0  0.000000 8.686316 2.063420  -0.860950 -0.448624 0.239794  0.047255 0.384442 0
c_invasion_wrangler_laser
0  0.000000 8.686316 2.063420  -0.860950 -0.486786 0.147665  0.047255 0.384442 0
0  -0.548739 9.294775 0.869857  -0.860950 -0.486786 0.147665  0.067625 0.381425 0
0  0.000000 8.379480 1.051920  -0.860950 -0.486786 0.147665  0.055735 0.371843 0
c_invasion_wrangler_laser
0  0.000000 8.379480 1.051920  -0.860950 -0.506240 0.049859  0.055735 0.371843 0
0  -0.548739 9.209102 0.000000  -0.860950 -0.506240 0.049859  0.076153 0.372877 0
0  0.000000 8.275875 0.000000  -0.860950 -0.506240 0.049859  0.066325 0.361203 0
c_invasion_wrangler_laser
0  0.000000 8.275875 0.000000  -0.860950 -0.506240 -0.049860  0.066325 0.361203 0
0  -0.548739 9.294775 -0.869857  -0.860950 -0.506240 -0.049860  0.085992 0.365902 0
0  0.000000 8.379480 -1.051920  -0.860950 -0.506240 -0.049860  0.078603 0.352620 0
c_invasion_wrangler_laser
0  0.000000 8.379480 -1.051920  -0.860950 -0.486785 -0.147665  0.078603 0.352620 0
0  -0.548739 9.548505 -1.706289  -0.860950 -0.486785 -0.147665  0.097100 0.360980 0
0  0.000000 8.686316 -2.063420  -0.860950 -0.486785 -0.147665  0.092396 0.346485 0
c_invasion_wrangler_laser
0  0.000000 8.686316 -2.063420  -0.860950 -0.448624 -0.239795  0.092396 0.346485 0
0  -0.548739 9.960536 -2.477146  -0.860950 -0.448624 -0.239795  0.108950 0.358304 0
0  0.000000 9.184587 -2.995618  -0.860950 -0.448624 -0.239795  0.107165 0.343144 0
c_invasion_wrangler_laser
0  0.000000 9.184587 -2.995618  -0.860950 -0.393223 -0.322709  0.107165 0.343144 0
0  -0.548739 10.515038 -3.152808  -0.860950 -0.393223 -0.322709  0.121111 0.358026 0
0  0.000000 9.855145 -3.812698  -0.860950 -0.393223 -0.322709  0.122344 0.342777 0
c_invasion_wrangler_laser
0  0.000000 9.855145 -3.812698  -0.860949 -0.322710 -0.393223  0.122344 0.342777 0
0  -0.548739 11.190701 -3.707312  -0.860949 -0.322710 -0.393223  0.133060 0.360241 0
0  0.000000 10.672230 -4.483261  -0.860949 -0.322710 -0.393223  0.137315 0.345540 0
c_invasion_wrangler_laser
0  0.000000 10.672230 -4.483261  -0.860950 -0.239795 -0.448624  0.137315 0.345540 0
0  -0.548739 11.961559 -4.119343  -0.860950 -0.239795 -0.448624  0.144339 0.364761 0
0  0.000000 11.604427 -4.981532  -0.860950 -0.239795 -0.448624  0.151505 0.351181 0
c_invasion_wrangler_laser
0  0.000000 11.604427 -4.981532  -0.860949 -0.147665 -0.486787  0.151505 0.351181 0
0  -0.548739 12.797991 -4.373073  -0.860949 -0.147665 -0.486787  0.154530 0.371472 0
0  0.000000 12.615927 -5.288366  -0.860949 -0.147665 -0.486787  0.164289 0.359576 0
c_invasion_wrangler_laser
0  0.000000 12.615927 -5.288366  -0.860949 -0.049860 -0.506241  0.164289 0.359576 0
0  -0.548739 13.667849 -4.458746  -0.860949 -0.049860 -0.506241  0.163204 0.380109 0
0  0.000000 13.667849 -5.391972  -0.860949 -0.049860 -0.506241  0.175150 0.370364 0
gold_player
0  -0.225326 13.667850 4.736715  -0.854873 0.050855 0.516340  0.000000 0.000000 0
0  0.000000 14.664721 5.011591  -0.854873 0.050855 0.516340  0.000000 0.000000 0
0  -0.225326 14.591939 4.645701  -0.854873 0.050855 0.516340  0.000000 0.000000 0
gold_player
0  -0.225326 14.591939 4.645701  -0.854872 0.150611 0.496499  0.000000 0.000000 0
0  0.000000 15.623277 4.720815  -0.854872 0.150611 0.496499  0.000000 0.000000 0
0  -0.225327 15.480515 4.376153  -0.854872 0.150611 0.496499  0.000000 0.000000 0
gold_player
0  -0.225327 15.480515 4.376153  -0.854872 0.244579 0.457576  0.000000 0.000000 0
0  0.000000 16.506691 4.248621  -0.854872 0.244579 0.457576  0.000000 0.000000 0
0  -0.225327 16.299431 3.938434  -0.854872 0.244579 0.457576  0.000000 0.000000 0
gold_player
0  -0.225327 16.299431 3.938434  -0.854871 0.329149 0.401069  0.000000 0.000000 0
0  0.000000 17.281006 3.613157  -0.854871 0.329149 0.401069  0.000000 0.000000 0
0  -0.225327 17.017216 3.349365  -0.854871 0.329149 0.401069  0.000000 0.000000 0
gold_player
0  -0.225327 17.017216 3.349365  -0.854870 0.401070 0.329149  0.000000 0.000000 0
0  0.000000 17.916473 2.838837  -0.854870 0.401070 0.329149  0.000000 0.000000 0
0  -0.225327 17.606289 2.631577  -0.854870 0.401070 0.329149  0.000000 0.000000 0
gold_player
0  -0.225327 17.606289 2.631577  -0.854872 0.457575 0.244580  0.000000 0.000000 0
0  0.000000 18.388668 1.955426  -0.854872 0.457575 0.244580  0.000000 0.000000 0
0  -0.225327 18.044006 1.812662  -0.854872 0.457575 0.244580  0.000000 0.000000 0
gold_player
0  -0.225327 18.044006 1.812662  -0.854874 0.496495 0.150609  0.000000 0.000000 0
0  0.000000 18.679443 0.996867  -0.854874 0.496495 0.150609  0.000000 0.000000 0
0  -0.225327 18.313549 0.924087  -0.854874 0.496495 0.150609  0.000000 0.000000 0
gold_player
0  -0.225327 18.313549 0.924087  -0.854871 0.516341 0.050859  0.000000 0.000000 0
0  0.000000 18.777626 0.000000  -0.854871 0.516341 0.050859  0.000000 0.000000 0
0  -0.225327 18.404568 0.000000  -0.854871 0.516341 0.050859  0.000000 0.000000 0
gold_player
0  -0.225327 18.404568 0.000000  -0.854874 0.516337 -0.050857  0.000000 0.000000 0
0  0.000000 18.679443 -0.996867  -0.854874 0.516337 -0.050857  0.000000 0.000000 0
0  -0.225327 18.313549 -0.924087  -0.854874 0.516337 -0.050857  0.000000 0.000000 0
gold_player
0  -0.225327 18.313549 -0.924087  -0.854872 0.496499 -0.150608  0.000000 0.000000 0
0  0.000000 18.388668 -1.955426  -0.854872 0.496499 -0.150608  0.000000 0.000000 0
0  -0.225327 18.044006 -1.812662  -0.854872 0.496499 -0.150608  0.000000 0.000000 0
gold_player
0  -0.225327 18.044006 -1.812662  -0.854871 0.457578 -0.244579  0.000000 0.000000 0
0  0.000000 17.916473 -2.838837  -0.854871 0.457578 -0.244579  0.000000 0.000000 0
0  -0.225327 17.606289 -2.631577  -0.854871 0.457578 -0.244579  0.000000 0.000000 0
gold_player
0  -0.225327 17.606289 -2.631577  -0.854871 0.401070 -0.329149  0.000000 0.000000 0
0  0.000000 17.281006 -3.613157  -0.854871 0.401070 -0.329149  0.000000 0.000000 0
0  -0.225327 17.017216 -3.349365  -0.854871 0.401070 -0.329149  0.000000 0.000000 0
gold_player
0  -0.225327 17.017216 -3.349365  -0.854871 0.329148 -0.401070  0.000000 0.000000 0
0  0.000000 16.506691 -4.248621  -0.854871 0.329148 -0.401070  0.000000 0.000000 0
0  -0.225327 16.299431 -3.938434  -0.854871 0.329148 -0.401070  0.000000 0.000000 0
gold_player
0  -0.225327 16.299431 -3.938434  -0.854872 0.244580 -0.457575  0.000000 0.000000 0
0  0.000000 15.623277 -4.720815  -0.854872 0.244580 -0.457575  0.000000 0.000000 0
0  -0.225327 15.480515 -4.376153  -0.854872 0.244580 -0.457575  0.000000 0.000000 0
gold_player
0  -0.225327 15.480515 -4.376153  -0.854872 0.150611 -0.496497  0.000000 0.000000 0
0  0.000000 14.664721 -5.011591  -0.854872 0.150611 -0.496497  0.000000 0.000000 0
0  -0.225326 14.591939 -4.645701  -0.854872 0.150611 -0.496497  0.000000 0.000000 0
gold_player
0  -0.225326 14.591939 -4.645701  -0.854873 0.050855 -0.516339  0.000000 0.000000 0
0  0.000000 13.667850 -5.109774  -0.854873 0.050855 -0.516339  0.000000 0.000000 0
0  -0.225326 13.667850 -4.736715  -0.854873 0.050855 -0.516339  0.000000 0.000000 0
gold_player
0  -0.225326 13.667850 -4.736715  -0.854873 -0.050855 -0.516340  0.000000 0.000000 0
0  0.000000 12.670982 -5.011591  -0.854873 -0.050855 -0.516340  0.000000 0.000000 0
0  -0.225326 12.743763 -4.645701  -0.854873 -0.050855 -0.516340  0.000000 0.000000 0
gold_player
0  -0.225326 12.743763 -4.645701  -0.854873 -0.150611 -0.496496  0.000000 0.000000 0
0  0.000000 11.712427 -4.720817  -0.854873 -0.150611 -0.496496  0.000000 0.000000 0
0  -0.225326 11.855192 -4.376155  -0.854873 -0.150611 -0.496496  0.000000 0.000000 0
gold_player
0  -0.225326 11.855192 -4.376155  -0.854871 -0.244579 -0.457577  0.000000 0.000000 0
0  0.000000 10.829014 -4.248622  -0.854871 -0.244579 -0.457577  0.000000 0.000000 0
0  -0.225326 11.036272 -3.938435  -0.854871 -0.244579 -0.457577  0.000000 0.000000 0
gold_player
0  -0.225326 11.036272 -3.938435  -0.854873 -0.329147 -0.401067  0.000000 0.000000 0
0  0.000000 10.054694 -3.613157  -0.854873 -0.329147 -0.401067  0.000000 0.000000 0
0  -0.225326 10.318487 -3.349365  -0.854873 -0.329147 -0.401067  0.000000 0.000000 0
gold_player
0  -0.225326 10.318487 -3.349365  -0.854872 -0.401067 -0.329149  0.000000 0.000000 0
0  0.000000 9.419230 -2.838842  -0.854872 -0.401067 -0.329149  0.000000 0.000000 0
0  -0.225326 9.729414 -2.631582  -0.854872 -0.401067 -0.329149  0.000000 0.000000 0
gold_player
0  -0.225326 9.729414 -2.631582  -0.854872 -0.457575 -0.244580  0.000000 0.000000 0
0  0.000000 8.947033 -1.955427  -0.854872 -0.457575 -0.244580  0.000000 0.000000 0
0  -0.225326 9.291693 -1.812664  -0.854872 -0.457575 -0.244580  0.000000 0.000000 0
gold_player
0  -0.225326 9.291693 -1.812664  -0.854873 -0.496497 -0.150610  0.000000 0.000000 0
0  0.000000 8.656258 -0.996871  -0.854873 -0.496497 -0.150610  0.000000 0.000000 0
0  -0.225326 9.022147 -0.924090  -0.854873 -0.496497 -0.150610  0.000000 0.000000 0
gold_player
0  -0.225326 9.022147 -0.924090  -0.854874 -0.516337 -0.050854  0.000000 0.000000 0
0  0.000000 8.558072 0.000000  -0.854874 -0.516337 -0.050854  0.000000 0.000000 0
0  -0.225325 8.931132 0.000000  -0.854874 -0.516337 -0.050854  0.000000 0.000000 0
gold_player
0  -0.225325 8.931132 0.000000  -0.854872 -0.516340 0.050855  0.000000 0.000000 0
0  0.000000 8.656258 0.996871  -0.854872 -0.516340 0.050855  0.000000 0.000000 0
0  -0.225326 9.022147 0.924090  -0.854872 -0.516340 0.050855  0.000000 0.000000 0
gold_player
0  -0.225326 9.022147 0.924090  -0.854872 -0.496498 0.150610  0.000000 0.000000 0
0  0.000000 8.947033 1.955427  -0.854872 -0.496498 0.150610  0.000000 0.000000 0
0  -0.225326 9.291693 1.812664  -0.854872 -0.496498 0.150610  0.000000 0.000000 0
gold_player
0  -0.225326 9.291693 1.812664  -0.854872 -0.457576 0.244579  0.000000 0.000000 0
0  0.000000 9.419230 2.838842  -0.854872 -0.457576 0.244579  0.000000 0.000000 0
0  -0.225326 9.729414 2.631582  -0.854872 -0.457576 0.244579  0.000000 0.000000 0
gold_player
0  -0.225326 9.729414 2.631582  -0.854873 -0.401066 0.329148  0.000000 0.000000 0
0  0.000000 10.054694 3.613157  -0.854873 -0.401066 0.329148  0.000000 0.000000 0
0  -0.225326 10.318487 3.349365  -0.854873 -0.401066 0.329148  0.000000 0.000000 0
gold_player
0  -0.225326 10.318487 3.349365  -0.854872 -0.329148 0.401068  0.000000 0.000000 0
0  0.000000 10.829014 4.248622  -0.854872 -0.329148 0.401068  0.000000 0.000000 0
0  -0.225326 11.036272 3.938435  -0.854872 -0.329148 0.401068  0.000000 0.000000 0
gold_player
0  -0.225326 11.036272 3.938435  -0.854873 -0.244577 0.457574  0.000000 0.000000 0
0  0.000000 11.712427 4.720817  -0.854873 -0.244577 0.457574  0.000000 0.000000 0
0  -0.225326 11.855192 4.376155  -0.854873 -0.244577 0.457574  0.000000 0.000000 0
gold_player
0  -0.225326 11.855192 4.376155  -0.854872 -0.150612 0.496498  0.000000 0.000000 0
0  0.000000 12.670982 5.011591  -0.854872 -0.150612 0.496498  0.000000 0.000000 0
0  -0.225326 12.743763 4.645701  -0.854872 -0.150612 0.496498  0.000000 0.000000 0
gold_player
0  -0.225326 12.743763 4.645701  -0.854872 -0.050855 0.516340  0.000000 0.000000 0
0  0.000000 13.667850 5.109774  -0.854872 -0.050855 0.516340  0.000000 0.000000 0
0  -0.225326 13.667850 4.736715  -0.854872 -0.050855 0.516340  0.000000 0.000000 0
painted_wood_01
0  0.000000 12.923445 6.255380  -0.832333 -0.078882 0.548633  0.297613 0.539650 0
0  -0.505387 11.426786 5.273464  -0.832334 -0.078883 0.548633  0.297613 0.539650 0
0  0.000000 11.153833 6.087034  -0.832335 -0.078885 0.548631  0.297613 0.539650 0
painted_wood_01
0  0.000000 11.153833 6.087034  -0.860597 -0.208539 0.464634  0.297613 0.539650 0
0  -0.505387 10.485473 4.850979  -0.860597 -0.208539 0.464634  0.297613 0.539650 0
0  0.000000 10.059043 5.595666  -0.860597 -0.208539 0.464634  0.297613 0.539650 0
painted_wood_01
0  0.000000 10.059043 5.595666  -0.860597 -0.295178 0.415022  0.297613 0.539650 0
0  -0.505387 9.644668 4.252969  -0.860597 -0.295178 0.415022  0.297613 0.539650 0
0  0.000000 9.081148 4.900154  -0.860597 -0.295178 0.415022  0.297613 0.539650 0
painted_wood_01
0  0.000000 9.081148 4.900154  -0.861423 -0.341739 0.375719  0.297613 0.539650 0
0  -0.505387 9.059424 3.721681  -0.861423 -0.341739 0.375719  0.297613 0.539650 0
0  0.000000 8.452627 4.328477  -0.861423 -0.341739 0.375719  0.297613 0.539650 0
painted_wood_01
0  0.000000 8.452627 4.328477  -0.860597 -0.393684 0.323088  0.297613 0.539650 0
0  -0.505387 8.404872 2.924109  -0.860597 -0.393684 0.323088  0.297613 0.539650 0
0  0.000000 7.691356 3.400866  -0.860597 -0.393684 0.323088  0.297613 0.539650 0
painted_wood_01
0  0.000000 7.691356 3.400866  -0.860597 -0.449151 0.240077  0.297613 0.539650 0
0  -0.505387 7.918493 2.014160  -0.860597 -0.449151 0.240077  0.297613 0.539650 0
0  0.000000 7.125676 2.342555  -0.860597 -0.449151 0.240077  0.297613 0.539650 0
painted_wood_01
0  0.000000 7.125676 2.342555  -0.860597 -0.487357 0.147839  0.297613 0.539650 0
0  -0.505388 7.618985 1.026812  -0.860597 -0.487357 0.147839  0.297613 0.539650 0
0  0.000000 6.777333 1.194227  -0.860597 -0.487357 0.147839  0.297613 0.539650 0
painted_wood_01
0  0.000000 6.777333 1.194227  -0.862787 -0.502741 0.053384  0.297613 0.539650 0
0  -0.505388 7.517852 0.000000  -0.862787 -0.502741 0.053384  0.297613 0.539650 0
0  -0.009941 6.659712 0.000000  -0.862787 -0.502741 0.053384  0.297613 0.539650 0
painted_wood_01
0  -0.009941 6.659712 0.000000  -0.862774 -0.502762 -0.053396  0.297613 0.539650 0
0  -0.505388 7.618985 -1.026812  -0.862774 -0.502763 -0.053396  0.297613 0.539650 0
0  0.000000 6.777333 -1.194227  -0.862774 -0.502762 -0.053396  0.297613 0.539650 0
painted_wood_01
0  0.000000 6.777333 -1.194227  -0.860597 -0.487357 -0.147839  0.297613 0.539650 0
0  -0.505387 7.918493 -2.014160  -0.860597 -0.487357 -0.147839  0.297613 0.539650 0
0  0.000000 7.125676 -2.342555  -0.860597 -0.487357 -0.147839  0.297613 0.539650 0
painted_wood_01
0  0.000000 7.125676 -2.342555  -0.860597 -0.449151 -0.240077  0.297613 0.539650 0
0  -0.505387 8.404872 -2.924109  -0.860597 -0.449151 -0.240077  0.297613 0.539650 0
0  0.000000 7.691356 -3.400866  -0.860597 -0.449151 -0.240077  0.297613 0.539650 0
painted_wood_01
0  0.000000 7.691356 -3.400866  -0.860597 -0.393684 -0.323088  0.297613 0.539650 0
0  -0.505387 9.059424 -3.721681  -0.860597 -0.393684 -0.323088  0.297613 0.539650 0
0  0.000000 8.452627 -4.328477  -0.860597 -0.393684 -0.323088  0.297613 0.539650 0
painted_wood_01
0  0.000000 8.452627 -4.328477  -0.861620 -0.341515 -0.375472  0.297613 0.539650 0
0  -0.505387 9.644668 -4.252969  -0.861620 -0.341515 -0.375472  0.297613 0.539650 0
0  0.000000 9.081148 -4.900154  -0.861620 -0.341515 -0.375472  0.297613 0.539650 0
painted_wood_01
0  0.000000 9.081148 -4.900154  -0.860597 -0.295178 -0.415022  0.297613 0.539650 0
0  -0.505387 10.485473 -4.850979  -0.860597 -0.295178 -0.415022  0.297613 0.539650 0
0  0.000000 10.059043 -5.595666  -0.860597 -0.295178 -0.415022  0.297613 0.539650 0
painted_wood_01
0  0.000000 10.059043 -5.595666  -0.860596 -0.208539 -0.464635  0.297613 0.539650 0
0  -0.505387 11.426786 -5.273464  -0.860596 -0.208539 -0.464635  0.297613 0.539650 0
0  0.000000 11.153833 -6.087034  -0.860596 -0.208539 -0.464635  0.297613 0.539650 0
painted_wood_01
0  0.000000 11.153833 -6.087034  -0.832324 -0.078887 -0.548648  0.297613 0.539650 0
0  -0.505387 12.432436 -5.504190  -0.832322 -0.078892 -0.548650  0.297613 0.539650 0
0  0.000000 12.923445 -6.255380  -0.832323 -0.078889 -0.548649  0.297613 0.539650 0
gold_player
0  -0.225326 9.022147 0.924090  0.006967 0.995160 -0.098016  0.000000 0.000000 0
0  0.000000 8.929555 0.000000  0.006967 0.995160 -0.098016  0.000000 0.000000 0
0  -0.225325 8.931132 0.000000  0.006967 0.995160 -0.098016  0.000000 0.000000 0
gold_player
0  -0.225326 9.291693 1.812664  0.006960 0.956917 -0.290278  0.000000 0.000000 0
0  0.000000 9.020600 0.924394  0.006960 0.956917 -0.290278  0.000000 0.000000 0
0  -0.225326 9.022147 0.924090  0.006960 0.956917 -0.290278  0.000000 0.000000 0
gold_player
0  -0.225326 9.729414 2.631582  0.006958 0.881899 -0.471386  0.000000 0.000000 0
0  0.000000 9.290237 1.813267  0.006958 0.881899 -0.471386  0.000000 0.000000 0
0  -0.225326 9.291693 1.812664  0.006958 0.881899 -0.471386  0.000000 0.000000 0
gold_player
0  -0.225326 10.318487 3.349365  0.006956 0.772990 -0.634380  0.000000 0.000000 0
0  0.000000 9.728102 2.632453  0.006956 0.772990 -0.634380  0.000000 0.000000 0
0  -0.225326 9.729414 2.631582  0.006956 0.772990 -0.634380  0.000000 0.000000 0
gold_player
0  -0.225326 11.036272 3.938435  0.006963 0.634378 -0.772992  0.000000 0.000000 0
0  0.000000 10.317369 3.350477  0.006963 0.634378 -0.772992  0.000000 0.000000 0
0  -0.225326 10.318487 3.349365  0.006963 0.634378 -0.772992  0.000000 0.000000 0
gold_player
0  -0.225326 11.855192 4.376155  0.006959 0.471384 -0.881900  0.000000 0.000000 0
0  0.000000 11.035397 3.939746  0.006959 0.471384 -0.881900  0.000000 0.000000 0
0  -0.225326 11.036272 3.938435  0.006959 0.471384 -0.881900  0.000000 0.000000 0
gold_player
0  -0.225326 12.743763 4.645701  0.006970 0.290279 -0.956917  0.000000 0.000000 0
0  0.000000 11.854580 4.377610  0.006970 0.290279 -0.956917  0.000000 0.000000 0
0  -0.225326 11.855192 4.376155  0.006970 0.290279 -0.956917  0.000000 0.000000 0
gold_player
0  -0.225326 13.667850 4.736715  0.006967 0.098015 -0.995161  0.000000 0.000000 0
0  0.000000 12.743452 4.647247  0.006967 0.098015 -0.995161  0.000000 0.000000 0
0  -0.225326 12.743763 4.645701  0.006967 0.098015 -0.995161  0.000000 0.000000 0
gold_player
0  -0.225326 14.591939 4.645701  0.006965 -0.098014 -0.995161  0.000000 0.000000 0
0  0.000000 13.667849 4.738292  0.006965 -0.098014 -0.995161  0.000000 0.000000 0
0  -0.225326 13.667850 4.736715  0.006965 -0.098014 -0.995161  0.000000 0.000000 0
gold_player
0  -0.225327 15.480515 4.376153  0.006959 -0.290278 -0.956917  0.000000 0.000000 0
0  0.000000 14.592244 4.647247  0.006959 -0.290278 -0.956917  0.000000 0.000000 0
0  -0.225326 14.591939 4.645701  0.006959 -0.290278 -0.956917  0.000000 0.000000 0
gold_player
0  -0.225327 16.299431 3.938434  0.006959 -0.471386 -0.881899  0.000000 0.000000 0
0  0.000000 15.481114 4.377611  0.006959 -0.471386 -0.881899  0.000000 0.000000 0
0  -0.225327 15.480515 4.376153  0.006959 -0.471386 -0.881899  0.000000 0.000000 0
gold_player
0  -0.225327 17.017216 3.349365  0.006957 -0.634378 -0.772992  0.000000 0.000000 0
0  0.000000 16.300304 3.939746  0.006957 -0.634378 -0.772992  0.000000 0.000000 0
0  -0.225327 16.299431 3.938434  0.006957 -0.634378 -0.772992  0.000000 0.000000 0
gold_player
0  -0.225327 17.606289 2.631577  0.006957 -0.772992 -0.634377  0.000000 0.000000 0
0  0.000000 17.018330 3.350478  0.006957 -0.772992 -0.634377  0.000000 0.000000 0
0  -0.225327 17.017216 3.349365  0.006957 -0.772992 -0.634377  0.000000 0.000000 0
gold_player
0  -0.225327 18.044006 1.812662  0.006955 -0.881899 -0.471386  0.000000 0.000000 0
0  0.000000 17.607597 2.632453  0.006955 -0.881899 -0.471386  0.000000 0.000000 0
0  -0.225327 17.606289 2.631577  0.006955 -0.881899 -0.471386  0.000000 0.000000 0
gold_player
0  -0.225327 18.313549 0.924087  0.006951 -0.956918 -0.290276  0.000000 0.000000 0
0  0.000000 18.045460 1.813267  0.006951 -0.956918 -0.290276  0.000000 0.000000 0
0  -0.225327 18.044006 1.812662  0.006951 -0.956918 -0.290276  0.000000 0.000000 0
gold_player
0  -0.225327 18.404568 0.000000  0.006975 -0.995160 -0.098018  0.000000 0.000000 0
0  0.000000 18.315098 0.924396  0.006975 -0.995160 -0.098018  0.000000 0.000000 0
0  -0.225327 18.313549 0.924087  0.006975 -0.995160 -0.098018  0.000000 0.000000 0
gold_player
0  -0.225327 18.313549 -0.924087  0.006958 -0.995160 0.098018  0.000000 0.000000 0
0  0.000000 18.406143 0.000000  0.006958 -0.995160 0.098018  0.000000 0.000000 0
0  -0.225327 18.404568 0.000000  0.006958 -0.995160 0.098018  0.000000 0.000000 0
gold_player
0  -0.225327 18.044006 -1.812662  0.006975 -0.956918 0.290276  0.000000 0.000000 0
0  0.000000 18.315098 -0.924396  0.006975 -0.956918 0.290276  0.000000 0.000000 0
0  -0.225327 18.313549 -0.924087  0.006975 -0.956918 0.290276  0.000000 0.000000 0
gold_player
0  -0.225327 17.606289 -2.631577  0.006952 -0.881901 0.471383  0.000000 0.000000 0
0  0.000000 18.045460 -1.813267  0.006952 -0.881901 0.471383  0.000000 0.000000 0
0  -0.225327 18.044006 -1.812662  0.006952 -0.881901 0.471383  0.000000 0.000000 0
gold_player
0  -0.225327 17.017216 -3.349365  0.006959 -0.772992 0.634377  0.000000 0.000000 0
0  0.000000 17.607597 -2.632453  0.006959 -0.772992 0.634377  0.000000 0.000000 0
0  -0.225327 17.606289 -2.631577  0.006959 -0.772992 0.634377  0.000000 0.000000 0
gold_player
0  -0.225327 16.299431 -3.938434  0.006956 -0.634377 0.772993  0.000000 0.000000 0
0  0.000000 17.018330 -3.350478  0.006956 -0.634377 0.772993  0.000000 0.000000 0
0  -0.225327 17.017216 -3.349365  0.006956 -0.634377 0.772993  0.000000 0.000000 0
gold_player
0  -0.225327 15.480515 -4.376153  0.006958 -0.471384 0.881901  0.000000 0.000000 0
0  0.000000 16.300304 -3.939746  0.006958 -0.471384 0.881901  0.000000 0.000000 0
0  -0.225327 16.299431 -3.938434  0.006958 -0.471384 0.881901  0.000000 0.000000 0
gold_player
0  -0.225326 14.591939 -4.645701  0.006958 -0.290278 0.956917  0.000000 0.000000 0
0  0.000000 15.481114 -4.377611  0.006958 -0.290278 0.956917  0.000000 0.000000 0
0  -0.225327 15.480515 -4.376153  0.006958 -0.290278 0.956917  0.000000 0.000000 0
gold_player
0  -0.225326 13.667850 -4.736715  0.006966 -0.098014 0.995161  0.000000 0.000000 0
0  0.000000 14.592244 -4.647247  0.006966 -0.098014 0.995161  0.000000 0.000000 0
0  -0.225326 14.591939 -4.645701  0.006966 -0.098014 0.995161  0.000000 0.000000 0
gold_player
0  -0.225326 12.743763 -4.645701  0.006964 0.098014 0.995161  0.000000 0.000000 0
0  0.000000 13.667849 -4.738292  0.006964 0.098014 0.995161  0.000000 0.000000 0
0  -0.225326 13.667850 -4.736715  0.006964 0.098014 0.995161  0.000000 0.000000 0
gold_player
0  -0.225326 11.855192 -4.376155  0.006967 0.290278 0.956917  0.000000 0.000000 0
0  0.000000 12.743452 -4.647247  0.006967 0.290278 0.956917  0.000000 0.000000 0
0  -0.225326 12.743763 -4.645701  0.006967 0.290278 0.956917  0.000000 0.000000 0
gold_player
0  -0.225326 11.036272 -3.938435  0.006976 0.471383 0.881901  0.000000 0.000000 0
0  0.000000 11.854580 -4.377610  0.006976 0.471383 0.881901  0.000000 0.000000 0
0  -0.225326 11.855192 -4.376155  0.006976 0.471383 0.881901  0.000000 0.000000 0
gold_player
0  -0.225326 10.318487 -3.349365  0.006961 0.634376 0.772993  0.000000 0.000000 0
0  0.000000 11.035397 -3.939746  0.006961 0.634376 0.772993  0.000000 0.000000 0
0  -0.225326 11.036272 -3.938435  0.006961 0.634376 0.772993  0.000000 0.000000 0
gold_player
0  -0.225326 9.729414 -2.631582  0.006968 0.772989 0.634381  0.000000 0.000000 0
0  0.000000 10.317369 -3.350477  0.006968 0.772989 0.634381  0.000000 0.000000 0
0  -0.225326 10.318487 -3.349365  0.006968 0.772989 0.634381  0.000000 0.000000 0
gold_player
0  -0.225326 9.291693 -1.812664  0.006960 0.881900 0.471385  0.000000 0.000000 0
0  0.000000 9.728102 -2.632453  0.006960 0.881900 0.471385  0.000000 0.000000 0
0  -0.225326 9.729414 -2.631582  0.006960 0.881900 0.471385  0.000000 0.000000 0
gold_player
0  -0.225326 9.022147 -0.924090  0.006958 0.956918 0.290276  0.000000 0.000000 0
0  0.000000 9.290237 -1.813267  0.006958 0.956918 0.290276  0.000000 0.000000 0
0  -0.225326 9.291693 -1.812664  0.006958 0.956918 0.290276  0.000000 0.000000 0
gold_player
0  -0.225325 8.931132 0.000000  0.006964 0.995161 0.098016  0.000000 0.000000 0
0  0.000000 9.020600 -0.924394  0.006964 0.995161 0.098016  0.000000 0.000000 0
0  -0.225326 9.022147 -0.924090  0.006964 0.995161 0.098016  0.000000 0.000000 0
c_invasion_wrangler_laser
0  -0.548739 9.209102 0.000000  0.057140 0.993559 0.097855  0.076153 0.372877 0
0  0.000000 9.263824 -0.876018  0.057140 0.993559 0.097855  0.089509 0.372129 0
0  -0.548739 9.294775 -0.869857  0.057140 0.993559 0.097855  0.085992 0.365902 0
c_invasion_wrangler_laser
0  -0.548739 9.294775 0.869857  0.057143 0.993559 -0.097857  0.067625 0.381425 0
0  0.000000 9.177542 0.000000  0.057143 0.993559 -0.097857  0.080623 0.378167 0
0  -0.548739 9.209102 0.000000  0.057143 0.993559 -0.097857  0.076153 0.372877 0
c_invasion_wrangler_laser
0  -0.548739 9.548505 1.706289  0.057142 0.955376 -0.289812  0.060854 0.391620 0
0  0.000000 9.263824 0.876018  0.057142 0.955376 -0.289812  0.073218 0.385949 0
0  -0.548739 9.294775 0.869857  0.057142 0.955376 -0.289812  0.067625 0.381425 0
c_invasion_wrangler_laser
0  -0.548739 9.960536 2.477146  0.057143 0.880480 -0.470627  0.056132 0.403006 0
0  0.000000 9.519347 1.718367  0.057143 0.880480 -0.470627  0.067282 0.395057 0
0  -0.548739 9.548505 1.706289  0.057143 0.880480 -0.470627  0.060854 0.391620 0
c_invasion_wrangler_laser
0  -0.548739 10.515038 3.152808  0.057141 0.771748 -0.633357  0.053669 0.415145 0
0  0.000000 9.934299 2.494684  0.057141 0.771748 -0.633357  0.063138 0.405172 0
0  -0.548739 9.960536 2.477146  0.057141 0.771748 -0.633357  0.056132 0.403006 0
c_invasion_wrangler_laser
0  -0.548739 11.190701 3.707312  0.057142 0.633358 -0.771747  0.053668 0.427534 0
0  0.000000 10.492725 3.175127  0.057142 0.633358 -0.771747  0.060995 0.415916 0
0  -0.548739 10.515038 3.152808  0.057142 0.633358 -0.771747  0.053669 0.415145 0
c_invasion_wrangler_laser
0  -0.548739 11.961559 4.119343  0.057138 0.470626 -0.880481  0.055987 0.439690 0
0  0.000000 11.173172 3.733553  0.057138 0.470626 -0.880481  0.060982 0.426884 0
0  -0.548739 11.190701 3.707312  0.057138 0.470626 -0.880481  0.053668 0.427534 0
c_invasion_wrangler_laser
0  -0.548739 12.797991 4.373073  0.057145 0.289811 -0.955376  0.060627 0.451188 0
0  0.000000 11.949486 4.148503  0.057145 0.289811 -0.955376  0.063051 0.437646 0
0  -0.548739 11.961559 4.119343  0.057145 0.289811 -0.955376  0.055987 0.439690 0
c_invasion_wrangler_laser
0  -0.548739 13.667849 4.458746  0.057143 0.097857 -0.993559  0.067464 0.461500 0
0  0.000000 12.791836 4.404026  0.057143 0.097857 -0.993559  0.067163 0.447793 0
0  -0.548739 12.797991 4.373073  0.057143 0.097857 -0.993559  0.060627 0.451188 0
c_invasion_wrangler_laser
0  -0.548739 14.537707 4.373072  0.057145 -0.097857 -0.993558  0.076113 0.470315 0
0  0.000000 13.667850 4.490306  0.057145 -0.097857 -0.993558  0.073184 0.456924 0
0  -0.548739 13.667849 4.458746  0.057145 -0.097857 -0.993558  0.067464 0.461500 0
c_invasion_wrangler_laser
0  -0.548739 15.374139 4.119344  0.057146 -0.289810 -0.955377  0.086345 0.477196 0
0  0.000000 14.543868 4.404026  0.057146 -0.289810 -0.955377  0.080834 0.464697 0
0  -0.548739 14.537707 4.373072  0.057146 -0.289810 -0.955377  0.076113 0.470315 0
c_invasion_wrangler_laser
0  -0.548739 16.144997 3.707312  0.057143 -0.470626 -0.880480  0.097677 0.481981 0
0  0.000000 15.386218 4.148501  0.057143 -0.470626 -0.880480  0.089857 0.470797 0
0  -0.548739 15.374139 4.119344  0.057143 -0.470626 -0.880480  0.086345 0.477196 0
c_invasion_wrangler_laser
0  -0.548739 16.820660 3.152809  0.057145 -0.633356 -0.771748  0.109757 0.484444 0
0  0.000000 16.162533 3.733552  0.057145 -0.633356 -0.771748  0.099870 0.475010 0
0  -0.548739 16.144997 3.707312  0.057145 -0.633356 -0.771748  0.097677 0.481981 0
c_invasion_wrangler_laser
0  -0.548739 17.375164 2.477146  0.057149 -0.771747 -0.633357  0.122093 0.484403 0
0  0.000000 16.842979 3.175126  0.057149 -0.771747 -0.633357  0.110515 0.477153 0
0  -0.548739 16.820660 3.152809  0.057149 -0.771747 -0.633357  0.109757 0.484444 0
c_invasion_wrangler_laser
0  -0.548739 17.787193 1.706289  0.057142 -0.880481 -0.470625  0.134211 0.481969 0
0  0.000000 17.401405 2.494679  0.057142 -0.880481 -0.470625  0.121388 0.477116 0
0  -0.548739 17.375164 2.477146  0.057142 -0.880481 -0.470625  0.122093 0.484403 0
c_invasion_wrangler_laser
0  -0.548739 18.040920 0.869859  0.057146 -0.955376 -0.289810  0.145703 0.477132 0
0  0.000000 17.816353 1.718366  0.057146 -0.955376 -0.289810  0.132048 0.474912 0
0  -0.548739 17.787193 1.706289  0.057146 -0.955376 -0.289810  0.134211 0.481969 0
c_invasion_wrangler_laser
0  -0.548739 18.126595 0.000000  0.057148 -0.993558 -0.097861  0.156101 0.470048 0
0  0.000000 18.071877 0.876015  0.057148 -0.993558 -0.097861  0.142096 0.470571 0
0  -0.548739 18.040920 0.869859  0.057148 -0.993558 -0.097861  0.145703 0.477132 0
c_invasion_wrangler_laser
0  -0.548739 18.040920 -0.869859  0.057148 -0.993558 0.097861  0.164611 0.460825 0
0  0.000000 18.158157 0.000000  0.057148 -0.993558 0.097861  0.151104 0.464231 0
0  -0.548739 18.126595 0.000000  0.057148 -0.993558 0.097861  0.156101 0.470048 0
c_invasion_wrangler_laser
0  -0.548739 17.787193 -1.706289  0.057147 -0.955377 0.289807  0.171090 0.450196 0
0  0.000000 18.071877 -0.876015  0.057147 -0.955377 0.289807  0.158663 0.456294 0
0  -0.548739 18.040920 -0.869859  0.057147 -0.955377 0.289807  0.164611 0.460825 0
c_invasion_wrangler_laser
0  -0.548739 17.375164 -2.477146  0.057145 -0.880482 0.470622  0.175322 0.438573 0
0  0.000000 17.816353 -1.718366  0.057145 -0.880482 0.470622  0.164442 0.447007 0
0  -0.548739 17.787193 -1.706289  0.057145 -0.880482 0.470622  0.171090 0.450196 0
c_invasion_wrangler_laser
0  -0.548739 16.820660 -3.152809  0.057142 -0.771747 0.633357  0.177328 0.426351 0
0  0.000000 17.401405 -2.494679  0.057142 -0.771747 0.633357  0.168218 0.436772 0
0  -0.548739 17.375164 -2.477146  0.057142 -0.771747 0.633357  0.175322 0.438573 0
c_invasion_wrangler_laser
0  -0.548739 16.144997 -3.707312  0.057149 -0.633356 0.771748  0.177142 0.413872 0
0  0.000000 16.842979 -3.175126  0.057149 -0.633356 0.771748  0.169844 0.425859 0
0  -0.548739 16.820660 -3.152809  0.057149 -0.633356 0.771748  0.177328 0.426351 0
c_invasion_wrangler_laser
0  -0.548739 15.374139 -4.119344  0.057143 -0.470626 0.880480  0.174684 0.401747 0
0  0.000000 16.162533 -3.733552  0.057143 -0.470626 0.880480  0.169796 0.414676 0
0  -0.548739 16.144997 -3.707312  0.057143 -0.470626 0.880480  0.177142 0.413872 0
c_invasion_wrangler_laser
0  -0.548739 14.537707 -4.373072  0.057145 -0.289810 0.955377  0.170036 0.390333 0
0  0.000000 15.386218 -4.148501  0.057145 -0.289810 0.955377  0.167688 0.403885 0
0  -0.548739 15.374139 -4.119344  0.057145 -0.289810 0.955377  0.174684 0.401747 0
c_invasion_wrangler_laser
0  -0.548739 13.667849 -4.458746  0.057145 -0.097857 0.993558  0.163204 0.380109 0
0  0.000000 14.543868 -4.404026  0.057145 -0.097857 0.993558  0.163587 0.393786 0
0  -0.548739 14.537707 -4.373072  0.057145 -0.097857 0.993558  0.170036 0.390333 0
c_invasion_wrangler_laser
0  -0.548739 12.797991 -4.373073  0.057143 0.097857 0.993559  0.154530 0.371472 0
0  0.000000 13.667850 -4.490306  0.057143 0.097857 0.993559  0.157601 0.384747 0
0  -0.548739 13.667849 -4.458746  0.057143 0.097857 0.993559  0.163204 0.380109 0
c_invasion_wrangler_laser
0  -0.548739 11.961559 -4.119343  0.057140 0.289811 0.955377  0.144339 0.364761 0
0  0.000000 12.791836 -4.404026  0.057140 0.289811 0.955377  0.149975 0.377110 0
0  -0.548739 12.797991 -4.373073  0.057140 0.289811 0.955377  0.154530 0.371472 0
c_invasion_wrangler_laser
0  -0.548739 11.190701 -3.707312  0.057143 0.470626 0.880481  0.133060 0.360241 0
0  0.000000 11.949486 -4.148503  0.057143 0.470626 0.880481  0.141012 0.371171 0
0  -0.548739 11.961559 -4.119343  0.057143 0.470626 0.880481  0.144339 0.364761 0
c_invasion_wrangler_laser
0  -0.548739 10.515038 -3.152808  0.057138 0.633358 0.771747  0.121111 0.358026 0
0  0.000000 11.173172 -3.733553  0.057138 0.633358 0.771747  0.131093 0.367159 0
0  -0.548739 11.190701 -3.707312  0.057138 0.633358 0.771747  0.133060 0.360241 0
c_invasion_wrangler_laser
0  -0.548739 9.960536 -2.477146  0.057141 0.771749 0.633355  0.108950 0.358304 0
0  0.000000 10.492725 -3.175127  0.057141 0.771749 0.633355  0.120568 0.365224 0
0  -0.548739 10.515038 -3.152808  0.057141 0.771749 0.633355  0.121111 0.358026 0
c_invasion_wrangler_laser
0  -0.548739 9.548505 -1.706289  0.057139 0.880480 0.470627  0.097100 0.360980 0
0  0.000000 9.934299 -2.494684  0.057139 0.880480 0.470627  0.109865 0.365446 0
0  -0.548739 9.960536 -2.477146  0.057139 0.880480 0.470627  0.108950 0.358304 0
c_invasion_wrangler_laser
0  -0.548739 9.294775 -0.869857  0.057143 0.955376 0.289812  0.085992 0.365902 0
0  0.000000 9.519347 -1.718367  0.057143 0.955376 0.289812  0.099397 0.367814 0
0  -0.548739 9.548505 -1.706289  0.057143 0.955376 0.289812  0.097100 0.360980 0
painted_wood_01
0  -0.505388 7.618985 -1.026812  -0.006486 0.956920 0.290279  0.297613 0.539650 0
0  0.000000 7.930435 -2.042234  -0.006486 0.956920 0.290279  0.297613 0.539650 0
0  -0.505387 7.918493 -2.014160  -0.006486 0.956920 0.290279  0.297613 0.539650 0
painted_wood_01
0  -0.505387 7.918493 -2.014160  0.005348 0.881908 0.471390  0.297613 0.539650 0
0  0.000000 8.423593 -2.964867  0.005348 0.881908 0.471390  0.297613 0.539650 0
0  -0.505387 8.404872 -2.924109  0.005348 0.881908 0.471390  0.297613 0.539650 0
painted_wood_01
0  -0.505387 8.404872 -2.924109  0.022524 0.772813 0.634234  0.297613 0.539650 0
0  0.000000 9.087268 -3.773557  0.022524 0.772813 0.634234  0.297613 0.539650 0
0  -0.505387 9.059424 -3.721681  0.022524 0.772813 0.634234  0.297613 0.539650 0
painted_wood_01
0  -0.505387 9.059424 -3.721681  0.039617 0.671967 0.739521  0.297613 0.539650 0
0  0.000000 9.635210 -4.271944  0.039617 0.671967 0.739521  0.297613 0.539650 0
0  -0.505387 9.644668 -4.252969  0.039617 0.671967 0.739521  0.297613 0.539650 0
painted_wood_01
0  -0.505387 9.644668 -4.252969  0.041404 0.579094 0.814209  0.297613 0.539650 0
0  0.000000 10.487738 -4.878289  0.041404 0.579094 0.814209  0.297613 0.539650 0
0  -0.505387 10.485473 -4.850979  0.041404 0.579094 0.814209  0.297613 0.539650 0
painted_wood_01
0  0.000000 11.442171 -5.306663  0.052932 0.221254 0.973779  0.297613 0.539650 0
0  -0.505387 12.432436 -5.504190  0.052932 0.221254 0.973779  0.297613 0.539650 0
0  -0.505387 11.426786 -5.273464  0.052932 0.221254 0.973779  0.297613 0.539650 0
painted_wood_01
0  -0.505387 10.485473 -4.850979  0.047411 0.409012 0.911297  0.297613 0.539650 0
0  0.000000 11.442171 -5.306663  0.047411 0.409012 0.911297  0.297613 0.539650 0
0  -0.505387 11.426786 -5.273464  0.047411 0.409012 0.911297  0.297613 0.539650 0
painted_wood_01
0  -0.505388 7.517852 0.000000  -0.012517 0.995107 0.098011  0.297613 0.539650 0
0  0.000000 7.626752 -1.041124  -0.012517 0.995107 0.098011  0.297613 0.539650 0
0  -0.505388 7.618985 -1.026812  -0.012517 0.995107 0.098011  0.297613 0.539650 0
painted_wood_01
0  -0.505388 7.618985 1.026812  -0.012515 0.995107 -0.098011  0.297613 0.539650 0
0  0.000000 7.524208 0.000000  -0.012515 0.995107 -0.098011  0.297613 0.539650 0
0  -0.505388 7.517852 0.000000  -0.012515 0.995107 -0.098011  0.297613 0.539650 0
painted_wood_01
0  -0.505387 7.918493 2.014160  -0.006485 0.956920 -0.290278  0.297613 0.539650 0
0  0.000000 7.626752 1.041124  -0.006485 0.956920 -0.290278  0.297613 0.539650 0
0  -0.505388 7.618985 1.026812  -0.006485 0.956920 -0.290278  0.297613 0.539650 0
painted_wood_01
0  -0.505387 8.404872 2.924109  0.005347 0.881908 -0.471390  0.297613 0.539650 0
0  0.000000 7.930435 2.042234  0.005347 0.881908 -0.471390  0.297613 0.539650 0
0  -0.505387 7.918493 2.014160  0.005347 0.881908 -0.471390  0.297613 0.539650 0
painted_wood_01
0  -0.505387 9.059424 3.721681  0.022523 0.772813 -0.634234  0.297613 0.539650 0
0  0.000000 8.423593 2.964867  0.022523 0.772813 -0.634234  0.297613 0.539650 0
0  -0.505387 8.404872 2.924109  0.022523 0.772813 -0.634234  0.297613 0.539650 0
painted_wood_01
0  -0.505387 9.644668 4.252969  0.039570 0.671947 -0.739541  0.297613 0.539650 0
0  0.000000 9.087268 3.773557  0.039570 0.671947 -0.739541  0.297613 0.539650 0
0  -0.505387 9.059424 3.721681  0.039570 0.671947 -0.739541  0.297613 0.539650 0
painted_wood_01
0  -0.505387 10.485473 4.850979  0.041408 0.579094 -0.814209  0.297613 0.539650 0
0  0.000000 9.635210 4.271944  0.041408 0.579094 -0.814209  0.297613 0.539650 0
0  -0.505387 9.644668 4.252969  0.041408 0.579094 -0.814209  0.297613 0.539650 0
painted_wood_01
0  -0.505387 11.426786 5.273464  0.047410 0.409012 -0.911296  0.297613 0.539650 0
0  0.000000 10.487738 4.878289  0.047410 0.409012 -0.911296  0.297613 0.539650 0
0  -0.505387 10.485473 4.850979  0.047410 0.409012 -0.911296  0.297613 0.539650 0
painted_wood_01
0  0.000000 13.361835 5.740606  0.052923 0.221258 -0.973778  0.297613 0.539650 0
0  -0.505387 11.426786 5.273464  0.052923 0.221258 -0.973778  0.297613 0.539650 0
0  -0.505387 12.432436 5.504190  0.052923 0.221258 -0.973778  0.297613 0.539650 0
gold_player
0  0.000000 7.460647 0.471976  -0.639749 -0.156301 0.752523  0.000000 0.000000 0
0  -0.900303 9.634595 0.158238  -0.639748 -0.156302 0.752524  0.000000 0.000000 0
0  -0.102019 7.460647 0.462907  -0.639727 -0.156353 0.752531  0.000000 0.000000 0
gold_player
0  -0.102019 7.460647 -0.462907  -0.639699 -0.156298 -0.752566  0.000000 0.000000 0
0  0.000000 9.634596 -1.001162  -0.639698 -0.156290 -0.752569  0.000000 0.000000 0
0  0.000000 7.460647 -0.471976  -0.639700 -0.156329 -0.752559  0.000000 0.000000 0
painted_wood_01
0  -0.102019 7.460647 0.462907  -0.290175 0.027507 0.956578  0.297613 0.539650 0
0  -0.930568 9.634595 0.149057  -0.290175 0.027507 0.956578  0.297613 0.539650 0
0  -0.190558 7.460647 0.436049  -0.290175 0.027507 0.956578  0.297613 0.539650 0
painted_wood_01
0  -0.190558 7.460647 0.436049  -0.470942 -0.043994 0.881066  0.297613 0.539650 0
0  -0.958461 9.634595 0.134147  -0.470942 -0.043994 0.881066  0.297613 0.539650 0
0  -0.272157 7.460647 0.392434  -0.470942 -0.043994 0.881066  0.297613 0.539650 0
painted_wood_01
0  -0.272157 7.460647 0.392434  -0.630695 -0.107801 0.768507  0.297613 0.539650 0
0  -0.982910 9.634595 0.114083  -0.630695 -0.107801 0.768507  0.297613 0.539650 0
0  -0.343678 7.460647 0.333738  -0.630695 -0.107801 0.768507  0.297613 0.539650 0
painted_wood_01
0  -0.343678 7.460647 0.333738  -0.762918 -0.161068 0.626110  0.297613 0.539650 0
0  -1.002975 9.634595 0.089634  -0.762918 -0.161068 0.626110  0.297613 0.539650 0
0  -0.402375 7.460647 0.262216  -0.762918 -0.161068 0.626110  0.297613 0.539650 0
painted_wood_01
0  -0.402375 7.460647 0.262216  -0.863747 -0.201978 0.461677  0.297613 0.539650 0
0  -1.017884 9.634595 0.061741  -0.863747 -0.201978 0.461677  0.297613 0.539650 0
0  -0.445990 7.460647 0.180618  -0.863747 -0.201978 0.461677  0.297613 0.539650 0
painted_wood_01
0  -0.445990 7.460647 0.180618  -0.931383 -0.229566 0.282534  0.297613 0.539650 0
0  -1.027064 9.634595 0.031476  -0.931383 -0.229566 0.282534  0.297613 0.539650 0
0  -0.472848 7.460647 0.092078  -0.931383 -0.229566 0.282534  0.297613 0.539650 0
painted_wood_01
0  -0.472848 7.460647 0.092078  -0.965249 -0.243426 0.095069  0.297613 0.539650 0
0  -1.030165 9.634595 0.000000  -0.965249 -0.243426 0.095069  0.297613 0.539650 0
0  -0.481917 7.460647 0.000000  -0.965249 -0.243426 0.095069  0.297613 0.539650 0
painted_wood_01
0  -0.481917 7.460647 0.000000  -0.965249 -0.243426 -0.095073  0.297613 0.539650 0
0  -1.027064 9.634595 -0.031476  -0.965249 -0.243426 -0.095073  0.297613 0.539650 0
0  -0.472848 7.460647 -0.092078  -0.965249 -0.243426 -0.095073  0.297613 0.539650 0
painted_wood_01
0  -0.472848 7.460647 -0.092078  -0.931382 -0.229566 -0.282538  0.297613 0.539650 0
0  -1.017884 9.634595 -0.061741  -0.931382 -0.229566 -0.282538  0.297613 0.539650 0
0  -0.445990 7.460647 -0.180618  -0.931382 -0.229566 -0.282538  0.297613 0.539650 0
painted_wood_01
0  -0.445990 7.460647 -0.180618  -0.863747 -0.201978 -0.461677  0.297613 0.539650 0
0  -1.002975 9.634595 -0.089634  -0.863747 -0.201978 -0.461677  0.297613 0.539650 0
0  -0.402375 7.460647 -0.262216  -0.863747 -0.201978 -0.461677  0.297613 0.539650 0
painted_wood_01
0  -0.402375 7.460647 -0.262216  -0.762920 -0.161068 -0.626107  0.297613 0.539650 0
0  -0.982910 9.634595 -0.114083  -0.762920 -0.161068 -0.626107  0.297613 0.539650 0
0  -0.343678 7.460647 -0.333738  -0.762920 -0.161068 -0.626107  0.297613 0.539650 0
painted_wood_01
0  -0.343678 7.460647 -0.333738  -0.630694 -0.107801 -0.768508  0.297613 0.539650 0
0  -0.958461 9.634595 -0.134147  -0.630694 -0.107801 -0.768508  0.297613 0.539650 0
0  -0.272157 7.460647 -0.392434  -0.630694 -0.107801 -0.768508  0.297613 0.539650 0
painted_wood_01
0  -0.272157 7.460647 -0.392434  -0.470940 -0.043994 -0.881067  0.297613 0.539650 0
0  -0.930568 9.634595 -0.149057  -0.470940 -0.043994 -0.881067  0.297613 0.539650 0
0  -0.190558 7.460647 -0.436049  -0.470940 -0.043994 -0.881067  0.297613 0.539650 0
painted_wood_01
0  -0.190558 7.460647 -0.436049  -0.290176 0.027507 -0.956578  0.297613 0.539650 0
0  -0.900303 9.634595 -0.158238  -0.290176 0.027507 -0.956578  0.297613 0.539650 0
0  -0.102019 7.460647 -0.462907  -0.290176 0.027507 -0.956578  0.297613 0.539650 0
painted_wood_01
0  -0.424202 15.683431 -1.127445  -0.406139 0.012745 -0.913723  0.297613 0.539650 0
0  0.000000 15.783435 0.000000  -0.778945 0.033176 -0.626214  0.297613 0.539650 0
0  0.000000 15.683431 -1.180231  -0.308883 0.010608 -0.951041  0.297613 0.539650 0
painted_wood_01
0  -1.199134 14.783431 0.794594  -0.875196 0.123256 0.467803  0.297613 0.539650 0
0  -1.261969 15.683431 0.439907  -0.875196 0.123256 0.467803  0.297613 0.539650 0
0  -1.331302 14.783431 0.547326  -0.875196 0.123256 0.467803  0.297613 0.539650 0
painted_wood_01
0  -1.331302 14.783431 -0.547326  -0.875196 0.123256 -0.467804  0.297613 0.539650 0
0  -1.155741 15.683431 -0.638646  -0.875196 0.123256 -0.467804  0.297613 0.539650 0
0  -1.199134 14.783431 -0.794594  -0.875196 0.123256 -0.467804  0.297613 0.539650 0
painted_wood_01
0  -0.288965 14.783431 -1.402750  -0.107638 0.271052 -0.956527  0.297613 0.539650 0
0  0.000000 15.683431 -1.180231  -0.107638 0.271054 -0.956527  0.297613 0.539650 0
0  0.000000 14.783431 -1.430231  -0.107638 0.271052 -0.956527  0.297613 0.539650 0
painted_wood_01
0  -0.804534 14.783431 1.189194  -0.624740 0.173774 0.761250  0.297613 0.539650 0
0  -1.012782 15.683431 0.812842  -0.624740 0.173774 0.761250  0.297613 0.539650 0
0  -1.021267 14.783431 1.011326  -0.624740 0.173774 0.761250  0.297613 0.539650 0
c_invasion_wrangler_laser
0  -1.412690 14.783431 0.279024  -0.990217 0.099792 0.097530  0.210276 0.373453 0
0  -1.349472 15.683431 0.000000  -0.990217 0.099792 0.097530  0.206272 0.361201 0
0  -1.440172 14.783431 0.000000  -0.990217 0.099792 0.097530  0.206268 0.373524 0
painted_wood_01
0  -0.804534 14.783431 -1.189194  -0.461253 0.206332 -0.862944  0.297613 0.539650 0
0  -0.639846 15.683431 -1.062030  -0.461253 0.206332 -0.862944  0.297613 0.539650 0
0  -0.557266 14.783431 -1.321361  -0.461253 0.206332 -0.862944  0.297613 0.539650 0
painted_wood_01
0  -0.288965 14.783431 1.402750  -0.281677 0.241716 0.928564  0.297613 0.539650 0
0  -0.639846 15.683431 1.062030  -0.281677 0.241716 0.928564  0.297613 0.539650 0
0  -0.557266 14.783431 1.321361  -0.281677 0.241716 0.928564  0.297613 0.539650 0
painted_wood_01
0  -1.199134 14.783431 -0.794594  -0.764770 0.145626 -0.627630  0.297613 0.539650 0
0  -1.012782 15.683431 -0.812842  -0.764770 0.145626 -0.627630  0.297613 0.539650 0
0  -1.021267 14.783431 -1.011326  -0.764770 0.145626 -0.627630  0.297613 0.539650 0
c_invasion_wrangler_laser
0  -1.440172 14.783431 0.000000  -0.990217 0.099792 -0.097531  0.206268 0.373524 0
0  -1.327384 15.683431 -0.224263  -0.990217 0.099792 -0.097531  0.203275 0.361046 0
0  -1.412690 14.783431 -0.279024  -0.990217 0.099792 -0.097531  0.202261 0.373451 0
gold_player
0  -1.331302 14.783431 -0.547326  -0.997046 0.076809 0.000000  0.000000 0.000000 0
0  -1.261969 15.683431 0.439907  -0.997046 0.076809 0.000000  0.000000 0.000000 0
0  -1.261969 15.683431 -0.439907  -0.997046 0.076809 0.000000  0.000000 0.000000 0
painted_wood_01
0  -1.021267 14.783431 1.011326  -0.764770 0.145626 0.627630  0.297613 0.539650 0
0  -1.155741 15.683431 0.638646  -0.764770 0.145626 0.627630  0.297613 0.539650 0
0  -1.199134 14.783431 0.794594  -0.764770 0.145626 0.627630  0.297613 0.539650 0
painted_wood_01
0  -0.557266 14.783431 -1.321361  -0.281677 0.241717 -0.928564  0.297613 0.539650 0
0  -0.424202 15.683431 -1.127445  -0.281677 0.241717 -0.928564  0.297613 0.539650 0
0  -0.288965 14.783431 -1.402750  -0.281677 0.241717 -0.928564  0.297613 0.539650 0
c_invasion_wrangler_laser
0  -1.412690 14.783431 -0.279024  -0.951371 0.107735 -0.288594  0.202261 0.373451 0
0  -1.261969 15.683431 -0.439907  -0.951371 0.107735 -0.288594  0.200202 0.360525 0
0  -1.331302 14.783431 -0.547326  -0.951371 0.107735 -0.288594  0.198260 0.373224 0
painted_wood_01
0  -0.557266 14.783431 1.321361  -0.461254 0.206332 0.862944  0.297613 0.539650 0
0  -0.838585 15.683431 0.955802  -0.461254 0.206332 0.862944  0.297613 0.539650 0
0  -0.804534 14.783431 1.189194  -0.461254 0.206332 0.862944  0.297613 0.539650 0
painted_wood_01
0  0.000000 14.783431 1.430231  -0.107673 0.271051 0.956524  0.297613 0.539650 0
0  -0.424202 15.683431 1.127445  -0.107673 0.271051 0.956524  0.297613 0.539650 0
0  -0.288965 14.783431 1.402750  -0.107673 0.271052 0.956524  0.297613 0.539650 0
painted_wood_01
0  -1.021267 14.783431 -1.011326  -0.624741 0.173774 -0.761250  0.297613 0.539650 0
0  -0.838585 15.683431 -0.955802  -0.624741 0.173774 -0.761250  0.297613 0.539650 0
0  -0.804534 14.783431 -1.189194  -0.624741 0.173774 -0.761250  0.297613 0.539650 0
painted_wood_01
0  -0.505387 12.432436 5.504190  -0.712421 0.437179 -0.548937  0.297613 0.539650 0
0  -0.252694 13.012539 5.826092  -0.650173 0.547973 -0.526308  0.297613 0.539650 0
0  0.000000 13.361835 5.740606  -0.640489 0.569506 -0.515207  0.297613 0.539650 0
painted_wood_01
0  0.000000 12.923445 6.255380  -0.812134 -0.041468 0.581996  0.297613 0.539650 0
0  -0.252694 13.012539 5.826092  -0.843353 -0.061097 0.533875  0.297613 0.539650 0
0  -0.505387 12.432436 5.504190  -0.830439 -0.056085 0.554280  0.297613 0.539650 0
painted_wood_01
0  0.000000 13.361835 -5.740606  -0.640574 0.569448 0.515164  0.297613 0.539650 0
0  -0.252694 13.012539 -5.826092  -0.650141 0.548170 0.526143  0.297613 0.539650 0
0  -0.505387 12.432436 -5.504190  -0.712498 0.437157 0.548854  0.297613 0.539650 0
painted_wood_01
0  -0.505387 12.432436 -5.504190  -0.830443 -0.055985 -0.554283  0.297613 0.539650 0
0  -0.252694 13.012539 -5.826092  -0.843362 -0.061002 -0.533871  0.297613 0.539650 0
0  0.000000 12.923445 -6.255380  -0.812168 -0.041389 -0.581954  0.297613 0.539650 0
painted_wood_01
0  0.000000 13.361835 -5.740606  -0.732593 0.639292 -0.233694  0.297613 0.539650 0
0  0.000000 12.923445 -6.255380  -0.715386 0.463318 -0.523029  0.297613 0.539650 0
0  -0.252694 13.012539 -5.826092  -0.403427 0.650235 -0.643771  0.297613 0.539650 0
painted_wood_01
0  -1.012782 15.683431 0.812842  -0.890635 0.097365 0.444173  0.297613 0.539650 0
0  0.000000 15.783435 0.000000  -0.992556 0.114967 -0.040194  0.297613 0.539650 0
0  -1.155741 15.683431 0.638646  -0.910629 0.098268 0.401371  0.297613 0.539650 0
c_invasion_wrangler_laser
0  -1.261969 15.683431 0.439907  -0.981058 0.150038 0.122532  0.212342 0.360527 0
0  0.000000 15.783435 0.000000  -0.986480 0.153548 -0.057270  0.206275 0.342777 0
0  -1.327384 15.683431 0.224263  -0.973762 0.149485 0.171589  0.209269 0.361047 0
painted_wood_01
0  -1.155741 15.683431 0.638646  -0.952275 0.125502 0.278246  0.297613 0.539650 0
0  0.000000 15.783435 0.000000  -0.985333 0.136870 -0.101913  0.297613 0.539650 0
0  -1.261969 15.683431 0.439907  -0.954411 0.125628 0.270771  0.297613 0.539650 0
c_invasion_wrangler_laser
0  -1.327384 15.683431 0.224263  -0.986372 0.164444 -0.005440  0.209269 0.361047 0
0  0.000000 15.783435 0.000000  -0.985899 0.164203 0.032241  0.206275 0.342777 0
0  -1.349472 15.683431 0.000000  -0.981785 0.164044 0.095856  0.206272 0.361201 0
painted_wood_01
0  -1.261969 15.683431 -0.439907  -0.954457 0.125631 -0.270608  0.297613 0.539650 0
0  0.000000 15.783435 0.000000  -0.985357 0.136860 0.101694  0.297613 0.539650 0
0  -1.155741 15.683431 -0.638646  -0.952319 0.125504 -0.278095  0.297613 0.539650 0
c_invasion_wrangler_laser
0  -1.349472 15.683431 0.000000  -0.981789 0.164044 -0.095815  0.206272 0.361201 0
0  0.000000 15.783435 0.000000  -0.985901 0.164204 -0.032188  0.206275 0.342777 0
0  -1.327384 15.683431 -0.224263  -0.986372 0.164443 0.005341  0.203275 0.361046 0
painted_wood_01
0  -1.155741 15.683431 -0.638646  -0.910634 0.098268 -0.401360  0.297613 0.539650 0
0  0.000000 15.783435 0.000000  -0.992566 0.114955 0.039973  0.297613 0.539650 0
0  -1.012782 15.683431 -0.812842  -0.890692 0.097367 -0.444058  0.297613 0.539650 0
painted_wood_01
0  0.000000 15.683431 1.180231  -0.308709 0.010605 0.951098  0.297613 0.539650 0
0  0.000000 15.783435 0.000000  -0.778969 0.033178 0.626185  0.297613 0.539650 0
0  -0.424202 15.683431 1.127445  -0.406150 0.012745 0.913718  0.297613 0.539650 0
c_invasion_wrangler_laser
0  -1.327384 15.683431 -0.224263  -0.973768 0.149486 -0.171554  0.203275 0.361046 0
0  0.000000 15.783435 0.000000  -0.986483 0.153547 0.057233  0.206275 0.342777 0
0  -1.261969 15.683431 -0.439907  -0.981079 0.150040 -0.122357  0.200202 0.360525 0
painted_wood_01
0  -1.012782 15.683431 -0.812842  -0.832777 0.071557 -0.548965  0.297613 0.539650 0
0  0.000000 15.783435 0.000000  -0.991591 0.091450 -0.091560  0.297613 0.539650 0
0  -0.838585 15.683431 -0.955802  -0.792968 0.070124 -0.605215  0.297613 0.539650 0
painted_wood_01
0  -0.424202 15.683431 1.127445  -0.496599 0.025997 0.867591  0.297613 0.539650 0
0  0.000000 15.783435 0.000000  -0.889693 0.049448 0.453873  0.297613 0.539650 0
0  -0.639846 15.683431 1.062030  -0.564669 0.027757 0.824850  0.297613 0.539650 0
gold_player
0  -1.261969 15.683431 -0.439907  -0.719211 0.238440 0.652596  0.000000 0.000000 0
0  -1.261969 15.683431 0.439907  -0.719285 0.238435 -0.652517  0.000000 0.000000 0
0  0.000000 15.783435 0.000000  0.929396 0.369084 0.000065  0.000000 0.000000 0
painted_wood_01
0  -0.838585 15.683431 -0.955802  -0.717026 0.047942 -0.695395  0.297613 0.539650 0
0  0.000000 15.783435 0.000000  -0.962059 0.069347 -0.263880  0.297613 0.539650 0
0  -0.639846 15.683431 -1.062030  -0.660318 0.046243 -0.749561  0.297613 0.539650 0
painted_wood_01
0  -0.639846 15.683431 1.062030  -0.660136 0.046238 0.749721  0.297613 0.539650 0
0  0.000000 15.783435 0.000000  -0.962070 0.069350 0.263842  0.297613 0.539650 0
0  -0.838585 15.683431 0.955802  -0.717033 0.047942 0.695389  0.297613 0.539650 0
painted_wood_01
0  -0.639846 15.683431 -1.062030  -0.564655 0.027761 -0.824860  0.297613 0.539650 0
0  0.000000 15.783435 0.000000  -0.889675 0.049445 -0.453909  0.297613 0.539650 0
0  -0.424202 15.683431 -1.127445  -0.496683 0.026004 -0.867542  0.297613 0.539650 0
painted_wood_01
0  -0.838585 15.683431 0.955802  -0.792901 0.070122 0.605303  0.297613 0.539650 0
0  0.000000 15.783435 0.000000  -0.991595 0.091453 0.091522  0.297613 0.539650 0
0  -1.012782 15.683431 0.812842  -0.832776 0.071557 0.548965  0.297613 0.539650 0
painted_wood_01
0  0.000000 12.923445 6.255380  -0.715427 0.463234 0.523047  0.297613 0.539650 0
0  0.000000 13.361835 5.740606  -0.732591 0.639329 0.233599  0.297613 0.539650 0
0  -0.252694 13.012539 5.826092  -0.526417 0.620179 0.581604  0.297613 0.539650 0
painted_wood_01
0  -9.830000 12.440001 0.000000  -0.499395 0.049186 0.864977  0.297613 0.539650 0
0  -8.184653 14.068030 0.857365  -0.499395 0.049186 0.864977  0.297613 0.539650 0
0  -9.641119 14.357739 0.000000  -0.499395 0.049186 0.864977  0.297613 0.539650 0
painted_wood_01
0  -8.345000 12.440001 0.857365  0.995185 -0.098017 0.000000  0.297613 0.539650 0
0  -8.184653 14.068030 -0.857365  0.995185 -0.098017 0.000000  0.297613 0.539650 0
0  -8.184653 14.068030 0.857365  0.995185 -0.098017 0.000000  0.297613 0.539650 0
painted_wood_01
0  -8.345000 12.440001 -0.857365  -0.499395 0.049186 -0.864977  0.297613 0.539650 0
0  -9.641119 14.357739 0.000000  -0.499395 0.049186 -0.864977  0.297613 0.539650 0
0  -8.184653 14.068030 -0.857365  -0.499395 0.049186 -0.864977  0.297613 0.539650 0
painted_wood_01
0  -9.641119 14.357739 0.000000  -0.480204 0.145668 0.864977  0.297613 0.539650 0
0  -7.709775 15.633493 0.857365  -0.480204 0.145668 0.864977  0.297613 0.539650 0
0  -9.081736 16.201778 0.000000  -0.480204 0.145668 0.864977  0.297613 0.539650 0
painted_wood_01
0  -8.184653 14.068030 0.857365  0.956940 -0.290285 0.000000  0.297613 0.539650 0
0  -7.709775 15.633493 -0.857365  0.956940 -0.290285 0.000000  0.297613 0.539650 0
0  -7.709775 15.633493 0.857365  0.956940 -0.290285 0.000000  0.297613 0.539650 0
painted_wood_01
0  -8.184653 14.068030 -0.857365  -0.480203 0.145668 -0.864977  0.297613 0.539650 0
0  -9.081736 16.201778 0.000000  -0.480203 0.145668 -0.864977  0.297613 0.539650 0
0  -7.709775 15.633493 -0.857365  -0.480203 0.145668 -0.864977  0.297613 0.539650 0
painted_wood_01
0  -9.081736 16.201778 0.000000  -0.442559 0.236552 0.864977  0.297613 0.539650 0
0  -6.938614 17.076235 0.857365  -0.442559 0.236552 0.864977  0.297613 0.539650 0
0  -8.173347 17.901257 0.000000  -0.442559 0.236552 0.864977  0.297613 0.539650 0
painted_wood_01
0  -7.709775 15.633493 0.857365  0.881921 -0.471397 0.000000  0.297613 0.539650 0
0  -6.938614 17.076235 -0.857365  0.881921 -0.471397 0.000000  0.297613 0.539650 0
0  -6.938614 17.076235 0.857365  0.881921 -0.471397 0.000000  0.297613 0.539650 0
painted_wood_01
0  -7.709775 15.633493 -0.857365  -0.442558 0.236552 -0.864977  0.297613 0.539650 0
0  -8.173347 17.901257 0.000000  -0.442558 0.236552 -0.864977  0.297613 0.539650 0
0  -6.938614 17.076235 -0.857365  -0.442558 0.236552 -0.864977  0.297613 0.539650 0
painted_wood_01
0  -8.173347 17.901257 0.000000  -0.387906 0.318346 0.864977  0.297613 0.539650 0
0  -5.900805 18.340807 0.857365  -0.387906 0.318346 0.864977  0.297613 0.539650 0
0  -6.950859 19.390860 0.000000  -0.387906 0.318346 0.864977  0.297613 0.539650 0
painted_wood_01
0  -6.938614 17.076235 0.857365  0.773010 -0.634394 0.000000  0.297613 0.539650 0
0  -5.900805 18.340807 -0.857365  0.773010 -0.634394 0.000000  0.297613 0.539650 0
0  -5.900805 18.340807 0.857365  0.773010 -0.634394 0.000000  0.297613 0.539650 0
painted_wood_01
0  -6.938614 17.076235 -0.857365  -0.387905 0.318346 -0.864977  0.297613 0.539650 0
0  -6.950859 19.390860 0.000000  -0.387905 0.318346 -0.864977  0.297613 0.539650 0
0  -5.900805 18.340807 -0.857365  -0.387905 0.318346 -0.864977  0.297613 0.539650 0
painted_wood_01
0  -6.950859 19.390860 0.000000  -0.318345 0.387905 0.864978  0.297613 0.539650 0
0  -4.636233 19.378614 0.857365  -0.318345 0.387905 0.864978  0.297613 0.539650 0
0  -5.461254 20.613348 0.000000  -0.318345 0.387905 0.864978  0.297613 0.539650 0
painted_wood_01
0  -5.900805 18.340807 0.857365  0.634393 -0.773011 0.000000  0.297613 0.539650 0
0  -4.636233 19.378614 -0.857365  0.634393 -0.773011 0.000000  0.297613 0.539650 0
0  -4.636233 19.378614 0.857365  0.634393 -0.773011 0.000000  0.297613 0.539650 0
painted_wood_01
0  -5.900805 18.340807 -0.857365  -0.318345 0.387905 -0.864977  0.297613 0.539650 0
0  -5.461254 20.613348 0.000000  -0.318345 0.387905 -0.864977  0.297613 0.539650 0
0  -4.636233 19.378614 -0.857365  -0.318345 0.387905 -0.864977  0.297613 0.539650 0
painted_wood_01
0  -5.461254 20.613348 0.000000  -0.236552 0.442558 0.864977  0.297613 0.539650 0
0  -3.193495 20.149775 0.857365  -0.236552 0.442558 0.864977  0.297613 0.539650 0
0  -3.761781 21.521736 0.000000  -0.236552 0.442558 0.864977  0.297613 0.539650 0
painted_wood_01
0  -4.636233 19.378614 0.857365  0.471397 -0.881921 0.000000  0.297613 0.539650 0
0  -3.193495 20.149775 -0.857365  0.471397 -0.881921 0.000000  0.297613 0.539650 0
0  -3.193495 20.149775 0.857365  0.471397 -0.881921 0.000000  0.297613 0.539650 0
painted_wood_01
0  -4.636233 19.378614 -0.857365  -0.236552 0.442558 -0.864977  0.297613 0.539650 0
0  -3.761781 21.521736 0.000000  -0.236552 0.442558 -0.864977  0.297613 0.539650 0
0  -3.193495 20.149775 -0.857365  -0.236552 0.442558 -0.864977  0.297613 0.539650 0
painted_wood_01
0  -3.761781 21.521736 0.000000  -0.145669 0.480204 0.864977  0.297613 0.539650 0
0  -1.628030 20.624655 0.857365  -0.145669 0.480204 0.864977  0.297613 0.539650 0
0  -1.917739 22.081121 0.000000  -0.145669 0.480204 0.864977  0.297613 0.539650 0
painted_wood_01
0  -3.193495 20.149775 0.857365  0.290285 -0.956940 0.000000  0.297613 0.539650 0
0  -1.628030 20.624655 -0.857365  0.290285 -0.956940 0.000000  0.297613 0.539650 0
0  -1.628030 20.624655 0.857365  0.290285 -0.956940 0.000000  0.297613 0.539650 0
painted_wood_01
0  -3.193495 20.149775 -0.857365  -0.145669 0.480204 -0.864977  0.297613 0.539650 0
0  -1.917739 22.081121 0.000000  -0.145669 0.480204 -0.864977  0.297613 0.539650 0
0  -1.628030 20.624655 -0.857365  -0.145669 0.480204 -0.864977  0.297613 0.539650 0
painted_wood_01
0  -1.917739 22.081121 0.000000  -0.049186 0.499395 0.864977  0.297613 0.539650 0
0  0.000000 20.785002 0.857365  -0.049186 0.499395 0.864977  0.297613 0.539650 0
0  0.000000 22.270002 0.000000  -0.049186 0.499395 0.864977  0.297613 0.539650 0
painted_wood_01
0  -1.628030 20.624655 0.857365  0.098017 -0.995185 0.000000  0.297613 0.539650 0
0  0.000000 20.785002 -0.857365  0.098017 -0.995185 0.000000  0.297613 0.539650 0
0  0.000000 20.785002 0.857365  0.098017 -0.995185 0.000000  0.297613 0.539650 0
painted_wood_01
0  -1.628030 20.624655 -0.857365  -0.049186 0.499395 -0.864977  0.297613 0.539650 0
0  0.000000 22.270002 0.000000  -0.049186 0.499395 -0.864977  0.297613 0.539650 0
0  0.000000 20.785002 -0.857365  -0.049186 0.499395 -0.864977  0.297613 0.539650 0
painted_wood_01
0  0.000000 2.610000 0.000000  -0.049186 -0.499395 0.864977  0.297613 0.539650 0
0  -1.628026 4.255346 0.857365  -0.049186 -0.499395 0.864977  0.297613 0.539650 0
0  -1.917735 2.798880 0.000000  -0.049186 -0.499395 0.864977  0.297613 0.539650 0
painted_wood_01
0  0.000000 4.095000 0.857365  0.098017 0.995185 0.000000  0.297613 0.539650 0
0  -1.628026 4.255346 -0.857365  0.098017 0.995185 0.000000  0.297613 0.539650 0
0  -1.628026 4.255346 0.857365  0.098017 0.995185 0.000000  0.297613 0.539650 0
painted_wood_01
0  0.000000 4.095000 -0.857365  -0.049186 -0.499395 -0.864977  0.297613 0.539650 0
0  -1.917735 2.798880 0.000000  -0.049186 -0.499395 -0.864977  0.297613 0.539650 0
0  -1.628026 4.255346 -0.857365  -0.049186 -0.499395 -0.864977  0.297613 0.539650 0
painted_wood_01
0  -1.917735 2.798880 0.000000  -0.145668 -0.480203 0.864977  0.297613 0.539650 0
0  -3.193495 4.730227 0.857365  -0.145668 -0.480203 0.864977  0.297613 0.539650 0
0  -3.761781 3.358266 0.000000  -0.145668 -0.480203 0.864977  0.297613 0.539650 0
painted_wood_01
0  -1.628026 4.255346 0.857365  0.290285 0.956940 0.000000  0.297613 0.539650 0
0  -3.193495 4.730227 -0.857365  0.290285 0.956940 0.000000  0.297613 0.539650 0
0  -3.193495 4.730227 0.857365  0.290285 0.956940 0.000000  0.297613 0.539650 0
painted_wood_01
0  -1.628026 4.255346 -0.857365  -0.145668 -0.480203 -0.864977  0.297613 0.539650 0
0  -3.761781 3.358266 0.000000  -0.145668 -0.480203 -0.864977  0.297613 0.539650 0
0  -3.193495 4.730227 -0.857365  -0.145668 -0.480203 -0.864977  0.297613 0.539650 0
painted_wood_01
0  -3.761781 3.358266 0.000000  -0.236552 -0.442558 0.864977  0.297613 0.539650 0
0  -4.636233 5.501386 0.857365  -0.236552 -0.442558 0.864977  0.297613 0.539650 0
0  -5.461254 4.266653 0.000000  -0.236552 -0.442558 0.864977  0.297613 0.539650 0
painted_wood_01
0  -3.193495 4.730227 0.857365  0.471397 0.881921 0.000000  0.297613 0.539650 0
0  -4.636233 5.501386 -0.857365  0.471397 0.881921 0.000000  0.297613 0.539650 0
0  -4.636233 5.501386 0.857365  0.471397 0.881921 0.000000  0.297613 0.539650 0
painted_wood_01
0  -3.193495 4.730227 -0.857365  -0.236552 -0.442558 -0.864977  0.297613 0.539650 0
0  -5.461254 4.266653 0.000000  -0.236552 -0.442558 -0.864977  0.297613 0.539650 0
0  -4.636233 5.501386 -0.857365  -0.236552 -0.442558 -0.864977  0.297613 0.539650 0
painted_wood_01
0  -5.461254 4.266653 0.000000  -0.318346 -0.387906 0.864977  0.297613 0.539650 0
0  -5.900803 6.539191 0.857365  -0.318346 -0.387906 0.864977  0.297613 0.539650 0
0  -6.950856 5.489137 0.000000  -0.318346 -0.387906 0.864977  0.297613 0.539650 0
painted_wood_01
0  -4.636233 5.501386 0.857365  0.634393 0.773011 0.000000  0.297613 0.539650 0
0  -5.900803 6.539191 -0.857365  0.634393 0.773011 0.000000  0.297613 0.539650 0
0  -5.900803 6.539191 0.857365  0.634393 0.773011 0.000000  0.297613 0.539650 0
painted_wood_01
0  -4.636233 5.501386 -0.857365  -0.318345 -0.387905 -0.864977  0.297613 0.539650 0
0  -6.950856 5.489137 0.000000  -0.318345 -0.387905 -0.864977  0.297613 0.539650 0
0  -5.900803 6.539191 -0.857365  -0.318345 -0.387905 -0.864977  0.297613 0.539650 0
painted_wood_01
0  -6.950856 5.489137 0.000000  -0.387905 -0.318346 0.864977  0.297613 0.539650 0
0  -6.938614 7.803767 0.857365  -0.387905 -0.318346 0.864977  0.297613 0.539650 0
0  -8.173347 6.978745 0.000000  -0.387905 -0.318346 0.864977  0.297613 0.539650 0
painted_wood_01
0  -5.900803 6.539191 0.857365  0.773010 0.634393 0.000000  0.297613 0.539650 0
0  -6.938614 7.803767 -0.857365  0.773010 0.634393 0.000000  0.297613 0.539650 0
0  -6.938614 7.803767 0.857365  0.773010 0.634393 0.000000  0.297613 0.539650 0
painted_wood_01
0  -5.900803 6.539191 -0.857365  -0.387905 -0.318346 -0.864977  0.297613 0.539650 0
0  -8.173347 6.978745 0.000000  -0.387905 -0.318346 -0.864977  0.297613 0.539650 0
0  -6.938614 7.803767 -0.857365  -0.387905 -0.318346 -0.864977  0.297613 0.539650 0
painted_wood_01
0  -8.173347 6.978745 0.000000  -0.442558 -0.236552 0.864977  0.297613 0.539650 0
0  -7.709774 9.246504 0.857365  -0.442558 -0.236552 0.864977  0.297613 0.539650 0
0  -9.081735 8.678219 0.000000  -0.442558 -0.236552 0.864977  0.297613 0.539650 0
painted_wood_01
0  -6.938614 7.803767 0.857365  0.881921 0.471397 0.000000  0.297613 0.539650 0
0  -7.709774 9.246504 -0.857365  0.881921 0.471397 0.000000  0.297613 0.539650 0
0  -7.709774 9.246504 0.857365  0.881921 0.471397 0.000000  0.297613 0.539650 0
painted_wood_01
0  -6.938614 7.803767 -0.857365  -0.442558 -0.236552 -0.864977  0.297613 0.539650 0
0  -9.081735 8.678219 0.000000  -0.442558 -0.236552 -0.864977  0.297613 0.539650 0
0  -7.709774 9.246504 -0.857365  -0.442558 -0.236552 -0.864977  0.297613 0.539650 0
painted_wood_01
0  -9.081735 8.678219 0.000000  -0.480203 -0.145668 0.864977  0.297613 0.539650 0
0  -8.184653 10.811974 0.857365  -0.480203 -0.145668 0.864977  0.297613 0.539650 0
0  -9.641120 10.522264 0.000000  -0.480203 -0.145668 0.864977  0.297613 0.539650 0
painted_wood_01
0  -7.709774 9.246504 0.857365  0.956940 0.290285 0.000000  0.297613 0.539650 0
0  -8.184653 10.811974 -0.857365  0.956940 0.290285 0.000000  0.297613 0.539650 0
0  -8.184653 10.811974 0.857365  0.956940 0.290285 0.000000  0.297613 0.539650 0
painted_wood_01
0  -7.709774 9.246504 -0.857365  -0.480203 -0.145668 -0.864977  0.297613 0.539650 0
0  -9.641120 10.522264 0.000000  -0.480203 -0.145668 -0.864977  0.297613 0.539650 0
0  -8.184653 10.811974 -0.857365  -0.480203 -0.145668 -0.864977  0.297613 0.539650 0
painted_wood_01
0  -9.641120 10.522264 0.000000  -0.499395 -0.049186 0.864977  0.297613 0.539650 0
0  -8.345000 12.440001 0.857365  -0.499395 -0.049186 0.864977  0.297613 0.539650 0
0  -9.830000 12.440001 0.000000  -0.499395 -0.049186 0.864977  0.297613 0.539650 0
painted_wood_01
0  -8.184653 10.811974 0.857365  0.995185 0.098017 0.000000  0.297613 0.539650 0
0  -8.345000 12.440001 -0.857365  0.995185 0.098017 0.000000  0.297613 0.539650 0
0  -8.345000 12.440001 0.857365  0.995185 0.098017 0.000000  0.297613 0.539650 0
painted_wood_01
0  -8.184653 10.811974 -0.857365  -0.499395 -0.049186 -0.864977  0.297613 0.539650 0
0  -9.830000 12.440001 0.000000  -0.499395 -0.049186 -0.864977  0.297613 0.539650 0
0  -8.345000 12.440001 -0.857365  -0.499395 -0.049186 -0.864977  0.297613 0.539650 0
painted_wood_01
0  0.717788 -1.644998 -0.717788  0.772872 -0.018951 -0.634279  0.297613 0.539650 0
0  0.844029 -1.644998 -0.563962  0.772872 -0.018951 -0.634279  0.297613 0.539650 0
0  0.749008 -7.645001 -0.500475  0.772872 -0.018951 -0.634279  0.297613 0.539650 0
gold_player
0  0.000000 4.625004 1.170000  0.097988 -0.024578 0.994884  0.000000 0.000000 0
0  0.000000 -1.644998 1.015105  0.097988 -0.024578 0.994884  0.000000 0.000000 0
0  0.198037 -1.644998 0.995600  0.097988 -0.024578 0.994884  0.000000 0.000000 0
gold_player
0  0.228256 4.625004 1.147519  0.290197 -0.024578 0.956651  0.000000 0.000000 0
0  0.198037 -1.644998 0.995600  0.290197 -0.024578 0.956651  0.000000 0.000000 0
0  0.388464 -1.644998 0.937835  0.290197 -0.024578 0.956651  0.000000 0.000000 0
painted_wood_01
0  0.636979 -7.645001 0.636983  0.629442 0.124693 0.766978  0.297613 0.539650 0
0  0.500471 -7.645001 0.749012  0.629442 0.124693 0.766978  0.297613 0.539650 0
0  0.781099 -11.644995 1.169013  0.629442 0.124693 0.766978  0.297613 0.539650 0
gold_player
0  0.447740 4.625004 1.080939  0.471254 -0.024578 0.881655  0.000000 0.000000 0
0  0.388464 -1.644998 0.937835  0.471254 -0.024578 0.881655  0.000000 0.000000 0
0  0.563962 -1.644998 0.844029  0.471254 -0.024578 0.881655  0.000000 0.000000 0
painted_wood_01
0  0.995600 -1.644998 -0.198037  0.995006 -0.018952 -0.097999  0.297613 0.539650 0
0  1.015105 -1.644998 0.000000  0.995006 -0.018952 -0.097999  0.297613 0.539650 0
0  0.900825 -7.645001 0.000000  0.995006 -0.018952 -0.097999  0.297613 0.539650 0
gold_player
0  0.650017 4.625004 0.972820  0.634202 -0.024578 0.772777  0.000000 0.000000 0
0  0.563962 -1.644998 0.844029  0.634202 -0.024578 0.772777  0.000000 0.000000 0
0  0.717788 -1.644998 0.717788  0.634202 -0.024578 0.772777  0.000000 0.000000 0
gold_player
0  0.175742 -7.645001 -0.883519  0.288020 0.124693 -0.949472  0.000000 0.000000 0
0  0.344731 -7.645001 -0.832257  0.288020 0.124693 -0.949472  0.000000 0.000000 0
0  0.538031 -11.644995 -1.298936  0.288020 0.124693 -0.949472  0.000000 0.000000 0
gold_player
0  0.827315 4.625004 0.827315  0.772777 -0.024578 0.634202  0.000000 0.000000 0
0  0.717788 -1.644998 0.717788  0.772777 -0.024578 0.634202  0.000000 0.000000 0
0  0.844029 -1.644998 0.563962  0.772777 -0.024578 0.634202  0.000000 0.000000 0
gold_player
0  0.883516 -7.645001 0.175745  0.949472 0.124691 0.288020  0.000000 0.000000 0
0  0.832253 -7.645001 0.344734  0.949472 0.124691 0.288020  0.000000 0.000000 0
0  1.298921 -11.644995 0.538046  0.949472 0.124691 0.288020  0.000000 0.000000 0
gold_player
0  0.972820 4.625004 0.650017  0.881655 -0.024578 0.471254  0.000000 0.000000 0
0  0.844029 -1.644998 0.563962  0.881655 -0.024578 0.471254  0.000000 0.000000 0
0  0.937835 -1.644998 0.388464  0.881655 -0.024578 0.471254  0.000000 0.000000 0
painted_wood_01
0  0.198037 -1.644998 0.995600  0.097999 -0.018951 0.995006  0.297613 0.539650 0
0  0.000000 -1.644998 1.015105  0.097999 -0.018951 0.995006  0.297613 0.539650 0
0  0.000000 -7.645001 0.900828  0.097999 -0.018951 0.995006  0.297613 0.539650 0
gold_player
0  1.080939 4.625004 0.447740  0.956651 -0.024578 0.290197  0.000000 0.000000 0
0  0.937835 -1.644998 0.388464  0.956651 -0.024578 0.290197  0.000000 0.000000 0
0  0.995600 -1.644998 0.198037  0.956651 -0.024578 0.290197  0.000000 0.000000 0
painted_wood_01
0  0.937835 -1.644998 0.388464  0.881763 -0.018951 0.471312  0.297613 0.539650 0
0  0.844029 -1.644998 0.563962  0.881763 -0.018951 0.471312  0.297613 0.539650 0
0  0.749008 -7.645001 0.500475  0.881763 -0.018951 0.471312  0.297613 0.539650 0
gold_player
0  1.147519 4.625004 0.228256  0.994884 -0.024578 0.097987  0.000000 0.000000 0
0  0.995600 -1.644998 0.198037  0.994884 -0.024578 0.097987  0.000000 0.000000 0
0  1.015105 -1.644998 0.000000  0.994884 -0.024578 0.097987  0.000000 0.000000 0
painted_wood_01
0  0.388464 -1.644998 -0.937835  0.471312 -0.018951 -0.881763  0.297613 0.539650 0
0  0.563962 -1.644998 -0.844029  0.471312 -0.018951 -0.881763  0.297613 0.539650 0
0  0.500471 -7.645001 -0.749012  0.471312 -0.018951 -0.881763  0.297613 0.539650 0
gold_player
0  1.170000 4.625004 0.000000  0.994884 -0.024578 -0.097987  0.000000 0.000000 0
0  1.015105 -1.644998 0.000000  0.994884 -0.024578 -0.097987  0.000000 0.000000 0
0  0.995600 -1.644998 -0.198037  0.994884 -0.024578 -0.097987  0.000000 0.000000 0
gold_player
0  1.147519 4.625004 -0.228256  0.956651 -0.024578 -0.290197  0.000000 0.000000 0
0  0.995600 -1.644998 -0.198037  0.956651 -0.024578 -0.290197  0.000000 0.000000 0
0  0.937835 -1.644998 -0.388464  0.956651 -0.024578 -0.290197  0.000000 0.000000 0
gold_player
0  0.832253 -7.645001 -0.344734  0.949472 0.124691 -0.288020  0.000000 0.000000 0
0  0.883516 -7.645001 -0.175745  0.949472 0.124691 -0.288020  0.000000 0.000000 0
0  1.378927 -11.644995 -0.274301  0.949472 0.124691 -0.288020  0.000000 0.000000 0
gold_player
0  1.080939 4.625004 -0.447740  0.881655 -0.024578 -0.471254  0.000000 0.000000 0
0  0.937835 -1.644998 -0.388464  0.881655 -0.024578 -0.471254  0.000000 0.000000 0
0  0.844029 -1.644998 -0.563962  0.881655 -0.024578 -0.471254  0.000000 0.000000 0
gold_player
0  0.344731 -7.645001 0.832257  0.288018 0.124693 0.949472  0.000000 0.000000 0
0  0.175742 -7.645001 0.883519  0.288018 0.124693 0.949472  0.000000 0.000000 0
0  0.274286 -11.644995 1.378942  0.288018 0.124693 0.949472  0.000000 0.000000 0
painted_wood_01
0  0.563962 -1.644998 0.844029  0.471313 -0.018951 0.881763  0.297613 0.539650 0
0  0.388464 -1.644998 0.937835  0.471313 -0.018951 0.881763  0.297613 0.539650 0
0  0.344731 -7.645001 0.832257  0.471313 -0.018951 0.881763  0.297613 0.539650 0
gold_player
0  0.972820 4.625004 -0.650017  0.772777 -0.024578 -0.634202  0.000000 0.000000 0
0  0.844029 -1.644998 -0.563962  0.772777 -0.024578 -0.634202  0.000000 0.000000 0
0  0.717788 -1.644998 -0.717788  0.772777 -0.024578 -0.634202  0.000000 0.000000 0
painted_wood_01
0  0.844029 -1.644998 -0.563962  0.881763 -0.018951 -0.471312  0.297613 0.539650 0
0  0.937835 -1.644998 -0.388464  0.881763 -0.018951 -0.471312  0.297613 0.539650 0
0  0.832253 -7.645001 -0.344734  0.881763 -0.018951 -0.471312  0.297613 0.539650 0
gold_player
0  0.827315 4.625004 -0.827315  0.634202 -0.024578 -0.772777  0.000000 0.000000 0
0  0.717788 -1.644998 -0.717788  0.634202 -0.024578 -0.772777  0.000000 0.000000 0
0  0.563962 -1.644998 -0.844029  0.634202 -0.024578 -0.772777  0.000000 0.000000 0
gold_player
0  0.650017 4.625004 -0.972820  0.471254 -0.024578 -0.881655  0.000000 0.000000 0
0  0.563962 -1.644998 -0.844029  0.471254 -0.024578 -0.881655  0.000000 0.000000 0
0  0.388464 -1.644998 -0.937835  0.471254 -0.024578 -0.881655  0.000000 0.000000 0
painted_wood_01
0  0.500471 -7.645001 -0.749012  0.629443 0.124693 -0.766977  0.297613 0.539650 0
0  0.636979 -7.645001 -0.636983  0.629443 0.124693 -0.766977  0.297613 0.539650 0
0  0.994151 -11.644995 -0.994166  0.629443 0.124693 -0.766977  0.297613 0.539650 0
gold_player
0  0.447740 4.625004 -1.080939  0.290197 -0.024578 -0.956651  0.000000 0.000000 0
0  0.388464 -1.644998 -0.937835  0.290197 -0.024578 -0.956651  0.000000 0.000000 0
0  0.198037 -1.644998 -0.995600  0.290197 -0.024578 -0.956651  0.000000 0.000000 0
painted_wood_01
0  0.749008 -7.645001 0.500475  0.766977 0.124692 0.629442  0.297613 0.539650 0
0  0.636979 -7.645001 0.636983  0.766977 0.124692 0.629442  0.297613 0.539650 0
0  0.994151 -11.644995 0.994166  0.766977 0.124692 0.629442  0.297613 0.539650 0
painted_wood_01
0  1.015105 -1.644998 0.000000  0.995006 -0.018952 0.098000  0.297613 0.539650 0
0  0.995600 -1.644998 0.198037  0.995006 -0.018952 0.098000  0.297613 0.539650 0
0  0.883516 -7.645001 0.175745  0.995006 -0.018952 0.098000  0.297613 0.539650 0
gold_player
0  0.228256 4.625004 -1.147519  0.097987 -0.024578 -0.994884  0.000000 0.000000 0
0  0.198037 -1.644998 -0.995600  0.097987 -0.024578 -0.994884  0.000000 0.000000 0
0  0.000000 -1.644998 -1.015105  0.097987 -0.024578 -0.994884  0.000000 0.000000 0
painted_wood_01
0  0.000000 -1.644998 -1.015105  0.098000 -0.018951 -0.995006  0.297613 0.539650 0
0  0.198037 -1.644998 -0.995600  0.098000 -0.018951 -0.995006  0.297613 0.539650 0
0  0.175742 -7.645001 -0.883519  0.098000 -0.018951 -0.995006  0.297613 0.539650 0
painted_wood_01
0  0.000000 -7.645001 -0.900828  0.097253 0.124693 -0.987418  0.297613 0.539650 0
0  0.175742 -7.645001 -0.883519  0.097253 0.124693 -0.987418  0.297613 0.539650 0
0  0.274286 -11.644995 -1.378942  0.097253 0.124693 -0.987418  0.297613 0.539650 0
painted_wood_01
0  0.900825 -7.645001 0.000000  0.987418 0.124691 0.097250  0.297613 0.539650 0
0  0.883516 -7.645001 0.175745  0.987418 0.124691 0.097250  0.297613 0.539650 0
0  1.378927 -11.644995 0.274301  0.987418 0.124691 0.097250  0.297613 0.539650 0
painted_wood_01
0  0.844029 -1.644998 0.563962  0.772871 -0.018951 0.634279  0.297613 0.539650 0
0  0.717788 -1.644998 0.717788  0.772871 -0.018951 0.634279  0.297613 0.539650 0
0  0.636979 -7.645001 0.636983  0.772871 -0.018951 0.634279  0.297613 0.539650 0
painted_wood_01
0  0.563962 -1.644998 -0.844029  0.634280 -0.018951 -0.772871  0.297613 0.539650 0
0  0.717788 -1.644998 -0.717788  0.634280 -0.018951 -0.772871  0.297613 0.539650 0
0  0.636979 -7.645001 -0.636983  0.634280 -0.018951 -0.772871  0.297613 0.539650 0
painted_wood_01
0  0.749008 -7.645001 -0.500475  0.875038 0.124692 -0.467718  0.297613 0.539650 0
0  0.832253 -7.645001 -0.344734  0.875038 0.124692 -0.467718  0.297613 0.539650 0
0  1.298921 -11.644995 -0.538046  0.875038 0.124692 -0.467718  0.297613 0.539650 0
painted_wood_01
0  0.500471 -7.645001 0.749012  0.467717 0.124693 0.875039  0.297613 0.539650 0
0  0.344731 -7.645001 0.832257  0.467717 0.124693 0.875039  0.297613 0.539650 0
0  0.538031 -11.644995 1.298936  0.467717 0.124693 0.875039  0.297613 0.539650 0
gold_player
0  0.388464 -1.644998 0.937835  0.290233 -0.018951 0.956768  0.000000 0.000000 0
0  0.198037 -1.644998 0.995600  0.290233 -0.018951 0.956768  0.000000 0.000000 0
0  0.175742 -7.645001 0.883519  0.290233 -0.018951 0.956768  0.000000 0.000000 0
gold_player
0  0.937835 -1.644998 -0.388464  0.956768 -0.018951 -0.290233  0.000000 0.000000 0
0  0.995600 -1.644998 -0.198037  0.956768 -0.018951 -0.290233  0.000000 0.000000 0
0  0.883516 -7.645001 -0.175745  0.956768 -0.018951 -0.290233  0.000000 0.000000 0
painted_wood_01
0  0.344731 -7.645001 -0.832257  0.467718 0.124693 -0.875038  0.297613 0.539650 0
0  0.500471 -7.645001 -0.749012  0.467718 0.124693 -0.875038  0.297613 0.539650 0
0  0.781099 -11.644995 -1.169013  0.467718 0.124693 -0.875038  0.297613 0.539650 0
painted_wood_01
0  0.832253 -7.645001 0.344734  0.875039 0.124692 0.467717  0.297613 0.539650 0
0  0.749008 -7.645001 0.500475  0.875039 0.124692 0.467717  0.297613 0.539650 0
0  1.168998 -11.644995 0.781114  0.875039 0.124692 0.467717  0.297613 0.539650 0
gold_player
0  0.995600 -1.644998 0.198037  0.956768 -0.018951 0.290233  0.000000 0.000000 0
0  0.937835 -1.644998 0.388464  0.956768 -0.018951 0.290233  0.000000 0.000000 0
0  0.832253 -7.645001 0.344734  0.956768 -0.018951 0.290233  0.000000 0.000000 0
gold_player
0  0.198037 -1.644998 -0.995600  0.290233 -0.018951 -0.956768  0.000000 0.000000 0
0  0.388464 -1.644998 -0.937835  0.290233 -0.018951 -0.956768  0.000000 0.000000 0
0  0.344731 -7.645001 -0.832257  0.290233 -0.018951 -0.956768  0.000000 0.000000 0
painted_wood_01
0  0.883516 -7.645001 -0.175745  0.987418 0.124691 -0.097250  0.297613 0.539650 0
0  0.900825 -7.645001 0.000000  0.987418 0.124691 -0.097250  0.297613 0.539650 0
0  1.405942 -11.644995 0.000000  0.987418 0.124691 -0.097250  0.297613 0.539650 0
painted_wood_01
0  0.636979 -7.645001 -0.636983  0.766977 0.124692 -0.629443  0.297613 0.539650 0
0  0.749008 -7.645001 -0.500475  0.766977 0.124692 -0.629443  0.297613 0.539650 0
0  1.168998 -11.644995 -0.781114  0.766977 0.124692 -0.629443  0.297613 0.539650 0
painted_wood_01
0  0.717788 -1.644998 0.717788  0.634280 -0.018951 0.772871  0.297613 0.539650 0
0  0.563962 -1.644998 0.844029  0.634280 -0.018951 0.772871  0.297613 0.539650 0
0  0.500471 -7.645001 0.749012  0.634280 -0.018951 0.772871  0.297613 0.539650 0
painted_wood_01
0  0.175742 -7.645001 0.883519  0.097253 0.124693 0.987418  0.297613 0.539650 0
0  0.000000 -7.645001 0.900828  0.097253 0.124693 0.987418  0.297613 0.539650 0
0  0.000000 -11.644995 1.405957  0.097253 0.124693 0.987418  0.297613 0.539650 0
gold_player
0  0.000000 6.680005 -1.000000  0.064971 0.727875 -0.682624  0.000000 0.000000 0
0  0.000000 7.174601 -0.471976  0.064971 0.727875 -0.682624  0.000000 0.000000 0
0  0.102019 7.174601 -0.462907  0.064971 0.727875 -0.682625  0.000000 0.000000 0
gold_player
0  0.195090 6.680005 -0.980785  0.199537 0.726296 -0.657784  0.000000 0.000000 0
0  0.102019 7.174601 -0.462907  0.199537 0.726296 -0.657784  0.000000 0.000000 0
0  0.190558 7.174601 -0.436049  0.199537 0.726296 -0.657784  0.000000 0.000000 0
gold_player
0  0.382683 6.680005 -0.923880  0.324619 0.725110 -0.607320  0.000000 0.000000 0
0  0.190558 7.174601 -0.436049  0.324619 0.725110 -0.607320  0.000000 0.000000 0
0  0.272157 7.174601 -0.392434  0.324619 0.725110 -0.607320  0.000000 0.000000 0
gold_player
0  0.555570 6.680005 -0.831470  0.437578 0.724036 -0.533195  0.000000 0.000000 0
0  0.272157 7.174601 -0.392434  0.437578 0.724036 -0.533195  0.000000 0.000000 0
0  0.343678 7.174601 -0.333738  0.437578 0.724036 -0.533195  0.000000 0.000000 0
gold_player
0  0.707107 6.680005 -0.707107  0.533935 0.723123 -0.438186  0.000000 0.000000 0
0  0.343678 7.174601 -0.333738  0.533935 0.723123 -0.438186  0.000000 0.000000 0
0  0.402375 7.174601 -0.262216  0.533935 0.723123 -0.438186  0.000000 0.000000 0
gold_player
0  0.831470 6.680003 -0.555570  0.609831 0.722399 -0.325955  0.000000 0.000000 0
0  0.402375 7.174601 -0.262216  0.609831 0.722399 -0.325955  0.000000 0.000000 0
0  0.445990 7.174601 -0.180618  0.609831 0.722399 -0.325955  0.000000 0.000000 0
gold_player
0  0.923880 6.680003 -0.382683  0.662201 0.721899 -0.200880  0.000000 0.000000 0
0  0.445990 7.174601 -0.180618  0.662201 0.721899 -0.200880  0.000000 0.000000 0
0  0.472848 7.174601 -0.092078  0.662201 0.721899 -0.200880  0.000000 0.000000 0
gold_player
0  0.980785 6.680003 -0.195090  0.688931 0.721644 -0.067852  0.000000 0.000000 0
0  0.472848 7.174601 -0.092078  0.688931 0.721644 -0.067852  0.000000 0.000000 0
0  0.481917 7.174601 0.000000  0.688931 0.721644 -0.067852  0.000000 0.000000 0
gold_player
0  1.000000 6.680003 0.000000  0.688931 0.721644 0.067852  0.000000 0.000000 0
0  0.481917 7.174601 0.000000  0.688931 0.721644 0.067852  0.000000 0.000000 0
0  0.472848 7.174601 0.092078  0.688931 0.721644 0.067852  0.000000 0.000000 0
gold_player
0  0.980785 6.680003 0.195090  0.662202 0.721899 0.200874  0.000000 0.000000 0
0  0.472848 7.174601 0.092078  0.662202 0.721899 0.200874  0.000000 0.000000 0
0  0.445990 7.174601 0.180618  0.662202 0.721899 0.200874  0.000000 0.000000 0
gold_player
0  0.923880 6.680003 0.382683  0.609832 0.722401 0.325949  0.000000 0.000000 0
0  0.445990 7.174601 0.180618  0.609832 0.722401 0.325949  0.000000 0.000000 0
0  0.402375 7.174601 0.262216  0.609832 0.722401 0.325949  0.000000 0.000000 0
gold_player
0  0.831470 6.680003 0.555570  0.533935 0.723120 0.438191  0.000000 0.000000 0
0  0.402375 7.174601 0.262216  0.533935 0.723120 0.438191  0.000000 0.000000 0
0  0.343678 7.174601 0.333738  0.533935 0.723120 0.438191  0.000000 0.000000 0
gold_player
0  0.707107 6.680005 0.707107  0.437577 0.724035 0.533198  0.000000 0.000000 0
0  0.343678 7.174601 0.333738  0.437577 0.724035 0.533198  0.000000 0.000000 0
0  0.272157 7.174601 0.392434  0.437577 0.724035 0.533198  0.000000 0.000000 0
gold_player
0  0.555570 6.680005 0.831470  0.324619 0.725109 0.607321  0.000000 0.000000 0
0  0.272157 7.174601 0.392434  0.324619 0.725109 0.607321  0.000000 0.000000 0
0  0.190558 7.174601 0.436049  0.324619 0.725109 0.607321  0.000000 0.000000 0
gold_player
0  0.382683 6.680005 0.923880  0.199537 0.726296 0.657783  0.000000 0.000000 0
0  0.190558 7.174601 0.436049  0.199537 0.726296 0.657783  0.000000 0.000000 0
0  0.102019 7.174601 0.462907  0.199537 0.726296 0.657783  0.000000 0.000000 0
gold_player
0  0.195090 6.680005 0.980785  0.064970 0.727871 0.682629  0.000000 0.000000 0
0  0.102019 7.174601 0.462907  0.064970 0.727871 0.682630  0.000000 0.000000 0
0  0.000000 7.174601 0.471976  0.064970 0.727871 0.682630  0.000000 0.000000 0
gold_player
0  0.228256 4.625004 -1.147519  0.097686 0.082049 -0.991829  0.000000 0.000000 0
0  0.000000 4.625004 -1.170000  0.097686 0.082049 -0.991829  0.000000 0.000000 0
0  0.000000 6.680005 -1.000000  0.097686 0.082049 -0.991829  0.000000 0.000000 0
gold_player
0  0.650017 4.625004 -0.972820  0.469808 0.082049 -0.878947  0.000000 0.000000 0
0  0.447740 4.625004 -1.080939  0.469808 0.082049 -0.878947  0.000000 0.000000 0
0  0.382683 6.680005 -0.923880  0.469808 0.082049 -0.878947  0.000000 0.000000 0
gold_player
0  0.827315 4.625004 -0.827315  0.632254 0.082049 -0.770404  0.000000 0.000000 0
0  0.650017 4.625004 -0.972820  0.632254 0.082049 -0.770404  0.000000 0.000000 0
0  0.555570 6.680005 -0.831470  0.632254 0.082049 -0.770404  0.000000 0.000000 0
gold_player
0  0.972820 4.625004 -0.650017  0.770404 0.082049 -0.632254  0.000000 0.000000 0
0  0.827315 4.625004 -0.827315  0.770404 0.082049 -0.632254  0.000000 0.000000 0
0  0.707107 6.680005 -0.707107  0.770404 0.082049 -0.632254  0.000000 0.000000 0
gold_player
0  1.080939 4.625004 -0.447740  0.878947 0.082049 -0.469808  0.000000 0.000000 0
0  0.972820 4.625004 -0.650017  0.878947 0.082049 -0.469808  0.000000 0.000000 0
0  0.831470 6.680003 -0.555570  0.878947 0.082049 -0.469808  0.000000 0.000000 0
gold_player
0  1.147519 4.625004 -0.228256  0.953714 0.082049 -0.289306  0.000000 0.000000 0
0  1.080939 4.625004 -0.447740  0.953714 0.082049 -0.289306  0.000000 0.000000 0
0  0.923880 6.680003 -0.382683  0.953714 0.082049 -0.289306  0.000000 0.000000 0
gold_player
0  1.170000 4.625004 0.000000  0.991829 0.082049 -0.097686  0.000000 0.000000 0
0  1.147519 4.625004 -0.228256  0.991829 0.082049 -0.097686  0.000000 0.000000 0
0  0.980785 6.680003 -0.195090  0.991829 0.082049 -0.097686  0.000000 0.000000 0
gold_player
0  1.147519 4.625004 0.228256  0.991829 0.082049 0.097686  0.000000 0.000000 0
0  1.170000 4.625004 0.000000  0.991829 0.082049 0.097686  0.000000 0.000000 0
0  1.000000 6.680003 0.000000  0.991829 0.082049 0.097686  0.000000 0.000000 0
gold_player
0  1.080939 4.625004 0.447740  0.953714 0.082049 0.289306  0.000000 0.000000 0
0  1.147519 4.625004 0.228256  0.953714 0.082049 0.289306  0.000000 0.000000 0
0  0.980785 6.680003 0.195090  0.953714 0.082049 0.289306  0.000000 0.000000 0
gold_player
0  0.972820 4.625004 0.650017  0.878948 0.082049 0.469807  0.000000 0.000000 0
0  1.080939 4.625004 0.447740  0.878948 0.082049 0.469807  0.000000 0.000000 0
0  0.923880 6.680003 0.382683  0.878948 0.082049 0.469807  0.000000 0.000000 0
gold_player
0  0.827315 4.625004 0.827315  0.770405 0.082049 0.632254  0.000000 0.000000 0
0  0.972820 4.625004 0.650017  0.770405 0.082049 0.632254  0.000000 0.000000 0
0  0.831470 6.680003 0.555570  0.770405 0.082049 0.632254  0.000000 0.000000 0
gold_player
0  0.650017 4.625004 0.972820  0.632254 0.082049 0.770404  0.000000 0.000000 0
0  0.827315 4.625004 0.827315  0.632254 0.082049 0.770404  0.000000 0.000000 0
0  0.707107 6.680005 0.707107  0.632254 0.082049 0.770404  0.000000 0.000000 0
gold_player
0  0.447740 4.625004 1.080939  0.469807 0.082049 0.878948  0.000000 0.000000 0
0  0.650017 4.625004 0.972820  0.469807 0.082049 0.878948  0.000000 0.000000 0
0  0.555570 6.680005 0.831470  0.469807 0.082049 0.878948  0.000000 0.000000 0
gold_player
0  0.447740 4.625004 -1.080939  0.289306 0.082049 -0.953714  0.000000 0.000000 0
0  0.228256 4.625004 -1.147519  0.289306 0.082049 -0.953714  0.000000 0.000000 0
0  0.195090 6.680005 -0.980785  0.289306 0.082049 -0.953714  0.000000 0.000000 0
gold_player
0  0.228256 4.625004 1.147519  0.289306 0.082049 0.953714  0.000000 0.000000 0
0  0.447740 4.625004 1.080939  0.289306 0.082049 0.953714  0.000000 0.000000 0
0  0.382683 6.680005 0.923880  0.289306 0.082049 0.953714  0.000000 0.000000 0
gold_player
0  0.000000 4.625004 1.170000  0.097686 0.082049 0.991829  0.000000 0.000000 0
0  0.228256 4.625004 1.147519  0.097686 0.082049 0.991829  0.000000 0.000000 0
0  0.195090 6.680005 0.980785  0.097686 0.082049 0.991829  0.000000 0.000000 0
painted_wood_01
0  0.272157 7.174601 -0.392434  0.471396 0.000000 -0.881921  0.297613 0.539650 0
0  0.190558 7.174601 -0.436049  0.471396 0.000000 -0.881921  0.297613 0.539650 0
0  0.190558 7.460647 -0.436049  0.471396 0.000000 -0.881921  0.297613 0.539650 0
painted_wood_01
0  0.445990 7.174601 -0.180618  0.881922 0.000000 -0.471395  0.297613 0.539650 0
0  0.402375 7.174601 -0.262216  0.881922 0.000000 -0.471395  0.297613 0.539650 0
0  0.402375 7.460647 -0.262216  0.881922 0.000000 -0.471395  0.297613 0.539650 0
painted_wood_01
0  0.472848 7.174601 0.092078  0.995185 0.000000 0.098018  0.297613 0.539650 0
0  0.481917 7.174601 0.000000  0.995185 0.000000 0.098018  0.297613 0.539650 0
0  0.481917 7.460647 0.000000  0.995185 0.000000 0.098018  0.297613 0.539650 0
painted_wood_01
0  0.343678 7.174601 0.333738  0.773011 0.000000 0.634392  0.297613 0.539650 0
0  0.402375 7.174601 0.262216  0.773011 0.000000 0.634392  0.297613 0.539650 0
0  0.402375 7.460647 0.262216  0.773011 0.000000 0.634392  0.297613 0.539650 0
painted_wood_01
0  0.102019 7.174601 0.462907  0.290285 0.000000 0.956940  0.297613 0.539650 0
0  0.190558 7.174601 0.436049  0.290285 0.000000 0.956940  0.297613 0.539650 0
0  0.190558 7.460647 0.436049  0.290285 0.000000 0.956940  0.297613 0.539650 0
painted_wood_01
0  0.190558 7.174601 -0.436049  0.290284 0.000000 -0.956941  0.297613 0.539650 0
0  0.102019 7.174601 -0.462907  0.290284 0.000000 -0.956941  0.297613 0.539650 0
0  0.102019 7.460647 -0.462907  0.290284 0.000000 -0.956941  0.297613 0.539650 0
painted_wood_01
0  0.402375 7.174601 -0.262216  0.773011 0.000000 -0.634392  0.297613 0.539650 0
0  0.343678 7.174601 -0.333738  0.773011 0.000000 -0.634392  0.297613 0.539650 0
0  0.343678 7.460647 -0.333738  0.773011 0.000000 -0.634392  0.297613 0.539650 0
painted_wood_01
0  0.481917 7.174601 0.000000  0.995185 0.000000 -0.098018  0.297613 0.539650 0
0  0.472848 7.174601 -0.092078  0.995185 0.000000 -0.098018  0.297613 0.539650 0
0  0.472848 7.460647 -0.092078  0.995185 0.000000 -0.098018  0.297613 0.539650 0
painted_wood_01
0  0.402375 7.174601 0.262216  0.881922 0.000000 0.471395  0.297613 0.539650 0
0  0.445990 7.174601 0.180618  0.881922 0.000000 0.471395  0.297613 0.539650 0
0  0.445990 7.460647 0.180618  0.881922 0.000000 0.471395  0.297613 0.539650 0
painted_wood_01
0  0.190558 7.174601 0.436049  0.471397 0.000000 0.881921  0.297613 0.539650 0
0  0.272157 7.174601 0.392434  0.471397 0.000000 0.881921  0.297613 0.539650 0
0  0.272157 7.460647 0.392434  0.471397 0.000000 0.881921  0.297613 0.539650 0
painted_wood_01
0  0.102019 7.174601 -0.462907  0.088545 0.000000 -0.996072  0.297613 0.539650 0
0  0.000000 7.174601 -0.471976  0.088545 0.000000 -0.996072  0.297613 0.539650 0
0  0.000000 7.460647 -0.471976  0.088545 0.000000 -0.996072  0.297613 0.539650 0
painted_wood_01
0  0.343678 7.174601 -0.333738  0.634394 0.000000 -0.773010  0.297613 0.539650 0
0  0.272157 7.174601 -0.392434  0.634394 0.000000 -0.773010  0.297613 0.539650 0
0  0.272157 7.460647 -0.392434  0.634394 0.000000 -0.773010  0.297613 0.539650 0
painted_wood_01
0  0.472848 7.174601 -0.092078  0.956940 0.000000 -0.290286  0.297613 0.539650 0
0  0.445990 7.174601 -0.180618  0.956940 0.000000 -0.290286  0.297613 0.539650 0
0  0.445990 7.460647 -0.180618  0.956940 0.000000 -0.290286  0.297613 0.539650 0
painted_wood_01
0  0.445990 7.174601 0.180618  0.956940 0.000000 0.290286  0.297613 0.539650 0
0  0.472848 7.174601 0.092078  0.956940 0.000000 0.290286  0.297613 0.539650 0
0  0.472848 7.460647 0.092078  0.956940 0.000000 0.290286  0.297613 0.539650 0
painted_wood_01
0  0.272157 7.174601 0.392434  0.634394 0.000000 0.773010  0.297613 0.539650 0
0  0.343678 7.174601 0.333738  0.634394 0.000000 0.773010  0.297613 0.539650 0
0  0.343678 7.460647 0.333738  0.634394 0.000000 0.773010  0.297613 0.539650 0
painted_wood_01
0  0.000000 7.174601 0.471976  0.088546 0.000000 0.996072  0.297613 0.539650 0
0  0.102019 7.174601 0.462907  0.088546 0.000000 0.996072  0.297613 0.539650 0
0  0.102019 7.460647 0.462907  0.088546 0.000000 0.996072  0.297613 0.539650 0
painted_wood_01
0  0.000000 14.783431 1.430231  -0.455371 0.759440 0.464637  0.297613 0.539650 0
0  0.000000 14.068315 2.288370  -0.455365 0.759429 0.464661  0.297613 0.539650 0
0  0.168027 14.446769 2.145113  -0.455362 0.759424 0.464673  0.297613 0.539650 0
painted_wood_01
0  0.288965 14.783431 1.402750  0.242914 0.852359 0.463117  0.297613 0.539650 0
0  0.168027 14.446769 2.145113  0.242914 0.852361 0.463113  0.297613 0.539650 0
0  0.292273 14.446769 2.020653  0.242914 0.852365 0.463106  0.297613 0.539650 0
painted_wood_01
0  0.557266 14.783431 1.321361  0.266280 0.825177 0.498174  0.297613 0.539650 0
0  0.292273 14.446769 2.020653  0.266280 0.825177 0.498174  0.297613 0.539650 0
0  0.670400 14.446769 1.818540  0.266280 0.825177 0.498174  0.297613 0.539650 0
painted_wood_01
0  0.804534 14.783431 1.189194  0.407673 0.766185 0.496753  0.297613 0.539650 0
0  0.670400 14.446769 1.818540  0.407673 0.766185 0.496753  0.297613 0.539650 0
0  1.001832 14.446769 1.546541  0.407673 0.766185 0.496753  0.297613 0.539650 0
painted_wood_01
0  1.021267 14.783431 1.011326  0.556552 0.693995 0.456750  0.297613 0.539650 0
0  1.001832 14.446769 1.546541  0.556552 0.693995 0.456750  0.297613 0.539650 0
0  1.273830 14.446769 1.215109  0.556552 0.693995 0.456750  0.297613 0.539650 0
painted_wood_01
0  1.199134 14.783431 0.794594  0.693886 0.617221 0.370891  0.297613 0.539650 0
0  1.273830 14.446769 1.215109  0.693886 0.617221 0.370891  0.297613 0.539650 0
0  1.475944 14.446769 0.836982  0.693886 0.617221 0.370891  0.297613 0.539650 0
c_invasion_wrangler_laser
0  1.566179 14.301200 0.346992  0.558265 0.812194 0.169353  0.211093 0.380406 0
0  1.835121 14.078052 0.530627  0.558265 0.812194 0.169353  0.212946 0.384905 0
0  1.888332 14.078052 0.355218  0.558265 0.812194 0.169353  0.210787 0.385093 0
c_invasion_wrangler_laser
0  1.600974 14.301200 0.232287  0.840144 0.380394 -0.386599  0.209501 0.380614 0
0  1.888332 14.078052 0.355218  0.840145 0.380391 -0.386599  0.210787 0.385093 0
0  1.923318 13.353199 0.000000  0.840132 0.380429 -0.386590  0.206249 0.393664 0
c_invasion_wrangler_laser
0  1.623852 14.301200 0.000000  0.840159 0.380350 0.386609  0.206263 0.380783 0
0  1.923318 13.353199 0.000000  0.840157 0.380352 0.386612  0.206249 0.393664 0
0  1.888332 14.078052 -0.355218  0.840155 0.380353 0.386614  0.201715 0.385096 0
c_invasion_wrangler_laser
0  1.600974 14.301200 -0.232287  0.558264 0.812194 -0.169359  0.203023 0.380611 0
0  1.888332 14.078052 -0.355218  0.558264 0.812194 -0.169359  0.201715 0.385096 0
0  1.835121 14.078052 -0.530627  0.558264 0.812194 -0.169359  0.199577 0.384879 0
painted_wood_01
0  1.331302 14.783431 -0.547326  0.693886 0.617221 -0.370891  0.297613 0.539650 0
0  1.475944 14.446769 -0.836982  0.693886 0.617221 -0.370891  0.297613 0.539650 0
0  1.273830 14.446769 -1.215109  0.693886 0.617221 -0.370891  0.297613 0.539650 0
painted_wood_01
0  1.199134 14.783431 -0.794594  0.556551 0.693995 -0.456752  0.297613 0.539650 0
0  1.273830 14.446769 -1.215109  0.556551 0.693995 -0.456752  0.297613 0.539650 0
0  1.001832 14.446769 -1.546541  0.556551 0.693995 -0.456752  0.297613 0.539650 0
painted_wood_01
0  1.021267 14.783431 -1.011326  0.407674 0.766186 -0.496750  0.297613 0.539650 0
0  1.001832 14.446769 -1.546541  0.407674 0.766186 -0.496750  0.297613 0.539650 0
0  0.670400 14.446769 -1.818540  0.407674 0.766186 -0.496750  0.297613 0.539650 0
painted_wood_01
0  0.804534 14.783431 -1.189194  0.266279 0.825178 -0.498174  0.297613 0.539650 0
0  0.670400 14.446769 -1.818540  0.266279 0.825178 -0.498174  0.297613 0.539650 0
0  0.292273 14.446769 -2.020653  0.266279 0.825178 -0.498174  0.297613 0.539650 0
painted_wood_01
0  0.557266 14.783431 -1.321361  0.242880 0.852357 -0.463138  0.297613 0.539650 0
0  0.292273 14.446769 -2.020653  0.242887 0.852363 -0.463123  0.297613 0.539650 0
0  0.168027 14.446769 -2.145113  0.242894 0.852370 -0.463107  0.297613 0.539650 0
painted_wood_01
0  0.288965 14.783431 -1.402750  -0.455296 0.759421 -0.464742  0.297613 0.539650 0
0  0.168027 14.446769 -2.145113  -0.455284 0.759452 -0.464704  0.297613 0.539650 0
0  0.000000 14.068315 -2.288370  -0.455269 0.759490 -0.464656  0.297613 0.539650 0
painted_wood_01
0  1.331302 11.922968 0.547326  0.857633 -0.233070 0.458415  0.297613 0.539650 0
0  1.199134 11.922968 0.794594  0.857633 -0.233070 0.458415  0.297613 0.539650 0
0  1.132601 11.207851 0.555486  0.857633 -0.233070 0.458415  0.297613 0.539650 0
painted_wood_01
0  1.199134 11.922968 -0.794594  0.857632 -0.233070 -0.458416  0.297613 0.539650 0
0  1.331302 11.922968 -0.547326  0.857632 -0.233070 -0.458416  0.297613 0.539650 0
0  1.224997 11.207851 -0.382625  0.857632 -0.233070 -0.458416  0.297613 0.539650 0
gold_player
0  0.000000 11.922968 -1.430231  0.374190 -0.293395 -0.879717  0.000000 0.000000 0
0  0.288965 11.922968 -1.402750  0.374170 -0.293367 -0.879734  0.000000 0.000000 0
0  0.496318 11.207851 -0.980636  0.374191 -0.293398 -0.879715  0.000000 0.000000 0
painted_wood_01
0  1.021267 11.922968 1.011326  0.600533 -0.322332 0.731753  0.297613 0.539650 0
0  0.804534 11.922968 1.189194  0.600533 -0.322332 0.731753  0.297613 0.539650 0
0  0.856743 11.207851 0.831343  0.600533 -0.322332 0.731753  0.297613 0.539650 0
painted_wood_01
0  1.412690 11.922968 -0.279024  0.977055 -0.190005 -0.096233  0.297613 0.539650 0
0  1.440172 11.922968 0.000000  0.977055 -0.190005 -0.096233  0.297613 0.539650 0
0  1.301106 11.207851 0.000000  0.977055 -0.190005 -0.096233  0.297613 0.539650 0
painted_wood_01
0  0.557266 11.922968 -1.321361  0.436633 -0.376898 -0.816884  0.297613 0.539650 0
0  0.804534 11.922968 -1.189194  0.436633 -0.376898 -0.816884  0.297613 0.539650 0
0  0.856743 11.207851 -0.831343  0.436633 -0.376898 -0.816884  0.297613 0.539650 0
painted_wood_01
0  0.557266 11.922968 1.321361  0.261629 -0.433233 0.862473  0.297613 0.539650 0
0  0.288965 11.922968 1.402750  0.261629 -0.433233 0.862473  0.297613 0.539650 0
0  0.496318 11.207851 0.980636  0.261629 -0.433233 0.862473  0.297613 0.539650 0
painted_wood_01
0  1.412690 11.922968 0.279024  0.936681 -0.204683 0.284138  0.297613 0.539650 0
0  1.331302 11.922968 0.547326  0.936681 -0.204683 0.284138  0.297613 0.539650 0
0  1.224997 11.207851 0.382625  0.936681 -0.204683 0.284138  0.297613 0.539650 0
painted_wood_01
0  1.021267 11.922968 -1.011326  0.743596 -0.273229 -0.610255  0.297613 0.539650 0
0  1.199134 11.922968 -0.794594  0.743596 -0.273229 -0.610255  0.297613 0.539650 0
0  1.132601 11.207851 -0.555486  0.743596 -0.273229 -0.610255  0.297613 0.539650 0
painted_wood_01
0  1.199134 11.922968 0.794594  0.743597 -0.273229 0.610254  0.297613 0.539650 0
0  1.021267 11.922968 1.011326  0.743597 -0.273229 0.610254  0.297613 0.539650 0
0  1.008257 11.207851 0.706999  0.743597 -0.273229 0.610254  0.297613 0.539650 0
painted_wood_01
0  1.331302 11.922968 -0.547326  0.936681 -0.204682 -0.284138  0.297613 0.539650 0
0  1.412690 11.922968 -0.279024  0.936681 -0.204682 -0.284138  0.297613 0.539650 0
0  1.281894 11.207851 -0.195061  0.936681 -0.204682 -0.284138  0.297613 0.539650 0
painted_wood_01
0  0.288965 11.922968 -1.402750  0.261628 -0.433233 -0.862473  0.297613 0.539650 0
0  0.557266 11.922968 -1.321361  0.261628 -0.433233 -0.862473  0.297613 0.539650 0
0  0.683883 11.207851 -0.923739  0.261628 -0.433233 -0.862473  0.297613 0.539650 0
painted_wood_01
0  0.804534 11.922968 1.189194  0.436633 -0.376898 0.816884  0.297613 0.539650 0
0  0.557266 11.922968 1.321361  0.436633 -0.376898 0.816884  0.297613 0.539650 0
0  0.683883 11.207851 0.923739  0.436633 -0.376898 0.816884  0.297613 0.539650 0
painted_wood_01
0  1.440172 11.922968 0.000000  0.977056 -0.190005 0.096232  0.297613 0.539650 0
0  1.412690 11.922968 0.279024  0.977056 -0.190005 0.096232  0.297613 0.539650 0
0  1.281894 11.207851 0.195061  0.977056 -0.190005 0.096232  0.297613 0.539650 0
gold_player
0  0.288965 11.922968 1.402750  0.374206 -0.293342 0.879727  0.000000 0.000000 0
0  0.000000 11.922968 1.430231  0.374201 -0.293355 0.879725  0.000000 0.000000 0
0  0.000000 11.207851 1.287208  0.374203 -0.293350 0.879726  0.000000 0.000000 0
painted_wood_01
0  0.804534 11.922968 -1.189194  0.600533 -0.322332 -0.731753  0.297613 0.539650 0
0  1.021267 11.922968 -1.011326  0.600533 -0.322332 -0.731753  0.297613 0.539650 0
0  1.008257 11.207851 -0.706999  0.600533 -0.322332 -0.731753  0.297613 0.539650 0
painted_wood_01
0  0.856743 11.207851 -0.831343  0.605205 -0.299833 -0.737446  0.297613 0.539650 0
0  1.008257 11.207851 -0.706999  0.605205 -0.299833 -0.737446  0.297613 0.539650 0
0  0.993847 10.349712 -0.369920  0.605205 -0.299833 -0.737446  0.297613 0.539650 0
painted_wood_01
0  1.224997 11.207851 0.382625  0.861103 -0.215998 0.460268  0.297613 0.539650 0
0  1.132601 11.207851 0.555486  0.861103 -0.215998 0.460268  0.297613 0.539650 0
0  1.058907 10.349712 0.290645  0.861103 -0.215998 0.460268  0.297613 0.539650 0
painted_wood_01
0  0.683883 11.207851 -0.923739  0.441298 -0.351600 -0.825611  0.297613 0.539650 0
0  0.856743 11.207851 -0.831343  0.441298 -0.351600 -0.825611  0.297613 0.539650 0
0  0.914571 10.349712 -0.434980  0.441298 -0.351600 -0.825611  0.297613 0.539650 0
painted_wood_01
0  1.281894 11.207851 0.195061  0.939598 -0.189515 0.285025  0.297613 0.539650 0
0  1.224997 11.207851 0.382625  0.939598 -0.189515 0.285025  0.297613 0.539650 0
0  1.107251 10.349712 0.200200  0.939598 -0.189515 0.285025  0.297613 0.539650 0
painted_wood_01
0  0.496318 11.207851 -0.980636  0.265341 -0.405556 -0.874710  0.297613 0.539650 0
0  0.683883 11.207851 -0.923739  0.265341 -0.405556 -0.874710  0.297613 0.539650 0
0  0.824126 10.349712 -0.483324  0.265341 -0.405556 -0.874710  0.297613 0.539650 0
painted_wood_01
0  1.301106 11.207851 0.000000  0.979677 -0.175849 0.096488  0.297613 0.539650 0
0  1.281894 11.207851 0.195061  0.979677 -0.175849 0.096488  0.297613 0.539650 0
0  1.137021 10.349712 0.102061  0.979677 -0.175849 0.096488  0.297613 0.539650 0
gold_player
0  0.496318 11.207851 0.980636  0.596728 -0.196857 0.777923  0.000000 0.000000 0
0  0.000000 11.207851 1.287208  0.596724 -0.196864 0.777924  0.000000 0.000000 0
0  0.000000 10.349712 1.144185  0.596719 -0.196871 0.777925  0.000000 0.000000 0
gold_player
0  0.000000 11.207851 -1.287208  0.596704 -0.196914 -0.777926  0.000000 0.000000 0
0  0.496318 11.207851 -0.980636  0.596709 -0.196920 -0.777921  0.000000 0.000000 0
0  0.725987 10.349712 -0.513094  0.596708 -0.196918 -0.777922  0.000000 0.000000 0
painted_wood_01
0  1.281894 11.207851 -0.195061  0.979677 -0.175848 -0.096488  0.297613 0.539650 0
0  1.301106 11.207851 0.000000  0.979677 -0.175848 -0.096488  0.297613 0.539650 0
0  1.147073 10.349712 0.000000  0.979677 -0.175848 -0.096488  0.297613 0.539650 0
painted_wood_01
0  0.683883 11.207851 0.923739  0.265341 -0.405556 0.874710  0.297613 0.539650 0
0  0.496318 11.207851 0.980636  0.265341 -0.405556 0.874710  0.297613 0.539650 0
0  0.725987 10.349712 0.513094  0.265341 -0.405556 0.874710  0.297613 0.539650 0
painted_wood_01
0  1.224997 11.207851 -0.382625  0.939598 -0.189514 -0.285025  0.297613 0.539650 0
0  1.281894 11.207851 -0.195061  0.939598 -0.189514 -0.285025  0.297613 0.539650 0
0  1.137021 10.349712 -0.102061  0.939598 -0.189514 -0.285025  0.297613 0.539650 0
painted_wood_01
0  0.856743 11.207851 0.831343  0.441298 -0.351601 0.825611  0.297613 0.539650 0
0  0.683883 11.207851 0.923739  0.441298 -0.351601 0.825611  0.297613 0.539650 0
0  0.824126 10.349712 0.483324  0.441298 -0.351601 0.825611  0.297613 0.539650 0
painted_wood_01
0  1.132601 11.207851 -0.555486  0.861103 -0.215998 -0.460269  0.297613 0.539650 0
0  1.224997 11.207851 -0.382625  0.861103 -0.215998 -0.460269  0.297613 0.539650 0
0  1.107251 10.349712 -0.200200  0.861103 -0.215998 -0.460269  0.297613 0.539650 0
painted_wood_01
0  1.008257 11.207851 0.706999  0.605205 -0.299833 0.737446  0.297613 0.539650 0
0  0.856743 11.207851 0.831343  0.605205 -0.299833 0.737446  0.297613 0.539650 0
0  0.914571 10.349712 0.434980  0.605205 -0.299833 0.737446  0.297613 0.539650 0
painted_wood_01
0  1.008257 11.207851 -0.706999  0.747740 -0.253601 -0.613654  0.297613 0.539650 0
0  1.132601 11.207851 -0.555486  0.747740 -0.253601 -0.613654  0.297613 0.539650 0
0  1.058907 10.349712 -0.290645  0.747740 -0.253601 -0.613654  0.297613 0.539650 0
painted_wood_01
0  1.132601 11.207851 0.555486  0.747740 -0.253601 0.613654  0.297613 0.539650 0
0  1.008257 11.207851 0.706999  0.747740 -0.253601 0.613654  0.297613 0.539650 0
0  0.993847 10.349712 0.369920  0.747740 -0.253601 0.613654  0.297613 0.539650 0
painted_wood_01
0  0.824126 10.349712 0.483324  0.269142 -0.374663 0.887238  0.297613 0.539650 0
0  0.725987 10.349712 0.513094  0.269142 -0.374663 0.887238  0.297613 0.539650 0
0  0.900303 9.634595 0.158238  0.269142 -0.374663 0.887238  0.297613 0.539650 0
painted_wood_01
0  1.107251 10.349712 -0.200200  0.942488 -0.173137 -0.285901  0.297613 0.539650 0
0  1.137021 10.349712 -0.102061  0.942488 -0.173137 -0.285901  0.297613 0.539650 0
0  1.027064 9.634595 -0.031476  0.942488 -0.173137 -0.285901  0.297613 0.539650 0
painted_wood_01
0  0.914571 10.349712 0.434980  0.446021 -0.323661 0.834451  0.297613 0.539650 0
0  0.824126 10.349712 0.483324  0.446021 -0.323661 0.834451  0.297613 0.539650 0
0  0.930568 9.634595 0.149057  0.446021 -0.323661 0.834451  0.297613 0.539650 0
painted_wood_01
0  1.058907 10.349712 -0.290645  0.864548 -0.197512 -0.462110  0.297613 0.539650 0
0  1.107251 10.349712 -0.200200  0.864548 -0.197512 -0.462110  0.297613 0.539650 0
0  1.017884 9.634595 -0.061741  0.864548 -0.197512 -0.462110  0.297613 0.539650 0
painted_wood_01
0  0.993847 10.349712 0.369920  0.609897 -0.275198 0.743163  0.297613 0.539650 0
0  0.914571 10.349712 0.434980  0.609897 -0.275198 0.743163  0.297613 0.539650 0
0  0.958461 9.634595 0.134147  0.609897 -0.275198 0.743163  0.297613 0.539650 0
painted_wood_01
0  0.993847 10.349712 -0.369920  0.751872 -0.232251 -0.617048  0.297613 0.539650 0
0  1.058907 10.349712 -0.290645  0.751872 -0.232251 -0.617048  0.297613 0.539650 0
0  1.002975 9.634595 -0.089634  0.751872 -0.232251 -0.617048  0.297613 0.539650 0
painted_wood_01
0  1.058907 10.349712 0.290645  0.751871 -0.232251 0.617048  0.297613 0.539650 0
0  0.993847 10.349712 0.369920  0.751871 -0.232251 0.617048  0.297613 0.539650 0
0  0.982910 9.634595 0.114083  0.751871 -0.232251 0.617048  0.297613 0.539650 0
painted_wood_01
0  0.914571 10.349712 -0.434980  0.609898 -0.275198 -0.743163  0.297613 0.539650 0
0  0.993847 10.349712 -0.369920  0.609898 -0.275198 -0.743163  0.297613 0.539650 0
0  0.982910 9.634595 -0.114083  0.609898 -0.275198 -0.743163  0.297613 0.539650 0
painted_wood_01
0  1.107251 10.349712 0.200200  0.864548 -0.197512 0.462110  0.297613 0.539650 0
0  1.058907 10.349712 0.290645  0.864548 -0.197512 0.462110  0.297613 0.539650 0
0  1.002975 9.634595 0.089634  0.864548 -0.197512 0.462110  0.297613 0.539650 0
painted_wood_01
0  0.824126 10.349712 -0.483324  0.446020 -0.323659 -0.834453  0.297613 0.539650 0
0  0.914571 10.349712 -0.434980  0.446020 -0.323659 -0.834453  0.297613 0.539650 0
0  0.958461 9.634595 -0.134147  0.446020 -0.323659 -0.834453  0.297613 0.539650 0
painted_wood_01
0  1.137021 10.349712 0.102061  0.942489 -0.173136 0.285900  0.297613 0.539650 0
0  1.107251 10.349712 0.200200  0.942489 -0.173136 0.285900  0.297613 0.539650 0
0  1.017884 9.634595 0.061741  0.942489 -0.173136 0.285900  0.297613 0.539650 0
painted_wood_01
0  0.725987 10.349712 -0.513094  0.269141 -0.374660 -0.887239  0.297613 0.539650 0
0  0.824126 10.349712 -0.483324  0.269141 -0.374660 -0.887239  0.297613 0.539650 0
0  0.930568 9.634595 -0.149057  0.269141 -0.374660 -0.887239  0.297613 0.539650 0
painted_wood_01
0  1.147073 10.349712 0.000000  0.982270 -0.160583 0.096743  0.297613 0.539650 0
0  1.137021 10.349712 0.102061  0.982270 -0.160583 0.096743  0.297613 0.539650 0
0  1.027064 9.634595 0.031476  0.982270 -0.160583 0.096743  0.297613 0.539650 0
gold_player
0  0.725987 10.349712 0.513094  0.661381 -0.173389 0.729733  0.000000 0.000000 0
0  0.000000 10.349712 1.144185  0.661381 -0.173389 0.729734  0.000000 0.000000 0
0  0.000000 9.634596 1.001162  0.661380 -0.173390 0.729734  0.000000 0.000000 0
gold_player
0  0.000000 10.349712 -1.144185  0.661382 -0.173429 -0.729723  0.000000 0.000000 0
0  0.725987 10.349712 -0.513094  0.661382 -0.173430 -0.729723  0.000000 0.000000 0
0  0.900303 9.634595 -0.158238  0.661384 -0.173431 -0.729722  0.000000 0.000000 0
painted_wood_01
0  1.137021 10.349712 -0.102061  0.982270 -0.160582 -0.096743  0.297613 0.539650 0
0  1.147073 10.349712 0.000000  0.982270 -0.160582 -0.096743  0.297613 0.539650 0
0  1.030165 9.634595 0.000000  0.982270 -0.160582 -0.096743  0.297613 0.539650 0
c_invasion_wrangler_laser
0  1.566179 12.405197 0.346992  0.813257 -0.581452 -0.022949  0.211058 0.406925 0
0  1.835121 12.628347 0.530627  0.813259 -0.581450 -0.022957  0.212918 0.402449 0
0  1.475944 12.259628 0.836982  0.813259 -0.581449 -0.022958  0.217968 0.408427 0
c_invasion_wrangler_laser
0  1.566179 14.301200 0.346992  0.904480 0.326557 0.274364  0.211093 0.380406 0
0  1.600974 14.301200 0.232287  0.904480 0.326557 0.274364  0.209501 0.380614 0
0  1.412690 14.783431 0.279024  0.904480 0.326557 0.274364  0.210276 0.373453 0
c_invasion_wrangler_laser
0  1.600974 12.405197 0.232287  0.904478 -0.326556 0.274373  0.209468 0.406710 0
0  1.566179 12.405197 0.346992  0.904478 -0.326556 0.274373  0.211058 0.406925 0
0  1.331302 11.922968 0.547326  0.904478 -0.326556 0.274373  0.214222 0.414103 0
c_invasion_wrangler_laser
0  1.600974 14.301200 0.232287  0.930572 0.354452 0.091653  0.209501 0.380614 0
0  1.623852 14.301200 0.000000  0.930572 0.354452 0.091653  0.206263 0.380783 0
0  1.440172 14.783431 0.000000  0.930572 0.354452 0.091653  0.206268 0.373524 0
c_invasion_wrangler_laser
0  1.623852 12.405197 0.000000  0.930571 -0.354454 0.091653  0.206236 0.406536 0
0  1.600974 12.405197 0.232287  0.930571 -0.354454 0.091653  0.209468 0.406710 0
0  1.412690 11.922968 0.279024  0.930571 -0.354454 0.091653  0.210183 0.413846 0
c_invasion_wrangler_laser
0  1.623852 14.301200 0.000000  0.930571 0.354452 -0.091653  0.206263 0.380783 0
0  1.600974 14.301200 -0.232287  0.930571 0.354452 -0.091653  0.203023 0.380611 0
0  1.412690 14.783431 -0.279024  0.930571 0.354452 -0.091653  0.202261 0.373451 0
c_invasion_wrangler_laser
0  1.600974 12.405197 -0.232287  0.930571 -0.354452 -0.091653  0.203006 0.406708 0
0  1.623852 12.405197 0.000000  0.930571 -0.354452 -0.091653  0.206236 0.406536 0
0  1.440172 11.922968 0.000000  0.930571 -0.354452 -0.091653  0.206233 0.413755 0
c_invasion_wrangler_laser
0  1.600974 14.301200 -0.232287  0.904481 0.326555 -0.274365  0.203023 0.380611 0
0  1.566179 14.301200 -0.346992  0.904481 0.326555 -0.274365  0.201433 0.380400 0
0  1.331302 14.783431 -0.547326  0.904481 0.326555 -0.274365  0.198260 0.373224 0
c_invasion_wrangler_laser
0  1.566179 12.405197 -0.346992  0.904478 -0.326557 -0.274372  0.201414 0.406920 0
0  1.600974 12.405197 -0.232287  0.904478 -0.326557 -0.274372  0.203006 0.406708 0
0  1.412690 11.922968 -0.279024  0.904478 -0.326557 -0.274372  0.202281 0.413847 0
c_invasion_wrangler_laser
0  1.566179 14.301200 -0.346992  0.813255 0.581455 0.022949  0.201433 0.380400 0
0  1.835121 14.078052 -0.530627  0.813257 0.581452 0.022957  0.199577 0.384879 0
0  1.475944 14.446769 -0.836982  0.813257 0.581452 0.022959  0.194520 0.378905 0
painted_wood_01
0  0.168027 13.353199 2.145113  0.648788 0.000000 0.760969  0.297613 0.539650 0
0  0.000000 13.353199 2.288370  0.648788 0.000000 0.760969  0.297613 0.539650 0
0  0.000000 12.638083 2.288370  0.648788 0.000000 0.760969  0.297613 0.539650 0
painted_wood_01
0  0.292273 13.353199 2.020653  0.707716 0.000000 0.706497  0.297613 0.539650 0
0  0.168027 13.353199 2.145113  0.707716 0.000000 0.706497  0.297613 0.539650 0
0  0.168027 12.259628 2.145113  0.707716 0.000000 0.706497  0.297613 0.539650 0
painted_wood_01
0  0.670400 13.353199 1.818539  0.471397 0.000000 0.881921  0.297613 0.539650 0
0  0.292273 13.353199 2.020653  0.471397 0.000000 0.881921  0.297613 0.539650 0
0  0.292273 12.259628 2.020653  0.471397 0.000000 0.881921  0.297613 0.539650 0
painted_wood_01
0  1.001832 13.353199 1.546541  0.634392 -0.000000 0.773011  0.297613 0.539650 0
0  0.670400 13.353199 1.818539  0.634392 -0.000000 0.773011  0.297613 0.539650 0
0  0.670400 12.259628 1.818539  0.634392 -0.000000 0.773011  0.297613 0.539650 0
painted_wood_01
0  1.273830 13.353199 1.215109  0.773011 -0.000000 0.634393  0.297613 0.539650 0
0  1.001832 13.353199 1.546541  0.773011 -0.000000 0.634393  0.297613 0.539650 0
0  1.001832 12.259628 1.546540  0.773011 -0.000000 0.634393  0.297613 0.539650 0
painted_wood_01
0  1.475944 13.353199 0.836982  0.881921 0.000000 0.471397  0.297613 0.539650 0
0  1.273830 13.353199 1.215109  0.881921 0.000000 0.471397  0.297613 0.539650 0
0  1.273830 12.259628 1.215109  0.881921 0.000000 0.471397  0.297613 0.539650 0
c_invasion_wrangler_laser
0  1.888332 13.353199 0.355218  0.956939 0.000000 0.290288  0.210922 0.393693 0
0  1.835121 13.353199 0.530627  0.956939 0.000000 0.290288  0.213249 0.393697 0
0  1.835121 12.628347 0.530627  0.956939 0.000000 0.290288  0.212918 0.402449 0
c_invasion_wrangler_laser
0  1.835121 13.353199 -0.530627  0.956939 0.000000 -0.290288  0.199249 0.393632 0
0  1.888332 13.353199 -0.355218  0.956939 0.000000 -0.290288  0.201576 0.393635 0
0  1.888332 12.628347 -0.355218  0.956939 0.000000 -0.290288  0.201715 0.402234 0
c_invasion_wrangler_laser
0  1.475944 13.353199 0.836982  0.648943 0.000000 0.760837  0.219614 0.393704 0
0  1.835121 13.353199 0.530627  0.648943 0.000000 0.760837  0.213249 0.393697 0
0  1.835121 14.078052 0.530627  0.648943 0.000000 0.760837  0.212946 0.384905 0
painted_wood_01
0  1.273830 13.353199 -1.215109  0.881921 0.000000 -0.471397  0.297613 0.539650 0
0  1.475944 13.353199 -0.836982  0.881921 0.000000 -0.471397  0.297613 0.539650 0
0  1.475944 12.259628 -0.836982  0.881921 0.000000 -0.471397  0.297613 0.539650 0
painted_wood_01
0  1.001832 13.353199 -1.546541  0.773011 0.000000 -0.634393  0.297613 0.539650 0
0  1.273830 13.353199 -1.215109  0.773011 0.000000 -0.634393  0.297613 0.539650 0
0  1.273830 12.259628 -1.215109  0.773011 0.000000 -0.634393  0.297613 0.539650 0
painted_wood_01
0  0.670400 13.353199 -1.818539  0.634393 -0.000000 -0.773011  0.297613 0.539650 0
0  1.001832 13.353199 -1.546541  0.634393 -0.000000 -0.773011  0.297613 0.539650 0
0  1.001832 12.259628 -1.546540  0.634393 -0.000000 -0.773011  0.297613 0.539650 0
painted_wood_01
0  0.292273 13.353199 -2.020653  0.471397 -0.000000 -0.881921  0.297613 0.539650 0
0  0.670400 13.353199 -1.818539  0.471397 -0.000000 -0.881921  0.297613 0.539650 0
0  0.670400 12.259628 -1.818539  0.471397 -0.000000 -0.881921  0.297613 0.539650 0
painted_wood_01
0  0.168027 13.353199 -2.145113  0.707718 0.000000 -0.706495  0.297613 0.539650 0
0  0.292273 13.353199 -2.020653  0.707718 0.000000 -0.706495  0.297613 0.539650 0
0  0.292273 12.259628 -2.020653  0.707718 0.000000 -0.706495  0.297613 0.539650 0
painted_wood_01
0  0.000000 13.353199 -2.288370  0.648788 0.000000 -0.760969  0.297613 0.539650 0
0  0.168027 13.353199 -2.145113  0.648788 0.000000 -0.760969  0.297613 0.539650 0
0  0.168027 12.259628 -2.145113  0.648788 0.000000 -0.760969  0.297613 0.539650 0
c_invasion_wrangler_laser
0  1.475944 13.353199 -0.836982  0.648944 0.000000 -0.760836  0.192884 0.393629 0
0  1.835121 13.353199 -0.530627  0.648944 0.000000 -0.760836  0.199249 0.393632 0
0  1.835121 12.628347 -0.530627  0.648944 0.000000 -0.760836  0.199556 0.402423 0
painted_wood_01
0  0.168027 14.446769 2.145113  0.648789 0.000000 0.760968  0.297613 0.539650 0
0  0.000000 14.068315 2.288370  0.648789 0.000000 0.760968  0.297613 0.539650 0
0  0.000000 13.353199 2.288370  0.648789 0.000000 0.760968  0.297613 0.539650 0
painted_wood_01
0  0.670400 12.259628 -1.818539  0.407672 -0.766186 -0.496751  0.297613 0.539650 0
0  1.001832 12.259628 -1.546540  0.407672 -0.766186 -0.496751  0.297613 0.539650 0
0  1.021267 11.922968 -1.011326  0.407672 -0.766186 -0.496751  0.297613 0.539650 0
painted_wood_01
0  0.292273 14.446769 2.020653  0.707718 0.000000 0.706495  0.297613 0.539650 0
0  0.168027 14.446769 2.145113  0.707718 0.000000 0.706495  0.297613 0.539650 0
0  0.168027 13.353199 2.145113  0.707718 0.000000 0.706495  0.297613 0.539650 0
painted_wood_01
0  0.168027 12.259628 2.145113  -0.455364 -0.759426 0.464668  0.297613 0.539650 0
0  0.000000 12.638083 2.288370  -0.455363 -0.759424 0.464671  0.297613 0.539650 0
0  0.000000 11.922968 1.430231  -0.455360 -0.759418 0.464685  0.297613 0.539650 0
painted_wood_01
0  0.670400 14.446769 1.818540  0.471396 0.000000 0.881922  0.297613 0.539650 0
0  0.292273 14.446769 2.020653  0.471396 0.000000 0.881922  0.297613 0.539650 0
0  0.292273 13.353199 2.020653  0.471396 0.000000 0.881922  0.297613 0.539650 0
painted_wood_01
0  0.292273 12.259628 2.020653  0.242912 -0.852370 0.463097  0.297613 0.539650 0
0  0.168027 12.259628 2.145113  0.242912 -0.852367 0.463103  0.297613 0.539650 0
0  0.288965 11.922968 1.402750  0.242912 -0.852356 0.463122  0.297613 0.539650 0
painted_wood_01
0  0.670400 12.259628 1.818539  0.266279 -0.825178 0.498173  0.297613 0.539650 0
0  0.292273 12.259628 2.020653  0.266279 -0.825178 0.498173  0.297613 0.539650 0
0  0.557266 11.922968 1.321361  0.266279 -0.825178 0.498173  0.297613 0.539650 0
painted_wood_01
0  1.273830 14.446769 1.215109  0.773012 -0.000000 0.634391  0.297613 0.539650 0
0  1.001832 14.446769 1.546541  0.773012 -0.000000 0.634391  0.297613 0.539650 0
0  1.001832 13.353199 1.546541  0.773012 -0.000000 0.634391  0.297613 0.539650 0
painted_wood_01
0  1.001832 12.259628 1.546540  0.407672 -0.766186 0.496751  0.297613 0.539650 0
0  0.670400 12.259628 1.818539  0.407672 -0.766186 0.496751  0.297613 0.539650 0
0  0.804534 11.922968 1.189194  0.407672 -0.766186 0.496751  0.297613 0.539650 0
painted_wood_01
0  1.273830 12.259628 1.215109  0.556550 -0.693998 0.456749  0.297613 0.539650 0
0  1.001832 12.259628 1.546540  0.556550 -0.693998 0.456749  0.297613 0.539650 0
0  1.021267 11.922968 1.011326  0.556550 -0.693998 0.456749  0.297613 0.539650 0
c_invasion_wrangler_laser
0  1.888332 14.078052 0.355218  0.956939 0.000000 0.290288  0.210787 0.385093 0
0  1.835121 14.078052 0.530627  0.956939 0.000000 0.290288  0.212946 0.384905 0
0  1.835121 13.353199 0.530627  0.956939 0.000000 0.290288  0.213249 0.393697 0
painted_wood_01
0  1.475944 12.259628 0.836982  0.693884 -0.617223 0.370891  0.297613 0.539650 0
0  1.273830 12.259628 1.215109  0.693884 -0.617223 0.370891  0.297613 0.539650 0
0  1.199134 11.922968 0.794594  0.693884 -0.617223 0.370891  0.297613 0.539650 0
c_invasion_wrangler_laser
0  1.888332 12.628347 0.355218  0.558269 -0.812192 0.169349  0.210781 0.402231 0
0  1.835121 12.628347 0.530627  0.558269 -0.812192 0.169349  0.212918 0.402449 0
0  1.566179 12.405197 0.346992  0.558269 -0.812192 0.169349  0.211058 0.406925 0
c_invasion_wrangler_laser
0  1.835121 14.078052 -0.530627  0.956939 0.000000 -0.290288  0.199577 0.384879 0
0  1.888332 14.078052 -0.355218  0.956939 0.000000 -0.290288  0.201715 0.385096 0
0  1.888332 13.353199 -0.355218  0.956939 0.000000 -0.290288  0.201576 0.393635 0
c_invasion_wrangler_laser
0  1.888332 12.628347 -0.355218  0.840153 -0.380355 0.386616  0.201715 0.402234 0
0  1.923318 13.353199 0.000000  0.840158 -0.380352 0.386611  0.206249 0.393664 0
0  1.623852 12.405197 0.000000  0.840161 -0.380349 0.386606  0.206236 0.406536 0
painted_wood_01
0  1.273830 14.446769 -1.215109  0.881921 0.000000 -0.471397  0.297613 0.539650 0
0  1.475944 14.446769 -0.836982  0.881921 0.000000 -0.471397  0.297613 0.539650 0
0  1.475944 13.353199 -0.836982  0.881921 0.000000 -0.471397  0.297613 0.539650 0
painted_wood_01
0  1.001832 14.446769 -1.546541  0.773012 0.000000 -0.634392  0.297613 0.539650 0
0  1.273830 14.446769 -1.215109  0.773012 0.000000 -0.634392  0.297613 0.539650 0
0  1.273830 13.353199 -1.215109  0.773012 0.000000 -0.634392  0.297613 0.539650 0
painted_wood_01
0  1.001832 14.446769 1.546541  0.634393 -0.000000 0.773011  0.297613 0.539650 0
0  0.670400 14.446769 1.818540  0.634393 -0.000000 0.773011  0.297613 0.539650 0
0  0.670400 13.353199 1.818539  0.634393 -0.000000 0.773011  0.297613 0.539650 0
c_invasion_wrangler_laser
0  1.475944 14.446769 0.836982  0.813259 0.581449 -0.022965  0.218027 0.378925 0
0  1.835121 14.078052 0.530627  0.813256 0.581453 -0.022953  0.212946 0.384905 0
0  1.566179 14.301200 0.346992  0.813261 0.581445 -0.022982  0.211093 0.380406 0
painted_wood_01
0  0.670400 14.446769 -1.818540  0.634392 -0.000000 -0.773011  0.297613 0.539650 0
0  1.001832 14.446769 -1.546541  0.634392 -0.000000 -0.773011  0.297613 0.539650 0
0  1.001832 13.353199 -1.546541  0.634392 -0.000000 -0.773011  0.297613 0.539650 0
painted_wood_01
0  1.273830 12.259628 -1.215109  0.693884 -0.617224 -0.370890  0.297613 0.539650 0
0  1.475944 12.259628 -0.836982  0.693884 -0.617224 -0.370890  0.297613 0.539650 0
0  1.331302 11.922968 -0.547326  0.693884 -0.617224 -0.370890  0.297613 0.539650 0
painted_wood_01
0  1.001832 12.259628 -1.546540  0.556551 -0.693998 -0.456747  0.297613 0.539650 0
0  1.273830 12.259628 -1.215109  0.556551 -0.693998 -0.456747  0.297613 0.539650 0
0  1.199134 11.922968 -0.794594  0.556551 -0.693998 -0.456747  0.297613 0.539650 0
painted_wood_01
0  0.168027 14.446769 -2.145113  0.707718 0.000000 -0.706495  0.297613 0.539650 0
0  0.292273 14.446769 -2.020653  0.707718 0.000000 -0.706495  0.297613 0.539650 0
0  0.292273 13.353199 -2.020653  0.707718 0.000000 -0.706495  0.297613 0.539650 0
painted_wood_01
0  0.000000 14.068315 -2.288370  0.648789 0.000000 -0.760968  0.297613 0.539650 0
0  0.168027 14.446769 -2.145113  0.648789 0.000000 -0.760968  0.297613 0.539650 0
0  0.168027 13.353199 -2.145113  0.648789 0.000000 -0.760968  0.297613 0.539650 0
painted_wood_01
0  0.292273 12.259628 -2.020653  0.266279 -0.825179 -0.498172  0.297613 0.539650 0
0  0.670400 12.259628 -1.818539  0.266279 -0.825179 -0.498172  0.297613 0.539650 0
0  0.804534 11.922968 -1.189194  0.266279 -0.825179 -0.498172  0.297613 0.539650 0
painted_wood_01
0  0.168027 12.259628 -2.145113  0.242869 -0.852350 -0.463156  0.297613 0.539650 0
0  0.292273 12.259628 -2.020653  0.242877 -0.852356 -0.463142  0.297613 0.539650 0
0  0.557266 11.922968 -1.321361  0.242882 -0.852359 -0.463133  0.297613 0.539650 0
c_invasion_wrangler_laser
0  1.835121 12.628347 -0.530627  0.558269 -0.812193 -0.169349  0.199556 0.402423 0
0  1.888332 12.628347 -0.355218  0.558269 -0.812193 -0.169349  0.201715 0.402234 0
0  1.600974 12.405197 -0.232287  0.558269 -0.812193 -0.169349  0.203006 0.406708 0
painted_wood_01
0  0.000000 12.638083 -2.288370  -0.455269 -0.759490 -0.464656  0.297613 0.539650 0
0  0.168027 12.259628 -2.145113  -0.455291 -0.759434 -0.464726  0.297613 0.539650 0
0  0.288965 11.922968 -1.402750  -0.455274 -0.759477 -0.464672  0.297613 0.539650 0
c_invasion_wrangler_laser
0  1.475944 12.259628 -0.836982  0.813260 -0.581447 0.022969  0.194479 0.408409 0
0  1.835121 12.628347 -0.530627  0.813258 -0.581450 0.022957  0.199556 0.402423 0
0  1.566179 12.405197 -0.346992  0.813263 -0.581441 0.022986  0.201414 0.406920 0
painted_wood_01
0  1.475944 14.446769 0.836982  0.881921 0.000000 0.471397  0.297613 0.539650 0
0  1.273830 14.446769 1.215109  0.881921 0.000000 0.471397  0.297613 0.539650 0
0  1.273830 13.353199 1.215109  0.881921 0.000000 0.471397  0.297613 0.539650 0
painted_wood_01
0  0.292273 14.446769 -2.020653  0.471397 -0.000000 -0.881921  0.297613 0.539650 0
0  0.670400 14.446769 -1.818540  0.471397 -0.000000 -0.881921  0.297613 0.539650 0
0  0.670400 13.353199 -1.818539  0.471397 -0.000000 -0.881921  0.297613 0.539650 0
c_invasion_wrangler_laser
0  1.475944 12.259628 0.836982  0.648944 0.000000 0.760836  0.217968 0.408427 0
0  1.835121 12.628347 0.530627  0.648944 0.000000 0.760836  0.212918 0.402449 0
0  1.835121 13.353199 0.530627  0.648944 0.000000 0.760836  0.213249 0.393697 0
c_invasion_wrangler_laser
0  1.888332 12.628347 0.355218  0.840160 -0.380370 -0.386588  0.210781 0.402231 0
0  1.600974 12.405197 0.232287  0.840165 -0.380365 -0.386581  0.209468 0.406710 0
0  1.623852 12.405197 0.000000  0.840158 -0.380371 -0.386592  0.206236 0.406536 0
c_invasion_wrangler_laser
0  1.475944 14.446769 -0.836982  0.648944 0.000000 -0.760836  0.194520 0.378905 0
0  1.835121 14.078052 -0.530627  0.648944 0.000000 -0.760836  0.199577 0.384879 0
0  1.835121 13.353199 -0.530627  0.648944 0.000000 -0.760836  0.199249 0.393632 0
gold_player
0  1.331302 11.922968 -0.547326  1.000000 0.000000 0.000000  0.000000 0.000000 0
0  1.331302 14.783431 -0.547326  1.000000 0.000000 0.000000  0.000000 0.000000 0
0  1.331302 14.783431 0.547326  1.000000 0.000000 0.000000  0.000000 0.000000 0
c_invasion_wrangler_laser
0  1.331302 14.783431 0.547326  0.951371 0.107735 0.288594  0.214281 0.373229 0
0  1.412690 14.783431 0.279024  0.951371 0.107735 0.288594  0.210276 0.373453 0
0  1.327384 15.683431 0.224263  0.951371 0.107735 0.288594  0.209269 0.361047 0
gold_player
0  1.412690 11.922968 0.279024  0.000000 1.000000 0.000000  0.000000 0.000000 0
0  1.440172 11.922968 0.000000  0.000000 1.000000 0.000000  0.000000 0.000000 0
0  1.412690 11.922968 -0.279024  0.000000 1.000000 0.000000  0.000000 0.000000 0
gold_player
0  1.412690 11.922968 -0.279024  0.000000 1.000000 0.000000  0.000000 0.000000 0
0  1.331302 11.922968 -0.547326  0.000000 1.000000 0.000000  0.000000 0.000000 0
0  1.331302 11.922968 0.547326  0.000000 1.000000 0.000000  0.000000 0.000000 0
gold_player
0  1.475944 13.353199 0.836982  0.894658 0.000000 -0.446752  0.000000 0.000000 0
0  1.475944 12.259628 0.836982  0.894658 0.000000 -0.446752  0.000000 0.000000 0
0  1.331302 11.922968 0.547326  0.894658 0.000000 -0.446752  0.000000 0.000000 0
gold_player
0  1.331302 11.922968 0.547326  0.894657 0.000000 -0.446753  0.000000 0.000000 0
0  1.331302 14.783431 0.547326  0.894657 0.000000 -0.446753  0.000000 0.000000 0
0  1.475944 13.353199 0.836982  0.894657 0.000000 -0.446753  0.000000 0.000000 0
gold_player
0  1.475944 13.353199 -0.836982  0.894658 0.000000 0.446752  0.000000 0.000000 0
0  1.475944 14.446769 -0.836982  0.894658 0.000000 0.446752  0.000000 0.000000 0
0  1.331302 14.783431 -0.547326  0.894658 0.000000 0.446752  0.000000 0.000000 0
gold_player
0  1.331302 14.783431 -0.547326  0.894657 0.000000 0.446753  0.000000 0.000000 0
0  1.331302 11.922968 -0.547326  0.894657 0.000000 0.446753  0.000000 0.000000 0
0  1.475944 13.353199 -0.836982  0.894657 0.000000 0.446753  0.000000 0.000000 0
c_invasion_wrangler_laser
0  0.000000 13.667849 -5.391972  0.860949 0.049860 -0.506241  0.175150 0.370364 0
0  0.000000 14.719771 -5.288366  0.860949 0.049860 -0.506241  0.183671 0.383079 0
0  0.548739 14.537707 -4.373072  0.860949 0.049860 -0.506241  0.170036 0.390333 0
c_invasion_wrangler_laser
0  0.000000 14.719771 -5.288366  0.860949 0.147665 -0.486787  0.183671 0.383079 0
0  0.000000 15.731267 -4.981533  0.860949 0.147665 -0.486787  0.189489 0.397229 0
0  0.548739 15.374139 -4.119344  0.860949 0.147665 -0.486787  0.174684 0.401747 0
c_invasion_wrangler_laser
0  0.000000 15.731267 -4.981533  0.860949 0.239795 -0.448626  0.189489 0.397229 0
0  0.000000 16.663467 -4.483261  0.860949 0.239795 -0.448626  0.192584 0.412242 0
0  0.548739 16.144997 -3.707312  0.860949 0.239795 -0.448626  0.177142 0.413872 0
c_invasion_wrangler_laser
0  0.000000 16.663467 -4.483261  0.860949 0.322710 -0.393224  0.192584 0.412242 0
0  0.000000 17.480549 -3.812699  0.860949 0.322710 -0.393224  0.192844 0.427506 0
0  0.548739 16.820660 -3.152809  0.860949 0.322710 -0.393224  0.177328 0.426351 0
c_invasion_wrangler_laser
0  0.000000 17.480549 -3.812699  0.860949 0.393223 -0.322710  0.192844 0.427506 0
0  0.000000 18.151112 -2.995618  0.860949 0.393223 -0.322710  0.190351 0.442547 0
0  0.548739 17.375164 -2.477146  0.860949 0.393223 -0.322710  0.175322 0.438573 0
c_invasion_wrangler_laser
0  0.000000 18.151112 -2.995618  0.860950 0.448624 -0.239796  0.190351 0.442547 0
0  0.000000 18.649384 -2.063420  0.860950 0.448624 -0.239796  0.185133 0.457033 0
0  0.548739 17.787193 -1.706289  0.860950 0.448624 -0.239796  0.171090 0.450196 0
c_invasion_wrangler_laser
0  0.000000 18.649384 -2.063420  0.860950 0.486786 -0.147663  0.185133 0.457033 0
0  0.000000 18.956215 -1.051922  0.860950 0.486786 -0.147663  0.177134 0.470381 0
0  0.548739 18.040920 -0.869859  0.860950 0.486786 -0.147663  0.164611 0.460825 0
c_invasion_wrangler_laser
0  0.000000 18.956215 -1.051922  0.860950 0.506240 -0.049860  0.177134 0.470381 0
0  0.000000 19.059822 0.000000  0.860950 0.506240 -0.049860  0.166348 0.481929 0
0  0.548739 18.126595 0.000000  0.860950 0.506240 -0.049860  0.156101 0.470048 0
c_invasion_wrangler_laser
0  0.000000 19.059822 0.000000  0.860950 0.506240 0.049862  0.166348 0.481929 0
0  0.000000 18.956215 1.051922  0.860950 0.506240 0.049862  0.153321 0.490970 0
0  0.548739 18.040920 0.869859  0.860950 0.506240 0.049862  0.145703 0.477132 0
c_invasion_wrangler_laser
0  0.000000 18.956215 1.051922  0.860950 0.486786 0.147662  0.153321 0.490970 0
0  0.000000 18.649384 2.063420  0.860950 0.486786 0.147662  0.138857 0.496943 0
0  0.548739 17.787193 1.706289  0.860950 0.486786 0.147662  0.134211 0.481969 0
c_invasion_wrangler_laser
0  0.000000 18.649384 2.063420  0.860950 0.448625 0.239795  0.138857 0.496943 0
0  0.000000 18.151112 2.995618  0.860950 0.448625 0.239795  0.123626 0.499897 0
0  0.548739 17.375164 2.477146  0.860950 0.448625 0.239795  0.122093 0.484403 0
c_invasion_wrangler_laser
0  0.000000 18.151112 2.995618  0.860949 0.393223 0.322710  0.123626 0.499897 0
0  0.000000 17.480549 3.812699  0.860949 0.393223 0.322710  0.108216 0.499897 0
0  0.548739 16.820660 3.152809  0.860949 0.393223 0.322710  0.109757 0.484444 0
c_invasion_wrangler_laser
0  0.000000 17.480549 3.812699  0.860950 0.322710 0.393223  0.108216 0.499897 0
0  0.000000 16.663467 4.483261  0.860950 0.322710 0.393223  0.093154 0.496810 0
0  0.548739 16.144997 3.707312  0.860950 0.322710 0.393223  0.097677 0.481981 0
c_invasion_wrangler_laser
0  0.000000 16.663467 4.483261  0.860950 0.239795 0.448624  0.093154 0.496810 0
0  0.000000 15.731267 4.981533  0.860950 0.239795 0.448624  0.078981 0.490830 0
0  0.548739 15.374139 4.119344  0.860950 0.239795 0.448624  0.086345 0.477196 0
c_invasion_wrangler_laser
0  0.000000 15.731267 4.981533  0.860950 0.147665 0.486785  0.078981 0.490830 0
0  0.000000 14.719771 5.288366  0.860950 0.147665 0.486785  0.066199 0.482257 0
0  0.548739 14.537707 4.373072  0.860950 0.147665 0.486785  0.076113 0.470315 0
c_invasion_wrangler_laser
0  0.000000 14.719771 5.288366  0.860950 0.049861 0.506240  0.066199 0.482257 0
0  0.000000 13.667849 5.391972  0.860950 0.049861 0.506240  0.055404 0.471277 0
0  0.548739 13.667849 4.458746  0.860950 0.049861 0.506240  0.067464 0.461500 0
c_invasion_wrangler_laser
0  0.000000 13.667849 5.391972  0.860950 -0.049860 0.506241  0.055404 0.471277 0
0  0.000000 12.615927 5.288366  0.860950 -0.049860 0.506241  0.046876 0.458439 0
0  0.548739 12.797991 4.373073  0.860950 -0.049860 0.506241  0.060627 0.451188 0
c_invasion_wrangler_laser
0  0.000000 12.615927 5.288366  0.860950 -0.147665 0.486786  0.046876 0.458439 0
0  0.000000 11.604427 4.981532  0.860950 -0.147665 0.486786  0.041090 0.444154 0
0  0.548739 11.961559 4.119343  0.860950 -0.147665 0.486786  0.055987 0.439690 0
c_invasion_wrangler_laser
0  0.000000 11.604427 4.981532  0.860949 -0.239795 0.448625  0.041090 0.444154 0
0  0.000000 10.672230 4.483261  0.860949 -0.239795 0.448625  0.038199 0.428993 0
0  0.548739 11.190701 3.707312  0.860949 -0.239795 0.448625  0.053668 0.427534 0
c_invasion_wrangler_laser
0  0.000000 10.672230 4.483261  0.860950 -0.322709 0.393223  0.038199 0.428993 0
0  0.000000 9.855145 3.812698  0.860950 -0.322709 0.393223  0.038232 0.413589 0
0  0.548739 10.515038 3.152808  0.860950 -0.322709 0.393223  0.053669 0.415145 0
c_invasion_wrangler_laser
0  0.000000 9.855145 3.812698  0.860950 -0.393223 0.322709  0.038232 0.413589 0
0  0.000000 9.184587 2.995618  0.860950 -0.393223 0.322709  0.041328 0.398546 0
0  0.548739 9.960536 2.477146  0.860950 -0.393223 0.322709  0.056132 0.403006 0
c_invasion_wrangler_laser
0  0.000000 9.184587 2.995618  0.860950 -0.448624 0.239794  0.041328 0.398546 0
0  0.000000 8.686316 2.063420  0.860950 -0.448624 0.239794  0.047255 0.384442 0
0  0.548739 9.548505 1.706289  0.860950 -0.448624 0.239794  0.060854 0.391620 0
c_invasion_wrangler_laser
0  0.000000 8.686316 2.063420  0.860950 -0.486786 0.147665  0.047255 0.384442 0
0  0.000000 8.379480 1.051920  0.860950 -0.486786 0.147665  0.055735 0.371843 0
0  0.548739 9.294775 0.869857  0.860950 -0.486786 0.147665  0.067625 0.381425 0
c_invasion_wrangler_laser
0  0.000000 8.379480 1.051920  0.860950 -0.506240 0.049859  0.055735 0.371843 0
0  0.000000 8.275875 0.000000  0.860950 -0.506240 0.049859  0.066325 0.361203 0
0  0.548739 9.209102 0.000000  0.860950 -0.506240 0.049859  0.076153 0.372877 0
c_invasion_wrangler_laser
0  0.000000 8.275875 0.000000  0.860950 -0.506240 -0.049860  0.066325 0.361203 0
0  0.000000 8.379480 -1.051920  0.860950 -0.506240 -0.049860  0.078603 0.352620 0
0  0.548739 9.294775 -0.869857  0.860950 -0.506240 -0.049860  0.085992 0.365902 0
c_invasion_wrangler_laser
0  0.000000 8.379480 -1.051920  0.860950 -0.486785 -0.147665  0.078603 0.352620 0
0  0.000000 8.686316 -2.063420  0.860950 -0.486785 -0.147665  0.092396 0.346485 0
0  0.548739 9.548505 -1.706289  0.860950 -0.486785 -0.147665  0.097100 0.360980 0
c_invasion_wrangler_laser
0  0.000000 8.686316 -2.063420  0.860950 -0.448624 -0.239795  0.092396 0.346485 0
0  0.000000 9.184587 -2.995618  0.860950 -0.448624 -0.239795  0.107165 0.343144 0
0  0.548739 9.960536 -2.477146  0.860950 -0.448624 -0.239795  0.108950 0.358304 0
c_invasion_wrangler_laser
0  0.000000 9.184587 -2.995618  0.860950 -0.393223 -0.322709  0.107165 0.343144 0
0  0.000000 9.855145 -3.812698  0.860950 -0.393223 -0.322709  0.122344 0.342777 0
0  0.548739 10.515038 -3.152808  0.860950 -0.393223 -0.322709  0.121111 0.358026 0
c_invasion_wrangler_laser
0  0.000000 9.855145 -3.812698  0.860949 -0.322710 -0.393223  0.122344 0.342777 0
0  0.000000 10.672230 -4.483261  0.860949 -0.322710 -0.393223  0.137315 0.345540 0
0  0.548739 11.190701 -3.707312  0.860949 -0.322710 -0.393223  0.133060 0.360241 0
c_invasion_wrangler_laser
0  0.000000 10.672230 -4.483261  0.860950 -0.239795 -0.448624  0.137315 0.345540 0
0  0.000000 11.604427 -4.981532  0.860950 -0.239795 -0.448624  0.151505 0.351181 0
0  0.548739 11.961559 -4.119343  0.860950 -0.239795 -0.448624  0.144339 0.364761 0
c_invasion_wrangler_laser
0  0.000000 11.604427 -4.981532  0.860949 -0.147665 -0.486787  0.151505 0.351181 0
0  0.000000 12.615927 -5.288366  0.860949 -0.147665 -0.486787  0.164289 0.359576 0
0  0.548739 12.797991 -4.373073  0.860949 -0.147665 -0.486787  0.154530 0.371472 0
c_invasion_wrangler_laser
0  0.000000 12.615927 -5.288366  0.860949 -0.049860 -0.506241  0.164289 0.359576 0
0  0.000000 13.667849 -5.391972  0.860949 -0.049860 -0.506241  0.175150 0.370364 0
0  0.548739 13.667849 -4.458746  0.860949 -0.049860 -0.506241  0.163204 0.380109 0
gold_player
0  0.225326 13.667850 4.736715  0.854873 0.050855 0.516340  0.000000 0.000000 0
0  0.225326 14.591939 4.645701  0.854873 0.050855 0.516340  0.000000 0.000000 0
0  0.000000 14.664721 5.011591  0.854873 0.050855 0.516340  0.000000 0.000000 0
gold_player
0  0.225326 14.591939 4.645701  0.854872 0.150611 0.496499  0.000000 0.000000 0
0  0.225327 15.480515 4.376153  0.854872 0.150611 0.496499  0.000000 0.000000 0
0  0.000000 15.623277 4.720815  0.854872 0.150611 0.496499  0.000000 0.000000 0
gold_player
0  0.225327 15.480515 4.376153  0.854872 0.244579 0.457576  0.000000 0.000000 0
0  0.225327 16.299431 3.938434  0.854872 0.244579 0.457576  0.000000 0.000000 0
0  0.000000 16.506691 4.248621  0.854872 0.244579 0.457576  0.000000 0.000000 0
gold_player
0  0.225327 16.299431 3.938434  0.854871 0.329149 0.401069  0.000000 0.000000 0
0  0.225327 17.017216 3.349365  0.854871 0.329149 0.401069  0.000000 0.000000 0
0  0.000000 17.281006 3.613157  0.854871 0.329149 0.401069  0.000000 0.000000 0
gold_player
0  0.225327 17.017216 3.349365  0.854870 0.401070 0.329149  0.000000 0.000000 0
0  0.225327 17.606289 2.631577  0.854870 0.401070 0.329149  0.000000 0.000000 0
0  0.000000 17.916473 2.838837  0.854870 0.401070 0.329149  0.000000 0.000000 0
gold_player
0  0.225327 17.606289 2.631577  0.854872 0.457575 0.244580  0.000000 0.000000 0
0  0.225327 18.044006 1.812662  0.854872 0.457575 0.244580  0.000000 0.000000 0
0  0.000000 18.388668 1.955426  0.854872 0.457575 0.244580  0.000000 0.000000 0
gold_player
0  0.225327 18.044006 1.812662  0.854874 0.496495 0.150609  0.000000 0.000000 0
0  0.225327 18.313549 0.924087  0.854874 0.496495 0.150609  0.000000 0.000000 0
0  0.000000 18.679443 0.996867  0.854874 0.496495 0.150609  0.000000 0.000000 0
gold_player
0  0.225327 18.313549 0.924087  0.854871 0.516341 0.050859  0.000000 0.000000 0
0  0.225327 18.404568 0.000000  0.854871 0.516341 0.050859  0.000000 0.000000 0
0  0.000000 18.777626 0.000000  0.854871 0.516341 0.050859  0.000000 0.000000 0
gold_player
0  0.225327 18.404568 0.000000  0.854874 0.516337 -0.050857  0.000000 0.000000 0
0  0.225327 18.313549 -0.924087  0.854874 0.516337 -0.050857  0.000000 0.000000 0
0  0.000000 18.679443 -0.996867  0.854874 0.516337 -0.050857  0.000000 0.000000 0
gold_player
0  0.225327 18.313549 -0.924087  0.854872 0.496499 -0.150608  0.000000 0.000000 0
0  0.225327 18.044006 -1.812662  0.854872 0.496499 -0.150608  0.000000 0.000000 0
0  0.000000 18.388668 -1.955426  0.854872 0.496499 -0.150608  0.000000 0.000000 0
gold_player
0  0.225327 18.044006 -1.812662  0.854871 0.457578 -0.244579  0.000000 0.000000 0
0  0.225327 17.606289 -2.631577  0.854871 0.457578 -0.244579  0.000000 0.000000 0
0  0.000000 17.916473 -2.838837  0.854871 0.457578 -0.244579  0.000000 0.000000 0
gold_player
0  0.225327 17.606289 -2.631577  0.854871 0.401070 -0.329149  0.000000 0.000000 0
0  0.225327 17.017216 -3.349365  0.854871 0.401070 -0.329149  0.000000 0.000000 0
0  0.000000 17.281006 -3.613157  0.854871 0.401070 -0.329149  0.000000 0.000000 0
gold_player
0  0.225327 17.017216 -3.349365  0.854871 0.329148 -0.401070  0.000000 0.000000 0
0  0.225327 16.299431 -3.938434  0.854871 0.329148 -0.401070  0.000000 0.000000 0
0  0.000000 16.506691 -4.248621  0.854871 0.329148 -0.401070  0.000000 0.000000 0
gold_player
0  0.225327 16.299431 -3.938434  0.854872 0.244580 -0.457575  0.000000 0.000000 0
0  0.225327 15.480515 -4.376153  0.854872 0.244580 -0.457575  0.000000 0.000000 0
0  0.000000 15.623277 -4.720815  0.854872 0.244580 -0.457575  0.000000 0.000000 0
gold_player
0  0.225327 15.480515 -4.376153  0.854872 0.150611 -0.496497  0.000000 0.000000 0
0  0.225326 14.591939 -4.645701  0.854872 0.150611 -0.496497  0.000000 0.000000 0
0  0.000000 14.664721 -5.011591  0.854872 0.150611 -0.496497  0.000000 0.000000 0
gold_player
0  0.225326 14.591939 -4.645701  0.854873 0.050855 -0.516339  0.000000 0.000000 0
0  0.225326 13.667850 -4.736715  0.854873 0.050855 -0.516339  0.000000 0.000000 0
0  0.000000 13.667850 -5.109774  0.854873 0.050855 -0.516339  0.000000 0.000000 0
gold_player
0  0.225326 13.667850 -4.736715  0.854873 -0.050855 -0.516340  0.000000 0.000000 0
0  0.225326 12.743763 -4.645701  0.854873 -0.050855 -0.516340  0.000000 0.000000 0
0  0.000000 12.670982 -5.011591  0.854873 -0.050855 -0.516340  0.000000 0.000000 0
gold_player
0  0.225326 12.743763 -4.645701  0.854873 -0.150611 -0.496496  0.000000 0.000000 0
0  0.225326 11.855192 -4.376155  0.854873 -0.150611 -0.496496  0.000000 0.000000 0
0  0.000000 11.712427 -4.720817  0.854873 -0.150611 -0.496496  0.000000 0.000000 0
gold_player
0  0.225326 11.855192 -4.376155  0.854871 -0.244579 -0.457577  0.000000 0.000000 0
0  0.225326 11.036272 -3.938435  0.854871 -0.244579 -0.457577  0.000000 0.000000 0
0  0.000000 10.829014 -4.248622  0.854871 -0.244579 -0.457577  0.000000 0.000000 0
gold_player
0  0.225326 11.036272 -3.938435  0.854873 -0.329147 -0.401067  0.000000 0.000000 0
0  0.225326 10.318487 -3.349365  0.854873 -0.329147 -0.401067  0.000000 0.000000 0
0  0.000000 10.054694 -3.613157  0.854873 -0.329147 -0.401067  0.000000 0.000000 0
gold_player
0  0.225326 10.318487 -3.349365  0.854872 -0.401067 -0.329149  0.000000 0.000000 0
0  0.225326 9.729414 -2.631582  0.854872 -0.401067 -0.329149  0.000000 0.000000 0
0  0.000000 9.419230 -2.838842  0.854872 -0.401067 -0.329149  0.000000 0.000000 0
gold_player
0  0.225326 9.729414 -2.631582  0.854872 -0.457575 -0.244580  0.000000 0.000000 0
0  0.225326 9.291693 -1.812664  0.854872 -0.457575 -0.244580  0.000000 0.000000 0
0  0.000000 8.947033 -1.955427  0.854872 -0.457575 -0.244580  0.000000 0.000000 0
gold_player
0  0.225326 9.291693 -1.812664  0.854873 -0.496497 -0.150610  0.000000 0.000000 0
0  0.225326 9.022147 -0.924090  0.854873 -0.496497 -0.150610  0.000000 0.000000 0
0  0.000000 8.656258 -0.996871  0.854873 -0.496497 -0.150610  0.000000 0.000000 0
gold_player
0  0.225326 9.022147 -0.924090  0.854874 -0.516337 -0.050854  0.000000 0.000000 0
0  0.225325 8.931132 0.000000  0.854874 -0.516337 -0.050854  0.000000 0.000000 0
0  0.000000 8.558072 0.000000  0.854874 -0.516337 -0.050854  0.000000 0.000000 0
gold_player
0  0.225325 8.931132 0.000000  0.854872 -0.516340 0.050855  0.000000 0.000000 0
0  0.225326 9.022147 0.924090  0.854872 -0.516340 0.050855  0.000000 0.000000 0
0  0.000000 8.656258 0.996871  0.854872 -0.516340 0.050855  0.000000 0.000000 0
gold_player
0  0.225326 9.022147 0.924090  0.854872 -0.496498 0.150610  0.000000 0.000000 0
0  0.225326 9.291693 1.812664  0.854872 -0.496498 0.150610  0.000000 0.000000 0
0  0.000000 8.947033 1.955427  0.854872 -0.496498 0.150610  0.000000 0.000000 0
gold_player
0  0.225326 9.291693 1.812664  0.854872 -0.457576 0.244579  0.000000 0.000000 0
0  0.225326 9.729414 2.631582  0.854872 -0.457576 0.244579  0.000000 0.000000 0
0  0.000000 9.419230 2.838842  0.854872 -0.457576 0.244579  0.000000 0.000000 0
gold_player
0  0.225326 9.729414 2.631582  0.854873 -0.401066 0.329148  0.000000 0.000000 0
0  0.225326 10.318487 3.349365  0.854873 -0.401066 0.329148  0.000000 0.000000 0
0  0.000000 10.054694 3.613157  0.854873 -0.401066 0.329148  0.000000 0.000000 0
gold_player
0  0.225326 10.318487 3.349365  0.854872 -0.329148 0.401068  0.000000 0.000000 0
0  0.225326 11.036272 3.938435  0.854872 -0.329148 0.401068  0.000000 0.000000 0
0  0.000000 10.829014 4.248622  0.854872 -0.329148 0.401068  0.000000 0.000000 0
gold_player
0  0.225326 11.036272 3.938435  0.854873 -0.244577 0.457574  0.000000 0.000000 0
0  0.225326 11.855192 4.376155  0.854873 -0.244577 0.457574  0.000000 0.000000 0
0  0.000000 11.712427 4.720817  0.854873 -0.244577 0.457574  0.000000 0.000000 0
gold_player
0  0.225326 11.855192 4.376155  0.854872 -0.150612 0.496498  0.000000 0.000000 0
0  0.225326 12.743763 4.645701  0.854872 -0.150612 0.496498  0.000000 0.000000 0
0  0.000000 12.670982 5.011591  0.854872 -0.150612 0.496498  0.000000 0.000000 0
gold_player
0  0.225326 12.743763 4.645701  0.854872 -0.050855 0.516340  0.000000 0.000000 0
0  0.225326 13.667850 4.736715  0.854872 -0.050855 0.516340  0.000000 0.000000 0
0  0.000000 13.667850 5.109774  0.854872 -0.050855 0.516340  0.000000 0.000000 0
painted_wood_01
0  0.000000 12.923445 6.255380  0.832334 -0.078882 0.548633  0.297613 0.539650 0
0  0.000000 11.153833 6.087034  0.832333 -0.078880 0.548635  0.297613 0.539650 0
0  0.505387 11.426786 5.273464  0.832333 -0.078881 0.548634  0.297613 0.539650 0
painted_wood_01
0  0.000000 11.153833 6.087034  0.860597 -0.208539 0.464634  0.297613 0.539650 0
0  0.000000 10.059043 5.595666  0.860597 -0.208539 0.464634  0.297613 0.539650 0
0  0.505387 10.485473 4.850979  0.860597 -0.208539 0.464634  0.297613 0.539650 0
painted_wood_01
0  0.000000 10.059043 5.595666  0.860597 -0.295178 0.415022  0.297613 0.539650 0
0  0.000000 9.081148 4.900154  0.860597 -0.295178 0.415022  0.297613 0.539650 0
0  0.505387 9.644668 4.252969  0.860597 -0.295178 0.415022  0.297613 0.539650 0
painted_wood_01
0  0.000000 9.081148 4.900154  0.861423 -0.341739 0.375719  0.297613 0.539650 0
0  0.000000 8.452627 4.328477  0.861423 -0.341739 0.375719  0.297613 0.539650 0
0  0.505387 9.059424 3.721681  0.861423 -0.341739 0.375719  0.297613 0.539650 0
painted_wood_01
0  0.000000 8.452627 4.328477  0.860597 -0.393684 0.323088  0.297613 0.539650 0
0  0.000000 7.691356 3.400866  0.860597 -0.393684 0.323088  0.297613 0.539650 0
0  0.505387 8.404872 2.924109  0.860597 -0.393684 0.323088  0.297613 0.539650 0
painted_wood_01
0  0.000000 7.691356 3.400866  0.860597 -0.449151 0.240077  0.297613 0.539650 0
0  0.000000 7.125676 2.342555  0.860597 -0.449151 0.240077  0.297613 0.539650 0
0  0.505387 7.918493 2.014160  0.860597 -0.449151 0.240077  0.297613 0.539650 0
painted_wood_01
0  0.000000 7.125676 2.342555  0.860597 -0.487357 0.147839  0.297613 0.539650 0
0  0.000000 6.777333 1.194227  0.860597 -0.487357 0.147839  0.297613 0.539650 0
0  0.505388 7.618985 1.026812  0.860597 -0.487357 0.147839  0.297613 0.539650 0
painted_wood_01
0  0.000000 6.777333 1.194227  0.862787 -0.502741 0.053384  0.297613 0.539650 0
0  0.009941 6.659712 0.000000  0.862787 -0.502741 0.053384  0.297613 0.539650 0
0  0.505388 7.517852 0.000000  0.862787 -0.502741 0.053384  0.297613 0.539650 0
painted_wood_01
0  0.009941 6.659712 0.000000  0.862774 -0.502762 -0.053396  0.297613 0.539650 0
0  0.000000 6.777333 -1.194227  0.862774 -0.502762 -0.053396  0.297613 0.539650 0
0  0.505388 7.618985 -1.026812  0.862774 -0.502762 -0.053396  0.297613 0.539650 0
painted_wood_01
0  0.000000 6.777333 -1.194227  0.860597 -0.487357 -0.147839  0.297613 0.539650 0
0  0.000000 7.125676 -2.342555  0.860597 -0.487357 -0.147839  0.297613 0.539650 0
0  0.505387 7.918493 -2.014160  0.860597 -0.487357 -0.147839  0.297613 0.539650 0
painted_wood_01
0  0.000000 7.125676 -2.342555  0.860597 -0.449151 -0.240077  0.297613 0.539650 0
0  0.000000 7.691356 -3.400866  0.860597 -0.449151 -0.240077  0.297613 0.539650 0
0  0.505387 8.404872 -2.924109  0.860597 -0.449151 -0.240077  0.297613 0.539650 0
painted_wood_01
0  0.000000 7.691356 -3.400866  0.860597 -0.393684 -0.323088  0.297613 0.539650 0
0  0.000000 8.452627 -4.328477  0.860597 -0.393684 -0.323088  0.297613 0.539650 0
0  0.505387 9.059424 -3.721681  0.860597 -0.393684 -0.323088  0.297613 0.539650 0
painted_wood_01
0  0.000000 8.452627 -4.328477  0.861620 -0.341515 -0.375472  0.297613 0.539650 0
0  0.000000 9.081148 -4.900154  0.861620 -0.341515 -0.375472  0.297613 0.539650 0
0  0.505387 9.644668 -4.252969  0.861620 -0.341515 -0.375472  0.297613 0.539650 0
painted_wood_01
0  0.000000 9.081148 -4.900154  0.860597 -0.295178 -0.415022  0.297613 0.539650 0
0  0.000000 10.059043 -5.595666  0.860597 -0.295178 -0.415022  0.297613 0.539650 0
0  0.505387 10.485473 -4.850979  0.860597 -0.295178 -0.415022  0.297613 0.539650 0
painted_wood_01
0  0.000000 10.059043 -5.595666  0.860596 -0.208539 -0.464635  0.297613 0.539650 0
0  0.000000 11.153833 -6.087034  0.860596 -0.208539 -0.464635  0.297613 0.539650 0
0  0.505387 11.426786 -5.273464  0.860596 -0.208539 -0.464635  0.297613 0.539650 0
painted_wood_01
0  0.000000 11.153833 -6.087034  0.832323 -0.078888 -0.548648  0.297613 0.539650 0
0  0.000000 12.923445 -6.255380  0.832323 -0.078889 -0.548649  0.297613 0.539650 0
0  0.505387 12.432436 -5.504190  0.832323 -0.078887 -0.548648  0.297613 0.539650 0
gold_player
0  0.225326 9.022147 0.924090  -0.006967 0.995160 -0.098016  0.000000 0.000000 0
0  0.225325 8.931132 0.000000  -0.006967 0.995160 -0.098016  0.000000 0.000000 0
0  0.000000 8.929555 0.000000  -0.006967 0.995160 -0.098016  0.000000 0.000000 0
gold_player
0  0.225326 9.291693 1.812664  -0.006960 0.956917 -0.290278  0.000000 0.000000 0
0  0.225326 9.022147 0.924090  -0.006960 0.956917 -0.290278  0.000000 0.000000 0
0  0.000000 9.020600 0.924394  -0.006960 0.956917 -0.290278  0.000000 0.000000 0
gold_player
0  0.225326 9.729414 2.631582  -0.006958 0.881899 -0.471386  0.000000 0.000000 0
0  0.225326 9.291693 1.812664  -0.006958 0.881899 -0.471386  0.000000 0.000000 0
0  0.000000 9.290237 1.813267  -0.006958 0.881899 -0.471386  0.000000 0.000000 0
gold_player
0  0.225326 10.318487 3.349365  -0.006956 0.772990 -0.634380  0.000000 0.000000 0
0  0.225326 9.729414 2.631582  -0.006956 0.772990 -0.634380  0.000000 0.000000 0
0  0.000000 9.728102 2.632453  -0.006956 0.772990 -0.634380  0.000000 0.000000 0
gold_player
0  0.225326 11.036272 3.938435  -0.006963 0.634378 -0.772992  0.000000 0.000000 0
0  0.225326 10.318487 3.349365  -0.006963 0.634378 -0.772992  0.000000 0.000000 0
0  0.000000 10.317369 3.350477  -0.006963 0.634378 -0.772992  0.000000 0.000000 0
gold_player
0  0.225326 11.855192 4.376155  -0.006959 0.471384 -0.881900  0.000000 0.000000 0
0  0.225326 11.036272 3.938435  -0.006959 0.471384 -0.881900  0.000000 0.000000 0
0  0.000000 11.035397 3.939746  -0.006959 0.471384 -0.881900  0.000000 0.000000 0
gold_player
0  0.225326 12.743763 4.645701  -0.006970 0.290279 -0.956917  0.000000 0.000000 0
0  0.225326 11.855192 4.376155  -0.006970 0.290279 -0.956917  0.000000 0.000000 0
0  0.000000 11.854580 4.377610  -0.006970 0.290279 -0.956917  0.000000 0.000000 0
gold_player
0  0.225326 13.667850 4.736715  -0.006967 0.098015 -0.995161  0.000000 0.000000 0
0  0.225326 12.743763 4.645701  -0.006967 0.098015 -0.995161  0.000000 0.000000 0
0  0.000000 12.743452 4.647247  -0.006967 0.098015 -0.995161  0.000000 0.000000 0
gold_player
0  0.225326 14.591939 4.645701  -0.006965 -0.098014 -0.995161  0.000000 0.000000 0
0  0.225326 13.667850 4.736715  -0.006965 -0.098014 -0.995161  0.000000 0.000000 0
0  0.000000 13.667849 4.738292  -0.006965 -0.098014 -0.995161  0.000000 0.000000 0
gold_player
0  0.225327 15.480515 4.376153  -0.006959 -0.290278 -0.956917  0.000000 0.000000 0
0  0.225326 14.591939 4.645701  -0.006959 -0.290278 -0.956917  0.000000 0.000000 0
0  0.000000 14.592244 4.647247  -0.006959 -0.290278 -0.956917  0.000000 0.000000 0
gold_player
0  0.225327 16.299431 3.938434  -0.006959 -0.471386 -0.881899  0.000000 0.000000 0
0  0.225327 15.480515 4.376153  -0.006959 -0.471386 -0.881899  0.000000 0.000000 0
0  0.000000 15.481114 4.377611  -0.006959 -0.471386 -0.881899  0.000000 0.000000 0
gold_player
0  0.225327 17.017216 3.349365  -0.006957 -0.634378 -0.772992  0.000000 0.000000 0
0  0.225327 16.299431 3.938434  -0.006957 -0.634378 -0.772992  0.000000 0.000000 0
0  0.000000 16.300304 3.939746  -0.006957 -0.634378 -0.772992  0.000000 0.000000 0
gold_player
0  0.225327 17.606289 2.631577  -0.006957 -0.772992 -0.634377  0.000000 0.000000 0
0  0.225327 17.017216 3.349365  -0.006957 -0.772992 -0.634377  0.000000 0.000000 0
0  0.000000 17.018330 3.350478  -0.006957 -0.772992 -0.634377  0.000000 0.000000 0
gold_player
0  0.225327 18.044006 1.812662  -0.006955 -0.881899 -0.471386  0.000000 0.000000 0
0  0.225327 17.606289 2.631577  -0.006955 -0.881899 -0.471386  0.000000 0.000000 0
0  0.000000 17.607597 2.632453  -0.006955 -0.881899 -0.471386  0.000000 0.000000 0
gold_player
0  0.225327 18.313549 0.924087  -0.006951 -0.956918 -0.290276  0.000000 0.000000 0
0  0.225327 18.044006 1.812662  -0.006951 -0.956918 -0.290276  0.000000 0.000000 0
0  0.000000 18.045460 1.813267  -0.006951 -0.956918 -0.290276  0.000000 0.000000 0
gold_player
0  0.225327 18.404568 0.000000  -0.006975 -0.995160 -0.098018  0.000000 0.000000 0
0  0.225327 18.313549 0.924087  -0.006975 -0.995160 -0.098018  0.000000 0.000000 0
0  0.000000 18.315098 0.924396  -0.006975 -0.995160 -0.098018  0.000000 0.000000 0
gold_player
0  0.225327 18.313549 -0.924087  -0.006958 -0.995160 0.098018  0.000000 0.000000 0
0  0.225327 18.404568 0.000000  -0.006958 -0.995160 0.098018  0.000000 0.000000 0
0  0.000000 18.406143 0.000000  -0.006958 -0.995160 0.098018  0.000000 0.000000 0
gold_player
0  0.225327 18.044006 -1.812662  -0.006975 -0.956918 0.290276  0.000000 0.000000 0
0  0.225327 18.313549 -0.924087  -0.006975 -0.956918 0.290276  0.000000 0.000000 0
0  0.000000 18.315098 -0.924396  -0.006975 -0.956918 0.290276  0.000000 0.000000 0
gold_player
0  0.225327 17.606289 -2.631577  -0.006952 -0.881901 0.471383  0.000000 0.000000 0
0  0.225327 18.044006 -1.812662  -0.006952 -0.881901 0.471383  0.000000 0.000000 0
0  0.000000 18.045460 -1.813267  -0.006952 -0.881901 0.471383  0.000000 0.000000 0
gold_player
0  0.225327 17.017216 -3.349365  -0.006959 -0.772992 0.634377  0.000000 0.000000 0
0  0.225327 17.606289 -2.631577  -0.006959 -0.772992 0.634377  0.000000 0.000000 0
0  0.000000 17.607597 -2.632453  -0.006959 -0.772992 0.634377  0.000000 0.000000 0
gold_player
0  0.225327 16.299431 -3.938434  -0.006956 -0.634377 0.772993  0.000000 0.000000 0
0  0.225327 17.017216 -3.349365  -0.006956 -0.634377 0.772993  0.000000 0.000000 0
0  0.000000 17.018330 -3.350478  -0.006956 -0.634377 0.772993  0.000000 0.000000 0
gold_player
0  0.225327 15.480515 -4.376153  -0.006958 -0.471384 0.881901  0.000000 0.000000 0
0  0.225327 16.299431 -3.938434  -0.006958 -0.471384 0.881901  0.000000 0.000000 0
0  0.000000 16.300304 -3.939746  -0.006958 -0.471384 0.881901  0.000000 0.000000 0
gold_player
0  0.225326 14.591939 -4.645701  -0.006958 -0.290278 0.956917  0.000000 0.000000 0
0  0.225327 15.480515 -4.376153  -0.006958 -0.290278 0.956917  0.000000 0.000000 0
0  0.000000 15.481114 -4.377611  -0.006958 -0.290278 0.956917  0.000000 0.000000 0
gold_player
0  0.225326 13.667850 -4.736715  -0.006966 -0.098014 0.995161  0.000000 0.000000 0
0  0.225326 14.591939 -4.645701  -0.006966 -0.098014 0.995161  0.000000 0.000000 0
0  0.000000 14.592244 -4.647247  -0.006966 -0.098014 0.995161  0.000000 0.000000 0
gold_player
0  0.225326 12.743763 -4.645701  -0.006964 0.098014 0.995161  0.000000 0.000000 0
0  0.225326 13.667850 -4.736715  -0.006964 0.098014 0.995161  0.000000 0.000000 0
0  0.000000 13.667849 -4.738292  -0.006964 0.098014 0.995161  0.000000 0.000000 0
gold_player
0  0.225326 11.855192 -4.376155  -0.006967 0.290278 0.956917  0.000000 0.000000 0
0  0.225326 12.743763 -4.645701  -0.006967 0.290278 0.956917  0.000000 0.000000 0
0  0.000000 12.743452 -4.647247  -0.006967 0.290278 0.956917  0.000000 0.000000 0
gold_player
0  0.225326 11.036272 -3.938435  -0.006976 0.471383 0.881901  0.000000 0.000000 0
0  0.225326 11.855192 -4.376155  -0.006976 0.471383 0.881901  0.000000 0.000000 0
0  0.000000 11.854580 -4.377610  -0.006976 0.471383 0.881901  0.000000 0.000000 0
gold_player
0  0.225326 10.318487 -3.349365  -0.006961 0.634376 0.772993  0.000000 0.000000 0
0  0.225326 11.036272 -3.938435  -0.006961 0.634376 0.772993  0.000000 0.000000 0
0  0.000000 11.035397 -3.939746  -0.006961 0.634376 0.772993  0.000000 0.000000 0
gold_player
0  0.225326 9.729414 -2.631582  -0.006968 0.772989 0.634381  0.000000 0.000000 0
0  0.225326 10.318487 -3.349365  -0.006968 0.772989 0.634381  0.000000 0.000000 0
0  0.000000 10.317369 -3.350477  -0.006968 0.772989 0.634381  0.000000 0.000000 0
gold_player
0  0.225326 9.291693 -1.812664  -0.006960 0.881900 0.471385  0.000000 0.000000 0
0  0.225326 9.729414 -2.631582  -0.006960 0.881900 0.471385  0.000000 0.000000 0
0  0.000000 9.728102 -2.632453  -0.006960 0.881900 0.471385  0.000000 0.000000 0
gold_player
0  0.225326 9.022147 -0.924090  -0.006958 0.956918 0.290276  0.000000 0.000000 0
0  0.225326 9.291693 -1.812664  -0.006958 0.956918 0.290276  0.000000 0.000000 0
0  0.000000 9.290237 -1.813267  -0.006958 0.956918 0.290276  0.000000 0.000000 0
gold_player
0  0.225325 8.931132 0.000000  -0.006964 0.995161 0.098016  0.000000 0.000000 0
0  0.225326 9.022147 -0.924090  -0.006964 0.995161 0.098016  0.000000 0.000000 0
0  0.000000 9.020600 -0.924394  -0.006964 0.995161 0.098016  0.000000 0.000000 0
c_invasion_wrangler_laser
0  0.548739 9.209102 0.000000  -0.057140 0.993559 0.097855  0.076153 0.372877 0
0  0.548739 9.294775 -0.869857  -0.057140 0.993559 0.097855  0.085992 0.365902 0
0  0.000000 9.263824 -0.876018  -0.057140 0.993559 0.097855  0.089509 0.372129 0
c_invasion_wrangler_laser
0  0.548739 9.294775 0.869857  -0.057143 0.993559 -0.097857  0.067625 0.381425 0
0  0.548739 9.209102 0.000000  -0.057143 0.993559 -0.097857  0.076153 0.372877 0
0  0.000000 9.177542 0.000000  -0.057143 0.993559 -0.097857  0.080623 0.378167 0
c_invasion_wrangler_laser
0  0.548739 9.548505 1.706289  -0.057142 0.955376 -0.289812  0.060854 0.391620 0
0  0.548739 9.294775 0.869857  -0.057142 0.955376 -0.289812  0.067625 0.381425 0
0  0.000000 9.263824 0.876018  -0.057142 0.955376 -0.289812  0.073218 0.385949 0
c_invasion_wrangler_laser
0  0.548739 9.960536 2.477146  -0.057143 0.880480 -0.470627  0.056132 0.403006 0
0  0.548739 9.548505 1.706289  -0.057143 0.880480 -0.470627  0.060854 0.391620 0
0  0.000000 9.519347 1.718367  -0.057143 0.880480 -0.470627  0.067282 0.395057 0
c_invasion_wrangler_laser
0  0.548739 10.515038 3.152808  -0.057141 0.771748 -0.633357  0.053669 0.415145 0
0  0.548739 9.960536 2.477146  -0.057141 0.771748 -0.633357  0.056132 0.403006 0
0  0.000000 9.934299 2.494684  -0.057141 0.771748 -0.633357  0.063138 0.405172 0
c_invasion_wrangler_laser
0  0.548739 11.190701 3.707312  -0.057142 0.633358 -0.771747  0.053668 0.427534 0
0  0.548739 10.515038 3.152808  -0.057142 0.633358 -0.771747  0.053669 0.415145 0
0  0.000000 10.492725 3.175127  -0.057142 0.633358 -0.771747  0.060995 0.415916 0
c_invasion_wrangler_laser
0  0.548739 11.961559 4.119343  -0.057138 0.470626 -0.880481  0.055987 0.439690 0
0  0.548739 11.190701 3.707312  -0.057138 0.470626 -0.880481  0.053668 0.427534 0
0  0.000000 11.173172 3.733553  -0.057138 0.470626 -0.880481  0.060982 0.426884 0
c_invasion_wrangler_laser
0  0.548739 12.797991 4.373073  -0.057145 0.289811 -0.955376  0.060627 0.451188 0
0  0.548739 11.961559 4.119343  -0.057145 0.289811 -0.955376  0.055987 0.439690 0
0  0.000000 11.949486 4.148503  -0.057145 0.289811 -0.955376  0.063051 0.437646 0
c_invasion_wrangler_laser
0  0.548739 13.667849 4.458746  -0.057143 0.097857 -0.993559  0.067464 0.461500 0
0  0.548739 12.797991 4.373073  -0.057143 0.097857 -0.993559  0.060627 0.451188 0
0  0.000000 12.791836 4.404026  -0.057143 0.097857 -0.993559  0.067163 0.447793 0
c_invasion_wrangler_laser
0  0.548739 14.537707 4.373072  -0.057145 -0.097857 -0.993558  0.076113 0.470315 0
0  0.548739 13.667849 4.458746  -0.057145 -0.097857 -0.993558  0.067464 0.461500 0
0  0.000000 13.667850 4.490306  -0.057145 -0.097857 -0.993558  0.073184 0.456924 0
c_invasion_wrangler_laser
0  0.548739 15.374139 4.119344  -0.057146 -0.289810 -0.955377  0.086345 0.477196 0
0  0.548739 14.537707 4.373072  -0.057146 -0.289810 -0.955377  0.076113 0.470315 0
0  0.000000 14.543868 4.404026  -0.057146 -0.289810 -0.955377  0.080834 0.464697 0
c_invasion_wrangler_laser
0  0.548739 16.144997 3.707312  -0.057143 -0.470626 -0.880480  0.097677 0.481981 0
0  0.548739 15.374139 4.119344  -0.057143 -0.470626 -0.880480  0.086345 0.477196 0
0  0.000000 15.386218 4.148501  -0.057143 -0.470626 -0.880480  0.089857 0.470797 0
c_invasion_wrangler_laser
0  0.548739 16.820660 3.152809  -0.057145 -0.633356 -0.771748  0.109757 0.484444 0
0  0.548739 16.144997 3.707312  -0.057145 -0.633356 -0.771748  0.097677 0.481981 0
0  0.000000 16.162533 3.733552  -0.057145 -0.633356 -0.771748  0.099870 0.475010 0
c_invasion_wrangler_laser
0  0.548739 17.375164 2.477146  -0.057149 -0.771747 -0.633357  0.122093 0.484403 0
0  0.548739 16.820660 3.152809  -0.057149 -0.771747 -0.633357  0.109757 0.484444 0
0  0.000000 16.842979 3.175126  -0.057149 -0.771747 -0.633357  0.110515 0.477153 0
c_invasion_wrangler_laser
0  0.548739 17.787193 1.706289  -0.057142 -0.880481 -0.470625  0.134211 0.481969 0
0  0.548739 17.375164 2.477146  -0.057142 -0.880481 -0.470625  0.122093 0.484403 0
0  0.000000 17.401405 2.494679  -0.057142 -0.880481 -0.470625  0.121388 0.477116 0
c_invasion_wrangler_laser
0  0.548739 18.040920 0.869859  -0.057146 -0.955376 -0.289810  0.145703 0.477132 0
0  0.548739 17.787193 1.706289  -0.057146 -0.955376 -0.289810  0.134211 0.481969 0
0  0.000000 17.816353 1.718366  -0.057146 -0.955376 -0.289810  0.132048 0.474912 0
c_invasion_wrangler_laser
0  0.548739 18.126595 0.000000  -0.057148 -0.993558 -0.097861  0.156101 0.470048 0
0  0.548739 18.040920 0.869859  -0.057148 -0.993558 -0.097861  0.145703 0.477132 0
0  0.000000 18.071877 0.876015  -0.057148 -0.993558 -0.097861  0.142096 0.470571 0
c_invasion_wrangler_laser
0  0.548739 18.040920 -0.869859  -0.057148 -0.993558 0.097861  0.164611 0.460825 0
0  0.548739 18.126595 0.000000  -0.057148 -0.993558 0.097861  0.156101 0.470048 0
0  0.000000 18.158157 0.000000  -0.057148 -0.993558 0.097861  0.151104 0.464231 0
c_invasion_wrangler_laser
0  0.548739 17.787193 -1.706289  -0.057147 -0.955377 0.289807  0.171090 0.450196 0
0  0.548739 18.040920 -0.869859  -0.057147 -0.955377 0.289807  0.164611 0.460825 0
0  0.000000 18.071877 -0.876015  -0.057147 -0.955377 0.289807  0.158663 0.456294 0
c_invasion_wrangler_laser
0  0.548739 17.375164 -2.477146  -0.057145 -0.880482 0.470622  0.175322 0.438573 0
0  0.548739 17.787193 -1.706289  -0.057145 -0.880482 0.470622  0.171090 0.450196 0
0  0.000000 17.816353 -1.718366  -0.057145 -0.880482 0.470622  0.164442 0.447007 0
c_invasion_wrangler_laser
0  0.548739 16.820660 -3.152809  -0.057142 -0.771747 0.633357  0.177328 0.426351 0
0  0.548739 17.375164 -2.477146  -0.057142 -0.771747 0.633357  0.175322 0.438573 0
0  0.000000 17.401405 -2.494679  -0.057142 -0.771747 0.633357  0.168218 0.436772 0
c_invasion_wrangler_laser
0  0.548739 16.144997 -3.707312  -0.057149 -0.633356 0.771748  0.177142 0.413872 0
0  0.548739 16.820660 -3.152809  -0.057149 -0.633356 0.771748  0.177328 0.426351 0
0  0.000000 16.842979 -3.175126  -0.057149 -0.633356 0.771748  0.169844 0.425859 0
c_invasion_wrangler_laser
0  0.548739 15.374139 -4.119344  -0.057143 -0.470626 0.880480  0.174684 0.401747 0
0  0.548739 16.144997 -3.707312  -0.057143 -0.470626 0.880480  0.177142 0.413872 0
0  0.000000 16.162533 -3.733552  -0.057143 -0.470626 0.880480  0.169796 0.414676 0
c_invasion_wrangler_laser
0  0.548739 14.537707 -4.373072  -0.057145 -0.289810 0.955377  0.170036 0.390333 0
0  0.548739 15.374139 -4.119344  -0.057145 -0.289810 0.955377  0.174684 0.401747 0
0  0.000000 15.386218 -4.148501  -0.057145 -0.289810 0.955377  0.167688 0.403885 0
c_invasion_wrangler_laser
0  0.548739 13.667849 -4.458746  -0.057145 -0.097857 0.993558  0.163204 0.380109 0
0  0.548739 14.537707 -4.373072  -0.057145 -0.097857 0.993558  0.170036 0.390333 0
0  0.000000 14.543868 -4.404026  -0.057145 -0.097857 0.993558  0.163587 0.393786 0
c_invasion_wrangler_laser
0  0.548739 12.797991 -4.373073  -0.057143 0.097857 0.993559  0.154530 0.371472 0
0  0.548739 13.667849 -4.458746  -0.057143 0.097857 0.993559  0.163204 0.380109 0
0  0.000000 13.667850 -4.490306  -0.057143 0.097857 0.993559  0.157601 0.384747 0
c_invasion_wrangler_laser
0  0.548739 11.961559 -4.119343  -0.057140 0.289811 0.955377  0.144339 0.364761 0
0  0.548739 12.797991 -4.373073  -0.057140 0.289811 0.955377  0.154530 0.371472 0
0  0.000000 12.791836 -4.404026  -0.057140 0.289811 0.955377  0.149975 0.377110 0
c_invasion_wrangler_laser
0  0.548739 11.190701 -3.707312  -0.057143 0.470626 0.880481  0.133060 0.360241 0
0  0.548739 11.961559 -4.119343  -0.057143 0.470626 0.880481  0.144339 0.364761 0
0  0.000000 11.949486 -4.148503  -0.057143 0.470626 0.880481  0.141012 0.371171 0
c_invasion_wrangler_laser
0  0.548739 10.515038 -3.152808  -0.057138 0.633358 0.771747  0.121111 0.358026 0
0  0.548739 11.190701 -3.707312  -0.057138 0.633358 0.771747  0.133060 0.360241 0
0  0.000000 11.173172 -3.733553  -0.057138 0.633358 0.771747  0.131093 0.367159 0
c_invasion_wrangler_laser
0  0.548739 9.960536 -2.477146  -0.057141 0.771749 0.633355  0.108950 0.358304 0
0  0.548739 10.515038 -3.152808  -0.057141 0.771749 0.633355  0.121111 0.358026 0
0  0.000000 10.492725 -3.175127  -0.057141 0.771749 0.633355  0.120568 0.365224 0
c_invasion_wrangler_laser
0  0.548739 9.548505 -1.706289  -0.057139 0.880480 0.470627  0.097100 0.360980 0
0  0.548739 9.960536 -2.477146  -0.057139 0.880480 0.470627  0.108950 0.358304 0
0  0.000000 9.934299 -2.494684  -0.057139 0.880480 0.470627  0.109865 0.365446 0
c_invasion_wrangler_laser
0  0.548739 9.294775 -0.869857  -0.057143 0.955376 0.289812  0.085992 0.365902 0
0  0.548739 9.548505 -1.706289  -0.057143 0.955376 0.289812  0.097100 0.360980 0
0  0.000000 9.519347 -1.718367  -0.057143 0.955376 0.289812  0.099397 0.367814 0
painted_wood_01
0  0.505388 7.618985 -1.026812  0.006486 0.956920 0.290279  0.297613 0.539650 0
0  0.505387 7.918493 -2.014160  0.006486 0.956920 0.290279  0.297613 0.539650 0
0  0.000000 7.930435 -2.042234  0.006486 0.956920 0.290279  0.297613 0.539650 0
painted_wood_01
0  0.505387 7.918493 -2.014160  -0.005348 0.881908 0.471390  0.297613 0.539650 0
0  0.505387 8.404872 -2.924109  -0.005348 0.881908 0.471390  0.297613 0.539650 0
0  0.000000 8.423593 -2.964867  -0.005348 0.881908 0.471390  0.297613 0.539650 0
painted_wood_01
0  0.505387 8.404872 -2.924109  -0.022524 0.772813 0.634234  0.297613 0.539650 0
0  0.505387 9.059424 -3.721681  -0.022524 0.772813 0.634234  0.297613 0.539650 0
0  0.000000 9.087268 -3.773557  -0.022524 0.772813 0.634234  0.297613 0.539650 0
painted_wood_01
0  0.505387 9.059424 -3.721681  -0.039697 0.671927 0.739553  0.297613 0.539650 0
0  0.505387 9.644668 -4.252969  -0.039697 0.671926 0.739553  0.297613 0.539650 0
0  0.000000 9.635210 -4.271944  -0.039697 0.671927 0.739553  0.297613 0.539650 0
painted_wood_01
0  0.505387 9.644668 -4.252969  -0.041404 0.579094 0.814209  0.297613 0.539650 0
0  0.505387 10.485473 -4.850979  -0.041404 0.579094 0.814209  0.297613 0.539650 0
0  0.000000 10.487738 -4.878289  -0.041404 0.579094 0.814209  0.297613 0.539650 0
painted_wood_01
0  0.000000 11.442171 -5.306663  -0.052932 0.221254 0.973779  0.297613 0.539650 0
0  0.505387 11.426786 -5.273464  -0.052932 0.221254 0.973779  0.297613 0.539650 0
0  0.505387 12.432436 -5.504190  -0.052932 0.221253 0.973779  0.297613 0.539650 0
painted_wood_01
0  0.505387 10.485473 -4.850979  -0.047411 0.409012 0.911297  0.297613 0.539650 0
0  0.505387 11.426786 -5.273464  -0.047411 0.409012 0.911297  0.297613 0.539650 0
0  0.000000 11.442171 -5.306663  -0.047411 0.409012 0.911297  0.297613 0.539650 0
painted_wood_01
0  0.505388 7.517852 0.000000  0.012517 0.995107 0.098011  0.297613 0.539650 0
0  0.505388 7.618985 -1.026812  0.012517 0.995107 0.098011  0.297613 0.539650 0
0  0.000000 7.626752 -1.041124  0.012517 0.995107 0.098011  0.297613 0.539650 0
painted_wood_01
0  0.505388 7.618985 1.026812  0.012515 0.995107 -0.098011  0.297613 0.539650 0
0  0.505388 7.517852 0.000000  0.012515 0.995107 -0.098011  0.297613 0.539650 0
0  0.000000 7.524208 0.000000  0.012515 0.995107 -0.098011  0.297613 0.539650 0
painted_wood_01
0  0.505387 7.918493 2.014160  0.006485 0.956920 -0.290278  0.297613 0.539650 0
0  0.505388 7.618985 1.026812  0.006485 0.956920 -0.290278  0.297613 0.539650 0
0  0.000000 7.626752 1.041124  0.006485 0.956920 -0.290278  0.297613 0.539650 0
painted_wood_01
0  0.505387 8.404872 2.924109  -0.005347 0.881908 -0.471390  0.297613 0.539650 0
0  0.505387 7.918493 2.014160  -0.005347 0.881908 -0.471390  0.297613 0.539650 0
0  0.000000 7.930435 2.042234  -0.005347 0.881908 -0.471390  0.297613 0.539650 0
painted_wood_01
0  0.505387 9.059424 3.721681  -0.022523 0.772813 -0.634234  0.297613 0.539650 0
0  0.505387 8.404872 2.924109  -0.022523 0.772813 -0.634234  0.297613 0.539650 0
0  0.000000 8.423593 2.964867  -0.022523 0.772813 -0.634234  0.297613 0.539650 0
painted_wood_01
0  0.505387 9.644668 4.252969  -0.039570 0.671947 -0.739541  0.297613 0.539650 0
0  0.505387 9.059424 3.721681  -0.039570 0.671947 -0.739541  0.297613 0.539650 0
0  0.000000 9.087268 3.773557  -0.039570 0.671947 -0.739541  0.297613 0.539650 0
painted_wood_01
0  0.505387 10.485473 4.850979  -0.041408 0.579094 -0.814209  0.297613 0.539650 0
0  0.505387 9.644668 4.252969  -0.041408 0.579094 -0.814209  0.297613 0.539650 0
0  0.000000 9.635210 4.271944  -0.041408 0.579094 -0.814209  0.297613 0.539650 0
painted_wood_01
0  0.505387 11.426786 5.273464  -0.047410 0.409012 -0.911296  0.297613 0.539650 0
0  0.505387 10.485473 4.850979  -0.047410 0.409012 -0.911296  0.297613 0.539650 0
0  0.000000 10.487738 4.878289  -0.047410 0.409012 -0.911296  0.297613 0.539650 0
painted_wood_01
0  0.000000 13.361835 5.740606  -0.052923 0.221259 -0.973778  0.297613 0.539650 0
0  0.505387 12.432436 5.504190  -0.052923 0.221258 -0.973778  0.297613 0.539650 0
0  0.505387 11.426786 5.273464  -0.052923 0.221257 -0.973778  0.297613 0.539650 0
gold_player
0  0.000000 7.460647 0.471976  0.639739 -0.156326 0.752527  0.000000 0.000000 0
0  0.102019 7.460647 0.462907  0.639738 -0.156328 0.752527  0.000000 0.000000 0
0  0.900303 9.634595 0.158238  0.639746 -0.156308 0.752525  0.000000 0.000000 0
gold_player
0  0.102019 7.460647 -0.462907  0.639700 -0.156323 -0.752560  0.000000 0.000000 0
0  0.000000 7.460647 -0.471976  0.639701 -0.156344 -0.752555  0.000000 0.000000 0
0  0.000000 9.634596 -1.001162  0.639698 -0.156282 -0.752570  0.000000 0.000000 0
painted_wood_01
0  0.102019 7.460647 0.462907  0.290175 0.027507 0.956578  0.297613 0.539650 0
0  0.190558 7.460647 0.436049  0.290175 0.027507 0.956578  0.297613 0.539650 0
0  0.930568 9.634595 0.149057  0.290175 0.027507 0.956578  0.297613 0.539650 0
painted_wood_01
0  0.190558 7.460647 0.436049  0.470942 -0.043994 0.881066  0.297613 0.539650 0
0  0.272157 7.460647 0.392434  0.470942 -0.043994 0.881066  0.297613 0.539650 0
0  0.958461 9.634595 0.134147  0.470942 -0.043994 0.881066  0.297613 0.539650 0
painted_wood_01
0  0.272157 7.460647 0.392434  0.630695 -0.107801 0.768507  0.297613 0.539650 0
0  0.343678 7.460647 0.333738  0.630695 -0.107801 0.768507  0.297613 0.539650 0
0  0.982910 9.634595 0.114083  0.630695 -0.107801 0.768507  0.297613 0.539650 0
painted_wood_01
0  0.343678 7.460647 0.333738  0.762918 -0.161068 0.626110  0.297613 0.539650 0
0  0.402375 7.460647 0.262216  0.762918 -0.161068 0.626110  0.297613 0.539650 0
0  1.002975 9.634595 0.089634  0.762918 -0.161068 0.626110  0.297613 0.539650 0
painted_wood_01
0  0.402375 7.460647 0.262216  0.863747 -0.201978 0.461677  0.297613 0.539650 0
0  0.445990 7.460647 0.180618  0.863747 -0.201978 0.461677  0.297613 0.539650 0
0  1.017884 9.634595 0.061741  0.863747 -0.201978 0.461677  0.297613 0.539650 0
painted_wood_01
0  0.445990 7.460647 0.180618  0.931383 -0.229566 0.282534  0.297613 0.539650 0
0  0.472848 7.460647 0.092078  0.931383 -0.229566 0.282534  0.297613 0.539650 0
0  1.027064 9.634595 0.031476  0.931383 -0.229566 0.282534  0.297613 0.539650 0
painted_wood_01
0  0.472848 7.460647 0.092078  0.965249 -0.243426 0.095069  0.297613 0.539650 0
0  0.481917 7.460647 0.000000  0.965249 -0.243426 0.095069  0.297613 0.539650 0
0  1.030165 9.634595 0.000000  0.965249 -0.243426 0.095069  0.297613 0.539650 0
painted_wood_01
0  0.481917 7.460647 0.000000  0.965249 -0.243426 -0.095073  0.297613 0.539650 0
0  0.472848 7.460647 -0.092078  0.965249 -0.243426 -0.095073  0.297613 0.539650 0
0  1.027064 9.634595 -0.031476  0.965249 -0.243426 -0.095073  0.297613 0.539650 0
painted_wood_01
0  0.472848 7.460647 -0.092078  0.931382 -0.229566 -0.282538  0.297613 0.539650 0
0  0.445990 7.460647 -0.180618  0.931382 -0.229566 -0.282538  0.297613 0.539650 0
0  1.017884 9.634595 -0.061741  0.931382 -0.229566 -0.282538  0.297613 0.539650 0
painted_wood_01
0  0.445990 7.460647 -0.180618  0.863747 -0.201978 -0.461677  0.297613 0.539650 0
0  0.402375 7.460647 -0.262216  0.863747 -0.201978 -0.461677  0.297613 0.539650 0
0  1.002975 9.634595 -0.089634  0.863747 -0.201978 -0.461677  0.297613 0.539650 0
painted_wood_01
0  0.402375 7.460647 -0.262216  0.762920 -0.161068 -0.626107  0.297613 0.539650 0
0  0.343678 7.460647 -0.333738  0.762920 -0.161068 -0.626107  0.297613 0.539650 0
0  0.982910 9.634595 -0.114083  0.762920 -0.161068 -0.626107  0.297613 0.539650 0
painted_wood_01
0  0.343678 7.460647 -0.333738  0.630694 -0.107801 -0.768508  0.297613 0.539650 0
0  0.272157 7.460647 -0.392434  0.630694 -0.107801 -0.768508  0.297613 0.539650 0
0  0.958461 9.634595 -0.134147  0.630694 -0.107801 -0.768508  0.297613 0.539650 0
painted_wood_01
0  0.272157 7.460647 -0.392434  0.470940 -0.043994 -0.881067  0.297613 0.539650 0
0  0.190558 7.460647 -0.436049  0.470940 -0.043994 -0.881067  0.297613 0.539650 0
0  0.930568 9.634595 -0.149057  0.470940 -0.043994 -0.881067  0.297613 0.539650 0
painted_wood_01
0  0.190558 7.460647 -0.436049  0.290176 0.027507 -0.956578  0.297613 0.539650 0
0  0.102019 7.460647 -0.462907  0.290176 0.027507 -0.956578  0.297613 0.539650 0
0  0.900303 9.634595 -0.158238  0.290176 0.027507 -0.956578  0.297613 0.539650 0
painted_wood_01
0  1.199134 14.783431 0.794594  0.875196 0.123256 0.467803  0.297613 0.539650 0
0  1.331302 14.783431 0.547326  0.875196 0.123256 0.467803  0.297613 0.539650 0
0  1.261969 15.683431 0.439907  0.875196 0.123256 0.467803  0.297613 0.539650 0
painted_wood_01
0  1.331302 14.783431 -0.547326  0.875196 0.123256 -0.467804  0.297613 0.539650 0
0  1.199134 14.783431 -0.794594  0.875196 0.123256 -0.467804  0.297613 0.539650 0
0  1.155741 15.683431 -0.638646  0.875196 0.123256 -0.467804  0.297613 0.539650 0
painted_wood_01
0  0.288965 14.783431 -1.402750  0.107638 0.271053 -0.956527  0.297613 0.539650 0
0  0.000000 14.783431 -1.430231  0.107638 0.271054 -0.956527  0.297613 0.539650 0
0  0.000000 15.683431 -1.180231  0.107638 0.271052 -0.956527  0.297613 0.539650 0
painted_wood_01
0  0.804534 14.783431 1.189194  0.624740 0.173774 0.761250  0.297613 0.539650 0
0  1.021267 14.783431 1.011326  0.624740 0.173774 0.761250  0.297613 0.539650 0
0  1.012782 15.683431 0.812842  0.624740 0.173774 0.761250  0.297613 0.539650 0
c_invasion_wrangler_laser
0  1.412690 14.783431 0.279024  0.990217 0.099792 0.097530  0.210276 0.373453 0
0  1.440172 14.783431 0.000000  0.990217 0.099792 0.097530  0.206268 0.373524 0
0  1.349472 15.683431 0.000000  0.990217 0.099792 0.097530  0.206272 0.361201 0
painted_wood_01
0  0.804534 14.783431 -1.189194  0.461253 0.206332 -0.862944  0.297613 0.539650 0
0  0.557266 14.783431 -1.321361  0.461253 0.206332 -0.862944  0.297613 0.539650 0
0  0.639846 15.683431 -1.062030  0.461253 0.206332 -0.862944  0.297613 0.539650 0
painted_wood_01
0  0.288965 14.783431 1.402750  0.281677 0.241716 0.928564  0.297613 0.539650 0
0  0.557266 14.783431 1.321361  0.281677 0.241716 0.928564  0.297613 0.539650 0
0  0.639846 15.683431 1.062030  0.281677 0.241716 0.928564  0.297613 0.539650 0
painted_wood_01
0  1.199134 14.783431 -0.794594  0.764770 0.145626 -0.627630  0.297613 0.539650 0
0  1.021267 14.783431 -1.011326  0.764770 0.145626 -0.627630  0.297613 0.539650 0
0  1.012782 15.683431 -0.812842  0.764770 0.145626 -0.627630  0.297613 0.539650 0
c_invasion_wrangler_laser
0  1.440172 14.783431 0.000000  0.990217 0.099792 -0.097531  0.206268 0.373524 0
0  1.412690 14.783431 -0.279024  0.990217 0.099792 -0.097531  0.202261 0.373451 0
0  1.327384 15.683431 -0.224263  0.990217 0.099792 -0.097531  0.203275 0.361046 0
gold_player
0  1.331302 14.783431 -0.547326  0.997046 0.076809 0.000000  0.000000 0.000000 0
0  1.261969 15.683431 -0.439907  0.997046 0.076809 0.000000  0.000000 0.000000 0
0  1.261969 15.683431 0.439907  0.997046 0.076809 0.000000  0.000000 0.000000 0
painted_wood_01
0  1.021267 14.783431 1.011326  0.764770 0.145626 0.627630  0.297613 0.539650 0
0  1.199134 14.783431 0.794594  0.764770 0.145626 0.627630  0.297613 0.539650 0
0  1.155741 15.683431 0.638646  0.764770 0.145626 0.627630  0.297613 0.539650 0
painted_wood_01
0  0.557266 14.783431 -1.321361  0.281677 0.241717 -0.928564  0.297613 0.539650 0
0  0.288965 14.783431 -1.402750  0.281677 0.241717 -0.928564  0.297613 0.539650 0
0  0.424202 15.683431 -1.127445  0.281677 0.241717 -0.928564  0.297613 0.539650 0
c_invasion_wrangler_laser
0  1.412690 14.783431 -0.279024  0.951371 0.107735 -0.288594  0.202261 0.373451 0
0  1.331302 14.783431 -0.547326  0.951371 0.107735 -0.288594  0.198260 0.373224 0
0  1.261969 15.683431 -0.439907  0.951371 0.107735 -0.288594  0.200202 0.360525 0
painted_wood_01
0  0.557266 14.783431 1.321361  0.461254 0.206332 0.862944  0.297613 0.539650 0
0  0.804534 14.783431 1.189194  0.461254 0.206332 0.862944  0.297613 0.539650 0
0  0.838585 15.683431 0.955802  0.461254 0.206332 0.862944  0.297613 0.539650 0
painted_wood_01
0  0.000000 14.783431 1.430231  0.107674 0.271053 0.956523  0.297613 0.539650 0
0  0.288965 14.783431 1.402750  0.107673 0.271051 0.956524  0.297613 0.539650 0
0  0.424202 15.683431 1.127445  0.107673 0.271051 0.956524  0.297613 0.539650 0
painted_wood_01
0  1.021267 14.783431 -1.011326  0.624741 0.173774 -0.761250  0.297613 0.539650 0
0  0.804534 14.783431 -1.189194  0.624741 0.173774 -0.761250  0.297613 0.539650 0
0  0.838585 15.683431 -0.955802  0.624741 0.173774 -0.761250  0.297613 0.539650 0
painted_wood_01
0  9.830000 12.440001 0.000000  0.499395 0.049186 0.864977  0.297613 0.539650 0
0  9.641119 14.357739 0.000000  0.499395 0.049186 0.864977  0.297613 0.539650 0
0  8.184653 14.068030 0.857365  0.499395 0.049186 0.864977  0.297613 0.539650 0
painted_wood_01
0  8.345000 12.440001 0.857365  -0.995185 -0.098017 0.000000  0.297613 0.539650 0
0  8.184653 14.068030 0.857365  -0.995185 -0.098017 0.000000  0.297613 0.539650 0
0  8.184653 14.068030 -0.857365  -0.995185 -0.098017 0.000000  0.297613 0.539650 0
painted_wood_01
0  8.345000 12.440001 -0.857365  0.499395 0.049186 -0.864977  0.297613 0.539650 0
0  8.184653 14.068030 -0.857365  0.499395 0.049186 -0.864977  0.297613 0.539650 0
0  9.641119 14.357739 0.000000  0.499395 0.049186 -0.864977  0.297613 0.539650 0
painted_wood_01
0  9.641119 14.357739 0.000000  0.480204 0.145668 0.864977  0.297613 0.539650 0
0  9.081736 16.201778 0.000000  0.480204 0.145668 0.864977  0.297613 0.539650 0
0  7.709775 15.633493 0.857365  0.480204 0.145668 0.864977  0.297613 0.539650 0
painted_wood_01
0  8.184653 14.068030 0.857365  -0.956940 -0.290285 0.000000  0.297613 0.539650 0
0  7.709775 15.633493 0.857365  -0.956940 -0.290285 0.000000  0.297613 0.539650 0
0  7.709775 15.633493 -0.857365  -0.956940 -0.290285 0.000000  0.297613 0.539650 0
painted_wood_01
0  8.184653 14.068030 -0.857365  0.480203 0.145668 -0.864977  0.297613 0.539650 0
0  7.709775 15.633493 -0.857365  0.480203 0.145668 -0.864977  0.297613 0.539650 0
0  9.081736 16.201778 0.000000  0.480203 0.145668 -0.864977  0.297613 0.539650 0
painted_wood_01
0  9.081736 16.201778 0.000000  0.442559 0.236552 0.864977  0.297613 0.539650 0
0  8.173347 17.901257 0.000000  0.442559 0.236552 0.864977  0.297613 0.539650 0
0  6.938614 17.076235 0.857365  0.442559 0.236552 0.864977  0.297613 0.539650 0
painted_wood_01
0  7.709775 15.633493 0.857365  -0.881921 -0.471397 0.000000  0.297613 0.539650 0
0  6.938614 17.076235 0.857365  -0.881921 -0.471397 0.000000  0.297613 0.539650 0
0  6.938614 17.076235 -0.857365  -0.881921 -0.471397 0.000000  0.297613 0.539650 0
painted_wood_01
0  7.709775 15.633493 -0.857365  0.442558 0.236552 -0.864977  0.297613 0.539650 0
0  6.938614 17.076235 -0.857365  0.442558 0.236552 -0.864977  0.297613 0.539650 0
0  8.173347 17.901257 0.000000  0.442558 0.236552 -0.864977  0.297613 0.539650 0
painted_wood_01
0  8.173347 17.901257 0.000000  0.387906 0.318346 0.864977  0.297613 0.539650 0
0  6.950859 19.390860 0.000000  0.387906 0.318346 0.864977  0.297613 0.539650 0
0  5.900805 18.340807 0.857365  0.387906 0.318346 0.864977  0.297613 0.539650 0
painted_wood_01
0  6.938614 17.076235 0.857365  -0.773010 -0.634394 0.000000  0.297613 0.539650 0
0  5.900805 18.340807 0.857365  -0.773010 -0.634394 0.000000  0.297613 0.539650 0
0  5.900805 18.340807 -0.857365  -0.773010 -0.634394 0.000000  0.297613 0.539650 0
painted_wood_01
0  6.938614 17.076235 -0.857365  0.387905 0.318346 -0.864977  0.297613 0.539650 0
0  5.900805 18.340807 -0.857365  0.387905 0.318346 -0.864977  0.297613 0.539650 0
0  6.950859 19.390860 0.000000  0.387905 0.318346 -0.864977  0.297613 0.539650 0
painted_wood_01
0  6.950859 19.390860 0.000000  0.318345 0.387905 0.864978  0.297613 0.539650 0
0  5.461254 20.613348 0.000000  0.318345 0.387905 0.864978  0.297613 0.539650 0
0  4.636233 19.378614 0.857365  0.318345 0.387905 0.864978  0.297613 0.539650 0
painted_wood_01
0  5.900805 18.340807 0.857365  -0.634393 -0.773011 0.000000  0.297613 0.539650 0
0  4.636233 19.378614 0.857365  -0.634393 -0.773011 0.000000  0.297613 0.539650 0
0  4.636233 19.378614 -0.857365  -0.634393 -0.773011 0.000000  0.297613 0.539650 0
painted_wood_01
0  5.900805 18.340807 -0.857365  0.318345 0.387905 -0.864977  0.297613 0.539650 0
0  4.636233 19.378614 -0.857365  0.318345 0.387905 -0.864977  0.297613 0.539650 0
0  5.461254 20.613348 0.000000  0.318345 0.387905 -0.864977  0.297613 0.539650 0
painted_wood_01
0  5.461254 20.613348 0.000000  0.236552 0.442558 0.864977  0.297613 0.539650 0
0  3.761781 21.521736 0.000000  0.236552 0.442558 0.864977  0.297613 0.539650 0
0  3.193495 20.149775 0.857365  0.236552 0.442558 0.864977  0.297613 0.539650 0
painted_wood_01
0  4.636233 19.378614 0.857365  -0.471397 -0.881921 0.000000  0.297613 0.539650 0
0  3.193495 20.149775 0.857365  -0.471397 -0.881921 0.000000  0.297613 0.539650 0
0  3.193495 20.149775 -0.857365  -0.471397 -0.881921 0.000000  0.297613 0.539650 0
painted_wood_01
0  4.636233 19.378614 -0.857365  0.236552 0.442558 -0.864977  0.297613 0.539650 0
0  3.193495 20.149775 -0.857365  0.236552 0.442558 -0.864977  0.297613 0.539650 0
0  3.761781 21.521736 0.000000  0.236552 0.442558 -0.864977  0.297613 0.539650 0
painted_wood_01
0  3.761781 21.521736 0.000000  0.145669 0.480204 0.864977  0.297613 0.539650 0
0  1.917739 22.081121 0.000000  0.145669 0.480204 0.864977  0.297613 0.539650 0
0  1.628030 20.624655 0.857365  0.145669 0.480204 0.864977  0.297613 0.539650 0
painted_wood_01
0  3.193495 20.149775 0.857365  -0.290285 -0.956940 0.000000  0.297613 0.539650 0
0  1.628030 20.624655 0.857365  -0.290285 -0.956940 0.000000  0.297613 0.539650 0
0  1.628030 20.624655 -0.857365  -0.290285 -0.956940 0.000000  0.297613 0.539650 0
painted_wood_01
0  3.193495 20.149775 -0.857365  0.145669 0.480204 -0.864977  0.297613 0.539650 0
0  1.628030 20.624655 -0.857365  0.145669 0.480204 -0.864977  0.297613 0.539650 0
0  1.917739 22.081121 0.000000  0.145669 0.480204 -0.864977  0.297613 0.539650 0
painted_wood_01
0  1.917739 22.081121 0.000000  0.049186 0.499395 0.864977  0.297613 0.539650 0
0  0.000000 22.270002 0.000000  0.049186 0.499395 0.864977  0.297613 0.539650 0
0  0.000000 20.785002 0.857365  0.049186 0.499395 0.864977  0.297613 0.539650 0
painted_wood_01
0  1.628030 20.624655 0.857365  -0.098017 -0.995185 0.000000  0.297613 0.539650 0
0  0.000000 20.785002 0.857365  -0.098017 -0.995185 0.000000  0.297613 0.539650 0
0  0.000000 20.785002 -0.857365  -0.098017 -0.995185 0.000000  0.297613 0.539650 0
painted_wood_01
0  1.628030 20.624655 -0.857365  0.049186 0.499395 -0.864977  0.297613 0.539650 0
0  0.000000 20.785002 -0.857365  0.049186 0.499395 -0.864977  0.297613 0.539650 0
0  0.000000 22.270002 0.000000  0.049186 0.499395 -0.864977  0.297613 0.539650 0
painted_wood_01
0  0.000000 2.610000 0.000000  0.049186 -0.499395 0.864977  0.297613 0.539650 0
0  1.917735 2.798880 0.000000  0.049186 -0.499395 0.864977  0.297613 0.539650 0
0  1.628026 4.255346 0.857365  0.049186 -0.499395 0.864977  0.297613 0.539650 0
painted_wood_01
0  0.000000 4.095000 0.857365  -0.098017 0.995185 0.000000  0.297613 0.539650 0
0  1.628026 4.255346 0.857365  -0.098017 0.995185 0.000000  0.297613 0.539650 0
0  1.628026 4.255346 -0.857365  -0.098017 0.995185 0.000000  0.297613 0.539650 0
painted_wood_01
0  0.000000 4.095000 -0.857365  0.049186 -0.499395 -0.864977  0.297613 0.539650 0
0  1.628026 4.255346 -0.857365  0.049186 -0.499395 -0.864977  0.297613 0.539650 0
0  1.917735 2.798880 0.000000  0.049186 -0.499395 -0.864977  0.297613 0.539650 0
painted_wood_01
0  1.917735 2.798880 0.000000  0.145668 -0.480203 0.864977  0.297613 0.539650 0
0  3.761781 3.358266 0.000000  0.145668 -0.480203 0.864977  0.297613 0.539650 0
0  3.193495 4.730227 0.857365  0.145668 -0.480203 0.864977  0.297613 0.539650 0
painted_wood_01
0  1.628026 4.255346 0.857365  -0.290285 0.956940 0.000000  0.297613 0.539650 0
0  3.193495 4.730227 0.857365  -0.290285 0.956940 0.000000  0.297613 0.539650 0
0  3.193495 4.730227 -0.857365  -0.290285 0.956940 0.000000  0.297613 0.539650 0
painted_wood_01
0  1.628026 4.255346 -0.857365  0.145668 -0.480203 -0.864977  0.297613 0.539650 0
0  3.193495 4.730227 -0.857365  0.145668 -0.480203 -0.864977  0.297613 0.539650 0
0  3.761781 3.358266 0.000000  0.145668 -0.480203 -0.864977  0.297613 0.539650 0
painted_wood_01
0  3.761781 3.358266 0.000000  0.236552 -0.442558 0.864977  0.297613 0.539650 0
0  5.461254 4.266653 0.000000  0.236552 -0.442558 0.864977  0.297613 0.539650 0
0  4.636233 5.501386 0.857365  0.236552 -0.442558 0.864977  0.297613 0.539650 0
painted_wood_01
0  3.193495 4.730227 0.857365  -0.471397 0.881921 0.000000  0.297613 0.539650 0
0  4.636233 5.501386 0.857365  -0.471397 0.881921 0.000000  0.297613 0.539650 0
0  4.636233 5.501386 -0.857365  -0.471397 0.881921 0.000000  0.297613 0.539650 0
painted_wood_01
0  3.193495 4.730227 -0.857365  0.236552 -0.442558 -0.864977  0.297613 0.539650 0
0  4.636233 5.501386 -0.857365  0.236552 -0.442558 -0.864977  0.297613 0.539650 0
0  5.461254 4.266653 0.000000  0.236552 -0.442558 -0.864977  0.297613 0.539650 0
painted_wood_01
0  5.461254 4.266653 0.000000  0.318346 -0.387906 0.864977  0.297613 0.539650 0
0  6.950856 5.489137 0.000000  0.318346 -0.387906 0.864977  0.297613 0.539650 0
0  5.900803 6.539191 0.857365  0.318346 -0.387906 0.864977  0.297613 0.539650 0
painted_wood_01
0  4.636233 5.501386 0.857365  -0.634393 0.773011 0.000000  0.297613 0.539650 0
0  5.900803 6.539191 0.857365  -0.634393 0.773011 0.000000  0.297613 0.539650 0
0  5.900803 6.539191 -0.857365  -0.634393 0.773011 0.000000  0.297613 0.539650 0
painted_wood_01
0  4.636233 5.501386 -0.857365  0.318345 -0.387905 -0.864977  0.297613 0.539650 0
0  5.900803 6.539191 -0.857365  0.318345 -0.387905 -0.864977  0.297613 0.539650 0
0  6.950856 5.489137 0.000000  0.318345 -0.387905 -0.864977  0.297613 0.539650 0
painted_wood_01
0  6.950856 5.489137 0.000000  0.387905 -0.318346 0.864977  0.297613 0.539650 0
0  8.173347 6.978745 0.000000  0.387905 -0.318346 0.864977  0.297613 0.539650 0
0  6.938614 7.803767 0.857365  0.387905 -0.318346 0.864977  0.297613 0.539650 0
painted_wood_01
0  5.900803 6.539191 0.857365  -0.773010 0.634393 0.000000  0.297613 0.539650 0
0  6.938614 7.803767 0.857365  -0.773010 0.634393 0.000000  0.297613 0.539650 0
0  6.938614 7.803767 -0.857365  -0.773010 0.634393 0.000000  0.297613 0.539650 0
painted_wood_01
0  5.900803 6.539191 -0.857365  0.387905 -0.318346 -0.864977  0.297613 0.539650 0
0  6.938614 7.803767 -0.857365  0.387905 -0.318346 -0.864977  0.297613 0.539650 0
0  8.173347 6.978745 0.000000  0.387905 -0.318346 -0.864977  0.297613 0.539650 0
painted_wood_01
0  8.173347 6.978745 0.000000  0.442558 -0.236552 0.864977  0.297613 0.539650 0
0  9.081735 8.678219 0.000000  0.442558 -0.236552 0.864977  0.297613 0.539650 0
0  7.709774 9.246504 0.857365  0.442558 -0.236552 0.864977  0.297613 0.539650 0
painted_wood_01
0  6.938614 7.803767 0.857365  -0.881921 0.471397 0.000000  0.297613 0.539650 0
0  7.709774 9.246504 0.857365  -0.881921 0.471397 0.000000  0.297613 0.539650 0
0  7.709774 9.246504 -0.857365  -0.881921 0.471397 0.000000  0.297613 0.539650 0
painted_wood_01
0  6.938614 7.803767 -0.857365  0.442558 -0.236552 -0.864977  0.297613 0.539650 0
0  7.709774 9.246504 -0.857365  0.442558 -0.236552 -0.864977  0.297613 0.539650 0
0  9.081735 8.678219 0.000000  0.442558 -0.236552 -0.864977  0.297613 0.539650 0
painted_wood_01
0  9.081735 8.678219 0.000000  0.480203 -0.145668 0.864977  0.297613 0.539650 0
0  9.641120 10.522264 0.000000  0.480203 -0.145668 0.864977  0.297613 0.539650 0
0  8.184653 10.811974 0.857365  0.480203 -0.145668 0.864977  0.297613 0.539650 0
painted_wood_01
0  7.709774 9.246504 0.857365  -0.956940 0.290285 0.000000  0.297613 0.539650 0
0  8.184653 10.811974 0.857365  -0.956940 0.290285 0.000000  0.297613 0.539650 0
0  8.184653 10.811974 -0.857365  -0.956940 0.290285 0.000000  0.297613 0.539650 0
painted_wood_01
0  7.709774 9.246504 -0.857365  0.480203 -0.145668 -0.864977  0.297613 0.539650 0
0  8.184653 10.811974 -0.857365  0.480203 -0.145668 -0.864977  0.297613 0.539650 0
0  9.641120 10.522264 0.000000  0.480203 -0.145668 -0.864977  0.297613 0.539650 0
painted_wood_01
0  9.641120 10.522264 0.000000  0.499395 -0.049186 0.864977  0.297613 0.539650 0
0  9.830000 12.440001 0.000000  0.499395 -0.049186 0.864977  0.297613 0.539650 0
0  8.345000 12.440001 0.857365  0.499395 -0.049186 0.864977  0.297613 0.539650 0
painted_wood_01
0  8.184653 10.811974 0.857365  -0.995185 0.098017 0.000000  0.297613 0.539650 0
0  8.345000 12.440001 0.857365  -0.995185 0.098017 0.000000  0.297613 0.539650 0
0  8.345000 12.440001 -0.857365  -0.995185 0.098017 0.000000  0.297613 0.539650 0
painted_wood_01
0  8.184653 10.811974 -0.857365  0.499395 -0.049186 -0.864977  0.297613 0.539650 0
0  8.345000 12.440001 -0.857365  0.499395 -0.049186 -0.864977  0.297613 0.539650 0
0  9.830000 12.440001 0.000000  0.499395 -0.049186 -0.864977  0.297613 0.539650 0
painted_wood_01
0  -0.717788 -1.644998 -0.717788  -0.772871 -0.018951 -0.634280  0.297613 0.539650 0
0  -0.636979 -7.645001 -0.636983  -0.772871 -0.018951 -0.634280  0.297613 0.539650 0
0  -0.749008 -7.645001 -0.500475  -0.772871 -0.018951 -0.634280  0.297613 0.539650 0
gold_player
0  0.000000 4.625004 1.170000  -0.097987 -0.024578 0.994884  0.000000 0.000000 0
0  -0.228256 4.625004 1.147519  -0.097987 -0.024578 0.994884  0.000000 0.000000 0
0  -0.198037 -1.644998 0.995600  -0.097987 -0.024578 0.994884  0.000000 0.000000 0
gold_player
0  -0.228256 4.625004 1.147519  -0.290197 -0.024578 0.956651  0.000000 0.000000 0
0  -0.447740 4.625004 1.080939  -0.290197 -0.024578 0.956651  0.000000 0.000000 0
0  -0.388464 -1.644998 0.937835  -0.290197 -0.024578 0.956651  0.000000 0.000000 0
painted_wood_01
0  -0.636979 -7.645001 0.636983  -0.629442 0.124693 0.766977  0.297613 0.539650 0
0  -0.994151 -11.644995 0.994166  -0.629442 0.124693 0.766977  0.297613 0.539650 0
0  -0.781099 -11.644995 1.169013  -0.629442 0.124693 0.766977  0.297613 0.539650 0
gold_player
0  -0.447740 4.625004 1.080939  -0.471254 -0.024578 0.881655  0.000000 0.000000 0
0  -0.650017 4.625004 0.972820  -0.471254 -0.024578 0.881655  0.000000 0.000000 0
0  -0.563962 -1.644998 0.844029  -0.471254 -0.024578 0.881655  0.000000 0.000000 0
painted_wood_01
0  -0.995600 -1.644998 -0.198037  -0.995006 -0.018952 -0.097998  0.297613 0.539650 0
0  -0.883516 -7.645001 -0.175745  -0.995006 -0.018952 -0.097998  0.297613 0.539650 0
0  -0.900825 -7.645001 0.000000  -0.995006 -0.018952 -0.097998  0.297613 0.539650 0
gold_player
0  -0.650017 4.625004 0.972820  -0.634202 -0.024578 0.772777  0.000000 0.000000 0
0  -0.827315 4.625004 0.827315  -0.634202 -0.024578 0.772777  0.000000 0.000000 0
0  -0.717788 -1.644998 0.717788  -0.634202 -0.024578 0.772777  0.000000 0.000000 0
gold_player
0  -0.175742 -7.645001 -0.883519  -0.288019 0.124693 -0.949472  0.000000 0.000000 0
0  -0.274286 -11.644995 -1.378942  -0.288019 0.124693 -0.949472  0.000000 0.000000 0
0  -0.538031 -11.644995 -1.298936  -0.288019 0.124693 -0.949472  0.000000 0.000000 0
gold_player
0  -0.827315 4.625004 0.827315  -0.772777 -0.024578 0.634201  0.000000 0.000000 0
0  -0.972820 4.625004 0.650017  -0.772777 -0.024578 0.634201  0.000000 0.000000 0
0  -0.844029 -1.644998 0.563962  -0.772777 -0.024578 0.634201  0.000000 0.000000 0
gold_player
0  -0.883516 -7.645001 0.175745  -0.949472 0.124692 0.288019  0.000000 0.000000 0
0  -1.378927 -11.644995 0.274301  -0.949472 0.124692 0.288019  0.000000 0.000000 0
0  -1.298921 -11.644995 0.538046  -0.949472 0.124692 0.288019  0.000000 0.000000 0
gold_player
0  -0.972820 4.625004 0.650017  -0.881655 -0.024578 0.471254  0.000000 0.000000 0
0  -1.080939 4.625004 0.447740  -0.881655 -0.024578 0.471254  0.000000 0.000000 0
0  -0.937835 -1.644998 0.388464  -0.881655 -0.024578 0.471254  0.000000 0.000000 0
painted_wood_01
0  -0.198037 -1.644998 0.995600  -0.097999 -0.018951 0.995006  0.297613 0.539650 0
0  -0.175742 -7.645001 0.883519  -0.097999 -0.018951 0.995006  0.297613 0.539650 0
0  0.000000 -7.645001 0.900828  -0.097999 -0.018951 0.995006  0.297613 0.539650 0
gold_player
0  -1.080939 4.625004 0.447740  -0.956651 -0.024578 0.290197  0.000000 0.000000 0
0  -1.147519 4.625004 0.228256  -0.956651 -0.024578 0.290197  0.000000 0.000000 0
0  -0.995600 -1.644998 0.198037  -0.956651 -0.024578 0.290197  0.000000 0.000000 0
painted_wood_01
0  -0.937835 -1.644998 0.388464  -0.881763 -0.018951 0.471312  0.297613 0.539650 0
0  -0.832253 -7.645001 0.344734  -0.881763 -0.018951 0.471312  0.297613 0.539650 0
0  -0.749008 -7.645001 0.500475  -0.881763 -0.018951 0.471312  0.297613 0.539650 0
gold_player
0  -1.147519 4.625004 0.228256  -0.994884 -0.024578 0.097987  0.000000 0.000000 0
0  -1.170000 4.625004 0.000000  -0.994884 -0.024578 0.097987  0.000000 0.000000 0
0  -1.015105 -1.644998 0.000000  -0.994884 -0.024578 0.097987  0.000000 0.000000 0
painted_wood_01
0  -0.388464 -1.644998 -0.937835  -0.471312 -0.018951 -0.881763  0.297613 0.539650 0
0  -0.344731 -7.645001 -0.832257  -0.471312 -0.018951 -0.881763  0.297613 0.539650 0
0  -0.500471 -7.645001 -0.749012  -0.471312 -0.018951 -0.881763  0.297613 0.539650 0
gold_player
0  -1.170000 4.625004 0.000000  -0.994884 -0.024578 -0.097987  0.000000 0.000000 0
0  -1.147519 4.625004 -0.228256  -0.994884 -0.024578 -0.097987  0.000000 0.000000 0
0  -0.995600 -1.644998 -0.198037  -0.994884 -0.024578 -0.097987  0.000000 0.000000 0
gold_player
0  -1.147519 4.625004 -0.228256  -0.956651 -0.024578 -0.290197  0.000000 0.000000 0
0  -1.080939 4.625004 -0.447740  -0.956651 -0.024578 -0.290197  0.000000 0.000000 0
0  -0.937835 -1.644998 -0.388464  -0.956651 -0.024578 -0.290197  0.000000 0.000000 0
gold_player
0  -0.832253 -7.645001 -0.344734  -0.949472 0.124692 -0.288019  0.000000 0.000000 0
0  -1.298921 -11.644995 -0.538046  -0.949472 0.124692 -0.288019  0.000000 0.000000 0
0  -1.378927 -11.644995 -0.274301  -0.949472 0.124692 -0.288019  0.000000 0.000000 0
gold_player
0  -1.080939 4.625004 -0.447740  -0.881655 -0.024578 -0.471254  0.000000 0.000000 0
0  -0.972820 4.625004 -0.650017  -0.881655 -0.024578 -0.471254  0.000000 0.000000 0
0  -0.844029 -1.644998 -0.563962  -0.881655 -0.024578 -0.471254  0.000000 0.000000 0
gold_player
0  -0.344731 -7.645001 0.832257  -0.288020 0.124693 0.949471  0.000000 0.000000 0
0  -0.538031 -11.644995 1.298936  -0.288020 0.124693 0.949471  0.000000 0.000000 0
0  -0.274286 -11.644995 1.378942  -0.288020 0.124693 0.949471  0.000000 0.000000 0
painted_wood_01
0  -0.563962 -1.644998 0.844029  -0.471311 -0.018951 0.881763  0.297613 0.539650 0
0  -0.500471 -7.645001 0.749012  -0.471311 -0.018951 0.881763  0.297613 0.539650 0
0  -0.344731 -7.645001 0.832257  -0.471311 -0.018951 0.881763  0.297613 0.539650 0
gold_player
0  -0.972820 4.625004 -0.650017  -0.772777 -0.024578 -0.634201  0.000000 0.000000 0
0  -0.827315 4.625004 -0.827315  -0.772777 -0.024578 -0.634201  0.000000 0.000000 0
0  -0.717788 -1.644998 -0.717788  -0.772777 -0.024578 -0.634201  0.000000 0.000000 0
painted_wood_01
0  -0.844029 -1.644998 -0.563962  -0.881763 -0.018951 -0.471312  0.297613 0.539650 0
0  -0.749008 -7.645001 -0.500475  -0.881763 -0.018951 -0.471312  0.297613 0.539650 0
0  -0.832253 -7.645001 -0.344734  -0.881763 -0.018951 -0.471312  0.297613 0.539650 0
gold_player
0  -0.827315 4.625004 -0.827315  -0.634202 -0.024578 -0.772777  0.000000 0.000000 0
0  -0.650017 4.625004 -0.972820  -0.634202 -0.024578 -0.772777  0.000000 0.000000 0
0  -0.563962 -1.644998 -0.844029  -0.634202 -0.024578 -0.772777  0.000000 0.000000 0
gold_player
0  -0.650017 4.625004 -0.972820  -0.471254 -0.024578 -0.881655  0.000000 0.000000 0
0  -0.447740 4.625004 -1.080939  -0.471254 -0.024578 -0.881655  0.000000 0.000000 0
0  -0.388464 -1.644998 -0.937835  -0.471254 -0.024578 -0.881655  0.000000 0.000000 0
painted_wood_01
0  -0.500471 -7.645001 -0.749012  -0.629442 0.124693 -0.766978  0.297613 0.539650 0
0  -0.781099 -11.644995 -1.169013  -0.629442 0.124693 -0.766978  0.297613 0.539650 0
0  -0.994151 -11.644995 -0.994166  -0.629442 0.124693 -0.766978  0.297613 0.539650 0
gold_player
0  -0.447740 4.625004 -1.080939  -0.290197 -0.024578 -0.956651  0.000000 0.000000 0
0  -0.228256 4.625004 -1.147519  -0.290197 -0.024578 -0.956651  0.000000 0.000000 0
0  -0.198037 -1.644998 -0.995600  -0.290197 -0.024578 -0.956651  0.000000 0.000000 0
painted_wood_01
0  -0.749008 -7.645001 0.500475  -0.766978 0.124692 0.629442  0.297613 0.539650 0
0  -1.168998 -11.644995 0.781114  -0.766978 0.124692 0.629442  0.297613 0.539650 0
0  -0.994151 -11.644995 0.994166  -0.766978 0.124692 0.629442  0.297613 0.539650 0
painted_wood_01
0  -1.015105 -1.644998 0.000000  -0.995006 -0.018952 0.097998  0.297613 0.539650 0
0  -0.900825 -7.645001 0.000000  -0.995006 -0.018952 0.097998  0.297613 0.539650 0
0  -0.883516 -7.645001 0.175745  -0.995006 -0.018952 0.097998  0.297613 0.539650 0
gold_player
0  -0.228256 4.625004 -1.147519  -0.097989 -0.024578 -0.994884  0.000000 0.000000 0
0  0.000000 4.625004 -1.170000  -0.097989 -0.024578 -0.994884  0.000000 0.000000 0
0  0.000000 -1.644998 -1.015105  -0.097989 -0.024578 -0.994884  0.000000 0.000000 0
painted_wood_01
0  0.000000 -1.644998 -1.015105  -0.097998 -0.018951 -0.995006  0.297613 0.539650 0
0  0.000000 -7.645001 -0.900828  -0.097998 -0.018951 -0.995006  0.297613 0.539650 0
0  -0.175742 -7.645001 -0.883519  -0.097998 -0.018951 -0.995006  0.297613 0.539650 0
painted_wood_01
0  0.000000 -7.645001 -0.900828  -0.097252 0.124694 -0.987418  0.297613 0.539650 0
0  0.000000 -11.644995 -1.405957  -0.097252 0.124694 -0.987418  0.297613 0.539650 0
0  -0.274286 -11.644995 -1.378942  -0.097252 0.124694 -0.987418  0.297613 0.539650 0
painted_wood_01
0  -0.900825 -7.645001 0.000000  -0.987419 0.124691 0.097247  0.297613 0.539650 0
0  -1.405942 -11.644995 0.000000  -0.987419 0.124691 0.097247  0.297613 0.539650 0
0  -1.378927 -11.644995 0.274301  -0.987419 0.124691 0.097247  0.297613 0.539650 0
painted_wood_01
0  -0.844029 -1.644998 0.563962  -0.772871 -0.018951 0.634280  0.297613 0.539650 0
0  -0.749008 -7.645001 0.500475  -0.772871 -0.018951 0.634280  0.297613 0.539650 0
0  -0.636979 -7.645001 0.636983  -0.772871 -0.018951 0.634280  0.297613 0.539650 0
painted_wood_01
0  -0.563962 -1.644998 -0.844029  -0.634280 -0.018951 -0.772871  0.297613 0.539650 0
0  -0.500471 -7.645001 -0.749012  -0.634280 -0.018951 -0.772871  0.297613 0.539650 0
0  -0.636979 -7.645001 -0.636983  -0.634280 -0.018951 -0.772871  0.297613 0.539650 0
painted_wood_01
0  -0.749008 -7.645001 -0.500475  -0.875038 0.124692 -0.467718  0.297613 0.539650 0
0  -1.168998 -11.644995 -0.781114  -0.875038 0.124692 -0.467718  0.297613 0.539650 0
0  -1.298921 -11.644995 -0.538046  -0.875038 0.124692 -0.467718  0.297613 0.539650 0
painted_wood_01
0  -0.500471 -7.645001 0.749012  -0.467718 0.124693 0.875038  0.297613 0.539650 0
0  -0.781099 -11.644995 1.169013  -0.467718 0.124693 0.875038  0.297613 0.539650 0
0  -0.538031 -11.644995 1.298936  -0.467718 0.124693 0.875038  0.297613 0.539650 0
gold_player
0  -0.388464 -1.644998 0.937835  -0.290233 -0.018951 0.956768  0.000000 0.000000 0
0  -0.344731 -7.645001 0.832257  -0.290233 -0.018951 0.956768  0.000000 0.000000 0
0  -0.175742 -7.645001 0.883519  -0.290233 -0.018951 0.956768  0.000000 0.000000 0
gold_player
0  -0.937835 -1.644998 -0.388464  -0.956768 -0.018951 -0.290233  0.000000 0.000000 0
0  -0.832253 -7.645001 -0.344734  -0.956768 -0.018951 -0.290233  0.000000 0.000000 0
0  -0.883516 -7.645001 -0.175745  -0.956768 -0.018951 -0.290233  0.000000 0.000000 0
painted_wood_01
0  -0.344731 -7.645001 -0.832257  -0.467717 0.124693 -0.875038  0.297613 0.539650 0
0  -0.538031 -11.644995 -1.298936  -0.467717 0.124693 -0.875038  0.297613 0.539650 0
0  -0.781099 -11.644995 -1.169013  -0.467717 0.124693 -0.875038  0.297613 0.539650 0
painted_wood_01
0  -0.832253 -7.645001 0.344734  -0.875038 0.124692 0.467718  0.297613 0.539650 0
0  -1.298921 -11.644995 0.538046  -0.875038 0.124692 0.467718  0.297613 0.539650 0
0  -1.168998 -11.644995 0.781114  -0.875038 0.124692 0.467718  0.297613 0.539650 0
gold_player
0  -0.995600 -1.644998 0.198037  -0.956768 -0.018951 0.290233  0.000000 0.000000 0
0  -0.883516 -7.645001 0.175745  -0.956768 -0.018951 0.290233  0.000000 0.000000 0
0  -0.832253 -7.645001 0.344734  -0.956768 -0.018951 0.290233  0.000000 0.000000 0
gold_player
0  -0.198037 -1.644998 -0.995600  -0.290233 -0.018951 -0.956768  0.000000 0.000000 0
0  -0.175742 -7.645001 -0.883519  -0.290233 -0.018951 -0.956768  0.000000 0.000000 0
0  -0.344731 -7.645001 -0.832257  -0.290233 -0.018951 -0.956768  0.000000 0.000000 0
painted_wood_01
0  -0.883516 -7.645001 -0.175745  -0.987419 0.124691 -0.097247  0.297613 0.539650 0
0  -1.378927 -11.644995 -0.274301  -0.987419 0.124691 -0.097247  0.297613 0.539650 0
0  -1.405942 -11.644995 0.000000  -0.987419 0.124691 -0.097247  0.297613 0.539650 0
painted_wood_01
0  -0.636979 -7.645001 -0.636983  -0.766978 0.124692 -0.629442  0.297613 0.539650 0
0  -0.994151 -11.644995 -0.994166  -0.766978 0.124692 -0.629442  0.297613 0.539650 0
0  -1.168998 -11.644995 -0.781114  -0.766978 0.124692 -0.629442  0.297613 0.539650 0
painted_wood_01
0  -0.717788 -1.644998 0.717788  -0.634280 -0.018951 0.772871  0.297613 0.539650 0
0  -0.636979 -7.645001 0.636983  -0.634280 -0.018951 0.772871  0.297613 0.539650 0
0  -0.500471 -7.645001 0.749012  -0.634280 -0.018951 0.772871  0.297613 0.539650 0
painted_wood_01
0  -0.175742 -7.645001 0.883519  -0.097252 0.124694 0.987418  0.297613 0.539650 0
0  -0.274286 -11.644995 1.378942  -0.097252 0.124694 0.987418  0.297613 0.539650 0
0  0.000000 -11.644995 1.405957  -0.097252 0.124694 0.987418  0.297613 0.539650 0
gold_player
0  0.000000 6.680005 -1.000000  -0.064971 0.727876 -0.682624  0.000000 0.000000 0
0  -0.195090 6.680005 -0.980785  -0.064971 0.727876 -0.682624  0.000000 0.000000 0
0  -0.102019 7.174601 -0.462907  -0.064971 0.727876 -0.682624  0.000000 0.000000 0
gold_player
0  -0.195090 6.680005 -0.980785  -0.199537 0.726297 -0.657783  0.000000 0.000000 0
0  -0.382683 6.680005 -0.923880  -0.199537 0.726297 -0.657783  0.000000 0.000000 0
0  -0.190558 7.174601 -0.436049  -0.199537 0.726297 -0.657783  0.000000 0.000000 0
gold_player
0  -0.382683 6.680005 -0.923880  -0.324619 0.725110 -0.607320  0.000000 0.000000 0
0  -0.555570 6.680005 -0.831470  -0.324619 0.725110 -0.607320  0.000000 0.000000 0
0  -0.272157 7.174601 -0.392434  -0.324619 0.725110 -0.607320  0.000000 0.000000 0
gold_player
0  -0.555570 6.680005 -0.831470  -0.437580 0.724038 -0.533192  0.000000 0.000000 0
0  -0.707107 6.680005 -0.707107  -0.437580 0.724038 -0.533192  0.000000 0.000000 0
0  -0.343678 7.174601 -0.333738  -0.437580 0.724038 -0.533192  0.000000 0.000000 0
gold_player
0  -0.707107 6.680005 -0.707107  -0.533940 0.723121 -0.438183  0.000000 0.000000 0
0  -0.831470 6.680003 -0.555570  -0.533940 0.723121 -0.438183  0.000000 0.000000 0
0  -0.402375 7.174601 -0.262216  -0.533940 0.723121 -0.438183  0.000000 0.000000 0
gold_player
0  -0.831470 6.680003 -0.555570  -0.609829 0.722398 -0.325961  0.000000 0.000000 0
0  -0.923880 6.680003 -0.382683  -0.609829 0.722398 -0.325961  0.000000 0.000000 0
0  -0.445990 7.174601 -0.180618  -0.609829 0.722398 -0.325961  0.000000 0.000000 0
gold_player
0  -0.923880 6.680003 -0.382683  -0.662201 0.721898 -0.200879  0.000000 0.000000 0
0  -0.980785 6.680003 -0.195090  -0.662201 0.721898 -0.200879  0.000000 0.000000 0
0  -0.472848 7.174601 -0.092078  -0.662201 0.721898 -0.200879  0.000000 0.000000 0
gold_player
0  -0.980785 6.680003 -0.195090  -0.688931 0.721644 -0.067856  0.000000 0.000000 0
0  -1.000000 6.680003 0.000000  -0.688931 0.721644 -0.067856  0.000000 0.000000 0
0  -0.481917 7.174601 0.000000  -0.688931 0.721644 -0.067856  0.000000 0.000000 0
gold_player
0  -1.000000 6.680003 0.000000  -0.688931 0.721644 0.067856  0.000000 0.000000 0
0  -0.980785 6.680003 0.195090  -0.688931 0.721644 0.067856  0.000000 0.000000 0
0  -0.472848 7.174601 0.092078  -0.688931 0.721644 0.067856  0.000000 0.000000 0
gold_player
0  -0.980785 6.680003 0.195090  -0.662201 0.721898 0.200882  0.000000 0.000000 0
0  -0.923880 6.680003 0.382683  -0.662201 0.721898 0.200882  0.000000 0.000000 0
0  -0.445990 7.174601 0.180618  -0.662201 0.721898 0.200882  0.000000 0.000000 0
gold_player
0  -0.923880 6.680003 0.382683  -0.609828 0.722397 0.325964  0.000000 0.000000 0
0  -0.831470 6.680003 0.555570  -0.609828 0.722397 0.325964  0.000000 0.000000 0
0  -0.402375 7.174601 0.262216  -0.609828 0.722397 0.325964  0.000000 0.000000 0
gold_player
0  -0.831470 6.680003 0.555570  -0.533940 0.723122 0.438181  0.000000 0.000000 0
0  -0.707107 6.680005 0.707107  -0.533940 0.723122 0.438181  0.000000 0.000000 0
0  -0.343678 7.174601 0.333738  -0.533940 0.723122 0.438181  0.000000 0.000000 0
gold_player
0  -0.707107 6.680005 0.707107  -0.437580 0.724039 0.533190  0.000000 0.000000 0
0  -0.555570 6.680005 0.831470  -0.437580 0.724039 0.533190  0.000000 0.000000 0
0  -0.272157 7.174601 0.392434  -0.437580 0.724039 0.533190  0.000000 0.000000 0
gold_player
0  -0.555570 6.680005 0.831470  -0.324619 0.725111 0.607319  0.000000 0.000000 0
0  -0.382683 6.680005 0.923880  -0.324619 0.725111 0.607319  0.000000 0.000000 0
0  -0.190558 7.174601 0.436049  -0.324619 0.725111 0.607319  0.000000 0.000000 0
gold_player
0  -0.382683 6.680005 0.923880  -0.199537 0.726296 0.657783  0.000000 0.000000 0
0  -0.195090 6.680005 0.980785  -0.199537 0.726296 0.657783  0.000000 0.000000 0
0  -0.102019 7.174601 0.462907  -0.199537 0.726296 0.657783  0.000000 0.000000 0
gold_player
0  -0.195090 6.680005 0.980785  -0.065012 0.727879 0.682617  0.000000 0.000000 0
0  0.000000 6.680005 1.000000  -0.065012 0.727879 0.682617  0.000000 0.000000 0
0  0.000000 7.174601 0.471976  -0.065012 0.727879 0.682617  0.000000 0.000000 0
gold_player
0  -0.228256 4.625004 -1.147519  -0.097687 0.082049 -0.991829  0.000000 0.000000 0
0  -0.195090 6.680005 -0.980785  -0.097687 0.082049 -0.991829  0.000000 0.000000 0
0  0.000000 6.680005 -1.000000  -0.097687 0.082049 -0.991829  0.000000 0.000000 0
gold_player
0  -0.650017 4.625004 -0.972820  -0.469807 0.082049 -0.878948  0.000000 0.000000 0
0  -0.555570 6.680005 -0.831470  -0.469807 0.082049 -0.878948  0.000000 0.000000 0
0  -0.382683 6.680005 -0.923880  -0.469807 0.082049 -0.878948  0.000000 0.000000 0
gold_player
0  -0.827315 4.625004 -0.827315  -0.632254 0.082049 -0.770404  0.000000 0.000000 0
0  -0.707107 6.680005 -0.707107  -0.632254 0.082049 -0.770404  0.000000 0.000000 0
0  -0.555570 6.680005 -0.831470  -0.632254 0.082049 -0.770404  0.000000 0.000000 0
gold_player
0  -0.972820 4.625004 -0.650017  -0.770405 0.082049 -0.632254  0.000000 0.000000 0
0  -0.831470 6.680003 -0.555570  -0.770405 0.082049 -0.632254  0.000000 0.000000 0
0  -0.707107 6.680005 -0.707107  -0.770405 0.082049 -0.632254  0.000000 0.000000 0
gold_player
0  -1.080939 4.625004 -0.447740  -0.878948 0.082049 -0.469807  0.000000 0.000000 0
0  -0.923880 6.680003 -0.382683  -0.878948 0.082049 -0.469807  0.000000 0.000000 0
0  -0.831470 6.680003 -0.555570  -0.878948 0.082049 -0.469807  0.000000 0.000000 0
gold_player
0  -1.147519 4.625004 -0.228256  -0.953714 0.082049 -0.289306  0.000000 0.000000 0
0  -0.980785 6.680003 -0.195090  -0.953714 0.082049 -0.289306  0.000000 0.000000 0
0  -0.923880 6.680003 -0.382683  -0.953714 0.082049 -0.289306  0.000000 0.000000 0
gold_player
0  -1.170000 4.625004 0.000000  -0.991829 0.082049 -0.097687  0.000000 0.000000 0
0  -1.000000 6.680003 0.000000  -0.991829 0.082049 -0.097687  0.000000 0.000000 0
0  -0.980785 6.680003 -0.195090  -0.991829 0.082049 -0.097687  0.000000 0.000000 0
gold_player
0  -1.147519 4.625004 0.228256  -0.991829 0.082049 0.097687  0.000000 0.000000 0
0  -0.980785 6.680003 0.195090  -0.991829 0.082049 0.097687  0.000000 0.000000 0
0  -1.000000 6.680003 0.000000  -0.991829 0.082049 0.097687  0.000000 0.000000 0
gold_player
0  -1.080939 4.625004 0.447740  -0.953714 0.082049 0.289306  0.000000 0.000000 0
0  -0.923880 6.680003 0.382683  -0.953714 0.082049 0.289306  0.000000 0.000000 0
0  -0.980785 6.680003 0.195090  -0.953714 0.082049 0.289306  0.000000 0.000000 0
gold_player
0  -0.972820 4.625004 0.650017  -0.878947 0.082049 0.469808  0.000000 0.000000 0
0  -0.831470 6.680003 0.555570  -0.878947 0.082049 0.469808  0.000000 0.000000 0
0  -0.923880 6.680003 0.382683  -0.878947 0.082049 0.469808  0.000000 0.000000 0
gold_player
0  -0.827315 4.625004 0.827315  -0.770404 0.082049 0.632254  0.000000 0.000000 0
0  -0.707107 6.680005 0.707107  -0.770404 0.082049 0.632254  0.000000 0.000000 0
0  -0.831470 6.680003 0.555570  -0.770404 0.082049 0.632254  0.000000 0.000000 0
gold_player
0  -0.650017 4.625004 0.972820  -0.632254 0.082049 0.770404  0.000000 0.000000 0
0  -0.555570 6.680005 0.831470  -0.632254 0.082049 0.770404  0.000000 0.000000 0
0  -0.707107 6.680005 0.707107  -0.632254 0.082049 0.770404  0.000000 0.000000 0
gold_player
0  -0.447740 4.625004 1.080939  -0.469807 0.082049 0.878948  0.000000 0.000000 0
0  -0.382683 6.680005 0.923880  -0.469807 0.082049 0.878948  0.000000 0.000000 0
0  -0.555570 6.680005 0.831470  -0.469807 0.082049 0.878948  0.000000 0.000000 0
gold_player
0  -0.447740 4.625004 -1.080939  -0.289306 0.082049 -0.953714  0.000000 0.000000 0
0  -0.382683 6.680005 -0.923880  -0.289306 0.082049 -0.953714  0.000000 0.000000 0
0  -0.195090 6.680005 -0.980785  -0.289306 0.082049 -0.953714  0.000000 0.000000 0
gold_player
0  -0.228256 4.625004 1.147519  -0.289306 0.082049 0.953714  0.000000 0.000000 0
0  -0.195090 6.680005 0.980785  -0.289306 0.082049 0.953714  0.000000 0.000000 0
0  -0.382683 6.680005 0.923880  -0.289306 0.082049 0.953714  0.000000 0.000000 0
gold_player
0  0.000000 4.625004 1.170000  -0.097687 0.082049 0.991829  0.000000 0.000000 0
0  0.000000 6.680005 1.000000  -0.097687 0.082049 0.991829  0.000000 0.000000 0
0  -0.195090 6.680005 0.980785  -0.097687 0.082049 0.991829  0.000000 0.000000 0
painted_wood_01
0  -0.272157 7.174601 -0.392434  -0.471399 0.000000 -0.881920  0.297613 0.539650 0
0  -0.272157 7.460647 -0.392434  -0.471399 0.000000 -0.881920  0.297613 0.539650 0
0  -0.190558 7.460647 -0.436049  -0.471399 0.000000 -0.881920  0.297613 0.539650 0
painted_wood_01
0  -0.445990 7.174601 -0.180618  -0.881923 0.000000 -0.471393  0.297613 0.539650 0
0  -0.445990 7.460647 -0.180618  -0.881923 0.000000 -0.471393  0.297613 0.539650 0
0  -0.402375 7.460647 -0.262216  -0.881923 0.000000 -0.471393  0.297613 0.539650 0
painted_wood_01
0  -0.472848 7.174601 0.092078  -0.995185 0.000000 0.098017  0.297613 0.539650 0
0  -0.472848 7.460647 0.092078  -0.995185 0.000000 0.098017  0.297613 0.539650 0
0  -0.481917 7.460647 0.000000  -0.995185 0.000000 0.098017  0.297613 0.539650 0
painted_wood_01
0  -0.343678 7.174601 0.333738  -0.773010 0.000000 0.634393  0.297613 0.539650 0
0  -0.343678 7.460647 0.333738  -0.773010 0.000000 0.634393  0.297613 0.539650 0
0  -0.402375 7.460647 0.262216  -0.773010 0.000000 0.634393  0.297613 0.539650 0
painted_wood_01
0  -0.102019 7.174601 0.462907  -0.290284 0.000000 0.956941  0.297613 0.539650 0
0  -0.102019 7.460647 0.462907  -0.290284 0.000000 0.956941  0.297613 0.539650 0
0  -0.190558 7.460647 0.436049  -0.290284 0.000000 0.956941  0.297613 0.539650 0
painted_wood_01
0  -0.190558 7.174601 -0.436049  -0.290285 0.000000 -0.956940  0.297613 0.539650 0
0  -0.190558 7.460647 -0.436049  -0.290285 0.000000 -0.956940  0.297613 0.539650 0
0  -0.102019 7.460647 -0.462907  -0.290285 0.000000 -0.956940  0.297613 0.539650 0
painted_wood_01
0  -0.402375 7.174601 -0.262216  -0.773010 0.000000 -0.634393  0.297613 0.539650 0
0  -0.402375 7.460647 -0.262216  -0.773010 0.000000 -0.634393  0.297613 0.539650 0
0  -0.343678 7.460647 -0.333738  -0.773010 0.000000 -0.634393  0.297613 0.539650 0
painted_wood_01
0  -0.481917 7.174601 0.000000  -0.995185 0.000000 -0.098017  0.297613 0.539650 0
0  -0.481917 7.460647 0.000000  -0.995185 0.000000 -0.098017  0.297613 0.539650 0
0  -0.472848 7.460647 -0.092078  -0.995185 0.000000 -0.098017  0.297613 0.539650 0
painted_wood_01
0  -0.402375 7.174601 0.262216  -0.881923 0.000000 0.471393  0.297613 0.539650 0
0  -0.402375 7.460647 0.262216  -0.881923 0.000000 0.471393  0.297613 0.539650 0
0  -0.445990 7.460647 0.180618  -0.881923 0.000000 0.471393  0.297613 0.539650 0
painted_wood_01
0  -0.190558 7.174601 0.436049  -0.471398 0.000000 0.881920  0.297613 0.539650 0
0  -0.190558 7.460647 0.436049  -0.471398 0.000000 0.881920  0.297613 0.539650 0
0  -0.272157 7.460647 0.392434  -0.471398 0.000000 0.881920  0.297613 0.539650 0
painted_wood_01
0  -0.102019 7.174601 -0.462907  -0.088546 0.000000 -0.996072  0.297613 0.539650 0
0  -0.102019 7.460647 -0.462907  -0.088546 0.000000 -0.996072  0.297613 0.539650 0
0  0.000000 7.460647 -0.471976  -0.088546 0.000000 -0.996072  0.297613 0.539650 0
painted_wood_01
0  -0.343678 7.174601 -0.333738  -0.634394 0.000000 -0.773010  0.297613 0.539650 0
0  -0.343678 7.460647 -0.333738  -0.634394 0.000000 -0.773010  0.297613 0.539650 0
0  -0.272157 7.460647 -0.392434  -0.634394 0.000000 -0.773010  0.297613 0.539650 0
painted_wood_01
0  -0.472848 7.174601 -0.092078  -0.956940 0.000000 -0.290286  0.297613 0.539650 0
0  -0.472848 7.460647 -0.092078  -0.956940 0.000000 -0.290286  0.297613 0.539650 0
0  -0.445990 7.460647 -0.180618  -0.956940 0.000000 -0.290286  0.297613 0.539650 0
painted_wood_01
0  -0.445990 7.174601 0.180618  -0.956940 0.000000 0.290286  0.297613 0.539650 0
0  -0.445990 7.460647 0.180618  -0.956940 0.000000 0.290286  0.297613 0.539650 0
0  -0.472848 7.460647 0.092078  -0.956940 0.000000 0.290286  0.297613 0.539650 0
painted_wood_01
0  -0.272157 7.174601 0.392434  -0.634394 0.000000 0.773010  0.297613 0.539650 0
0  -0.272157 7.460647 0.392434  -0.634394 0.000000 0.773010  0.297613 0.539650 0
0  -0.343678 7.460647 0.333738  -0.634394 0.000000 0.773010  0.297613 0.539650 0
painted_wood_01
0  0.000000 7.174601 0.471976  -0.088545 0.000000 0.996072  0.297613 0.539650 0
0  0.000000 7.460647 0.471976  -0.088545 0.000000 0.996072  0.297613 0.539650 0
0  -0.102019 7.460647 0.462907  -0.088545 0.000000 0.996072  0.297613 0.539650 0
painted_wood_01
0  0.000000 14.783431 1.430231  0.455336 0.759441 0.464670  0.297613 0.539650 0
0  -0.288965 14.783431 1.402750  0.455332 0.759434 0.464686  0.297613 0.539650 0
0  -0.168027 14.446769 2.145113  0.455342 0.759454 0.464643  0.297613 0.539650 0
painted_wood_01
0  -0.288965 14.783431 1.402750  -0.242837 0.852384 0.463111  0.297613 0.539650 0
0  -0.557266 14.783431 1.321361  -0.242837 0.852384 0.463112  0.297613 0.539650 0
0  -0.292273 14.446769 2.020653  -0.242837 0.852378 0.463122  0.297613 0.539650 0
painted_wood_01
0  -0.557266 14.783431 1.321361  -0.266279 0.825177 0.498176  0.297613 0.539650 0
0  -0.804534 14.783431 1.189194  -0.266279 0.825177 0.498176  0.297613 0.539650 0
0  -0.670400 14.446769 1.818540  -0.266279 0.825177 0.498176  0.297613 0.539650 0
painted_wood_01
0  -0.804534 14.783431 1.189194  -0.407673 0.766185 0.496753  0.297613 0.539650 0
0  -1.021267 14.783431 1.011326  -0.407673 0.766185 0.496753  0.297613 0.539650 0
0  -1.001832 14.446769 1.546541  -0.407673 0.766185 0.496753  0.297613 0.539650 0
painted_wood_01
0  -1.021267 14.783431 1.011326  -0.556551 0.693996 0.456751  0.297613 0.539650 0
0  -1.199134 14.783431 0.794594  -0.556551 0.693996 0.456751  0.297613 0.539650 0
0  -1.273830 14.446769 1.215109  -0.556551 0.693996 0.456751  0.297613 0.539650 0
painted_wood_01
0  -1.199134 14.783431 0.794594  -0.693885 0.617222 0.370891  0.297613 0.539650 0
0  -1.331302 14.783431 0.547326  -0.693885 0.617222 0.370891  0.297613 0.539650 0
0  -1.475944 14.446769 0.836982  -0.693885 0.617222 0.370891  0.297613 0.539650 0
c_invasion_wrangler_laser
0  -1.566179 14.301200 0.346992  -0.558265 0.812194 0.169355  0.211093 0.380406 0
0  -1.600974 14.301200 0.232287  -0.558265 0.812194 0.169355  0.209501 0.380614 0
0  -1.888332 14.078052 0.355218  -0.558265 0.812194 0.169355  0.210787 0.385093 0
c_invasion_wrangler_laser
0  -1.600974 14.301200 0.232287  -0.840150 0.380396 -0.386584  0.209501 0.380614 0
0  -1.623852 14.301200 0.000000  -0.840156 0.380376 -0.386591  0.206263 0.380783 0
0  -1.923318 13.353199 0.000000  -0.840136 0.380435 -0.386576  0.206249 0.393664 0
c_invasion_wrangler_laser
0  -1.623852 14.301200 0.000000  -0.840144 0.380384 0.386608  0.206263 0.380783 0
0  -1.600974 14.301200 -0.232287  -0.840158 0.380374 0.386589  0.203023 0.380611 0
0  -1.888332 14.078052 -0.355218  -0.840163 0.380370 0.386582  0.201715 0.385096 0
c_invasion_wrangler_laser
0  -1.600974 14.301200 -0.232287  -0.558267 0.812195 -0.169345  0.203023 0.380611 0
0  -1.566179 14.301200 -0.346992  -0.558267 0.812195 -0.169345  0.201433 0.380400 0
0  -1.835121 14.078052 -0.530627  -0.558267 0.812195 -0.169345  0.199577 0.384879 0
painted_wood_01
0  -1.331302 14.783431 -0.547326  -0.693886 0.617222 -0.370890  0.297613 0.539650 0
0  -1.199134 14.783431 -0.794594  -0.693886 0.617222 -0.370890  0.297613 0.539650 0
0  -1.273830 14.446769 -1.215109  -0.693886 0.617222 -0.370890  0.297613 0.539650 0
painted_wood_01
0  -1.199134 14.783431 -0.794594  -0.556552 0.693996 -0.456748  0.297613 0.539650 0
0  -1.021267 14.783431 -1.011326  -0.556552 0.693996 -0.456748  0.297613 0.539650 0
0  -1.001832 14.446769 -1.546541  -0.556552 0.693996 -0.456748  0.297613 0.539650 0
painted_wood_01
0  -1.021267 14.783431 -1.011326  -0.407673 0.766184 -0.496754  0.297613 0.539650 0
0  -0.804534 14.783431 -1.189194  -0.407673 0.766184 -0.496754  0.297613 0.539650 0
0  -0.670400 14.446769 -1.818540  -0.407673 0.766184 -0.496754  0.297613 0.539650 0
painted_wood_01
0  -0.804534 14.783431 -1.189194  -0.266280 0.825178 -0.498173  0.297613 0.539650 0
0  -0.557266 14.783431 -1.321361  -0.266280 0.825178 -0.498173  0.297613 0.539650 0
0  -0.292273 14.446769 -2.020653  -0.266280 0.825178 -0.498173  0.297613 0.539650 0
painted_wood_01
0  -0.557266 14.783431 -1.321361  -0.242835 0.852387 -0.463106  0.297613 0.539650 0
0  -0.288965 14.783431 -1.402750  -0.242832 0.852385 -0.463113  0.297613 0.539650 0
0  -0.168027 14.446769 -2.145113  -0.242833 0.852386 -0.463110  0.297613 0.539650 0
painted_wood_01
0  -0.288965 14.783431 -1.402750  0.455328 0.759448 -0.464667  0.297613 0.539650 0
0  0.000000 14.783431 -1.430231  0.455322 0.759462 -0.464649  0.297613 0.539650 0
0  0.000000 14.068315 -2.288370  0.455339 0.759420 -0.464702  0.297613 0.539650 0
painted_wood_01
0  -1.331302 11.922968 0.547326  -0.857634 -0.233070 0.458413  0.297613 0.539650 0
0  -1.224997 11.207851 0.382625  -0.857634 -0.233070 0.458413  0.297613 0.539650 0
0  -1.132601 11.207851 0.555486  -0.857634 -0.233070 0.458413  0.297613 0.539650 0
painted_wood_01
0  -1.199134 11.922968 -0.794594  -0.857634 -0.233070 -0.458413  0.297613 0.539650 0
0  -1.132601 11.207851 -0.555486  -0.857634 -0.233070 -0.458413  0.297613 0.539650 0
0  -1.224997 11.207851 -0.382625  -0.857634 -0.233070 -0.458413  0.297613 0.539650 0
gold_player
0  0.000000 11.922968 -1.430231  -0.374265 -0.293334 -0.879705  0.000000 0.000000 0
0  0.000000 11.207851 -1.287208  -0.374267 -0.293337 -0.879703  0.000000 0.000000 0
0  -0.496318 11.207851 -0.980636  -0.374259 -0.293326 -0.879710  0.000000 0.000000 0
painted_wood_01
0  -1.021267 11.922968 1.011326  -0.600534 -0.322333 0.731752  0.297613 0.539650 0
0  -1.008257 11.207851 0.706999  -0.600534 -0.322333 0.731752  0.297613 0.539650 0
0  -0.856743 11.207851 0.831343  -0.600534 -0.322333 0.731752  0.297613 0.539650 0
painted_wood_01
0  -1.412690 11.922968 -0.279024  -0.977056 -0.190005 -0.096231  0.297613 0.539650 0
0  -1.281894 11.207851 -0.195061  -0.977056 -0.190005 -0.096231  0.297613 0.539650 0
0  -1.301106 11.207851 0.000000  -0.977056 -0.190005 -0.096231  0.297613 0.539650 0
painted_wood_01
0  -0.557266 11.922968 -1.321361  -0.436634 -0.376898 -0.816884  0.297613 0.539650 0
0  -0.683883 11.207851 -0.923739  -0.436634 -0.376898 -0.816884  0.297613 0.539650 0
0  -0.856743 11.207851 -0.831343  -0.436634 -0.376898 -0.816884  0.297613 0.539650 0
painted_wood_01
0  -0.557266 11.922968 1.321361  -0.261628 -0.433233 0.862473  0.297613 0.539650 0
0  -0.683883 11.207851 0.923739  -0.261628 -0.433233 0.862473  0.297613 0.539650 0
0  -0.496318 11.207851 0.980636  -0.261628 -0.433233 0.862473  0.297613 0.539650 0
painted_wood_01
0  -1.412690 11.922968 0.279024  -0.936680 -0.204682 0.284139  0.297613 0.539650 0
0  -1.281894 11.207851 0.195061  -0.936680 -0.204682 0.284139  0.297613 0.539650 0
0  -1.224997 11.207851 0.382625  -0.936680 -0.204682 0.284139  0.297613 0.539650 0
painted_wood_01
0  -1.021267 11.922968 -1.011326  -0.743597 -0.273230 -0.610253  0.297613 0.539650 0
0  -1.008257 11.207851 -0.706999  -0.743597 -0.273230 -0.610253  0.297613 0.539650 0
0  -1.132601 11.207851 -0.555486  -0.743597 -0.273230 -0.610253  0.297613 0.539650 0
painted_wood_01
0  -1.199134 11.922968 0.794594  -0.743596 -0.273229 0.610255  0.297613 0.539650 0
0  -1.132601 11.207851 0.555486  -0.743596 -0.273229 0.610255  0.297613 0.539650 0
0  -1.008257 11.207851 0.706999  -0.743596 -0.273229 0.610255  0.297613 0.539650 0
painted_wood_01
0  -1.331302 11.922968 -0.547326  -0.936680 -0.204683 -0.284139  0.297613 0.539650 0
0  -1.224997 11.207851 -0.382625  -0.936680 -0.204683 -0.284139  0.297613 0.539650 0
0  -1.281894 11.207851 -0.195061  -0.936680 -0.204683 -0.284139  0.297613 0.539650 0
painted_wood_01
0  -0.288965 11.922968 -1.402750  -0.261629 -0.433233 -0.862473  0.297613 0.539650 0
0  -0.496318 11.207851 -0.980636  -0.261629 -0.433233 -0.862473  0.297613 0.539650 0
0  -0.683883 11.207851 -0.923739  -0.261629 -0.433233 -0.862473  0.297613 0.539650 0
painted_wood_01
0  -0.804534 11.922968 1.189194  -0.436634 -0.376899 0.816883  0.297613 0.539650 0
0  -0.856743 11.207851 0.831343  -0.436634 -0.376899 0.816883  0.297613 0.539650 0
0  -0.683883 11.207851 0.923739  -0.436634 -0.376899 0.816883  0.297613 0.539650 0
painted_wood_01
0  -1.440172 11.922968 0.000000  -0.977055 -0.190005 0.096232  0.297613 0.539650 0
0  -1.301106 11.207851 0.000000  -0.977055 -0.190005 0.096232  0.297613 0.539650 0
0  -1.281894 11.207851 0.195061  -0.977055 -0.190005 0.096232  0.297613 0.539650 0
gold_player
0  -0.288965 11.922968 1.402750  -0.374269 -0.293361 0.879694  0.000000 0.000000 0
0  -0.496318 11.207851 0.980636  -0.374264 -0.293374 0.879692  0.000000 0.000000 0
0  0.000000 11.207851 1.287208  -0.374264 -0.293372 0.879692  0.000000 0.000000 0
painted_wood_01
0  -0.804534 11.922968 -1.189194  -0.600533 -0.322331 -0.731753  0.297613 0.539650 0
0  -0.856743 11.207851 -0.831343  -0.600533 -0.322331 -0.731753  0.297613 0.539650 0
0  -1.008257 11.207851 -0.706999  -0.600533 -0.322331 -0.731753  0.297613 0.539650 0
painted_wood_01
0  -0.856743 11.207851 -0.831343  -0.605207 -0.299833 -0.737445  0.297613 0.539650 0
0  -0.914571 10.349712 -0.434980  -0.605207 -0.299833 -0.737445  0.297613 0.539650 0
0  -0.993847 10.349712 -0.369920  -0.605207 -0.299833 -0.737445  0.297613 0.539650 0
painted_wood_01
0  -1.224997 11.207851 0.382625  -0.861104 -0.215997 0.460266  0.297613 0.539650 0
0  -1.107251 10.349712 0.200200  -0.861104 -0.215997 0.460266  0.297613 0.539650 0
0  -1.058907 10.349712 0.290645  -0.861104 -0.215997 0.460266  0.297613 0.539650 0
painted_wood_01
0  -0.683883 11.207851 -0.923739  -0.441296 -0.351602 -0.825611  0.297613 0.539650 0
0  -0.824126 10.349712 -0.483324  -0.441296 -0.351602 -0.825611  0.297613 0.539650 0
0  -0.914571 10.349712 -0.434980  -0.441296 -0.351602 -0.825611  0.297613 0.539650 0
painted_wood_01
0  -1.281894 11.207851 0.195061  -0.939599 -0.189514 0.285024  0.297613 0.539650 0
0  -1.137021 10.349712 0.102061  -0.939599 -0.189514 0.285024  0.297613 0.539650 0
0  -1.107251 10.349712 0.200200  -0.939599 -0.189514 0.285024  0.297613 0.539650 0
painted_wood_01
0  -0.496318 11.207851 -0.980636  -0.265340 -0.405555 -0.874711  0.297613 0.539650 0
0  -0.725987 10.349712 -0.513094  -0.265340 -0.405555 -0.874711  0.297613 0.539650 0
0  -0.824126 10.349712 -0.483324  -0.265340 -0.405555 -0.874711  0.297613 0.539650 0
painted_wood_01
0  -1.301106 11.207851 0.000000  -0.979677 -0.175848 0.096491  0.297613 0.539650 0
0  -1.147073 10.349712 0.000000  -0.979677 -0.175848 0.096491  0.297613 0.539650 0
0  -1.137021 10.349712 0.102061  -0.979677 -0.175848 0.096491  0.297613 0.539650 0
gold_player
0  -0.496318 11.207851 0.980636  -0.596745 -0.196882 0.777903  0.000000 0.000000 0
0  -0.725987 10.349712 0.513094  -0.596745 -0.196881 0.777903  0.000000 0.000000 0
0  0.000000 10.349712 1.144185  -0.596746 -0.196879 0.777903  0.000000 0.000000 0
gold_player
0  0.000000 11.207851 -1.287208  -0.596755 -0.196874 -0.777897  0.000000 0.000000 0
0  0.000000 10.349712 -1.144185  -0.596755 -0.196873 -0.777898  0.000000 0.000000 0
0  -0.725987 10.349712 -0.513094  -0.596756 -0.196875 -0.777896  0.000000 0.000000 0
painted_wood_01
0  -1.281894 11.207851 -0.195061  -0.979677 -0.175849 -0.096491  0.297613 0.539650 0
0  -1.137021 10.349712 -0.102061  -0.979677 -0.175849 -0.096491  0.297613 0.539650 0
0  -1.147073 10.349712 0.000000  -0.979677 -0.175849 -0.096491  0.297613 0.539650 0
painted_wood_01
0  -0.683883 11.207851 0.923739  -0.265340 -0.405556 0.874711  0.297613 0.539650 0
0  -0.824126 10.349712 0.483324  -0.265340 -0.405556 0.874711  0.297613 0.539650 0
0  -0.725987 10.349712 0.513094  -0.265340 -0.405556 0.874711  0.297613 0.539650 0
painted_wood_01
0  -1.224997 11.207851 -0.382625  -0.939599 -0.189515 -0.285024  0.297613 0.539650 0
0  -1.107251 10.349712 -0.200200  -0.939599 -0.189515 -0.285024  0.297613 0.539650 0
0  -1.137021 10.349712 -0.102061  -0.939599 -0.189515 -0.285024  0.297613 0.539650 0
painted_wood_01
0  -0.856743 11.207851 0.831343  -0.441296 -0.351601 0.825612  0.297613 0.539650 0
0  -0.914571 10.349712 0.434980  -0.441296 -0.351601 0.825612  0.297613 0.539650 0
0  -0.824126 10.349712 0.483324  -0.441296 -0.351601 0.825612  0.297613 0.539650 0
painted_wood_01
0  -1.132601 11.207851 -0.555486  -0.861104 -0.215997 -0.460266  0.297613 0.539650 0
0  -1.058907 10.349712 -0.290645  -0.861104 -0.215997 -0.460266  0.297613 0.539650 0
0  -1.107251 10.349712 -0.200200  -0.861104 -0.215997 -0.460266  0.297613 0.539650 0
painted_wood_01
0  -1.008257 11.207851 0.706999  -0.605208 -0.299833 0.737444  0.297613 0.539650 0
0  -0.993847 10.349712 0.369920  -0.605208 -0.299833 0.737444  0.297613 0.539650 0
0  -0.914571 10.349712 0.434980  -0.605208 -0.299833 0.737444  0.297613 0.539650 0
painted_wood_01
0  -1.008257 11.207851 -0.706999  -0.747739 -0.253601 -0.613655  0.297613 0.539650 0
0  -0.993847 10.349712 -0.369920  -0.747739 -0.253601 -0.613655  0.297613 0.539650 0
0  -1.058907 10.349712 -0.290645  -0.747739 -0.253601 -0.613655  0.297613 0.539650 0
painted_wood_01
0  -1.132601 11.207851 0.555486  -0.747738 -0.253601 0.613656  0.297613 0.539650 0
0  -1.058907 10.349712 0.290645  -0.747738 -0.253601 0.613656  0.297613 0.539650 0
0  -0.993847 10.349712 0.369920  -0.747738 -0.253601 0.613656  0.297613 0.539650 0
painted_wood_01
0  -0.824126 10.349712 0.483324  -0.269139 -0.374658 0.887240  0.297613 0.539650 0
0  -0.930568 9.634595 0.149057  -0.269139 -0.374658 0.887240  0.297613 0.539650 0
0  -0.900303 9.634595 0.158238  -0.269139 -0.374658 0.887240  0.297613 0.539650 0
painted_wood_01
0  -1.107251 10.349712 -0.200200  -0.942494 -0.173133 -0.285885  0.297613 0.539650 0
0  -1.017884 9.634595 -0.061741  -0.942494 -0.173133 -0.285885  0.297613 0.539650 0
0  -1.027064 9.634595 -0.031476  -0.942494 -0.173133 -0.285885  0.297613 0.539650 0
painted_wood_01
0  -0.914571 10.349712 0.434980  -0.446025 -0.323657 0.834450  0.297613 0.539650 0
0  -0.958461 9.634595 0.134147  -0.446025 -0.323657 0.834450  0.297613 0.539650 0
0  -0.930568 9.634595 0.149057  -0.446025 -0.323657 0.834450  0.297613 0.539650 0
painted_wood_01
0  -1.058907 10.349712 -0.290645  -0.864546 -0.197515 -0.462113  0.297613 0.539650 0
0  -1.002975 9.634595 -0.089634  -0.864546 -0.197515 -0.462113  0.297613 0.539650 0
0  -1.017884 9.634595 -0.061741  -0.864546 -0.197515 -0.462113  0.297613 0.539650 0
painted_wood_01
0  -0.993847 10.349712 0.369920  -0.609895 -0.275200 0.743164  0.297613 0.539650 0
0  -0.982910 9.634595 0.114083  -0.609895 -0.275200 0.743164  0.297613 0.539650 0
0  -0.958461 9.634595 0.134147  -0.609895 -0.275200 0.743164  0.297613 0.539650 0
painted_wood_01
0  -0.993847 10.349712 -0.369920  -0.751875 -0.232250 -0.617045  0.297613 0.539650 0
0  -0.982910 9.634595 -0.114083  -0.751875 -0.232250 -0.617045  0.297613 0.539650 0
0  -1.002975 9.634595 -0.089634  -0.751875 -0.232250 -0.617045  0.297613 0.539650 0
painted_wood_01
0  -1.058907 10.349712 0.290645  -0.751876 -0.232251 0.617043  0.297613 0.539650 0
0  -1.002975 9.634595 0.089634  -0.751876 -0.232251 0.617043  0.297613 0.539650 0
0  -0.982910 9.634595 0.114083  -0.751876 -0.232251 0.617043  0.297613 0.539650 0
painted_wood_01
0  -0.914571 10.349712 -0.434980  -0.609892 -0.275202 -0.743165  0.297613 0.539650 0
0  -0.958461 9.634595 -0.134147  -0.609892 -0.275202 -0.743165  0.297613 0.539650 0
0  -0.982910 9.634595 -0.114083  -0.609892 -0.275202 -0.743165  0.297613 0.539650 0
painted_wood_01
0  -1.107251 10.349712 0.200200  -0.864547 -0.197514 0.462111  0.297613 0.539650 0
0  -1.017884 9.634595 0.061741  -0.864547 -0.197514 0.462111  0.297613 0.539650 0
0  -1.002975 9.634595 0.089634  -0.864547 -0.197514 0.462111  0.297613 0.539650 0
painted_wood_01
0  -0.824126 10.349712 -0.483324  -0.446027 -0.323662 -0.834447  0.297613 0.539650 0
0  -0.930568 9.634595 -0.149057  -0.446027 -0.323662 -0.834447  0.297613 0.539650 0
0  -0.958461 9.634595 -0.134147  -0.446027 -0.323662 -0.834447  0.297613 0.539650 0
painted_wood_01
0  -1.137021 10.349712 0.102061  -0.942492 -0.173136 0.285889  0.297613 0.539650 0
0  -1.027064 9.634595 0.031476  -0.942492 -0.173136 0.285889  0.297613 0.539650 0
0  -1.017884 9.634595 0.061741  -0.942492 -0.173136 0.285889  0.297613 0.539650 0
painted_wood_01
0  -0.725987 10.349712 -0.513094  -0.269141 -0.374664 -0.887237  0.297613 0.539650 0
0  -0.900303 9.634595 -0.158238  -0.269141 -0.374664 -0.887237  0.297613 0.539650 0
0  -0.930568 9.634595 -0.149057  -0.269141 -0.374664 -0.887237  0.297613 0.539650 0
painted_wood_01
0  -1.147073 10.349712 0.000000  -0.982269 -0.160582 0.096756  0.297613 0.539650 0
0  -1.030165 9.634595 0.000000  -0.982269 -0.160582 0.096756  0.297613 0.539650 0
0  -1.027064 9.634595 0.031476  -0.982269 -0.160582 0.096756  0.297613 0.539650 0
gold_player
0  -0.725987 10.349712 0.513094  -0.661398 -0.173421 0.729711  0.000000 0.000000 0
0  -0.900303 9.634595 0.158238  -0.661398 -0.173421 0.729711  0.000000 0.000000 0
0  0.000000 9.634596 1.001162  -0.661398 -0.173421 0.729711  0.000000 0.000000 0
gold_player
0  0.000000 10.349712 -1.144185  -0.661403 -0.173394 -0.729712  0.000000 0.000000 0
0  0.000000 9.634596 -1.001162  -0.661404 -0.173395 -0.729712  0.000000 0.000000 0
0  -0.900303 9.634595 -0.158238  -0.661403 -0.173394 -0.729713  0.000000 0.000000 0
painted_wood_01
0  -1.137021 10.349712 -0.102061  -0.982268 -0.160584 -0.096756  0.297613 0.539650 0
0  -1.027064 9.634595 -0.031476  -0.982268 -0.160584 -0.096756  0.297613 0.539650 0
0  -1.030165 9.634595 0.000000  -0.982268 -0.160584 -0.096756  0.297613 0.539650 0
c_invasion_wrangler_laser
0  -1.566179 12.405197 0.346992  -0.813288 -0.581408 -0.022965  0.211058 0.406925 0
0  -1.331302 11.922968 0.547326  -0.813287 -0.581410 -0.022958  0.214222 0.414103 0
0  -1.475944 12.259628 0.836982  -0.813288 -0.581408 -0.022965  0.217968 0.408427 0
c_invasion_wrangler_laser
0  -1.566179 14.301200 0.346992  -0.904479 0.326556 0.274369  0.211093 0.380406 0
0  -1.331302 14.783431 0.547326  -0.904479 0.326556 0.274369  0.214281 0.373229 0
0  -1.412690 14.783431 0.279024  -0.904479 0.326556 0.274369  0.210276 0.373453 0
c_invasion_wrangler_laser
0  -1.600974 12.405197 0.232287  -0.904479 -0.326557 0.274369  0.209468 0.406710 0
0  -1.412690 11.922968 0.279024  -0.904479 -0.326557 0.274369  0.210183 0.413846 0
0  -1.331302 11.922968 0.547326  -0.904479 -0.326557 0.274369  0.214222 0.414103 0
c_invasion_wrangler_laser
0  -1.600974 14.301200 0.232287  -0.930571 0.354452 0.091657  0.209501 0.380614 0
0  -1.412690 14.783431 0.279024  -0.930571 0.354452 0.091657  0.210276 0.373453 0
0  -1.440172 14.783431 0.000000  -0.930571 0.354452 0.091657  0.206268 0.373524 0
c_invasion_wrangler_laser
0  -1.623852 12.405197 0.000000  -0.930571 -0.354453 0.091654  0.206236 0.406536 0
0  -1.440172 11.922968 0.000000  -0.930571 -0.354453 0.091654  0.206233 0.413755 0
0  -1.412690 11.922968 0.279024  -0.930571 -0.354453 0.091654  0.210183 0.413846 0
c_invasion_wrangler_laser
0  -1.623852 14.301200 0.000000  -0.930572 0.354451 -0.091654  0.206263 0.380783 0
0  -1.440172 14.783431 0.000000  -0.930572 0.354451 -0.091654  0.206268 0.373524 0
0  -1.412690 14.783431 -0.279024  -0.930572 0.354451 -0.091654  0.202261 0.373451 0
c_invasion_wrangler_laser
0  -1.600974 12.405197 -0.232287  -0.930571 -0.354453 -0.091654  0.203006 0.406708 0
0  -1.412690 11.922968 -0.279024  -0.930571 -0.354453 -0.091654  0.202281 0.413847 0
0  -1.440172 11.922968 0.000000  -0.930571 -0.354453 -0.091654  0.206233 0.413755 0
c_invasion_wrangler_laser
0  -1.600974 14.301200 -0.232287  -0.904479 0.326556 -0.274369  0.203023 0.380611 0
0  -1.412690 14.783431 -0.279024  -0.904479 0.326556 -0.274369  0.202261 0.373451 0
0  -1.331302 14.783431 -0.547326  -0.904479 0.326556 -0.274369  0.198260 0.373224 0
c_invasion_wrangler_laser
0  -1.566179 12.405197 -0.346992  -0.904478 -0.326557 -0.274371  0.201414 0.406920 0
0  -1.331302 11.922968 -0.547326  -0.904478 -0.326557 -0.274371  0.198233 0.414103 0
0  -1.412690 11.922968 -0.279024  -0.904478 -0.326557 -0.274371  0.202281 0.413847 0
c_invasion_wrangler_laser
0  -1.566179 14.301200 -0.346992  -0.813289 0.581406 0.022965  0.201433 0.380400 0
0  -1.331302 14.783431 -0.547326  -0.813288 0.581409 0.022957  0.198260 0.373224 0
0  -1.475944 14.446769 -0.836982  -0.813289 0.581407 0.022964  0.194520 0.378905 0
painted_wood_01
0  -0.168027 13.353199 2.145113  -0.648788 0.000000 0.760969  0.297613 0.539650 0
0  -0.168027 12.259628 2.145113  -0.648788 0.000000 0.760969  0.297613 0.539650 0
0  0.000000 12.638083 2.288370  -0.648788 0.000000 0.760969  0.297613 0.539650 0
painted_wood_01
0  -0.292273 13.353199 2.020653  -0.707718 0.000000 0.706495  0.297613 0.539650 0
0  -0.292273 12.259628 2.020653  -0.707718 0.000000 0.706495  0.297613 0.539650 0
0  -0.168027 12.259628 2.145113  -0.707718 0.000000 0.706495  0.297613 0.539650 0
painted_wood_01
0  -0.670400 13.353199 1.818539  -0.471398 -0.000000 0.881921  0.297613 0.539650 0
0  -0.670400 12.259628 1.818539  -0.471398 -0.000000 0.881921  0.297613 0.539650 0
0  -0.292273 12.259628 2.020653  -0.471398 -0.000000 0.881921  0.297613 0.539650 0
painted_wood_01
0  -1.001832 13.353199 1.546541  -0.634393 -0.000000 0.773010  0.297613 0.539650 0
0  -1.001832 12.259628 1.546540  -0.634393 -0.000000 0.773010  0.297613 0.539650 0
0  -0.670400 12.259628 1.818539  -0.634393 -0.000000 0.773010  0.297613 0.539650 0
painted_wood_01
0  -1.273830 13.353199 1.215109  -0.773011 0.000000 0.634393  0.297613 0.539650 0
0  -1.273830 12.259628 1.215109  -0.773011 0.000000 0.634393  0.297613 0.539650 0
0  -1.001832 12.259628 1.546540  -0.773011 0.000000 0.634393  0.297613 0.539650 0
painted_wood_01
0  -1.475944 13.353199 0.836982  -0.881921 0.000000 0.471397  0.297613 0.539650 0
0  -1.475944 12.259628 0.836982  -0.881921 0.000000 0.471397  0.297613 0.539650 0
0  -1.273830 12.259628 1.215109  -0.881921 0.000000 0.471397  0.297613 0.539650 0
c_invasion_wrangler_laser
0  -1.888332 13.353199 0.355218  -0.956939 0.000000 0.290288  0.210922 0.393693 0
0  -1.888332 12.628347 0.355218  -0.956939 0.000000 0.290288  0.210781 0.402231 0
0  -1.835121 12.628347 0.530627  -0.956939 0.000000 0.290288  0.212918 0.402449 0
c_invasion_wrangler_laser
0  -1.835121 13.353199 -0.530627  -0.956939 0.000000 -0.290288  0.199249 0.393632 0
0  -1.835121 12.628347 -0.530627  -0.956939 0.000000 -0.290288  0.199556 0.402423 0
0  -1.888332 12.628347 -0.355218  -0.956939 0.000000 -0.290288  0.201715 0.402234 0
c_invasion_wrangler_laser
0  -1.475944 13.353199 0.836982  -0.648944 0.000000 0.760836  0.219614 0.393704 0
0  -1.475944 14.446769 0.836982  -0.648944 0.000000 0.760836  0.218027 0.378925 0
0  -1.835121 14.078052 0.530627  -0.648944 0.000000 0.760836  0.212946 0.384905 0
painted_wood_01
0  -1.273830 13.353199 -1.215109  -0.881921 0.000000 -0.471397  0.297613 0.539650 0
0  -1.273830 12.259628 -1.215109  -0.881921 0.000000 -0.471397  0.297613 0.539650 0
0  -1.475944 12.259628 -0.836982  -0.881921 0.000000 -0.471397  0.297613 0.539650 0
painted_wood_01
0  -1.001832 13.353199 -1.546541  -0.773011 -0.000000 -0.634393  0.297613 0.539650 0
0  -1.001832 12.259628 -1.546540  -0.773011 -0.000000 -0.634393  0.297613 0.539650 0
0  -1.273830 12.259628 -1.215109  -0.773011 -0.000000 -0.634393  0.297613 0.539650 0
painted_wood_01
0  -0.670400 13.353199 -1.818539  -0.634393 -0.000000 -0.773011  0.297613 0.539650 0
0  -0.670400 12.259628 -1.818539  -0.634393 -0.000000 -0.773011  0.297613 0.539650 0
0  -1.001832 12.259628 -1.546540  -0.634393 -0.000000 -0.773011  0.297613 0.539650 0
painted_wood_01
0  -0.292273 13.353199 -2.020653  -0.471398 0.000000 -0.881921  0.297613 0.539650 0
0  -0.292273 12.259628 -2.020653  -0.471398 0.000000 -0.881921  0.297613 0.539650 0
0  -0.670400 12.259628 -1.818539  -0.471398 0.000000 -0.881921  0.297613 0.539650 0
painted_wood_01
0  -0.168027 13.353199 -2.145113  -0.707717 0.000000 -0.706496  0.297613 0.539650 0
0  -0.168027 12.259628 -2.145113  -0.707717 0.000000 -0.706496  0.297613 0.539650 0
0  -0.292273 12.259628 -2.020653  -0.707717 0.000000 -0.706496  0.297613 0.539650 0
painted_wood_01
0  0.000000 13.353199 -2.288370  -0.648789 0.000000 -0.760968  0.297613 0.539650 0
0  0.000000 12.638083 -2.288370  -0.648789 0.000000 -0.760968  0.297613 0.539650 0
0  -0.168027 12.259628 -2.145113  -0.648789 0.000000 -0.760968  0.297613 0.539650 0
c_invasion_wrangler_laser
0  -1.475944 13.353199 -0.836982  -0.648944 0.000000 -0.760836  0.192884 0.393629 0
0  -1.475944 12.259628 -0.836982  -0.648944 0.000000 -0.760836  0.194479 0.408409 0
0  -1.835121 12.628347 -0.530627  -0.648944 0.000000 -0.760836  0.199556 0.402423 0
painted_wood_01
0  -0.168027 14.446769 2.145113  -0.648789 0.000000 0.760969  0.297613 0.539650 0
0  -0.168027 13.353199 2.145113  -0.648789 0.000000 0.760969  0.297613 0.539650 0
0  0.000000 13.353199 2.288370  -0.648789 0.000000 0.760969  0.297613 0.539650 0
painted_wood_01
0  -0.670400 12.259628 -1.818539  -0.407672 -0.766187 -0.496750  0.297613 0.539650 0
0  -0.804534 11.922968 -1.189194  -0.407672 -0.766187 -0.496750  0.297613 0.539650 0
0  -1.021267 11.922968 -1.011326  -0.407672 -0.766187 -0.496750  0.297613 0.539650 0
painted_wood_01
0  -0.292273 14.446769 2.020653  -0.707716 0.000000 0.706497  0.297613 0.539650 0
0  -0.292273 13.353199 2.020653  -0.707716 0.000000 0.706497  0.297613 0.539650 0
0  -0.168027 13.353199 2.145113  -0.707716 0.000000 0.706497  0.297613 0.539650 0
painted_wood_01
0  -0.168027 12.259628 2.145113  0.455328 -0.759424 0.464705  0.297613 0.539650 0
0  -0.288965 11.922968 1.402750  0.455338 -0.759445 0.464662  0.297613 0.539650 0
0  0.000000 11.922968 1.430231  0.455332 -0.759434 0.464686  0.297613 0.539650 0
painted_wood_01
0  -0.670400 14.446769 1.818540  -0.471398 -0.000000 0.881921  0.297613 0.539650 0
0  -0.670400 13.353199 1.818539  -0.471398 -0.000000 0.881921  0.297613 0.539650 0
0  -0.292273 13.353199 2.020653  -0.471398 -0.000000 0.881921  0.297613 0.539650 0
painted_wood_01
0  -0.292273 12.259628 2.020653  -0.242836 -0.852385 0.463110  0.297613 0.539650 0
0  -0.557266 11.922968 1.321361  -0.242836 -0.852384 0.463111  0.297613 0.539650 0
0  -0.288965 11.922968 1.402750  -0.242836 -0.852382 0.463114  0.297613 0.539650 0
painted_wood_01
0  -0.670400 12.259628 1.818539  -0.266279 -0.825179 0.498172  0.297613 0.539650 0
0  -0.804534 11.922968 1.189194  -0.266279 -0.825179 0.498172  0.297613 0.539650 0
0  -0.557266 11.922968 1.321361  -0.266279 -0.825179 0.498172  0.297613 0.539650 0
painted_wood_01
0  -1.273830 14.446769 1.215109  -0.773010 0.000000 0.634393  0.297613 0.539650 0
0  -1.273830 13.353199 1.215109  -0.773010 0.000000 0.634393  0.297613 0.539650 0
0  -1.001832 13.353199 1.546541  -0.773010 0.000000 0.634393  0.297613 0.539650 0
painted_wood_01
0  -1.001832 12.259628 1.546540  -0.407674 -0.766188 0.496748  0.297613 0.539650 0
0  -1.021267 11.922968 1.011326  -0.407674 -0.766188 0.496748  0.297613 0.539650 0
0  -0.804534 11.922968 1.189194  -0.407674 -0.766188 0.496748  0.297613 0.539650 0
painted_wood_01
0  -1.273830 12.259628 1.215109  -0.556551 -0.693998 0.456748  0.297613 0.539650 0
0  -1.199134 11.922968 0.794594  -0.556551 -0.693998 0.456748  0.297613 0.539650 0
0  -1.021267 11.922968 1.011326  -0.556551 -0.693998 0.456748  0.297613 0.539650 0
c_invasion_wrangler_laser
0  -1.888332 14.078052 0.355218  -0.956939 0.000000 0.290288  0.210787 0.385093 0
0  -1.888332 13.353199 0.355218  -0.956939 0.000000 0.290288  0.210922 0.393693 0
0  -1.835121 13.353199 0.530627  -0.956939 0.000000 0.290288  0.213249 0.393697 0
painted_wood_01
0  -1.475944 12.259628 0.836982  -0.693884 -0.617224 0.370889  0.297613 0.539650 0
0  -1.331302 11.922968 0.547326  -0.693884 -0.617224 0.370889  0.297613 0.539650 0
0  -1.199134 11.922968 0.794594  -0.693884 -0.617224 0.370889  0.297613 0.539650 0
c_invasion_wrangler_laser
0  -1.888332 12.628347 0.355218  -0.558268 -0.812192 0.169352  0.210781 0.402231 0
0  -1.600974 12.405197 0.232287  -0.558268 -0.812192 0.169352  0.209468 0.406710 0
0  -1.566179 12.405197 0.346992  -0.558268 -0.812192 0.169352  0.211058 0.406925 0
c_invasion_wrangler_laser
0  -1.835121 14.078052 -0.530627  -0.956939 0.000000 -0.290288  0.199577 0.384879 0
0  -1.835121 13.353199 -0.530627  -0.956939 0.000000 -0.290288  0.199249 0.393632 0
0  -1.888332 13.353199 -0.355218  -0.956939 0.000000 -0.290288  0.201576 0.393635 0
c_invasion_wrangler_laser
0  -1.888332 12.628347 -0.355218  -0.840160 -0.380370 0.386588  0.201715 0.402234 0
0  -1.600974 12.405197 -0.232287  -0.840165 -0.380365 0.386581  0.203006 0.406708 0
0  -1.623852 12.405197 0.000000  -0.840158 -0.380371 0.386592  0.206236 0.406536 0
painted_wood_01
0  -1.273830 14.446769 -1.215109  -0.881921 0.000000 -0.471398  0.297613 0.539650 0
0  -1.273830 13.353199 -1.215109  -0.881921 0.000000 -0.471398  0.297613 0.539650 0
0  -1.475944 13.353199 -0.836982  -0.881921 0.000000 -0.471398  0.297613 0.539650 0
painted_wood_01
0  -1.001832 14.446769 -1.546541  -0.773011 -0.000000 -0.634393  0.297613 0.539650 0
0  -1.001832 13.353199 -1.546541  -0.773011 -0.000000 -0.634393  0.297613 0.539650 0
0  -1.273830 13.353199 -1.215109  -0.773011 -0.000000 -0.634393  0.297613 0.539650 0
painted_wood_01
0  -1.001832 14.446769 1.546541  -0.634392 -0.000000 0.773011  0.297613 0.539650 0
0  -1.001832 13.353199 1.546541  -0.634392 -0.000000 0.773011  0.297613 0.539650 0
0  -0.670400 13.353199 1.818539  -0.634392 -0.000000 0.773011  0.297613 0.539650 0
c_invasion_wrangler_laser
0  -1.475944 14.446769 0.836982  -0.813288 0.581409 -0.022956  0.218027 0.378925 0
0  -1.331302 14.783431 0.547326  -0.813287 0.581409 -0.022955  0.214281 0.373229 0
0  -1.566179 14.301200 0.346992  -0.813285 0.581413 -0.022941  0.211093 0.380406 0
painted_wood_01
0  -0.670400 14.446769 -1.818540  -0.634393 -0.000000 -0.773011  0.297613 0.539650 0
0  -0.670400 13.353199 -1.818539  -0.634393 -0.000000 -0.773011  0.297613 0.539650 0
0  -1.001832 13.353199 -1.546541  -0.634393 -0.000000 -0.773011  0.297613 0.539650 0
painted_wood_01
0  -1.273830 12.259628 -1.215109  -0.693884 -0.617224 -0.370889  0.297613 0.539650 0
0  -1.199134 11.922968 -0.794594  -0.693884 -0.617224 -0.370889  0.297613 0.539650 0
0  -1.331302 11.922968 -0.547326  -0.693884 -0.617224 -0.370889  0.297613 0.539650 0
painted_wood_01
0  -1.001832 12.259628 -1.546540  -0.556549 -0.693997 -0.456750  0.297613 0.539650 0
0  -1.021267 11.922968 -1.011326  -0.556549 -0.693997 -0.456750  0.297613 0.539650 0
0  -1.199134 11.922968 -0.794594  -0.556549 -0.693997 -0.456750  0.297613 0.539650 0
painted_wood_01
0  -0.168027 14.446769 -2.145113  -0.707716 0.000000 -0.706497  0.297613 0.539650 0
0  -0.168027 13.353199 -2.145113  -0.707716 0.000000 -0.706497  0.297613 0.539650 0
0  -0.292273 13.353199 -2.020653  -0.707716 0.000000 -0.706497  0.297613 0.539650 0
painted_wood_01
0  0.000000 14.068315 -2.288370  -0.648790 0.000000 -0.760968  0.297613 0.539650 0
0  0.000000 13.353199 -2.288370  -0.648790 0.000000 -0.760968  0.297613 0.539650 0
0  -0.168027 13.353199 -2.145113  -0.648790 0.000000 -0.760968  0.297613 0.539650 0
painted_wood_01
0  -0.292273 12.259628 -2.020653  -0.266279 -0.825179 -0.498172  0.297613 0.539650 0
0  -0.557266 11.922968 -1.321361  -0.266279 -0.825179 -0.498172  0.297613 0.539650 0
0  -0.804534 11.922968 -1.189194  -0.266279 -0.825179 -0.498172  0.297613 0.539650 0
painted_wood_01
0  -0.168027 12.259628 -2.145113  -0.242834 -0.852389 -0.463103  0.297613 0.539650 0
0  -0.288965 11.922968 -1.402750  -0.242832 -0.852387 -0.463108  0.297613 0.539650 0
0  -0.557266 11.922968 -1.321361  -0.242832 -0.852388 -0.463107  0.297613 0.539650 0
c_invasion_wrangler_laser
0  -1.835121 12.628347 -0.530627  -0.558269 -0.812192 -0.169352  0.199556 0.402423 0
0  -1.566179 12.405197 -0.346992  -0.558269 -0.812192 -0.169352  0.201414 0.406920 0
0  -1.600974 12.405197 -0.232287  -0.558269 -0.812192 -0.169352  0.203006 0.406708 0
painted_wood_01
0  0.000000 12.638083 -2.288370  0.455321 -0.759465 -0.464646  0.297613 0.539650 0
0  0.000000 11.922968 -1.430231  0.455328 -0.759448 -0.464666  0.297613 0.539650 0
0  -0.288965 11.922968 -1.402750  0.455333 -0.759436 -0.464681  0.297613 0.539650 0
c_invasion_wrangler_laser
0  -1.475944 12.259628 -0.836982  -0.813287 -0.581410 0.022956  0.194479 0.408409 0
0  -1.331302 11.922968 -0.547326  -0.813286 -0.581410 0.022955  0.198233 0.414103 0
0  -1.566179 12.405197 -0.346992  -0.813284 -0.581415 0.022940  0.201414 0.406920 0
painted_wood_01
0  -1.475944 14.446769 0.836982  -0.881921 0.000000 0.471398  0.297613 0.539650 0
0  -1.475944 13.353199 0.836982  -0.881921 0.000000 0.471398  0.297613 0.539650 0
0  -1.273830 13.353199 1.215109  -0.881921 0.000000 0.471398  0.297613 0.539650 0
painted_wood_01
0  -0.292273 14.446769 -2.020653  -0.471397 0.000000 -0.881921  0.297613 0.539650 0
0  -0.292273 13.353199 -2.020653  -0.471397 0.000000 -0.881921  0.297613 0.539650 0
0  -0.670400 13.353199 -1.818539  -0.471397 0.000000 -0.881921  0.297613 0.539650 0
c_invasion_wrangler_laser
0  -1.475944 12.259628 0.836982  -0.648944 0.000000 0.760836  0.217968 0.408427 0
0  -1.475944 13.353199 0.836982  -0.648944 0.000000 0.760836  0.219614 0.393704 0
0  -1.835121 13.353199 0.530627  -0.648944 0.000000 0.760836  0.213249 0.393697 0
c_invasion_wrangler_laser
0  -1.888332 12.628347 0.355218  -0.840153 -0.380355 -0.386616  0.210781 0.402231 0
0  -1.923318 13.353199 0.000000  -0.840158 -0.380352 -0.386611  0.206249 0.393664 0
0  -1.623852 12.405197 0.000000  -0.840161 -0.380349 -0.386606  0.206236 0.406536 0
c_invasion_wrangler_laser
0  -1.475944 14.446769 -0.836982  -0.648944 0.000000 -0.760837  0.194520 0.378905 0
0  -1.475944 13.353199 -0.836982  -0.648944 0.000000 -0.760837  0.192884 0.393629 0
0  -1.835121 13.353199 -0.530627  -0.648944 0.000000 -0.760837  0.199249 0.393632 0
gold_player
0  -1.331302 11.922968 -0.547326  -1.000000 -0.000000 0.000000  0.000000 0.000000 0
0  -1.331302 11.922968 0.547326  -1.000000 -0.000000 0.000000  0.000000 0.000000 0
0  -1.331302 14.783431 0.547326  -1.000000 -0.000000 0.000000  0.000000 0.000000 0
c_invasion_wrangler_laser
0  -1.331302 14.783431 0.547326  -0.951371 0.107735 0.288593  0.214281 0.373229 0
0  -1.261969 15.683431 0.439907  -0.951371 0.107735 0.288593  0.212342 0.360527 0
0  -1.327384 15.683431 0.224263  -0.951371 0.107735 0.288593  0.209269 0.361047 0
gold_player
0  -1.412690 11.922968 -0.279024  0.000000 1.000000 0.000000  0.000000 0.000000 0
0  -1.440172 11.922968 0.000000  0.000000 1.000000 0.000000  0.000000 0.000000 0
0  -1.412690 11.922968 0.279024  0.000000 1.000000 0.000000  0.000000 0.000000 0
gold_player
0  -1.412690 11.922968 0.279024  0.000000 1.000000 0.000000  0.000000 0.000000 0
0  -1.331302 11.922968 0.547326  0.000000 1.000000 0.000000  0.000000 0.000000 0
0  -1.331302 11.922968 -0.547326  0.000000 1.000000 0.000000  0.000000 0.000000 0
gold_player
0  -1.475944 13.353199 0.836982  -0.894658 0.000000 -0.446752  0.000000 0.000000 0
0  -1.475944 14.446769 0.836982  -0.894658 0.000000 -0.446752  0.000000 0.000000 0
0  -1.331302 14.783431 0.547326  -0.894658 0.000000 -0.446752  0.000000 0.000000 0
gold_player
0  -1.331302 14.783431 0.547326  -0.894657 0.000000 -0.446753  0.000000 0.000000 0
0  -1.331302 11.922968 0.547326  -0.894657 0.000000 -0.446753  0.000000 0.000000 0
0  -1.475944 13.353199 0.836982  -0.894657 0.000000 -0.446753  0.000000 0.000000 0
gold_player
0  -1.331302 14.783431 -0.547326  -0.894658 0.000000 0.446753  0.000000 0.000000 0
0  -1.475944 14.446769 -0.836982  -0.894658 0.000000 0.446753  0.000000 0.000000 0
0  -1.475944 13.353199 -0.836982  -0.894658 0.000000 0.446753  0.000000 0.000000 0
gold_player
0  -1.475944 13.353199 -0.836982  -0.894658 0.000000 0.446752  0.000000 0.000000 0
0  -1.475944 12.259628 -0.836982  -0.894658 0.000000 0.446752  0.000000 0.000000 0
0  -1.331302 11.922968 -0.547326  -0.894658 0.000000 0.446752  0.000000 0.000000 0
c_invasion_wrangler_laser
0  0.000000 13.667849 -5.391972  -0.860950 0.049861 -0.506240  0.175150 0.370364 0
0  -0.548739 13.667849 -4.458746  -0.860950 0.049861 -0.506240  0.163204 0.380109 0
0  -0.548739 14.537707 -4.373072  -0.860950 0.049861 -0.506240  0.170036 0.390333 0
c_invasion_wrangler_laser
0  0.000000 14.719771 -5.288366  -0.860950 0.147665 -0.486786  0.183671 0.383079 0
0  -0.548739 14.537707 -4.373072  -0.860950 0.147665 -0.486786  0.170036 0.390333 0
0  -0.548739 15.374139 -4.119344  -0.860950 0.147665 -0.486786  0.174684 0.401747 0
c_invasion_wrangler_laser
0  0.000000 15.731267 -4.981533  -0.860950 0.239795 -0.448624  0.189489 0.397229 0
0  -0.548739 15.374139 -4.119344  -0.860950 0.239795 -0.448624  0.174684 0.401747 0
0  -0.548739 16.144997 -3.707312  -0.860950 0.239795 -0.448624  0.177142 0.413872 0
c_invasion_wrangler_laser
0  0.000000 16.663467 -4.483261  -0.860950 0.322710 -0.393222  0.192584 0.412242 0
0  -0.548739 16.144997 -3.707312  -0.860950 0.322710 -0.393222  0.177142 0.413872 0
0  -0.548739 16.820660 -3.152809  -0.860950 0.322710 -0.393222  0.177328 0.426351 0
c_invasion_wrangler_laser
0  0.000000 17.480549 -3.812699  -0.860950 0.393223 -0.322710  0.192844 0.427506 0
0  -0.548739 16.820660 -3.152809  -0.860950 0.393223 -0.322710  0.177328 0.426351 0
0  -0.548739 17.375164 -2.477146  -0.860950 0.393223 -0.322710  0.175322 0.438573 0
c_invasion_wrangler_laser
0  0.000000 18.151112 -2.995618  -0.860950 0.448626 -0.239793  0.190351 0.442547 0
0  -0.548739 17.375164 -2.477146  -0.860950 0.448626 -0.239793  0.175322 0.438573 0
0  -0.548739 17.787193 -1.706289  -0.860950 0.448626 -0.239793  0.171090 0.450196 0
c_invasion_wrangler_laser
0  0.000000 18.649384 -2.063420  -0.860950 0.486785 -0.147665  0.185133 0.457033 0
0  -0.548739 17.787193 -1.706289  -0.860950 0.486785 -0.147665  0.171090 0.450196 0
0  -0.548739 18.040920 -0.869859  -0.860950 0.486785 -0.147665  0.164611 0.460825 0
c_invasion_wrangler_laser
0  0.000000 18.956215 -1.051922  -0.860950 0.506240 -0.049861  0.177134 0.470381 0
0  -0.548739 18.040920 -0.869859  -0.860950 0.506240 -0.049861  0.164611 0.460825 0
0  -0.548739 18.126595 0.000000  -0.860950 0.506240 -0.049861  0.156101 0.470048 0
c_invasion_wrangler_laser
0  0.000000 19.059822 0.000000  -0.860950 0.506240 0.049859  0.166348 0.481929 0
0  -0.548739 18.126595 0.000000  -0.860950 0.506240 0.049859  0.156101 0.470048 0
0  -0.548739 18.040920 0.869859  -0.860950 0.506240 0.049859  0.145703 0.477132 0
c_invasion_wrangler_laser
0  0.000000 18.956215 1.051922  -0.860950 0.486786 0.147665  0.153321 0.490970 0
0  -0.548739 18.040920 0.869859  -0.860950 0.486786 0.147665  0.145703 0.477132 0
0  -0.548739 17.787193 1.706289  -0.860950 0.486786 0.147665  0.134211 0.481969 0
c_invasion_wrangler_laser
0  0.000000 18.649384 2.063420  -0.860950 0.448624 0.239794  0.138857 0.496943 0
0  -0.548739 17.787193 1.706289  -0.860950 0.448624 0.239794  0.134211 0.481969 0
0  -0.548739 17.375164 2.477146  -0.860950 0.448624 0.239794  0.122093 0.484403 0
c_invasion_wrangler_laser
0  0.000000 18.151112 2.995618  -0.860950 0.393222 0.322710  0.123626 0.499897 0
0  -0.548739 17.375164 2.477146  -0.860950 0.393222 0.322710  0.122093 0.484403 0
0  -0.548739 16.820660 3.152809  -0.860950 0.393222 0.322710  0.109757 0.484444 0
c_invasion_wrangler_laser
0  0.000000 17.480549 3.812699  -0.860949 0.322710 0.393224  0.108216 0.499897 0
0  -0.548739 16.820660 3.152809  -0.860949 0.322710 0.393224  0.109757 0.484444 0
0  -0.548739 16.144997 3.707312  -0.860949 0.322710 0.393224  0.097677 0.481981 0
c_invasion_wrangler_laser
0  0.000000 16.663467 4.483261  -0.860949 0.239795 0.448626  0.093154 0.496810 0
0  -0.548739 16.144997 3.707312  -0.860949 0.239795 0.448626  0.097677 0.481981 0
0  -0.548739 15.374139 4.119344  -0.860949 0.239795 0.448626  0.086345 0.477196 0
c_invasion_wrangler_laser
0  0.000000 15.731267 4.981533  -0.860949 0.147664 0.486788  0.078981 0.490830 0
0  -0.548739 15.374139 4.119344  -0.860949 0.147664 0.486788  0.086345 0.477196 0
0  -0.548739 14.537707 4.373072  -0.860949 0.147664 0.486788  0.076113 0.470315 0
c_invasion_wrangler_laser
0  0.000000 14.719771 5.288366  -0.860950 0.049860 0.506241  0.066199 0.482257 0
0  -0.548739 14.537707 4.373072  -0.860950 0.049860 0.506241  0.076113 0.470315 0
0  -0.548739 13.667849 4.458746  -0.860950 0.049860 0.506241  0.067464 0.461500 0
c_invasion_wrangler_laser
0  0.000000 13.667849 5.391972  -0.860950 -0.049860 0.506241  0.055404 0.471277 0
0  -0.548739 13.667849 4.458746  -0.860950 -0.049860 0.506241  0.067464 0.461500 0
0  -0.548739 12.797991 4.373073  -0.860950 -0.049860 0.506241  0.060627 0.451188 0
c_invasion_wrangler_laser
0  0.000000 12.615927 5.288366  -0.860949 -0.147665 0.486787  0.046876 0.458439 0
0  -0.548739 12.797991 4.373073  -0.860949 -0.147665 0.486787  0.060627 0.451188 0
0  -0.548739 11.961559 4.119343  -0.860949 -0.147665 0.486787  0.055987 0.439690 0
c_invasion_wrangler_laser
0  0.000000 11.604427 4.981532  -0.860950 -0.239794 0.448624  0.041090 0.444154 0
0  -0.548739 11.961559 4.119343  -0.860950 -0.239794 0.448624  0.055987 0.439690 0
0  -0.548739 11.190701 3.707312  -0.860950 -0.239794 0.448624  0.053668 0.427534 0
c_invasion_wrangler_laser
0  0.000000 10.672230 4.483261  -0.860949 -0.322710 0.393223  0.038199 0.428993 0
0  -0.548739 11.190701 3.707312  -0.860949 -0.322710 0.393223  0.053668 0.427534 0
0  -0.548739 10.515038 3.152808  -0.860949 -0.322710 0.393223  0.053669 0.415145 0
c_invasion_wrangler_laser
0  0.000000 9.855145 3.812698  -0.860950 -0.393223 0.322709  0.038232 0.413589 0
0  -0.548739 10.515038 3.152808  -0.860950 -0.393223 0.322709  0.053669 0.415145 0
0  -0.548739 9.960536 2.477146  -0.860950 -0.393223 0.322709  0.056132 0.403006 0
c_invasion_wrangler_laser
0  0.000000 9.184587 2.995618  -0.860950 -0.448624 0.239794  0.041328 0.398546 0
0  -0.548739 9.960536 2.477146  -0.860950 -0.448624 0.239794  0.056132 0.403006 0
0  -0.548739 9.548505 1.706289  -0.860950 -0.448624 0.239794  0.060854 0.391620 0
c_invasion_wrangler_laser
0  0.000000 8.686316 2.063420  -0.860950 -0.486785 0.147665  0.047255 0.384442 0
0  -0.548739 9.548505 1.706289  -0.860950 -0.486785 0.147665  0.060854 0.391620 0
0  -0.548739 9.294775 0.869857  -0.860950 -0.486785 0.147665  0.067625 0.381425 0
c_invasion_wrangler_laser
0  0.000000 8.379480 1.051920  -0.860950 -0.506240 0.049861  0.055735 0.371843 0
0  -0.548739 9.294775 0.869857  -0.860950 -0.506240 0.049861  0.067625 0.381425 0
0  -0.548739 9.209102 0.000000  -0.860950 -0.506240 0.049861  0.076153 0.372877 0
c_invasion_wrangler_laser
0  0.000000 8.275875 0.000000  -0.860950 -0.506240 -0.049859  0.066325 0.361203 0
0  -0.548739 9.209102 0.000000  -0.860950 -0.506240 -0.049859  0.076153 0.372877 0
0  -0.548739 9.294775 -0.869857  -0.860950 -0.506240 -0.049859  0.085992 0.365902 0
c_invasion_wrangler_laser
0  0.000000 8.379480 -1.051920  -0.860950 -0.486786 -0.147667  0.078603 0.352620 0
0  -0.548739 9.294775 -0.869857  -0.860950 -0.486786 -0.147667  0.085992 0.365902 0
0  -0.548739 9.548505 -1.706289  -0.860950 -0.486786 -0.147667  0.097100 0.360980 0
c_invasion_wrangler_laser
0  0.000000 8.686316 -2.063420  -0.860950 -0.448624 -0.239793  0.092396 0.346485 0
0  -0.548739 9.548505 -1.706289  -0.860950 -0.448624 -0.239793  0.097100 0.360980 0
0  -0.548739 9.960536 -2.477146  -0.860950 -0.448624 -0.239793  0.108950 0.358304 0
c_invasion_wrangler_laser
0  0.000000 9.184587 -2.995618  -0.860950 -0.393223 -0.322709  0.107165 0.343144 0
0  -0.548739 9.960536 -2.477146  -0.860950 -0.393223 -0.322709  0.108950 0.358304 0
0  -0.548739 10.515038 -3.152808  -0.860950 -0.393223 -0.322709  0.121111 0.358026 0
c_invasion_wrangler_laser
0  0.000000 9.855145 -3.812698  -0.860950 -0.322710 -0.393222  0.122344 0.342777 0
0  -0.548739 10.515038 -3.152808  -0.860950 -0.322710 -0.393222  0.121111 0.358026 0
0  -0.548739 11.190701 -3.707312  -0.860950 -0.322710 -0.393222  0.133060 0.360241 0
c_invasion_wrangler_laser
0  0.000000 10.672230 -4.483261  -0.860949 -0.239795 -0.448626  0.137315 0.345540 0
0  -0.548739 11.190701 -3.707312  -0.860949 -0.239795 -0.448626  0.133060 0.360241 0
0  -0.548739 11.961559 -4.119343  -0.860949 -0.239795 -0.448626  0.144339 0.364761 0
c_invasion_wrangler_laser
0  0.000000 11.604427 -4.981532  -0.860950 -0.147665 -0.486785  0.151505 0.351181 0
0  -0.548739 11.961559 -4.119343  -0.860950 -0.147665 -0.486785  0.144339 0.364761 0
0  -0.548739 12.797991 -4.373073  -0.860950 -0.147665 -0.486785  0.154530 0.371472 0
c_invasion_wrangler_laser
0  0.000000 12.615927 -5.288366  -0.860950 -0.049860 -0.506240  0.164289 0.359576 0
0  -0.548739 12.797991 -4.373073  -0.860950 -0.049860 -0.506240  0.154530 0.371472 0
0  -0.548739 13.667849 -4.458746  -0.860950 -0.049860 -0.506240  0.163204 0.380109 0
gold_player
0  -0.225326 13.667850 4.736715  -0.854872 0.050855 0.516341  0.000000 0.000000 0
0  0.000000 13.667850 5.109774  -0.854872 0.050855 0.516341  0.000000 0.000000 0
0  0.000000 14.664721 5.011591  -0.854872 0.050855 0.516341  0.000000 0.000000 0
gold_player
0  -0.225326 14.591939 4.645701  -0.854872 0.150611 0.496497  0.000000 0.000000 0
0  0.000000 14.664721 5.011591  -0.854872 0.150611 0.496497  0.000000 0.000000 0
0  0.000000 15.623277 4.720815  -0.854872 0.150611 0.496497  0.000000 0.000000 0
gold_player
0  -0.225327 15.480515 4.376153  -0.854872 0.244579 0.457575  0.000000 0.000000 0
0  0.000000 15.623277 4.720815  -0.854872 0.244579 0.457575  0.000000 0.000000 0
0  0.000000 16.506691 4.248621  -0.854872 0.244579 0.457575  0.000000 0.000000 0
gold_player
0  -0.225327 16.299431 3.938434  -0.854871 0.329149 0.401069  0.000000 0.000000 0
0  0.000000 16.506691 4.248621  -0.854871 0.329149 0.401069  0.000000 0.000000 0
0  0.000000 17.281006 3.613157  -0.854871 0.329149 0.401069  0.000000 0.000000 0
gold_player
0  -0.225327 17.017216 3.349365  -0.854870 0.401070 0.329150  0.000000 0.000000 0
0  0.000000 17.281006 3.613157  -0.854870 0.401070 0.329150  0.000000 0.000000 0
0  0.000000 17.916473 2.838837  -0.854870 0.401070 0.329150  0.000000 0.000000 0
gold_player
0  -0.225327 17.606289 2.631577  -0.854871 0.457577 0.244580  0.000000 0.000000 0
0  0.000000 17.916473 2.838837  -0.854871 0.457577 0.244580  0.000000 0.000000 0
0  0.000000 18.388668 1.955426  -0.854871 0.457577 0.244580  0.000000 0.000000 0
gold_player
0  -0.225327 18.044006 1.812662  -0.854872 0.496498 0.150611  0.000000 0.000000 0
0  0.000000 18.388668 1.955426  -0.854872 0.496498 0.150611  0.000000 0.000000 0
0  0.000000 18.679443 0.996867  -0.854872 0.496498 0.150611  0.000000 0.000000 0
gold_player
0  -0.225327 18.313549 0.924087  -0.854874 0.516337 0.050853  0.000000 0.000000 0
0  0.000000 18.679443 0.996867  -0.854874 0.516337 0.050853  0.000000 0.000000 0
0  0.000000 18.777626 0.000000  -0.854874 0.516337 0.050853  0.000000 0.000000 0
gold_player
0  -0.225327 18.404568 0.000000  -0.854872 0.516341 -0.050855  0.000000 0.000000 0
0  0.000000 18.777626 0.000000  -0.854872 0.516341 -0.050855  0.000000 0.000000 0
0  0.000000 18.679443 -0.996867  -0.854872 0.516341 -0.050855  0.000000 0.000000 0
gold_player
0  -0.225327 18.313549 -0.924087  -0.854874 0.496495 -0.150612  0.000000 0.000000 0
0  0.000000 18.679443 -0.996867  -0.854874 0.496495 -0.150612  0.000000 0.000000 0
0  0.000000 18.388668 -1.955426  -0.854874 0.496495 -0.150612  0.000000 0.000000 0
gold_player
0  -0.225327 18.044006 -1.812662  -0.854872 0.457575 -0.244581  0.000000 0.000000 0
0  0.000000 18.388668 -1.955426  -0.854872 0.457575 -0.244581  0.000000 0.000000 0
0  0.000000 17.916473 -2.838837  -0.854872 0.457575 -0.244581  0.000000 0.000000 0
gold_player
0  -0.225327 17.606289 -2.631577  -0.854870 0.401070 -0.329150  0.000000 0.000000 0
0  0.000000 17.916473 -2.838837  -0.854870 0.401070 -0.329150  0.000000 0.000000 0
0  0.000000 17.281006 -3.613157  -0.854870 0.401070 -0.329150  0.000000 0.000000 0
gold_player
0  -0.225327 17.017216 -3.349365  -0.854871 0.329150 -0.401069  0.000000 0.000000 0
0  0.000000 17.281006 -3.613157  -0.854871 0.329150 -0.401069  0.000000 0.000000 0
0  0.000000 16.506691 -4.248621  -0.854871 0.329150 -0.401069  0.000000 0.000000 0
gold_player
0  -0.225327 16.299431 -3.938434  -0.854872 0.244579 -0.457576  0.000000 0.000000 0
0  0.000000 16.506691 -4.248621  -0.854872 0.244579 -0.457576  0.000000 0.000000 0
0  0.000000 15.623277 -4.720815  -0.854872 0.244579 -0.457576  0.000000 0.000000 0
gold_player
0  -0.225327 15.480515 -4.376153  -0.854872 0.150612 -0.496498  0.000000 0.000000 0
0  0.000000 15.623277 -4.720815  -0.854872 0.150612 -0.496498  0.000000 0.000000 0
0  0.000000 14.664721 -5.011591  -0.854872 0.150612 -0.496498  0.000000 0.000000 0
gold_player
0  -0.225326 14.591939 -4.645701  -0.854871 0.050855 -0.516341  0.000000 0.000000 0
0  0.000000 14.664721 -5.011591  -0.854871 0.050855 -0.516341  0.000000 0.000000 0
0  0.000000 13.667850 -5.109774  -0.854871 0.050855 -0.516341  0.000000 0.000000 0
gold_player
0  -0.225326 13.667850 -4.736715  -0.854871 -0.050855 -0.516342  0.000000 0.000000 0
0  0.000000 13.667850 -5.109774  -0.854871 -0.050855 -0.516342  0.000000 0.000000 0
0  0.000000 12.670982 -5.011591  -0.854871 -0.050855 -0.516342  0.000000 0.000000 0
gold_player
0  -0.225326 12.743763 -4.645701  -0.854873 -0.150610 -0.496497  0.000000 0.000000 0
0  0.000000 12.670982 -5.011591  -0.854873 -0.150610 -0.496497  0.000000 0.000000 0
0  0.000000 11.712427 -4.720817  -0.854873 -0.150610 -0.496497  0.000000 0.000000 0
gold_player
0  -0.225326 11.855192 -4.376155  -0.854873 -0.244579 -0.457574  0.000000 0.000000 0
0  0.000000 11.712427 -4.720817  -0.854873 -0.244579 -0.457574  0.000000 0.000000 0
0  0.000000 10.829014 -4.248622  -0.854873 -0.244579 -0.457574  0.000000 0.000000 0
gold_player
0  -0.225326 11.036272 -3.938435  -0.854871 -0.329147 -0.401070  0.000000 0.000000 0
0  0.000000 10.829014 -4.248622  -0.854871 -0.329147 -0.401070  0.000000 0.000000 0
0  0.000000 10.054694 -3.613157  -0.854871 -0.329147 -0.401070  0.000000 0.000000 0
gold_player
0  -0.225326 10.318487 -3.349365  -0.854873 -0.401067 -0.329147  0.000000 0.000000 0
0  0.000000 10.054694 -3.613157  -0.854873 -0.401067 -0.329147  0.000000 0.000000 0
0  0.000000 9.419230 -2.838842  -0.854873 -0.401067 -0.329147  0.000000 0.000000 0
gold_player
0  -0.225326 9.729414 -2.631582  -0.854872 -0.457575 -0.244579  0.000000 0.000000 0
0  0.000000 9.419230 -2.838842  -0.854872 -0.457575 -0.244579  0.000000 0.000000 0
0  0.000000 8.947033 -1.955427  -0.854872 -0.457575 -0.244579  0.000000 0.000000 0
gold_player
0  -0.225326 9.291693 -1.812664  -0.854872 -0.496498 -0.150612  0.000000 0.000000 0
0  0.000000 8.947033 -1.955427  -0.854872 -0.496498 -0.150612  0.000000 0.000000 0
0  0.000000 8.656258 -0.996871  -0.854872 -0.496498 -0.150612  0.000000 0.000000 0
gold_player
0  -0.225326 9.022147 -0.924090  -0.854872 -0.516340 -0.050856  0.000000 0.000000 0
0  0.000000 8.656258 -0.996871  -0.854872 -0.516340 -0.050856  0.000000 0.000000 0
0  0.000000 8.558072 0.000000  -0.854872 -0.516340 -0.050856  0.000000 0.000000 0
gold_player
0  -0.225325 8.931132 0.000000  -0.854874 -0.516337 0.050856  0.000000 0.000000 0
0  0.000000 8.558072 0.000000  -0.854874 -0.516337 0.050856  0.000000 0.000000 0
0  0.000000 8.656258 0.996871  -0.854874 -0.516337 0.050856  0.000000 0.000000 0
gold_player
0  -0.225326 9.022147 0.924090  -0.854872 -0.496497 0.150611  0.000000 0.000000 0
0  0.000000 8.656258 0.996871  -0.854872 -0.496497 0.150611  0.000000 0.000000 0
0  0.000000 8.947033 1.955427  -0.854872 -0.496497 0.150611  0.000000 0.000000 0
gold_player
0  -0.225326 9.291693 1.812664  -0.854872 -0.457575 0.244580  0.000000 0.000000 0
0  0.000000 8.947033 1.955427  -0.854872 -0.457575 0.244580  0.000000 0.000000 0
0  0.000000 9.419230 2.838842  -0.854872 -0.457575 0.244580  0.000000 0.000000 0
gold_player
0  -0.225326 9.729414 2.631582  -0.854872 -0.401068 0.329148  0.000000 0.000000 0
0  0.000000 9.419230 2.838842  -0.854872 -0.401068 0.329148  0.000000 0.000000 0
0  0.000000 10.054694 3.613157  -0.854872 -0.401068 0.329148  0.000000 0.000000 0
gold_player
0  -0.225326 10.318487 3.349365  -0.854872 -0.329146 0.401069  0.000000 0.000000 0
0  0.000000 10.054694 3.613157  -0.854872 -0.329146 0.401069  0.000000 0.000000 0
0  0.000000 10.829014 4.248622  -0.854872 -0.329146 0.401069  0.000000 0.000000 0
gold_player
0  -0.225326 11.036272 3.938435  -0.854871 -0.244580 0.457576  0.000000 0.000000 0
0  0.000000 10.829014 4.248622  -0.854871 -0.244580 0.457576  0.000000 0.000000 0
0  0.000000 11.712427 4.720817  -0.854871 -0.244580 0.457576  0.000000 0.000000 0
gold_player
0  -0.225326 11.855192 4.376155  -0.854874 -0.150610 0.496496  0.000000 0.000000 0
0  0.000000 11.712427 4.720817  -0.854874 -0.150610 0.496496  0.000000 0.000000 0
0  0.000000 12.670982 5.011591  -0.854874 -0.150610 0.496496  0.000000 0.000000 0
gold_player
0  -0.225326 12.743763 4.645701  -0.854872 -0.050855 0.516341  0.000000 0.000000 0
0  0.000000 12.670982 5.011591  -0.854872 -0.050855 0.516341  0.000000 0.000000 0
0  0.000000 13.667850 5.109774  -0.854872 -0.050855 0.516341  0.000000 0.000000 0
painted_wood_01
0  0.000000 12.923445 6.255380  -0.832316 -0.078900 0.548658  0.297613 0.539650 0
0  -0.505387 12.432436 5.504190  -0.832316 -0.078903 0.548657  0.297613 0.539650 0
0  -0.505387 11.426786 5.273464  -0.832318 -0.078907 0.548654  0.297613 0.539650 0
painted_wood_01
0  0.000000 11.153833 6.087034  -0.860596 -0.208539 0.464635  0.297613 0.539650 0
0  -0.505387 11.426786 5.273464  -0.860596 -0.208539 0.464635  0.297613 0.539650 0
0  -0.505387 10.485473 4.850979  -0.860596 -0.208539 0.464635  0.297613 0.539650 0
painted_wood_01
0  0.000000 10.059043 5.595666  -0.860596 -0.295178 0.415022  0.297613 0.539650 0
0  -0.505387 10.485473 4.850979  -0.860596 -0.295178 0.415022  0.297613 0.539650 0
0  -0.505387 9.644668 4.252969  -0.860596 -0.295178 0.415022  0.297613 0.539650 0
painted_wood_01
0  0.000000 9.081148 4.900154  -0.861624 -0.341149 0.375795  0.297613 0.539650 0
0  -0.505387 9.644668 4.252969  -0.861624 -0.341149 0.375795  0.297613 0.539650 0
0  -0.505387 9.059424 3.721681  -0.861624 -0.341149 0.375795  0.297613 0.539650 0
painted_wood_01
0  0.000000 8.452627 4.328477  -0.860597 -0.393683 0.323089  0.297613 0.539650 0
0  -0.505387 9.059424 3.721681  -0.860597 -0.393683 0.323089  0.297613 0.539650 0
0  -0.505387 8.404872 2.924109  -0.860597 -0.393683 0.323089  0.297613 0.539650 0
painted_wood_01
0  0.000000 7.691356 3.400866  -0.860597 -0.449151 0.240077  0.297613 0.539650 0
0  -0.505387 8.404872 2.924109  -0.860597 -0.449151 0.240077  0.297613 0.539650 0
0  -0.505387 7.918493 2.014160  -0.860597 -0.449151 0.240077  0.297613 0.539650 0
painted_wood_01
0  0.000000 7.125676 2.342555  -0.860597 -0.487357 0.147838  0.297613 0.539650 0
0  -0.505387 7.918493 2.014160  -0.860597 -0.487357 0.147838  0.297613 0.539650 0
0  -0.505388 7.618985 1.026812  -0.860597 -0.487357 0.147838  0.297613 0.539650 0
painted_wood_01
0  0.000000 6.777333 1.194227  -0.862772 -0.502769 0.053361  0.297613 0.539650 0
0  -0.505388 7.618985 1.026812  -0.862772 -0.502769 0.053360  0.297613 0.539650 0
0  -0.505388 7.517852 0.000000  -0.862772 -0.502769 0.053360  0.297613 0.539650 0
painted_wood_01
0  -0.009941 6.659712 0.000000  -0.862783 -0.502749 -0.053379  0.297613 0.539650 0
0  -0.505388 7.517852 0.000000  -0.862783 -0.502749 -0.053379  0.297613 0.539650 0
0  -0.505388 7.618985 -1.026812  -0.862783 -0.502749 -0.053379  0.297613 0.539650 0
painted_wood_01
0  0.000000 6.777333 -1.194227  -0.860597 -0.487357 -0.147838  0.297613 0.539650 0
0  -0.505388 7.618985 -1.026812  -0.860597 -0.487357 -0.147838  0.297613 0.539650 0
0  -0.505387 7.918493 -2.014160  -0.860597 -0.487357 -0.147838  0.297613 0.539650 0
painted_wood_01
0  0.000000 7.125676 -2.342555  -0.860597 -0.449151 -0.240077  0.297613 0.539650 0
0  -0.505387 7.918493 -2.014160  -0.860597 -0.449151 -0.240077  0.297613 0.539650 0
0  -0.505387 8.404872 -2.924109  -0.860597 -0.449151 -0.240077  0.297613 0.539650 0
painted_wood_01
0  0.000000 7.691356 -3.400866  -0.860597 -0.393684 -0.323088  0.297613 0.539650 0
0  -0.505387 8.404872 -2.924109  -0.860597 -0.393684 -0.323088  0.297613 0.539650 0
0  -0.505387 9.059424 -3.721681  -0.860597 -0.393684 -0.323088  0.297613 0.539650 0
painted_wood_01
0  0.000000 8.452627 -4.328477  -0.861521 -0.341456 -0.375751  0.297613 0.539650 0
0  -0.505387 9.059424 -3.721681  -0.861521 -0.341456 -0.375751  0.297613 0.539650 0
0  -0.505387 9.644668 -4.252969  -0.861521 -0.341456 -0.375751  0.297613 0.539650 0
painted_wood_01
0  0.000000 9.081148 -4.900154  -0.860596 -0.295178 -0.415022  0.297613 0.539650 0
0  -0.505387 9.644668 -4.252969  -0.860596 -0.295178 -0.415022  0.297613 0.539650 0
0  -0.505387 10.485473 -4.850979  -0.860596 -0.295178 -0.415022  0.297613 0.539650 0
painted_wood_01
0  0.000000 10.059043 -5.595666  -0.860597 -0.208539 -0.464634  0.297613 0.539650 0
0  -0.505387 10.485473 -4.850979  -0.860597 -0.208539 -0.464634  0.297613 0.539650 0
0  -0.505387 11.426786 -5.273464  -0.860597 -0.208539 -0.464634  0.297613 0.539650 0
painted_wood_01
0  0.000000 11.153833 -6.087034  -0.832341 -0.078901 -0.548619  0.297613 0.539650 0
0  -0.505387 11.426786 -5.273464  -0.832337 -0.078912 -0.548624  0.297613 0.539650 0
0  -0.505387 12.432436 -5.504190  -0.832336 -0.078913 -0.548625  0.297613 0.539650 0
gold_player
0  -0.225326 9.022147 0.924090  0.006964 0.995161 -0.098016  0.000000 0.000000 0
0  0.000000 9.020600 0.924394  0.006964 0.995161 -0.098016  0.000000 0.000000 0
0  0.000000 8.929555 0.000000  0.006964 0.995161 -0.098016  0.000000 0.000000 0
gold_player
0  -0.225326 9.291693 1.812664  0.006958 0.956918 -0.290276  0.000000 0.000000 0
0  0.000000 9.290237 1.813267  0.006958 0.956918 -0.290276  0.000000 0.000000 0
0  0.000000 9.020600 0.924394  0.006958 0.956918 -0.290276  0.000000 0.000000 0
gold_player
0  -0.225326 9.729414 2.631582  0.006960 0.881900 -0.471385  0.000000 0.000000 0
0  0.000000 9.728102 2.632453  0.006960 0.881900 -0.471385  0.000000 0.000000 0
0  0.000000 9.290237 1.813267  0.006960 0.881900 -0.471385  0.000000 0.000000 0
gold_player
0  -0.225326 10.318487 3.349365  0.006968 0.772990 -0.634379  0.000000 0.000000 0
0  0.000000 10.317369 3.350477  0.006968 0.772990 -0.634379  0.000000 0.000000 0
0  0.000000 9.728102 2.632453  0.006968 0.772990 -0.634379  0.000000 0.000000 0
gold_player
0  -0.225326 11.036272 3.938435  0.006960 0.634377 -0.772992  0.000000 0.000000 0
0  0.000000 11.035397 3.939746  0.006960 0.634377 -0.772992  0.000000 0.000000 0
0  0.000000 10.317369 3.350477  0.006960 0.634377 -0.772992  0.000000 0.000000 0
gold_player
0  -0.225326 11.855192 4.376155  0.006978 0.471386 -0.881899  0.000000 0.000000 0
0  0.000000 11.854580 4.377610  0.006978 0.471386 -0.881899  0.000000 0.000000 0
0  0.000000 11.035397 3.939746  0.006978 0.471386 -0.881899  0.000000 0.000000 0
gold_player
0  -0.225326 12.743763 4.645701  0.006967 0.290278 -0.956917  0.000000 0.000000 0
0  0.000000 12.743452 4.647247  0.006967 0.290278 -0.956917  0.000000 0.000000 0
0  0.000000 11.854580 4.377610  0.006967 0.290278 -0.956917  0.000000 0.000000 0
gold_player
0  -0.225326 13.667850 4.736715  0.006962 0.098014 -0.995161  0.000000 0.000000 0
0  0.000000 13.667849 4.738292  0.006962 0.098014 -0.995161  0.000000 0.000000 0
0  0.000000 12.743452 4.647247  0.006962 0.098014 -0.995161  0.000000 0.000000 0
gold_player
0  -0.225326 14.591939 4.645701  0.006958 -0.098015 -0.995161  0.000000 0.000000 0
0  0.000000 14.592244 4.647247  0.006958 -0.098015 -0.995161  0.000000 0.000000 0
0  0.000000 13.667849 4.738292  0.006958 -0.098015 -0.995161  0.000000 0.000000 0
gold_player
0  -0.225327 15.480515 4.376153  0.006962 -0.290277 -0.956917  0.000000 0.000000 0
0  0.000000 15.481114 4.377611  0.006962 -0.290277 -0.956917  0.000000 0.000000 0
0  0.000000 14.592244 4.647247  0.006962 -0.290277 -0.956917  0.000000 0.000000 0
gold_player
0  -0.225327 16.299431 3.938434  0.006960 -0.471383 -0.881901  0.000000 0.000000 0
0  0.000000 16.300304 3.939746  0.006960 -0.471383 -0.881901  0.000000 0.000000 0
0  0.000000 15.481114 4.377611  0.006960 -0.471383 -0.881901  0.000000 0.000000 0
gold_player
0  -0.225327 17.017216 3.349365  0.006955 -0.634378 -0.772992  0.000000 0.000000 0
0  0.000000 17.018330 3.350478  0.006955 -0.634378 -0.772992  0.000000 0.000000 0
0  0.000000 16.300304 3.939746  0.006955 -0.634378 -0.772992  0.000000 0.000000 0
gold_player
0  -0.225327 17.606289 2.631577  0.006957 -0.772992 -0.634378  0.000000 0.000000 0
0  0.000000 17.607597 2.632453  0.006957 -0.772992 -0.634378  0.000000 0.000000 0
0  0.000000 17.018330 3.350478  0.006957 -0.772992 -0.634378  0.000000 0.000000 0
gold_player
0  -0.225327 18.044006 1.812662  0.006954 -0.881902 -0.471381  0.000000 0.000000 0
0  0.000000 18.045460 1.813267  0.006954 -0.881902 -0.471381  0.000000 0.000000 0
0  0.000000 17.607597 2.632453  0.006954 -0.881902 -0.471381  0.000000 0.000000 0
gold_player
0  -0.225327 18.313549 0.924087  0.006975 -0.956917 -0.290280  0.000000 0.000000 0
0  0.000000 18.315098 0.924396  0.006975 -0.956917 -0.290280  0.000000 0.000000 0
0  0.000000 18.045460 1.813267  0.006975 -0.956917 -0.290280  0.000000 0.000000 0
gold_player
0  -0.225327 18.404568 0.000000  0.006958 -0.995161 -0.098013  0.000000 0.000000 0
0  0.000000 18.406143 0.000000  0.006958 -0.995161 -0.098013  0.000000 0.000000 0
0  0.000000 18.315098 0.924396  0.006958 -0.995161 -0.098013  0.000000 0.000000 0
gold_player
0  -0.225327 18.313549 -0.924087  0.006975 -0.995161 0.098013  0.000000 0.000000 0
0  0.000000 18.315098 -0.924396  0.006975 -0.995161 0.098013  0.000000 0.000000 0
0  0.000000 18.406143 0.000000  0.006975 -0.995161 0.098013  0.000000 0.000000 0
gold_player
0  -0.225327 18.044006 -1.812662  0.006951 -0.956917 0.290280  0.000000 0.000000 0
0  0.000000 18.045460 -1.813267  0.006951 -0.956917 0.290280  0.000000 0.000000 0
0  0.000000 18.315098 -0.924396  0.006951 -0.956917 0.290280  0.000000 0.000000 0
gold_player
0  -0.225327 17.606289 -2.631577  0.006957 -0.881900 0.471385  0.000000 0.000000 0
0  0.000000 17.607597 -2.632453  0.006957 -0.881900 0.471385  0.000000 0.000000 0
0  0.000000 18.045460 -1.813267  0.006957 -0.881900 0.471385  0.000000 0.000000 0
gold_player
0  -0.225327 17.017216 -3.349365  0.006955 -0.772992 0.634378  0.000000 0.000000 0
0  0.000000 17.018330 -3.350478  0.006955 -0.772992 0.634378  0.000000 0.000000 0
0  0.000000 17.607597 -2.632453  0.006955 -0.772992 0.634378  0.000000 0.000000 0
gold_player
0  -0.225327 16.299431 -3.938434  0.006958 -0.634379 0.772991  0.000000 0.000000 0
0  0.000000 16.300304 -3.939746  0.006958 -0.634379 0.772991  0.000000 0.000000 0
0  0.000000 17.018330 -3.350478  0.006958 -0.634379 0.772991  0.000000 0.000000 0
gold_player
0  -0.225327 15.480515 -4.376153  0.006962 -0.471385 0.881900  0.000000 0.000000 0
0  0.000000 15.481114 -4.377611  0.006962 -0.471385 0.881900  0.000000 0.000000 0
0  0.000000 16.300304 -3.939746  0.006962 -0.471385 0.881900  0.000000 0.000000 0
gold_player
0  -0.225326 14.591939 -4.645701  0.006962 -0.290277 0.956917  0.000000 0.000000 0
0  0.000000 14.592244 -4.647247  0.006962 -0.290277 0.956917  0.000000 0.000000 0
0  0.000000 15.481114 -4.377611  0.006962 -0.290277 0.956917  0.000000 0.000000 0
gold_player
0  -0.225326 13.667850 -4.736715  0.006958 -0.098015 0.995161  0.000000 0.000000 0
0  0.000000 13.667849 -4.738292  0.006958 -0.098015 0.995161  0.000000 0.000000 0
0  0.000000 14.592244 -4.647247  0.006958 -0.098015 0.995161  0.000000 0.000000 0
gold_player
0  -0.225326 12.743763 -4.645701  0.006962 0.098014 0.995161  0.000000 0.000000 0
0  0.000000 12.743452 -4.647247  0.006962 0.098014 0.995161  0.000000 0.000000 0
0  0.000000 13.667849 -4.738292  0.006962 0.098014 0.995161  0.000000 0.000000 0
gold_player
0  -0.225326 11.855192 -4.376155  0.006967 0.290279 0.956917  0.000000 0.000000 0
0  0.000000 11.854580 -4.377610  0.006967 0.290279 0.956917  0.000000 0.000000 0
0  0.000000 12.743452 -4.647247  0.006967 0.290279 0.956917  0.000000 0.000000 0
gold_player
0  -0.225326 11.036272 -3.938435  0.006962 0.471387 0.881899  0.000000 0.000000 0
0  0.000000 11.035397 -3.939746  0.006962 0.471387 0.881899  0.000000 0.000000 0
0  0.000000 11.854580 -4.377610  0.006962 0.471387 0.881899  0.000000 0.000000 0
gold_player
0  -0.225326 10.318487 -3.349365  0.006962 0.634378 0.772992  0.000000 0.000000 0
0  0.000000 10.317369 -3.350477  0.006962 0.634378 0.772992  0.000000 0.000000 0
0  0.000000 11.035397 -3.939746  0.006962 0.634378 0.772992  0.000000 0.000000 0
gold_player
0  -0.225326 9.729414 -2.631582  0.006957 0.772991 0.634379  0.000000 0.000000 0
0  0.000000 9.728102 -2.632453  0.006957 0.772991 0.634379  0.000000 0.000000 0
0  0.000000 10.317369 -3.350477  0.006957 0.772991 0.634379  0.000000 0.000000 0
gold_player
0  -0.225326 9.291693 -1.812664  0.006959 0.881899 0.471387  0.000000 0.000000 0
0  0.000000 9.290237 -1.813267  0.006959 0.881899 0.471387  0.000000 0.000000 0
0  0.000000 9.728102 -2.632453  0.006959 0.881899 0.471387  0.000000 0.000000 0
gold_player
0  -0.225326 9.022147 -0.924090  0.006960 0.956917 0.290278  0.000000 0.000000 0
0  0.000000 9.020600 -0.924394  0.006960 0.956917 0.290278  0.000000 0.000000 0
0  0.000000 9.290237 -1.813267  0.006960 0.956917 0.290278  0.000000 0.000000 0
gold_player
0  -0.225325 8.931132 0.000000  0.006967 0.995160 0.098016  0.000000 0.000000 0
0  0.000000 8.929555 0.000000  0.006967 0.995160 0.098016  0.000000 0.000000 0
0  0.000000 9.020600 -0.924394  0.006967 0.995160 0.098016  0.000000 0.000000 0
c_invasion_wrangler_laser
0  -0.548739 9.209102 0.000000  0.057143 0.993558 0.097861  0.076153 0.372877 0
0  0.000000 9.177542 0.000000  0.057143 0.993558 0.097861  0.080623 0.378167 0
0  0.000000 9.263824 -0.876018  0.057143 0.993558 0.097861  0.089509 0.372129 0
c_invasion_wrangler_laser
0  -0.548739 9.294775 0.869857  0.057140 0.993559 -0.097859  0.067625 0.381425 0
0  0.000000 9.263824 0.876018  0.057140 0.993559 -0.097859  0.073218 0.385949 0
0  0.000000 9.177542 0.000000  0.057140 0.993559 -0.097859  0.080623 0.378167 0
c_invasion_wrangler_laser
0  -0.548739 9.548505 1.706289  0.057143 0.955377 -0.289810  0.060854 0.391620 0
0  0.000000 9.519347 1.718367  0.057143 0.955377 -0.289810  0.067282 0.395057 0
0  0.000000 9.263824 0.876018  0.057143 0.955377 -0.289810  0.073218 0.385949 0
c_invasion_wrangler_laser
0  -0.548739 9.960536 2.477146  0.057139 0.880480 -0.470628  0.056132 0.403006 0
0  0.000000 9.934299 2.494684  0.057139 0.880480 -0.470628  0.063138 0.405172 0
0  0.000000 9.519347 1.718367  0.057139 0.880480 -0.470628  0.067282 0.395057 0
c_invasion_wrangler_laser
0  -0.548739 10.515038 3.152808  0.057140 0.771748 -0.633357  0.053669 0.415145 0
0  0.000000 10.492725 3.175127  0.057140 0.771748 -0.633357  0.060995 0.415916 0
0  0.000000 9.934299 2.494684  0.057140 0.771748 -0.633357  0.063138 0.405172 0
c_invasion_wrangler_laser
0  -0.548739 11.190701 3.707312  0.057137 0.633355 -0.771749  0.053668 0.427534 0
0  0.000000 11.173172 3.733553  0.057137 0.633355 -0.771749  0.060982 0.426884 0
0  0.000000 10.492725 3.175127  0.057137 0.633355 -0.771749  0.060995 0.415916 0
c_invasion_wrangler_laser
0  -0.548739 11.961559 4.119343  0.057143 0.470628 -0.880480  0.055987 0.439690 0
0  0.000000 11.949486 4.148503  0.057143 0.470628 -0.880480  0.063051 0.437646 0
0  0.000000 11.173172 3.733553  0.057143 0.470628 -0.880480  0.060982 0.426884 0
c_invasion_wrangler_laser
0  -0.548739 12.797991 4.373073  0.057140 0.289809 -0.955377  0.060627 0.451188 0
0  0.000000 12.791836 4.404026  0.057140 0.289809 -0.955377  0.067163 0.447793 0
0  0.000000 11.949486 4.148503  0.057140 0.289809 -0.955377  0.063051 0.437646 0
c_invasion_wrangler_laser
0  -0.548739 13.667849 4.458746  0.057141 0.097857 -0.993559  0.067464 0.461500 0
0  0.000000 13.667850 4.490306  0.057141 0.097857 -0.993559  0.073184 0.456924 0
0  0.000000 12.791836 4.404026  0.057141 0.097857 -0.993559  0.067163 0.447793 0
c_invasion_wrangler_laser
0  -0.548739 14.537707 4.373072  0.057142 -0.097857 -0.993559  0.076113 0.470315 0
0  0.000000 14.543868 4.404026  0.057142 -0.097857 -0.993559  0.080834 0.464697 0
0  0.000000 13.667850 4.490306  0.057142 -0.097857 -0.993559  0.073184 0.456924 0
c_invasion_wrangler_laser
0  -0.548739 15.374139 4.119344  0.057142 -0.289810 -0.955377  0.086345 0.477196 0
0  0.000000 15.386218 4.148501  0.057142 -0.289810 -0.955377  0.089857 0.470797 0
0  0.000000 14.543868 4.404026  0.057142 -0.289810 -0.955377  0.080834 0.464697 0
c_invasion_wrangler_laser
0  -0.548739 16.144997 3.707312  0.057144 -0.470628 -0.880479  0.097677 0.481981 0
0  0.000000 16.162533 3.733552  0.057144 -0.470628 -0.880479  0.099870 0.475010 0
0  0.000000 15.386218 4.148501  0.057144 -0.470628 -0.880479  0.089857 0.470797 0
c_invasion_wrangler_laser
0  -0.548739 16.820660 3.152809  0.057148 -0.633354 -0.771749  0.109757 0.484444 0
0  0.000000 16.842979 3.175126  0.057148 -0.633354 -0.771749  0.110515 0.477153 0
0  0.000000 16.162533 3.733552  0.057148 -0.633354 -0.771749  0.099870 0.475010 0
c_invasion_wrangler_laser
0  -0.548739 17.375164 2.477146  0.057142 -0.771750 -0.633353  0.122093 0.484403 0
0  0.000000 17.401405 2.494679  0.057142 -0.771750 -0.633353  0.121388 0.477116 0
0  0.000000 16.842979 3.175126  0.057142 -0.771750 -0.633353  0.110515 0.477153 0
c_invasion_wrangler_laser
0  -0.548739 17.787193 1.706289  0.057145 -0.880481 -0.470625  0.134211 0.481969 0
0  0.000000 17.816353 1.718366  0.057145 -0.880481 -0.470625  0.132048 0.474912 0
0  0.000000 17.401405 2.494679  0.057145 -0.880481 -0.470625  0.121388 0.477116 0
c_invasion_wrangler_laser
0  -0.548739 18.040920 0.869859  0.057147 -0.955377 -0.289808  0.145703 0.477132 0
0  0.000000 18.071877 0.876015  0.057147 -0.955377 -0.289808  0.142096 0.470571 0
0  0.000000 17.816353 1.718366  0.057147 -0.955377 -0.289808  0.132048 0.474912 0
c_invasion_wrangler_laser
0  -0.548739 18.126595 0.000000  0.057148 -0.993558 -0.097859  0.156101 0.470048 0
0  0.000000 18.158157 0.000000  0.057148 -0.993558 -0.097859  0.151104 0.464231 0
0  0.000000 18.071877 0.876015  0.057148 -0.993558 -0.097859  0.142096 0.470571 0
c_invasion_wrangler_laser
0  -0.548739 18.040920 -0.869859  0.057148 -0.993558 0.097859  0.164611 0.460825 0
0  0.000000 18.071877 -0.876015  0.057148 -0.993558 0.097859  0.158663 0.456294 0
0  0.000000 18.158157 0.000000  0.057148 -0.993558 0.097859  0.151104 0.464231 0
c_invasion_wrangler_laser
0  -0.548739 17.787193 -1.706289  0.057146 -0.955376 0.289812  0.171090 0.450196 0
0  0.000000 17.816353 -1.718366  0.057146 -0.955376 0.289812  0.164442 0.447007 0
0  0.000000 18.071877 -0.876015  0.057146 -0.955376 0.289812  0.158663 0.456294 0
c_invasion_wrangler_laser
0  -0.548739 17.375164 -2.477146  0.057142 -0.880479 0.470628  0.175322 0.438573 0
0  0.000000 17.401405 -2.494679  0.057142 -0.880479 0.470628  0.168218 0.436772 0
0  0.000000 17.816353 -1.718366  0.057142 -0.880479 0.470628  0.164442 0.447007 0
c_invasion_wrangler_laser
0  -0.548739 16.820660 -3.152809  0.057149 -0.771750 0.633353  0.177328 0.426351 0
0  0.000000 16.842979 -3.175126  0.057149 -0.771750 0.633353  0.169844 0.425859 0
0  0.000000 17.401405 -2.494679  0.057149 -0.771750 0.633353  0.168218 0.436772 0
c_invasion_wrangler_laser
0  -0.548739 16.144997 -3.707312  0.057144 -0.633355 0.771749  0.177142 0.413872 0
0  0.000000 16.162533 -3.733552  0.057144 -0.633355 0.771749  0.169796 0.414676 0
0  0.000000 16.842979 -3.175126  0.057144 -0.633355 0.771749  0.169844 0.425859 0
c_invasion_wrangler_laser
0  -0.548739 15.374139 -4.119344  0.057143 -0.470628 0.880479  0.174684 0.401747 0
0  0.000000 15.386218 -4.148501  0.057143 -0.470628 0.880479  0.167688 0.403885 0
0  0.000000 16.162533 -3.733552  0.057143 -0.470628 0.880479  0.169796 0.414676 0
c_invasion_wrangler_laser
0  -0.548739 14.537707 -4.373072  0.057143 -0.289810 0.955377  0.170036 0.390333 0
0  0.000000 14.543868 -4.404026  0.057143 -0.289810 0.955377  0.163587 0.393786 0
0  0.000000 15.386218 -4.148501  0.057143 -0.289810 0.955377  0.167688 0.403885 0
c_invasion_wrangler_laser
0  -0.548739 13.667849 -4.458746  0.057142 -0.097857 0.993559  0.163204 0.380109 0
0  0.000000 13.667850 -4.490306  0.057142 -0.097857 0.993559  0.157601 0.384747 0
0  0.000000 14.543868 -4.404026  0.057142 -0.097857 0.993559  0.163587 0.393786 0
c_invasion_wrangler_laser
0  -0.548739 12.797991 -4.373073  0.057141 0.097858 0.993559  0.154530 0.371472 0
0  0.000000 12.791836 -4.404026  0.057141 0.097858 0.993559  0.149975 0.377110 0
0  0.000000 13.667850 -4.490306  0.057141 0.097858 0.993559  0.157601 0.384747 0
c_invasion_wrangler_laser
0  -0.548739 11.961559 -4.119343  0.057144 0.289809 0.955377  0.144339 0.364761 0
0  0.000000 11.949486 -4.148503  0.057144 0.289809 0.955377  0.141012 0.371171 0
0  0.000000 12.791836 -4.404026  0.057144 0.289809 0.955377  0.149975 0.377110 0
c_invasion_wrangler_laser
0  -0.548739 11.190701 -3.707312  0.057138 0.470628 0.880480  0.133060 0.360241 0
0  0.000000 11.173172 -3.733553  0.057138 0.470628 0.880480  0.131093 0.367159 0
0  0.000000 11.949486 -4.148503  0.057138 0.470628 0.880480  0.141012 0.371171 0
c_invasion_wrangler_laser
0  -0.548739 10.515038 -3.152808  0.057141 0.633355 0.771749  0.121111 0.358026 0
0  0.000000 10.492725 -3.175127  0.057141 0.633355 0.771749  0.120568 0.365224 0
0  0.000000 11.173172 -3.733553  0.057141 0.633355 0.771749  0.131093 0.367159 0
c_invasion_wrangler_laser
0  -0.548739 9.960536 -2.477146  0.057140 0.771747 0.633358  0.108950 0.358304 0
0  0.000000 9.934299 -2.494684  0.057140 0.771747 0.633358  0.109865 0.365446 0
0  0.000000 10.492725 -3.175127  0.057140 0.771747 0.633358  0.120568 0.365224 0
c_invasion_wrangler_laser
0  -0.548739 9.548505 -1.706289  0.057144 0.880479 0.470628  0.097100 0.360980 0
0  0.000000 9.519347 -1.718367  0.057144 0.880479 0.470628  0.099397 0.367814 0
0  0.000000 9.934299 -2.494684  0.057144 0.880479 0.470628  0.109865 0.365446 0
c_invasion_wrangler_laser
0  -0.548739 9.294775 -0.869857  0.057142 0.955377 0.289810  0.085992 0.365902 0
0  0.000000 9.263824 -0.876018  0.057142 0.955377 0.289810  0.089509 0.372129 0
0  0.000000 9.519347 -1.718367  0.057142 0.955377 0.289810  0.099397 0.367814 0
painted_wood_01
0  -0.505388 7.618985 -1.026812  -0.006485 0.956920 0.290278  0.297613 0.539650 0
0  0.000000 7.626752 -1.041124  -0.006485 0.956920 0.290278  0.297613 0.539650 0
0  0.000000 7.930435 -2.042234  -0.006485 0.956920 0.290278  0.297613 0.539650 0
painted_wood_01
0  -0.505387 7.918493 -2.014160  0.005348 0.881909 0.471390  0.297613 0.539650 0
0  0.000000 7.930435 -2.042234  0.005348 0.881909 0.471390  0.297613 0.539650 0
0  0.000000 8.423593 -2.964867  0.005348 0.881909 0.471390  0.297613 0.539650 0
painted_wood_01
0  -0.505387 8.404872 -2.924109  0.022522 0.772814 0.634233  0.297613 0.539650 0
0  0.000000 8.423593 -2.964867  0.022522 0.772814 0.634233  0.297613 0.539650 0
0  0.000000 9.087268 -3.773557  0.022522 0.772814 0.634233  0.297613 0.539650 0
painted_wood_01
0  -0.505387 9.059424 -3.721681  0.039602 0.671975 0.739514  0.297613 0.539650 0
0  0.000000 9.087268 -3.773557  0.039602 0.671975 0.739514  0.297613 0.539650 0
0  0.000000 9.635210 -4.271944  0.039602 0.671975 0.739514  0.297613 0.539650 0
painted_wood_01
0  -0.505387 9.644668 -4.252969  0.041406 0.579093 0.814210  0.297613 0.539650 0
0  0.000000 9.635210 -4.271944  0.041406 0.579093 0.814210  0.297613 0.539650 0
0  0.000000 10.487738 -4.878289  0.041406 0.579093 0.814210  0.297613 0.539650 0
painted_wood_01
0  0.000000 11.442171 -5.306663  0.052918 0.221248 0.973781  0.297613 0.539650 0
0  0.000000 13.361835 -5.740606  0.052918 0.221248 0.973781  0.297613 0.539650 0
0  -0.505387 12.432436 -5.504190  0.052918 0.221248 0.973781  0.297613 0.539650 0
painted_wood_01
0  -0.505387 10.485473 -4.850979  0.047413 0.409013 0.911296  0.297613 0.539650 0
0  0.000000 10.487738 -4.878289  0.047413 0.409013 0.911296  0.297613 0.539650 0
0  0.000000 11.442171 -5.306663  0.047413 0.409013 0.911296  0.297613 0.539650 0
painted_wood_01
0  -0.505388 7.517852 0.000000  -0.012515 0.995107 0.098012  0.297613 0.539650 0
0  0.000000 7.524208 0.000000  -0.012515 0.995107 0.098012  0.297613 0.539650 0
0  0.000000 7.626752 -1.041124  -0.012515 0.995107 0.098012  0.297613 0.539650 0
painted_wood_01
0  -0.505388 7.618985 1.026812  -0.012517 0.995107 -0.098012  0.297613 0.539650 0
0  0.000000 7.626752 1.041124  -0.012517 0.995107 -0.098012  0.297613 0.539650 0
0  0.000000 7.524208 0.000000  -0.012517 0.995107 -0.098012  0.297613 0.539650 0
painted_wood_01
0  -0.505387 7.918493 2.014160  -0.006486 0.956920 -0.290279  0.297613 0.539650 0
0  0.000000 7.930435 2.042234  -0.006486 0.956920 -0.290279  0.297613 0.539650 0
0  0.000000 7.626752 1.041124  -0.006486 0.956920 -0.290279  0.297613 0.539650 0
painted_wood_01
0  -0.505387 8.404872 2.924109  0.005349 0.881909 -0.471390  0.297613 0.539650 0
0  0.000000 8.423593 2.964867  0.005349 0.881909 -0.471390  0.297613 0.539650 0
0  0.000000 7.930435 2.042234  0.005349 0.881909 -0.471390  0.297613 0.539650 0
painted_wood_01
0  -0.505387 9.059424 3.721681  0.022523 0.772814 -0.634233  0.297613 0.539650 0
0  0.000000 9.087268 3.773557  0.022523 0.772814 -0.634233  0.297613 0.539650 0
0  0.000000 8.423593 2.964867  0.022523 0.772814 -0.634233  0.297613 0.539650 0
painted_wood_01
0  -0.505387 9.644668 4.252969  0.039623 0.671974 -0.739514  0.297613 0.539650 0
0  0.000000 9.635210 4.271944  0.039623 0.671974 -0.739514  0.297613 0.539650 0
0  0.000000 9.087268 3.773557  0.039623 0.671974 -0.739514  0.297613 0.539650 0
painted_wood_01
0  -0.505387 10.485473 4.850979  0.041401 0.579093 -0.814210  0.297613 0.539650 0
0  0.000000 10.487738 4.878289  0.041401 0.579093 -0.814210  0.297613 0.539650 0
0  0.000000 9.635210 4.271944  0.041401 0.579093 -0.814210  0.297613 0.539650 0
painted_wood_01
0  -0.505387 11.426786 5.273464  0.047412 0.409012 -0.911297  0.297613 0.539650 0
0  0.000000 11.442171 5.306663  0.047412 0.409012 -0.911297  0.297613 0.539650 0
0  0.000000 10.487738 4.878289  0.047412 0.409012 -0.911297  0.297613 0.539650 0
painted_wood_01
0  0.000000 13.361835 5.740606  0.052952 0.221251 -0.973778  0.297613 0.539650 0
0  0.000000 11.442171 5.306663  0.052952 0.221251 -0.973778  0.297613 0.539650 0
0  -0.505387 11.426786 5.273464  0.052952 0.221251 -0.973778  0.297613 0.539650 0
gold_player
0  0.000000 7.460647 0.471976  -0.639697 -0.156313 0.752564  0.000000 0.000000 0
0  0.000000 9.634596 1.001162  -0.639698 -0.156312 0.752564  0.000000 0.000000 0
0  -0.900303 9.634595 0.158238  -0.639697 -0.156315 0.752565  0.000000 0.000000 0
gold_player
0  -0.102019 7.460647 -0.462907  -0.639717 -0.156303 -0.752550  0.000000 0.000000 0
0  -0.900303 9.634595 -0.158238  -0.639717 -0.156303 -0.752550  0.000000 0.000000 0
0  0.000000 9.634596 -1.001162  -0.639717 -0.156302 -0.752550  0.000000 0.000000 0
painted_wood_01
0  -0.102019 7.460647 0.462907  -0.290177 0.027507 0.956578  0.297613 0.539650 0
0  -0.900303 9.634595 0.158238  -0.290177 0.027507 0.956578  0.297613 0.539650 0
0  -0.930568 9.634595 0.149057  -0.290177 0.027507 0.956578  0.297613 0.539650 0
painted_wood_01
0  -0.190558 7.460647 0.436049  -0.470944 -0.043994 0.881066  0.297613 0.539650 0
0  -0.930568 9.634595 0.149057  -0.470944 -0.043994 0.881066  0.297613 0.539650 0
0  -0.958461 9.634595 0.134147  -0.470944 -0.043994 0.881066  0.297613 0.539650 0
painted_wood_01
0  -0.272157 7.460647 0.392434  -0.630689 -0.107800 0.768512  0.297613 0.539650 0
0  -0.958461 9.634595 0.134147  -0.630689 -0.107800 0.768512  0.297613 0.539650 0
0  -0.982910 9.634595 0.114083  -0.630689 -0.107800 0.768512  0.297613 0.539650 0
painted_wood_01
0  -0.343678 7.460647 0.333738  -0.762919 -0.161069 0.626108  0.297613 0.539650 0
0  -0.982910 9.634595 0.114083  -0.762919 -0.161069 0.626108  0.297613 0.539650 0
0  -1.002975 9.634595 0.089634  -0.762919 -0.161069 0.626108  0.297613 0.539650 0
painted_wood_01
0  -0.402375 7.460647 0.262216  -0.863747 -0.201977 0.461678  0.297613 0.539650 0
0  -1.002975 9.634595 0.089634  -0.863747 -0.201977 0.461678  0.297613 0.539650 0
0  -1.017884 9.634595 0.061741  -0.863747 -0.201977 0.461678  0.297613 0.539650 0
painted_wood_01
0  -0.445990 7.460647 0.180618  -0.931386 -0.229568 0.282523  0.297613 0.539650 0
0  -1.017884 9.634595 0.061741  -0.931386 -0.229568 0.282523  0.297613 0.539650 0
0  -1.027064 9.634595 0.031476  -0.931386 -0.229568 0.282523  0.297613 0.539650 0
painted_wood_01
0  -0.472848 7.460647 0.092078  -0.965247 -0.243425 0.095087  0.297613 0.539650 0
0  -1.027064 9.634595 0.031476  -0.965247 -0.243425 0.095087  0.297613 0.539650 0
0  -1.030165 9.634595 0.000000  -0.965247 -0.243425 0.095087  0.297613 0.539650 0
painted_wood_01
0  -0.481917 7.460647 0.000000  -0.965249 -0.243426 -0.095074  0.297613 0.539650 0
0  -1.030165 9.634595 0.000000  -0.965249 -0.243426 -0.095074  0.297613 0.539650 0
0  -1.027064 9.634595 -0.031476  -0.965249 -0.243426 -0.095074  0.297613 0.539650 0
painted_wood_01
0  -0.472848 7.460647 -0.092078  -0.931389 -0.229569 -0.282510  0.297613 0.539650 0
0  -1.027064 9.634595 -0.031476  -0.931389 -0.229569 -0.282510  0.297613 0.539650 0
0  -1.017884 9.634595 -0.061741  -0.931389 -0.229569 -0.282510  0.297613 0.539650 0
painted_wood_01
0  -0.445990 7.460647 -0.180618  -0.863747 -0.201978 -0.461678  0.297613 0.539650 0
0  -1.017884 9.634595 -0.061741  -0.863747 -0.201978 -0.461678  0.297613 0.539650 0
0  -1.002975 9.634595 -0.089634  -0.863747 -0.201978 -0.461678  0.297613 0.539650 0
painted_wood_01
0  -0.402375 7.460647 -0.262216  -0.762913 -0.161067 -0.626116  0.297613 0.539650 0
0  -1.002975 9.634595 -0.089634  -0.762913 -0.161067 -0.626116  0.297613 0.539650 0
0  -0.982910 9.634595 -0.114083  -0.762913 -0.161067 -0.626116  0.297613 0.539650 0
painted_wood_01
0  -0.343678 7.460647 -0.333738  -0.630691 -0.107800 -0.768510  0.297613 0.539650 0
0  -0.982910 9.634595 -0.114083  -0.630691 -0.107800 -0.768510  0.297613 0.539650 0
0  -0.958461 9.634595 -0.134147  -0.630691 -0.107800 -0.768510  0.297613 0.539650 0
painted_wood_01
0  -0.272157 7.460647 -0.392434  -0.470944 -0.043994 -0.881066  0.297613 0.539650 0
0  -0.958461 9.634595 -0.134147  -0.470944 -0.043994 -0.881066  0.297613 0.539650 0
0  -0.930568 9.634595 -0.149057  -0.470944 -0.043994 -0.881066  0.297613 0.539650 0
painted_wood_01
0  -0.190558 7.460647 -0.436049  -0.290173 0.027506 -0.956579  0.297613 0.539650 0
0  -0.930568 9.634595 -0.149057  -0.290173 0.027506 -0.956579  0.297613 0.539650 0
0  -0.900303 9.634595 -0.158238  -0.290173 0.027506 -0.956579  0.297613 0.539650 0
painted_wood_01
0  -1.199134 14.783431 0.794594  -0.875196 0.123257 0.467803  0.297613 0.539650 0
0  -1.155741 15.683431 0.638646  -0.875196 0.123257 0.467803  0.297613 0.539650 0
0  -1.261969 15.683431 0.439907  -0.875196 0.123257 0.467803  0.297613 0.539650 0
painted_wood_01
0  -1.331302 14.783431 -0.547326  -0.875197 0.123256 -0.467802  0.297613 0.539650 0
0  -1.261969 15.683431 -0.439907  -0.875197 0.123256 -0.467802  0.297613 0.539650 0
0  -1.155741 15.683431 -0.638646  -0.875197 0.123256 -0.467802  0.297613 0.539650 0
painted_wood_01
0  -0.288965 14.783431 -1.402750  -0.107668 0.271062 -0.956521  0.297613 0.539650 0
0  -0.424202 15.683431 -1.127445  -0.107668 0.271062 -0.956521  0.297613 0.539650 0
0  0.000000 15.683431 -1.180231  -0.107668 0.271062 -0.956521  0.297613 0.539650 0
painted_wood_01
0  -0.804534 14.783431 1.189194  -0.624742 0.173774 0.761249  0.297613 0.539650 0
0  -0.838585 15.683431 0.955802  -0.624742 0.173774 0.761249  0.297613 0.539650 0
0  -1.012782 15.683431 0.812842  -0.624742 0.173774 0.761249  0.297613 0.539650 0
c_invasion_wrangler_laser
0  -1.412690 14.783431 0.279024  -0.990217 0.099792 0.097530  0.210276 0.373453 0
0  -1.327384 15.683431 0.224263  -0.990217 0.099792 0.097530  0.209269 0.361047 0
0  -1.349472 15.683431 0.000000  -0.990217 0.099792 0.097530  0.206272 0.361201 0
painted_wood_01
0  -0.804534 14.783431 -1.189194  -0.461254 0.206331 -0.862944  0.297613 0.539650 0
0  -0.838585 15.683431 -0.955802  -0.461254 0.206331 -0.862944  0.297613 0.539650 0
0  -0.639846 15.683431 -1.062030  -0.461254 0.206331 -0.862944  0.297613 0.539650 0
painted_wood_01
0  -0.288965 14.783431 1.402750  -0.281677 0.241718 0.928564  0.297613 0.539650 0
0  -0.424202 15.683431 1.127445  -0.281677 0.241718 0.928564  0.297613 0.539650 0
0  -0.639846 15.683431 1.062030  -0.281677 0.241718 0.928564  0.297613 0.539650 0
painted_wood_01
0  -1.199134 14.783431 -0.794594  -0.764770 0.145626 -0.627630  0.297613 0.539650 0
0  -1.155741 15.683431 -0.638646  -0.764770 0.145626 -0.627630  0.297613 0.539650 0
0  -1.012782 15.683431 -0.812842  -0.764770 0.145626 -0.627630  0.297613 0.539650 0
c_invasion_wrangler_laser
0  -1.440172 14.783431 0.000000  -0.990217 0.099792 -0.097529  0.206268 0.373524 0
0  -1.349472 15.683431 0.000000  -0.990217 0.099792 -0.097529  0.206272 0.361201 0
0  -1.327384 15.683431 -0.224263  -0.990217 0.099792 -0.097529  0.203275 0.361046 0
gold_player
0  -1.331302 14.783431 -0.547326  -0.997046 0.076809 0.000000  0.000000 0.000000 0
0  -1.331302 14.783431 0.547326  -0.997046 0.076809 0.000000  0.000000 0.000000 0
0  -1.261969 15.683431 0.439907  -0.997046 0.076809 0.000000  0.000000 0.000000 0
painted_wood_01
0  -1.021267 14.783431 1.011326  -0.764770 0.145626 0.627630  0.297613 0.539650 0
0  -1.012782 15.683431 0.812842  -0.764770 0.145626 0.627630  0.297613 0.539650 0
0  -1.155741 15.683431 0.638646  -0.764770 0.145626 0.627630  0.297613 0.539650 0
painted_wood_01
0  -0.557266 14.783431 -1.321361  -0.281677 0.241717 -0.928564  0.297613 0.539650 0
0  -0.639846 15.683431 -1.062030  -0.281677 0.241717 -0.928564  0.297613 0.539650 0
0  -0.424202 15.683431 -1.127445  -0.281677 0.241717 -0.928564  0.297613 0.539650 0
c_invasion_wrangler_laser
0  -1.412690 14.783431 -0.279024  -0.951371 0.107735 -0.288594  0.202261 0.373451 0
0  -1.327384 15.683431 -0.224263  -0.951371 0.107735 -0.288594  0.203275 0.361046 0
0  -1.261969 15.683431 -0.439907  -0.951371 0.107735 -0.288594  0.200202 0.360525 0
painted_wood_01
0  -0.557266 14.783431 1.321361  -0.461253 0.206331 0.862945  0.297613 0.539650 0
0  -0.639846 15.683431 1.062030  -0.461253 0.206331 0.862945  0.297613 0.539650 0
0  -0.838585 15.683431 0.955802  -0.461253 0.206331 0.862945  0.297613 0.539650 0
painted_wood_01
0  0.000000 14.783431 1.430231  -0.107667 0.271057 0.956523  0.297613 0.539650 0
0  0.000000 15.683431 1.180231  -0.107666 0.271056 0.956523  0.297613 0.539650 0
0  -0.424202 15.683431 1.127445  -0.107666 0.271055 0.956523  0.297613 0.539650 0
painted_wood_01
0  -1.021267 14.783431 -1.011326  -0.624740 0.173774 -0.761250  0.297613 0.539650 0
0  -1.012782 15.683431 -0.812842  -0.624740 0.173774 -0.761250  0.297613 0.539650 0
0  -0.838585 15.683431 -0.955802  -0.624740 0.173774 -0.761250  0.297613 0.539650 0
painted_wood_01
0  -9.830000 12.440001 0.000000  -0.499395 0.049186 0.864977  0.297613 0.539650 0
0  -8.345000 12.440001 0.857365  -0.499395 0.049186 0.864977  0.297613 0.539650 0
0  -8.184653 14.068030 0.857365  -0.499395 0.049186 0.864977  0.297613 0.539650 0
painted_wood_01
0  -8.345000 12.440001 0.857365  0.995185 -0.098017 0.000000  0.297613 0.539650 0
0  -8.345000 12.440001 -0.857365  0.995185 -0.098017 0.000000  0.297613 0.539650 0
0  -8.184653 14.068030 -0.857365  0.995185 -0.098017 0.000000  0.297613 0.539650 0
painted_wood_01
0  -8.345000 12.440001 -0.857365  -0.499395 0.049186 -0.864977  0.297613 0.539650 0
0  -9.830000 12.440001 0.000000  -0.499395 0.049186 -0.864977  0.297613 0.539650 0
0  -9.641119 14.357739 0.000000  -0.499395 0.049186 -0.864977  0.297613 0.539650 0
painted_wood_01
0  -9.641119 14.357739 0.000000  -0.480203 0.145668 0.864977  0.297613 0.539650 0
0  -8.184653 14.068030 0.857365  -0.480203 0.145668 0.864977  0.297613 0.539650 0
0  -7.709775 15.633493 0.857365  -0.480203 0.145668 0.864977  0.297613 0.539650 0
painted_wood_01
0  -8.184653 14.068030 0.857365  0.956940 -0.290285 0.000000  0.297613 0.539650 0
0  -8.184653 14.068030 -0.857365  0.956940 -0.290285 0.000000  0.297613 0.539650 0
0  -7.709775 15.633493 -0.857365  0.956940 -0.290285 0.000000  0.297613 0.539650 0
painted_wood_01
0  -8.184653 14.068030 -0.857365  -0.480204 0.145668 -0.864977  0.297613 0.539650 0
0  -9.641119 14.357739 0.000000  -0.480204 0.145668 -0.864977  0.297613 0.539650 0
0  -9.081736 16.201778 0.000000  -0.480204 0.145668 -0.864977  0.297613 0.539650 0
painted_wood_01
0  -9.081736 16.201778 0.000000  -0.442557 0.236552 0.864978  0.297613 0.539650 0
0  -7.709775 15.633493 0.857365  -0.442557 0.236552 0.864978  0.297613 0.539650 0
0  -6.938614 17.076235 0.857365  -0.442557 0.236552 0.864978  0.297613 0.539650 0
painted_wood_01
0  -7.709775 15.633493 0.857365  0.881921 -0.471396 0.000000  0.297613 0.539650 0
0  -7.709775 15.633493 -0.857365  0.881921 -0.471396 0.000000  0.297613 0.539650 0
0  -6.938614 17.076235 -0.857365  0.881921 -0.471396 0.000000  0.297613 0.539650 0
painted_wood_01
0  -7.709775 15.633493 -0.857365  -0.442558 0.236552 -0.864977  0.297613 0.539650 0
0  -9.081736 16.201778 0.000000  -0.442558 0.236552 -0.864977  0.297613 0.539650 0
0  -8.173347 17.901257 0.000000  -0.442558 0.236552 -0.864977  0.297613 0.539650 0
painted_wood_01
0  -8.173347 17.901257 0.000000  -0.387905 0.318345 0.864978  0.297613 0.539650 0
0  -6.938614 17.076235 0.857365  -0.387905 0.318345 0.864978  0.297613 0.539650 0
0  -5.900805 18.340807 0.857365  -0.387905 0.318345 0.864978  0.297613 0.539650 0
painted_wood_01
0  -6.938614 17.076235 0.857365  0.773010 -0.634393 0.000000  0.297613 0.539650 0
0  -6.938614 17.076235 -0.857365  0.773010 -0.634393 0.000000  0.297613 0.539650 0
0  -5.900805 18.340807 -0.857365  0.773010 -0.634393 0.000000  0.297613 0.539650 0
painted_wood_01
0  -6.938614 17.076235 -0.857365  -0.387906 0.318346 -0.864977  0.297613 0.539650 0
0  -8.173347 17.901257 0.000000  -0.387906 0.318346 -0.864977  0.297613 0.539650 0
0  -6.950859 19.390860 0.000000  -0.387906 0.318346 -0.864977  0.297613 0.539650 0
painted_wood_01
0  -6.950859 19.390860 0.000000  -0.318346 0.387906 0.864977  0.297613 0.539650 0
0  -5.900805 18.340807 0.857365  -0.318346 0.387906 0.864977  0.297613 0.539650 0
0  -4.636233 19.378614 0.857365  -0.318346 0.387906 0.864977  0.297613 0.539650 0
painted_wood_01
0  -5.900805 18.340807 0.857365  0.634393 -0.773010 0.000000  0.297613 0.539650 0
0  -5.900805 18.340807 -0.857365  0.634393 -0.773010 0.000000  0.297613 0.539650 0
0  -4.636233 19.378614 -0.857365  0.634393 -0.773010 0.000000  0.297613 0.539650 0
painted_wood_01
0  -5.900805 18.340807 -0.857365  -0.318346 0.387905 -0.864977  0.297613 0.539650 0
0  -6.950859 19.390860 0.000000  -0.318346 0.387905 -0.864977  0.297613 0.539650 0
0  -5.461254 20.613348 0.000000  -0.318346 0.387905 -0.864977  0.297613 0.539650 0
painted_wood_01
0  -5.461254 20.613348 0.000000  -0.236552 0.442558 0.864977  0.297613 0.539650 0
0  -4.636233 19.378614 0.857365  -0.236552 0.442558 0.864977  0.297613 0.539650 0
0  -3.193495 20.149775 0.857365  -0.236552 0.442558 0.864977  0.297613 0.539650 0
painted_wood_01
0  -4.636233 19.378614 0.857365  0.471397 -0.881921 0.000000  0.297613 0.539650 0
0  -4.636233 19.378614 -0.857365  0.471397 -0.881921 0.000000  0.297613 0.539650 0
0  -3.193495 20.149775 -0.857365  0.471397 -0.881921 0.000000  0.297613 0.539650 0
painted_wood_01
0  -4.636233 19.378614 -0.857365  -0.236552 0.442557 -0.864977  0.297613 0.539650 0
0  -5.461254 20.613348 0.000000  -0.236552 0.442557 -0.864977  0.297613 0.539650 0
0  -3.761781 21.521736 0.000000  -0.236552 0.442557 -0.864977  0.297613 0.539650 0
painted_wood_01
0  -3.761781 21.521736 0.000000  -0.145668 0.480202 0.864978  0.297613 0.539650 0
0  -3.193495 20.149775 0.857365  -0.145668 0.480202 0.864978  0.297613 0.539650 0
0  -1.628030 20.624655 0.857365  -0.145668 0.480202 0.864978  0.297613 0.539650 0
painted_wood_01
0  -3.193495 20.149775 0.857365  0.290286 -0.956940 0.000000  0.297613 0.539650 0
0  -3.193495 20.149775 -0.857365  0.290286 -0.956940 0.000000  0.297613 0.539650 0
0  -1.628030 20.624655 -0.857365  0.290286 -0.956940 0.000000  0.297613 0.539650 0
painted_wood_01
0  -3.193495 20.149775 -0.857365  -0.145668 0.480203 -0.864978  0.297613 0.539650 0
0  -3.761781 21.521736 0.000000  -0.145668 0.480203 -0.864978  0.297613 0.539650 0
0  -1.917739 22.081121 0.000000  -0.145668 0.480203 -0.864978  0.297613 0.539650 0
painted_wood_01
0  -1.917739 22.081121 0.000000  -0.049186 0.499395 0.864977  0.297613 0.539650 0
0  -1.628030 20.624655 0.857365  -0.049186 0.499395 0.864977  0.297613 0.539650 0
0  0.000000 20.785002 0.857365  -0.049186 0.499395 0.864977  0.297613 0.539650 0
painted_wood_01
0  -1.628030 20.624655 0.857365  0.098017 -0.995185 0.000000  0.297613 0.539650 0
0  -1.628030 20.624655 -0.857365  0.098017 -0.995185 0.000000  0.297613 0.539650 0
0  0.000000 20.785002 -0.857365  0.098017 -0.995185 0.000000  0.297613 0.539650 0
painted_wood_01
0  -1.628030 20.624655 -0.857365  -0.049186 0.499395 -0.864977  0.297613 0.539650 0
0  -1.917739 22.081121 0.000000  -0.049186 0.499395 -0.864977  0.297613 0.539650 0
0  0.000000 22.270002 0.000000  -0.049186 0.499395 -0.864977  0.297613 0.539650 0
painted_wood_01
0  0.000000 2.610000 0.000000  -0.049186 -0.499395 0.864977  0.297613 0.539650 0
0  0.000000 4.095000 0.857365  -0.049186 -0.499395 0.864977  0.297613 0.539650 0
0  -1.628026 4.255346 0.857365  -0.049186 -0.499395 0.864977  0.297613 0.539650 0
painted_wood_01
0  0.000000 4.095000 0.857365  0.098017 0.995185 0.000000  0.297613 0.539650 0
0  0.000000 4.095000 -0.857365  0.098017 0.995185 0.000000  0.297613 0.539650 0
0  -1.628026 4.255346 -0.857365  0.098017 0.995185 0.000000  0.297613 0.539650 0
painted_wood_01
0  0.000000 4.095000 -0.857365  -0.049186 -0.499395 -0.864977  0.297613 0.539650 0
0  0.000000 2.610000 0.000000  -0.049186 -0.499395 -0.864977  0.297613 0.539650 0
0  -1.917735 2.798880 0.000000  -0.049186 -0.499395 -0.864977  0.297613 0.539650 0
painted_wood_01
0  -1.917735 2.798880 0.000000  -0.145668 -0.480204 0.864977  0.297613 0.539650 0
0  -1.628026 4.255346 0.857365  -0.145668 -0.480204 0.864977  0.297613 0.539650 0
0  -3.193495 4.730227 0.857365  -0.145668 -0.480204 0.864977  0.297613 0.539650 0
painted_wood_01
0  -1.628026 4.255346 0.857365  0.290285 0.956940 0.000000  0.297613 0.539650 0
0  -1.628026 4.255346 -0.857365  0.290285 0.956940 0.000000  0.297613 0.539650 0
0  -3.193495 4.730227 -0.857365  0.290285 0.956940 0.000000  0.297613 0.539650 0
painted_wood_01
0  -1.628026 4.255346 -0.857365  -0.145668 -0.480203 -0.864977  0.297613 0.539650 0
0  -1.917735 2.798880 0.000000  -0.145668 -0.480203 -0.864977  0.297613 0.539650 0
0  -3.761781 3.358266 0.000000  -0.145668 -0.480203 -0.864977  0.297613 0.539650 0
painted_wood_01
0  -3.761781 3.358266 0.000000  -0.236552 -0.442558 0.864977  0.297613 0.539650 0
0  -3.193495 4.730227 0.857365  -0.236552 -0.442558 0.864977  0.297613 0.539650 0
0  -4.636233 5.501386 0.857365  -0.236552 -0.442558 0.864977  0.297613 0.539650 0
painted_wood_01
0  -3.193495 4.730227 0.857365  0.471397 0.881921 0.000000  0.297613 0.539650 0
0  -3.193495 4.730227 -0.857365  0.471397 0.881921 0.000000  0.297613 0.539650 0
0  -4.636233 5.501386 -0.857365  0.471397 0.881921 0.000000  0.297613 0.539650 0
painted_wood_01
0  -3.193495 4.730227 -0.857365  -0.236552 -0.442558 -0.864977  0.297613 0.539650 0
0  -3.761781 3.358266 0.000000  -0.236552 -0.442558 -0.864977  0.297613 0.539650 0
0  -5.461254 4.266653 0.000000  -0.236552 -0.442558 -0.864977  0.297613 0.539650 0
painted_wood_01
0  -5.461254 4.266653 0.000000  -0.318345 -0.387905 0.864977  0.297613 0.539650 0
0  -4.636233 5.501386 0.857365  -0.318345 -0.387905 0.864977  0.297613 0.539650 0
0  -5.900803 6.539191 0.857365  -0.318345 -0.387905 0.864977  0.297613 0.539650 0
painted_wood_01
0  -4.636233 5.501386 0.857365  0.634393 0.773011 0.000000  0.297613 0.539650 0
0  -4.636233 5.501386 -0.857365  0.634393 0.773011 0.000000  0.297613 0.539650 0
0  -5.900803 6.539191 -0.857365  0.634393 0.773011 0.000000  0.297613 0.539650 0
painted_wood_01
0  -4.636233 5.501386 -0.857365  -0.318346 -0.387906 -0.864977  0.297613 0.539650 0
0  -5.461254 4.266653 0.000000  -0.318346 -0.387906 -0.864977  0.297613 0.539650 0
0  -6.950856 5.489137 0.000000  -0.318346 -0.387906 -0.864977  0.297613 0.539650 0
painted_wood_01
0  -6.950856 5.489137 0.000000  -0.387905 -0.318345 0.864977  0.297613 0.539650 0
0  -5.900803 6.539191 0.857365  -0.387905 -0.318345 0.864977  0.297613 0.539650 0
0  -6.938614 7.803767 0.857365  -0.387905 -0.318345 0.864977  0.297613 0.539650 0
painted_wood_01
0  -5.900803 6.539191 0.857365  0.773010 0.634393 0.000000  0.297613 0.539650 0
0  -5.900803 6.539191 -0.857365  0.773010 0.634393 0.000000  0.297613 0.539650 0
0  -6.938614 7.803767 -0.857365  0.773010 0.634393 0.000000  0.297613 0.539650 0
painted_wood_01
0  -5.900803 6.539191 -0.857365  -0.387905 -0.318346 -0.864977  0.297613 0.539650 0
0  -6.950856 5.489137 0.000000  -0.387905 -0.318346 -0.864977  0.297613 0.539650 0
0  -8.173347 6.978745 0.000000  -0.387905 -0.318346 -0.864977  0.297613 0.539650 0
painted_wood_01
0  -8.173347 6.978745 0.000000  -0.442558 -0.236552 0.864977  0.297613 0.539650 0
0  -6.938614 7.803767 0.857365  -0.442558 -0.236552 0.864977  0.297613 0.539650 0
0  -7.709774 9.246504 0.857365  -0.442558 -0.236552 0.864977  0.297613 0.539650 0
painted_wood_01
0  -6.938614 7.803767 0.857365  0.881921 0.471397 0.000000  0.297613 0.539650 0
0  -6.938614 7.803767 -0.857365  0.881921 0.471397 0.000000  0.297613 0.539650 0
0  -7.709774 9.246504 -0.857365  0.881921 0.471397 0.000000  0.297613 0.539650 0
painted_wood_01
0  -6.938614 7.803767 -0.857365  -0.442558 -0.236552 -0.864977  0.297613 0.539650 0
0  -8.173347 6.978745 0.000000  -0.442558 -0.236552 -0.864977  0.297613 0.539650 0
0  -9.081735 8.678219 0.000000  -0.442558 -0.236552 -0.864977  0.297613 0.539650 0
painted_wood_01
0  -9.081735 8.678219 0.000000  -0.480203 -0.145668 0.864977  0.297613 0.539650 0
0  -7.709774 9.246504 0.857365  -0.480203 -0.145668 0.864977  0.297613 0.539650 0
0  -8.184653 10.811974 0.857365  -0.480203 -0.145668 0.864977  0.297613 0.539650 0
painted_wood_01
0  -7.709774 9.246504 0.857365  0.956941 0.290284 0.000000  0.297613 0.539650 0
0  -7.709774 9.246504 -0.857365  0.956941 0.290284 0.000000  0.297613 0.539650 0
0  -8.184653 10.811974 -0.857365  0.956941 0.290284 0.000000  0.297613 0.539650 0
painted_wood_01
0  -7.709774 9.246504 -0.857365  -0.480203 -0.145668 -0.864977  0.297613 0.539650 0
0  -9.081735 8.678219 0.000000  -0.480203 -0.145668 -0.864977  0.297613 0.539650 0
0  -9.641120 10.522264 0.000000  -0.480203 -0.145668 -0.864977  0.297613 0.539650 0
painted_wood_01
0  -9.641120 10.522264 0.000000  -0.499395 -0.049186 0.864977  0.297613 0.539650 0
0  -8.184653 10.811974 0.857365  -0.499395 -0.049186 0.864977  0.297613 0.539650 0
0  -8.345000 12.440001 0.857365  -0.499395 -0.049186 0.864977  0.297613 0.539650 0
painted_wood_01
0  -8.184653 10.811974 0.857365  0.995185 0.098017 0.000000  0.297613 0.539650 0
0  -8.184653 10.811974 -0.857365  0.995185 0.098017 0.000000  0.297613 0.539650 0
0  -8.345000 12.440001 -0.857365  0.995185 0.098017 0.000000  0.297613 0.539650 0
painted_wood_01
0  -8.184653 10.811974 -0.857365  -0.499395 -0.049186 -0.864977  0.297613 0.539650 0
0  -9.641120 10.522264 0.000000  -0.499395 -0.049186 -0.864977  0.297613 0.539650 0
0  -9.830000 12.440001 0.000000  -0.499395 -0.049186 -0.864977  0.297613 0.539650 0
end
