version 1
nodes
0 "weapon_bone" -1
end
skeleton
time 0
0  0.000000 0.000000 0.000000  0.000000 -0.000000 0.000000
end
triangles
painted_wood_01
0  0.717787 3.355001 -0.717788  0.772871 -0.018951 -0.634280  0.297978 0.539823 0
0  0.749008 -2.645002 -0.500475  0.772871 -0.018951 -0.634280  0.297978 0.539823 0
0  0.636979 -2.645002 -0.636982  0.772871 -0.018951 -0.634280  0.297978 0.539823 0
gold_player
0  0.000000 9.625002 1.170000  0.097987 -0.024578 0.994884  0.000000 0.000000 0
0  0.198037 3.355001 0.995600  0.097987 -0.024578 0.994884  0.000000 0.000000 0
0  0.228256 9.625002 1.147519  0.097987 -0.024578 0.994884  0.000000 0.000000 0
gold_player
0  0.228256 9.625002 1.147519  0.290198 -0.024578 0.956651  0.000000 0.000000 0
0  0.388464 3.355001 0.937835  0.290198 -0.024578 0.956651  0.000000 0.000000 0
0  0.447739 9.625002 1.080939  0.290198 -0.024578 0.956651  0.000000 0.000000 0
painted_wood_01
0  0.636979 -2.645002 0.636982  0.629442 0.124693 0.766978  0.297978 0.539823 0
0  0.781099 -6.644995 1.169013  0.629442 0.124693 0.766978  0.297978 0.539823 0
0  0.994151 -6.644995 0.994166  0.629442 0.124693 0.766978  0.297978 0.539823 0
gold_player
0  0.447739 9.625002 1.080939  0.471254 -0.024578 0.881655  0.000000 0.000000 0
0  0.563962 3.355001 0.844029  0.471254 -0.024578 0.881655  0.000000 0.000000 0
0  0.650017 9.625002 0.972820  0.471254 -0.024578 0.881655  0.000000 0.000000 0
painted_wood_01
0  0.995600 3.355001 -0.198037  0.995006 -0.018952 -0.097998  0.297978 0.539823 0
0  0.900825 -2.645002 0.000000  0.995006 -0.018952 -0.097998  0.297978 0.539823 0
0  0.883515 -2.645002 -0.175745  0.995006 -0.018952 -0.097998  0.297978 0.539823 0
gold_player
0  0.650017 9.625002 0.972820  0.634202 -0.024578 0.772777  0.000000 0.000000 0
0  0.717787 3.355001 0.717788  0.634202 -0.024578 0.772777  0.000000 0.000000 0
0  0.827315 9.625002 0.827315  0.634202 -0.024578 0.772777  0.000000 0.000000 0
gold_player
0  0.175742 -2.645002 -0.883519  0.288020 0.124693 -0.949472  0.000000 0.000000 0
0  0.538031 -6.644995 -1.298936  0.288020 0.124693 -0.949472  0.000000 0.000000 0
0  0.274286 -6.644995 -1.378942  0.288020 0.124693 -0.949472  0.000000 0.000000 0
gold_player
0  0.827315 9.625002 0.827315  0.772777 -0.024578 0.634202  0.000000 0.000000 0
0  0.844029 3.355001 0.563962  0.772777 -0.024578 0.634202  0.000000 0.000000 0
0  0.972819 9.625002 0.650017  0.772777 -0.024578 0.634202  0.000000 0.000000 0
gold_player
0  0.883515 -2.645002 0.175745  0.949472 0.124692 0.288019  0.000000 0.000000 0
0  1.298921 -6.644995 0.538046  0.949472 0.124692 0.288019  0.000000 0.000000 0
0  1.378928 -6.644995 0.274301  0.949472 0.124692 0.288019  0.000000 0.000000 0
gold_player
0  0.972819 9.625002 0.650017  0.881655 -0.024578 0.471255  0.000000 0.000000 0
0  0.937835 3.355001 0.388464  0.881655 -0.024578 0.471255  0.000000 0.000000 0
0  1.080939 9.625002 0.447740  0.881655 -0.024578 0.471255  0.000000 0.000000 0
painted_wood_01
0  0.198037 3.355001 0.995600  0.098000 -0.018951 0.995006  0.297978 0.539823 0
0  0.000000 -2.645002 0.900828  0.098000 -0.018951 0.995006  0.297978 0.539823 0
0  0.175742 -2.645002 0.883519  0.098000 -0.018951 0.995006  0.297978 0.539823 0
gold_player
0  1.080939 9.625002 0.447740  0.956651 -0.024578 0.290197  0.000000 0.000000 0
0  0.995600 3.355001 0.198037  0.956651 -0.024578 0.290197  0.000000 0.000000 0
0  1.147519 9.625002 0.228256  0.956651 -0.024578 0.290197  0.000000 0.000000 0
painted_wood_01
0  0.937835 3.355001 0.388464  0.881764 -0.018951 0.471311  0.297978 0.539823 0
0  0.749008 -2.645002 0.500475  0.881764 -0.018951 0.471311  0.297978 0.539823 0
0  0.832253 -2.645002 0.344734  0.881764 -0.018951 0.471311  0.297978 0.539823 0
gold_player
0  1.147519 9.625002 0.228256  0.994884 -0.024578 0.097988  0.000000 0.000000 0
0  1.015106 3.355001 0.000000  0.994884 -0.024578 0.097988  0.000000 0.000000 0
0  1.170000 9.625002 0.000000  0.994884 -0.024578 0.097988  0.000000 0.000000 0
painted_wood_01
0  0.388464 3.355001 -0.937835  0.471312 -0.018951 -0.881763  0.297978 0.539823 0
0  0.500471 -2.645002 -0.749012  0.471312 -0.018951 -0.881763  0.297978 0.539823 0
0  0.344730 -2.645002 -0.832257  0.471312 -0.018951 -0.881763  0.297978 0.539823 0
gold_player
0  1.170000 9.625002 0.000000  0.994884 -0.024578 -0.097988  0.000000 0.000000 0
0  0.995600 3.355001 -0.198037  0.994884 -0.024578 -0.097988  0.000000 0.000000 0
0  1.147519 9.625002 -0.228256  0.994884 -0.024578 -0.097988  0.000000 0.000000 0
gold_player
0  1.147519 9.625002 -0.228256  0.956651 -0.024578 -0.290197  0.000000 0.000000 0
0  0.937835 3.355001 -0.388464  0.956651 -0.024578 -0.290197  0.000000 0.000000 0
0  1.080939 9.625002 -0.447740  0.956651 -0.024578 -0.290197  0.000000 0.000000 0
gold_player
0  0.832253 -2.645002 -0.344734  0.949472 0.124692 -0.288019  0.000000 0.000000 0
0  1.378928 -6.644995 -0.274301  0.949472 0.124692 -0.288019  0.000000 0.000000 0
0  1.298921 -6.644995 -0.538046  0.949472 0.124692 -0.288019  0.000000 0.000000 0
gold_player
0  1.080939 9.625002 -0.447740  0.881655 -0.024578 -0.471255  0.000000 0.000000 0
0  0.844029 3.355001 -0.563962  0.881655 -0.024578 -0.471255  0.000000 0.000000 0
0  0.972819 9.625002 -0.650017  0.881655 -0.024578 -0.471255  0.000000 0.000000 0
gold_player
0  0.344730 -2.645002 0.832257  0.288020 0.124693 0.949472  0.000000 0.000000 0
0  0.274286 -6.644995 1.378942  0.288020 0.124693 0.949472  0.000000 0.000000 0
0  0.538031 -6.644995 1.298936  0.288020 0.124693 0.949472  0.000000 0.000000 0
painted_wood_01
0  0.563962 3.355001 0.844029  0.471312 -0.018951 0.881763  0.297978 0.539823 0
0  0.344730 -2.645002 0.832257  0.471312 -0.018951 0.881763  0.297978 0.539823 0
0  0.500471 -2.645002 0.749012  0.471312 -0.018951 0.881763  0.297978 0.539823 0
gold_player
0  0.972819 9.625002 -0.650017  0.772777 -0.024578 -0.634201  0.000000 0.000000 0
0  0.717787 3.355001 -0.717788  0.772777 -0.024578 -0.634201  0.000000 0.000000 0
0  0.827315 9.625002 -0.827315  0.772777 -0.024578 -0.634201  0.000000 0.000000 0
painted_wood_01
0  0.844029 3.355001 -0.563962  0.881764 -0.018951 -0.471310  0.297978 0.539823 0
0  0.832253 -2.645002 -0.344734  0.881764 -0.018951 -0.471310  0.297978 0.539823 0
0  0.749008 -2.645002 -0.500475  0.881764 -0.018951 -0.471310  0.297978 0.539823 0
gold_player
0  0.827315 9.625002 -0.827315  0.634202 -0.024578 -0.772777  0.000000 0.000000 0
0  0.563962 3.355001 -0.844029  0.634202 -0.024578 -0.772777  0.000000 0.000000 0
0  0.650017 9.625002 -0.972820  0.634202 -0.024578 -0.772777  0.000000 0.000000 0
gold_player
0  0.650017 9.625002 -0.972820  0.471254 -0.024578 -0.881655  0.000000 0.000000 0
0  0.388464 3.355001 -0.937835  0.471254 -0.024578 -0.881655  0.000000 0.000000 0
0  0.447739 9.625002 -1.080939  0.471254 -0.024578 -0.881655  0.000000 0.000000 0
painted_wood_01
0  0.500471 -2.645002 -0.749012  0.629442 0.124693 -0.766978  0.297978 0.539823 0
0  0.994151 -6.644995 -0.994166  0.629442 0.124693 -0.766978  0.297978 0.539823 0
0  0.781099 -6.644995 -1.169013  0.629442 0.124693 -0.766978  0.297978 0.539823 0
gold_player
0  0.447739 9.625002 -1.080939  0.290198 -0.024578 -0.956651  0.000000 0.000000 0
0  0.198037 3.355001 -0.995600  0.290198 -0.024578 -0.956651  0.000000 0.000000 0
0  0.228256 9.625002 -1.147519  0.290198 -0.024578 -0.956651  0.000000 0.000000 0
painted_wood_01
0  0.749008 -2.645002 0.500475  0.766978 0.124692 0.629442  0.297978 0.539823 0
0  0.994151 -6.644995 0.994166  0.766978 0.124692 0.629442  0.297978 0.539823 0
0  1.168998 -6.644995 0.781114  0.766978 0.124692 0.629442  0.297978 0.539823 0
painted_wood_01
0  1.015106 3.355001 0.000000  0.995006 -0.018952 0.097998  0.297978 0.539823 0
0  0.883515 -2.645002 0.175745  0.995006 -0.018952 0.097998  0.297978 0.539823 0
0  0.900825 -2.645002 0.000000  0.995006 -0.018952 0.097998  0.297978 0.539823 0
gold_player
0  0.228256 9.625002 -1.147519  0.097988 -0.024578 -0.994884  0.000000 0.000000 0
0  0.000000 3.355001 -1.015105  0.097988 -0.024578 -0.994884  0.000000 0.000000 0
0  0.000000 9.625002 -1.170000  0.097988 -0.024578 -0.994884  0.000000 0.000000 0
painted_wood_01
0  0.000000 3.355001 -1.015105  0.098000 -0.018951 -0.995006  0.297978 0.539823 0
0  0.175742 -2.645002 -0.883519  0.098000 -0.018951 -0.995006  0.297978 0.539823 0
0  0.000000 -2.645002 -0.900828  0.098000 -0.018951 -0.995006  0.297978 0.539823 0
painted_wood_01
0  0.000000 -2.645002 -0.900828  0.097252 0.124694 -0.987418  0.297978 0.539823 0
0  0.274286 -6.644995 -1.378942  0.097252 0.124694 -0.987418  0.297978 0.539823 0
0  0.000000 -6.644995 -1.405957  0.097252 0.124694 -0.987418  0.297978 0.539823 0
painted_wood_01
0  0.900825 -2.645002 0.000000  0.987419 0.124691 0.097247  0.297978 0.539823 0
0  1.378928 -6.644995 0.274301  0.987419 0.124691 0.097247  0.297978 0.539823 0
0  1.405942 -6.644995 0.000000  0.987419 0.124691 0.097247  0.297978 0.539823 0
painted_wood_01
0  0.844029 3.355001 0.563962  0.772871 -0.018951 0.634280  0.297978 0.539823 0
0  0.636979 -2.645002 0.636982  0.772871 -0.018951 0.634280  0.297978 0.539823 0
0  0.749008 -2.645002 0.500475  0.772871 -0.018951 0.634280  0.297978 0.539823 0
painted_wood_01
0  0.563962 3.355001 -0.844029  0.634280 -0.018951 -0.772871  0.297978 0.539823 0
0  0.636979 -2.645002 -0.636982  0.634280 -0.018951 -0.772871  0.297978 0.539823 0
0  0.500471 -2.645002 -0.749012  0.634280 -0.018951 -0.772871  0.297978 0.539823 0
painted_wood_01
0  0.749008 -2.645002 -0.500475  0.875038 0.124692 -0.467719  0.297978 0.539823 0
0  1.298921 -6.644995 -0.538046  0.875038 0.124692 -0.467719  0.297978 0.539823 0
0  1.168998 -6.644995 -0.781114  0.875038 0.124692 -0.467719  0.297978 0.539823 0
painted_wood_01
0  0.500471 -2.645002 0.749012  0.467718 0.124693 0.875038  0.297978 0.539823 0
0  0.538031 -6.644995 1.298936  0.467718 0.124693 0.875038  0.297978 0.539823 0
0  0.781099 -6.644995 1.169013  0.467718 0.124693 0.875038  0.297978 0.539823 0
gold_player
0  0.388464 3.355001 0.937835  0.290232 -0.018951 0.956769  0.000000 0.000000 0
0  0.175742 -2.645002 0.883519  0.290232 -0.018951 0.956769  0.000000 0.000000 0
0  0.344730 -2.645002 0.832257  0.290232 -0.018951 0.956769  0.000000 0.000000 0
gold_player
0  0.937835 3.355001 -0.388464  0.956768 -0.018952 -0.290234  0.000000 0.000000 0
0  0.883515 -2.645002 -0.175745  0.956768 -0.018952 -0.290234  0.000000 0.000000 0
0  0.832253 -2.645002 -0.344734  0.956768 -0.018952 -0.290234  0.000000 0.000000 0
painted_wood_01
0  0.344730 -2.645002 -0.832257  0.467717 0.124693 -0.875038  0.297978 0.539823 0
0  0.781099 -6.644995 -1.169013  0.467717 0.124693 -0.875038  0.297978 0.539823 0
0  0.538031 -6.644995 -1.298936  0.467717 0.124693 -0.875038  0.297978 0.539823 0
painted_wood_01
0  0.832253 -2.645002 0.344734  0.875038 0.124692 0.467719  0.297978 0.539823 0
0  1.168998 -6.644995 0.781114  0.875038 0.124692 0.467719  0.297978 0.539823 0
0  1.298921 -6.644995 0.538046  0.875038 0.124692 0.467719  0.297978 0.539823 0
gold_player
0  0.995600 3.355001 0.198037  0.956768 -0.018951 0.290234  0.000000 0.000000 0
0  0.832253 -2.645002 0.344734  0.956768 -0.018951 0.290234  0.000000 0.000000 0
0  0.883515 -2.645002 0.175745  0.956768 -0.018951 0.290234  0.000000 0.000000 0
gold_player
0  0.198037 3.355001 -0.995600  0.290233 -0.018951 -0.956768  0.000000 0.000000 0
0  0.344730 -2.645002 -0.832257  0.290233 -0.018951 -0.956768  0.000000 0.000000 0
0  0.175742 -2.645002 -0.883519  0.290233 -0.018951 -0.956768  0.000000 0.000000 0
painted_wood_01
0  0.883515 -2.645002 -0.175745  0.987418 0.124691 -0.097247  0.297978 0.539823 0
0  1.405942 -6.644995 0.000000  0.987418 0.124691 -0.097247  0.297978 0.539823 0
0  1.378928 -6.644995 -0.274301  0.987418 0.124691 -0.097247  0.297978 0.539823 0
painted_wood_01
0  0.636979 -2.645002 -0.636982  0.766977 0.124692 -0.629442  0.297978 0.539823 0
0  1.168998 -6.644995 -0.781114  0.766977 0.124692 -0.629442  0.297978 0.539823 0
0  0.994151 -6.644995 -0.994166  0.766977 0.124692 -0.629442  0.297978 0.539823 0
painted_wood_01
0  0.717787 3.355001 0.717788  0.634280 -0.018951 0.772871  0.297978 0.539823 0
0  0.500471 -2.645002 0.749012  0.634280 -0.018951 0.772871  0.297978 0.539823 0
0  0.636979 -2.645002 0.636982  0.634280 -0.018951 0.772871  0.297978 0.539823 0
painted_wood_01
0  0.175742 -2.645002 0.883519  0.097252 0.124694 0.987418  0.297978 0.539823 0
0  0.000000 -6.644995 1.405957  0.097252 0.124694 0.987418  0.297978 0.539823 0
0  0.274286 -6.644995 1.378942  0.097252 0.124694 0.987418  0.297978 0.539823 0
gold_player
0  1.147519 14.625002 -0.228256  0.956940 0.000000 -0.290285  0.000000 0.000000 0
0  1.080939 16.625002 -0.447740  0.956940 0.000000 -0.290285  0.000000 0.000000 0
0  1.147519 16.625002 -0.228256  0.956940 0.000000 -0.290285  0.000000 0.000000 0
gold_player
0  0.447739 14.625002 1.080939  0.471396 0.000000 0.881922  0.000000 0.000000 0
0  0.650017 16.625002 0.972820  0.471396 0.000000 0.881922  0.000000 0.000000 0
0  0.447739 16.625002 1.080939  0.471396 0.000000 0.881922  0.000000 0.000000 0
gold_player
0  1.170000 14.625002 0.000000  0.995185 0.000000 -0.098018  0.000000 0.000000 0
0  1.147519 16.625002 -0.228256  0.995185 0.000000 -0.098018  0.000000 0.000000 0
0  1.170000 16.625002 0.000000  0.995185 0.000000 -0.098018  0.000000 0.000000 0
gold_player
0  0.827315 14.625002 0.827315  0.773011 0.000000 0.634393  0.000000 0.000000 0
0  0.972819 16.625002 0.650017  0.773011 0.000000 0.634393  0.000000 0.000000 0
0  0.827315 16.625002 0.827315  0.773011 0.000000 0.634393  0.000000 0.000000 0
gold_player
0  0.972819 14.625002 -0.650017  0.773011 0.000000 -0.634393  0.000000 0.000000 0
0  0.827315 16.625002 -0.827315  0.773011 0.000000 -0.634393  0.000000 0.000000 0
0  0.972819 16.625002 -0.650017  0.773011 0.000000 -0.634393  0.000000 0.000000 0
gold_player
0  1.207593 12.019003 -0.806888  0.773010 0.000000 -0.634394  0.000000 0.000000 0
0  1.026974 14.231001 -1.026974  0.773010 0.000000 -0.634394  0.000000 0.000000 0
0  1.207593 14.231001 -0.806888  0.773010 0.000000 -0.634394  0.000000 0.000000 0
gold_player
0  1.341806 12.019003 0.555794  0.956941 0.000000 0.290284  0.000000 0.000000 0
0  1.424453 14.231001 0.283341  0.956941 0.000000 0.290284  0.000000 0.000000 0
0  1.341806 14.231001 0.555794  0.956941 0.000000 0.290284  0.000000 0.000000 0
gold_player
0  0.447739 14.625002 1.080939  0.236336 0.580649 0.779097  0.000000 0.000000 0
0  0.228256 14.625002 1.147519  0.236336 0.580649 0.779097  0.000000 0.000000 0
0  0.555794 14.231001 1.341806  0.236336 0.580649 0.779097  0.000000 0.000000 0
gold_player
0  0.806888 12.019003 1.207593  0.634392 0.000000 0.773011  0.000000 0.000000 0
0  1.026974 14.231001 1.026974  0.634392 0.000000 0.773011  0.000000 0.000000 0
0  0.806888 14.231001 1.207593  0.634392 0.000000 0.773011  0.000000 0.000000 0
gold_player
0  1.424453 12.019003 0.283341  0.995185 0.000000 0.098018  0.000000 0.000000 0
0  1.452360 14.231001 0.000000  0.995185 0.000000 0.098018  0.000000 0.000000 0
0  1.424453 14.231001 0.283341  0.995185 0.000000 0.098018  0.000000 0.000000 0
gold_player
0  0.228256 14.625002 1.147519  0.290285 0.000000 0.956940  0.000000 0.000000 0
0  0.447739 16.625002 1.080939  0.290285 0.000000 0.956940  0.000000 0.000000 0
0  0.228256 16.625002 1.147519  0.290285 0.000000 0.956940  0.000000 0.000000 0
gold_player
0  1.080939 14.625002 0.447740  0.956940 0.000000 0.290285  0.000000 0.000000 0
0  1.147519 16.625002 0.228256  0.956940 0.000000 0.290285  0.000000 0.000000 0
0  1.080939 16.625002 0.447740  0.956940 0.000000 0.290285  0.000000 0.000000 0
gold_player
0  0.650017 14.625002 0.972820  0.634393 0.000000 0.773010  0.000000 0.000000 0
0  0.827315 16.625002 0.827315  0.634393 0.000000 0.773010  0.000000 0.000000 0
0  0.650017 16.625002 0.972820  0.634393 0.000000 0.773010  0.000000 0.000000 0
gold_player
0  0.000000 14.625002 1.170000  0.098017 0.000000 0.995185  0.000000 0.000000 0
0  0.228256 16.625002 1.147519  0.098017 0.000000 0.995185  0.000000 0.000000 0
0  0.000000 16.625002 1.170000  0.098017 0.000000 0.995185  0.000000 0.000000 0
gold_player
0  0.228256 14.625002 -1.147519  0.098017 0.000000 -0.995185  0.000000 0.000000 0
0  0.000000 16.625002 -1.170000  0.098017 0.000000 -0.995185  0.000000 0.000000 0
0  0.228256 16.625002 -1.147519  0.098017 0.000000 -0.995185  0.000000 0.000000 0
gold_player
0  0.972819 14.625002 0.650017  0.881921 0.000000 0.471397  0.000000 0.000000 0
0  1.080939 16.625002 0.447740  0.881921 0.000000 0.471397  0.000000 0.000000 0
0  0.972819 16.625002 0.650017  0.881921 0.000000 0.471397  0.000000 0.000000 0
gold_player
0  1.026974 12.019003 1.026974  0.773010 0.000000 0.634394  0.000000 0.000000 0
0  1.207593 14.231001 0.806888  0.773010 0.000000 0.634394  0.000000 0.000000 0
0  1.026974 14.231001 1.026974  0.773010 0.000000 0.634394  0.000000 0.000000 0
gold_player
0  0.228256 11.625002 -1.147519  0.098017 0.000000 -0.995185  0.000000 0.000000 0
0  0.000000 14.625002 -1.170000  0.098017 0.000000 -0.995185  0.000000 0.000000 0
0  0.228256 14.625002 -1.147519  0.098017 0.000000 -0.995185  0.000000 0.000000 0
gold_player
0  0.000000 11.625002 1.170000  0.098017 0.000000 0.995185  0.000000 0.000000 0
0  0.228256 14.625002 1.147519  0.098017 0.000000 0.995185  0.000000 0.000000 0
0  0.000000 14.625002 1.170000  0.098017 0.000000 0.995185  0.000000 0.000000 0
gold_player
0  1.026974 12.019003 -1.026974  0.634392 0.000000 -0.773011  0.000000 0.000000 0
0  0.806888 14.231001 -1.207593  0.634392 0.000000 -0.773011  0.000000 0.000000 0
0  1.026974 14.231001 -1.026974  0.634392 0.000000 -0.773011  0.000000 0.000000 0
gold_player
0  0.274286 -6.644995 -1.378942  0.414976 0.137039 -0.899453  0.000000 0.000000 0
0  0.538031 -6.644995 -1.298936  0.449120 0.133174 -0.883491  0.000000 0.000000 0
0  0.039692 -7.644995 0.000000  0.687838 0.071946 -0.722290  0.000000 0.000000 0
gold_player
0  1.378928 -6.644995 0.274301  0.958365 -0.154007 0.240454  0.000000 0.000000 0
0  1.298921 -6.644995 0.538046  0.963794 -0.155235 0.216804  0.000000 0.000000 0
0  0.039692 -7.644995 0.000000  0.975724 -0.161549 0.147865  0.000000 0.000000 0
painted_wood_01
0  0.538031 -6.644995 -1.298936  0.585464 0.081451 -0.806597  0.297978 0.539823 0
0  0.781099 -6.644995 -1.169013  0.612585 0.077909 -0.786556  0.297978 0.539823 0
0  0.039692 -7.644995 0.000000  0.810564 0.017007 -0.585404  0.297978 0.539823 0
painted_wood_01
0  1.298921 -6.644995 0.538046  0.916465 -0.107707 0.385346  0.297978 0.539823 0
0  1.168998 -6.644995 0.781114  0.918961 -0.108213 0.379211  0.297978 0.539823 0
0  0.039692 -7.644995 0.000000  0.965833 -0.131848 0.223123  0.297978 0.539823 0
painted_wood_01
0  0.781099 -6.644995 -1.169013  0.729618 0.017370 -0.683634  0.297978 0.539823 0
0  0.994151 -6.644995 -0.994166  0.746502 0.014805 -0.665218  0.297978 0.539823 0
0  0.039692 -7.644995 0.000000  0.893118 -0.039668 -0.448070  0.297978 0.539823 0
painted_wood_01
0  1.168998 -6.644995 0.781114  0.847542 -0.048129 0.528542  0.297978 0.539823 0
0  0.994151 -6.644995 0.994166  0.841675 -0.047093 0.537927  0.297978 0.539823 0
0  0.039692 -7.644995 0.000000  0.941880 -0.089786 0.323731  0.297978 0.539823 0
painted_wood_01
0  0.994151 -6.644995 -0.994166  0.841632 -0.047086 -0.537995  0.297978 0.539823 0
0  1.168998 -6.644995 -0.781114  0.847560 -0.048133 -0.528513  0.297978 0.539823 0
0  0.039692 -7.644995 0.000000  0.941871 -0.089778 -0.323758  0.297978 0.539823 0
painted_wood_01
0  0.994151 -6.644995 0.994166  0.746478 0.014809 0.665245  0.297978 0.539823 0
0  0.781099 -6.644995 1.169013  0.729594 0.017373 0.683660  0.297978 0.539823 0
0  0.039692 -7.644995 0.000000  0.893131 -0.039677 0.448044  0.297978 0.539823 0
painted_wood_01
0  1.168998 -6.644995 -0.781114  0.918973 -0.108216 -0.379181  0.297978 0.539823 0
0  1.298921 -6.644995 -0.538046  0.916477 -0.107709 -0.385316  0.297978 0.539823 0
0  0.039692 -7.644995 0.000000  0.965827 -0.131842 -0.223149  0.297978 0.539823 0
painted_wood_01
0  0.781099 -6.644995 1.169013  0.612655 0.077898 0.786502  0.297978 0.539823 0
0  0.538031 -6.644995 1.298936  0.585536 0.081442 0.806545  0.297978 0.539823 0
0  0.039692 -7.644995 0.000000  0.810582 0.016998 0.585379  0.297978 0.539823 0
gold_player
0  1.298921 -6.644995 -0.538046  0.963800 -0.155237 -0.216774  0.000000 0.000000 0
0  1.378928 -6.644995 -0.274301  0.958372 -0.154009 -0.240424  0.000000 0.000000 0
0  0.039692 -7.644995 0.000000  0.975721 -0.161546 -0.147891  0.000000 0.000000 0
gold_player
0  0.538031 -6.644995 1.298936  0.449086 0.133179 0.883507  0.000000 0.000000 0
0  0.274286 -6.644995 1.378942  0.415059 0.137031 0.899415  0.000000 0.000000 0
0  0.039692 -7.644995 0.000000  0.687861 0.071937 0.722269  0.000000 0.000000 0
painted_wood_01
0  1.378928 -6.644995 -0.274301  0.981877 -0.180424 -0.058016  0.297978 0.539823 0
0  1.405942 -6.644995 0.000000  0.979225 -0.179787 -0.093786  0.297978 0.539823 0
0  0.039692 -7.644995 0.000000  0.981423 -0.180189 -0.065891  0.297978 0.539823 0
painted_wood_01
0  0.000000 -6.644995 -1.405957  0.226098 0.185769 -0.956227  0.297978 0.539823 0
0  0.274286 -6.644995 -1.378942  0.262806 0.182126 -0.947504  0.297978 0.539823 0
0  0.039692 -7.644995 0.000000  0.525152 0.125133 -0.841758  0.297978 0.539823 0
painted_wood_01
0  0.274286 -6.644995 1.378942  0.262897 0.182116 0.947480  0.297978 0.539823 0
0  0.000000 -6.644995 1.405957  0.226060 0.185772 0.956235  0.297978 0.539823 0
0  0.039692 -7.644995 0.000000  0.525180 0.125124 0.841742  0.297978 0.539823 0
painted_wood_01
0  1.405942 -6.644995 0.000000  0.979231 -0.179787 0.093717  0.297978 0.539823 0
0  1.378928 -6.644995 0.274301  0.981870 -0.180419 0.058147  0.297978 0.539823 0
0  0.039692 -7.644995 0.000000  0.981487 -0.180216 0.064855  0.297978 0.539823 0
painted_wood_01
0  0.039692 -7.644995 0.000000  0.289078 0.160441 0.943765  0.297978 0.539823 0
0  0.000000 -6.644995 1.405957  0.867012 -0.180472 0.464456  0.297978 0.539823 0
0  0.000000 -7.644995 0.000000  0.000000 -0.814898 0.579604  0.297978 0.539823 0
painted_wood_01
0  0.000000 -6.644995 -1.405957  0.867010 -0.180468 -0.464462  0.297978 0.539823 0
0  0.039692 -7.644995 0.000000  -0.855188 -0.518214 0.010394  0.297978 0.539823 0
0  0.000000 -7.644995 0.000000  0.000000 -0.814898 -0.579604  0.297978 0.539823 0
gold_player
0  1.080939 14.625002 -0.447740  0.881921 0.000000 -0.471397  0.000000 0.000000 0
0  0.972819 16.625002 -0.650017  0.881921 0.000000 -0.471397  0.000000 0.000000 0
0  1.080939 16.625002 -0.447740  0.881921 0.000000 -0.471397  0.000000 0.000000 0
gold_player
0  0.447739 14.625002 -1.080939  0.290285 0.000000 -0.956940  0.000000 0.000000 0
0  0.228256 16.625002 -1.147519  0.290285 0.000000 -0.956940  0.000000 0.000000 0
0  0.447739 16.625002 -1.080939  0.290285 0.000000 -0.956940  0.000000 0.000000 0
gold_player
0  0.806888 12.019003 -1.207593  0.471397 0.000000 -0.881921  0.000000 0.000000 0
0  0.555794 14.231001 -1.341806  0.471397 0.000000 -0.881921  0.000000 0.000000 0
0  0.806888 14.231001 -1.207593  0.471397 0.000000 -0.881921  0.000000 0.000000 0
gold_player
0  1.207593 12.019003 0.806888  0.881921 0.000000 0.471397  0.000000 0.000000 0
0  1.341806 14.231001 0.555794  0.881921 0.000000 0.471397  0.000000 0.000000 0
0  1.207593 14.231001 0.806888  0.881921 0.000000 0.471397  0.000000 0.000000 0
gold_player
0  0.827315 14.625002 -0.827315  0.634393 0.000000 -0.773010  0.000000 0.000000 0
0  0.650017 16.625002 -0.972820  0.634393 0.000000 -0.773010  0.000000 0.000000 0
0  0.827315 16.625002 -0.827315  0.634393 0.000000 -0.773010  0.000000 0.000000 0
gold_player
0  0.555794 12.019003 1.341806  0.471397 0.000000 0.881921  0.000000 0.000000 0
0  0.806888 14.231001 1.207593  0.471397 0.000000 0.881921  0.000000 0.000000 0
0  0.555794 14.231001 1.341806  0.471397 0.000000 0.881921  0.000000 0.000000 0
gold_player
0  1.341806 12.019003 -0.555794  0.881921 0.000000 -0.471397  0.000000 0.000000 0
0  1.207593 14.231001 -0.806888  0.881921 0.000000 -0.471397  0.000000 0.000000 0
0  1.341806 14.231001 -0.555794  0.881921 0.000000 -0.471397  0.000000 0.000000 0
gold_player
0  1.147519 14.625002 0.228256  0.995185 0.000000 0.098018  0.000000 0.000000 0
0  1.170000 16.625002 0.000000  0.995185 0.000000 0.098018  0.000000 0.000000 0
0  1.147519 16.625002 0.228256  0.995185 0.000000 0.098018  0.000000 0.000000 0
gold_player
0  0.650017 14.625002 -0.972820  0.471397 0.000000 -0.881921  0.000000 0.000000 0
0  0.447739 16.625002 -1.080939  0.471397 0.000000 -0.881921  0.000000 0.000000 0
0  0.650017 16.625002 -0.972820  0.471397 0.000000 -0.881921  0.000000 0.000000 0
gold_player
0  1.452360 12.019003 0.000000  0.995185 0.000000 -0.098018  0.000000 0.000000 0
0  1.424453 14.231001 -0.283341  0.995185 0.000000 -0.098018  0.000000 0.000000 0
0  1.452360 14.231001 0.000000  0.995185 0.000000 -0.098018  0.000000 0.000000 0
gold_player
0  1.424453 12.019003 -0.283341  0.956941 0.000000 -0.290284  0.000000 0.000000 0
0  1.341806 14.231001 -0.555794  0.956941 0.000000 -0.290284  0.000000 0.000000 0
0  1.424453 14.231001 -0.283341  0.956941 0.000000 -0.290284  0.000000 0.000000 0
gold_player
0  1.170000 9.625002 0.000000  0.995185 0.000000 -0.098018  0.000000 0.000000 0
0  1.147519 11.625002 -0.228256  0.995185 0.000000 -0.098018  0.000000 0.000000 0
0  1.170000 11.625002 0.000000  0.995185 0.000000 -0.098018  0.000000 0.000000 0
gold_player
0  0.972819 9.625002 0.650017  0.881921 0.000000 0.471397  0.000000 0.000000 0
0  1.080939 11.625002 0.447740  0.881921 0.000000 0.471397  0.000000 0.000000 0
0  0.972819 11.625002 0.650017  0.881921 0.000000 0.471397  0.000000 0.000000 0
gold_player
0  0.447739 9.625002 1.080939  0.471396 0.000000 0.881922  0.000000 0.000000 0
0  0.650017 11.625002 0.972820  0.471396 0.000000 0.881922  0.000000 0.000000 0
0  0.447739 11.625002 1.080939  0.471396 0.000000 0.881922  0.000000 0.000000 0
gold_player
0  0.447739 9.625002 -1.080939  0.290285 0.000000 -0.956940  0.000000 0.000000 0
0  0.228256 11.625002 -1.147519  0.290285 0.000000 -0.956940  0.000000 0.000000 0
0  0.447739 11.625002 -1.080939  0.290285 0.000000 -0.956940  0.000000 0.000000 0
gold_player
0  0.972819 9.625002 -0.650017  0.773011 0.000000 -0.634393  0.000000 0.000000 0
0  0.827315 11.625002 -0.827315  0.773011 0.000000 -0.634393  0.000000 0.000000 0
0  0.972819 11.625002 -0.650017  0.773011 0.000000 -0.634393  0.000000 0.000000 0
gold_player
0  1.147519 9.625002 -0.228256  0.956940 0.000000 -0.290285  0.000000 0.000000 0
0  1.080939 11.625002 -0.447740  0.956940 0.000000 -0.290285  0.000000 0.000000 0
0  1.147519 11.625002 -0.228256  0.956940 0.000000 -0.290285  0.000000 0.000000 0
gold_player
0  1.080939 9.625002 0.447740  0.956940 0.000000 0.290285  0.000000 0.000000 0
0  1.147519 11.625002 0.228256  0.956940 0.000000 0.290285  0.000000 0.000000 0
0  1.080939 11.625002 0.447740  0.956940 0.000000 0.290285  0.000000 0.000000 0
gold_player
0  0.650017 9.625002 0.972820  0.634393 0.000000 0.773010  0.000000 0.000000 0
0  0.827315 11.625002 0.827315  0.634393 0.000000 0.773010  0.000000 0.000000 0
0  0.650017 11.625002 0.972820  0.634393 0.000000 0.773010  0.000000 0.000000 0
gold_player
0  0.000000 9.625002 1.170000  0.098017 0.000000 0.995185  0.000000 0.000000 0
0  0.228256 11.625002 1.147519  0.098017 0.000000 0.995185  0.000000 0.000000 0
0  0.000000 11.625002 1.170000  0.098017 0.000000 0.995185  0.000000 0.000000 0
gold_player
0  0.228256 9.625002 -1.147519  0.098017 0.000000 -0.995185  0.000000 0.000000 0
0  0.000000 11.625002 -1.170000  0.098017 0.000000 -0.995185  0.000000 0.000000 0
0  0.228256 11.625002 -1.147519  0.098017 0.000000 -0.995185  0.000000 0.000000 0
gold_player
0  0.827315 9.625002 -0.827315  0.634393 0.000000 -0.773010  0.000000 0.000000 0
0  0.650017 11.625002 -0.972820  0.634393 0.000000 -0.773010  0.000000 0.000000 0
0  0.827315 11.625002 -0.827315  0.634393 0.000000 -0.773010  0.000000 0.000000 0
gold_player
0  1.147519 9.625002 0.228256  0.995185 0.000000 0.098018  0.000000 0.000000 0
0  1.170000 11.625002 0.000000  0.995185 0.000000 0.098018  0.000000 0.000000 0
0  1.147519 11.625002 0.228256  0.995185 0.000000 0.098018  0.000000 0.000000 0
gold_player
0  0.827315 9.625002 0.827315  0.773011 0.000000 0.634393  0.000000 0.000000 0
0  0.972819 11.625002 0.650017  0.773011 0.000000 0.634393  0.000000 0.000000 0
0  0.827315 11.625002 0.827315  0.773011 0.000000 0.634393  0.000000 0.000000 0
gold_player
0  0.228256 9.625002 1.147519  0.290285 0.000000 0.956940  0.000000 0.000000 0
0  0.447739 11.625002 1.080939  0.290285 0.000000 0.956940  0.000000 0.000000 0
0  0.228256 11.625002 1.147519  0.290285 0.000000 0.956940  0.000000 0.000000 0
gold_player
0  1.080939 9.625002 -0.447740  0.881921 0.000000 -0.471397  0.000000 0.000000 0
0  0.972819 11.625002 -0.650017  0.881921 0.000000 -0.471397  0.000000 0.000000 0
0  1.080939 11.625002 -0.447740  0.881921 0.000000 -0.471397  0.000000 0.000000 0
gold_player
0  0.650017 9.625002 -0.972820  0.471397 0.000000 -0.881921  0.000000 0.000000 0
0  0.447739 11.625002 -1.080939  0.471397 0.000000 -0.881921  0.000000 0.000000 0
0  0.650017 11.625002 -0.972820  0.471397 0.000000 -0.881921  0.000000 0.000000 0
gold_player
0  0.447739 11.625002 1.080939  0.236337 -0.580651 0.779095  0.000000 0.000000 0
0  0.555794 12.019003 1.341806  0.236337 -0.580651 0.779095  0.000000 0.000000 0
0  0.228256 11.625002 1.147519  0.236337 -0.580651 0.779095  0.000000 0.000000 0
gold_player
0  0.806888 14.231001 1.207593  0.516493 0.580650 0.629350  0.000000 0.000000 0
0  0.827315 14.625002 0.827315  0.516493 0.580650 0.629350  0.000000 0.000000 0
0  0.650017 14.625002 0.972820  0.516493 0.580650 0.629350  0.000000 0.000000 0
gold_player
0  1.424453 14.231001 0.283341  0.810232 0.580651 0.079801  0.000000 0.000000 0
0  1.170000 14.625002 0.000000  0.810232 0.580651 0.079801  0.000000 0.000000 0
0  1.147519 14.625002 0.228256  0.810232 0.580651 0.079801  0.000000 0.000000 0
gold_player
0  1.424453 14.231001 -0.283341  0.779097 0.580651 -0.236332  0.000000 0.000000 0
0  1.080939 14.625002 -0.447740  0.779097 0.580651 -0.236332  0.000000 0.000000 0
0  1.147519 14.625002 -0.228256  0.779097 0.580651 -0.236332  0.000000 0.000000 0
gold_player
0  0.806888 14.231001 -1.207593  0.383789 0.580652 -0.718017  0.000000 0.000000 0
0  0.447739 14.625002 -1.080939  0.383789 0.580652 -0.718017  0.000000 0.000000 0
0  0.650017 14.625002 -0.972820  0.383789 0.580652 -0.718017  0.000000 0.000000 0
gold_player
0  0.555794 14.231001 1.341806  0.383789 0.580651 0.718019  0.000000 0.000000 0
0  0.650017 14.625002 0.972820  0.383789 0.580651 0.718019  0.000000 0.000000 0
0  0.447739 14.625002 1.080939  0.383789 0.580651 0.718019  0.000000 0.000000 0
gold_player
0  1.341806 14.231001 0.555794  0.779095 0.580651 0.236336  0.000000 0.000000 0
0  1.147519 14.625002 0.228256  0.779095 0.580651 0.236336  0.000000 0.000000 0
0  1.080939 14.625002 0.447740  0.779095 0.580651 0.236336  0.000000 0.000000 0
gold_player
0  1.341806 14.231001 -0.555794  0.718018 0.580651 -0.383789  0.000000 0.000000 0
0  0.972819 14.625002 -0.650017  0.718018 0.580651 -0.383789  0.000000 0.000000 0
0  1.080939 14.625002 -0.447740  0.718018 0.580651 -0.383789  0.000000 0.000000 0
gold_player
0  0.447739 14.625002 -1.080939  0.236336 0.580649 -0.779097  0.000000 0.000000 0
0  0.555794 14.231001 -1.341806  0.236336 0.580649 -0.779097  0.000000 0.000000 0
0  0.228256 14.625002 -1.147519  0.236336 0.580649 -0.779097  0.000000 0.000000 0
gold_player
0  1.207593 14.231001 -0.806888  0.629349 0.580652 -0.516491  0.000000 0.000000 0
0  0.827315 14.625002 -0.827315  0.629349 0.580652 -0.516491  0.000000 0.000000 0
0  0.972819 14.625002 -0.650017  0.629349 0.580652 -0.516491  0.000000 0.000000 0
gold_player
0  1.026974 14.231001 1.026974  0.629349 0.580652 0.516491  0.000000 0.000000 0
0  0.972819 14.625002 0.650017  0.629349 0.580652 0.516491  0.000000 0.000000 0
0  0.827315 14.625002 0.827315  0.629349 0.580652 0.516491  0.000000 0.000000 0
gold_player
0  1.026974 14.231001 -1.026974  0.516493 0.580650 -0.629349  0.000000 0.000000 0
0  0.650017 14.625002 -0.972820  0.516493 0.580650 -0.629349  0.000000 0.000000 0
0  0.827315 14.625002 -0.827315  0.516493 0.580650 -0.629349  0.000000 0.000000 0
gold_player
0  0.555794 14.231001 1.341806  -0.510171 0.000000 0.860073  0.000000 0.000000 0
0  0.228256 11.625002 1.147519  -0.510171 0.000000 0.860073  0.000000 0.000000 0
0  0.555794 12.019003 1.341806  -0.510171 0.000000 0.860073  0.000000 0.000000 0
gold_player
0  0.806888 12.019003 -1.207593  0.516493 -0.580650 -0.629350  0.000000 0.000000 0
0  0.827315 11.625002 -0.827315  0.516493 -0.580650 -0.629350  0.000000 0.000000 0
0  0.650017 11.625002 -0.972820  0.516493 -0.580650 -0.629350  0.000000 0.000000 0
gold_player
0  1.207593 12.019003 -0.806888  0.718018 -0.580651 -0.383789  0.000000 0.000000 0
0  1.080939 11.625002 -0.447740  0.718018 -0.580651 -0.383789  0.000000 0.000000 0
0  0.972819 11.625002 -0.650017  0.718018 -0.580651 -0.383789  0.000000 0.000000 0
gold_player
0  1.424453 12.019003 -0.283341  0.810232 -0.580651 -0.079802  0.000000 0.000000 0
0  1.170000 11.625002 0.000000  0.810232 -0.580651 -0.079802  0.000000 0.000000 0
0  1.147519 11.625002 -0.228256  0.810232 -0.580651 -0.079802  0.000000 0.000000 0
gold_player
0  1.424453 12.019003 0.283341  0.779097 -0.580651 0.236332  0.000000 0.000000 0
0  1.080939 11.625002 0.447740  0.779097 -0.580651 0.236332  0.000000 0.000000 0
0  1.147519 11.625002 0.228256  0.779097 -0.580651 0.236332  0.000000 0.000000 0
gold_player
0  1.207593 12.019003 0.806888  0.629347 -0.580650 0.516496  0.000000 0.000000 0
0  0.827315 11.625002 0.827315  0.629347 -0.580650 0.516496  0.000000 0.000000 0
0  0.972819 11.625002 0.650017  0.629347 -0.580650 0.516496  0.000000 0.000000 0
gold_player
0  0.806888 12.019003 1.207593  0.383788 -0.580651 0.718019  0.000000 0.000000 0
0  0.447739 11.625002 1.080939  0.383788 -0.580651 0.718019  0.000000 0.000000 0
0  0.650017 11.625002 0.972820  0.383788 -0.580651 0.718019  0.000000 0.000000 0
gold_player
0  1.452360 14.231001 0.000000  0.810232 0.580651 -0.079801  0.000000 0.000000 0
0  1.147519 14.625002 -0.228256  0.810232 0.580651 -0.079801  0.000000 0.000000 0
0  1.170000 14.625002 0.000000  0.810232 0.580651 -0.079801  0.000000 0.000000 0
gold_player
0  1.207593 14.231001 0.806888  0.718019 0.580652 0.383787  0.000000 0.000000 0
0  1.080939 14.625002 0.447740  0.718019 0.580652 0.383787  0.000000 0.000000 0
0  0.972819 14.625002 0.650017  0.718019 0.580652 0.383787  0.000000 0.000000 0
gold_player
0  0.555794 14.231001 -1.341806  -0.510171 0.000000 -0.860073  0.000000 0.000000 0
0  0.228256 11.625002 -1.147519  -0.510171 0.000000 -0.860073  0.000000 0.000000 0
0  0.228256 14.625002 -1.147519  -0.510171 0.000000 -0.860073  0.000000 0.000000 0
gold_player
0  0.555794 12.019003 -1.341806  0.383789 -0.580651 -0.718019  0.000000 0.000000 0
0  0.650017 11.625002 -0.972820  0.383789 -0.580651 -0.718019  0.000000 0.000000 0
0  0.447739 11.625002 -1.080939  0.383789 -0.580651 -0.718019  0.000000 0.000000 0
gold_player
0  1.026974 12.019003 -1.026974  0.629349 -0.580651 -0.516493  0.000000 0.000000 0
0  0.972819 11.625002 -0.650017  0.629349 -0.580651 -0.516493  0.000000 0.000000 0
0  0.827315 11.625002 -0.827315  0.629349 -0.580651 -0.516493  0.000000 0.000000 0
gold_player
0  1.341806 12.019003 -0.555794  0.779095 -0.580651 -0.236336  0.000000 0.000000 0
0  1.147519 11.625002 -0.228256  0.779095 -0.580651 -0.236336  0.000000 0.000000 0
0  1.080939 11.625002 -0.447740  0.779095 -0.580651 -0.236336  0.000000 0.000000 0
gold_player
0  1.452360 12.019003 0.000000  0.810232 -0.580651 0.079802  0.000000 0.000000 0
0  1.147519 11.625002 0.228256  0.810232 -0.580651 0.079802  0.000000 0.000000 0
0  1.170000 11.625002 0.000000  0.810232 -0.580651 0.079802  0.000000 0.000000 0
gold_player
0  1.341806 12.019003 0.555794  0.718017 -0.580650 0.383792  0.000000 0.000000 0
0  0.972819 11.625002 0.650017  0.718017 -0.580650 0.383792  0.000000 0.000000 0
0  1.080939 11.625002 0.447740  0.718017 -0.580650 0.383792  0.000000 0.000000 0
gold_player
0  1.026974 12.019003 1.026974  0.516493 -0.580650 0.629349  0.000000 0.000000 0
0  0.650017 11.625002 0.972820  0.516493 -0.580650 0.629349  0.000000 0.000000 0
0  0.827315 11.625002 0.827315  0.516493 -0.580650 0.629349  0.000000 0.000000 0
gold_player
0  0.447739 11.625002 -1.080939  0.236337 -0.580651 -0.779095  0.000000 0.000000 0
0  0.228256 11.625002 -1.147519  0.236337 -0.580651 -0.779095  0.000000 0.000000 0
0  0.555794 12.019003 -1.341806  0.236337 -0.580651 -0.779095  0.000000 0.000000 0
gold_player
0  0.000000 23.269157 -0.000569  0.062924 -0.992050 -0.108988  0.000000 0.000000 0
0  0.000000 23.504158 -2.139651  0.062924 -0.992050 -0.108988  0.000000 0.000000 0
0  1.852501 23.504158 -1.070111  0.062924 -0.992050 -0.108988  0.000000 0.000000 0
gold_player
0  3.704999 26.209156 -2.139651  0.500000 0.000000 -0.866025  0.000000 0.000000 0
0  3.704999 23.739157 -2.139651  0.500000 0.000000 -0.866025  0.000000 0.000000 0
0  1.852501 23.739157 -3.209191  0.500000 0.000000 -0.866025  0.000000 0.000000 0
painted_wood_01
0  0.000000 28.679157 -4.278735  0.062923 0.992050 -0.108988  0.297978 0.539823 0
0  0.000000 28.914156 -2.139653  0.062923 0.992050 -0.108988  0.297978 0.539823 0
0  1.852501 28.679157 -3.209193  0.062923 0.992050 -0.108988  0.297978 0.539823 0
gold_player
0  0.000000 23.269157 -0.000569  0.125847 -0.992050 0.000000  0.000000 0.000000 0
0  1.852501 23.504158 -1.070111  0.125847 -0.992050 0.000000  0.000000 0.000000 0
0  1.852500 23.504158 1.068973  0.125847 -0.992050 0.000000  0.000000 0.000000 0
gold_player
0  3.704999 23.739157 -2.139651  1.000000 0.000000 0.000000  0.000000 0.000000 0
0  3.704999 26.209156 -2.139651  1.000000 0.000000 0.000000  0.000000 0.000000 0
0  3.704999 23.739157 -0.000567  1.000000 0.000000 0.000000  0.000000 0.000000 0
painted_wood_01
0  3.704999 28.679157 -2.139651  0.125847 0.992050 0.000000  0.297978 0.539823 0
0  1.804105 28.920296 -1.042169  0.125847 0.992050 0.000000  0.297978 0.539823 0
0  3.704999 28.679157 -0.000569  0.125847 0.992050 0.000000  0.297978 0.539823 0
gold_player
0  0.000000 23.269157 -0.000569  0.062924 -0.992050 0.108988  0.000000 0.000000 0
0  1.852500 23.504158 1.068973  0.062924 -0.992050 0.108988  0.000000 0.000000 0
0  0.000000 23.504158 2.138515  0.062924 -0.992050 0.108988  0.000000 0.000000 0
gold_player
0  3.704999 26.209158 2.138515  0.500000 0.000000 0.866025  0.000000 0.000000 0
0  1.852499 23.739157 3.208056  0.500000 0.000000 0.866025  0.000000 0.000000 0
0  3.704999 23.739157 2.138515  0.500000 0.000000 0.866025  0.000000 0.000000 0
painted_wood_01
0  3.704999 28.679157 2.138515  0.062923 0.992050 0.108986  0.297978 0.539823 0
0  1.852500 28.914156 1.068972  0.062923 0.992050 0.108986  0.297978 0.539823 0
0  1.852499 28.679157 3.208056  0.062923 0.992050 0.108986  0.297978 0.539823 0
gold_player
0  3.704999 28.679157 -0.000569  1.000000 0.000000 0.000000  0.000000 0.000000 0
0  3.704999 28.679157 2.138515  1.000000 0.000000 0.000000  0.000000 0.000000 0
0  3.704999 26.209158 2.138515  1.000000 0.000000 0.000000  0.000000 0.000000 0
gold_player
0  1.852501 28.679157 -3.209193  0.500000 -0.000001 -0.866025  0.000000 0.000000 0
0  0.000000 26.209156 -4.278733  0.500000 -0.000001 -0.866025  0.000000 0.000000 0
0  0.000000 28.679157 -4.278735  0.500000 -0.000001 -0.866025  0.000000 0.000000 0
gold_player
0  0.000000 28.679157 4.277596  0.499999 0.000000 0.866026  0.000000 0.000000 0
0  0.000000 26.209158 4.277596  0.499999 0.000000 0.866026  0.000000 0.000000 0
0  1.852499 28.679157 3.208056  0.499999 0.000000 0.866026  0.000000 0.000000 0
gold_player
0  3.704999 28.679157 -0.000569  1.000000 0.000000 0.000000  0.000000 0.000000 0
0  3.704999 26.209156 -2.139651  1.000000 0.000000 0.000000  0.000000 0.000000 0
0  3.704999 28.679157 -2.139651  1.000000 0.000000 0.000000  0.000000 0.000000 0
gold_player
0  1.852499 28.679157 3.208056  0.499999 0.000000 0.866026  0.000000 0.000000 0
0  3.704999 26.209158 2.138515  0.499999 0.000000 0.866026  0.000000 0.000000 0
0  3.704999 28.679157 2.138515  0.499999 0.000000 0.866026  0.000000 0.000000 0
gold_player
0  1.852501 23.739157 -3.209191  0.500001 0.000000 -0.866025  0.000000 0.000000 0
0  0.000000 23.739157 -4.278733  0.500001 0.000000 -0.866025  0.000000 0.000000 0
0  0.000000 26.209156 -4.278733  0.500001 0.000000 -0.866025  0.000000 0.000000 0
gold_player
0  3.704999 23.739157 -0.000567  1.000000 0.000000 0.000000  0.000000 0.000000 0
0  3.704999 26.209158 2.138515  1.000000 0.000000 0.000000  0.000000 0.000000 0
0  3.704999 23.739157 2.138515  1.000000 0.000000 0.000000  0.000000 0.000000 0
gold_player
0  3.704999 26.209156 -2.139651  0.500000 0.000000 -0.866025  0.000000 0.000000 0
0  1.852501 28.679157 -3.209193  0.500000 0.000000 -0.866025  0.000000 0.000000 0
0  3.704999 28.679157 -2.139651  0.500000 0.000000 -0.866025  0.000000 0.000000 0
gold_player
0  0.000000 26.209156 -4.278733  0.499999 -0.000000 -0.866026  0.000000 0.000000 0
0  3.704999 26.209156 -2.139651  0.499999 -0.000000 -0.866026  0.000000 0.000000 0
0  1.852501 23.739157 -3.209191  0.499999 -0.000000 -0.866026  0.000000 0.000000 0
gold_player
0  1.804105 28.920296 -1.042169  0.062923 0.992050 -0.108987  0.000000 0.000000 0
0  0.000000 28.914156 -2.139653  0.062923 0.992050 -0.108987  0.000000 0.000000 0
0  0.000000 29.149157 -0.000569  0.062923 0.992050 -0.108987  0.000000 0.000000 0
painted_wood_01
0  1.804105 28.920296 -1.042169  0.062923 0.992050 -0.108986  0.297978 0.539823 0
0  3.704999 28.679157 -2.139651  0.062923 0.992050 -0.108986  0.297978 0.539823 0
0  1.852501 28.679157 -3.209193  0.062923 0.992050 -0.108986  0.297978 0.539823 0
painted_wood_01
0  3.704999 28.679157 -0.000569  0.125846 0.992050 0.000000  0.297978 0.539823 0
0  1.852500 28.914156 1.068972  0.125846 0.992050 0.000000  0.297978 0.539823 0
0  3.704999 28.679157 2.138515  0.125846 0.992050 0.000000  0.297978 0.539823 0
gold_player
0  1.852500 28.914156 1.068972  0.125847 0.992050 0.000000  0.000000 0.000000 0
0  1.804105 28.920296 -1.042169  0.125847 0.992050 0.000000  0.000000 0.000000 0
0  0.000000 29.149157 -0.000569  0.125847 0.992050 0.000000  0.000000 0.000000 0
painted_wood_01
0  1.852499 28.679157 3.208056  0.062923 0.992050 0.108986  0.297978 0.539823 0
0  0.000000 28.914156 2.138515  0.062923 0.992050 0.108986  0.297978 0.539823 0
0  0.000000 28.679157 4.277596  0.062923 0.992050 0.108986  0.297978 0.539823 0
gold_player
0  0.000000 28.914156 2.138515  0.062924 0.992050 0.108988  0.000000 0.000000 0
0  1.852500 28.914156 1.068972  0.062924 0.992050 0.108988  0.000000 0.000000 0
0  0.000000 29.149157 -0.000569  0.062924 0.992050 0.108988  0.000000 0.000000 0
c_invasion_wrangler_laser
0  1.860925 23.239513 3.208057  0.062924 -0.992050 0.108986  0.179003 0.498249 0
0  0.008427 23.004513 2.138515  0.062924 -0.992050 0.108986  0.163149 0.507329 0
0  1.860927 23.004513 1.068973  0.062924 -0.992050 0.108986  0.163149 0.489168 0
gold_player
0  0.000000 23.504158 -2.139651  -0.499184 -0.008417 -0.866455  0.000000 0.000000 0
0  1.860928 23.239513 -3.209193  -0.499184 -0.008417 -0.866455  0.000000 0.000000 0
0  0.008428 23.004513 -2.139653  -0.499184 -0.008417 -0.866455  0.000000 0.000000 0
painted_wood_01
0  1.852501 23.504158 -1.070111  0.062923 -0.992050 -0.108986  0.297978 0.539823 0
0  1.852501 23.739157 -3.209191  0.062923 -0.992050 -0.108986  0.297978 0.539823 0
0  3.704999 23.739157 -2.139651  0.062923 -0.992050 -0.108986  0.297978 0.539823 0
painted_wood_01
0  1.852501 23.739157 -3.209191  0.062923 -0.992050 -0.108986  0.297978 0.539823 0
0  0.000000 23.504158 -2.139651  0.062923 -0.992050 -0.108986  0.297978 0.539823 0
0  0.000000 23.739157 -4.278733  0.062923 -0.992050 -0.108986  0.297978 0.539823 0
c_invasion_wrangler_laser
0  1.860927 23.004513 1.068973  0.125847 -0.992050 0.000000  0.131385 0.498194 0
0  1.860927 23.004513 -1.070111  0.125847 -0.992050 0.000000  0.147144 0.489168 0
0  3.713427 23.239513 -0.000569  0.125847 -0.992050 0.000000  0.147144 0.507438 0
painted_wood_01
0  3.704999 23.739157 -0.000567  0.125846 -0.992050 0.000000  0.297978 0.539823 0
0  1.852501 23.504158 -1.070111  0.125846 -0.992050 0.000000  0.297978 0.539823 0
0  3.704999 23.739157 -2.139651  0.125846 -0.992050 0.000000  0.297978 0.539823 0
painted_wood_01
0  3.704999 23.739157 -0.000567  0.125846 -0.992050 0.000000  0.297978 0.539823 0
0  3.704999 23.739157 2.138515  0.125846 -0.992050 0.000000  0.297978 0.539823 0
0  1.852500 23.504158 1.068973  0.125846 -0.992050 0.000000  0.297978 0.539823 0
gold_player
0  1.852499 23.739157 3.208056  -0.499182 -0.008418 0.866456  0.000000 0.000000 0
0  0.008427 23.004513 2.138515  -0.499182 -0.008418 0.866456  0.000000 0.000000 0
0  1.860925 23.239513 3.208057  -0.499182 -0.008418 0.866456  0.000000 0.000000 0
painted_wood_01
0  1.852499 23.739157 3.208056  0.062923 -0.992050 0.108986  0.297978 0.539823 0
0  1.852500 23.504158 1.068973  0.062923 -0.992050 0.108986  0.297978 0.539823 0
0  3.704999 23.739157 2.138515  0.062923 -0.992050 0.108986  0.297978 0.539823 0
painted_wood_01
0  1.852499 23.739157 3.208056  0.062923 -0.992050 0.108986  0.297978 0.539823 0
0  0.000000 23.739157 4.277596  0.062923 -0.992050 0.108986  0.297978 0.539823 0
0  0.000000 23.504158 2.138515  0.062923 -0.992050 0.108986  0.297978 0.539823 0
gold_player
0  1.852501 23.504158 -1.070111  -0.499983 -0.008432 0.865994  0.000000 0.000000 0
0  0.008428 23.004513 -2.139653  -0.499983 -0.008432 0.865994  0.000000 0.000000 0
0  1.860927 23.004513 -1.070111  -0.499983 -0.008432 0.865994  0.000000 0.000000 0
gold_player
0  1.852500 23.504158 1.068973  0.999856 0.016863 -0.001852  0.000000 0.000000 0
0  1.860925 23.239513 3.208057  0.999856 0.016863 -0.001852  0.000000 0.000000 0
0  1.860927 23.004513 1.068973  0.999856 0.016863 -0.001852  0.000000 0.000000 0
gold_player
0  0.000000 23.504158 2.138515  -0.499984 -0.008433 -0.865994  0.000000 0.000000 0
0  1.860927 23.004513 1.068973  -0.499984 -0.008433 -0.865994  0.000000 0.000000 0
0  0.008427 23.004513 2.138515  -0.499984 -0.008433 -0.865994  0.000000 0.000000 0
gold_player
0  1.852501 23.739157 -3.209191  0.999856 0.016864 0.001853  0.000000 0.000000 0
0  1.860927 23.004513 -1.070111  0.999856 0.016864 0.001853  0.000000 0.000000 0
0  1.860928 23.239513 -3.209193  0.999856 0.016864 0.001853  0.000000 0.000000 0
gold_player
0  1.852500 23.504158 1.068973  -0.999858 -0.016864 -0.000000  0.000000 0.000000 0
0  1.860927 23.004513 -1.070111  -0.999858 -0.016864 -0.000000  0.000000 0.000000 0
0  1.860927 23.004513 1.068973  -0.999858 -0.016864 -0.000000  0.000000 0.000000 0
gold_player
0  3.704999 23.739157 -0.000567  0.499180 0.008416 0.866458  0.000000 0.000000 0
0  1.860927 23.004513 1.068973  0.499180 0.008416 0.866458  0.000000 0.000000 0
0  3.713427 23.239513 -0.000569  0.499180 0.008416 0.866458  0.000000 0.000000 0
c_invasion_wrangler_laser
0  1.860927 23.004513 -1.070111  0.062924 -0.992050 -0.108988  0.163026 0.480019 0
0  0.008428 23.004513 -2.139653  0.062924 -0.992050 -0.108988  0.147267 0.489045 0
0  1.860928 23.239513 -3.209193  0.062924 -0.992050 -0.108988  0.147267 0.470775 0
gold_player
0  1.852501 23.504158 -1.070111  0.499181 0.008419 -0.866457  0.000000 0.000000 0
0  3.713427 23.239513 -0.000569  0.499181 0.008419 -0.866457  0.000000 0.000000 0
0  1.860927 23.004513 -1.070111  0.499181 0.008419 -0.866457  0.000000 0.000000 0
gold_player
0  1.804105 28.920296 -1.042169  0.999565 -0.016858 0.024199  0.000000 0.000000 0
0  1.860928 29.178801 -3.209194  0.999565 -0.016858 0.024199  0.000000 0.000000 0
0  1.812532 29.419941 -1.042169  0.999565 -0.016858 0.024199  0.000000 0.000000 0
gold_player
0  1.852501 28.679157 -3.209193  -0.499179 0.008418 -0.866458  0.000000 0.000000 0
0  0.008428 29.413801 -2.139654  -0.499179 0.008418 -0.866458  0.000000 0.000000 0
0  1.860928 29.178801 -3.209194  -0.499179 0.008418 -0.866458  0.000000 0.000000 0
c_invasion_wrangler_laser
0  1.860927 29.413801 1.068973  0.125848 0.992050 0.000000  0.179209 0.525380 0
0  3.713427 29.178801 -0.000569  0.125848 0.992050 0.000000  0.163149 0.516669 0
0  1.812532 29.419941 -1.042169  0.125848 0.992050 0.000000  0.179209 0.507452 0
c_invasion_wrangler_laser
0  1.812532 29.419941 -1.042169  0.062924 0.992050 -0.108986  0.163149 0.480496 0
0  1.860928 29.178801 -3.209194  0.062924 0.992050 -0.108986  0.178908 0.470775 0
0  0.008428 29.413801 -2.139654  0.062924 0.992050 -0.108986  0.178908 0.489045 0
gold_player
0  1.852500 28.914156 1.068972  -0.499980 0.008433 -0.865996  0.000000 0.000000 0
0  0.008427 29.413801 2.138514  -0.499980 0.008433 -0.865996  0.000000 0.000000 0
0  1.860927 29.413801 1.068973  -0.499980 0.008433 -0.865996  0.000000 0.000000 0
gold_player
0  1.852499 28.679157 3.208056  0.999856 -0.016863 -0.001852  0.000000 0.000000 0
0  1.860927 29.413801 1.068973  0.999856 -0.016863 -0.001852  0.000000 0.000000 0
0  1.860925 29.178801 3.208056  0.999856 -0.016863 -0.001852  0.000000 0.000000 0
gold_player
0  1.804105 28.920296 -1.042169  -0.999594 0.016859 0.022963  0.000000 0.000000 0
0  1.860927 29.413801 1.068973  -0.999594 0.016859 0.022963  0.000000 0.000000 0
0  1.812532 29.419941 -1.042169  -0.999594 0.016859 0.022963  0.000000 0.000000 0
gold_player
0  1.852500 28.914156 1.068972  0.499181 -0.008419 0.866457  0.000000 0.000000 0
0  3.713427 29.178801 -0.000569  0.499181 -0.008419 0.866457  0.000000 0.000000 0
0  1.860927 29.413801 1.068973  0.499181 -0.008419 0.866457  0.000000 0.000000 0
gold_player
0  0.000000 28.914156 2.138515  -0.499181 0.008419 0.866457  0.000000 0.000000 0
0  1.860925 29.178801 3.208056  -0.499181 0.008419 0.866457  0.000000 0.000000 0
0  0.008427 29.413801 2.138514  -0.499181 0.008419 0.866457  0.000000 0.000000 0
c_invasion_wrangler_laser
0  1.860925 29.178801 3.208056  0.062924 0.992050 0.108988  0.131385 0.489045 0
0  1.860927 29.413801 1.068973  0.062924 0.992050 0.108988  0.131385 0.470775 0
0  0.008427 29.413801 2.138514  0.062924 0.992050 0.108988  0.147144 0.479801 0
gold_player
0  0.000000 28.914156 -2.139653  -0.519722 0.008768 0.854290  0.000000 0.000000 0
0  1.812532 29.419941 -1.042169  -0.519722 0.008768 0.854290  0.000000 0.000000 0
0  0.008428 29.413801 -2.139654  -0.519722 0.008768 0.854290  0.000000 0.000000 0
gold_player
0  3.704999 28.679157 -0.000569  0.479736 -0.008092 -0.877376  0.000000 0.000000 0
0  1.812532 29.419941 -1.042169  0.479736 -0.008092 -0.877376  0.000000 0.000000 0
0  3.713427 29.178801 -0.000569  0.479736 -0.008092 -0.877376  0.000000 0.000000 0
gold_player
0  3.704999 26.209158 2.138515  0.000000 -0.654654 0.755929  0.000000 0.000000 0
0  3.947838 23.739157 -0.000567  0.000000 -0.654654 0.755929  0.000000 0.000000 0
0  3.947838 26.209158 2.138515  0.000000 -0.654654 0.755929  0.000000 0.000000 0
gold_player
0  3.704999 26.209156 -2.139651  0.000000 0.654653 -0.755929  0.000000 0.000000 0
0  3.947839 28.679157 -0.000569  0.000000 0.654653 -0.755929  0.000000 0.000000 0
0  3.947839 26.209156 -2.139651  0.000000 0.654653 -0.755929  0.000000 0.000000 0
gold_player
0  3.704999 28.679157 -0.000569  0.000000 0.654653 0.755929  0.000000 0.000000 0
0  3.947838 26.209158 2.138515  0.000000 0.654653 0.755929  0.000000 0.000000 0
0  3.947839 28.679157 -0.000569  0.000000 0.654653 0.755929  0.000000 0.000000 0
gold_player
0  3.704999 23.739157 -0.000567  0.000000 -0.654654 -0.755928  0.000000 0.000000 0
0  3.947839 26.209156 -2.139651  0.000000 -0.654654 -0.755928  0.000000 0.000000 0
0  3.947838 23.739157 -0.000567  0.000000 -0.654654 -0.755928  0.000000 0.000000 0
gold_player
0  4.204999 24.131977 -0.000567  0.707108 -0.462910 0.534522  0.000000 0.000000 0
0  3.947838 26.209158 2.138515  0.707108 -0.462910 0.534522  0.000000 0.000000 0
0  3.947838 23.739157 -0.000567  0.707108 -0.462910 0.534522  0.000000 0.000000 0
gold_player
0  4.204999 26.209158 1.798324  0.707106 0.462911 0.534522  0.000000 0.000000 0
0  3.947839 28.679157 -0.000569  0.707106 0.462911 0.534522  0.000000 0.000000 0
0  3.947838 26.209158 2.138515  0.707106 0.462911 0.534522  0.000000 0.000000 0
gold_player
0  3.947839 26.209156 -2.139651  0.707106 0.462911 -0.534523  0.000000 0.000000 0
0  4.204999 28.286337 -0.000567  0.707106 0.462911 -0.534523  0.000000 0.000000 0
0  4.205000 26.209156 -1.799460  0.707106 0.462911 -0.534523  0.000000 0.000000 0
gold_player
0  3.947838 23.739157 -0.000567  0.707107 -0.462911 -0.534521  0.000000 0.000000 0
0  4.205000 26.209156 -1.799460  0.707107 -0.462911 -0.534521  0.000000 0.000000 0
0  4.204999 24.131977 -0.000567  0.707107 -0.462911 -0.534521  0.000000 0.000000 0
painted_wood_01
0  4.204999 28.286337 -0.000567  1.000000 0.000000 0.000000  0.297978 0.539823 0
0  4.204999 26.209158 1.496259  1.000000 0.000000 0.000000  0.297978 0.539823 0
0  4.204999 27.937542 -0.000567  1.000000 0.000000 0.000000  0.297978 0.539823 0
gold_player
0  4.204999 27.937542 -0.000567  0.000000 -0.654655 -0.755928  0.000000 0.000000 0
0  3.904999 26.209158 1.496259  0.000000 -0.654655 -0.755928  0.000000 0.000000 0
0  3.904999 27.937542 -0.000567  0.000000 -0.654655 -0.755928  0.000000 0.000000 0
painted_wood_01
0  4.204999 24.131977 -0.000567  1.000000 0.000000 0.000001  0.297978 0.539823 0
0  4.205000 26.209156 -1.497396  1.000000 0.000000 0.000001  0.297978 0.539823 0
0  4.204999 24.480772 -0.000567  1.000000 0.000000 0.000001  0.297978 0.539823 0
painted_wood_01
0  4.205000 26.209156 -1.799460  1.000000 0.000002 0.000000  0.297978 0.539823 0
0  4.204999 27.937542 -0.000567  1.000000 0.000002 0.000000  0.297978 0.539823 0
0  4.205000 26.209156 -1.497396  1.000000 0.000002 0.000000  0.297978 0.539823 0
painted_wood_01
0  4.204999 26.209158 1.798324  1.000000 0.000000 0.000000  0.297978 0.539823 0
0  4.204999 24.480772 -0.000567  1.000000 0.000000 0.000000  0.297978 0.539823 0
0  4.204999 26.209158 1.496259  1.000000 0.000000 0.000000  0.297978 0.539823 0
gold_player
0  3.904999 26.209158 1.496259  1.000000 0.000000 0.000000  0.000000 0.000000 0
0  3.905000 26.209156 -1.497396  1.000000 0.000000 0.000000  0.000000 0.000000 0
0  3.904999 27.937542 -0.000567  1.000000 0.000000 0.000000  0.000000 0.000000 0
gold_player
0  4.205000 26.209156 -1.497396  0.000000 -0.654654 0.755929  0.000000 0.000000 0
0  3.904999 27.937542 -0.000567  0.000000 -0.654654 0.755929  0.000000 0.000000 0
0  3.905000 26.209156 -1.497396  0.000000 -0.654654 0.755929  0.000000 0.000000 0
gold_player
0  4.204999 26.209158 1.496259  0.000000 0.654654 -0.755929  0.000000 0.000000 0
0  3.904999 24.480772 -0.000567  0.000000 0.654654 -0.755929  0.000000 0.000000 0
0  3.904999 26.209158 1.496259  0.000000 0.654654 -0.755929  0.000000 0.000000 0
gold_player
0  4.204999 24.480772 -0.000567  0.000000 0.654655 0.755928  0.000000 0.000000 0
0  3.905000 26.209156 -1.497396  0.000000 0.654655 0.755928  0.000000 0.000000 0
0  3.904999 24.480772 -0.000567  0.000000 0.654655 0.755928  0.000000 0.000000 0
gold_player
0  3.704999 26.209158 2.138515  0.500000 0.000000 0.866026  0.000000 0.000000 0
0  0.000000 26.209158 4.277596  0.500000 0.000000 0.866026  0.000000 0.000000 0
0  1.852499 23.739157 3.208056  0.500000 0.000000 0.866026  0.000000 0.000000 0
gold_player
0  0.000000 23.739157 4.277596  0.499999 0.000000 0.866026  0.000000 0.000000 0
0  1.852499 23.739157 3.208056  0.499999 0.000000 0.866026  0.000000 0.000000 0
0  0.000000 26.209158 4.277596  0.499999 0.000000 0.866026  0.000000 0.000000 0
gold_player
0  0.000000 26.209158 4.277596  -0.654647 -0.654651 0.377979  0.000000 0.000000 0
0  1.974150 23.739157 3.418748  -0.654647 -0.654651 0.377979  0.000000 0.000000 0
0  0.121648 26.209158 4.488290  -0.654647 -0.654651 0.377979  0.000000 0.000000 0
gold_player
0  3.704999 26.209158 2.138515  0.654648 0.654655 -0.377972  0.000000 0.000000 0
0  1.974150 28.679157 3.418748  0.654648 0.654655 -0.377972  0.000000 0.000000 0
0  3.826649 26.209158 2.349208  0.654648 0.654655 -0.377972  0.000000 0.000000 0
gold_player
0  1.852499 28.679157 3.208056  -0.654644 0.654654 0.377981  0.000000 0.000000 0
0  0.121648 26.209158 4.488290  -0.654644 0.654654 0.377981  0.000000 0.000000 0
0  1.974150 28.679157 3.418748  -0.654644 0.654654 0.377981  0.000000 0.000000 0
gold_player
0  1.852499 23.739157 3.208056  0.654643 -0.654654 -0.377982  0.000000 0.000000 0
0  3.826649 26.209158 2.349208  0.654643 -0.654654 -0.377982  0.000000 0.000000 0
0  1.974150 23.739157 3.418748  0.654643 -0.654654 -0.377982  0.000000 0.000000 0
gold_player
0  2.102728 24.131977 3.641457  -0.109359 -0.462915 0.879631  0.000000 0.000000 0
0  0.121648 26.209158 4.488290  -0.109359 -0.462915 0.879631  0.000000 0.000000 0
0  1.974150 23.739157 3.418748  -0.109359 -0.462915 0.879631  0.000000 0.000000 0
gold_player
0  0.544843 26.209158 4.540902  -0.109357 0.462912 0.879633  0.000000 0.000000 0
0  1.974150 28.679157 3.418748  -0.109357 0.462912 0.879633  0.000000 0.000000 0
0  0.121648 26.209158 4.488290  -0.109357 0.462912 0.879633  0.000000 0.000000 0
gold_player
0  3.826649 26.209158 2.349208  0.816464 0.462912 0.345108  0.000000 0.000000 0
0  2.102728 28.286337 3.641458  0.816464 0.462912 0.345108  0.000000 0.000000 0
0  3.660615 26.209158 2.742011  0.816464 0.462912 0.345108  0.000000 0.000000 0
gold_player
0  1.974150 23.739157 3.418748  0.816464 -0.462908 0.345113  0.000000 0.000000 0
0  3.660615 26.209158 2.742011  0.816464 -0.462908 0.345113  0.000000 0.000000 0
0  2.102728 24.131977 3.641457  0.816464 -0.462908 0.345113  0.000000 0.000000 0
painted_wood_01
0  2.102728 28.286337 3.641458  0.499992 0.000000 0.866030  0.297978 0.539823 0
0  0.806439 26.209158 4.389869  0.499992 0.000000 0.866030  0.297978 0.539823 0
0  2.102728 27.937542 3.641458  0.499992 0.000000 0.866030  0.297978 0.539823 0
gold_player
0  2.102728 27.937542 3.641458  0.654651 -0.654653 -0.377970  0.000000 0.000000 0
0  0.656439 26.209158 4.130063  0.654651 -0.654653 -0.377970  0.000000 0.000000 0
0  1.952728 27.937542 3.381650  0.654651 -0.654653 -0.377970  0.000000 0.000000 0
painted_wood_01
0  2.102728 24.131977 3.641457  0.500000 -0.000001 0.866025  0.297978 0.539823 0
0  3.399020 26.209158 2.893043  0.500000 -0.000001 0.866025  0.297978 0.539823 0
0  2.102728 24.480772 3.641458  0.500000 -0.000001 0.866025  0.297978 0.539823 0
painted_wood_01
0  3.660615 26.209158 2.742011  0.500002 -0.000002 0.866024  0.297978 0.539823 0
0  2.102728 27.937542 3.641458  0.500002 -0.000002 0.866024  0.297978 0.539823 0
0  3.399020 26.209158 2.893043  0.500002 -0.000002 0.866024  0.297978 0.539823 0
painted_wood_01
0  0.544843 26.209158 4.540902  0.500000 0.000004 0.866025  0.297978 0.539823 0
0  2.102728 24.480772 3.641458  0.500000 0.000004 0.866025  0.297978 0.539823 0
0  0.806439 26.209158 4.389869  0.500000 0.000004 0.866025  0.297978 0.539823 0
gold_player
0  0.656439 26.209158 4.130063  0.499999 -0.000000 0.866026  0.000000 0.000000 0
0  3.249020 26.209158 2.633235  0.499999 -0.000000 0.866026  0.000000 0.000000 0
0  1.952728 27.937542 3.381650  0.499999 -0.000000 0.866026  0.000000 0.000000 0
gold_player
0  3.399020 26.209158 2.893043  -0.654654 -0.654656 0.377960  0.000000 0.000000 0
0  1.952728 27.937542 3.381650  -0.654654 -0.654656 0.377960  0.000000 0.000000 0
0  3.249020 26.209158 2.633235  -0.654654 -0.654656 0.377960  0.000000 0.000000 0
gold_player
0  0.806439 26.209158 4.389869  0.654653 0.654655 -0.377962  0.000000 0.000000 0
0  1.952728 24.480772 3.381650  0.654653 0.654655 -0.377962  0.000000 0.000000 0
0  0.656439 26.209158 4.130063  0.654653 0.654655 -0.377962  0.000000 0.000000 0
gold_player
0  2.102728 24.480772 3.641458  -0.654651 0.654653 0.377970  0.000000 0.000000 0
0  3.249020 26.209158 2.633235  -0.654651 0.654653 0.377970  0.000000 0.000000 0
0  1.952728 24.480772 3.381650  -0.654651 0.654653 0.377970  0.000000 0.000000 0
gold_player
0  3.704999 26.209156 -2.139651  0.653966 -0.654655 0.379151  0.000000 0.000000 0
0  1.974411 23.739157 -3.419465  0.653966 -0.654655 0.379151  0.000000 0.000000 0
0  3.826911 26.209156 -2.349923  0.653966 -0.654655 0.379151  0.000000 0.000000 0
gold_player
0  0.000000 26.209156 -4.278733  -0.653965 0.654651 -0.379159  0.000000 0.000000 0
0  1.974411 28.679157 -3.419465  -0.653965 0.654651 -0.379159  0.000000 0.000000 0
0  0.121912 26.209156 -4.489005  -0.653965 0.654651 -0.379159  0.000000 0.000000 0
gold_player
0  1.852501 28.679157 -3.209193  0.653967 0.654653 0.379152  0.000000 0.000000 0
0  3.826911 26.209156 -2.349923  0.653967 0.654653 0.379152  0.000000 0.000000 0
0  1.974411 28.679157 -3.419465  0.653967 0.654653 0.379152  0.000000 0.000000 0
gold_player
0  1.852501 23.739157 -3.209191  -0.653969 -0.654653 -0.379149  0.000000 0.000000 0
0  0.121912 26.209156 -4.489005  -0.653969 -0.654653 -0.379149  0.000000 0.000000 0
0  1.974411 23.739157 -3.419465  -0.653969 -0.654653 -0.379149  0.000000 0.000000 0
gold_player
0  2.102993 24.131977 -3.642171  0.816463 -0.462911 -0.345111  0.000000 0.000000 0
0  3.826911 26.209156 -2.349923  0.816463 -0.462911 -0.345111  0.000000 0.000000 0
0  1.974411 23.739157 -3.419465  0.816463 -0.462911 -0.345111  0.000000 0.000000 0
gold_player
0  3.660878 26.209156 -2.742726  0.816465 0.462912 -0.345104  0.000000 0.000000 0
0  1.974411 28.679157 -3.419465  0.816465 0.462912 -0.345104  0.000000 0.000000 0
0  3.826911 26.209156 -2.349923  0.816465 0.462912 -0.345104  0.000000 0.000000 0
gold_player
0  0.121912 26.209156 -4.489005  -0.109361 0.462911 -0.879633  0.000000 0.000000 0
0  2.102993 28.286337 -3.642171  -0.109361 0.462911 -0.879633  0.000000 0.000000 0
0  0.545106 26.209156 -4.541619  -0.109361 0.462911 -0.879633  0.000000 0.000000 0
gold_player
0  1.974411 23.739157 -3.419465  -0.109349 -0.462907 -0.879636  0.000000 0.000000 0
0  0.545106 26.209156 -4.541619  -0.109349 -0.462907 -0.879636  0.000000 0.000000 0
0  2.102993 24.131977 -3.642171  -0.109349 -0.462907 -0.879636  0.000000 0.000000 0
painted_wood_01
0  2.102993 28.286337 -3.642171  0.500005 0.000001 -0.866023  0.297978 0.539823 0
0  3.399282 26.209156 -2.893760  0.500005 0.000001 -0.866023  0.297978 0.539823 0
0  2.102993 27.937542 -3.642171  0.500005 0.000001 -0.866023  0.297978 0.539823 0
gold_player
0  2.102993 27.937542 -3.642171  -0.654654 -0.654656 -0.377960  0.000000 0.000000 0
0  3.249282 26.209156 -2.633950  -0.654654 -0.654656 -0.377960  0.000000 0.000000 0
0  1.952993 27.937542 -3.382363  -0.654654 -0.654656 -0.377960  0.000000 0.000000 0
painted_wood_01
0  2.102993 24.131977 -3.642171  0.500005 0.000000 -0.866023  0.297978 0.539823 0
0  0.806700 26.209156 -4.390586  0.500005 0.000000 -0.866023  0.297978 0.539823 0
0  2.102993 24.480772 -3.642171  0.500005 0.000000 -0.866023  0.297978 0.539823 0
painted_wood_01
0  0.545106 26.209156 -4.541619  0.500006 -0.000005 -0.866022  0.297978 0.539823 0
0  2.102993 27.937542 -3.642171  0.500006 -0.000005 -0.866022  0.297978 0.539823 0
0  0.806700 26.209156 -4.390586  0.500006 -0.000005 -0.866022  0.297978 0.539823 0
painted_wood_01
0  3.660878 26.209156 -2.742726  0.500001 -0.000002 -0.866025  0.297978 0.539823 0
0  2.102993 24.480772 -3.642171  0.500001 -0.000002 -0.866025  0.297978 0.539823 0
0  3.399282 26.209156 -2.893760  0.500001 -0.000002 -0.866025  0.297978 0.539823 0
gold_player
0  3.249282 26.209156 -2.633950  0.499999 0.000001 -0.866026  0.000000 0.000000 0
0  0.656700 26.209156 -4.130780  0.499999 0.000001 -0.866026  0.000000 0.000000 0
0  1.952993 27.937542 -3.382363  0.499999 0.000001 -0.866026  0.000000 0.000000 0
gold_player
0  0.806700 26.209156 -4.390586  0.654653 -0.654656 0.377962  0.000000 0.000000 0
0  1.952993 27.937542 -3.382363  0.654653 -0.654656 0.377962  0.000000 0.000000 0
0  0.656700 26.209156 -4.130780  0.654653 -0.654656 0.377962  0.000000 0.000000 0
gold_player
0  3.399282 26.209156 -2.893760  -0.654652 0.654653 -0.377968  0.000000 0.000000 0
0  1.952993 24.480772 -3.382363  -0.654652 0.654653 -0.377968  0.000000 0.000000 0
0  3.249282 26.209156 -2.633950  -0.654652 0.654653 -0.377968  0.000000 0.000000 0
gold_player
0  2.102993 24.480772 -3.642171  0.654653 0.654657 0.377960  0.000000 0.000000 0
0  0.656700 26.209156 -4.130780  0.654653 0.654657 0.377960  0.000000 0.000000 0
0  1.952993 24.480772 -3.382363  0.654653 0.654657 0.377960  0.000000 0.000000 0
c_invasion_wrangler_laser
0  2.340000 20.099998 0.000000  0.499394 -0.864978 0.049189  0.094421 0.479679 0
0  1.838972 19.831532 0.365794  0.499394 -0.864978 0.049189  0.093499 0.492277 0
0  1.875000 19.831532 0.000000  0.499394 -0.864978 0.049189  0.094345 0.479680 0
c_invasion_wrangler_laser
0  1.875000 19.831532 0.000000  -0.995185 0.000001 -0.098018  0.094345 0.479680 0
0  1.838972 20.368465 0.365794  -0.995185 0.000001 -0.098018  0.094430 0.492301 0
0  1.875000 20.368465 -0.000000  -0.995185 0.000001 -0.098018  0.094494 0.479680 0
c_invasion_wrangler_laser
0  1.875000 20.368465 -0.000000  0.499394 0.864977 0.049192  0.094494 0.479680 0
0  2.295037 20.099998 0.456511  0.499394 0.864977 0.049192  0.093989 0.492270 0
0  2.340000 20.099998 0.000000  0.499394 0.864977 0.049192  0.094421 0.479679 0
c_invasion_wrangler_laser
0  2.295037 20.099998 0.456511  0.480202 -0.864978 0.145666  0.093989 0.492270 0
0  1.732274 19.831532 0.717531  0.480202 -0.864978 0.145666  0.093227 0.504904 0
0  1.838972 19.831532 0.365794  0.480202 -0.864978 0.145666  0.093499 0.492277 0
c_invasion_wrangler_laser
0  1.838972 19.831532 0.365794  -0.956941 0.000000 -0.290283  0.093499 0.492277 0
0  1.732274 20.368465 0.717531  -0.956941 0.000000 -0.290283  0.093762 0.504906 0
0  1.838972 20.368465 0.365794  -0.956941 0.000000 -0.290283  0.094430 0.492301 0
c_invasion_wrangler_laser
0  1.838972 20.368465 0.365794  0.480202 0.864978 0.145666  0.094430 0.492301 0
0  2.161878 20.099998 0.895479  0.480202 0.864978 0.145666  0.093593 0.504832 0
0  2.295037 20.099998 0.456511  0.480202 0.864978 0.145666  0.093989 0.492270 0
c_invasion_wrangler_laser
0  2.161878 20.099998 0.895479  0.442558 -0.864979 0.236547  0.093593 0.504832 0
0  1.559005 19.831532 1.041694  0.442558 -0.864979 0.236547  0.092829 0.517488 0
0  1.732274 19.831532 0.717531  0.442558 -0.864979 0.236547  0.093227 0.504904 0
c_invasion_wrangler_laser
0  1.732274 19.831532 0.717531  -0.881921 0.000000 -0.471397  0.093227 0.504904 0
0  1.559005 20.368465 1.041694  -0.881921 0.000000 -0.471397  0.093112 0.517483 0
0  1.732274 20.368465 0.717531  -0.881921 0.000000 -0.471397  0.093762 0.504906 0
c_invasion_wrangler_laser
0  1.732274 20.368465 0.717531  0.442557 0.864977 0.236555  0.093762 0.504906 0
0  1.945639 20.099998 1.300034  0.442557 0.864977 0.236555  0.093317 0.517461 0
0  2.161878 20.099998 0.895479  0.442557 0.864977 0.236555  0.093593 0.504832 0
c_invasion_wrangler_laser
0  1.945639 20.099998 1.300034  0.387904 -0.864977 0.318349  0.093317 0.517461 0
0  1.325825 19.831532 1.325825  0.387904 -0.864977 0.318349  0.092366 0.530061 0
0  1.559005 19.831532 1.041694  0.387904 -0.864977 0.318349  0.092829 0.517488 0
c_invasion_wrangler_laser
0  1.559005 19.831532 1.041694  -0.773011 0.000000 -0.634393  0.092829 0.517488 0
0  1.325825 20.368465 1.325825  -0.773011 0.000000 -0.634393  0.093162 0.530083 0
0  1.559005 20.368465 1.041694  -0.773011 0.000000 -0.634393  0.093112 0.517483 0
c_invasion_wrangler_laser
0  1.559005 20.368465 1.041694  0.387905 0.864978 0.318344  0.093112 0.517483 0
0  1.654629 20.099998 1.654630  0.387905 0.864978 0.318344  0.092321 0.530139 0
0  1.945639 20.099998 1.300034  0.387905 0.864978 0.318344  0.093317 0.517461 0
c_invasion_wrangler_laser
0  1.654629 20.099998 1.654630  0.318345 -0.864978 0.387904  0.092321 0.530139 0
0  1.041694 19.831532 1.559005  0.318345 -0.864978 0.387904  0.091913 0.542506 0
0  1.325825 19.831532 1.325825  0.318345 -0.864978 0.387904  0.092366 0.530061 0
c_invasion_wrangler_laser
0  1.325825 19.831532 1.325825  -0.634394 0.000000 -0.773010  0.092366 0.530061 0
0  1.041694 20.368467 1.559005  -0.634394 0.000000 -0.773010  0.092752 0.542549 0
0  1.325825 20.368465 1.325825  -0.634394 0.000000 -0.773010  0.093162 0.530083 0
c_invasion_wrangler_laser
0  1.325825 20.368465 1.325825  0.318345 0.864978 0.387903  0.093162 0.530083 0
0  1.300034 20.099998 1.945639  0.318345 0.864978 0.387903  0.091843 0.543048 0
0  1.654629 20.099998 1.654630  0.318345 0.864978 0.387903  0.092321 0.530139 0
c_invasion_wrangler_laser
0  1.300034 20.099998 1.945639  0.236552 -0.864978 0.442556  0.091843 0.543048 0
0  0.717532 19.831532 1.732274  0.236552 -0.864978 0.442556  0.090447 0.554613 0
0  1.041694 19.831532 1.559005  0.236552 -0.864978 0.442556  0.091913 0.542506 0
c_invasion_wrangler_laser
0  1.041694 19.831532 1.559005  -0.471397 0.000000 -0.881921  0.091913 0.542506 0
0  0.717532 20.368467 1.732274  -0.471397 0.000000 -0.881921  0.092810 0.554674 0
0  1.041694 20.368467 1.559005  -0.471397 0.000000 -0.881921  0.092752 0.542549 0
c_invasion_wrangler_laser
0  1.041694 20.368467 1.559005  0.236552 0.864973 0.442565  0.092752 0.542549 0
0  0.895480 20.099998 2.161878  0.236552 0.864973 0.442565  0.091844 0.556831 0
0  1.300034 20.099998 1.945639  0.236552 0.864973 0.442565  0.091843 0.543048 0
c_invasion_wrangler_laser
0  0.895480 20.099998 2.161878  0.145668 -0.864976 0.480206  0.091844 0.556831 0
0  0.365795 19.831532 1.838972  0.145668 -0.864976 0.480206  0.088812 0.565252 0
0  0.717532 19.831532 1.732274  0.145668 -0.864976 0.480206  0.090447 0.554613 0
c_invasion_wrangler_laser
0  0.717532 19.831532 1.732274  -0.290284 0.000000 -0.956941  0.090447 0.554613 0
0  0.365795 20.368467 1.838972  -0.290284 0.000000 -0.956941  0.093805 0.565417 0
0  0.717532 20.368467 1.732274  -0.290284 0.000000 -0.956941  0.092810 0.554674 0
c_invasion_wrangler_laser
0  0.717532 20.368467 1.732274  0.145668 0.864973 0.480211  0.092810 0.554674 0
0  0.456512 20.099998 2.295037  0.145668 0.864973 0.480211  0.091107 0.573679 0
0  0.895480 20.099998 2.161878  0.145668 0.864973 0.480211  0.091844 0.556831 0
c_invasion_wrangler_laser
0  0.456512 20.099998 2.295037  0.049186 -0.864980 0.499389  0.091107 0.573679 0
0  0.000000 19.831532 1.875000  0.049186 -0.864980 0.499389  0.083235 0.571468 0
0  0.365795 19.831532 1.838972  0.049186 -0.864980 0.499389  0.088812 0.565252 0
c_invasion_wrangler_laser
0  0.365795 19.831532 1.838972  -0.098017 0.000000 -0.995185  0.088812 0.565252 0
0  0.000000 20.368467 1.875000  -0.098017 0.000000 -0.995185  0.098953 0.572003 0
0  0.365795 20.368467 1.838972  -0.098017 0.000000 -0.995185  0.093805 0.565417 0
c_invasion_wrangler_laser
0  0.365795 20.368467 1.838972  0.049186 0.864974 0.499400  0.093805 0.565417 0
0  0.000000 20.099998 2.340000  0.049186 0.864974 0.499400  0.090089 0.601551 0
0  0.456512 20.099998 2.295037  0.049186 0.864974 0.499400  0.091107 0.573679 0
c_invasion_wrangler_laser
0  0.000000 20.099998 -2.340000  0.049185 -0.864978 -0.499394  0.098376 0.368364 0
0  0.365794 19.831530 -1.838972  0.049185 -0.864978 -0.499394  0.097699 0.392756 0
0  0.000000 19.831530 -1.875000  0.049185 -0.864978 -0.499394  0.098953 0.383362 0
c_invasion_wrangler_laser
0  0.000000 19.831530 -1.875000  -0.098018 0.000000 0.995185  0.098953 0.383362 0
0  0.365794 20.368465 -1.838972  -0.098018 0.000000 0.995185  0.097544 0.392693 0
0  0.000000 20.368465 -1.875000  -0.098018 0.000000 0.995185  0.095870 0.383462 0
c_invasion_wrangler_laser
0  0.000000 20.368465 -1.875000  0.049185 0.864977 -0.499395  0.095870 0.383462 0
0  0.456511 20.099998 -2.295038  0.049185 0.864977 -0.499395  0.097415 0.388523 0
0  0.000000 20.099998 -2.340000  0.049185 0.864977 -0.499395  0.098376 0.368364 0
c_invasion_wrangler_laser
0  0.456511 20.099998 -2.295038  0.145669 -0.864980 -0.480198  0.097415 0.388523 0
0  0.717532 19.831530 -1.732274  0.145669 -0.864980 -0.480198  0.097282 0.404442 0
0  0.365794 19.831530 -1.838972  0.145669 -0.864980 -0.480198  0.097699 0.392756 0
c_invasion_wrangler_laser
0  0.365794 19.831530 -1.838972  -0.290284 0.000000 0.956941  0.097699 0.392756 0
0  0.717532 20.368465 -1.732274  -0.290284 0.000000 0.956941  0.097021 0.404415 0
0  0.365794 20.368465 -1.838972  -0.290284 0.000000 0.956941  0.097544 0.392693 0
c_invasion_wrangler_laser
0  0.365794 20.368465 -1.838972  0.145668 0.864977 -0.480204  0.097544 0.392693 0
0  0.895480 20.099998 -2.161878  0.145668 0.864977 -0.480204  0.097025 0.403180 0
0  0.456511 20.099998 -2.295038  0.145668 0.864977 -0.480204  0.097415 0.388523 0
c_invasion_wrangler_laser
0  0.895480 20.099998 -2.161878  0.236553 -0.864976 -0.442560  0.097025 0.403180 0
0  1.041694 19.831530 -1.559005  0.236553 -0.864976 -0.442560  0.096480 0.416729 0
0  0.717532 19.831530 -1.732274  0.236553 -0.864976 -0.442560  0.097282 0.404442 0
c_invasion_wrangler_laser
0  0.717532 19.831530 -1.732274  -0.471398 0.000000 0.881920  0.097282 0.404442 0
0  1.041694 20.368465 -1.559005  -0.471398 0.000000 0.881920  0.097011 0.416746 0
0  0.717532 20.368465 -1.732274  -0.471398 0.000000 0.881920  0.097021 0.404415 0
c_invasion_wrangler_laser
0  0.717532 20.368465 -1.732274  0.236551 0.864977 -0.442559  0.097021 0.404415 0
0  1.300034 20.099998 -1.945639  0.236551 0.864977 -0.442559  0.096479 0.416434 0
0  0.895480 20.099998 -2.161878  0.236551 0.864977 -0.442559  0.097025 0.403180 0
c_invasion_wrangler_laser
0  1.300034 20.099998 -1.945639  0.318351 -0.864980 -0.387895  0.096479 0.416434 0
0  1.325824 19.831532 -1.325826  0.318351 -0.864980 -0.387895  0.095813 0.429269 0
0  1.041694 19.831530 -1.559005  0.318351 -0.864980 -0.387895  0.096480 0.416729 0
c_invasion_wrangler_laser
0  1.041694 19.831530 -1.559005  -0.634394 0.000000 0.773010  0.096480 0.416729 0
0  1.325824 20.368465 -1.325826  -0.634394 0.000000 0.773010  0.096177 0.429281 0
0  1.041694 20.368465 -1.559005  -0.634394 0.000000 0.773010  0.097011 0.416746 0
c_invasion_wrangler_laser
0  1.041694 20.368465 -1.559005  0.318345 0.864980 -0.387900  0.097011 0.416746 0
0  1.654629 20.099998 -1.654631  0.318345 0.864980 -0.387900  0.096705 0.429239 0
0  1.300034 20.099998 -1.945639  0.318345 0.864980 -0.387900  0.096479 0.416434 0
c_invasion_wrangler_laser
0  1.654629 20.099998 -1.654631  0.387904 -0.864977 -0.318348  0.096705 0.429239 0
0  1.559005 19.831532 -1.041694  0.387904 -0.864977 -0.318348  0.095773 0.441875 0
0  1.325824 19.831532 -1.325826  0.387904 -0.864977 -0.318348  0.095813 0.429269 0
c_invasion_wrangler_laser
0  1.325824 19.831532 -1.325826  -0.773012 0.000000 0.634392  0.095813 0.429269 0
0  1.559005 20.368465 -1.041694  -0.773012 0.000000 0.634392  0.095921 0.441872 0
0  1.325824 20.368465 -1.325826  -0.773012 0.000000 0.634392  0.096177 0.429281 0
c_invasion_wrangler_laser
0  1.325824 20.368465 -1.325826  0.387904 0.864976 -0.318350  0.096177 0.429281 0
0  1.945639 20.099998 -1.300034  0.387904 0.864976 -0.318350  0.095575 0.441898 0
0  1.654629 20.099998 -1.654631  0.387904 0.864976 -0.318350  0.096705 0.429239 0
c_invasion_wrangler_laser
0  1.945639 20.099998 -1.300034  0.442557 -0.864978 -0.236552  0.095575 0.441898 0
0  1.732274 19.831532 -0.717532  0.442557 -0.864978 -0.236552  0.095092 0.454452 0
0  1.559005 19.831532 -1.041694  0.442557 -0.864978 -0.236552  0.095773 0.441875 0
c_invasion_wrangler_laser
0  1.559005 19.831532 -1.041694  -0.881921 0.000000 0.471398  0.095773 0.441875 0
0  1.732274 20.368465 -0.717532  -0.881921 0.000000 0.471398  0.095586 0.454458 0
0  1.559005 20.368465 -1.041694  -0.881921 0.000000 0.471398  0.095921 0.441872 0
c_invasion_wrangler_laser
0  1.559005 20.368465 -1.041694  0.442557 0.864979 -0.236548  0.095921 0.441872 0
0  2.161877 20.099998 -0.895480  0.442557 0.864979 -0.236548  0.095262 0.454526 0
0  1.945639 20.099998 -1.300034  0.442557 0.864979 -0.236548  0.095575 0.441898 0
c_invasion_wrangler_laser
0  2.161877 20.099998 -0.895480  0.480203 -0.864978 -0.145665  0.095262 0.454526 0
0  1.838972 19.831532 -0.365794  0.480203 -0.864978 -0.145665  0.094414 0.467058 0
0  1.732274 19.831532 -0.717532  0.480203 -0.864978 -0.145665  0.095092 0.454452 0
c_invasion_wrangler_laser
0  1.732274 19.831532 -0.717532  -0.956940 0.000000 0.290285  0.095092 0.454452 0
0  1.838972 20.368465 -0.365794  -0.956940 0.000000 0.290285  0.095333 0.467084 0
0  1.732274 20.368465 -0.717532  -0.956940 0.000000 0.290285  0.095586 0.454458 0
c_invasion_wrangler_laser
0  1.732274 20.368465 -0.717532  0.480202 0.864978 -0.145666  0.095586 0.454458 0
0  2.295037 20.099998 -0.456511  0.480202 0.864978 -0.145666  0.094855 0.467090 0
0  2.161877 20.099998 -0.895480  0.480202 0.864978 -0.145666  0.095262 0.454526 0
c_invasion_wrangler_laser
0  2.295037 20.099998 -0.456511  0.499393 -0.864978 -0.049194  0.094855 0.467090 0
0  1.875000 19.831532 0.000000  0.499393 -0.864978 -0.049194  0.094345 0.479680 0
0  1.838972 19.831532 -0.365794  0.499393 -0.864978 -0.049194  0.094414 0.467058 0
c_invasion_wrangler_laser
0  1.838972 19.831532 -0.365794  -0.995185 0.000000 0.098017  0.094414 0.467058 0
0  1.875000 20.368465 -0.000000  -0.995185 0.000000 0.098017  0.094494 0.479680 0
0  1.838972 20.368465 -0.365794  -0.995185 0.000000 0.098017  0.095333 0.467084 0
c_invasion_wrangler_laser
0  1.838972 20.368465 -0.365794  0.499393 0.864978 -0.049184  0.095333 0.467084 0
0  2.340000 20.099998 0.000000  0.499393 0.864978 -0.049184  0.094421 0.479679 0
0  2.295037 20.099998 -0.456511  0.499393 0.864978 -0.049184  0.094855 0.467090 0
c_invasion_wrangler_laser
0  2.340000 18.999998 0.000000  0.499394 -0.864978 0.049184  0.055490 0.479904 0
0  1.838972 18.731531 0.365794  0.499394 -0.864978 0.049184  0.055772 0.492556 0
0  1.875000 18.731531 0.000000  0.499394 -0.864978 0.049184  0.055723 0.479874 0
c_invasion_wrangler_laser
0  1.875000 18.731531 0.000000  -0.995185 0.000001 -0.098017  0.055723 0.479874 0
0  1.838972 19.268465 0.365794  -0.995185 0.000001 -0.098017  0.056740 0.492498 0
0  1.875000 19.268465 -0.000000  -0.995185 0.000001 -0.098017  0.056072 0.479826 0
c_invasion_wrangler_laser
0  1.875000 19.268465 -0.000000  0.499394 0.864978 0.049185  0.056072 0.479826 0
0  2.295037 18.999998 0.456511  0.499394 0.864978 0.049185  0.056142 0.492528 0
0  2.340000 18.999998 0.000000  0.499394 0.864978 0.049185  0.055490 0.479904 0
c_invasion_wrangler_laser
0  2.295037 18.999998 0.456511  0.480202 -0.864978 0.145668  0.056142 0.492528 0
0  1.732274 18.731531 0.717531  0.480202 -0.864978 0.145668  0.056458 0.505212 0
0  1.838972 18.731531 0.365794  0.480202 -0.864978 0.145668  0.055772 0.492556 0
c_invasion_wrangler_laser
0  1.838972 18.731531 0.365794  -0.956941 0.000000 -0.290283  0.055772 0.492556 0
0  1.732274 19.268465 0.717531  -0.956941 0.000000 -0.290283  0.056916 0.505191 0
0  1.838972 19.268465 0.365794  -0.956941 0.000000 -0.290283  0.056740 0.492498 0
c_invasion_wrangler_laser
0  1.838972 19.268465 0.365794  0.480202 0.864978 0.145666  0.056740 0.492498 0
0  2.161878 18.999998 0.895479  0.480202 0.864978 0.145666  0.056633 0.505152 0
0  2.295037 18.999998 0.456511  0.480202 0.864978 0.145666  0.056142 0.492528 0
c_invasion_wrangler_laser
0  2.161878 18.999998 0.895479  0.442558 -0.864979 0.236547  0.056633 0.505152 0
0  1.559005 18.731531 1.041694  0.442558 -0.864979 0.236547  0.057164 0.517828 0
0  1.732274 18.731531 0.717531  0.442558 -0.864979 0.236547  0.056458 0.505212 0
c_invasion_wrangler_laser
0  1.732274 18.731531 0.717531  -0.881921 0.000000 -0.471397  0.056458 0.505212 0
0  1.559005 19.268465 1.041694  -0.881921 0.000000 -0.471397  0.057130 0.517835 0
0  1.732274 19.268465 0.717531  -0.881921 0.000000 -0.471397  0.056916 0.505191 0
c_invasion_wrangler_laser
0  1.732274 19.268465 0.717531  0.442557 0.864977 0.236555  0.056916 0.505191 0
0  1.945639 18.999998 1.300034  0.442557 0.864977 0.236555  0.057058 0.517863 0
0  2.161878 18.999998 0.895479  0.442557 0.864977 0.236555  0.056633 0.505152 0
c_invasion_wrangler_laser
0  1.945639 18.999998 1.300034  0.387904 -0.864977 0.318349  0.057058 0.517863 0
0  1.325825 18.731531 1.325825  0.387904 -0.864977 0.318349  0.057268 0.530446 0
0  1.559005 18.731531 1.041694  0.387904 -0.864977 0.318349  0.057164 0.517828 0
c_invasion_wrangler_laser
0  1.559005 18.731531 1.041694  -0.773009 0.000000 -0.634396  0.057164 0.517828 0
0  1.325825 19.268465 1.325825  -0.773009 0.000000 -0.634396  0.058032 0.530438 0
0  1.559005 19.268465 1.041694  -0.773009 0.000000 -0.634396  0.057130 0.517835 0
c_invasion_wrangler_laser
0  1.559005 19.268465 1.041694  0.387905 0.864978 0.318344  0.057130 0.517835 0
0  1.654629 18.999998 1.654630  0.387905 0.864978 0.318344  0.057377 0.530640 0
0  1.945639 18.999998 1.300034  0.387905 0.864978 0.318344  0.057058 0.517863 0
c_invasion_wrangler_laser
0  1.654629 18.999998 1.654630  0.318344 -0.864977 0.387908  0.057377 0.530640 0
0  1.041694 18.731531 1.559005  0.318344 -0.864977 0.387908  0.057296 0.543023 0
0  1.325825 18.731531 1.325825  0.318344 -0.864977 0.387908  0.057268 0.530446 0
c_invasion_wrangler_laser
0  1.325825 18.731531 1.325825  -0.634394 0.000000 -0.773010  0.057268 0.530446 0
0  1.041694 19.268467 1.559005  -0.634394 0.000000 -0.773010  0.058333 0.542987 0
0  1.325825 19.268465 1.325825  -0.634394 0.000000 -0.773010  0.058032 0.530438 0
c_invasion_wrangler_laser
0  1.325825 19.268465 1.325825  0.318345 0.864977 0.387906  0.058032 0.530438 0
0  1.300034 18.999998 1.945639  0.318345 0.864977 0.387906  0.058449 0.543585 0
0  1.654629 18.999998 1.654630  0.318345 0.864977 0.387906  0.057377 0.530640 0
c_invasion_wrangler_laser
0  1.300034 18.999998 1.945639  0.236551 -0.864976 0.442560  0.058449 0.543585 0
0  0.717532 18.731531 1.732274  0.236551 -0.864976 0.442560  0.057581 0.555204 0
0  1.041694 18.731531 1.559005  0.236551 -0.864976 0.442560  0.057296 0.543023 0
c_invasion_wrangler_laser
0  1.041694 18.731531 1.559005  -0.471399 0.000000 -0.881920  0.057296 0.543023 0
0  0.717532 19.268467 1.732274  -0.471399 0.000000 -0.881920  0.059723 0.555179 0
0  1.041694 19.268467 1.559005  -0.471399 0.000000 -0.881920  0.058333 0.542987 0
c_invasion_wrangler_laser
0  1.041694 19.268467 1.559005  0.236554 0.864979 0.442553  0.058333 0.542987 0
0  0.895480 18.999998 2.161878  0.236554 0.864979 0.442553  0.058142 0.557435 0
0  1.300034 18.999998 1.945639  0.236554 0.864979 0.442553  0.058449 0.543585 0
c_invasion_wrangler_laser
0  0.895480 18.999998 2.161878  0.145668 -0.864978 0.480203  0.058142 0.557435 0
0  0.365795 18.731531 1.838972  0.145668 -0.864978 0.480203  0.055961 0.566263 0
0  0.717532 18.731531 1.732274  0.145668 -0.864978 0.480203  0.057581 0.555204 0
c_invasion_wrangler_laser
0  0.717532 18.731531 1.732274  -0.290285 0.000000 -0.956940  0.057581 0.555204 0
0  0.365795 19.268467 1.838972  -0.290285 0.000000 -0.956940  0.061287 0.565900 0
0  0.717532 19.268467 1.732274  -0.290285 0.000000 -0.956940  0.059723 0.555179 0
c_invasion_wrangler_laser
0  0.717532 19.268467 1.732274  0.145669 0.864980 0.480199  0.059723 0.555179 0
0  0.456512 18.999998 2.295037  0.145669 0.864980 0.480199  0.059175 0.574316 0
0  0.895480 18.999998 2.161878  0.145669 0.864980 0.480199  0.058142 0.557435 0
c_invasion_wrangler_laser
0  0.456512 18.999998 2.295037  0.049186 -0.864980 0.499389  0.059175 0.574316 0
0  0.000000 18.731531 1.875000  0.049186 -0.864980 0.499389  0.050894 0.572832 0
0  0.365795 18.731531 1.838972  0.049186 -0.864980 0.499389  0.055961 0.566263 0
c_invasion_wrangler_laser
0  0.365795 18.731531 1.838972  -0.098018 0.000000 -0.995185  0.055961 0.566263 0
0  0.000000 19.268467 1.875000  -0.098018 0.000000 -0.995185  0.066861 0.572111 0
0  0.365795 19.268467 1.838972  -0.098018 0.000000 -0.995185  0.061287 0.565900 0
c_invasion_wrangler_laser
0  0.365795 19.268467 1.838972  0.049186 0.864977 0.499394  0.061287 0.565900 0
0  0.000000 18.999998 2.340000  0.049186 0.864977 0.499394  0.060116 0.602409 0
0  0.456512 18.999998 2.295037  0.049186 0.864977 0.499394  0.059175 0.574316 0
c_invasion_wrangler_laser
0  0.000000 18.999998 -2.340000  0.049185 -0.864976 -0.499398  0.051822 0.368364 0
0  0.365794 18.731529 -1.838972  0.049185 -0.864976 -0.499398  0.052773 0.392491 0
0  0.000000 18.731529 -1.875000  0.049185 -0.864976 -0.499398  0.053486 0.382975 0
c_invasion_wrangler_laser
0  0.000000 18.731529 -1.875000  -0.098017 0.000000 0.995185  0.053486 0.382975 0
0  0.365794 19.268465 -1.838972  -0.098017 0.000000 0.995185  0.052082 0.392561 0
0  0.000000 19.268465 -1.875000  -0.098017 0.000000 0.995185  0.050894 0.383034 0
c_invasion_wrangler_laser
0  0.000000 19.268465 -1.875000  0.049186 0.864980 -0.499390  0.050894 0.383034 0
0  0.456511 18.999998 -2.295038  0.049186 0.864980 -0.499390  0.052753 0.388189 0
0  0.000000 18.999998 -2.340000  0.049186 0.864980 -0.499390  0.051822 0.368364 0
c_invasion_wrangler_laser
0  0.456511 18.999998 -2.295038  0.145669 -0.864976 -0.480205  0.052753 0.388189 0
0  0.717532 18.731529 -1.732274  0.145669 -0.864976 -0.480205  0.053005 0.404254 0
0  0.365794 18.731529 -1.838972  0.145669 -0.864976 -0.480205  0.052773 0.392491 0
c_invasion_wrangler_laser
0  0.365794 18.731529 -1.838972  -0.290284 0.000000 0.956941  0.052773 0.392491 0
0  0.717532 19.268465 -1.732274  -0.290284 0.000000 0.956941  0.053175 0.404215 0
0  0.365794 19.268465 -1.838972  -0.290284 0.000000 0.956941  0.052082 0.392561 0
c_invasion_wrangler_laser
0  0.365794 19.268465 -1.838972  0.145668 0.864977 -0.480204  0.052082 0.392561 0
0  0.895480 18.999998 -2.161878  0.145668 0.864977 -0.480204  0.052992 0.403015 0
0  0.456511 18.999998 -2.295038  0.145668 0.864977 -0.480204  0.052753 0.388189 0
c_invasion_wrangler_laser
0  0.895480 18.999998 -2.161878  0.236552 -0.864974 -0.442564  0.052992 0.403015 0
0  1.041694 18.731529 -1.559005  0.236552 -0.864974 -0.442564  0.053576 0.416658 0
0  0.717532 18.731529 -1.732274  0.236552 -0.864974 -0.442564  0.053005 0.404254 0
c_invasion_wrangler_laser
0  0.717532 18.731529 -1.732274  -0.471394 0.000000 0.881922  0.053005 0.404254 0
0  1.041694 19.268465 -1.559005  -0.471394 0.000000 0.881922  0.053915 0.416595 0
0  0.717532 19.268465 -1.732274  -0.471394 0.000000 0.881922  0.053175 0.404215 0
c_invasion_wrangler_laser
0  0.717532 19.268465 -1.732274  0.236551 0.864977 -0.442559  0.053175 0.404215 0
0  1.300034 18.999998 -1.945639  0.236551 0.864977 -0.442559  0.053046 0.416307 0
0  0.895480 18.999998 -2.161878  0.236551 0.864977 -0.442559  0.052992 0.403015 0
c_invasion_wrangler_laser
0  1.300034 18.999998 -1.945639  0.318349 -0.864975 -0.387908  0.053046 0.416307 0
0  1.325824 18.731531 -1.325826  0.318349 -0.864975 -0.387908  0.053583 0.429279 0
0  1.041694 18.731529 -1.559005  0.318349 -0.864975 -0.387908  0.053576 0.416658 0
c_invasion_wrangler_laser
0  1.041694 18.731529 -1.559005  -0.634392 0.000000 0.773011  0.053576 0.416658 0
0  1.325824 19.268465 -1.325826  -0.634392 0.000000 0.773011  0.053949 0.429224 0
0  1.041694 19.268465 -1.559005  -0.634392 0.000000 0.773011  0.053915 0.416595 0
c_invasion_wrangler_laser
0  1.041694 19.268465 -1.559005  0.318345 0.864978 -0.387903  0.053915 0.416595 0
0  1.654629 18.999998 -1.654631  0.318345 0.864978 -0.387903  0.054461 0.429136 0
0  1.300034 18.999998 -1.945639  0.318345 0.864978 -0.387903  0.053046 0.416307 0
c_invasion_wrangler_laser
0  1.654629 18.999998 -1.654631  0.387904 -0.864978 -0.318343  0.054461 0.429136 0
0  1.559005 18.731531 -1.041694  0.387904 -0.864978 -0.318343  0.054229 0.441919 0
0  1.325824 18.731531 -1.325826  0.387904 -0.864978 -0.318343  0.053583 0.429279 0
c_invasion_wrangler_laser
0  1.325824 18.731531 -1.325826  -0.773009 0.000000 0.634394  0.053583 0.429279 0
0  1.559005 19.268465 -1.041694  -0.773009 0.000000 0.634394  0.054574 0.441854 0
0  1.325824 19.268465 -1.325826  -0.773009 0.000000 0.634394  0.053949 0.429224 0
c_invasion_wrangler_laser
0  1.325824 19.268465 -1.325826  0.387904 0.864977 -0.318346  0.053949 0.429224 0
0  1.945639 18.999998 -1.300034  0.387904 0.864977 -0.318346  0.054488 0.441873 0
0  1.654629 18.999998 -1.654631  0.387904 0.864977 -0.318346  0.054461 0.429136 0
c_invasion_wrangler_laser
0  1.945639 18.999998 -1.300034  0.442557 -0.864978 -0.236552  0.054488 0.441873 0
0  1.732274 18.731531 -0.717532  0.442557 -0.864978 -0.236552  0.054900 0.454555 0
0  1.559005 18.731531 -1.041694  0.442557 -0.864978 -0.236552  0.054229 0.441919 0
c_invasion_wrangler_laser
0  1.559005 18.731531 -1.041694  -0.881922 0.000000 0.471396  0.054229 0.441919 0
0  1.732274 19.268465 -0.717532  -0.881922 0.000000 0.471396  0.055072 0.454499 0
0  1.559005 19.268465 -1.041694  -0.881922 0.000000 0.471396  0.054574 0.441854 0
c_invasion_wrangler_laser
0  1.559005 19.268465 -1.041694  0.442557 0.864978 -0.236552  0.054574 0.441854 0
0  2.161877 18.999998 -0.895480  0.442557 0.864978 -0.236552  0.054629 0.454580 0
0  1.945639 18.999998 -1.300034  0.442557 0.864978 -0.236552  0.054488 0.441873 0
c_invasion_wrangler_laser
0  2.161877 18.999998 -0.895480  0.480203 -0.864978 -0.145664  0.054629 0.454580 0
0  1.838972 18.731531 -0.365794  0.480203 -0.864978 -0.145664  0.054953 0.467223 0
0  1.732274 18.731531 -0.717532  0.480203 -0.864978 -0.145664  0.054900 0.454555 0
c_invasion_wrangler_laser
0  1.732274 18.731531 -0.717532  -0.956940 0.000000 0.290285  0.054900 0.454555 0
0  1.838972 19.268465 -0.365794  -0.956940 0.000000 0.290285  0.055566 0.467144 0
0  1.732274 19.268465 -0.717532  -0.956940 0.000000 0.290285  0.055072 0.454499 0
c_invasion_wrangler_laser
0  1.732274 19.268465 -0.717532  0.480202 0.864977 -0.145673  0.055072 0.454499 0
0  2.295037 18.999998 -0.456511  0.480202 0.864977 -0.145673  0.055480 0.467235 0
0  2.161877 18.999998 -0.895480  0.480202 0.864977 -0.145673  0.054629 0.454580 0
c_invasion_wrangler_laser
0  2.295037 18.999998 -0.456511  0.499394 -0.864978 -0.049188  0.055480 0.467235 0
0  1.875000 18.731531 0.000000  0.499394 -0.864978 -0.049188  0.055723 0.479874 0
0  1.838972 18.731531 -0.365794  0.499394 -0.864978 -0.049188  0.054953 0.467223 0
c_invasion_wrangler_laser
0  1.838972 18.731531 -0.365794  -0.995185 0.000000 0.098017  0.054953 0.467223 0
0  1.875000 19.268465 -0.000000  -0.995185 0.000000 0.098017  0.056072 0.479826 0
0  1.838972 19.268465 -0.365794  -0.995185 0.000000 0.098017  0.055566 0.467144 0
c_invasion_wrangler_laser
0  1.838972 19.268465 -0.365794  0.499393 0.864978 -0.049185  0.055566 0.467144 0
0  2.340000 18.999998 0.000000  0.499393 0.864978 -0.049185  0.055490 0.479904 0
0  2.295037 18.999998 -0.456511  0.499393 0.864978 -0.049185  0.055480 0.467235 0
c_invasion_wrangler_laser
0  2.340000 21.199999 0.000000  0.499394 -0.864978 0.049184  0.109382 0.478343 0
0  1.838972 20.931532 0.365794  0.499394 -0.864978 0.049184  0.108508 0.490784 0
0  1.875000 20.931532 0.000000  0.499394 -0.864978 0.049184  0.109376 0.478359 0
c_invasion_wrangler_laser
0  1.875000 20.931532 0.000000  -0.995185 0.000001 -0.098017  0.109376 0.478359 0
0  1.838972 21.468466 0.365794  -0.995185 0.000001 -0.098017  0.109143 0.490769 0
0  1.875000 21.468466 -0.000000  -0.995185 0.000001 -0.098017  0.109348 0.478336 0
c_invasion_wrangler_laser
0  1.875000 21.468466 -0.000000  0.499394 0.864978 0.049183  0.109348 0.478336 0
0  2.295037 21.199999 0.456511  0.499394 0.864978 0.049183  0.109147 0.490815 0
0  2.340000 21.199999 0.000000  0.499394 0.864978 0.049183  0.109382 0.478343 0
c_invasion_wrangler_laser
0  2.295037 21.199999 0.456511  0.480202 -0.864977 0.145673  0.109147 0.490815 0
0  1.732274 20.931532 0.717531  0.480202 -0.864977 0.145673  0.108251 0.503257 0
0  1.838972 20.931532 0.365794  0.480202 -0.864977 0.145673  0.108508 0.490784 0
c_invasion_wrangler_laser
0  1.838972 20.931532 0.365794  -0.956941 0.000000 -0.290283  0.108508 0.490784 0
0  1.732274 21.468466 0.717531  -0.956941 0.000000 -0.290283  0.108910 0.503247 0
0  1.838972 21.468466 0.365794  -0.956941 0.000000 -0.290283  0.109143 0.490769 0
c_invasion_wrangler_laser
0  1.838972 21.468466 0.365794  0.480202 0.864978 0.145664  0.109143 0.490769 0
0  2.161878 21.199999 0.895479  0.480202 0.864978 0.145664  0.108232 0.503220 0
0  2.295037 21.199999 0.456511  0.480202 0.864978 0.145664  0.109147 0.490815 0
c_invasion_wrangler_laser
0  2.161878 21.199999 0.895479  0.442557 -0.864977 0.236556  0.108232 0.503220 0
0  1.559005 20.931532 1.041694  0.442557 -0.864977 0.236556  0.108022 0.515679 0
0  1.732274 20.931532 0.717531  0.442557 -0.864977 0.236556  0.108251 0.503257 0
c_invasion_wrangler_laser
0  1.732274 20.931532 0.717531  -0.881921 0.000000 -0.471397  0.108251 0.503257 0
0  1.559005 21.468466 1.041694  -0.881921 0.000000 -0.471397  0.108100 0.515671 0
0  1.732274 21.468466 0.717531  -0.881921 0.000000 -0.471397  0.108910 0.503247 0
c_invasion_wrangler_laser
0  1.732274 21.468466 0.717531  0.442558 0.864979 0.236548  0.108910 0.503247 0
0  1.945639 21.199999 1.300034  0.442558 0.864979 0.236548  0.107959 0.515702 0
0  2.161878 21.199999 0.895479  0.442558 0.864979 0.236548  0.108232 0.503220 0
c_invasion_wrangler_laser
0  1.945639 21.199999 1.300034  0.387904 -0.864978 0.318344  0.107959 0.515702 0
0  1.325825 20.931532 1.325825  0.387904 -0.864978 0.318344  0.107130 0.528066 0
0  1.559005 20.931532 1.041694  0.387904 -0.864978 0.318344  0.108022 0.515679 0
c_invasion_wrangler_laser
0  1.559005 20.931532 1.041694  -0.773011 0.000000 -0.634393  0.108022 0.515679 0
0  1.325825 21.468466 1.325825  -0.773011 0.000000 -0.634393  0.108054 0.528098 0
0  1.559005 21.468466 1.041694  -0.773011 0.000000 -0.634393  0.108100 0.515671 0
c_invasion_wrangler_laser
0  1.559005 21.468466 1.041694  0.387905 0.864979 0.318340  0.108100 0.515671 0
0  1.654629 21.199999 1.654630  0.387905 0.864979 0.318340  0.107564 0.528239 0
0  1.945639 21.199999 1.300034  0.387905 0.864979 0.318340  0.107959 0.515702 0
c_invasion_wrangler_laser
0  1.654629 21.199999 1.654630  0.318345 -0.864978 0.387904  0.107564 0.528239 0
0  1.041694 20.931532 1.559005  0.318345 -0.864978 0.387904  0.106875 0.540361 0
0  1.325825 20.931532 1.325825  0.318345 -0.864978 0.387904  0.107130 0.528066 0
c_invasion_wrangler_laser
0  1.325825 20.931532 1.325825  -0.634394 0.000000 -0.773010  0.107130 0.528066 0
0  1.041694 21.468468 1.559005  -0.634394 0.000000 -0.773010  0.107408 0.540403 0
0  1.325825 21.468466 1.325825  -0.634394 0.000000 -0.773010  0.108054 0.528098 0
c_invasion_wrangler_laser
0  1.325825 21.468466 1.325825  0.318345 0.864978 0.387903  0.108054 0.528098 0
0  1.300034 21.199999 1.945639  0.318345 0.864978 0.387903  0.107130 0.541000 0
0  1.654629 21.199999 1.654630  0.318345 0.864978 0.387903  0.107564 0.528239 0
c_invasion_wrangler_laser
0  1.300034 21.199999 1.945639  0.236552 -0.864978 0.442556  0.107130 0.541000 0
0  0.717532 20.931532 1.732274  0.236552 -0.864978 0.442556  0.105602 0.552281 0
0  1.041694 20.931532 1.559005  0.236552 -0.864978 0.442556  0.106875 0.540361 0
c_invasion_wrangler_laser
0  1.041694 20.931532 1.559005  -0.471399 0.000000 -0.881920  0.106875 0.540361 0
0  0.717532 21.468468 1.732274  -0.471399 0.000000 -0.881920  0.107795 0.552440 0
0  1.041694 21.468468 1.559005  -0.471399 0.000000 -0.881920  0.107408 0.540403 0
c_invasion_wrangler_laser
0  1.041694 21.468468 1.559005  0.236554 0.864979 0.442553  0.107408 0.540403 0
0  0.895480 21.199999 2.161878  0.236554 0.864979 0.442553  0.106671 0.554603 0
0  1.300034 21.199999 1.945639  0.236554 0.864979 0.442553  0.107130 0.541000 0
c_invasion_wrangler_laser
0  0.895480 21.199999 2.161878  0.145669 -0.864982 0.480195  0.106671 0.554603 0
0  0.365795 20.931532 1.838972  0.145669 -0.864982 0.480195  0.103169 0.562852 0
0  0.717532 20.931532 1.732274  0.145669 -0.864982 0.480195  0.105602 0.552281 0
c_invasion_wrangler_laser
0  0.717532 20.931532 1.732274  -0.290287 0.000000 -0.956940  0.105602 0.552281 0
0  0.365795 21.468468 1.838972  -0.290287 0.000000 -0.956940  0.109378 0.563342 0
0  0.717532 21.468468 1.732274  -0.290287 0.000000 -0.956940  0.107795 0.552440 0
c_invasion_wrangler_laser
0  0.717532 21.468468 1.732274  0.145669 0.864980 0.480199  0.107795 0.552440 0
0  0.456512 21.199999 2.295037  0.145669 0.864980 0.480199  0.106152 0.571304 0
0  0.895480 21.199999 2.161878  0.145669 0.864980 0.480199  0.106671 0.554603 0
c_invasion_wrangler_laser
0  0.456512 21.199999 2.295037  0.049186 -0.864980 0.499389  0.106152 0.571304 0
0  0.000000 20.931532 1.875000  0.049186 -0.864980 0.499389  0.099076 0.567758 0
0  0.365795 20.931532 1.838972  0.049186 -0.864980 0.499389  0.103169 0.562852 0
c_invasion_wrangler_laser
0  0.365795 20.931532 1.838972  -0.098017 0.000000 -0.995185  0.103169 0.562852 0
0  0.000000 21.468468 1.875000  -0.098017 0.000000 -0.995185  0.114846 0.569897 0
0  0.365795 21.468468 1.838972  -0.098017 0.000000 -0.995185  0.109378 0.563342 0
c_invasion_wrangler_laser
0  0.365795 21.468468 1.838972  0.049186 0.864977 0.499394  0.109378 0.563342 0
0  0.000000 21.199999 2.340000  0.049186 0.864977 0.499394  0.105022 0.599588 0
0  0.456512 21.199999 2.295037  0.049186 0.864977 0.499394  0.106152 0.571304 0
c_invasion_wrangler_laser
0  0.000000 21.199999 -2.340000  0.049185 -0.864973 -0.499401  0.113310 0.368364 0
0  0.365794 20.931530 -1.838972  0.049185 -0.864973 -0.499401  0.112670 0.392461 0
0  0.000000 20.931530 -1.875000  0.049185 -0.864973 -0.499401  0.114846 0.383446 0
c_invasion_wrangler_laser
0  0.000000 20.931530 -1.875000  -0.098017 0.000000 0.995185  0.114846 0.383446 0
0  0.365794 21.468466 -1.838972  -0.098017 0.000000 0.995185  0.112294 0.392446 0
0  0.000000 21.468466 -1.875000  -0.098017 0.000000 0.995185  0.111729 0.383131 0
c_invasion_wrangler_laser
0  0.000000 21.468466 -1.875000  0.049185 0.864977 -0.499395  0.111729 0.383131 0
0  0.456511 21.199999 -2.295038  0.049185 0.864977 -0.499395  0.112713 0.388249 0
0  0.000000 21.199999 -2.340000  0.049185 0.864977 -0.499395  0.113310 0.368364 0
c_invasion_wrangler_laser
0  0.456511 21.199999 -2.295038  0.145668 -0.864974 -0.480209  0.112713 0.388249 0
0  0.717532 20.931530 -1.732274  0.145668 -0.864974 -0.480209  0.111674 0.403942 0
0  0.365794 20.931530 -1.838972  0.145668 -0.864974 -0.480209  0.112670 0.392461 0
c_invasion_wrangler_laser
0  0.365794 20.931530 -1.838972  -0.290283 0.000000 0.956941  0.112670 0.392461 0
0  0.717532 21.468466 -1.732274  -0.290283 0.000000 0.956941  0.111846 0.404000 0
0  0.365794 21.468466 -1.838972  -0.290283 0.000000 0.956941  0.112294 0.392446 0
c_invasion_wrangler_laser
0  0.365794 21.468466 -1.838972  0.145668 0.864977 -0.480204  0.112294 0.392446 0
0  0.895480 21.199999 -2.161878  0.145668 0.864977 -0.480204  0.112623 0.402826 0
0  0.456511 21.199999 -2.295038  0.145668 0.864977 -0.480204  0.112713 0.388249 0
c_invasion_wrangler_laser
0  0.895480 21.199999 -2.161878  0.236552 -0.864974 -0.442564  0.112623 0.402826 0
0  1.041694 20.931530 -1.559005  0.236552 -0.864974 -0.442564  0.111565 0.416175 0
0  0.717532 20.931530 -1.732274  0.236552 -0.864974 -0.442564  0.111674 0.403942 0
c_invasion_wrangler_laser
0  0.717532 20.931530 -1.732274  -0.471394 0.000000 0.881922  0.111674 0.403942 0
0  1.041694 21.468466 -1.559005  -0.471394 0.000000 0.881922  0.111724 0.416175 0
0  0.717532 21.468466 -1.732274  -0.471394 0.000000 0.881922  0.111846 0.404000 0
c_invasion_wrangler_laser
0  0.717532 21.468466 -1.732274  0.236552 0.864980 -0.442553  0.111846 0.404000 0
0  1.300034 21.199999 -1.945639  0.236552 0.864980 -0.442553  0.111494 0.415870 0
0  0.895480 21.199999 -2.161878  0.236552 0.864980 -0.442553  0.112623 0.402826 0
c_invasion_wrangler_laser
0  1.300034 21.199999 -1.945639  0.318349 -0.864975 -0.387908  0.111494 0.415870 0
0  1.325824 20.931532 -1.325826  0.318349 -0.864975 -0.387908  0.110765 0.428534 0
0  1.041694 20.931530 -1.559005  0.318349 -0.864975 -0.387908  0.111565 0.416175 0
c_invasion_wrangler_laser
0  1.041694 20.931530 -1.559005  -0.634392 0.000000 0.773011  0.111565 0.416175 0
0  1.325824 21.468466 -1.325826  -0.634392 0.000000 0.773011  0.111416 0.428530 0
0  1.041694 21.468466 -1.559005  -0.634392 0.000000 0.773011  0.111724 0.416175 0
c_invasion_wrangler_laser
0  1.041694 21.468466 -1.559005  0.318345 0.864978 -0.387903  0.111724 0.416175 0
0  1.654629 21.199999 -1.654631  0.318345 0.864978 -0.387903  0.111299 0.428497 0
0  1.300034 21.199999 -1.945639  0.318345 0.864978 -0.387903  0.111494 0.415870 0
c_invasion_wrangler_laser
0  1.654629 21.199999 -1.654631  0.387905 -0.864980 -0.318339  0.111299 0.428497 0
0  1.559005 20.931532 -1.041694  0.387905 -0.864980 -0.318339  0.110654 0.440993 0
0  1.325824 20.931532 -1.325826  0.387905 -0.864980 -0.318339  0.110765 0.428534 0
c_invasion_wrangler_laser
0  1.325824 20.931532 -1.325826  -0.773009 0.000000 0.634394  0.110765 0.428534 0
0  1.559005 21.468466 -1.041694  -0.773009 0.000000 0.634394  0.111139 0.440987 0
0  1.325824 21.468466 -1.325826  -0.773009 0.000000 0.634394  0.111416 0.428530 0
c_invasion_wrangler_laser
0  1.325824 21.468466 -1.325826  0.387905 0.864978 -0.318343  0.111416 0.428530 0
0  1.945639 21.199999 -1.300034  0.387905 0.864978 -0.318343  0.110273 0.440955 0
0  1.654629 21.199999 -1.654631  0.387905 0.864978 -0.318343  0.111299 0.428497 0
c_invasion_wrangler_laser
0  1.945639 21.199999 -1.300034  0.442557 -0.864978 -0.236552  0.110273 0.440955 0
0  1.732274 20.931532 -0.717532  0.442557 -0.864978 -0.236552  0.109841 0.453448 0
0  1.559005 20.931532 -1.041694  0.442557 -0.864978 -0.236552  0.110654 0.440993 0
c_invasion_wrangler_laser
0  1.559005 20.931532 -1.041694  -0.881921 0.000000 0.471398  0.110654 0.440993 0
0  1.732274 21.468466 -0.717532  -0.881921 0.000000 0.471398  0.110310 0.453443 0
0  1.559005 21.468466 -1.041694  -0.881921 0.000000 0.471398  0.111139 0.440987 0
c_invasion_wrangler_laser
0  1.559005 21.468466 -1.041694  0.442556 0.864976 -0.236559  0.111139 0.440987 0
0  2.161877 21.199999 -0.895480  0.442556 0.864976 -0.236559  0.110687 0.453452 0
0  1.945639 21.199999 -1.300034  0.442556 0.864976 -0.236559  0.110273 0.440955 0
c_invasion_wrangler_laser
0  2.161877 21.199999 -0.895480  0.480202 -0.864977 -0.145673  0.110687 0.453452 0
0  1.838972 20.931532 -0.365794  0.480202 -0.864977 -0.145673  0.109595 0.465925 0
0  1.732274 20.931532 -0.717532  0.480202 -0.864977 -0.145673  0.109841 0.453448 0
c_invasion_wrangler_laser
0  1.732274 20.931532 -0.717532  -0.956940 0.000000 0.290285  0.109841 0.453448 0
0  1.838972 21.468466 -0.365794  -0.956940 0.000000 0.290285  0.110180 0.465916 0
0  1.732274 21.468466 -0.717532  -0.956940 0.000000 0.290285  0.110310 0.453443 0
c_invasion_wrangler_laser
0  1.732274 21.468466 -0.717532  0.480202 0.864978 -0.145664  0.110310 0.453443 0
0  2.295037 21.199999 -0.456511  0.480202 0.864978 -0.145664  0.109642 0.465871 0
0  2.161877 21.199999 -0.895480  0.480202 0.864978 -0.145664  0.110687 0.453452 0
c_invasion_wrangler_laser
0  2.295037 21.199999 -0.456511  0.499394 -0.864978 -0.049190  0.109642 0.465871 0
0  1.875000 20.931532 0.000000  0.499394 -0.864978 -0.049190  0.109376 0.478359 0
0  1.838972 20.931532 -0.365794  0.499394 -0.864978 -0.049190  0.109595 0.465925 0
c_invasion_wrangler_laser
0  1.838972 20.931532 -0.365794  -0.995185 0.000000 0.098017  0.109595 0.465925 0
0  1.875000 21.468466 -0.000000  -0.995185 0.000000 0.098017  0.109348 0.478336 0
0  1.838972 21.468466 -0.365794  -0.995185 0.000000 0.098017  0.110180 0.465916 0
c_invasion_wrangler_laser
0  1.838972 21.468466 -0.365794  0.499393 0.864978 -0.049183  0.110180 0.465916 0
0  2.340000 21.199999 0.000000  0.499393 0.864978 -0.049183  0.109382 0.478343 0
0  2.295037 21.199999 -0.456511  0.499393 0.864978 -0.049183  0.109642 0.465871 0
c_invasion_wrangler_laser
0  1.838972 18.168467 -0.365794  0.499393 0.864978 -0.049186  0.125732 0.465176 0
0  2.340000 17.900000 0.000000  0.499393 0.864978 -0.049186  0.124768 0.477594 0
0  2.295037 17.900000 -0.456511  0.499393 0.864978 -0.049186  0.125709 0.465267 0
c_invasion_wrangler_laser
0  1.838972 17.631533 -0.365794  -0.995185 0.000000 0.098017  0.125060 0.465187 0
0  1.875000 18.168467 -0.000000  -0.995185 0.000000 0.098017  0.125322 0.477558 0
0  1.838972 18.168467 -0.365794  -0.995185 0.000000 0.098017  0.125732 0.465176 0
c_invasion_wrangler_laser
0  2.295037 17.900000 -0.456511  0.499393 -0.864978 -0.049191  0.125709 0.465267 0
0  1.875000 17.631533 0.000000  0.499393 -0.864978 -0.049191  0.124955 0.477571 0
0  1.838972 17.631533 -0.365794  0.499393 -0.864978 -0.049191  0.125060 0.465187 0
c_invasion_wrangler_laser
0  1.732274 18.168467 -0.717532  0.480202 0.864978 -0.145669  0.126150 0.452824 0
0  2.295037 17.900000 -0.456511  0.480202 0.864978 -0.145669  0.125709 0.465267 0
0  2.161877 17.900000 -0.895480  0.480202 0.864978 -0.145669  0.125968 0.452920 0
c_invasion_wrangler_laser
0  1.732274 17.631533 -0.717532  -0.956940 0.000000 0.290286  0.125742 0.452831 0
0  1.838972 18.168467 -0.365794  -0.956940 0.000000 0.290286  0.125732 0.465176 0
0  1.732274 18.168467 -0.717532  -0.956940 0.000000 0.290286  0.126150 0.452824 0
c_invasion_wrangler_laser
0  2.161877 17.900000 -0.895480  0.480203 -0.864978 -0.145665  0.125968 0.452920 0
0  1.838972 17.631533 -0.365794  0.480203 -0.864978 -0.145665  0.125060 0.465187 0
0  1.732274 17.631533 -0.717532  0.480203 -0.864978 -0.145665  0.125742 0.452831 0
c_invasion_wrangler_laser
0  1.559005 18.168467 -1.041694  0.442557 0.864979 -0.236548  0.126536 0.440496 0
0  2.161877 17.900000 -0.895480  0.442557 0.864979 -0.236548  0.125968 0.452920 0
0  1.945639 17.900000 -1.300034  0.442557 0.864979 -0.236548  0.126264 0.440526 0
c_invasion_wrangler_laser
0  1.559005 17.631533 -1.041694  -0.881922 0.000000 0.471396  0.126428 0.440499 0
0  1.732274 18.168467 -0.717532  -0.881922 0.000000 0.471396  0.126150 0.452824 0
0  1.559005 18.168467 -1.041694  -0.881922 0.000000 0.471396  0.126536 0.440496 0
c_invasion_wrangler_laser
0  1.945639 17.900000 -1.300034  0.442557 -0.864978 -0.236552  0.126264 0.440526 0
0  1.732274 17.631533 -0.717532  0.442557 -0.864978 -0.236552  0.125742 0.452831 0
0  1.559005 17.631533 -1.041694  0.442557 -0.864978 -0.236552  0.126428 0.440499 0
c_invasion_wrangler_laser
0  1.325824 18.168467 -1.325826  0.387905 0.864978 -0.318343  0.126786 0.428159 0
0  1.945639 17.900000 -1.300034  0.387905 0.864978 -0.318343  0.126264 0.440526 0
0  1.654629 17.900000 -1.654631  0.387905 0.864978 -0.318343  0.127426 0.428106 0
c_invasion_wrangler_laser
0  1.325824 17.631533 -1.325826  -0.773012 0.000000 0.634392  0.126490 0.428134 0
0  1.559005 18.168467 -1.041694  -0.773012 0.000000 0.634392  0.126536 0.440496 0
0  1.325824 18.168467 -1.325826  -0.773012 0.000000 0.634392  0.126786 0.428159 0
c_invasion_wrangler_laser
0  1.654629 17.900000 -1.654631  0.387904 -0.864977 -0.318348  0.127426 0.428106 0
0  1.559005 17.631533 -1.041694  0.387904 -0.864977 -0.318348  0.126428 0.440499 0
0  1.325824 17.631533 -1.325826  0.387904 -0.864977 -0.318348  0.126490 0.428134 0
c_invasion_wrangler_laser
0  1.041694 18.168467 -1.559005  0.318344 0.864977 -0.387907  0.127515 0.415885 0
0  1.654629 17.900000 -1.654631  0.318344 0.864977 -0.387907  0.127426 0.428106 0
0  1.300034 17.900000 -1.945639  0.318344 0.864977 -0.387907  0.127375 0.415543 0
c_invasion_wrangler_laser
0  1.041694 17.631531 -1.559005  -0.634392 0.000000 0.773011  0.127155 0.415847 0
0  1.325824 18.168467 -1.325826  -0.634392 0.000000 0.773011  0.126786 0.428159 0
0  1.041694 18.168467 -1.559005  -0.634392 0.000000 0.773011  0.127515 0.415885 0
c_invasion_wrangler_laser
0  1.300034 17.900000 -1.945639  0.318349 -0.864975 -0.387908  0.127375 0.415543 0
0  1.325824 17.631533 -1.325826  0.318349 -0.864975 -0.387908  0.126490 0.428134 0
0  1.041694 17.631531 -1.559005  0.318349 -0.864975 -0.387908  0.127155 0.415847 0
c_invasion_wrangler_laser
0  0.717532 18.168467 -1.732274  0.236551 0.864977 -0.442559  0.128143 0.403776 0
0  1.300034 17.900000 -1.945639  0.236551 0.864977 -0.442559  0.127375 0.415543 0
0  0.895480 17.900000 -2.161878  0.236551 0.864977 -0.442559  0.127392 0.402567 0
c_invasion_wrangler_laser
0  0.717532 17.631531 -1.732274  -0.471396 0.000000 0.881921  0.127909 0.403762 0
0  1.041694 18.168467 -1.559005  -0.471396 0.000000 0.881921  0.127515 0.415885 0
0  0.717532 18.168467 -1.732274  -0.471396 0.000000 0.881921  0.128143 0.403776 0
c_invasion_wrangler_laser
0  0.895480 17.900000 -2.161878  0.236552 -0.864974 -0.442564  0.127392 0.402567 0
0  1.041694 17.631531 -1.559005  0.236552 -0.864974 -0.442564  0.127155 0.415847 0
0  0.717532 17.631531 -1.732274  0.236552 -0.864974 -0.442564  0.127909 0.403762 0
c_invasion_wrangler_laser
0  0.365794 18.168467 -1.838972  0.145668 0.864975 -0.480207  0.127799 0.392343 0
0  0.895480 17.900000 -2.161878  0.145668 0.864975 -0.480207  0.127392 0.402567 0
0  0.456511 17.900000 -2.295038  0.145668 0.864975 -0.480207  0.128733 0.388124 0
c_invasion_wrangler_laser
0  0.365794 17.631531 -1.838972  -0.290284 0.000000 0.956941  0.128180 0.392233 0
0  0.717532 18.168467 -1.732274  -0.290284 0.000000 0.956941  0.128143 0.403776 0
0  0.365794 18.168467 -1.838972  -0.290284 0.000000 0.956941  0.127799 0.392343 0
c_invasion_wrangler_laser
0  0.456511 17.900000 -2.295038  0.145669 -0.864976 -0.480205  0.128733 0.388124 0
0  0.717532 17.631531 -1.732274  0.145669 -0.864976 -0.480205  0.127909 0.403762 0
0  0.365794 17.631531 -1.838972  0.145669 -0.864976 -0.480205  0.128180 0.392233 0
c_invasion_wrangler_laser
0  0.000000 18.168467 -1.875000  0.049186 0.864980 -0.499390  0.127364 0.383021 0
0  0.456511 17.900000 -2.295038  0.049186 0.864980 -0.499390  0.128733 0.388124 0
0  0.000000 17.900000 -2.340000  0.049186 0.864980 -0.499390  0.129120 0.368364 0
c_invasion_wrangler_laser
0  0.000000 17.631531 -1.875000  -0.098017 0.000000 0.995185  0.130456 0.383340 0
0  0.365794 18.168467 -1.838972  -0.098017 0.000000 0.995185  0.127799 0.392343 0
0  0.000000 18.168467 -1.875000  -0.098017 0.000000 0.995185  0.127364 0.383021 0
c_invasion_wrangler_laser
0  0.000000 17.900000 -2.340000  0.049185 -0.864976 -0.499398  0.129120 0.368364 0
0  0.365794 17.631531 -1.838972  0.049185 -0.864976 -0.499398  0.128180 0.392233 0
0  0.000000 17.631531 -1.875000  0.049185 -0.864976 -0.499398  0.130456 0.383340 0
c_invasion_wrangler_laser
0  0.365795 18.168468 1.838972  0.049186 0.864977 0.499394  0.125011 0.561962 0
0  0.000000 17.900000 2.340000  0.049186 0.864977 0.499394  0.120514 0.597902 0
0  0.456512 17.900000 2.295037  0.049186 0.864977 0.499394  0.121628 0.569904 0
c_invasion_wrangler_laser
0  0.365795 17.631533 1.838972  -0.098018 0.000000 -0.995185  0.119127 0.561289 0
0  0.000000 18.168468 1.875000  -0.098018 0.000000 -0.995185  0.130456 0.568512 0
0  0.365795 18.168468 1.838972  -0.098018 0.000000 -0.995185  0.125011 0.561962 0
c_invasion_wrangler_laser
0  0.456512 17.900000 2.295037  0.049186 -0.864980 0.499389  0.121628 0.569904 0
0  0.000000 17.631533 1.875000  0.049186 -0.864980 0.499389  0.114970 0.566184 0
0  0.365795 17.631533 1.838972  0.049186 -0.864980 0.499389  0.119127 0.561289 0
c_invasion_wrangler_laser
0  0.717532 18.168468 1.732274  0.145669 0.864980 0.480199  0.123389 0.551136 0
0  0.456512 17.900000 2.295037  0.145669 0.864980 0.480199  0.121628 0.569904 0
0  0.895480 17.900000 2.161878  0.145669 0.864980 0.480199  0.122456 0.553292 0
c_invasion_wrangler_laser
0  0.717532 17.631533 1.732274  -0.290285 0.000000 -0.956940  0.120918 0.550986 0
0  0.365795 18.168468 1.838972  -0.290285 0.000000 -0.956940  0.125011 0.561962 0
0  0.717532 18.168468 1.732274  -0.290285 0.000000 -0.956940  0.123389 0.551136 0
c_invasion_wrangler_laser
0  0.895480 17.900000 2.161878  0.145668 -0.864978 0.480203  0.122456 0.553292 0
0  0.365795 17.631533 1.838972  0.145668 -0.864978 0.480203  0.119127 0.561289 0
0  0.717532 17.631533 1.732274  0.145668 -0.864978 0.480203  0.120918 0.550986 0
c_invasion_wrangler_laser
0  1.041694 18.168468 1.559005  0.236553 0.864977 0.442559  0.122990 0.539185 0
0  0.895480 17.900000 2.161878  0.236553 0.864977 0.442559  0.122456 0.553292 0
0  1.300034 17.900000 1.945639  0.236553 0.864977 0.442559  0.122774 0.539771 0
c_invasion_wrangler_laser
0  1.041694 17.631533 1.559005  -0.471397 0.000000 -0.881921  0.122373 0.539147 0
0  0.717532 18.168468 1.732274  -0.471397 0.000000 -0.881921  0.123389 0.551136 0
0  1.041694 18.168468 1.559005  -0.471397 0.000000 -0.881921  0.122990 0.539185 0
c_invasion_wrangler_laser
0  1.300034 17.900000 1.945639  0.236552 -0.864978 0.442556  0.122774 0.539771 0
0  0.717532 17.631533 1.732274  0.236552 -0.864978 0.442556  0.120918 0.550986 0
0  1.041694 17.631533 1.559005  0.236552 -0.864978 0.442556  0.122373 0.539147 0
c_invasion_wrangler_laser
0  1.325825 18.168467 1.325825  0.318345 0.864977 0.387906  0.123630 0.526969 0
0  1.300034 17.900000 1.945639  0.318345 0.864977 0.387906  0.122774 0.539771 0
0  1.654629 17.900000 1.654630  0.318345 0.864977 0.387906  0.123189 0.527102 0
c_invasion_wrangler_laser
0  1.325825 17.631533 1.325825  -0.634392 0.000000 -0.773012  0.122701 0.526935 0
0  1.041694 18.168468 1.559005  -0.634392 0.000000 -0.773012  0.122990 0.539185 0
0  1.325825 18.168467 1.325825  -0.634392 0.000000 -0.773012  0.123630 0.526969 0
c_invasion_wrangler_laser
0  1.654629 17.900000 1.654630  0.318345 -0.864978 0.387904  0.123189 0.527102 0
0  1.041694 17.631533 1.559005  0.318345 -0.864978 0.387904  0.122373 0.539147 0
0  1.325825 17.631533 1.325825  0.318345 -0.864978 0.387904  0.122701 0.526935 0
c_invasion_wrangler_laser
0  1.559005 18.168467 1.041694  0.387904 0.864977 0.318347  0.123649 0.514633 0
0  1.654629 17.900000 1.654630  0.387904 0.864977 0.318347  0.123189 0.527102 0
0  1.945639 17.900000 1.300034  0.387904 0.864977 0.318347  0.123637 0.514646 0
c_invasion_wrangler_laser
0  1.559005 17.631533 1.041694  -0.773011 0.000000 -0.634393  0.123623 0.514635 0
0  1.325825 18.168467 1.325825  -0.773011 0.000000 -0.634393  0.123630 0.526969 0
0  1.559005 18.168467 1.041694  -0.773011 0.000000 -0.634393  0.123649 0.514633 0
c_invasion_wrangler_laser
0  1.945639 17.900000 1.300034  0.387904 -0.864978 0.318344  0.123637 0.514646 0
0  1.325825 17.631533 1.325825  0.387904 -0.864978 0.318344  0.122701 0.526935 0
0  1.559005 17.631533 1.041694  0.387904 -0.864978 0.318344  0.123623 0.514635 0
c_invasion_wrangler_laser
0  1.732274 18.168467 0.717531  0.442557 0.864977 0.236553  0.124339 0.502308 0
0  1.945639 17.900000 1.300034  0.442557 0.864977 0.236553  0.123637 0.514646 0
0  2.161878 17.900000 0.895479  0.442557 0.864977 0.236553  0.124083 0.502248 0
c_invasion_wrangler_laser
0  1.732274 17.631533 0.717531  -0.881921 0.000000 -0.471397  0.123872 0.502299 0
0  1.559005 18.168467 1.041694  -0.881921 0.000000 -0.471397  0.123649 0.514633 0
0  1.732274 18.168467 0.717531  -0.881921 0.000000 -0.471397  0.124339 0.502308 0
c_invasion_wrangler_laser
0  2.161878 17.900000 0.895479  0.442557 -0.864977 0.236554  0.124083 0.502248 0
0  1.559005 17.631533 1.041694  0.442557 -0.864977 0.236554  0.123623 0.514635 0
0  1.732274 17.631533 0.717531  0.442557 -0.864977 0.236554  0.123872 0.502299 0
c_invasion_wrangler_laser
0  1.838972 18.168467 0.365794  0.480202 0.864978 0.145668  0.125070 0.489939 0
0  2.161878 17.900000 0.895479  0.480202 0.864978 0.145668  0.124083 0.502248 0
0  2.295037 17.900000 0.456511  0.480202 0.864978 0.145668  0.124494 0.489926 0
c_invasion_wrangler_laser
0  1.838972 17.631533 0.365794  -0.956940 0.000000 -0.290284  0.124112 0.489925 0
0  1.732274 18.168467 0.717531  -0.956940 0.000000 -0.290284  0.124339 0.502308 0
0  1.838972 18.168467 0.365794  -0.956940 0.000000 -0.290284  0.125070 0.489939 0
c_invasion_wrangler_laser
0  2.295037 17.900000 0.456511  0.480202 -0.864978 0.145668  0.124494 0.489926 0
0  1.732274 17.631533 0.717531  0.480202 -0.864978 0.145668  0.123872 0.502299 0
0  1.838972 17.631533 0.365794  0.480202 -0.864978 0.145668  0.124112 0.489925 0
c_invasion_wrangler_laser
0  1.875000 18.168467 -0.000000  0.499394 0.864978 0.049186  0.125322 0.477558 0
0  2.295037 17.900000 0.456511  0.499394 0.864978 0.049186  0.124494 0.489926 0
0  2.340000 17.900000 0.000000  0.499394 0.864978 0.049186  0.124768 0.477594 0
c_invasion_wrangler_laser
0  1.875000 17.631533 0.000000  -0.995185 0.000001 -0.098018  0.124955 0.477571 0
0  1.838972 18.168467 0.365794  -0.995185 0.000001 -0.098018  0.125070 0.489939 0
0  1.875000 18.168467 -0.000000  -0.995185 0.000001 -0.098018  0.125322 0.477558 0
c_invasion_wrangler_laser
0  2.340000 17.900000 0.000000  0.499394 -0.864978 0.049189  0.124768 0.477594 0
0  1.838972 17.631533 0.365794  0.499394 -0.864978 0.049189  0.124112 0.489925 0
0  1.875000 17.631533 0.000000  0.499394 -0.864978 0.049189  0.124955 0.477571 0
c_invasion_wrangler_laser
0  2.340000 22.299999 0.000000  0.499394 -0.864978 0.049188  0.039639 0.491571 0
0  1.838972 22.031532 0.365794  0.499394 -0.864978 0.049188  0.038619 0.504318 0
0  1.875000 22.031532 0.000000  0.499394 -0.864978 0.049188  0.039492 0.491585 0
c_invasion_wrangler_laser
0  1.875000 22.031532 0.000000  -0.995185 0.000001 -0.098017  0.039492 0.491585 0
0  1.838972 22.568466 0.365794  -0.995185 0.000001 -0.098017  0.039532 0.504349 0
0  1.875000 22.568466 -0.000000  -0.995185 0.000001 -0.098017  0.039564 0.491597 0
c_invasion_wrangler_laser
0  1.875000 22.568466 -0.000000  0.499394 0.864978 0.049190  0.039564 0.491597 0
0  2.295037 22.299999 0.456511  0.499394 0.864978 0.049190  0.039132 0.504308 0
0  2.340000 22.299999 0.000000  0.499394 0.864978 0.049190  0.039639 0.491571 0
c_invasion_wrangler_laser
0  2.295037 22.299999 0.456511  0.480202 -0.864978 0.145671  0.039132 0.504308 0
0  1.732274 22.031532 0.717531  0.480202 -0.864978 0.145671  0.038329 0.517087 0
0  1.838972 22.031532 0.365794  0.480202 -0.864978 0.145671  0.038619 0.504318 0
c_invasion_wrangler_laser
0  1.838972 22.031532 0.365794  -0.956940 0.000000 -0.290286  0.038619 0.504318 0
0  1.732274 22.568466 0.717531  -0.956940 0.000000 -0.290286  0.038846 0.517087 0
0  1.838972 22.568466 0.365794  -0.956940 0.000000 -0.290286  0.039532 0.504349 0
c_invasion_wrangler_laser
0  1.838972 22.568466 0.365794  0.480202 0.864978 0.145664  0.039532 0.504349 0
0  2.161878 22.299999 0.895479  0.480202 0.864978 0.145664  0.038705 0.517008 0
0  2.295037 22.299999 0.456511  0.480202 0.864978 0.145664  0.039132 0.504308 0
c_invasion_wrangler_laser
0  2.161878 22.299999 0.895479  0.442557 -0.864977 0.236556  0.038705 0.517008 0
0  1.559005 22.031532 1.041694  0.442557 -0.864977 0.236556  0.037918 0.529818 0
0  1.732274 22.031532 0.717531  0.442557 -0.864977 0.236556  0.038329 0.517087 0
c_invasion_wrangler_laser
0  1.732274 22.031532 0.717531  -0.881921 0.000000 -0.471397  0.038329 0.517087 0
0  1.559005 22.568466 1.041694  -0.881921 0.000000 -0.471397  0.038150 0.529799 0
0  1.732274 22.568466 0.717531  -0.881921 0.000000 -0.471397  0.038846 0.517087 0
c_invasion_wrangler_laser
0  1.732274 22.568466 0.717531  0.442557 0.864978 0.236551  0.038846 0.517087 0
0  1.945639 22.299999 1.300034  0.442557 0.864978 0.236551  0.038425 0.529766 0
0  2.161878 22.299999 0.895479  0.442557 0.864978 0.236551  0.038705 0.517008 0
c_invasion_wrangler_laser
0  1.945639 22.299999 1.300034  0.387904 -0.864978 0.318344  0.038425 0.529766 0
0  1.325825 22.031532 1.325825  0.387904 -0.864978 0.318344  0.037456 0.542553 0
0  1.559005 22.031532 1.041694  0.387904 -0.864978 0.318344  0.037918 0.529818 0
c_invasion_wrangler_laser
0  1.559005 22.031532 1.041694  -0.773011 0.000000 -0.634393  0.037918 0.529818 0
0  1.325825 22.568466 1.325825  -0.773011 0.000000 -0.634393  0.038103 0.542538 0
0  1.559005 22.568466 1.041694  -0.773011 0.000000 -0.634393  0.038150 0.529799 0
c_invasion_wrangler_laser
0  1.559005 22.568466 1.041694  0.387905 0.864979 0.318340  0.038150 0.529799 0
0  1.654629 22.299999 1.654630  0.387905 0.864979 0.318340  0.037464 0.542541 0
0  1.945639 22.299999 1.300034  0.387905 0.864979 0.318340  0.038425 0.529766 0
c_invasion_wrangler_laser
0  1.654629 22.299999 1.654630  0.318345 -0.864978 0.387904  0.037464 0.542541 0
0  1.041694 22.031532 1.559005  0.318345 -0.864978 0.387904  0.037034 0.555212 0
0  1.325825 22.031532 1.325825  0.318345 -0.864978 0.387904  0.037456 0.542553 0
c_invasion_wrangler_laser
0  1.325825 22.031532 1.325825  -0.634392 0.000000 -0.773012  0.037456 0.542553 0
0  1.041694 22.568468 1.559005  -0.634392 0.000000 -0.773012  0.037398 0.555191 0
0  1.325825 22.568466 1.325825  -0.634392 0.000000 -0.773012  0.038103 0.542538 0
c_invasion_wrangler_laser
0  1.325825 22.568466 1.325825  0.318345 0.864977 0.387906  0.038103 0.542538 0
0  1.300034 22.299999 1.945639  0.318345 0.864977 0.387906  0.037215 0.555450 0
0  1.654629 22.299999 1.654630  0.318345 0.864977 0.387906  0.037464 0.542541 0
c_invasion_wrangler_laser
0  1.300034 22.299999 1.945639  0.236551 -0.864976 0.442560  0.037215 0.555450 0
0  0.717532 22.031532 1.732274  0.236551 -0.864976 0.442560  0.036735 0.567658 0
0  1.041694 22.031532 1.559005  0.236551 -0.864976 0.442560  0.037034 0.555212 0
c_invasion_wrangler_laser
0  1.041694 22.031532 1.559005  -0.471397 0.000000 -0.881921  0.037034 0.555212 0
0  0.717532 22.568468 1.732274  -0.471397 0.000000 -0.881921  0.036575 0.567618 0
0  1.041694 22.568468 1.559005  -0.471397 0.000000 -0.881921  0.037398 0.555191 0
c_invasion_wrangler_laser
0  1.041694 22.568468 1.559005  0.236553 0.864977 0.442559  0.037398 0.555191 0
0  0.895480 22.299999 2.161878  0.236553 0.864977 0.442559  0.036955 0.568852 0
0  1.300034 22.299999 1.945639  0.236553 0.864977 0.442559  0.037215 0.555450 0
c_invasion_wrangler_laser
0  0.895480 22.299999 2.161878  0.145668 -0.864980 0.480199  0.036955 0.568852 0
0  0.365795 22.031532 1.838972  0.145668 -0.864980 0.480199  0.036934 0.579428 0
0  0.717532 22.031532 1.732274  0.145668 -0.864980 0.480199  0.036735 0.567658 0
c_invasion_wrangler_laser
0  0.717532 22.031532 1.732274  -0.290284 0.000000 -0.956941  0.036735 0.567658 0
0  0.365795 22.568468 1.838972  -0.290284 0.000000 -0.956941  0.036132 0.579451 0
0  0.717532 22.568468 1.732274  -0.290284 0.000000 -0.956941  0.036575 0.567618 0
c_invasion_wrangler_laser
0  0.717532 22.568468 1.732274  0.145669 0.864976 0.480205  0.036575 0.567618 0
0  0.456512 22.299999 2.295037  0.145669 0.864976 0.480205  0.035975 0.583759 0
0  0.895480 22.299999 2.161878  0.145669 0.864976 0.480205  0.036955 0.568852 0
c_invasion_wrangler_laser
0  0.456512 22.299999 2.295037  0.049186 -0.864978 0.499393  0.035975 0.583759 0
0  0.000000 22.031532 1.875000  0.049186 -0.864978 0.499393  0.037418 0.589070 0
0  0.365795 22.031532 1.838972  0.049186 -0.864978 0.499393  0.036934 0.579428 0
c_invasion_wrangler_laser
0  0.365795 22.031532 1.838972  -0.098017 0.000000 -0.995185  0.036934 0.579428 0
0  0.000000 22.568468 1.875000  -0.098017 0.000000 -0.995185  0.034776 0.588951 0
0  0.365795 22.568468 1.838972  -0.098017 0.000000 -0.995185  0.036132 0.579451 0
c_invasion_wrangler_laser
0  0.365795 22.568468 1.838972  0.049186 0.864974 0.499400  0.036132 0.579451 0
0  0.000000 22.299999 2.340000  0.049186 0.864974 0.499400  0.035429 0.603733 0
0  0.456512 22.299999 2.295037  0.049186 0.864974 0.499400  0.035975 0.583759 0
c_invasion_wrangler_laser
0  0.000000 22.299999 -2.340000  0.049185 -0.864982 -0.499387  0.044103 0.368364 0
0  0.365794 22.031530 -1.838972  0.049185 -0.864982 -0.499387  0.039874 0.404698 0
0  0.000000 22.031530 -1.875000  0.049185 -0.864982 -0.499387  0.034776 0.398072 0
c_invasion_wrangler_laser
0  0.000000 22.031530 -1.875000  -0.098017 0.000000 0.995185  0.034776 0.398072 0
0  0.365794 22.568466 -1.838972  -0.098017 0.000000 0.995185  0.045125 0.405080 0
0  0.000000 22.568466 -1.875000  -0.098017 0.000000 0.995185  0.050771 0.398838 0
c_invasion_wrangler_laser
0  0.000000 22.568466 -1.875000  0.049185 0.864977 -0.499395  0.050771 0.398838 0
0  0.456511 22.299999 -2.295038  0.049185 0.864977 -0.499395  0.043137 0.396621 0
0  0.000000 22.299999 -2.340000  0.049185 0.864977 -0.499395  0.044103 0.368364 0
c_invasion_wrangler_laser
0  0.456511 22.299999 -2.295038  0.145669 -0.864978 -0.480202  0.043137 0.396621 0
0  0.717532 22.031530 -1.732274  0.145669 -0.864978 -0.480202  0.041537 0.415814 0
0  0.365794 22.031530 -1.838972  0.145669 -0.864978 -0.480202  0.039874 0.404698 0
c_invasion_wrangler_laser
0  0.365794 22.031530 -1.838972  -0.290285 0.000000 0.956940  0.039874 0.404698 0
0  0.717532 22.568466 -1.732274  -0.290285 0.000000 0.956940  0.043396 0.415868 0
0  0.365794 22.568466 -1.838972  -0.290285 0.000000 0.956940  0.045125 0.405080 0
c_invasion_wrangler_laser
0  0.365794 22.568466 -1.838972  0.145668 0.864977 -0.480204  0.045125 0.405080 0
0  0.895480 22.299999 -2.161878  0.145668 0.864977 -0.480204  0.042179 0.413603 0
0  0.456511 22.299999 -2.295038  0.145668 0.864977 -0.480204  0.043137 0.396621 0
c_invasion_wrangler_laser
0  0.895480 22.299999 -2.161878  0.236553 -0.864978 -0.442556  0.042179 0.413603 0
0  1.041694 22.031530 -1.559005  0.236553 -0.864978 -0.442556  0.041387 0.428033 0
0  0.717532 22.031530 -1.732274  0.236553 -0.864978 -0.442556  0.041537 0.415814 0
c_invasion_wrangler_laser
0  0.717532 22.031530 -1.732274  -0.471398 0.000000 0.881920  0.041537 0.415814 0
0  1.041694 22.568466 -1.559005  -0.471398 0.000000 0.881920  0.042487 0.428060 0
0  0.717532 22.568466 -1.732274  -0.471398 0.000000 0.881920  0.043396 0.415868 0
c_invasion_wrangler_laser
0  0.717532 22.568466 -1.732274  0.236551 0.864977 -0.442559  0.043396 0.415868 0
0  1.300034 22.299999 -1.945639  0.236551 0.864977 -0.442559  0.041847 0.427508 0
0  0.895480 22.299999 -2.161878  0.236551 0.864977 -0.442559  0.042179 0.413603 0
c_invasion_wrangler_laser
0  1.300034 22.299999 -1.945639  0.318351 -0.864978 -0.387899  0.041847 0.427508 0
0  1.325824 22.031532 -1.325826  0.318351 -0.864978 -0.387899  0.040898 0.440637 0
0  1.041694 22.031530 -1.559005  0.318351 -0.864978 -0.387899  0.041387 0.428033 0
c_invasion_wrangler_laser
0  1.041694 22.031530 -1.559005  -0.634394 0.000000 0.773010  0.041387 0.428033 0
0  1.325824 22.568466 -1.325826  -0.634394 0.000000 0.773010  0.042012 0.440677 0
0  1.041694 22.568466 -1.559005  -0.634394 0.000000 0.773010  0.042487 0.428060 0
c_invasion_wrangler_laser
0  1.041694 22.568466 -1.559005  0.318345 0.864980 -0.387900  0.042487 0.428060 0
0  1.654629 22.299999 -1.654631  0.318345 0.864980 -0.387900  0.041406 0.440522 0
0  1.300034 22.299999 -1.945639  0.318345 0.864980 -0.387900  0.041847 0.427508 0
c_invasion_wrangler_laser
0  1.654629 22.299999 -1.654631  0.387904 -0.864977 -0.318348  0.041406 0.440522 0
0  1.559005 22.031532 -1.041694  0.387904 -0.864977 -0.318348  0.040937 0.453360 0
0  1.325824 22.031532 -1.325826  0.387904 -0.864977 -0.318348  0.040898 0.440637 0
c_invasion_wrangler_laser
0  1.325824 22.031532 -1.325826  -0.773012 0.000000 0.634392  0.040898 0.440637 0
0  1.559005 22.568466 -1.041694  -0.773012 0.000000 0.634392  0.041071 0.453375 0
0  1.325824 22.568466 -1.325826  -0.773012 0.000000 0.634392  0.042012 0.440677 0
c_invasion_wrangler_laser
0  1.325824 22.568466 -1.325826  0.387905 0.864978 -0.318343  0.042012 0.440677 0
0  1.945639 22.299999 -1.300034  0.387905 0.864978 -0.318343  0.040894 0.453345 0
0  1.654629 22.299999 -1.654631  0.387905 0.864978 -0.318343  0.041406 0.440522 0
c_invasion_wrangler_laser
0  1.945639 22.299999 -1.300034  0.442557 -0.864978 -0.236550  0.040894 0.453345 0
0  1.732274 22.031532 -0.717532  0.442557 -0.864978 -0.236550  0.040258 0.466067 0
0  1.559005 22.031532 -1.041694  0.442557 -0.864978 -0.236550  0.040937 0.453360 0
c_invasion_wrangler_laser
0  1.559005 22.031532 -1.041694  -0.881921 0.000000 0.471398  0.040937 0.453360 0
0  1.732274 22.568466 -0.717532  -0.881921 0.000000 0.471398  0.040956 0.466123 0
0  1.559005 22.568466 -1.041694  -0.881921 0.000000 0.471398  0.041071 0.453375 0
c_invasion_wrangler_laser
0  1.559005 22.568466 -1.041694  0.442556 0.864977 -0.236555  0.041071 0.453375 0
0  2.161877 22.299999 -0.895480  0.442556 0.864977 -0.236555  0.040253 0.466103 0
0  1.945639 22.299999 -1.300034  0.442556 0.864977 -0.236555  0.040894 0.453345 0
c_invasion_wrangler_laser
0  2.161877 22.299999 -0.895480  0.480203 -0.864978 -0.145663  0.040253 0.466103 0
0  1.838972 22.031532 -0.365794  0.480203 -0.864978 -0.145663  0.039584 0.478827 0
0  1.732274 22.031532 -0.717532  0.480203 -0.864978 -0.145663  0.040258 0.466067 0
c_invasion_wrangler_laser
0  1.732274 22.031532 -0.717532  -0.956940 0.000000 0.290285  0.040258 0.466067 0
0  1.838972 22.568466 -0.365794  -0.956940 0.000000 0.290285  0.040266 0.478883 0
0  1.732274 22.568466 -0.717532  -0.956940 0.000000 0.290285  0.040956 0.466123 0
c_invasion_wrangler_laser
0  1.732274 22.568466 -0.717532  0.480202 0.864977 -0.145671  0.040956 0.466123 0
0  2.295037 22.299999 -0.456511  0.480202 0.864977 -0.145671  0.040280 0.478833 0
0  2.161877 22.299999 -0.895480  0.480202 0.864977 -0.145671  0.040253 0.466103 0
c_invasion_wrangler_laser
0  2.295037 22.299999 -0.456511  0.499394 -0.864978 -0.049186  0.040280 0.478833 0
0  1.875000 22.031532 0.000000  0.499394 -0.864978 -0.049186  0.039492 0.491585 0
0  1.838972 22.031532 -0.365794  0.499394 -0.864978 -0.049186  0.039584 0.478827 0
c_invasion_wrangler_laser
0  1.838972 22.031532 -0.365794  -0.995185 0.000000 0.098017  0.039584 0.478827 0
0  1.875000 22.568466 -0.000000  -0.995185 0.000000 0.098017  0.039564 0.491597 0
0  1.838972 22.568466 -0.365794  -0.995185 0.000000 0.098017  0.040266 0.478883 0
c_invasion_wrangler_laser
0  1.838972 22.568466 -0.365794  0.499393 0.864978 -0.049182  0.040266 0.478883 0
0  2.340000 22.299999 0.000000  0.499393 0.864978 -0.049182  0.039639 0.491571 0
0  2.295037 22.299999 -0.456511  0.499393 0.864978 -0.049182  0.040280 0.478833 0
c_invasion_wrangler_laser
0  1.838972 17.068466 -0.365794  0.499393 0.864978 -0.049191  0.079182 0.467174 0
0  2.340000 16.799999 0.000000  0.499393 0.864978 -0.049191  0.078160 0.479824 0
0  2.295037 16.799999 -0.456511  0.499393 0.864978 -0.049191  0.078908 0.467202 0
c_invasion_wrangler_laser
0  1.838972 16.531532 -0.365794  -0.995185 0.000000 0.098017  0.078825 0.467230 0
0  1.875000 17.068466 -0.000000  -0.995185 0.000000 0.098017  0.078769 0.479795 0
0  1.838972 17.068466 -0.365794  -0.995185 0.000000 0.098017  0.079182 0.467174 0
c_invasion_wrangler_laser
0  2.295037 16.799999 -0.456511  0.499394 -0.864978 -0.049191  0.078908 0.467202 0
0  1.875000 16.531532 0.000000  0.499394 -0.864978 -0.049191  0.078534 0.479835 0
0  1.838972 16.531532 -0.365794  0.499394 -0.864978 -0.049191  0.078825 0.467230 0
c_invasion_wrangler_laser
0  1.732274 17.068466 -0.717532  0.480202 0.864978 -0.145666  0.079582 0.454568 0
0  2.295037 16.799999 -0.456511  0.480202 0.864978 -0.145666  0.078908 0.467202 0
0  2.161877 16.799999 -0.895480  0.480202 0.864978 -0.145666  0.079531 0.454580 0
c_invasion_wrangler_laser
0  1.732274 16.531532 -0.717532  -0.956940 0.000000 0.290285  0.079237 0.454622 0
0  1.838972 17.068466 -0.365794  -0.956940 0.000000 0.290285  0.079182 0.467174 0
0  1.732274 17.068466 -0.717532  -0.956940 0.000000 0.290285  0.079582 0.454568 0
c_invasion_wrangler_laser
0  2.161877 16.799999 -0.895480  0.480202 -0.864978 -0.145668  0.079531 0.454580 0
0  1.838972 16.531532 -0.365794  0.480202 -0.864978 -0.145668  0.078825 0.467230 0
0  1.732274 16.531532 -0.717532  0.480202 -0.864978 -0.145668  0.079237 0.454622 0
c_invasion_wrangler_laser
0  1.559005 17.068466 -1.041694  0.442557 0.864978 -0.236550  0.079836 0.441970 0
0  2.161877 16.799999 -0.895480  0.442557 0.864978 -0.236550  0.079531 0.454580 0
0  1.945639 16.799999 -1.300034  0.442557 0.864978 -0.236550  0.080311 0.441939 0
c_invasion_wrangler_laser
0  1.559005 16.531532 -1.041694  -0.881921 0.000000 0.471398  0.079656 0.442006 0
0  1.732274 17.068466 -0.717532  -0.881921 0.000000 0.471398  0.079582 0.454568 0
0  1.559005 17.068466 -1.041694  -0.881921 0.000000 0.471398  0.079836 0.441970 0
c_invasion_wrangler_laser
0  1.945639 16.799999 -1.300034  0.442557 -0.864978 -0.236552  0.080311 0.441939 0
0  1.732274 16.531532 -0.717532  0.442557 -0.864978 -0.236552  0.079237 0.454622 0
0  1.559005 16.531532 -1.041694  0.442557 -0.864978 -0.236552  0.079656 0.442006 0
c_invasion_wrangler_laser
0  1.325824 17.068466 -1.325826  0.387904 0.864977 -0.318346  0.080608 0.429397 0
0  1.945639 16.799999 -1.300034  0.387904 0.864977 -0.318346  0.080311 0.441939 0
0  1.654629 16.799999 -1.654631  0.387904 0.864977 -0.318346  0.080640 0.429269 0
c_invasion_wrangler_laser
0  1.325824 16.531532 -1.325826  -0.773009 0.000000 0.634394  0.079960 0.429403 0
0  1.559005 17.068466 -1.041694  -0.773009 0.000000 0.634394  0.079836 0.441970 0
0  1.325824 17.068466 -1.325826  -0.773009 0.000000 0.634394  0.080608 0.429397 0
c_invasion_wrangler_laser
0  1.654629 16.799999 -1.654631  0.387904 -0.864978 -0.318346  0.080640 0.429269 0
0  1.559005 16.531532 -1.041694  0.387904 -0.864978 -0.318346  0.079656 0.442006 0
0  1.325824 16.531532 -1.325826  0.387904 -0.864978 -0.318346  0.079960 0.429403 0
c_invasion_wrangler_laser
0  1.041694 17.068466 -1.559005  0.318344 0.864977 -0.387907  0.081336 0.416823 0
0  1.654629 16.799999 -1.654631  0.318344 0.864977 -0.387907  0.080640 0.429269 0
0  1.300034 16.799999 -1.945639  0.318344 0.864977 -0.387907  0.080319 0.416453 0
c_invasion_wrangler_laser
0  1.041694 16.531530 -1.559005  -0.634394 0.000000 0.773010  0.080883 0.416856 0
0  1.325824 17.068466 -1.325826  -0.634394 0.000000 0.773010  0.080608 0.429397 0
0  1.041694 17.068466 -1.559005  -0.634394 0.000000 0.773010  0.081336 0.416823 0
c_invasion_wrangler_laser
0  1.300034 16.799999 -1.945639  0.318350 -0.864976 -0.387904  0.080319 0.416453 0
0  1.325824 16.531532 -1.325826  0.318350 -0.864976 -0.387904  0.079960 0.429403 0
0  1.041694 16.531530 -1.559005  0.318350 -0.864976 -0.387904  0.080883 0.416856 0
c_invasion_wrangler_laser
0  0.717532 17.068466 -1.732274  0.236551 0.864978 -0.442556  0.081511 0.404445 0
0  1.300034 16.799999 -1.945639  0.236551 0.864978 -0.442556  0.080319 0.416453 0
0  0.895480 16.799999 -2.161878  0.236551 0.864978 -0.442556  0.081225 0.403252 0
c_invasion_wrangler_laser
0  0.717532 16.531530 -1.732274  -0.471398 0.000000 0.881920  0.081210 0.404489 0
0  1.041694 17.068466 -1.559005  -0.471398 0.000000 0.881920  0.081336 0.416823 0
0  0.717532 17.068466 -1.732274  -0.471398 0.000000 0.881920  0.081511 0.404445 0
c_invasion_wrangler_laser
0  0.895480 16.799999 -2.161878  0.236553 -0.864976 -0.442560  0.081225 0.403252 0
0  1.041694 16.531530 -1.559005  0.236553 -0.864976 -0.442560  0.080883 0.416856 0
0  0.717532 16.531530 -1.732274  0.236553 -0.864976 -0.442560  0.081210 0.404489 0
c_invasion_wrangler_laser
0  0.365794 17.068466 -1.838972  0.145668 0.864975 -0.480207  0.081455 0.392765 0
0  0.895480 16.799999 -2.161878  0.145668 0.864975 -0.480207  0.081225 0.403252 0
0  0.456511 16.799999 -2.295038  0.145668 0.864975 -0.480207  0.081891 0.388512 0
c_invasion_wrangler_laser
0  0.365794 16.531530 -1.838972  -0.290285 0.000000 0.956940  0.081799 0.392796 0
0  0.717532 17.068466 -1.732274  -0.290285 0.000000 0.956940  0.081511 0.404445 0
0  0.365794 17.068466 -1.838972  -0.290285 0.000000 0.956940  0.081455 0.392765 0
c_invasion_wrangler_laser
0  0.456511 16.799999 -2.295038  0.145669 -0.864978 -0.480202  0.081891 0.388512 0
0  0.717532 16.531530 -1.732274  0.145669 -0.864978 -0.480202  0.081210 0.404489 0
0  0.365794 16.531530 -1.838972  0.145669 -0.864978 -0.480202  0.081799 0.392796 0
c_invasion_wrangler_laser
0  0.000000 17.068466 -1.875000  0.049185 0.864979 -0.499393  0.079948 0.383488 0
0  0.456511 16.799999 -2.295038  0.049185 0.864979 -0.499393  0.081891 0.388512 0
0  0.000000 16.799999 -2.340000  0.049185 0.864979 -0.499393  0.082676 0.368364 0
c_invasion_wrangler_laser
0  0.000000 16.531530 -1.875000  -0.098017 0.000000 0.995185  0.083112 0.383424 0
0  0.365794 17.068466 -1.838972  -0.098017 0.000000 0.995185  0.081455 0.392765 0
0  0.000000 17.068466 -1.875000  -0.098017 0.000000 0.995185  0.079948 0.383488 0
c_invasion_wrangler_laser
0  0.000000 16.799999 -2.340000  0.049185 -0.864978 -0.499394  0.082676 0.368364 0
0  0.365794 16.531530 -1.838972  0.049185 -0.864978 -0.499394  0.081799 0.392796 0
0  0.000000 16.531530 -1.875000  0.049185 -0.864978 -0.499394  0.083112 0.383424 0
gold_player
0  3.704999 28.679157 -0.000569  0.125847 0.992050 0.000000  0.000000 0.000000 0
0  1.804105 28.920296 -1.042169  0.125847 0.992050 0.000000  0.000000 0.000000 0
0  1.852500 28.914156 1.068972  0.125847 0.992050 0.000000  0.000000 0.000000 0
gold_player
0  1.852500 28.914156 1.068972  0.062923 0.992050 0.108986  0.000000 0.000000 0
0  0.000000 28.914156 2.138515  0.062923 0.992050 0.108986  0.000000 0.000000 0
0  1.852499 28.679157 3.208056  0.062923 0.992050 0.108986  0.000000 0.000000 0
gold_player
0  1.804105 28.920296 -1.042169  0.062923 0.992050 -0.108984  0.000000 0.000000 0
0  1.852501 28.679157 -3.209193  0.062923 0.992050 -0.108984  0.000000 0.000000 0
0  0.000000 28.914156 -2.139653  0.062923 0.992050 -0.108984  0.000000 0.000000 0
c_invasion_wrangler_laser
0  0.000000 29.377851 6.651644  0.000000 0.831469 -0.555571  0.131262 0.492628 0
0  0.541266 28.857004 5.872141  0.000000 0.831469 -0.555571  0.131051 0.470775 0
0  -0.541265 28.857004 5.872141  0.000000 0.831469 -0.555571  0.131202 0.492616 0
c_invasion_wrangler_laser
0  0.000000 29.377851 -6.651643  0.000000 0.831469 0.555571  0.163026 0.503086 0
0  -0.541266 28.857004 -5.872140  0.000000 0.831469 0.555571  0.162690 0.489168 0
0  0.541265 28.857004 -5.872140  0.000000 0.831469 0.555571  0.162848 0.503486 0
c_invasion_wrangler_laser
0  5.887509 28.857004 0.541266  -0.555570 0.831470 0.000000  0.162544 0.501088 0
0  6.667012 29.377851 0.000000  -0.555570 0.831470 0.000000  0.162567 0.498793 0
0  5.887509 28.857004 -0.541266  -0.555570 0.831470 0.000000  0.162567 0.489168 0
c_invasion_wrangler_laser
0  0.365795 17.068468 1.838972  0.049186 0.864976 0.499397  0.078121 0.565909 0
0  0.000000 16.799999 2.340000  0.049186 0.864976 0.499397  0.073927 0.601972 0
0  0.456512 16.799999 2.295037  0.049186 0.864976 0.499397  0.074976 0.573883 0
c_invasion_wrangler_laser
0  0.365795 16.531532 1.838972  -0.098017 0.000000 -0.995185  0.072452 0.565700 0
0  0.000000 17.068468 1.875000  -0.098017 0.000000 -0.995185  0.083112 0.572434 0
0  0.365795 17.068468 1.838972  -0.098017 0.000000 -0.995185  0.078121 0.565909 0
c_invasion_wrangler_laser
0  0.456512 16.799999 2.295037  0.049186 -0.864978 0.499393  0.074976 0.573883 0
0  0.000000 16.531532 1.875000  0.049186 -0.864978 0.499393  0.066985 0.571830 0
0  0.365795 16.531532 1.838972  0.049186 -0.864978 0.499393  0.072452 0.565700 0
c_invasion_wrangler_laser
0  0.717532 17.068468 1.732274  0.145668 0.864975 0.480208  0.076710 0.554907 0
0  0.456512 16.799999 2.295037  0.145668 0.864975 0.480208  0.074976 0.573883 0
0  0.895480 16.799999 2.161878  0.145668 0.864975 0.480208  0.075591 0.557090 0
c_invasion_wrangler_laser
0  0.717532 16.531532 1.732274  -0.290284 0.000000 -0.956941  0.074695 0.554838 0
0  0.365795 17.068468 1.838972  -0.290284 0.000000 -0.956941  0.078121 0.565909 0
0  0.717532 17.068468 1.732274  -0.290284 0.000000 -0.956941  0.076710 0.554907 0
c_invasion_wrangler_laser
0  0.895480 16.799999 2.161878  0.145668 -0.864980 0.480199  0.075591 0.557090 0
0  0.365795 16.531532 1.838972  0.145668 -0.864980 0.480199  0.072452 0.565700 0
0  0.717532 16.531532 1.732274  0.145668 -0.864980 0.480199  0.074695 0.554838 0
c_invasion_wrangler_laser
0  1.041694 17.068468 1.559005  0.236552 0.864975 0.442562  0.076401 0.542723 0
0  0.895480 16.799999 2.161878  0.236552 0.864975 0.442562  0.075591 0.557090 0
0  1.300034 16.799999 1.945639  0.236552 0.864975 0.442562  0.076055 0.543324 0
c_invasion_wrangler_laser
0  1.041694 16.531532 1.559005  -0.471395 0.000000 -0.881922  0.075960 0.542719 0
0  0.717532 17.068468 1.732274  -0.471395 0.000000 -0.881922  0.076710 0.554907 0
0  1.041694 17.068468 1.559005  -0.471395 0.000000 -0.881922  0.076401 0.542723 0
c_invasion_wrangler_laser
0  1.300034 16.799999 1.945639  0.236552 -0.864980 0.442552  0.076055 0.543324 0
0  0.717532 16.531532 1.732274  0.236552 -0.864980 0.442552  0.074695 0.554838 0
0  1.041694 16.531532 1.559005  0.236552 -0.864980 0.442552  0.075960 0.542719 0
c_invasion_wrangler_laser
0  1.325825 17.068466 1.325825  0.318345 0.864978 0.387903  0.077124 0.530255 0
0  1.300034 16.799999 1.945639  0.318345 0.864978 0.387903  0.076055 0.543324 0
0  1.654629 16.799999 1.654630  0.318345 0.864978 0.387903  0.076366 0.530378 0
c_invasion_wrangler_laser
0  1.325825 16.531532 1.325825  -0.634392 0.000000 -0.773012  0.076318 0.530256 0
0  1.041694 17.068468 1.559005  -0.634392 0.000000 -0.773012  0.076401 0.542723 0
0  1.325825 17.068466 1.325825  -0.634392 0.000000 -0.773012  0.077124 0.530255 0
c_invasion_wrangler_laser
0  1.654629 16.799999 1.654630  0.318345 -0.864978 0.387904  0.076366 0.530378 0
0  1.041694 16.531532 1.559005  0.318345 -0.864978 0.387904  0.075960 0.542719 0
0  1.325825 16.531532 1.325825  0.318345 -0.864978 0.387904  0.076318 0.530256 0
c_invasion_wrangler_laser
0  1.559005 17.068466 1.041694  0.387905 0.864978 0.318344  0.077339 0.517633 0
0  1.654629 16.799999 1.654630  0.387905 0.864978 0.318344  0.076366 0.530378 0
0  1.945639 16.799999 1.300034  0.387905 0.864978 0.318344  0.077320 0.517725 0
c_invasion_wrangler_laser
0  1.559005 16.531532 1.041694  -0.773011 0.000000 -0.634393  0.076629 0.517644 0
0  1.325825 17.068466 1.325825  -0.773011 0.000000 -0.634393  0.077124 0.530255 0
0  1.559005 17.068466 1.041694  -0.773011 0.000000 -0.634393  0.077339 0.517633 0
c_invasion_wrangler_laser
0  1.945639 16.799999 1.300034  0.387904 -0.864977 0.318349  0.077320 0.517725 0
0  1.325825 16.531532 1.325825  0.387904 -0.864977 0.318349  0.076318 0.530256 0
0  1.559005 16.531532 1.041694  0.387904 -0.864977 0.318349  0.076629 0.517644 0
c_invasion_wrangler_laser
0  1.732274 17.068466 0.717531  0.442557 0.864978 0.236551  0.077567 0.505029 0
0  1.945639 16.799999 1.300034  0.442557 0.864978 0.236551  0.077320 0.517725 0
0  2.161878 16.799999 0.895479  0.442557 0.864978 0.236551  0.077601 0.505070 0
c_invasion_wrangler_laser
0  1.732274 16.531532 0.717531  -0.881921 0.000000 -0.471397  0.077509 0.505052 0
0  1.559005 17.068466 1.041694  -0.881921 0.000000 -0.471397  0.077339 0.517633 0
0  1.732274 17.068466 0.717531  -0.881921 0.000000 -0.471397  0.077567 0.505029 0
c_invasion_wrangler_laser
0  2.161878 16.799999 0.895479  0.442557 -0.864978 0.236552  0.077601 0.505070 0
0  1.559005 16.531532 1.041694  0.442557 -0.864978 0.236552  0.076629 0.517644 0
0  1.732274 16.531532 0.717531  0.442557 -0.864978 0.236552  0.077509 0.505052 0
c_invasion_wrangler_laser
0  1.838972 17.068466 0.365794  0.480202 0.864978 0.145670  0.078474 0.492425 0
0  2.161878 16.799999 0.895479  0.480202 0.864978 0.145670  0.077601 0.505070 0
0  2.295037 16.799999 0.456511  0.480202 0.864978 0.145670  0.077955 0.492440 0
c_invasion_wrangler_laser
0  1.838972 16.531532 0.365794  -0.956940 0.000000 -0.290284  0.077648 0.492435 0
0  1.732274 17.068466 0.717531  -0.956940 0.000000 -0.290284  0.077567 0.505029 0
0  1.838972 17.068466 0.365794  -0.956940 0.000000 -0.290284  0.078474 0.492425 0
c_invasion_wrangler_laser
0  2.295037 16.799999 0.456511  0.480202 -0.864979 0.145662  0.077955 0.492440 0
0  1.732274 16.531532 0.717531  0.480202 -0.864979 0.145662  0.077509 0.505052 0
0  1.838972 16.531532 0.365794  0.480202 -0.864979 0.145662  0.077648 0.492435 0
c_invasion_wrangler_laser
0  1.875000 17.068466 -0.000000  0.499394 0.864978 0.049187  0.078769 0.479795 0
0  2.295037 16.799999 0.456511  0.499394 0.864978 0.049187  0.077955 0.492440 0
0  2.340000 16.799999 0.000000  0.499394 0.864978 0.049187  0.078160 0.479824 0
c_invasion_wrangler_laser
0  1.875000 16.531532 0.000000  -0.995185 0.000001 -0.098017  0.078534 0.479835 0
0  1.838972 17.068466 0.365794  -0.995185 0.000001 -0.098017  0.078474 0.492425 0
0  1.875000 17.068466 -0.000000  -0.995185 0.000001 -0.098017  0.078769 0.479795 0
c_invasion_wrangler_laser
0  2.340000 16.799999 0.000000  0.499394 -0.864978 0.049184  0.078160 0.479824 0
0  1.838972 16.531532 0.365794  0.499394 -0.864978 0.049184  0.077648 0.492435 0
0  1.875000 16.531532 0.000000  0.499394 -0.864978 0.049184  0.078534 0.479835 0
gold_player
0  1.170000 16.625002 0.000000  0.875255 0.476735 -0.081558  0.000000 0.000000 0
0  1.147519 16.625002 -0.228256  0.875812 0.476840 -0.074683  0.000000 0.000000 0
0  0.011947 17.625004 -0.000000  0.876214 0.477002 -0.068687  0.000000 0.000000 0
gold_player
0  0.827315 16.625002 -0.827315  0.678508 0.274911 -0.681213  0.000000 0.000000 0
0  0.650017 16.625002 -0.972820  0.667294 0.273287 -0.692844  0.000000 0.000000 0
0  0.011947 17.625004 -0.000000  0.773317 0.307691 -0.554352  0.000000 0.000000 0
gold_player
0  0.228256 16.625002 -1.147519  0.268285 0.000559 -0.963339  0.000000 0.000000 0
0  0.000000 17.625002 0.000000  0.127410 0.013148 -0.991763  0.000000 0.000000 0
0  0.011947 17.625004 -0.000000  0.448976 0.051043 -0.892085  0.000000 0.000000 0
gold_player
0  0.972819 16.625002 -0.650017  0.766024 0.348676 -0.540029  0.000000 0.000000 0
0  0.827315 16.625002 -0.827315  0.761497 0.347960 -0.546851  0.000000 0.000000 0
0  0.011947 17.625004 -0.000000  0.822202 0.370225 -0.432340  0.000000 0.000000 0
gold_player
0  1.080939 16.625002 -0.447740  0.824462 0.409943 -0.390140  0.000000 0.000000 0
0  0.972819 16.625002 -0.650017  0.824058 0.409874 -0.391065  0.000000 0.000000 0
0  0.011947 17.625004 -0.000000  0.851585 0.420985 -0.312371  0.000000 0.000000 0
gold_player
0  0.228256 16.625002 1.147519  0.381173 0.111956 0.917700  0.000000 0.000000 0
0  0.447739 16.625002 1.080939  0.407062 0.115020 0.906130  0.000000 0.000000 0
0  0.011947 17.625004 -0.000000  0.586225 0.162994 0.793582  0.000000 0.000000 0
gold_player
0  1.147519 16.625002 -0.228256  0.858959 0.454093 -0.236621  0.000000 0.000000 0
0  1.080939 16.625002 -0.447740  0.859991 0.454278 -0.232479  0.000000 0.000000 0
0  0.011947 17.625004 -0.000000  0.867961 0.457615 -0.192957  0.000000 0.000000 0
gold_player
0  1.080939 16.625002 0.447740  0.860008 0.454282 0.232409  0.000000 0.000000 0
0  1.147519 16.625002 0.228256  0.858963 0.454094 0.236604  0.000000 0.000000 0
0  0.011947 17.625004 -0.000000  0.867959 0.457613 0.192970  0.000000 0.000000 0
gold_player
0  0.447739 16.625002 -1.080939  0.407035 0.115017 -0.906142  0.000000 0.000000 0
0  0.228256 16.625002 -1.147519  0.381145 0.111953 -0.917712  0.000000 0.000000 0
0  0.011947 17.625004 -0.000000  0.586243 0.163002 -0.793568  0.000000 0.000000 0
gold_player
0  0.000000 16.625002 1.170000  0.127811 0.016765 0.991657  0.000000 0.000000 0
0  0.011947 17.625004 -0.000000  0.448875 0.051088 0.892133  0.000000 0.000000 0
0  0.000000 17.625002 0.000000  0.127385 0.013196 0.991766  0.000000 0.000000 0
gold_player
0  0.827315 16.625002 0.827315  0.761548 0.347968 0.546775  0.000000 0.000000 0
0  0.972819 16.625002 0.650017  0.766036 0.348678 0.540012  0.000000 0.000000 0
0  0.011947 17.625004 -0.000000  0.822228 0.370243 0.432275  0.000000 0.000000 0
gold_player
0  0.447739 16.625002 1.080939  0.539620 0.191972 0.819730  0.000000 0.000000 0
0  0.650017 16.625002 0.972820  0.558658 0.194465 0.806278  0.000000 0.000000 0
0  0.011947 17.625004 -0.000000  0.697142 0.236735 0.676720  0.000000 0.000000 0
gold_player
0  0.650017 16.625002 -0.972820  0.558636 0.194462 -0.806295  0.000000 0.000000 0
0  0.447739 16.625002 -1.080939  0.539597 0.191969 -0.819745  0.000000 0.000000 0
0  0.011947 17.625004 -0.000000  0.697085 0.236705 -0.676789  0.000000 0.000000 0
gold_player
0  0.972819 16.625002 0.650017  0.824090 0.409879 0.390992  0.000000 0.000000 0
0  1.080939 16.625002 0.447740  0.824445 0.409940 0.390180  0.000000 0.000000 0
0  0.011947 17.625004 -0.000000  0.851601 0.420997 0.312311  0.000000 0.000000 0
gold_player
0  0.650017 16.625002 0.972820  0.667312 0.273290 0.692826  0.000000 0.000000 0
0  0.827315 16.625002 0.827315  0.678469 0.274904 0.681254  0.000000 0.000000 0
0  0.011947 17.625004 -0.000000  0.773358 0.307715 0.554283  0.000000 0.000000 0
gold_player
0  1.147519 16.625002 0.228256  0.875813 0.476840 0.074668  0.000000 0.000000 0
0  1.170000 16.625002 0.000000  0.875252 0.476735 0.081594  0.000000 0.000000 0
0  0.011947 17.625004 -0.000000  0.876203 0.476996 0.068866  0.000000 0.000000 0
c_invasion_wrangler_laser
0  7.539999 26.499998 0.000000  0.499394 0.049186 0.864977  0.154661 0.489168 0
0  6.520981 27.327669 0.541266  0.499394 0.049186 0.864977  0.154878 0.491463 0
0  6.602499 26.499998 0.541266  0.499394 0.049186 0.864977  0.154685 0.491463 0
c_invasion_wrangler_laser
0  6.602499 26.499998 0.541266  -0.995185 -0.098017 0.000000  0.150834 0.489168 0
0  6.520981 27.327669 -0.541266  -0.995185 -0.098017 0.000000  0.151049 0.491463 0
0  6.602499 26.499998 -0.541266  -0.995185 -0.098017 0.000000  0.150834 0.491463 0
c_invasion_wrangler_laser
0  6.602499 26.499998 -0.541266  0.499393 0.049186 -0.864978  0.154326 0.489168 0
0  7.440467 27.510567 0.000000  0.499393 0.049186 -0.864978  0.154538 0.491463 0
0  7.539999 26.499998 0.000000  0.499393 0.049186 -0.864978  0.154302 0.491463 0
c_invasion_wrangler_laser
0  7.440467 27.510567 0.000000  0.480205 0.145668 0.864976  0.155021 0.489168 0
0  6.279558 28.123531 0.541266  0.480205 0.145668 0.864976  0.155238 0.491463 0
0  6.520981 27.327669 0.541266  0.480205 0.145668 0.864976  0.155045 0.491463 0
c_invasion_wrangler_laser
0  6.520981 27.327669 0.541266  -0.956940 -0.290285 0.000000  0.149818 0.489168 0
0  6.279558 28.123531 -0.541266  -0.956940 -0.290285 0.000000  0.150034 0.491463 0
0  6.520981 27.327669 -0.541266  -0.956940 -0.290285 0.000000  0.149818 0.491463 0
c_invasion_wrangler_laser
0  6.520981 27.327669 -0.541266  0.480203 0.145668 -0.864977  0.155404 0.489168 0
0  7.145696 28.482298 0.000000  0.480203 0.145668 -0.864977  0.155617 0.491463 0
0  7.440467 27.510567 0.000000  0.480203 0.145668 -0.864977  0.155380 0.491463 0
c_invasion_wrangler_laser
0  7.145696 28.482298 0.000000  0.442559 0.236552 0.864977  0.162330 0.498793 0
0  5.887509 28.857004 0.541266  0.442559 0.236552 0.864977  0.162544 0.501088 0
0  6.279558 28.123531 0.541266  0.442559 0.236552 0.864977  0.162350 0.501088 0
c_invasion_wrangler_laser
0  6.279558 28.123531 0.541266  -0.881922 -0.471396 0.000000  0.151849 0.489168 0
0  5.887509 28.857004 -0.541266  -0.881922 -0.471396 0.000000  0.152065 0.491463 0
0  6.279558 28.123531 -0.541266  -0.881922 -0.471396 0.000000  0.151849 0.491463 0
c_invasion_wrangler_laser
0  6.279558 28.123531 -0.541266  0.442557 0.236552 -0.864977  0.156484 0.489168 0
0  6.667012 29.377851 0.000000  0.442557 0.236552 -0.864977  0.156696 0.491463 0
0  7.145696 28.482298 0.000000  0.442557 0.236552 -0.864977  0.156460 0.491463 0
c_invasion_wrangler_laser
0  0.541266 22.339016 -3.172300  0.000000 0.956939 0.290289  0.148140 0.489171 0
0  -0.541265 22.580441 -3.968166  0.000000 0.956939 0.290289  0.147872 0.490855 0
0  -0.541265 22.339016 -3.172300  0.000000 0.956939 0.290289  0.147872 0.489168 0
c_invasion_wrangler_laser
0  0.541266 22.257498 -2.344631  0.000000 0.995185 0.098016  0.161868 0.489200 0
0  -0.541265 22.339016 -3.172300  0.000000 0.995185 0.098016  0.161392 0.490911 0
0  -0.541265 22.257498 -2.344631  0.000000 0.995185 0.098016  0.161592 0.489168 0
c_invasion_wrangler_laser
0  -0.541265 22.257498 -2.344631  -0.864977 -0.499395 -0.049184  0.160811 0.490199 0
0  0.000000 21.419529 -3.355197  -0.864977 -0.499395 -0.049184  0.160886 0.490758 0
0  0.000000 21.319998 -2.344631  -0.864977 -0.499395 -0.049184  0.160811 0.492017 0
c_invasion_wrangler_laser
0  -0.541265 22.339016 -3.172300  -0.864977 -0.480203 -0.145669  0.161195 0.490442 0
0  0.000000 21.714302 -4.326933  -0.864977 -0.480203 -0.145669  0.161269 0.490601 0
0  0.000000 21.419529 -3.355197  -0.864977 -0.480203 -0.145669  0.161195 0.492156 0
c_invasion_wrangler_laser
0  0.000000 21.319998 -2.344631  0.864977 -0.499395 -0.049186  0.160441 0.490062 0
0  0.541266 22.339016 -3.172300  0.864977 -0.499395 -0.049186  0.160517 0.490956 0
0  0.541266 22.257498 -2.344631  0.864977 -0.499395 -0.049186  0.160454 0.491688 0
c_invasion_wrangler_laser
0  0.000000 21.419529 -3.355197  0.864977 -0.480203 -0.145668  0.149121 0.489681 0
0  0.541266 22.580441 -3.968166  0.864977 -0.480203 -0.145668  0.149199 0.490797 0
0  0.541266 22.339016 -3.172300  0.864977 -0.480203 -0.145668  0.149135 0.491218 0
c_invasion_wrangler_laser
0  -0.541266 28.123531 -6.264189  -0.864977 0.236552 -0.442559  0.147896 0.490982 0
0  0.000000 29.377851 -6.651643  -0.864977 0.236552 -0.442559  0.147872 0.492547 0
0  0.000000 28.482298 -7.130326  -0.864977 0.236552 -0.442559  0.147872 0.491246 0
c_invasion_wrangler_laser
0  0.000000 28.482298 -7.130326  0.864977 0.236552 -0.442559  0.162834 0.503346 0
0  0.541265 28.857004 -5.872140  0.864977 0.236552 -0.442559  0.162848 0.503486 0
0  0.541265 28.123531 -6.264189  0.864977 0.236552 -0.442559  0.162690 0.503699 0
c_invasion_wrangler_laser
0  0.541265 28.123531 -6.264189  0.000000 -0.471395 0.881922  0.151002 0.492460 0
0  -0.541266 28.857004 -5.872140  0.000000 -0.471395 0.881922  0.151132 0.491586 0
0  -0.541266 28.123531 -6.264189  0.000000 -0.471395 0.881922  0.151132 0.492434 0
c_invasion_wrangler_laser
0  -0.541266 27.327669 -6.505611  -0.864976 0.145668 -0.480205  0.150509 0.491586 0
0  0.000000 28.482298 -7.130326  -0.864976 0.145668 -0.480205  0.150495 0.492515 0
0  0.000000 27.510567 -7.425097  -0.864976 0.145668 -0.480205  0.150495 0.491654 0
c_invasion_wrangler_laser
0  0.000000 27.510567 -7.425097  0.864976 0.145668 -0.480205  0.153598 0.491884 0
0  0.541265 28.123531 -6.264189  0.864976 0.145668 -0.480205  0.153637 0.491783 0
0  0.541265 27.327669 -6.505611  0.864976 0.145668 -0.480205  0.153637 0.492026 0
c_invasion_wrangler_laser
0  0.541265 27.327669 -6.505611  0.000000 -0.290284 0.956940  0.151989 0.492164 0
0  -0.541266 28.123531 -6.264189  0.000000 -0.290284 0.956940  0.152065 0.491586 0
0  -0.541266 27.327669 -6.505611  0.000000 -0.290284 0.956940  0.152065 0.492135 0
c_invasion_wrangler_laser
0  -0.541266 26.499998 -6.587130  -0.864976 0.049186 -0.499397  0.154432 0.491602 0
0  0.000000 27.510567 -7.425097  -0.864976 0.049186 -0.499397  0.154429 0.491957 0
0  0.000000 26.499998 -7.524630  -0.864976 0.049186 -0.499397  0.154429 0.491586 0
c_invasion_wrangler_laser
0  0.000000 26.499998 -7.524630  0.864977 0.049186 -0.499395  0.155971 0.491832 0
0  0.541265 27.327669 -6.505611  0.864977 0.049186 -0.499395  0.155976 0.491645 0
0  0.541265 26.499998 -6.587130  0.864977 0.049186 -0.499395  0.155976 0.491847 0
c_invasion_wrangler_laser
0  0.541265 26.499998 -6.587130  0.000000 -0.098017 0.995185  0.154870 0.491882 0
0  -0.541266 27.327669 -6.505611  0.000000 -0.098017 0.995185  0.154887 0.491586 0
0  -0.541266 26.499998 -6.587130  0.000000 -0.098017 0.995185  0.154887 0.491861 0
c_invasion_wrangler_laser
0  0.541266 22.972488 -4.701637  0.000000 0.773011 0.634393  0.148839 0.491230 0
0  -0.541266 23.500095 -5.344530  0.000000 0.773011 0.634393  0.148623 0.492582 0
0  -0.541265 22.972488 -4.701637  0.000000 0.773011 0.634393  0.148623 0.491216 0
c_invasion_wrangler_laser
0  0.000000 21.714302 -4.326933  0.864978 -0.442558 -0.236551  0.148019 0.491151 0
0  0.541266 22.972488 -4.701637  0.864978 -0.442558 -0.236551  0.148098 0.492348 0
0  0.541266 22.580441 -3.968166  0.864978 -0.442558 -0.236551  0.148033 0.492487 0
c_invasion_wrangler_laser
0  -0.541265 22.972488 -4.701637  -0.864978 -0.387905 -0.318344  0.160640 0.490607 0
0  0.000000 22.837183 -6.007442  -0.864978 -0.387905 -0.318344  0.160687 0.490034 0
0  0.000000 22.192986 -5.222485  -0.864978 -0.387905 -0.318344  0.160687 0.491791 0
c_invasion_wrangler_laser
0  -0.541265 22.580441 -3.968166  -0.864978 -0.442557 -0.236552  0.161009 0.490588 0
0  0.000000 22.192986 -5.222485  -0.864978 -0.442557 -0.236552  0.161071 0.490345 0
0  0.000000 21.714302 -4.326933  -0.864978 -0.442557 -0.236552  0.161071 0.492079 0
c_invasion_wrangler_laser
0  0.541266 22.580441 -3.968166  0.000000 0.881922 0.471396  0.147598 0.490930 0
0  -0.541265 22.972488 -4.701637  0.000000 0.881922 0.471396  0.147351 0.492478 0
0  -0.541265 22.580441 -3.968166  0.000000 0.881922 0.471396  0.147351 0.490923 0
c_invasion_wrangler_laser
0  0.000000 22.192986 -5.222485  0.864978 -0.387905 -0.318344  0.149818 0.491586 0
0  0.541266 23.500095 -5.344530  0.864978 -0.387905 -0.318344  0.149882 0.492720 0
0  0.541266 22.972488 -4.701637  0.864978 -0.387905 -0.318344  0.149818 0.492641 0
c_invasion_wrangler_laser
0  -0.541266 24.142992 -5.872141  -0.864977 -0.236552 -0.442558  0.147721 0.491988 0
0  0.000000 24.517696 -7.130325  -0.864977 -0.236552 -0.442558  0.147745 0.491187 0
0  0.000000 23.622145 -6.651644  -0.864977 -0.236552 -0.442558  0.147745 0.492488 0
c_invasion_wrangler_laser
0  0.541266 23.500095 -5.344530  0.000000 0.634392 0.773011  0.149656 0.491607 0
0  -0.541266 24.142992 -5.872141  0.000000 0.634392 0.773011  0.149480 0.492712 0
0  -0.541266 23.500095 -5.344530  0.000000 0.634392 0.773011  0.149480 0.491586 0
c_invasion_wrangler_laser
0  0.000000 24.517696 -7.130325  0.864976 -0.145668 -0.480205  0.153409 0.491586 0
0  0.541266 25.672329 -6.505611  0.864976 -0.145668 -0.480205  0.153370 0.492027 0
0  0.541266 24.876463 -6.264189  0.864976 -0.145668 -0.480205  0.153370 0.491783 0
c_invasion_wrangler_laser
0  0.541266 24.142992 -5.872141  0.000000 0.471396 0.881922  0.151385 0.491612 0
0  -0.541266 24.876463 -6.264189  0.000000 0.471396 0.881922  0.151255 0.492434 0
0  -0.541266 24.142992 -5.872141  0.000000 0.471396 0.881922  0.151255 0.491586 0
c_invasion_wrangler_laser
0  -0.541266 23.500095 -5.344530  -0.864978 -0.318346 -0.387902  0.149322 0.490487 0
0  0.000000 23.622145 -6.651644  -0.864978 -0.318346 -0.387902  0.149357 0.489713 0
0  0.000000 22.837183 -6.007442  -0.864978 -0.318346 -0.387902  0.149357 0.491323 0
c_invasion_wrangler_laser
0  0.000000 23.622145 -6.651644  0.864977 -0.236552 -0.442559  0.151702 0.491586 0
0  0.541266 24.876463 -6.264189  0.864977 -0.236552 -0.442559  0.151758 0.492283 0
0  0.541266 24.142992 -5.872141  0.864977 -0.236552 -0.442559  0.151702 0.492025 0
c_invasion_wrangler_laser
0  0.541266 24.876463 -6.264189  0.000000 0.290284 0.956940  0.152458 0.491615 0
0  -0.541266 25.672329 -6.505611  0.000000 0.290284 0.956940  0.152382 0.492135 0
0  -0.541266 24.876463 -6.264189  0.000000 0.290284 0.956940  0.152382 0.491586 0
c_invasion_wrangler_laser
0  0.000000 22.837183 -6.007442  0.864978 -0.318346 -0.387904  0.150208 0.491586 0
0  0.541266 24.142992 -5.872141  0.864978 -0.318346 -0.387904  0.150269 0.492537 0
0  0.541266 23.500095 -5.344530  0.864978 -0.318346 -0.387904  0.150208 0.492325 0
c_invasion_wrangler_laser
0  -0.541266 24.876463 -6.264189  -0.864976 -0.145668 -0.480205  0.149322 0.492152 0
0  0.000000 25.489431 -7.425098  -0.864976 -0.145668 -0.480205  0.149336 0.491515 0
0  0.000000 24.517696 -7.130325  -0.864976 -0.145668 -0.480205  0.149336 0.492376 0
c_invasion_wrangler_laser
0  -0.541266 25.672329 -6.505611  -0.864977 -0.049186 -0.499394  0.154302 0.491906 0
0  0.000000 26.499998 -7.524630  -0.864977 -0.049186 -0.499394  0.154305 0.491586 0
0  0.000000 25.489431 -7.425098  -0.864977 -0.049186 -0.499394  0.154305 0.491958 0
c_invasion_wrangler_laser
0  0.000000 25.489431 -7.425098  0.864976 -0.049185 -0.499396  0.156105 0.491586 0
0  0.541265 26.499998 -6.587130  0.864976 -0.049185 -0.499396  0.156100 0.491847 0
0  0.541266 25.672329 -6.505611  0.864976 -0.049185 -0.499396  0.156100 0.491645 0
c_invasion_wrangler_laser
0  0.541266 25.672329 -6.505611  0.000000 0.098017 0.995185  0.155028 0.491608 0
0  -0.541266 26.499998 -6.587130  0.000000 0.098017 0.995185  0.155011 0.491861 0
0  -0.541266 25.672329 -6.505611  0.000000 0.098017 0.995185  0.155011 0.491586 0
c_invasion_wrangler_laser
0  2.360000 21.319998 0.000000  0.049186 -0.499395 0.864977  0.157903 0.489168 0
0  3.187669 22.339016 0.541266  0.049186 -0.499395 0.864977  0.158121 0.491463 0
0  2.360000 22.257498 0.541266  0.049186 -0.499395 0.864977  0.157926 0.491463 0
c_invasion_wrangler_laser
0  2.360000 22.257498 0.541266  -0.098017 0.995185 0.000000  0.161992 0.498480 0
0  3.187669 22.339016 -0.541266  -0.098017 0.995185 0.000000  0.162207 0.500775 0
0  2.360000 22.257498 -0.541266  -0.098017 0.995185 0.000000  0.161992 0.500775 0
c_invasion_wrangler_laser
0  2.360000 22.257498 -0.541266  0.049186 -0.499396 -0.864977  0.158288 0.489168 0
0  3.370565 21.419529 0.000000  0.049186 -0.499396 -0.864977  0.158504 0.491463 0
0  2.360000 21.319998 0.000000  0.049186 -0.499396 -0.864977  0.158265 0.491463 0
c_invasion_wrangler_laser
0  3.370565 21.419529 0.000000  0.145668 -0.480201 0.864978  0.160078 0.489168 0
0  3.983535 22.580441 0.541266  0.145668 -0.480201 0.864978  0.160296 0.491463 0
0  3.187669 22.339016 0.541266  0.145668 -0.480201 0.864978  0.160100 0.491463 0
c_invasion_wrangler_laser
0  3.187669 22.339016 0.541266  -0.290286 0.956940 0.000000  0.149480 0.489168 0
0  3.983535 22.580441 -0.541266  -0.290286 0.956940 0.000000  0.149695 0.491463 0
0  3.187669 22.339016 -0.541266  -0.290286 0.956940 0.000000  0.149480 0.491463 0
c_invasion_wrangler_laser
0  3.187669 22.339016 -0.541266  0.145668 -0.480203 -0.864977  0.159737 0.489168 0
0  4.342301 21.714302 0.000000  0.145668 -0.480203 -0.864977  0.159954 0.491463 0
0  3.370565 21.419529 0.000000  0.145668 -0.480203 -0.864977  0.159715 0.491463 0
c_invasion_wrangler_laser
0  4.342301 21.714302 0.000000  0.236552 -0.442558 0.864977  0.158989 0.489168 0
0  4.717006 22.972488 0.541266  0.236552 -0.442558 0.864977  0.159207 0.491463 0
0  3.983535 22.580441 0.541266  0.236552 -0.442558 0.864977  0.159011 0.491463 0
c_invasion_wrangler_laser
0  3.983535 22.580441 0.541266  -0.471396 0.881921 0.000000  0.150495 0.489168 0
0  4.717006 22.972488 -0.541266  -0.471396 0.881921 0.000000  0.150711 0.491463 0
0  3.983535 22.580441 -0.541266  -0.471396 0.881921 0.000000  0.150495 0.491463 0
c_invasion_wrangler_laser
0  3.983535 22.580441 -0.541266  0.236552 -0.442557 -0.864977  0.159373 0.489168 0
0  5.237853 22.192986 0.000000  0.236552 -0.442557 -0.864977  0.159592 0.491463 0
0  4.342301 21.714302 0.000000  0.236552 -0.442557 -0.864977  0.159352 0.491463 0
c_invasion_wrangler_laser
0  5.237853 22.192986 0.000000  0.318345 -0.387905 0.864977  0.157541 0.489168 0
0  5.359899 23.500095 0.541266  0.318345 -0.387905 0.864977  0.157757 0.491463 0
0  4.717006 22.972488 0.541266  0.318345 -0.387905 0.864977  0.157562 0.491463 0
c_invasion_wrangler_laser
0  4.717006 22.972488 0.541266  -0.634392 0.773012 0.000000  0.151172 0.489168 0
0  5.359899 23.500095 -0.541266  -0.634392 0.773012 0.000000  0.151388 0.491463 0
0  4.717006 22.972488 -0.541266  -0.634392 0.773012 0.000000  0.151172 0.491463 0
c_invasion_wrangler_laser
0  4.717006 22.972488 -0.541266  0.318345 -0.387905 -0.864978  0.158648 0.489168 0
0  6.022811 22.837183 0.000000  0.318345 -0.387905 -0.864978  0.158866 0.491463 0
0  5.237853 22.192986 0.000000  0.318345 -0.387905 -0.864978  0.158628 0.491463 0
c_invasion_wrangler_laser
0  6.022811 22.837183 0.000000  0.387906 -0.318346 0.864977  0.157181 0.489168 0
0  5.887509 24.142992 0.541266  0.387906 -0.318346 0.864977  0.157396 0.491463 0
0  5.359899 23.500095 0.541266  0.387906 -0.318346 0.864977  0.157201 0.491463 0
c_invasion_wrangler_laser
0  5.359899 23.500095 0.541266  -0.773011 0.634393 0.000000  0.151511 0.489168 0
0  5.887509 24.142992 -0.541266  -0.773011 0.634393 0.000000  0.151726 0.491463 0
0  5.359899 23.500095 -0.541266  -0.773011 0.634393 0.000000  0.151511 0.491463 0
c_invasion_wrangler_laser
0  5.359899 23.500095 -0.541266  0.387907 -0.318347 -0.864976  0.156841 0.489168 0
0  6.667012 23.622145 0.000000  0.387907 -0.318347 -0.864976  0.157057 0.491463 0
0  6.022811 22.837183 0.000000  0.387907 -0.318347 -0.864976  0.156820 0.491463 0
c_invasion_wrangler_laser
0  6.667012 23.622145 0.000000  0.442559 -0.236553 0.864977  0.156100 0.489168 0
0  6.279558 24.876463 0.541266  0.442559 -0.236553 0.864977  0.156315 0.491463 0
0  5.887509 24.142992 0.541266  0.442559 -0.236553 0.864977  0.156121 0.491463 0
c_invasion_wrangler_laser
0  5.887509 24.142992 0.541266  -0.881921 0.471398 0.000000  0.150157 0.489168 0
0  6.279558 24.876463 -0.541266  -0.881921 0.471398 0.000000  0.150372 0.491463 0
0  5.887509 24.142992 -0.541266  -0.881921 0.471398 0.000000  0.150157 0.491463 0
c_invasion_wrangler_laser
0  5.887509 24.142992 -0.541266  0.442557 -0.236552 -0.864978  0.155761 0.489168 0
0  7.145695 24.517696 0.000000  0.442557 -0.236552 -0.864978  0.155976 0.491463 0
0  6.667012 23.622145 0.000000  0.442557 -0.236552 -0.864978  0.155740 0.491463 0
c_invasion_wrangler_laser
0  7.145695 24.517696 0.000000  0.480203 -0.145668 0.864977  0.153583 0.489168 0
0  6.520981 25.672329 0.541266  0.480203 -0.145668 0.864977  0.153799 0.491463 0
0  6.279558 24.876463 0.541266  0.480203 -0.145668 0.864977  0.153606 0.491463 0
c_invasion_wrangler_laser
0  6.279558 24.876463 0.541266  -0.956941 0.290284 0.000000  0.152188 0.489168 0
0  6.520981 25.672329 -0.541266  -0.956941 0.290284 0.000000  0.152403 0.491463 0
0  6.279558 24.876463 -0.541266  -0.956941 0.290284 0.000000  0.152188 0.491463 0
c_invasion_wrangler_laser
0  6.279558 24.876463 -0.541266  0.480203 -0.145668 -0.864978  0.153246 0.489168 0
0  7.440468 25.489431 0.000000  0.480203 -0.145668 -0.864978  0.153460 0.491463 0
0  7.145695 24.517696 0.000000  0.480203 -0.145668 -0.864978  0.153224 0.491463 0
c_invasion_wrangler_laser
0  7.440468 25.489431 0.000000  0.499394 -0.049186 0.864978  0.153943 0.489168 0
0  6.602499 26.499998 0.541266  0.499394 -0.049186 0.864978  0.154159 0.491463 0
0  6.520981 25.672329 0.541266  0.499394 -0.049186 0.864978  0.153966 0.491463 0
c_invasion_wrangler_laser
0  6.520981 25.672329 0.541266  -0.995185 0.098016 0.000000  0.152526 0.489168 0
0  6.602499 26.499998 -0.541266  -0.995185 0.098016 0.000000  0.152741 0.491463 0
0  6.520981 25.672329 -0.541266  -0.995185 0.098016 0.000000  0.152526 0.491463 0
c_invasion_wrangler_laser
0  6.520981 25.672329 -0.541266  0.499395 -0.049186 -0.864977  0.152888 0.489168 0
0  7.539999 26.499998 0.000000  0.499395 -0.049186 -0.864977  0.153101 0.491463 0
0  7.440468 25.489431 0.000000  0.499395 -0.049186 -0.864977  0.152865 0.491463 0
c_invasion_wrangler_laser
0  -0.541267 22.339016 3.172299  0.000000 0.956940 -0.290286  0.148226 0.492601 0
0  0.541265 22.580441 3.968166  0.000000 0.956940 -0.290286  0.148494 0.491201 0
0  0.541265 22.339016 3.172299  0.000000 0.956940 -0.290286  0.148494 0.492604 0
c_invasion_wrangler_laser
0  -0.541267 22.257500 2.344630  0.000000 0.995185 -0.098016  0.130580 0.472494 0
0  0.541265 22.339016 3.172299  0.000000 0.995185 -0.098016  0.130927 0.470787 0
0  0.541265 22.257500 2.344630  0.000000 0.995185 -0.098016  0.130858 0.472506 0
c_invasion_wrangler_laser
0  0.541265 22.257500 2.344630  0.864977 -0.499394 0.049184  0.148828 0.489168 0
0  0.000000 21.419529 3.355196  0.864977 -0.499394 0.049184  0.148779 0.491093 0
0  0.000000 21.320000 2.344630  0.864977 -0.499394 0.049184  0.148839 0.490128 0
c_invasion_wrangler_laser
0  0.541265 22.339016 3.172299  0.864978 -0.480203 0.145667  0.148486 0.489168 0
0  0.000000 21.714302 4.326932  0.864978 -0.480203 0.145667  0.148447 0.491075 0
0  0.000000 21.419529 3.355196  0.864978 -0.480203 0.145667  0.148494 0.490492 0
c_invasion_wrangler_laser
0  0.000000 21.320000 2.344630  -0.864977 -0.499395 0.049186  0.148264 0.489168 0
0  -0.541267 22.339016 3.172299  -0.864977 -0.499395 0.049186  0.148323 0.490874 0
0  -0.541267 22.257500 2.344630  -0.864977 -0.499395 0.049186  0.148323 0.489932 0
c_invasion_wrangler_laser
0  0.000000 21.419529 3.355196  -0.864977 -0.480203 0.145669  0.149121 0.491341 0
0  -0.541266 22.580441 3.968166  -0.864977 -0.480203 0.145669  0.149181 0.492703 0
0  -0.541267 22.339016 3.172299  -0.864977 -0.480203 0.145669  0.149181 0.491766 0
c_invasion_wrangler_laser
0  0.541266 28.123531 6.264190  0.864977 0.236552 0.442558  0.147571 0.489168 0
0  0.000000 29.377851 6.651644  0.864977 0.236552 0.442558  0.147598 0.490799 0
0  0.000000 28.482298 7.130327  0.864977 0.236552 0.442558  0.147598 0.489818 0
c_invasion_wrangler_laser
0  0.000000 28.482298 7.130327  -0.864977 0.236552 0.442559  0.131077 0.493043 0
0  -0.541265 28.857004 5.872141  -0.864977 0.236552 0.442559  0.131202 0.492616 0
0  -0.541265 28.123531 6.264190  -0.864977 0.236552 0.442559  0.131051 0.492956 0
c_invasion_wrangler_laser
0  -0.541265 28.123531 6.264190  0.000000 -0.471395 -0.881922  0.152994 0.492057 0
0  0.541266 28.857004 5.872141  0.000000 -0.471395 -0.881922  0.152865 0.491612 0
0  0.541266 28.123531 6.264190  0.000000 -0.471395 -0.881922  0.152865 0.492083 0
c_invasion_wrangler_laser
0  0.541266 27.327669 6.505612  0.864977 0.145668 0.480204  0.148963 0.491255 0
0  0.000000 28.482298 7.130327  0.864977 0.145668 0.480204  0.148977 0.492278 0
0  0.000000 27.510567 7.425098  0.864977 0.145668 0.480204  0.148977 0.491496 0
c_invasion_wrangler_laser
0  0.000000 27.510567 7.425098  -0.864976 0.145668 0.480205  0.154747 0.491911 0
0  -0.541265 28.123531 6.264190  -0.864976 0.145668 0.480205  0.154713 0.491617 0
0  -0.541265 27.327669 6.505612  -0.864976 0.145668 0.480205  0.154713 0.491883 0
c_invasion_wrangler_laser
0  -0.541265 27.327669 6.505612  0.000000 -0.290284 -0.956941  0.154018 0.492042 0
0  0.541266 28.123531 6.264190  0.000000 -0.290284 -0.956941  0.153943 0.491615 0
0  0.541266 27.327669 6.505612  0.000000 -0.290284 -0.956941  0.153943 0.492071 0
c_invasion_wrangler_laser
0  0.541266 26.499998 6.587130  0.864976 0.049186 0.499397  0.154142 0.491586 0
0  0.000000 27.510567 7.425098  0.864976 0.049186 0.499397  0.154145 0.491968 0
0  0.000000 26.499998 7.524630  0.864976 0.049186 0.499397  0.154145 0.491602 0
c_invasion_wrangler_laser
0  0.000000 26.499998 7.524630  -0.864977 0.049186 0.499395  0.155777 0.491833 0
0  -0.541265 27.327669 6.505612  -0.864977 0.049186 0.499395  0.155772 0.491616 0
0  -0.541265 26.499998 6.587130  -0.864977 0.049186 0.499395  0.155772 0.491818 0
c_invasion_wrangler_laser
0  -0.541265 26.499998 6.587130  0.000000 -0.098017 -0.995185  0.155169 0.491855 0
0  0.541266 27.327669 6.505612  0.000000 -0.098017 -0.995185  0.155151 0.491608 0
0  0.541266 26.499998 6.587130  0.000000 -0.098017 -0.995185  0.155151 0.491877 0
c_invasion_wrangler_laser
0  -0.541266 22.972488 4.701637  0.000000 0.773011 -0.634393  0.155433 0.491853 0
0  0.541266 23.500095 5.344529  0.000000 0.773011 -0.634393  0.155649 0.491600 0
0  0.541265 22.972488 4.701637  0.000000 0.773011 -0.634393  0.155649 0.491866 0
c_invasion_wrangler_laser
0  0.000000 21.714302 4.326932  -0.864977 -0.442558 0.236552  0.150020 0.491586 0
0  -0.541266 22.972488 4.701637  -0.864977 -0.442558 0.236552  0.150085 0.492594 0
0  -0.541266 22.580441 3.968166  -0.864977 -0.442558 0.236552  0.150085 0.491767 0
c_invasion_wrangler_laser
0  0.541265 22.972488 4.701637  0.864978 -0.387906 0.318344  0.148656 0.489558 0
0  0.000000 22.837183 6.007442  0.864978 -0.387906 0.318344  0.148618 0.490600 0
0  0.000000 22.192986 5.222484  0.864978 -0.387906 0.318344  0.148656 0.491076 0
c_invasion_wrangler_laser
0  0.541265 22.580441 3.968166  0.864978 -0.442557 0.236552  0.147440 0.489168 0
0  0.000000 22.192986 5.222484  0.864978 -0.442557 0.236552  0.147405 0.490766 0
0  0.000000 21.714302 4.326932  0.864978 -0.442557 0.236552  0.147447 0.490706 0
c_invasion_wrangler_laser
0  -0.541266 22.580441 3.968166  0.000000 0.881922 -0.471396  0.150632 0.492450 0
0  0.541265 22.972488 4.701637  0.000000 0.881922 -0.471396  0.150879 0.491594 0
0  0.541265 22.580441 3.968166  0.000000 0.881922 -0.471396  0.150879 0.492458 0
c_invasion_wrangler_laser
0  0.000000 22.192986 5.222484  -0.864978 -0.387906 0.318345  0.151508 0.491586 0
0  -0.541266 23.500095 5.344529  -0.864978 -0.387906 0.318345  0.151578 0.492304 0
0  -0.541266 22.972488 4.701637  -0.864978 -0.387906 0.318345  0.151578 0.491634 0
c_invasion_wrangler_laser
0  0.541266 24.142992 5.872141  0.864977 -0.236552 0.442558  0.147749 0.489972 0
0  0.000000 24.517696 7.130325  0.864977 -0.236552 0.442558  0.147721 0.489818 0
0  0.000000 23.622145 6.651643  0.864977 -0.236552 0.442558  0.147721 0.490799 0
c_invasion_wrangler_laser
0  -0.541266 23.500095 5.344529  0.000000 0.634393 -0.773011  0.156820 0.491586 0
0  0.541266 24.142992 5.872141  0.000000 0.634393 -0.773011  0.156996 0.491826 0
0  0.541266 23.500095 5.344529  0.000000 0.634393 -0.773011  0.156996 0.491607 0
c_invasion_wrangler_laser
0  0.000000 24.517696 7.130325  -0.864976 -0.145668 0.480205  0.154556 0.491586 0
0  -0.541266 25.672329 6.505611  -0.864976 -0.145668 0.480205  0.154590 0.491883 0
0  -0.541266 24.876463 6.264189  -0.864976 -0.145668 0.480205  0.154590 0.491617 0
c_invasion_wrangler_laser
0  -0.541266 24.142992 5.872141  0.000000 0.471396 -0.881922  0.153118 0.491586 0
0  0.541266 24.876463 6.264189  0.000000 0.471396 -0.881922  0.153247 0.492083 0
0  0.541266 24.142992 5.872141  0.000000 0.471396 -0.881922  0.153247 0.491612 0
c_invasion_wrangler_laser
0  0.541266 23.500095 5.344529  0.864978 -0.318346 0.387902  0.148998 0.489877 0
0  0.000000 23.622145 6.651643  0.864978 -0.318346 0.387902  0.148963 0.490266 0
0  0.000000 22.837183 6.007442  0.864978 -0.318346 0.387902  0.148998 0.491132 0
c_invasion_wrangler_laser
0  0.000000 23.622145 6.651643  -0.864977 -0.236552 0.442559  0.153760 0.491586 0
0  -0.541266 24.876463 6.264189  -0.864977 -0.236552 0.442559  0.153819 0.491971 0
0  -0.541266 24.142992 5.872141  -0.864977 -0.236552 0.442559  0.153819 0.491599 0
c_invasion_wrangler_laser
0  -0.541266 24.876463 6.264189  0.000000 0.290284 -0.956940  0.152581 0.491586 0
0  0.541266 25.672329 6.505611  0.000000 0.290284 -0.956940  0.152657 0.492071 0
0  0.541266 24.876463 6.264189  0.000000 0.290284 -0.956940  0.152657 0.491615 0
c_invasion_wrangler_laser
0  0.000000 22.837183 6.007442  -0.864978 -0.318346 0.387903  0.152188 0.491586 0
0  -0.541266 24.142992 5.872141  -0.864978 -0.318346 0.387903  0.152259 0.492101 0
0  -0.541266 23.500095 5.344529  -0.864978 -0.318346 0.387903  0.152259 0.491592 0
c_invasion_wrangler_laser
0  0.541266 24.876463 6.264189  0.864976 -0.145668 0.480205  0.147282 0.489809 0
0  0.000000 25.489431 7.425098  0.864976 -0.145668 0.480205  0.147268 0.489409 0
0  0.000000 24.517696 7.130325  0.864976 -0.145668 0.480205  0.147268 0.490192 0
c_invasion_wrangler_laser
0  0.541266 25.672329 6.505611  0.864977 -0.049186 0.499394  0.147271 0.490616 0
0  0.000000 26.499998 7.524630  0.864977 -0.049186 0.499394  0.147268 0.490330 0
0  0.000000 25.489431 7.425098  0.864977 -0.049186 0.499394  0.147268 0.490697 0
c_invasion_wrangler_laser
0  0.000000 25.489431 7.425098  -0.864976 -0.049186 0.499396  0.156460 0.491586 0
0  -0.541265 26.499998 6.587130  -0.864976 -0.049186 0.499396  0.156465 0.491818 0
0  -0.541266 25.672329 6.505611  -0.864976 -0.049186 0.499396  0.156465 0.491616 0
c_invasion_wrangler_laser
0  -0.541266 25.672329 6.505611  0.000000 0.098018 -0.995185  0.155292 0.491586 0
0  0.541266 26.499998 6.587130  0.000000 0.098018 -0.995185  0.155309 0.491877 0
0  0.541266 25.672329 6.505611  0.000000 0.098018 -0.995185  0.155309 0.491608 0
c_invasion_wrangler_laser
0  0.541265 22.257500 2.344630  0.000000 0.000000 -1.000000  0.130858 0.472506 0
0  0.000000 21.320000 2.344630  0.000000 0.000000 -1.000000  0.130927 0.496373 0
0  -0.541267 22.257500 2.344630  0.000000 0.000000 -1.000000  0.130580 0.472494 0
c_invasion_wrangler_laser
0  2.360000 22.257498 0.541266  -1.000000 0.000000 0.000000  0.161992 0.498480 0
0  2.360000 22.257498 -0.541266  -1.000000 0.000000 0.000000  0.161992 0.500775 0
0  2.360000 21.319998 0.000000  -1.000000 0.000000 0.000000  0.162102 0.489168 0
c_invasion_wrangler_laser
0  -0.541265 22.257498 -2.344631  0.000000 0.000000 1.000000  0.161592 0.489168 0
0  0.000000 21.319998 -2.344631  0.000000 0.000000 1.000000  0.161868 0.495199 0
0  0.541266 22.257498 -2.344631  0.000000 0.000000 1.000000  0.161868 0.489200 0
gold_player
0  1.852501 23.504158 -1.070111  0.062923 -0.992050 -0.108988  0.000000 0.000000 0
0  0.000000 23.504158 -2.139651  0.062923 -0.992050 -0.108988  0.000000 0.000000 0
0  1.852501 23.739157 -3.209191  0.062923 -0.992050 -0.108988  0.000000 0.000000 0
gold_player
0  1.852501 23.504158 -1.070111  0.125846 -0.992050 0.000002  0.000000 0.000000 0
0  3.704999 23.739157 -0.000567  0.125846 -0.992050 0.000002  0.000000 0.000000 0
0  1.852500 23.504158 1.068973  0.125846 -0.992050 0.000002  0.000000 0.000000 0
gold_player
0  1.852499 23.739157 3.208056  0.062923 -0.992050 0.108986  0.000000 0.000000 0
0  0.000000 23.504158 2.138515  0.062923 -0.992050 0.108986  0.000000 0.000000 0
0  1.852500 23.504158 1.068973  0.062923 -0.992050 0.108986  0.000000 0.000000 0
c_invasion_wrangler_laser
0  6.150000 13.169998 0.000000  0.806461 -0.585928 0.079432  0.177770 0.413747 0
0  5.225359 12.038241 1.039389  0.806461 -0.585928 0.079432  0.177749 0.413771 0
0  5.327730 12.038240 0.000000  0.806461 -0.585928 0.079432  0.177758 0.413748 0
c_invasion_wrangler_laser
0  5.327730 12.038240 0.000000  -0.308874 -0.950616 -0.030424  0.177758 0.413748 0
0  3.920463 12.470533 0.779829  -0.308874 -0.950616 -0.030424  0.177728 0.413734 0
0  3.997270 12.470533 0.000000  -0.308874 -0.950616 -0.030424  0.177751 0.413737 0
c_invasion_wrangler_laser
0  3.997270 12.470533 0.000000  -0.995185 0.000000 -0.098017  0.177751 0.413737 0
0  3.920463 13.869463 0.779829  -0.995185 0.000000 -0.098017  0.177762 0.413706 0
0  3.997270 13.869463 -0.000000  -0.995185 0.000000 -0.098017  0.177762 0.413726 0
c_invasion_wrangler_laser
0  3.997270 13.869463 -0.000000  -0.308874 0.950616 -0.030421  0.177762 0.413726 0
0  5.225359 14.301756 1.039389  -0.308874 0.950616 -0.030421  0.177793 0.413729 0
0  5.327730 14.301756 -0.000000  -0.308874 0.950616 -0.030421  0.177773 0.413735 0
c_invasion_wrangler_laser
0  5.327730 14.301756 -0.000000  0.806461 0.585927 0.079429  0.177773 0.413735 0
0  6.031829 13.169998 1.199806  0.806461 0.585927 0.079429  0.177785 0.413762 0
0  6.150000 13.169998 0.000000  0.806461 0.585927 0.079429  0.177770 0.413747 0
c_invasion_wrangler_laser
0  6.031829 13.169998 1.199806  0.775469 -0.585928 0.235235  0.177785 0.413762 0
0  4.922181 12.038241 2.038834  0.775469 -0.585928 0.235235  0.177723 0.413826 0
0  5.225359 12.038241 1.039389  0.775469 -0.585928 0.235235  0.177749 0.413771 0
c_invasion_wrangler_laser
0  5.225359 12.038241 1.039389  -0.297004 -0.950616 -0.090096  0.177749 0.413771 0
0  3.692996 12.470533 1.529689  -0.297004 -0.950616 -0.090096  0.177665 0.413723 0
0  3.920463 12.470533 0.779829  -0.297004 -0.950616 -0.090096  0.177728 0.413734 0
c_invasion_wrangler_laser
0  3.920463 12.470533 0.779829  -0.956940 0.000000 -0.290284  0.177728 0.413734 0
0  3.692996 13.869463 1.529689  -0.956940 0.000000 -0.290284  0.177765 0.413638 0
0  3.920463 13.869463 0.779829  -0.956940 0.000000 -0.290284  0.177762 0.413706 0
c_invasion_wrangler_laser
0  3.920463 13.869463 0.779829  -0.297004 0.950616 -0.090094  0.177762 0.413706 0
0  4.922181 14.301756 2.038834  -0.297004 0.950616 -0.090094  0.177848 0.413718 0
0  5.225359 14.301756 1.039389  -0.297004 0.950616 -0.090094  0.177793 0.413729 0
c_invasion_wrangler_laser
0  5.225359 14.301756 1.039389  0.775469 0.585928 0.235236  0.177793 0.413729 0
0  5.681859 13.169998 2.353503  0.775469 0.585928 0.235236  0.177821 0.413810 0
0  6.031829 13.169998 1.199806  0.775469 0.585928 0.235236  0.177785 0.413762 0
c_invasion_wrangler_laser
0  5.681859 13.169998 2.353503  0.714676 -0.585928 0.382003  0.177821 0.413810 0
0  4.429846 12.038241 2.959928  0.714676 -0.585928 0.382003  0.177644 0.413971 0
0  4.922181 12.038241 2.038834  0.714676 -0.585928 0.382003  0.177723 0.413826 0
c_invasion_wrangler_laser
0  4.922181 12.038241 2.038834  -0.273720 -0.950616 -0.146306  0.177723 0.413826 0
0  3.323608 12.470533 2.220764  -0.273720 -0.950616 -0.146306  0.177495 0.413687 0
0  3.692996 12.470533 1.529689  -0.273720 -0.950616 -0.146306  0.177665 0.413723 0
c_invasion_wrangler_laser
0  3.692996 12.470533 1.529689  -0.881921 0.000000 -0.471397  0.177665 0.413723 0
0  3.323608 13.869463 2.220764  -0.881921 0.000000 -0.471397  0.177779 0.413464 0
0  3.692996 13.869463 1.529689  -0.881921 0.000000 -0.471397  0.177765 0.413638 0
c_invasion_wrangler_laser
0  3.692996 13.869463 1.529689  -0.273721 0.950616 -0.146307  0.177765 0.413638 0
0  4.429846 14.301756 2.959928  -0.273721 0.950616 -0.146307  0.178027 0.413682 0
0  4.922181 14.301756 2.038834  -0.273721 0.950616 -0.146307  0.177848 0.413718 0
c_invasion_wrangler_laser
0  4.922181 14.301756 2.038834  0.714676 0.585928 0.382003  0.177848 0.413718 0
0  5.113538 13.169998 3.416757  0.714676 0.585928 0.382003  0.177929 0.413967 0
0  5.681859 13.169998 2.353503  0.714676 0.585928 0.382003  0.177821 0.413810 0
c_invasion_wrangler_laser
0  5.113538 13.169998 3.416757  0.626419 -0.585928 0.514089  0.177929 0.413967 0
0  3.767274 12.038241 3.767274  0.626419 -0.585928 0.514089  0.177393 0.414438 0
0  4.429846 12.038241 2.959928  0.626419 -0.585928 0.514089  0.177644 0.413971 0
c_invasion_wrangler_laser
0  4.429846 12.038241 2.959928  -0.239918 -0.950617 -0.196893  0.177644 0.413971 0
0  2.826496 12.470534 2.826497  -0.239918 -0.950617 -0.196893  0.176993 0.413572 0
0  3.323608 12.470533 2.220764  -0.239918 -0.950617 -0.196893  0.177495 0.413687 0
c_invasion_wrangler_laser
0  3.323608 12.470533 2.220764  -0.773010 0.000000 -0.634393  0.177495 0.413687 0
0  2.826496 13.869463 2.826497  -0.773010 0.000000 -0.634393  0.177828 0.412970 0
0  3.323608 13.869463 2.220764  -0.773010 0.000000 -0.634393  0.177779 0.413464 0
c_invasion_wrangler_laser
0  3.323608 13.869463 2.220764  -0.239918 0.950616 -0.196895  0.177779 0.413464 0
0  3.767274 14.301756 3.767274  -0.239918 0.950616 -0.196895  0.178538 0.413586 0
0  4.429846 14.301756 2.959928  -0.239918 0.950616 -0.196895  0.178027 0.413682 0
c_invasion_wrangler_laser
0  4.429846 14.301756 2.959928  0.626419 0.585928 0.514089  0.178027 0.413682 0
0  4.348706 13.169998 4.348707  0.626419 0.585928 0.514089  0.178229 0.414372 0
0  5.113538 13.169998 3.416757  0.626419 0.585928 0.514089  0.177929 0.413967 0
c_invasion_wrangler_laser
0  4.348706 13.169998 4.348707  0.514089 -0.585929 0.626418  0.178229 0.414372 0
0  2.959928 12.038241 4.429846  0.514089 -0.585929 0.626418  0.176592 0.415919 0
0  3.767274 12.038241 3.767274  0.514089 -0.585929 0.626418  0.177393 0.414438 0
c_invasion_wrangler_laser
0  3.767274 12.038241 3.767274  -0.196896 -0.950616 -0.239920  0.177393 0.414438 0
0  2.220764 12.470534 3.323609  -0.196896 -0.950616 -0.239920  0.175500 0.413194 0
0  2.826496 12.470534 2.826497  -0.196896 -0.950616 -0.239920  0.176993 0.413572 0
c_invasion_wrangler_laser
0  2.826496 12.470534 2.826497  -0.634393 0.000000 -0.773011  0.176993 0.413572 0
0  2.220764 13.869463 3.323609  -0.634393 0.000000 -0.773011  0.177981 0.411564 0
0  2.826496 13.869463 2.826497  -0.634393 0.000000 -0.773011  0.177828 0.412970 0
c_invasion_wrangler_laser
0  2.826496 13.869463 2.826497  -0.196896 0.950616 -0.239919  0.177828 0.412970 0
0  2.959928 14.301756 4.429846  -0.196896 0.950616 -0.239919  0.180133 0.413296 0
0  3.767274 14.301756 3.767274  -0.196896 0.950616 -0.239919  0.178538 0.413586 0
c_invasion_wrangler_laser
0  3.767274 14.301756 3.767274  0.514089 0.585929 0.626419  0.178538 0.413586 0
0  3.416756 13.169998 5.113539  0.514089 0.585929 0.626419  0.179077 0.415533 0
0  4.348706 13.169998 4.348707  0.514089 0.585929 0.626419  0.178229 0.414372 0
c_invasion_wrangler_laser
0  3.416756 13.169998 5.113539  0.382003 -0.585928 0.714676  0.179077 0.415533 0
0  2.038835 12.038241 4.922180  0.382003 -0.585928 0.714676  0.174194 0.419461 0
0  2.959928 12.038241 4.429846  0.382003 -0.585928 0.714676  0.176592 0.415919 0
c_invasion_wrangler_laser
0  2.959928 12.038241 4.429846  -0.146307 -0.950616 -0.273720  0.176592 0.415919 0
0  1.529690 12.470534 3.692996  -0.146307 -0.950616 -0.273720  0.171436 0.411916 0
0  2.220764 12.470534 3.323609  -0.146307 -0.950616 -0.273720  0.175500 0.413194 0
c_invasion_wrangler_laser
0  2.220764 12.470534 3.323609  -0.471397 0.000000 -0.881921  0.175500 0.413194 0
0  1.529690 13.869463 3.692996  -0.471397 0.000000 -0.881921  0.178514 0.407391 0
0  2.220764 13.869463 3.323609  -0.471397 0.000000 -0.881921  0.177981 0.411564 0
c_invasion_wrangler_laser
0  2.220764 13.869463 3.323609  -0.146306 0.950616 -0.273721  0.177981 0.411564 0
0  2.038835 14.301756 4.922180  -0.146306 0.950616 -0.273721  0.184394 0.412994 0
0  2.959928 14.301756 4.429846  -0.146306 0.950616 -0.273721  0.180133 0.413296 0
c_invasion_wrangler_laser
0  2.959928 14.301756 4.429846  0.382003 0.585927 0.714677  0.180133 0.413296 0
0  2.353505 13.169998 5.681859  0.382003 0.585927 0.714677  0.181266 0.419346 0
0  3.416756 13.169998 5.113539  0.382003 0.585927 0.714677  0.179077 0.415533 0
c_invasion_wrangler_laser
0  2.353505 13.169998 5.681859  0.235236 -0.585928 0.775469  0.181266 0.419346 0
0  1.039389 12.038241 5.225359  0.235236 -0.585928 0.775469  0.166516 0.429000 0
0  2.038835 12.038241 4.922180  0.235236 -0.585928 0.775469  0.174194 0.419461 0
c_invasion_wrangler_laser
0  2.038835 12.038241 4.922180  -0.090096 -0.950616 -0.297004  0.174194 0.419461 0
0  0.779829 12.470534 3.920463  -0.090096 -0.950616 -0.297004  0.160759 0.407860 0
0  1.529690 12.470534 3.692996  -0.090096 -0.950616 -0.297004  0.171436 0.411916 0
c_invasion_wrangler_laser
0  1.529690 12.470534 3.692996  -0.290284 0.000000 -0.956941  0.171436 0.411916 0
0  0.779829 13.869463 3.920463  -0.290284 0.000000 -0.956941  0.180535 0.396328 0
0  1.529690 13.869463 3.692996  -0.290284 0.000000 -0.956941  0.178514 0.407391 0
c_invasion_wrangler_laser
0  1.529690 13.869463 3.692996  -0.090095 0.950616 -0.297005  0.178514 0.407391 0
0  1.039389 14.301756 5.225359  -0.090095 0.950616 -0.297005  0.197530 0.412390 0
0  2.038835 14.301756 4.922180  -0.090095 0.950616 -0.297005  0.184394 0.412994 0
c_invasion_wrangler_laser
0  2.038835 14.301756 4.922180  0.235237 0.585928 0.775469  0.184394 0.412994 0
0  1.199806 13.169998 6.031829  0.235237 0.585928 0.775469  0.186945 0.431304 0
0  2.353505 13.169998 5.681859  0.235237 0.585928 0.775469  0.181266 0.419346 0
c_invasion_wrangler_laser
0  1.199806 13.169998 6.031829  0.079430 -0.585928 0.806461  0.186945 0.431304 0
0  0.000000 12.038241 5.327730  0.079430 -0.585928 0.806461  0.131059 0.470652 0
0  1.039389 12.038241 5.225359  0.079430 -0.585928 0.806461  0.166516 0.429000 0
c_invasion_wrangler_laser
0  1.039389 12.038241 5.225359  -0.030421 -0.950616 -0.308874  0.166516 0.429000 0
0  0.000000 12.470534 3.997270  -0.030421 -0.950616 -0.308874  0.130580 0.394003 0
0  0.779829 12.470534 3.920463  -0.030421 -0.950616 -0.308874  0.160759 0.407860 0
c_invasion_wrangler_laser
0  0.779829 12.470534 3.920463  -0.098017 0.000000 -0.995185  0.160759 0.407860 0
0  0.000000 13.869463 3.997270  -0.098017 0.000000 -0.995185  0.185565 0.368364 0
0  0.779829 13.869463 3.920463  -0.098017 0.000000 -0.995185  0.180535 0.396328 0
c_invasion_wrangler_laser
0  0.779829 13.869463 3.920463  -0.030421 0.950616 -0.308875  0.180535 0.396328 0
0  0.000000 14.301756 5.327730  -0.030421 0.950616 -0.308875  0.229853 0.406715 0
0  1.039389 14.301756 5.225359  -0.030421 0.950616 -0.308875  0.197530 0.412390 0
c_invasion_wrangler_laser
0  1.039389 14.301756 5.225359  0.079429 0.585929 0.806460  0.197530 0.412390 0
0  0.000000 13.169998 6.150000  0.079429 0.585929 0.806460  0.213751 0.470652 0
0  1.199806 13.169998 6.031829  0.079429 0.585929 0.806460  0.186945 0.431304 0
c_invasion_wrangler_laser
0  0.000000 13.169998 -6.150000  0.079428 -0.585928 -0.806461  0.177762 0.413738 0
0  1.039387 12.038240 -5.225360  0.079428 -0.585928 -0.806461  0.177762 0.413738 0
0  0.000000 12.038240 -5.327730  0.079428 -0.585928 -0.806461  0.177762 0.413738 0
c_invasion_wrangler_laser
0  0.000000 12.038240 -5.327730  -0.030422 -0.950616 0.308874  0.177762 0.413738 0
0  0.779827 12.470533 -3.920464  -0.030422 -0.950616 0.308874  0.177762 0.413738 0
0  0.000000 12.470533 -3.997270  -0.030422 -0.950616 0.308874  0.177762 0.413738 0
c_invasion_wrangler_laser
0  0.000000 12.470533 -3.997270  -0.098017 0.000000 0.995185  0.177762 0.413738 0
0  0.779827 13.869462 -3.920464  -0.098017 0.000000 0.995185  0.177762 0.413738 0
0  0.000000 13.869462 -3.997270  -0.098017 0.000000 0.995185  0.177762 0.413738 0
c_invasion_wrangler_laser
0  0.000000 13.869462 -3.997270  -0.030421 0.950616 0.308874  0.177762 0.413738 0
0  1.039387 14.301755 -5.225360  -0.030421 0.950616 0.308874  0.177762 0.413738 0
0  0.000000 14.301755 -5.327730  -0.030421 0.950616 0.308874  0.177762 0.413738 0
c_invasion_wrangler_laser
0  0.000000 14.301755 -5.327730  0.079429 0.585928 -0.806461  0.177762 0.413738 0
0  1.199804 13.169998 -6.031830  0.079429 0.585928 -0.806461  0.177762 0.413738 0
0  0.000000 13.169998 -6.150000  0.079429 0.585928 -0.806461  0.177762 0.413738 0
c_invasion_wrangler_laser
0  1.199804 13.169998 -6.031830  0.235237 -0.585928 -0.775469  0.177762 0.413738 0
0  2.038835 12.038240 -4.922180  0.235237 -0.585928 -0.775469  0.177762 0.413738 0
0  1.039387 12.038240 -5.225360  0.235237 -0.585928 -0.775469  0.177762 0.413738 0
c_invasion_wrangler_laser
0  1.039387 12.038240 -5.225360  -0.090095 -0.950617 0.297004  0.177762 0.413738 0
0  1.529690 12.470533 -3.692996  -0.090095 -0.950617 0.297004  0.177762 0.413738 0
0  0.779827 12.470533 -3.920464  -0.090095 -0.950617 0.297004  0.177762 0.413738 0
c_invasion_wrangler_laser
0  0.779827 12.470533 -3.920464  -0.290285 0.000000 0.956940  0.177762 0.413738 0
0  1.529690 13.869462 -3.692996  -0.290285 0.000000 0.956940  0.177762 0.413738 0
0  0.779827 13.869462 -3.920464  -0.290285 0.000000 0.956940  0.177762 0.413738 0
c_invasion_wrangler_laser
0  0.779827 13.869462 -3.920464  -0.090095 0.950617 0.297003  0.177762 0.413738 0
0  2.038835 14.301755 -4.922180  -0.090095 0.950617 0.297003  0.177762 0.413738 0
0  1.039387 14.301755 -5.225360  -0.090095 0.950617 0.297003  0.177762 0.413738 0
c_invasion_wrangler_laser
0  1.039387 14.301755 -5.225360  0.235236 0.585928 -0.775469  0.177762 0.413738 0
0  2.353505 13.169998 -5.681859  0.235236 0.585928 -0.775469  0.177762 0.413738 0
0  1.199804 13.169998 -6.031830  0.235236 0.585928 -0.775469  0.177762 0.413738 0
c_invasion_wrangler_laser
0  2.353505 13.169998 -5.681859  0.382002 -0.585928 -0.714676  0.177762 0.413738 0
0  2.959928 12.038240 -4.429846  0.382002 -0.585928 -0.714676  0.177762 0.413738 0
0  2.038835 12.038240 -4.922180  0.382002 -0.585928 -0.714676  0.177762 0.413738 0
c_invasion_wrangler_laser
0  2.038835 12.038240 -4.922180  -0.146307 -0.950616 0.273721  0.177762 0.413738 0
0  2.220764 12.470533 -3.323609  -0.146307 -0.950616 0.273721  0.177762 0.413738 0
0  1.529690 12.470533 -3.692996  -0.146307 -0.950616 0.273721  0.177762 0.413738 0
c_invasion_wrangler_laser
0  1.529690 12.470533 -3.692996  -0.471397 0.000000 0.881921  0.177762 0.413738 0
0  2.220764 13.869462 -3.323609  -0.471397 0.000000 0.881921  0.177762 0.413738 0
0  1.529690 13.869462 -3.692996  -0.471397 0.000000 0.881921  0.177762 0.413738 0
c_invasion_wrangler_laser
0  1.529690 13.869462 -3.692996  -0.146307 0.950616 0.273721  0.177762 0.413738 0
0  2.959928 14.301755 -4.429846  -0.146307 0.950616 0.273721  0.177762 0.413738 0
0  2.038835 14.301755 -4.922180  -0.146307 0.950616 0.273721  0.177762 0.413738 0
c_invasion_wrangler_laser
0  2.038835 14.301755 -4.922180  0.382002 0.585928 -0.714676  0.177762 0.413738 0
0  3.416756 13.169998 -5.113539  0.382002 0.585928 -0.714676  0.177762 0.413738 0
0  2.353505 13.169998 -5.681859  0.382002 0.585928 -0.714676  0.177762 0.413738 0
c_invasion_wrangler_laser
0  3.416756 13.169998 -5.113539  0.514088 -0.585929 -0.626419  0.177762 0.413738 0
0  3.767272 12.038240 -3.767276  0.514088 -0.585929 -0.626419  0.177762 0.413738 0
0  2.959928 12.038240 -4.429846  0.514088 -0.585929 -0.626419  0.177762 0.413738 0
c_invasion_wrangler_laser
0  2.959928 12.038240 -4.429846  -0.196896 -0.950616 0.239918  0.177762 0.413738 0
0  2.826495 12.470533 -2.826498  -0.196896 -0.950616 0.239918  0.177762 0.413738 0
0  2.220764 12.470533 -3.323609  -0.196896 -0.950616 0.239918  0.177762 0.413738 0
c_invasion_wrangler_laser
0  2.220764 12.470533 -3.323609  -0.634393 0.000000 0.773010  0.177762 0.413738 0
0  2.826495 13.869462 -2.826498  -0.634393 0.000000 0.773010  0.177762 0.413738 0
0  2.220764 13.869462 -3.323609  -0.634393 0.000000 0.773010  0.177762 0.413738 0
c_invasion_wrangler_laser
0  2.220764 13.869462 -3.323609  -0.196896 0.950616 0.239918  0.177762 0.413738 0
0  3.767272 14.301755 -3.767276  -0.196896 0.950616 0.239918  0.177762 0.413738 0
0  2.959928 14.301755 -4.429846  -0.196896 0.950616 0.239918  0.177762 0.413738 0
c_invasion_wrangler_laser
0  2.959928 14.301755 -4.429846  0.514088 0.585928 -0.626419  0.177762 0.413738 0
0  4.348704 13.169998 -4.348709  0.514088 0.585928 -0.626419  0.177762 0.413738 0
0  3.416756 13.169998 -5.113539  0.514088 0.585928 -0.626419  0.177762 0.413738 0
c_invasion_wrangler_laser
0  4.348704 13.169998 -4.348709  0.626419 -0.585928 -0.514089  0.177762 0.413738 0
0  4.429846 12.038240 -2.959928  0.626419 -0.585928 -0.514089  0.177762 0.413738 0
0  3.767272 12.038240 -3.767276  0.626419 -0.585928 -0.514089  0.177762 0.413738 0
c_invasion_wrangler_laser
0  3.767272 12.038240 -3.767276  -0.239918 -0.950616 0.196895  0.177762 0.413738 0
0  3.323608 12.470533 -2.220764  -0.239918 -0.950616 0.196895  0.177762 0.413738 0
0  2.826495 12.470533 -2.826498  -0.239918 -0.950616 0.196895  0.177762 0.413738 0
c_invasion_wrangler_laser
0  2.826495 12.470533 -2.826498  -0.773010 0.000000 0.634393  0.177762 0.413738 0
0  3.323608 13.869463 -2.220764  -0.773010 0.000000 0.634393  0.177762 0.413737 0
0  2.826495 13.869462 -2.826498  -0.773010 0.000000 0.634393  0.177762 0.413738 0
c_invasion_wrangler_laser
0  2.826495 13.869462 -2.826498  -0.239918 0.950616 0.196895  0.177762 0.413738 0
0  4.429846 14.301755 -2.959928  -0.239918 0.950616 0.196895  0.177763 0.413738 0
0  3.767272 14.301755 -3.767276  -0.239918 0.950616 0.196895  0.177762 0.413738 0
c_invasion_wrangler_laser
0  3.767272 14.301755 -3.767276  0.626419 0.585928 -0.514089  0.177762 0.413738 0
0  5.113538 13.169998 -3.416757  0.626419 0.585928 -0.514089  0.177762 0.413738 0
0  4.348704 13.169998 -4.348709  0.626419 0.585928 -0.514089  0.177762 0.413738 0
c_invasion_wrangler_laser
0  5.113538 13.169998 -3.416757  0.714676 -0.585929 -0.382002  0.177762 0.413738 0
0  4.922180 12.038240 -2.038836  0.714676 -0.585929 -0.382002  0.177762 0.413739 0
0  4.429846 12.038240 -2.959928  0.714676 -0.585929 -0.382002  0.177762 0.413738 0
c_invasion_wrangler_laser
0  4.429846 12.038240 -2.959928  -0.273721 -0.950616 0.146307  0.177762 0.413738 0
0  3.692995 12.470533 -1.529691  -0.273721 -0.950616 0.146307  0.177761 0.413738 0
0  3.323608 12.470533 -2.220764  -0.273721 -0.950616 0.146307  0.177762 0.413738 0
c_invasion_wrangler_laser
0  3.323608 12.470533 -2.220764  -0.881921 0.000000 0.471397  0.177762 0.413738 0
0  3.692995 13.869463 -1.529691  -0.881921 0.000000 0.471397  0.177762 0.413736 0
0  3.323608 13.869463 -2.220764  -0.881921 0.000000 0.471397  0.177762 0.413737 0
c_invasion_wrangler_laser
0  3.323608 13.869463 -2.220764  -0.273720 0.950616 0.146307  0.177762 0.413737 0
0  4.922180 14.301755 -2.038836  -0.273720 0.950616 0.146307  0.177763 0.413738 0
0  4.429846 14.301755 -2.959928  -0.273720 0.950616 0.146307  0.177763 0.413738 0
c_invasion_wrangler_laser
0  4.429846 14.301755 -2.959928  0.714676 0.585929 -0.382003  0.177763 0.413738 0
0  5.681859 13.169998 -2.353505  0.714676 0.585929 -0.382003  0.177763 0.413739 0
0  5.113538 13.169998 -3.416757  0.714676 0.585929 -0.382003  0.177762 0.413738 0
c_invasion_wrangler_laser
0  5.681859 13.169998 -2.353505  0.775469 -0.585928 -0.235236  0.177763 0.413739 0
0  5.225359 12.038240 -1.039388  0.775469 -0.585928 -0.235236  0.177761 0.413742 0
0  4.922180 12.038240 -2.038836  0.775469 -0.585928 -0.235236  0.177762 0.413739 0
c_invasion_wrangler_laser
0  4.922180 12.038240 -2.038836  -0.297004 -0.950616 0.090095  0.177762 0.413739 0
0  3.920464 12.470533 -0.779828  -0.297004 -0.950616 0.090095  0.177758 0.413738 0
0  3.692995 12.470533 -1.529691  -0.297004 -0.950616 0.090095  0.177761 0.413738 0
c_invasion_wrangler_laser
0  3.692995 12.470533 -1.529691  -0.956940 0.000000 0.290285  0.177761 0.413738 0
0  3.920464 13.869463 -0.779828  -0.956940 0.000000 0.290285  0.177762 0.413734 0
0  3.692995 13.869463 -1.529691  -0.956940 0.000000 0.290285  0.177762 0.413736 0
c_invasion_wrangler_laser
0  3.692995 13.869463 -1.529691  -0.297004 0.950616 0.090096  0.177762 0.413736 0
0  5.225359 14.301755 -1.039388  -0.297004 0.950616 0.090096  0.177766 0.413737 0
0  4.922180 14.301755 -2.038836  -0.297004 0.950616 0.090096  0.177763 0.413738 0
c_invasion_wrangler_laser
0  4.922180 14.301755 -2.038836  0.775469 0.585928 -0.235236  0.177763 0.413738 0
0  6.031830 13.169998 -1.199805  0.775469 0.585928 -0.235236  0.177765 0.413741 0
0  5.681859 13.169998 -2.353505  0.775469 0.585928 -0.235236  0.177763 0.413739 0
c_invasion_wrangler_laser
0  6.031830 13.169998 -1.199805  0.806461 -0.585928 -0.079430  0.177765 0.413741 0
0  5.327730 12.038240 0.000000  0.806461 -0.585928 -0.079430  0.177758 0.413748 0
0  5.225359 12.038240 -1.039388  0.806461 -0.585928 -0.079430  0.177761 0.413742 0
c_invasion_wrangler_laser
0  5.225359 12.038240 -1.039388  -0.308874 -0.950616 0.030422  0.177761 0.413742 0
0  3.997270 12.470533 0.000000  -0.308874 -0.950616 0.030422  0.177751 0.413737 0
0  3.920464 12.470533 -0.779828  -0.308874 -0.950616 0.030422  0.177758 0.413738 0
c_invasion_wrangler_laser
0  3.920464 12.470533 -0.779828  -0.995185 0.000000 0.098017  0.177758 0.413738 0
0  3.997270 13.869463 -0.000000  -0.995185 0.000000 0.098017  0.177762 0.413726 0
0  3.920464 13.869463 -0.779828  -0.995185 0.000000 0.098017  0.177762 0.413734 0
c_invasion_wrangler_laser
0  3.920464 13.869463 -0.779828  -0.308874 0.950616 0.030420  0.177762 0.413734 0
0  5.327730 14.301756 -0.000000  -0.308874 0.950616 0.030420  0.177773 0.413735 0
0  5.225359 14.301755 -1.039388  -0.308874 0.950616 0.030420  0.177766 0.413737 0
c_invasion_wrangler_laser
0  5.225359 14.301755 -1.039388  0.806461 0.585928 -0.079429  0.177766 0.413737 0
0  6.150000 13.169998 0.000000  0.806461 0.585928 -0.079429  0.177770 0.413747 0
0  6.031830 13.169998 -1.199805  0.806461 0.585928 -0.079429  0.177765 0.413741 0
gold_player
0  0.000000 -9.990002 -3.310000  0.705398 0.069476 -0.705398  0.000000 0.000000 0
0  0.320000 -9.406681 -2.932548  0.705398 0.069476 -0.705398  0.000000 0.000000 0
0  0.320000 -9.990002 -2.990000  0.705398 0.069476 -0.705398  0.000000 0.000000 0
gold_player
0  0.320000 -9.990002 -2.990000  0.705398 -0.069476 0.705399  0.000000 0.000000 0
0  0.000000 -9.469110 -2.618696  0.705398 -0.069476 0.705399  0.000000 0.000000 0
0  0.000000 -9.990002 -2.670000  0.705398 -0.069476 0.705399  0.000000 0.000000 0
gold_player
0  0.000000 -9.344253 -3.246399  0.705398 0.205757 -0.678291  0.000000 0.000000 0
0  0.320000 -8.845778 -2.762400  0.705398 0.205757 -0.678291  0.000000 0.000000 0
0  0.320000 -9.406681 -2.932548  0.705398 0.205757 -0.678291  0.000000 0.000000 0
gold_player
0  0.320000 -9.406681 -2.932548  0.705398 -0.205757 0.678291  0.000000 0.000000 0
0  0.000000 -8.968237 -2.466758  0.705398 -0.205757 0.678291  0.000000 0.000000 0
0  0.000000 -9.469110 -2.618696  0.705398 -0.205757 0.678291  0.000000 0.000000 0
gold_player
0  0.000000 -8.723320 -3.058041  0.705397 0.334131 -0.625117  0.000000 0.000000 0
0  0.320000 -8.328847 -2.486094  0.705397 0.334131 -0.625117  0.000000 0.000000 0
0  0.320000 -8.845778 -2.762400  0.705397 0.334131 -0.625117  0.000000 0.000000 0
gold_player
0  0.320000 -8.845778 -2.762400  0.705399 -0.334132 0.625115  0.000000 0.000000 0
0  0.000000 -8.506629 -2.220024  0.705399 -0.334132 0.625115  0.000000 0.000000 0
0  0.000000 -8.968237 -2.466758  0.705399 -0.334132 0.625115  0.000000 0.000000 0
gold_player
0  0.000000 -8.151064 -2.752164  0.705399 0.449665 -0.547917  0.000000 0.000000 0
0  0.320000 -7.875752 -2.114249  0.705399 0.449665 -0.547917  0.000000 0.000000 0
0  0.320000 -8.328847 -2.486094  0.705399 0.449665 -0.547917  0.000000 0.000000 0
gold_player
0  0.320000 -8.328847 -2.486094  0.705398 -0.449666 0.547919  0.000000 0.000000 0
0  0.000000 -8.102027 -1.887975  0.705398 -0.449666 0.547919  0.000000 0.000000 0
0  0.000000 -8.506629 -2.220024  0.705398 -0.449666 0.547919  0.000000 0.000000 0
gold_player
0  0.000000 -7.649478 -2.340523  0.705398 0.547918 -0.449665  0.000000 0.000000 0
0  0.320000 -7.503907 -1.661155  0.705398 0.547918 -0.449665  0.000000 0.000000 0
0  0.320000 -7.875752 -2.114249  0.705398 0.547918 -0.449665  0.000000 0.000000 0
gold_player
0  0.320000 -7.875752 -2.114249  0.705398 -0.547918 0.449666  0.000000 0.000000 0
0  0.000000 -7.769978 -1.483372  0.705398 -0.547918 0.449666  0.000000 0.000000 0
0  0.000000 -8.102027 -1.887975  0.705398 -0.547918 0.449666  0.000000 0.000000 0
gold_player
0  0.000000 -7.237837 -1.838937  0.705398 0.625115 -0.334133  0.000000 0.000000 0
0  0.320000 -7.227602 -1.144224  0.705398 0.625115 -0.334133  0.000000 0.000000 0
0  0.320000 -7.503907 -1.661155  0.705398 0.625115 -0.334133  0.000000 0.000000 0
gold_player
0  0.320000 -7.503907 -1.661155  0.705398 -0.625116 0.334131  0.000000 0.000000 0
0  0.000000 -7.523244 -1.021765  0.705398 -0.625116 0.334131  0.000000 0.000000 0
0  0.000000 -7.769978 -1.483372  0.705398 -0.625116 0.334131  0.000000 0.000000 0
gold_player
0  0.000000 -6.931961 -1.266683  0.705398 0.678291 -0.205757  0.000000 0.000000 0
0  0.320000 -7.057454 -0.583320  0.705398 0.678291 -0.205757  0.000000 0.000000 0
0  0.320000 -7.227602 -1.144224  0.705398 0.678291 -0.205757  0.000000 0.000000 0
gold_player
0  0.320000 -7.227602 -1.144224  0.705399 -0.678290 0.205757  0.000000 0.000000 0
0  0.000000 -7.371305 -0.520892  0.705399 -0.678290 0.205757  0.000000 0.000000 0
0  0.000000 -7.523244 -1.021765  0.705399 -0.678290 0.205757  0.000000 0.000000 0
gold_player
0  0.000000 -6.743603 -0.645749  0.705398 0.705398 -0.069475  0.000000 0.000000 0
0  0.320000 -7.000002 -0.000000  0.705398 0.705398 -0.069475  0.000000 0.000000 0
0  0.320000 -7.057454 -0.583320  0.705398 0.705398 -0.069475  0.000000 0.000000 0
gold_player
0  0.320000 -7.057454 -0.583320  0.705398 -0.705398 0.069477  0.000000 0.000000 0
0  0.000000 -7.320002 -0.000000  0.705398 -0.705398 0.069477  0.000000 0.000000 0
0  0.000000 -7.371305 -0.520892  0.705398 -0.705398 0.069477  0.000000 0.000000 0
gold_player
0  0.000000 -6.680002 -0.000000  0.705398 0.705398 0.069477  0.000000 0.000000 0
0  0.320000 -7.057454 0.583320  0.705398 0.705398 0.069477  0.000000 0.000000 0
0  0.320000 -7.000002 -0.000000  0.705398 0.705398 0.069477  0.000000 0.000000 0
gold_player
0  0.320000 -7.000002 -0.000000  0.705398 -0.705398 -0.069476  0.000000 0.000000 0
0  0.000000 -7.371305 0.520891  0.705398 -0.705398 -0.069476  0.000000 0.000000 0
0  0.000000 -7.320002 -0.000000  0.705398 -0.705398 -0.069476  0.000000 0.000000 0
gold_player
0  0.000000 -6.743603 0.645749  0.705398 0.678290 0.205756  0.000000 0.000000 0
0  0.320000 -7.227602 1.144224  0.705398 0.678290 0.205756  0.000000 0.000000 0
0  0.320000 -7.057454 0.583320  0.705398 0.678290 0.205756  0.000000 0.000000 0
gold_player
0  0.320000 -7.057454 0.583320  0.705398 -0.678290 -0.205757  0.000000 0.000000 0
0  0.000000 -7.523244 1.021765  0.705398 -0.678290 -0.205757  0.000000 0.000000 0
0  0.000000 -7.371305 0.520891  0.705398 -0.678290 -0.205757  0.000000 0.000000 0
gold_player
0  0.000000 -6.931961 1.266682  0.705398 0.625116 0.334133  0.000000 0.000000 0
0  0.320000 -7.503907 1.661154  0.705398 0.625116 0.334133  0.000000 0.000000 0
0  0.320000 -7.227602 1.144224  0.705398 0.625116 0.334133  0.000000 0.000000 0
gold_player
0  0.320000 -7.227602 1.144224  0.705399 -0.625115 -0.334131  0.000000 0.000000 0
0  0.000000 -7.769978 1.483372  0.705399 -0.625115 -0.334131  0.000000 0.000000 0
0  0.000000 -7.523244 1.021765  0.705399 -0.625115 -0.334131  0.000000 0.000000 0
gold_player
0  0.000000 -7.237837 1.838936  0.705398 0.547918 0.449666  0.000000 0.000000 0
0  0.320000 -7.875753 2.114250  0.705398 0.547918 0.449666  0.000000 0.000000 0
0  0.320000 -7.503907 1.661154  0.705398 0.547918 0.449666  0.000000 0.000000 0
gold_player
0  0.320000 -7.503907 1.661154  0.705399 -0.547919 -0.449664  0.000000 0.000000 0
0  0.000000 -8.102027 1.887975  0.705399 -0.547919 -0.449664  0.000000 0.000000 0
0  0.000000 -7.769978 1.483372  0.705399 -0.547919 -0.449664  0.000000 0.000000 0
gold_player
0  0.000000 -7.649479 2.340524  0.705398 0.449666 0.547918  0.000000 0.000000 0
0  0.320000 -8.328846 2.486094  0.705398 0.449666 0.547918  0.000000 0.000000 0
0  0.320000 -7.875753 2.114250  0.705398 0.449666 0.547918  0.000000 0.000000 0
gold_player
0  0.320000 -7.875753 2.114250  0.705399 -0.449665 -0.547918  0.000000 0.000000 0
0  0.000000 -8.506629 2.220024  0.705399 -0.449665 -0.547918  0.000000 0.000000 0
0  0.000000 -8.102027 1.887975  0.705399 -0.449665 -0.547918  0.000000 0.000000 0
gold_player
0  0.000000 -8.151064 2.752164  0.705399 0.334131 0.625115  0.000000 0.000000 0
0  0.320000 -8.845778 2.762399  0.705399 0.334131 0.625115  0.000000 0.000000 0
0  0.320000 -8.328846 2.486094  0.705399 0.334131 0.625115  0.000000 0.000000 0
gold_player
0  0.320000 -8.328846 2.486094  0.705399 -0.334131 -0.625115  0.000000 0.000000 0
0  0.000000 -8.968237 2.466758  0.705399 -0.334131 -0.625115  0.000000 0.000000 0
0  0.000000 -8.506629 2.220024  0.705399 -0.334131 -0.625115  0.000000 0.000000 0
gold_player
0  0.000000 -8.723319 3.058041  0.705399 0.205757 0.678289  0.000000 0.000000 0
0  0.320000 -9.406682 2.932548  0.705399 0.205757 0.678289  0.000000 0.000000 0
0  0.320000 -8.845778 2.762399  0.705399 0.205757 0.678289  0.000000 0.000000 0
gold_player
0  0.320000 -8.845778 2.762399  0.705397 -0.205757 -0.678291  0.000000 0.000000 0
0  0.000000 -9.469110 2.618697  0.705397 -0.205757 -0.678291  0.000000 0.000000 0
0  0.000000 -8.968237 2.466758  0.705397 -0.205757 -0.678291  0.000000 0.000000 0
gold_player
0  0.000000 -9.344253 3.246399  0.705397 0.069475 0.705399  0.000000 0.000000 0
0  0.320000 -9.990002 2.990000  0.705397 0.069475 0.705399  0.000000 0.000000 0
0  0.320000 -9.406682 2.932548  0.705397 0.069475 0.705399  0.000000 0.000000 0
gold_player
0  0.320000 -9.406682 2.932548  0.705400 -0.069476 -0.705396  0.000000 0.000000 0
0  0.000000 -9.990002 2.670000  0.705400 -0.069476 -0.705396  0.000000 0.000000 0
0  0.000000 -9.469110 2.618697  0.705400 -0.069476 -0.705396  0.000000 0.000000 0
gold_player
0  0.000000 -9.990002 3.310000  0.705398 -0.069475 0.705398  0.000000 0.000000 0
0  0.320000 -10.573321 2.932548  0.705398 -0.069475 0.705398  0.000000 0.000000 0
0  0.320000 -9.990002 2.990000  0.705398 -0.069475 0.705398  0.000000 0.000000 0
gold_player
0  0.320000 -9.990002 2.990000  0.705398 0.069475 -0.705398  0.000000 0.000000 0
0  0.000000 -10.510893 2.618697  0.705398 0.069475 -0.705398  0.000000 0.000000 0
0  0.000000 -9.990002 2.670000  0.705398 0.069475 -0.705398  0.000000 0.000000 0
gold_player
0  0.000000 -10.635751 3.246399  0.705399 -0.205756 0.678289  0.000000 0.000000 0
0  0.320000 -11.134224 2.762400  0.705399 -0.205756 0.678289  0.000000 0.000000 0
0  0.320000 -10.573321 2.932548  0.705399 -0.205756 0.678289  0.000000 0.000000 0
gold_player
0  0.320000 -10.573321 2.932548  0.705398 0.205757 -0.678290  0.000000 0.000000 0
0  0.000000 -11.011765 2.466758  0.705398 0.205757 -0.678290  0.000000 0.000000 0
0  0.000000 -10.510893 2.618697  0.705398 0.205757 -0.678290  0.000000 0.000000 0
gold_player
0  0.000000 -11.256682 3.058042  0.705398 -0.334131 0.625116  0.000000 0.000000 0
0  0.320000 -11.651157 2.486094  0.705398 -0.334131 0.625116  0.000000 0.000000 0
0  0.320000 -11.134224 2.762400  0.705398 -0.334131 0.625116  0.000000 0.000000 0
gold_player
0  0.320000 -11.134224 2.762400  0.705398 0.334131 -0.625117  0.000000 0.000000 0
0  0.000000 -11.473374 2.220024  0.705398 0.334131 -0.625117  0.000000 0.000000 0
0  0.000000 -11.011765 2.466758  0.705398 0.334131 -0.625117  0.000000 0.000000 0
gold_player
0  0.000000 -11.828939 2.752164  0.705397 -0.449666 0.547919  0.000000 0.000000 0
0  0.320000 -12.104250 2.114250  0.705397 -0.449666 0.547919  0.000000 0.000000 0
0  0.320000 -11.651157 2.486094  0.705397 -0.449666 0.547919  0.000000 0.000000 0
gold_player
0  0.320000 -11.651157 2.486094  0.705399 0.449664 -0.547918  0.000000 0.000000 0
0  0.000000 -11.877976 1.887975  0.705399 0.449664 -0.547918  0.000000 0.000000 0
0  0.000000 -11.473374 2.220024  0.705399 0.449664 -0.547918  0.000000 0.000000 0
gold_player
0  0.000000 -12.330524 2.340524  0.705398 -0.547918 0.449665  0.000000 0.000000 0
0  0.320000 -12.476094 1.661157  0.705398 -0.547918 0.449665  0.000000 0.000000 0
0  0.320000 -12.104250 2.114250  0.705398 -0.547918 0.449665  0.000000 0.000000 0
gold_player
0  0.320000 -12.104250 2.114250  0.705398 0.547919 -0.449665  0.000000 0.000000 0
0  0.000000 -12.210024 1.483374  0.705398 0.547919 -0.449665  0.000000 0.000000 0
0  0.000000 -11.877976 1.887975  0.705398 0.547919 -0.449665  0.000000 0.000000 0
gold_player
0  0.000000 -12.742165 1.838939  0.705398 -0.625114 0.334135  0.000000 0.000000 0
0  0.320000 -12.752401 1.144224  0.705398 -0.625114 0.334135  0.000000 0.000000 0
0  0.320000 -12.476094 1.661157  0.705398 -0.625114 0.334135  0.000000 0.000000 0
gold_player
0  0.320000 -12.476094 1.661157  0.705399 0.625115 -0.334131  0.000000 0.000000 0
0  0.000000 -12.456759 1.021765  0.705399 0.625115 -0.334131  0.000000 0.000000 0
0  0.000000 -12.210024 1.483374  0.705399 0.625115 -0.334131  0.000000 0.000000 0
gold_player
0  0.000000 -13.048042 1.266682  0.705398 -0.678290 0.205758  0.000000 0.000000 0
0  0.320000 -12.922549 0.583321  0.705398 -0.678290 0.205758  0.000000 0.000000 0
0  0.320000 -12.752401 1.144224  0.705398 -0.678290 0.205758  0.000000 0.000000 0
gold_player
0  0.320000 -12.752401 1.144224  0.705398 0.678289 -0.205761  0.000000 0.000000 0
0  0.000000 -12.608698 0.520892  0.705398 0.678289 -0.205761  0.000000 0.000000 0
0  0.000000 -12.456759 1.021765  0.705398 0.678289 -0.205761  0.000000 0.000000 0
gold_player
0  0.000000 -13.236401 0.645750  0.705398 -0.705398 0.069474  0.000000 0.000000 0
0  0.320000 -12.980001 -0.000000  0.705398 -0.705398 0.069474  0.000000 0.000000 0
0  0.320000 -12.922549 0.583321  0.705398 -0.705398 0.069474  0.000000 0.000000 0
gold_player
0  0.320000 -12.922549 0.583321  0.705398 0.705398 -0.069477  0.000000 0.000000 0
0  0.000000 -12.660002 -0.000000  0.705398 0.705398 -0.069477  0.000000 0.000000 0
0  0.000000 -12.608698 0.520892  0.705398 0.705398 -0.069477  0.000000 0.000000 0
gold_player
0  0.000000 -13.300001 -0.000000  0.705398 -0.705398 -0.069476  0.000000 0.000000 0
0  0.320000 -12.922550 -0.583319  0.705398 -0.705398 -0.069476  0.000000 0.000000 0
0  0.320000 -12.980001 -0.000000  0.705398 -0.705398 -0.069476  0.000000 0.000000 0
gold_player
0  0.320000 -12.980001 -0.000000  0.705398 0.705398 0.069478  0.000000 0.000000 0
0  0.000000 -12.608698 -0.520890  0.705398 0.705398 0.069478  0.000000 0.000000 0
0  0.000000 -12.660002 -0.000000  0.705398 0.705398 0.069478  0.000000 0.000000 0
gold_player
0  0.000000 -13.236401 -0.645748  0.705397 -0.678291 -0.205758  0.000000 0.000000 0
0  0.320000 -12.752401 -1.144224  0.705397 -0.678291 -0.205758  0.000000 0.000000 0
0  0.320000 -12.922550 -0.583319  0.705397 -0.678291 -0.205758  0.000000 0.000000 0
gold_player
0  0.320000 -12.922550 -0.583319  0.705400 0.678290 0.205752  0.000000 0.000000 0
0  0.000000 -12.456759 -1.021765  0.705400 0.678290 0.205752  0.000000 0.000000 0
0  0.000000 -12.608698 -0.520890  0.705400 0.678290 0.205752  0.000000 0.000000 0
gold_player
0  0.000000 -13.048042 -1.266683  0.705398 -0.625116 -0.334132  0.000000 0.000000 0
0  0.320000 -12.476096 -1.661155  0.705398 -0.625116 -0.334132  0.000000 0.000000 0
0  0.320000 -12.752401 -1.144224  0.705398 -0.625116 -0.334132  0.000000 0.000000 0
gold_player
0  0.320000 -12.752401 -1.144224  0.705399 0.625115 0.334130  0.000000 0.000000 0
0  0.000000 -12.210026 -1.483372  0.705399 0.625115 0.334130  0.000000 0.000000 0
0  0.000000 -12.456759 -1.021765  0.705399 0.625115 0.334130  0.000000 0.000000 0
gold_player
0  0.000000 -12.742167 -1.838937  0.705398 -0.547918 -0.449665  0.000000 0.000000 0
0  0.320000 -12.104252 -2.114248  0.705398 -0.547918 -0.449665  0.000000 0.000000 0
0  0.320000 -12.476096 -1.661155  0.705398 -0.547918 -0.449665  0.000000 0.000000 0
gold_player
0  0.320000 -12.476096 -1.661155  0.705397 0.547918 0.449667  0.000000 0.000000 0
0  0.000000 -11.877977 -1.887974  0.705397 0.547918 0.449667  0.000000 0.000000 0
0  0.000000 -12.210026 -1.483372  0.705397 0.547918 0.449667  0.000000 0.000000 0
gold_player
0  0.000000 -12.330526 -2.340522  0.705398 -0.449665 -0.547918  0.000000 0.000000 0
0  0.320000 -11.651156 -2.486094  0.705398 -0.449665 -0.547918  0.000000 0.000000 0
0  0.320000 -12.104252 -2.114248  0.705398 -0.449665 -0.547918  0.000000 0.000000 0
gold_player
0  0.320000 -12.104252 -2.114248  0.705397 0.449666 0.547919  0.000000 0.000000 0
0  0.000000 -11.473374 -2.220024  0.705397 0.449666 0.547919  0.000000 0.000000 0
0  0.000000 -11.877977 -1.887974  0.705397 0.449666 0.547919  0.000000 0.000000 0
gold_player
0  0.000000 -11.828939 -2.752164  0.705399 -0.334132 -0.625115  0.000000 0.000000 0
0  0.320000 -11.134226 -2.762399  0.705399 -0.334132 -0.625115  0.000000 0.000000 0
0  0.320000 -11.651156 -2.486094  0.705399 -0.334132 -0.625115  0.000000 0.000000 0
gold_player
0  0.320000 -11.651156 -2.486094  0.705398 0.334132 0.625116  0.000000 0.000000 0
0  0.000000 -11.011767 -2.466758  0.705398 0.334132 0.625116  0.000000 0.000000 0
0  0.000000 -11.473374 -2.220024  0.705398 0.334132 0.625116  0.000000 0.000000 0
gold_player
0  0.000000 -11.256685 -3.058040  0.705397 -0.205757 -0.678292  0.000000 0.000000 0
0  0.320000 -10.573321 -2.932548  0.705397 -0.205757 -0.678292  0.000000 0.000000 0
0  0.320000 -11.134226 -2.762399  0.705397 -0.205757 -0.678292  0.000000 0.000000 0
gold_player
0  0.320000 -11.134226 -2.762399  0.705399 0.205758 0.678289  0.000000 0.000000 0
0  0.000000 -10.510893 -2.618697  0.705399 0.205758 0.678289  0.000000 0.000000 0
0  0.000000 -11.011767 -2.466758  0.705399 0.205758 0.678289  0.000000 0.000000 0
gold_player
0  0.000000 -10.635750 -3.246399  0.705397 -0.069476 -0.705399  0.000000 0.000000 0
0  0.320000 -9.990002 -2.990000  0.705397 -0.069476 -0.705399  0.000000 0.000000 0
0  0.320000 -10.573321 -2.932548  0.705397 -0.069476 -0.705399  0.000000 0.000000 0
gold_player
0  0.320000 -10.573321 -2.932548  0.705399 0.069476 0.705397  0.000000 0.000000 0
0  0.000000 -9.990002 -2.670000  0.705399 0.069476 0.705397  0.000000 0.000000 0
0  0.000000 -10.510893 -2.618697  0.705399 0.069476 0.705397  0.000000 0.000000 0
painted_wood_01
0  -0.717787 3.355001 -0.717788  -0.772871 -0.018951 -0.634280  0.297978 0.539823 0
0  -0.749008 -2.645002 -0.500475  -0.772871 -0.018951 -0.634280  0.297978 0.539823 0
0  -0.844029 3.355001 -0.563962  -0.772871 -0.018951 -0.634280  0.297978 0.539823 0
gold_player
0  0.000000 9.625002 1.170000  -0.097988 -0.024578 0.994884  0.000000 0.000000 0
0  -0.198037 3.355001 0.995600  -0.097988 -0.024578 0.994884  0.000000 0.000000 0
0  0.000000 3.355001 1.015105  -0.097988 -0.024578 0.994884  0.000000 0.000000 0
gold_player
0  -0.228256 9.625002 1.147519  -0.290197 -0.024578 0.956651  0.000000 0.000000 0
0  -0.388464 3.355001 0.937835  -0.290197 -0.024578 0.956651  0.000000 0.000000 0
0  -0.198037 3.355001 0.995600  -0.290197 -0.024578 0.956651  0.000000 0.000000 0
painted_wood_01
0  -0.636979 -2.645002 0.636982  -0.629442 0.124693 0.766977  0.297978 0.539823 0
0  -0.781099 -6.644995 1.169013  -0.629442 0.124693 0.766977  0.297978 0.539823 0
0  -0.500471 -2.645002 0.749012  -0.629442 0.124693 0.766977  0.297978 0.539823 0
gold_player
0  -0.447739 9.625002 1.080939  -0.471254 -0.024578 0.881655  0.000000 0.000000 0
0  -0.563962 3.355001 0.844029  -0.471254 -0.024578 0.881655  0.000000 0.000000 0
0  -0.388464 3.355001 0.937835  -0.471254 -0.024578 0.881655  0.000000 0.000000 0
painted_wood_01
0  -0.995600 3.355001 -0.198037  -0.995006 -0.018952 -0.098003  0.297978 0.539823 0
0  -0.900825 -2.645002 0.000000  -0.995006 -0.018952 -0.098003  0.297978 0.539823 0
0  -1.015106 3.355001 0.000000  -0.995006 -0.018952 -0.098003  0.297978 0.539823 0
gold_player
0  -0.650017 9.625002 0.972820  -0.634202 -0.024578 0.772777  0.000000 0.000000 0
0  -0.717787 3.355001 0.717788  -0.634202 -0.024578 0.772777  0.000000 0.000000 0
0  -0.563962 3.355001 0.844029  -0.634202 -0.024578 0.772777  0.000000 0.000000 0
gold_player
0  -0.175742 -2.645002 -0.883519  -0.288020 0.124693 -0.949472  0.000000 0.000000 0
0  -0.538031 -6.644995 -1.298936  -0.288020 0.124693 -0.949472  0.000000 0.000000 0
0  -0.344730 -2.645002 -0.832257  -0.288020 0.124693 -0.949472  0.000000 0.000000 0
gold_player
0  -0.827315 9.625002 0.827315  -0.772776 -0.024578 0.634203  0.000000 0.000000 0
0  -0.844029 3.355001 0.563962  -0.772776 -0.024578 0.634203  0.000000 0.000000 0
0  -0.717787 3.355001 0.717788  -0.772776 -0.024578 0.634203  0.000000 0.000000 0
gold_player
0  -0.883515 -2.645002 0.175745  -0.949472 0.124692 0.288021  0.000000 0.000000 0
0  -1.298921 -6.644995 0.538046  -0.949472 0.124692 0.288021  0.000000 0.000000 0
0  -0.832253 -2.645002 0.344734  -0.949472 0.124692 0.288021  0.000000 0.000000 0
gold_player
0  -0.972819 9.625002 0.650017  -0.881655 -0.024578 0.471254  0.000000 0.000000 0
0  -0.937835 3.355001 0.388464  -0.881655 -0.024578 0.471254  0.000000 0.000000 0
0  -0.844029 3.355001 0.563962  -0.881655 -0.024578 0.471254  0.000000 0.000000 0
painted_wood_01
0  -0.198037 3.355001 0.995600  -0.097999 -0.018951 0.995006  0.297978 0.539823 0
0  0.000000 -2.645002 0.900828  -0.097999 -0.018951 0.995006  0.297978 0.539823 0
0  0.000000 3.355001 1.015105  -0.097999 -0.018951 0.995006  0.297978 0.539823 0
gold_player
0  -1.080939 9.625002 0.447740  -0.956652 -0.024578 0.290196  0.000000 0.000000 0
0  -0.995600 3.355001 0.198037  -0.956652 -0.024578 0.290196  0.000000 0.000000 0
0  -0.937835 3.355001 0.388464  -0.956652 -0.024578 0.290196  0.000000 0.000000 0
painted_wood_01
0  -0.937835 3.355001 0.388464  -0.881763 -0.018951 0.471312  0.297978 0.539823 0
0  -0.749008 -2.645002 0.500475  -0.881763 -0.018951 0.471312  0.297978 0.539823 0
0  -0.844029 3.355001 0.563962  -0.881763 -0.018951 0.471312  0.297978 0.539823 0
gold_player
0  -1.147519 9.625002 0.228256  -0.994884 -0.024578 0.097991  0.000000 0.000000 0
0  -1.015106 3.355001 0.000000  -0.994884 -0.024578 0.097991  0.000000 0.000000 0
0  -0.995600 3.355001 0.198037  -0.994884 -0.024578 0.097991  0.000000 0.000000 0
painted_wood_01
0  -0.388464 3.355001 -0.937835  -0.471313 -0.018951 -0.881763  0.297978 0.539823 0
0  -0.500471 -2.645002 -0.749012  -0.471313 -0.018951 -0.881763  0.297978 0.539823 0
0  -0.563962 3.355001 -0.844029  -0.471313 -0.018951 -0.881763  0.297978 0.539823 0
gold_player
0  -1.170000 9.625002 0.000000  -0.994884 -0.024578 -0.097991  0.000000 0.000000 0
0  -0.995600 3.355001 -0.198037  -0.994884 -0.024578 -0.097991  0.000000 0.000000 0
0  -1.015106 3.355001 0.000000  -0.994884 -0.024578 -0.097991  0.000000 0.000000 0
gold_player
0  -1.147519 9.625002 -0.228256  -0.956652 -0.024578 -0.290196  0.000000 0.000000 0
0  -0.937835 3.355001 -0.388464  -0.956652 -0.024578 -0.290196  0.000000 0.000000 0
0  -0.995600 3.355001 -0.198037  -0.956652 -0.024578 -0.290196  0.000000 0.000000 0
gold_player
0  -0.832253 -2.645002 -0.344734  -0.949472 0.124692 -0.288021  0.000000 0.000000 0
0  -1.378928 -6.644995 -0.274301  -0.949472 0.124692 -0.288021  0.000000 0.000000 0
0  -0.883515 -2.645002 -0.175745  -0.949472 0.124692 -0.288021  0.000000 0.000000 0
gold_player
0  -1.080939 9.625002 -0.447740  -0.881655 -0.024578 -0.471254  0.000000 0.000000 0
0  -0.844029 3.355001 -0.563962  -0.881655 -0.024578 -0.471254  0.000000 0.000000 0
0  -0.937835 3.355001 -0.388464  -0.881655 -0.024578 -0.471254  0.000000 0.000000 0
gold_player
0  -0.344730 -2.645002 0.832257  -0.288020 0.124693 0.949471  0.000000 0.000000 0
0  -0.274286 -6.644995 1.378942  -0.288020 0.124693 0.949471  0.000000 0.000000 0
0  -0.175742 -2.645002 0.883519  -0.288020 0.124693 0.949471  0.000000 0.000000 0
painted_wood_01
0  -0.563962 3.355001 0.844029  -0.471313 -0.018951 0.881763  0.297978 0.539823 0
0  -0.344730 -2.645002 0.832257  -0.471313 -0.018951 0.881763  0.297978 0.539823 0
0  -0.388464 3.355001 0.937835  -0.471313 -0.018951 0.881763  0.297978 0.539823 0
gold_player
0  -0.972819 9.625002 -0.650017  -0.772776 -0.024578 -0.634203  0.000000 0.000000 0
0  -0.717787 3.355001 -0.717788  -0.772776 -0.024578 -0.634203  0.000000 0.000000 0
0  -0.844029 3.355001 -0.563962  -0.772776 -0.024578 -0.634203  0.000000 0.000000 0
painted_wood_01
0  -0.844029 3.355001 -0.563962  -0.881763 -0.018951 -0.471312  0.297978 0.539823 0
0  -0.832253 -2.645002 -0.344734  -0.881763 -0.018951 -0.471312  0.297978 0.539823 0
0  -0.937835 3.355001 -0.388464  -0.881763 -0.018951 -0.471312  0.297978 0.539823 0
gold_player
0  -0.827315 9.625002 -0.827315  -0.634202 -0.024578 -0.772777  0.000000 0.000000 0
0  -0.563962 3.355001 -0.844029  -0.634202 -0.024578 -0.772777  0.000000 0.000000 0
0  -0.717787 3.355001 -0.717788  -0.634202 -0.024578 -0.772777  0.000000 0.000000 0
gold_player
0  -0.650017 9.625002 -0.972820  -0.471254 -0.024578 -0.881655  0.000000 0.000000 0
0  -0.388464 3.355001 -0.937835  -0.471254 -0.024578 -0.881655  0.000000 0.000000 0
0  -0.563962 3.355001 -0.844029  -0.471254 -0.024578 -0.881655  0.000000 0.000000 0
painted_wood_01
0  -0.500471 -2.645002 -0.749012  -0.629442 0.124693 -0.766977  0.297978 0.539823 0
0  -0.994151 -6.644995 -0.994166  -0.629442 0.124693 -0.766977  0.297978 0.539823 0
0  -0.636979 -2.645002 -0.636982  -0.629442 0.124693 -0.766977  0.297978 0.539823 0
gold_player
0  -0.447739 9.625002 -1.080939  -0.290197 -0.024578 -0.956651  0.000000 0.000000 0
0  -0.198037 3.355001 -0.995600  -0.290197 -0.024578 -0.956651  0.000000 0.000000 0
0  -0.388464 3.355001 -0.937835  -0.290197 -0.024578 -0.956651  0.000000 0.000000 0
painted_wood_01
0  -0.749008 -2.645002 0.500475  -0.766977 0.124693 0.629442  0.297978 0.539823 0
0  -0.994151 -6.644995 0.994166  -0.766977 0.124693 0.629442  0.297978 0.539823 0
0  -0.636979 -2.645002 0.636982  -0.766977 0.124693 0.629442  0.297978 0.539823 0
painted_wood_01
0  -1.015106 3.355001 0.000000  -0.995006 -0.018952 0.098003  0.297978 0.539823 0
0  -0.883515 -2.645002 0.175745  -0.995006 -0.018952 0.098003  0.297978 0.539823 0
0  -0.995600 3.355001 0.198037  -0.995006 -0.018952 0.098003  0.297978 0.539823 0
gold_player
0  -0.228256 9.625002 -1.147519  -0.097987 -0.024578 -0.994884  0.000000 0.000000 0
0  0.000000 3.355001 -1.015105  -0.097987 -0.024578 -0.994884  0.000000 0.000000 0
0  -0.198037 3.355001 -0.995600  -0.097987 -0.024578 -0.994884  0.000000 0.000000 0
painted_wood_01
0  0.000000 3.355001 -1.015105  -0.097999 -0.018951 -0.995006  0.297978 0.539823 0
0  -0.175742 -2.645002 -0.883519  -0.097999 -0.018951 -0.995006  0.297978 0.539823 0
0  -0.198037 3.355001 -0.995600  -0.097999 -0.018951 -0.995006  0.297978 0.539823 0
painted_wood_01
0  0.000000 -2.645002 -0.900828  -0.097253 0.124694 -0.987417  0.297978 0.539823 0
0  -0.274286 -6.644995 -1.378942  -0.097253 0.124694 -0.987417  0.297978 0.539823 0
0  -0.175742 -2.645002 -0.883519  -0.097253 0.124694 -0.987417  0.297978 0.539823 0
painted_wood_01
0  -0.900825 -2.645002 0.000000  -0.987418 0.124691 0.097251  0.297978 0.539823 0
0  -1.378928 -6.644995 0.274301  -0.987418 0.124691 0.097251  0.297978 0.539823 0
0  -0.883515 -2.645002 0.175745  -0.987418 0.124691 0.097251  0.297978 0.539823 0
painted_wood_01
0  -0.844029 3.355001 0.563962  -0.772871 -0.018951 0.634280  0.297978 0.539823 0
0  -0.636979 -2.645002 0.636982  -0.772871 -0.018951 0.634280  0.297978 0.539823 0
0  -0.717787 3.355001 0.717788  -0.772871 -0.018951 0.634280  0.297978 0.539823 0
painted_wood_01
0  -0.563962 3.355001 -0.844029  -0.634279 -0.018951 -0.772872  0.297978 0.539823 0
0  -0.636979 -2.645002 -0.636982  -0.634279 -0.018951 -0.772872  0.297978 0.539823 0
0  -0.717787 3.355001 -0.717788  -0.634279 -0.018951 -0.772872  0.297978 0.539823 0
painted_wood_01
0  -0.749008 -2.645002 -0.500475  -0.875039 0.124692 -0.467716  0.297978 0.539823 0
0  -1.298921 -6.644995 -0.538046  -0.875039 0.124692 -0.467716  0.297978 0.539823 0
0  -0.832253 -2.645002 -0.344734  -0.875039 0.124692 -0.467716  0.297978 0.539823 0
painted_wood_01
0  -0.500471 -2.645002 0.749012  -0.467717 0.124693 0.875039  0.297978 0.539823 0
0  -0.538031 -6.644995 1.298936  -0.467717 0.124693 0.875039  0.297978 0.539823 0
0  -0.344730 -2.645002 0.832257  -0.467717 0.124693 0.875039  0.297978 0.539823 0
gold_player
0  -0.388464 3.355001 0.937835  -0.290234 -0.018951 0.956768  0.000000 0.000000 0
0  -0.175742 -2.645002 0.883519  -0.290234 -0.018951 0.956768  0.000000 0.000000 0
0  -0.198037 3.355001 0.995600  -0.290234 -0.018951 0.956768  0.000000 0.000000 0
gold_player
0  -0.937835 3.355001 -0.388464  -0.956769 -0.018951 -0.290231  0.000000 0.000000 0
0  -0.883515 -2.645002 -0.175745  -0.956769 -0.018951 -0.290231  0.000000 0.000000 0
0  -0.995600 3.355001 -0.198037  -0.956769 -0.018951 -0.290231  0.000000 0.000000 0
painted_wood_01
0  -0.344730 -2.645002 -0.832257  -0.467718 0.124693 -0.875038  0.297978 0.539823 0
0  -0.781099 -6.644995 -1.169013  -0.467718 0.124693 -0.875038  0.297978 0.539823 0
0  -0.500471 -2.645002 -0.749012  -0.467718 0.124693 -0.875038  0.297978 0.539823 0
painted_wood_01
0  -0.832253 -2.645002 0.344734  -0.875039 0.124692 0.467716  0.297978 0.539823 0
0  -1.168998 -6.644995 0.781114  -0.875039 0.124692 0.467716  0.297978 0.539823 0
0  -0.749008 -2.645002 0.500475  -0.875039 0.124692 0.467716  0.297978 0.539823 0
gold_player
0  -0.995600 3.355001 0.198037  -0.956769 -0.018952 0.290231  0.000000 0.000000 0
0  -0.832253 -2.645002 0.344734  -0.956769 -0.018952 0.290231  0.000000 0.000000 0
0  -0.937835 3.355001 0.388464  -0.956769 -0.018952 0.290231  0.000000 0.000000 0
gold_player
0  -0.198037 3.355001 -0.995600  -0.290233 -0.018951 -0.956768  0.000000 0.000000 0
0  -0.344730 -2.645002 -0.832257  -0.290233 -0.018951 -0.956768  0.000000 0.000000 0
0  -0.388464 3.355001 -0.937835  -0.290233 -0.018951 -0.956768  0.000000 0.000000 0
painted_wood_01
0  -0.883515 -2.645002 -0.175745  -0.987418 0.124691 -0.097251  0.297978 0.539823 0
0  -1.405942 -6.644995 0.000000  -0.987418 0.124691 -0.097251  0.297978 0.539823 0
0  -0.900825 -2.645002 0.000000  -0.987418 0.124691 -0.097251  0.297978 0.539823 0
painted_wood_01
0  -0.636979 -2.645002 -0.636982  -0.766977 0.124692 -0.629442  0.297978 0.539823 0
0  -1.168998 -6.644995 -0.781114  -0.766977 0.124692 -0.629442  0.297978 0.539823 0
0  -0.749008 -2.645002 -0.500475  -0.766977 0.124692 -0.629442  0.297978 0.539823 0
painted_wood_01
0  -0.717787 3.355001 0.717788  -0.634279 -0.018951 0.772872  0.297978 0.539823 0
0  -0.500471 -2.645002 0.749012  -0.634279 -0.018951 0.772872  0.297978 0.539823 0
0  -0.563962 3.355001 0.844029  -0.634279 -0.018951 0.772872  0.297978 0.539823 0
painted_wood_01
0  -0.175742 -2.645002 0.883519  -0.097253 0.124694 0.987418  0.297978 0.539823 0
0  0.000000 -6.644995 1.405957  -0.097253 0.124694 0.987418  0.297978 0.539823 0
0  0.000000 -2.645002 0.900828  -0.097253 0.124694 0.987418  0.297978 0.539823 0
gold_player
0  -1.147519 14.625002 -0.228256  -0.956940 0.000000 -0.290285  0.000000 0.000000 0
0  -1.080939 16.625002 -0.447740  -0.956940 0.000000 -0.290285  0.000000 0.000000 0
0  -1.080939 14.625002 -0.447740  -0.956940 0.000000 -0.290285  0.000000 0.000000 0
gold_player
0  -0.447739 14.625002 1.080939  -0.471397 0.000000 0.881921  0.000000 0.000000 0
0  -0.650017 16.625002 0.972820  -0.471397 0.000000 0.881921  0.000000 0.000000 0
0  -0.650017 14.625002 0.972820  -0.471397 0.000000 0.881921  0.000000 0.000000 0
gold_player
0  -1.170000 14.625002 0.000000  -0.995185 0.000000 -0.098018  0.000000 0.000000 0
0  -1.147519 16.625002 -0.228256  -0.995185 0.000000 -0.098018  0.000000 0.000000 0
0  -1.147519 14.625002 -0.228256  -0.995185 0.000000 -0.098018  0.000000 0.000000 0
gold_player
0  -0.827315 14.625002 0.827315  -0.773011 0.000000 0.634393  0.000000 0.000000 0
0  -0.972819 16.625002 0.650017  -0.773011 0.000000 0.634393  0.000000 0.000000 0
0  -0.972819 14.625002 0.650017  -0.773011 0.000000 0.634393  0.000000 0.000000 0
gold_player
0  -0.972819 14.625002 -0.650017  -0.773011 0.000000 -0.634393  0.000000 0.000000 0
0  -0.827315 16.625002 -0.827315  -0.773011 0.000000 -0.634393  0.000000 0.000000 0
0  -0.827315 14.625002 -0.827315  -0.773011 0.000000 -0.634393  0.000000 0.000000 0
gold_player
0  -1.207593 12.019003 -0.806888  -0.773010 0.000000 -0.634394  0.000000 0.000000 0
0  -1.026974 14.231001 -1.026974  -0.773010 0.000000 -0.634394  0.000000 0.000000 0
0  -1.026974 12.019003 -1.026974  -0.773010 0.000000 -0.634394  0.000000 0.000000 0
gold_player
0  -1.341806 12.019003 0.555794  -0.956941 0.000000 0.290284  0.000000 0.000000 0
0  -1.424453 14.231001 0.283341  -0.956941 0.000000 0.290284  0.000000 0.000000 0
0  -1.424453 12.019003 0.283341  -0.956941 0.000000 0.290284  0.000000 0.000000 0
gold_player
0  -0.447739 14.625002 1.080939  -0.236336 0.580649 0.779097  0.000000 0.000000 0
0  -0.555794 14.231001 1.341806  -0.236336 0.580649 0.779097  0.000000 0.000000 0
0  -0.228256 14.625002 1.147519  -0.236336 0.580649 0.779097  0.000000 0.000000 0
gold_player
0  -0.806888 12.019003 1.207593  -0.634393 0.000000 0.773011  0.000000 0.000000 0
0  -1.026974 14.231001 1.026974  -0.634393 0.000000 0.773011  0.000000 0.000000 0
0  -1.026974 12.019003 1.026974  -0.634393 0.000000 0.773011  0.000000 0.000000 0
gold_player
0  -1.424453 12.019003 0.283341  -0.995185 0.000000 0.098018  0.000000 0.000000 0
0  -1.452360 14.231001 0.000000  -0.995185 0.000000 0.098018  0.000000 0.000000 0
0  -1.452360 12.019003 0.000000  -0.995185 0.000000 0.098018  0.000000 0.000000 0
gold_player
0  -0.228256 14.625002 1.147519  -0.290285 0.000000 0.956940  0.000000 0.000000 0
0  -0.447739 16.625002 1.080939  -0.290285 0.000000 0.956940  0.000000 0.000000 0
0  -0.447739 14.625002 1.080939  -0.290285 0.000000 0.956940  0.000000 0.000000 0
gold_player
0  -1.080939 14.625002 0.447740  -0.956940 0.000000 0.290285  0.000000 0.000000 0
0  -1.147519 16.625002 0.228256  -0.956940 0.000000 0.290285  0.000000 0.000000 0
0  -1.147519 14.625002 0.228256  -0.956940 0.000000 0.290285  0.000000 0.000000 0
gold_player
0  -0.650017 14.625002 0.972820  -0.634393 0.000000 0.773010  0.000000 0.000000 0
0  -0.827315 16.625002 0.827315  -0.634393 0.000000 0.773010  0.000000 0.000000 0
0  -0.827315 14.625002 0.827315  -0.634393 0.000000 0.773010  0.000000 0.000000 0
gold_player
0  0.000000 14.625002 1.170000  -0.098017 0.000000 0.995185  0.000000 0.000000 0
0  -0.228256 16.625002 1.147519  -0.098017 0.000000 0.995185  0.000000 0.000000 0
0  -0.228256 14.625002 1.147519  -0.098017 0.000000 0.995185  0.000000 0.000000 0
gold_player
0  -0.228256 14.625002 -1.147519  -0.098017 0.000000 -0.995185  0.000000 0.000000 0
0  0.000000 16.625002 -1.170000  -0.098017 0.000000 -0.995185  0.000000 0.000000 0
0  0.000000 14.625002 -1.170000  -0.098017 0.000000 -0.995185  0.000000 0.000000 0
gold_player
0  -0.972819 14.625002 0.650017  -0.881921 0.000000 0.471397  0.000000 0.000000 0
0  -1.080939 16.625002 0.447740  -0.881921 0.000000 0.471397  0.000000 0.000000 0
0  -1.080939 14.625002 0.447740  -0.881921 0.000000 0.471397  0.000000 0.000000 0
gold_player
0  -1.026974 12.019003 1.026974  -0.773010 0.000000 0.634394  0.000000 0.000000 0
0  -1.207593 14.231001 0.806888  -0.773010 0.000000 0.634394  0.000000 0.000000 0
0  -1.207593 12.019003 0.806888  -0.773010 0.000000 0.634394  0.000000 0.000000 0
gold_player
0  -0.228256 11.625002 -1.147519  -0.098017 0.000000 -0.995185  0.000000 0.000000 0
0  0.000000 14.625002 -1.170000  -0.098017 0.000000 -0.995185  0.000000 0.000000 0
0  0.000000 11.625002 -1.170000  -0.098017 0.000000 -0.995185  0.000000 0.000000 0
gold_player
0  0.000000 11.625002 1.170000  -0.098017 0.000000 0.995185  0.000000 0.000000 0
0  -0.228256 14.625002 1.147519  -0.098017 0.000000 0.995185  0.000000 0.000000 0
0  -0.228256 11.625002 1.147519  -0.098017 0.000000 0.995185  0.000000 0.000000 0
gold_player
0  -1.026974 12.019003 -1.026974  -0.634393 0.000000 -0.773011  0.000000 0.000000 0
0  -0.806888 14.231001 -1.207593  -0.634393 0.000000 -0.773011  0.000000 0.000000 0
0  -0.806888 12.019003 -1.207593  -0.634393 0.000000 -0.773011  0.000000 0.000000 0
gold_player
0  -0.274286 -6.644995 -1.378942  -0.414940 0.136995 -0.899476  0.000000 0.000000 0
0  -0.039692 -7.644995 0.000000  -0.687853 0.071891 -0.722281  0.000000 0.000000 0
0  -0.538031 -6.644995 -1.298936  -0.449084 0.133131 -0.883516  0.000000 0.000000 0
gold_player
0  -1.378928 -6.644995 0.274301  -0.958380 -0.153961 0.240424  0.000000 0.000000 0
0  -0.039692 -7.644995 0.000000  -0.975729 -0.161499 0.147887  0.000000 0.000000 0
0  -1.298921 -6.644995 0.538046  -0.963786 -0.155183 0.216873  0.000000 0.000000 0
painted_wood_01
0  -0.538031 -6.644995 -1.298936  -0.585434 0.081455 -0.806618  0.297978 0.539823 0
0  -0.039692 -7.644995 0.000000  -0.810582 0.016998 -0.585379  0.297978 0.539823 0
0  -0.781099 -6.644995 -1.169013  -0.612556 0.077913 -0.786578  0.297978 0.539823 0
painted_wood_01
0  -1.298921 -6.644995 0.538046  -0.916483 -0.107661 0.385314  0.297978 0.539823 0
0  -0.039692 -7.644995 0.000000  -0.965836 -0.131796 0.223141  0.297978 0.539823 0
0  -1.168998 -6.644995 0.781114  -0.918939 -0.108160 0.379280  0.297978 0.539823 0
painted_wood_01
0  -0.781099 -6.644995 -1.169013  -0.729594 0.017373 -0.683660  0.297978 0.539823 0
0  -0.039692 -7.644995 0.000000  -0.893131 -0.039677 -0.448044  0.297978 0.539823 0
0  -0.994151 -6.644995 -0.994166  -0.746478 0.014809 -0.665245  0.297978 0.539823 0
painted_wood_01
0  -1.168998 -6.644995 0.781114  -0.847564 -0.048085 0.528510  0.297978 0.539823 0
0  -0.039692 -7.644995 0.000000  -0.941879 -0.089732 0.323747  0.297978 0.539823 0
0  -0.994151 -6.644995 0.994166  -0.841697 -0.047048 0.537896  0.297978 0.539823 0
painted_wood_01
0  -0.994151 -6.644995 -0.994166  -0.841618 -0.047035 -0.538021  0.297978 0.539823 0
0  -0.039692 -7.644995 0.000000  -0.941888 -0.089740 -0.323720  0.297978 0.539823 0
0  -1.168998 -6.644995 -0.781114  -0.847546 -0.048082 -0.528539  0.297978 0.539823 0
painted_wood_01
0  -0.994151 -6.644995 0.994166  -0.746423 0.014818 0.665307  0.297978 0.539823 0
0  -0.039692 -7.644995 0.000000  -0.893118 -0.039668 0.448070  0.297978 0.539823 0
0  -0.781099 -6.644995 1.169013  -0.729618 0.017370 0.683634  0.297978 0.539823 0
painted_wood_01
0  -1.168998 -6.644995 -0.781114  -0.918967 -0.108166 -0.379209  0.297978 0.539823 0
0  -0.039692 -7.644995 0.000000  -0.965841 -0.131802 -0.223114  0.297978 0.539823 0
0  -1.298921 -6.644995 -0.538046  -0.916471 -0.107659 -0.385345  0.297978 0.539823 0
painted_wood_01
0  -0.781099 -6.644995 1.169013  -0.612585 0.077908 0.786555  0.297978 0.539823 0
0  -0.039692 -7.644995 0.000000  -0.810564 0.017008 0.585404  0.297978 0.539823 0
0  -0.538031 -6.644995 1.298936  -0.585566 0.081438 0.806524  0.297978 0.539823 0
gold_player
0  -1.298921 -6.644995 -0.538046  -0.963801 -0.155188 -0.216803  0.000000 0.000000 0
0  -0.039692 -7.644995 0.000000  -0.975733 -0.161502 -0.147861  0.000000 0.000000 0
0  -1.378928 -6.644995 -0.274301  -0.958373 -0.153960 -0.240454  0.000000 0.000000 0
gold_player
0  -0.538031 -6.644995 1.298936  -0.449002 0.133142 0.883555  0.000000 0.000000 0
0  -0.039692 -7.644995 0.000000  -0.687830 0.071901 0.722302  0.000000 0.000000 0
0  -0.274286 -6.644995 1.378942  -0.415093 0.136980 0.899408  0.000000 0.000000 0
painted_wood_01
0  -1.378928 -6.644995 -0.274301  -0.981884 -0.180375 -0.058046  0.297978 0.539823 0
0  -0.039692 -7.644995 0.000000  -0.981433 -0.180142 -0.065858  0.297978 0.539823 0
0  -1.405942 -6.644995 0.000000  -0.979230 -0.179740 -0.093817  0.297978 0.539823 0
painted_wood_01
0  0.000000 -6.644995 -1.405957  -0.226058 0.185725 -0.956245  0.297978 0.539823 0
0  -0.039692 -7.644995 0.000000  -0.525172 0.125078 -0.841754  0.297978 0.539823 0
0  -0.274286 -6.644995 -1.378942  -0.262767 0.182083 -0.947523  0.297978 0.539823 0
painted_wood_01
0  -0.274286 -6.644995 1.378942  -0.262803 0.182079 0.947513  0.297978 0.539823 0
0  -0.039692 -7.644995 0.000000  -0.525143 0.125088 0.841771  0.297978 0.539823 0
0  0.000000 -6.644995 1.405957  -0.226096 0.185722 0.956236  0.297978 0.539823 0
painted_wood_01
0  -1.405942 -6.644995 0.000000  -0.979243 -0.179740 0.093687  0.297978 0.539823 0
0  -0.039692 -7.644995 0.000000  -0.981492 -0.180168 0.064903  0.297978 0.539823 0
0  -1.378928 -6.644995 0.274301  -0.981875 -0.180370 0.058215  0.297978 0.539823 0
painted_wood_01
0  -0.039692 -7.644995 0.000000  -0.289092 0.160390 0.943769  0.297978 0.539823 0
0  0.000000 -7.644995 0.000000  0.000000 -0.814898 0.579604  0.297978 0.539823 0
0  0.000000 -6.644995 1.405957  -0.866991 -0.180507 0.464482  0.297978 0.539823 0
painted_wood_01
0  0.000000 -6.644995 -1.405957  -0.866993 -0.180511 -0.464476  0.297978 0.539823 0
0  0.000000 -7.644995 0.000000  0.000000 -0.814898 -0.579604  0.297978 0.539823 0
0  -0.039692 -7.644995 0.000000  0.855162 -0.518257 0.010380  0.297978 0.539823 0
gold_player
0  -1.080939 14.625002 -0.447740  -0.881921 0.000000 -0.471397  0.000000 0.000000 0
0  -0.972819 16.625002 -0.650017  -0.881921 0.000000 -0.471397  0.000000 0.000000 0
0  -0.972819 14.625002 -0.650017  -0.881921 0.000000 -0.471397  0.000000 0.000000 0
gold_player
0  -0.447739 14.625002 -1.080939  -0.290285 0.000000 -0.956940  0.000000 0.000000 0
0  -0.228256 16.625002 -1.147519  -0.290285 0.000000 -0.956940  0.000000 0.000000 0
0  -0.228256 14.625002 -1.147519  -0.290285 0.000000 -0.956940  0.000000 0.000000 0
gold_player
0  -0.806888 12.019003 -1.207593  -0.471397 0.000000 -0.881921  0.000000 0.000000 0
0  -0.555794 14.231001 -1.341806  -0.471397 0.000000 -0.881921  0.000000 0.000000 0
0  -0.555794 12.019003 -1.341806  -0.471397 0.000000 -0.881921  0.000000 0.000000 0
gold_player
0  -1.207593 12.019003 0.806888  -0.881921 0.000000 0.471397  0.000000 0.000000 0
0  -1.341806 14.231001 0.555794  -0.881921 0.000000 0.471397  0.000000 0.000000 0
0  -1.341806 12.019003 0.555794  -0.881921 0.000000 0.471397  0.000000 0.000000 0
gold_player
0  -0.827315 14.625002 -0.827315  -0.634393 0.000000 -0.773010  0.000000 0.000000 0
0  -0.650017 16.625002 -0.972820  -0.634393 0.000000 -0.773010  0.000000 0.000000 0
0  -0.650017 14.625002 -0.972820  -0.634393 0.000000 -0.773010  0.000000 0.000000 0
gold_player
0  -0.555794 12.019003 1.341806  -0.471397 0.000000 0.881921  0.000000 0.000000 0
0  -0.806888 14.231001 1.207593  -0.471397 0.000000 0.881921  0.000000 0.000000 0
0  -0.806888 12.019003 1.207593  -0.471397 0.000000 0.881921  0.000000 0.000000 0
gold_player
0  -1.341806 12.019003 -0.555794  -0.881921 0.000000 -0.471397  0.000000 0.000000 0
0  -1.207593 14.231001 -0.806888  -0.881921 0.000000 -0.471397  0.000000 0.000000 0
0  -1.207593 12.019003 -0.806888  -0.881921 0.000000 -0.471397  0.000000 0.000000 0
gold_player
0  -1.147519 14.625002 0.228256  -0.995185 0.000000 0.098018  0.000000 0.000000 0
0  -1.170000 16.625002 0.000000  -0.995185 0.000000 0.098018  0.000000 0.000000 0
0  -1.170000 14.625002 0.000000  -0.995185 0.000000 0.098018  0.000000 0.000000 0
gold_player
0  -0.650017 14.625002 -0.972820  -0.471396 0.000000 -0.881922  0.000000 0.000000 0
0  -0.447739 16.625002 -1.080939  -0.471396 0.000000 -0.881922  0.000000 0.000000 0
0  -0.447739 14.625002 -1.080939  -0.471396 0.000000 -0.881922  0.000000 0.000000 0
gold_player
0  -1.452360 12.019003 0.000000  -0.995185 0.000000 -0.098018  0.000000 0.000000 0
0  -1.424453 14.231001 -0.283341  -0.995185 0.000000 -0.098018  0.000000 0.000000 0
0  -1.424453 12.019003 -0.283341  -0.995185 0.000000 -0.098018  0.000000 0.000000 0
gold_player
0  -1.424453 12.019003 -0.283341  -0.956941 0.000000 -0.290284  0.000000 0.000000 0
0  -1.341806 14.231001 -0.555794  -0.956941 0.000000 -0.290284  0.000000 0.000000 0
0  -1.341806 12.019003 -0.555794  -0.956941 0.000000 -0.290284  0.000000 0.000000 0
gold_player
0  -1.170000 9.625002 0.000000  -0.995185 0.000000 -0.098018  0.000000 0.000000 0
0  -1.147519 11.625002 -0.228256  -0.995185 0.000000 -0.098018  0.000000 0.000000 0
0  -1.147519 9.625002 -0.228256  -0.995185 0.000000 -0.098018  0.000000 0.000000 0
gold_player
0  -0.972819 9.625002 0.650017  -0.881921 0.000000 0.471397  0.000000 0.000000 0
0  -1.080939 11.625002 0.447740  -0.881921 0.000000 0.471397  0.000000 0.000000 0
0  -1.080939 9.625002 0.447740  -0.881921 0.000000 0.471397  0.000000 0.000000 0
gold_player
0  -0.447739 9.625002 1.080939  -0.471397 0.000000 0.881921  0.000000 0.000000 0
0  -0.650017 11.625002 0.972820  -0.471397 0.000000 0.881921  0.000000 0.000000 0
0  -0.650017 9.625002 0.972820  -0.471397 0.000000 0.881921  0.000000 0.000000 0
gold_player
0  -0.447739 9.625002 -1.080939  -0.290285 0.000000 -0.956940  0.000000 0.000000 0
0  -0.228256 11.625002 -1.147519  -0.290285 0.000000 -0.956940  0.000000 0.000000 0
0  -0.228256 9.625002 -1.147519  -0.290285 0.000000 -0.956940  0.000000 0.000000 0
gold_player
0  -0.972819 9.625002 -0.650017  -0.773011 0.000000 -0.634393  0.000000 0.000000 0
0  -0.827315 11.625002 -0.827315  -0.773011 0.000000 -0.634393  0.000000 0.000000 0
0  -0.827315 9.625002 -0.827315  -0.773011 0.000000 -0.634393  0.000000 0.000000 0
gold_player
0  -1.147519 9.625002 -0.228256  -0.956940 0.000000 -0.290285  0.000000 0.000000 0
0  -1.080939 11.625002 -0.447740  -0.956940 0.000000 -0.290285  0.000000 0.000000 0
0  -1.080939 9.625002 -0.447740  -0.956940 0.000000 -0.290285  0.000000 0.000000 0
gold_player
0  -1.080939 9.625002 0.447740  -0.956940 0.000000 0.290285  0.000000 0.000000 0
0  -1.147519 11.625002 0.228256  -0.956940 0.000000 0.290285  0.000000 0.000000 0
0  -1.147519 9.625002 0.228256  -0.956940 0.000000 0.290285  0.000000 0.000000 0
gold_player
0  -0.650017 9.625002 0.972820  -0.634393 0.000000 0.773010  0.000000 0.000000 0
0  -0.827315 11.625002 0.827315  -0.634393 0.000000 0.773010  0.000000 0.000000 0
0  -0.827315 9.625002 0.827315  -0.634393 0.000000 0.773010  0.000000 0.000000 0
gold_player
0  0.000000 9.625002 1.170000  -0.098017 0.000000 0.995185  0.000000 0.000000 0
0  -0.228256 11.625002 1.147519  -0.098017 0.000000 0.995185  0.000000 0.000000 0
0  -0.228256 9.625002 1.147519  -0.098017 0.000000 0.995185  0.000000 0.000000 0
gold_player
0  -0.228256 9.625002 -1.147519  -0.098017 0.000000 -0.995185  0.000000 0.000000 0
0  0.000000 11.625002 -1.170000  -0.098017 0.000000 -0.995185  0.000000 0.000000 0
0  0.000000 9.625002 -1.170000  -0.098017 0.000000 -0.995185  0.000000 0.000000 0
gold_player
0  -0.827315 9.625002 -0.827315  -0.634393 0.000000 -0.773010  0.000000 0.000000 0
0  -0.650017 11.625002 -0.972820  -0.634393 0.000000 -0.773010  0.000000 0.000000 0
0  -0.650017 9.625002 -0.972820  -0.634393 0.000000 -0.773010  0.000000 0.000000 0
gold_player
0  -1.147519 9.625002 0.228256  -0.995185 0.000000 0.098018  0.000000 0.000000 0
0  -1.170000 11.625002 0.000000  -0.995185 0.000000 0.098018  0.000000 0.000000 0
0  -1.170000 9.625002 0.000000  -0.995185 0.000000 0.098018  0.000000 0.000000 0
gold_player
0  -0.827315 9.625002 0.827315  -0.773011 0.000000 0.634393  0.000000 0.000000 0
0  -0.972819 11.625002 0.650017  -0.773011 0.000000 0.634393  0.000000 0.000000 0
0  -0.972819 9.625002 0.650017  -0.773011 0.000000 0.634393  0.000000 0.000000 0
gold_player
0  -0.228256 9.625002 1.147519  -0.290285 0.000000 0.956940  0.000000 0.000000 0
0  -0.447739 11.625002 1.080939  -0.290285 0.000000 0.956940  0.000000 0.000000 0
0  -0.447739 9.625002 1.080939  -0.290285 0.000000 0.956940  0.000000 0.000000 0
gold_player
0  -1.080939 9.625002 -0.447740  -0.881921 0.000000 -0.471397  0.000000 0.000000 0
0  -0.972819 11.625002 -0.650017  -0.881921 0.000000 -0.471397  0.000000 0.000000 0
0  -0.972819 9.625002 -0.650017  -0.881921 0.000000 -0.471397  0.000000 0.000000 0
gold_player
0  -0.650017 9.625002 -0.972820  -0.471396 0.000000 -0.881921  0.000000 0.000000 0
0  -0.447739 11.625002 -1.080939  -0.471396 0.000000 -0.881921  0.000000 0.000000 0
0  -0.447739 9.625002 -1.080939  -0.471396 0.000000 -0.881921  0.000000 0.000000 0
gold_player
0  -0.447739 11.625002 1.080939  -0.236337 -0.580651 0.779095  0.000000 0.000000 0
0  -0.228256 11.625002 1.147519  -0.236337 -0.580651 0.779095  0.000000 0.000000 0
0  -0.555794 12.019003 1.341806  -0.236337 -0.580651 0.779095  0.000000 0.000000 0
gold_player
0  -0.806888 14.231001 1.207593  -0.516493 0.580652 0.629348  0.000000 0.000000 0
0  -0.827315 14.625002 0.827315  -0.516493 0.580652 0.629348  0.000000 0.000000 0
0  -1.026974 14.231001 1.026974  -0.516493 0.580652 0.629348  0.000000 0.000000 0
gold_player
0  -1.424453 14.231001 0.283341  -0.810233 0.580651 0.079798  0.000000 0.000000 0
0  -1.170000 14.625002 0.000000  -0.810233 0.580651 0.079798  0.000000 0.000000 0
0  -1.452360 14.231001 0.000000  -0.810233 0.580651 0.079798  0.000000 0.000000 0
gold_player
0  -1.424453 14.231001 -0.283341  -0.779095 0.580651 -0.236339  0.000000 0.000000 0
0  -1.080939 14.625002 -0.447740  -0.779095 0.580651 -0.236339  0.000000 0.000000 0
0  -1.341806 14.231001 -0.555794  -0.779095 0.580651 -0.236339  0.000000 0.000000 0
gold_player
0  -0.806888 14.231001 -1.207593  -0.383789 0.580651 -0.718019  0.000000 0.000000 0
0  -0.447739 14.625002 -1.080939  -0.383789 0.580651 -0.718019  0.000000 0.000000 0
0  -0.555794 14.231001 -1.341806  -0.383789 0.580651 -0.718019  0.000000 0.000000 0
gold_player
0  -0.555794 14.231001 1.341806  -0.383790 0.580652 0.718017  0.000000 0.000000 0
0  -0.650017 14.625002 0.972820  -0.383790 0.580652 0.718017  0.000000 0.000000 0
0  -0.806888 14.231001 1.207593  -0.383790 0.580652 0.718017  0.000000 0.000000 0
gold_player
0  -1.341806 14.231001 0.555794  -0.779096 0.580651 0.236336  0.000000 0.000000 0
0  -1.147519 14.625002 0.228256  -0.779096 0.580651 0.236336  0.000000 0.000000 0
0  -1.424453 14.231001 0.283341  -0.779096 0.580651 0.236336  0.000000 0.000000 0
gold_player
0  -1.341806 14.231001 -0.555794  -0.718019 0.580652 -0.383786  0.000000 0.000000 0
0  -0.972819 14.625002 -0.650017  -0.718019 0.580652 -0.383786  0.000000 0.000000 0
0  -1.207593 14.231001 -0.806888  -0.718019 0.580652 -0.383786  0.000000 0.000000 0
gold_player
0  -0.447739 14.625002 -1.080939  -0.236336 0.580649 -0.779097  0.000000 0.000000 0
0  -0.228256 14.625002 -1.147519  -0.236336 0.580649 -0.779097  0.000000 0.000000 0
0  -0.555794 14.231001 -1.341806  -0.236336 0.580649 -0.779097  0.000000 0.000000 0
gold_player
0  -1.207593 14.231001 -0.806888  -0.629348 0.580650 -0.516495  0.000000 0.000000 0
0  -0.827315 14.625002 -0.827315  -0.629348 0.580650 -0.516495  0.000000 0.000000 0
0  -1.026974 14.231001 -1.026974  -0.629348 0.580650 -0.516495  0.000000 0.000000 0
gold_player
0  -1.026974 14.231001 1.026974  -0.629348 0.580651 0.516494  0.000000 0.000000 0
0  -0.972819 14.625002 0.650017  -0.629348 0.580651 0.516494  0.000000 0.000000 0
0  -1.207593 14.231001 0.806888  -0.629348 0.580651 0.516494  0.000000 0.000000 0
gold_player
0  -1.026974 14.231001 -1.026974  -0.516493 0.580651 -0.629348  0.000000 0.000000 0
0  -0.650017 14.625002 -0.972820  -0.516493 0.580651 -0.629348  0.000000 0.000000 0
0  -0.806888 14.231001 -1.207593  -0.516493 0.580651 -0.629348  0.000000 0.000000 0
gold_player
0  -0.555794 14.231001 1.341806  0.510171 0.000000 0.860073  0.000000 0.000000 0
0  -0.228256 11.625002 1.147519  0.510171 0.000000 0.860073  0.000000 0.000000 0
0  -0.228256 14.625002 1.147519  0.510171 0.000000 0.860073  0.000000 0.000000 0
gold_player
0  -0.806888 12.019003 -1.207593  -0.516493 -0.580652 -0.629348  0.000000 0.000000 0
0  -0.827315 11.625002 -0.827315  -0.516493 -0.580652 -0.629348  0.000000 0.000000 0
0  -1.026974 12.019003 -1.026974  -0.516493 -0.580652 -0.629348  0.000000 0.000000 0
gold_player
0  -1.207593 12.019003 -0.806888  -0.718018 -0.580651 -0.383789  0.000000 0.000000 0
0  -1.080939 11.625002 -0.447740  -0.718018 -0.580651 -0.383789  0.000000 0.000000 0
0  -1.341806 12.019003 -0.555794  -0.718018 -0.580651 -0.383789  0.000000 0.000000 0
gold_player
0  -1.424453 12.019003 -0.283341  -0.810233 -0.580651 -0.079802  0.000000 0.000000 0
0  -1.170000 11.625002 0.000000  -0.810233 -0.580651 -0.079802  0.000000 0.000000 0
0  -1.452360 12.019003 0.000000  -0.810233 -0.580651 -0.079802  0.000000 0.000000 0
gold_player
0  -1.424453 12.019003 0.283341  -0.779095 -0.580651 0.236336  0.000000 0.000000 0
0  -1.080939 11.625002 0.447740  -0.779095 -0.580651 0.236336  0.000000 0.000000 0
0  -1.341806 12.019003 0.555794  -0.779095 -0.580651 0.236336  0.000000 0.000000 0
gold_player
0  -1.207593 12.019003 0.806888  -0.629349 -0.580652 0.516492  0.000000 0.000000 0
0  -0.827315 11.625002 0.827315  -0.629349 -0.580652 0.516492  0.000000 0.000000 0
0  -1.026974 12.019003 1.026974  -0.629349 -0.580652 0.516492  0.000000 0.000000 0
gold_player
0  -0.806888 12.019003 1.207593  -0.383789 -0.580651 0.718019  0.000000 0.000000 0
0  -0.447739 11.625002 1.080939  -0.383789 -0.580651 0.718019  0.000000 0.000000 0
0  -0.555794 12.019003 1.341806  -0.383789 -0.580651 0.718019  0.000000 0.000000 0
gold_player
0  -1.452360 14.231001 0.000000  -0.810232 0.580651 -0.079802  0.000000 0.000000 0
0  -1.147519 14.625002 -0.228256  -0.810232 0.580651 -0.079802  0.000000 0.000000 0
0  -1.424453 14.231001 -0.283341  -0.810232 0.580651 -0.079802  0.000000 0.000000 0
gold_player
0  -1.207593 14.231001 0.806888  -0.718018 0.580651 0.383789  0.000000 0.000000 0
0  -1.080939 14.625002 0.447740  -0.718018 0.580651 0.383789  0.000000 0.000000 0
0  -1.341806 14.231001 0.555794  -0.718018 0.580651 0.383789  0.000000 0.000000 0
gold_player
0  -0.555794 14.231001 -1.341806  0.510171 0.000000 -0.860073  0.000000 0.000000 0
0  -0.228256 11.625002 -1.147519  0.510171 0.000000 -0.860073  0.000000 0.000000 0
0  -0.555794 12.019003 -1.341806  0.510171 0.000000 -0.860073  0.000000 0.000000 0
gold_player
0  -0.555794 12.019003 -1.341806  -0.383789 -0.580650 -0.718019  0.000000 0.000000 0
0  -0.650017 11.625002 -0.972820  -0.383789 -0.580650 -0.718019  0.000000 0.000000 0
0  -0.806888 12.019003 -1.207593  -0.383789 -0.580650 -0.718019  0.000000 0.000000 0
gold_player
0  -1.026974 12.019003 -1.026974  -0.629348 -0.580651 -0.516494  0.000000 0.000000 0
0  -0.972819 11.625002 -0.650017  -0.629348 -0.580651 -0.516494  0.000000 0.000000 0
0  -1.207593 12.019003 -0.806888  -0.629348 -0.580651 -0.516494  0.000000 0.000000 0
gold_player
0  -1.341806 12.019003 -0.555794  -0.779096 -0.580651 -0.236333  0.000000 0.000000 0
0  -1.147519 11.625002 -0.228256  -0.779096 -0.580651 -0.236333  0.000000 0.000000 0
0  -1.424453 12.019003 -0.283341  -0.779096 -0.580651 -0.236333  0.000000 0.000000 0
gold_player
0  -1.452360 12.019003 0.000000  -0.810232 -0.580651 0.079802  0.000000 0.000000 0
0  -1.147519 11.625002 0.228256  -0.810232 -0.580651 0.079802  0.000000 0.000000 0
0  -1.424453 12.019003 0.283341  -0.810232 -0.580651 0.079802  0.000000 0.000000 0
gold_player
0  -1.341806 12.019003 0.555794  -0.718018 -0.580651 0.383789  0.000000 0.000000 0
0  -0.972819 11.625002 0.650017  -0.718018 -0.580651 0.383789  0.000000 0.000000 0
0  -1.207593 12.019003 0.806888  -0.718018 -0.580651 0.383789  0.000000 0.000000 0
gold_player
0  -1.026974 12.019003 1.026974  -0.516493 -0.580651 0.629348  0.000000 0.000000 0
0  -0.650017 11.625002 0.972820  -0.516493 -0.580651 0.629348  0.000000 0.000000 0
0  -0.806888 12.019003 1.207593  -0.516493 -0.580651 0.629348  0.000000 0.000000 0
gold_player
0  -0.447739 11.625002 -1.080939  -0.236337 -0.580651 -0.779095  0.000000 0.000000 0
0  -0.555794 12.019003 -1.341806  -0.236337 -0.580651 -0.779095  0.000000 0.000000 0
0  -0.228256 11.625002 -1.147519  -0.236337 -0.580651 -0.779095  0.000000 0.000000 0
gold_player
0  0.000000 23.269157 -0.000569  -0.062924 -0.992050 -0.108988  0.000000 0.000000 0
0  -1.852501 23.504158 -1.070111  -0.062924 -0.992050 -0.108988  0.000000 0.000000 0
0  0.000000 23.504158 -2.139651  -0.062924 -0.992050 -0.108988  0.000000 0.000000 0
gold_player
0  -3.704999 26.209156 -2.139651  -0.500000 0.000000 -0.866025  0.000000 0.000000 0
0  -1.852501 23.739157 -3.209191  -0.500000 0.000000 -0.866025  0.000000 0.000000 0
0  -3.704999 23.739157 -2.139651  -0.500000 0.000000 -0.866025  0.000000 0.000000 0
painted_wood_01
0  0.000000 28.679157 -4.278735  -0.062923 0.992050 -0.108988  0.297978 0.539823 0
0  -1.852501 28.679157 -3.209193  -0.062923 0.992050 -0.108988  0.297978 0.539823 0
0  0.000000 28.914156 -2.139653  -0.062923 0.992050 -0.108988  0.297978 0.539823 0
gold_player
0  0.000000 23.269157 -0.000569  -0.125847 -0.992050 0.000000  0.000000 0.000000 0
0  -1.852500 23.504158 1.068973  -0.125847 -0.992050 0.000000  0.000000 0.000000 0
0  -1.852501 23.504158 -1.070111  -0.125847 -0.992050 0.000000  0.000000 0.000000 0
gold_player
0  -3.704999 23.739157 -2.139651  -1.000000 0.000000 0.000000  0.000000 0.000000 0
0  -3.704999 23.739157 -0.000567  -1.000000 0.000000 0.000000  0.000000 0.000000 0
0  -3.704999 26.209156 -2.139651  -1.000000 0.000000 0.000000  0.000000 0.000000 0
painted_wood_01
0  -3.704999 28.679157 -2.139651  -0.125847 0.992050 0.000000  0.297978 0.539823 0
0  -3.704999 28.679157 -0.000569  -0.125847 0.992050 0.000000  0.297978 0.539823 0
0  -1.804105 28.920296 -1.042169  -0.125847 0.992050 0.000000  0.297978 0.539823 0
gold_player
0  0.000000 23.269157 -0.000569  -0.062924 -0.992050 0.108988  0.000000 0.000000 0
0  0.000000 23.504158 2.138515  -0.062924 -0.992050 0.108988  0.000000 0.000000 0
0  -1.852500 23.504158 1.068973  -0.062924 -0.992050 0.108988  0.000000 0.000000 0
gold_player
0  -3.704999 26.209158 2.138515  -0.500000 0.000000 0.866025  0.000000 0.000000 0
0  -3.704999 23.739157 2.138515  -0.500000 0.000000 0.866025  0.000000 0.000000 0
0  -1.852499 23.739157 3.208056  -0.500000 0.000000 0.866025  0.000000 0.000000 0
painted_wood_01
0  -3.704999 28.679157 2.138515  -0.062923 0.992050 0.108986  0.297978 0.539823 0
0  -1.852499 28.679157 3.208056  -0.062923 0.992050 0.108986  0.297978 0.539823 0
0  -1.852500 28.914156 1.068972  -0.062923 0.992050 0.108986  0.297978 0.539823 0
gold_player
0  -3.704999 28.679157 -0.000569  -1.000000 0.000000 0.000000  0.000000 0.000000 0
0  -3.704999 26.209158 2.138515  -1.000000 0.000000 0.000000  0.000000 0.000000 0
0  -3.704999 28.679157 2.138515  -1.000000 0.000000 0.000000  0.000000 0.000000 0
gold_player
0  -1.852501 28.679157 -3.209193  -0.500000 -0.000001 -0.866025  0.000000 0.000000 0
0  0.000000 28.679157 -4.278735  -0.500000 -0.000001 -0.866025  0.000000 0.000000 0
0  0.000000 26.209156 -4.278733  -0.500000 -0.000001 -0.866025  0.000000 0.000000 0
gold_player
0  0.000000 28.679157 4.277596  -0.499999 0.000000 0.866026  0.000000 0.000000 0
0  -1.852499 28.679157 3.208056  -0.499999 0.000000 0.866026  0.000000 0.000000 0
0  0.000000 26.209158 4.277596  -0.499999 0.000000 0.866026  0.000000 0.000000 0
gold_player
0  -3.704999 28.679157 -0.000569  -1.000000 0.000000 0.000000  0.000000 0.000000 0
0  -3.704999 28.679157 -2.139651  -1.000000 0.000000 0.000000  0.000000 0.000000 0
0  -3.704999 26.209156 -2.139651  -1.000000 0.000000 0.000000  0.000000 0.000000 0
gold_player
0  -1.852499 28.679157 3.208056  -0.499999 0.000000 0.866026  0.000000 0.000000 0
0  -3.704999 28.679157 2.138515  -0.499999 0.000000 0.866026  0.000000 0.000000 0
0  -3.704999 26.209158 2.138515  -0.499999 0.000000 0.866026  0.000000 0.000000 0
gold_player
0  -1.852501 23.739157 -3.209191  -0.500001 0.000000 -0.866025  0.000000 0.000000 0
0  0.000000 26.209156 -4.278733  -0.500001 0.000000 -0.866025  0.000000 0.000000 0
0  0.000000 23.739157 -4.278733  -0.500001 0.000000 -0.866025  0.000000 0.000000 0
gold_player
0  -3.704999 23.739157 -0.000567  -1.000000 0.000000 0.000000  0.000000 0.000000 0
0  -3.704999 23.739157 2.138515  -1.000000 0.000000 0.000000  0.000000 0.000000 0
0  -3.704999 26.209158 2.138515  -1.000000 0.000000 0.000000  0.000000 0.000000 0
gold_player
0  -3.704999 26.209156 -2.139651  -0.500000 0.000000 -0.866025  0.000000 0.000000 0
0  -3.704999 28.679157 -2.139651  -0.500000 0.000000 -0.866025  0.000000 0.000000 0
0  -1.852501 28.679157 -3.209193  -0.500000 0.000000 -0.866025  0.000000 0.000000 0
gold_player
0  0.000000 26.209156 -4.278733  -0.500000 -0.000001 -0.866025  0.000000 0.000000 0
0  -3.704999 26.209156 -2.139651  -0.500000 -0.000001 -0.866025  0.000000 0.000000 0
0  -1.852501 28.679157 -3.209193  -0.500000 -0.000001 -0.866025  0.000000 0.000000 0
gold_player
0  -1.804105 28.920296 -1.042169  -0.062923 0.992050 -0.108987  0.000000 0.000000 0
0  0.000000 29.149157 -0.000569  -0.062923 0.992050 -0.108987  0.000000 0.000000 0
0  0.000000 28.914156 -2.139653  -0.062923 0.992050 -0.108987  0.000000 0.000000 0
painted_wood_01
0  -1.804105 28.920296 -1.042169  -0.062923 0.992050 -0.108986  0.297978 0.539823 0
0  -1.852501 28.679157 -3.209193  -0.062923 0.992050 -0.108986  0.297978 0.539823 0
0  -3.704999 28.679157 -2.139651  -0.062923 0.992050 -0.108986  0.297978 0.539823 0
painted_wood_01
0  -3.704999 28.679157 -0.000569  -0.125846 0.992050 0.000000  0.297978 0.539823 0
0  -3.704999 28.679157 2.138515  -0.125846 0.992050 0.000000  0.297978 0.539823 0
0  -1.852500 28.914156 1.068972  -0.125846 0.992050 0.000000  0.297978 0.539823 0
gold_player
0  -1.852500 28.914156 1.068972  -0.125847 0.992050 0.000000  0.000000 0.000000 0
0  0.000000 29.149157 -0.000569  -0.125847 0.992050 0.000000  0.000000 0.000000 0
0  -1.804105 28.920296 -1.042169  -0.125847 0.992050 0.000000  0.000000 0.000000 0
painted_wood_01
0  -1.852499 28.679157 3.208056  -0.062923 0.992050 0.108986  0.297978 0.539823 0
0  0.000000 28.679157 4.277596  -0.062923 0.992050 0.108986  0.297978 0.539823 0
0  0.000000 28.914156 2.138515  -0.062923 0.992050 0.108986  0.297978 0.539823 0
gold_player
0  0.000000 28.914156 2.138515  -0.062924 0.992050 0.108988  0.000000 0.000000 0
0  0.000000 29.149157 -0.000569  -0.062924 0.992050 0.108988  0.000000 0.000000 0
0  -1.852500 28.914156 1.068972  -0.062924 0.992050 0.108988  0.000000 0.000000 0
c_invasion_wrangler_laser
0  -1.860925 23.239513 3.208057  -0.062924 -0.992050 0.108986  0.179003 0.498249 0
0  -1.860927 23.004513 1.068973  -0.062924 -0.992050 0.108986  0.163149 0.489168 0
0  -0.008427 23.004513 2.138515  -0.062924 -0.992050 0.108986  0.163149 0.507329 0
gold_player
0  0.000000 23.504158 -2.139651  0.499179 -0.008416 -0.866458  0.000000 0.000000 0
0  -1.860928 23.239513 -3.209193  0.499179 -0.008416 -0.866458  0.000000 0.000000 0
0  -1.852501 23.739157 -3.209191  0.499179 -0.008416 -0.866458  0.000000 0.000000 0
painted_wood_01
0  -1.852501 23.504158 -1.070111  -0.062923 -0.992050 -0.108986  0.297978 0.539823 0
0  -3.704999 23.739157 -2.139651  -0.062923 -0.992050 -0.108986  0.297978 0.539823 0
0  -1.852501 23.739157 -3.209191  -0.062923 -0.992050 -0.108986  0.297978 0.539823 0
painted_wood_01
0  -1.852501 23.739157 -3.209191  -0.062923 -0.992050 -0.108986  0.297978 0.539823 0
0  0.000000 23.739157 -4.278733  -0.062923 -0.992050 -0.108986  0.297978 0.539823 0
0  0.000000 23.504158 -2.139651  -0.062923 -0.992050 -0.108986  0.297978 0.539823 0
c_invasion_wrangler_laser
0  -1.860927 23.004513 1.068973  -0.125847 -0.992050 0.000000  0.131385 0.498194 0
0  -3.713427 23.239513 -0.000569  -0.125847 -0.992050 0.000000  0.147144 0.507438 0
0  -1.860927 23.004513 -1.070111  -0.125847 -0.992050 0.000000  0.147144 0.489168 0
painted_wood_01
0  -3.704999 23.739157 -0.000567  -0.125846 -0.992050 0.000000  0.297978 0.539823 0
0  -3.704999 23.739157 -2.139651  -0.125846 -0.992050 0.000000  0.297978 0.539823 0
0  -1.852501 23.504158 -1.070111  -0.125846 -0.992050 0.000000  0.297978 0.539823 0
painted_wood_01
0  -3.704999 23.739157 -0.000567  -0.125846 -0.992050 0.000000  0.297978 0.539823 0
0  -1.852500 23.504158 1.068973  -0.125846 -0.992050 0.000000  0.297978 0.539823 0
0  -3.704999 23.739157 2.138515  -0.125846 -0.992050 0.000000  0.297978 0.539823 0
gold_player
0  -1.852499 23.739157 3.208056  0.499180 -0.008418 0.866457  0.000000 0.000000 0
0  -0.008427 23.004513 2.138515  0.499180 -0.008418 0.866457  0.000000 0.000000 0
0  0.000000 23.504158 2.138515  0.499180 -0.008418 0.866457  0.000000 0.000000 0
painted_wood_01
0  -1.852499 23.739157 3.208056  -0.062923 -0.992050 0.108986  0.297978 0.539823 0
0  -3.704999 23.739157 2.138515  -0.062923 -0.992050 0.108986  0.297978 0.539823 0
0  -1.852500 23.504158 1.068973  -0.062923 -0.992050 0.108986  0.297978 0.539823 0
painted_wood_01
0  -1.852499 23.739157 3.208056  -0.062923 -0.992050 0.108986  0.297978 0.539823 0
0  0.000000 23.504158 2.138515  -0.062923 -0.992050 0.108986  0.297978 0.539823 0
0  0.000000 23.739157 4.277596  -0.062923 -0.992050 0.108986  0.297978 0.539823 0
gold_player
0  -1.852501 23.504158 -1.070111  0.499981 -0.008437 0.865995  0.000000 0.000000 0
0  -0.008428 23.004513 -2.139653  0.499981 -0.008437 0.865995  0.000000 0.000000 0
0  0.000000 23.504158 -2.139651  0.499981 -0.008437 0.865995  0.000000 0.000000 0
gold_player
0  -1.852500 23.504158 1.068973  -0.999856 0.016864 -0.001852  0.000000 0.000000 0
0  -1.860925 23.239513 3.208057  -0.999856 0.016864 -0.001852  0.000000 0.000000 0
0  -1.852499 23.739157 3.208056  -0.999856 0.016864 -0.001852  0.000000 0.000000 0
gold_player
0  0.000000 23.504158 2.138515  0.499983 -0.008432 -0.865994  0.000000 0.000000 0
0  -1.860927 23.004513 1.068973  0.499983 -0.008432 -0.865994  0.000000 0.000000 0
0  -1.852500 23.504158 1.068973  0.499983 -0.008432 -0.865994  0.000000 0.000000 0
gold_player
0  -1.852501 23.739157 -3.209191  -0.999856 0.016864 0.001853  0.000000 0.000000 0
0  -1.860927 23.004513 -1.070111  -0.999856 0.016864 0.001853  0.000000 0.000000 0
0  -1.852501 23.504158 -1.070111  -0.999856 0.016864 0.001853  0.000000 0.000000 0
gold_player
0  -1.852500 23.504158 1.068973  0.999858 -0.016863 -0.000000  0.000000 0.000000 0
0  -1.860927 23.004513 -1.070111  0.999858 -0.016863 -0.000000  0.000000 0.000000 0
0  -1.852501 23.504158 -1.070111  0.999858 -0.016863 -0.000000  0.000000 0.000000 0
gold_player
0  -3.704999 23.739157 -0.000567  -0.499178 0.008419 0.866459  0.000000 0.000000 0
0  -1.860927 23.004513 1.068973  -0.499178 0.008419 0.866459  0.000000 0.000000 0
0  -1.852500 23.504158 1.068973  -0.499178 0.008419 0.866459  0.000000 0.000000 0
c_invasion_wrangler_laser
0  -1.860927 23.004513 -1.070111  -0.062924 -0.992050 -0.108988  0.163026 0.480019 0
0  -1.860928 23.239513 -3.209193  -0.062924 -0.992050 -0.108988  0.147267 0.470775 0
0  -0.008428 23.004513 -2.139653  -0.062924 -0.992050 -0.108988  0.147267 0.489045 0
gold_player
0  -1.852501 23.504158 -1.070111  -0.499180 0.008423 -0.866457  0.000000 0.000000 0
0  -3.713427 23.239513 -0.000569  -0.499180 0.008423 -0.866457  0.000000 0.000000 0
0  -3.704999 23.739157 -0.000567  -0.499180 0.008423 -0.866457  0.000000 0.000000 0
gold_player
0  -1.804105 28.920296 -1.042169  -0.999565 -0.016859 0.024199  0.000000 0.000000 0
0  -1.860928 29.178801 -3.209194  -0.999565 -0.016859 0.024199  0.000000 0.000000 0
0  -1.852501 28.679157 -3.209193  -0.999565 -0.016859 0.024199  0.000000 0.000000 0
gold_player
0  -1.852501 28.679157 -3.209193  0.499186 0.008420 -0.866454  0.000000 0.000000 0
0  -0.008428 29.413801 -2.139654  0.499186 0.008420 -0.866454  0.000000 0.000000 0
0  0.000000 28.914156 -2.139653  0.499186 0.008420 -0.866454  0.000000 0.000000 0
c_invasion_wrangler_laser
0  -1.860927 29.413801 1.068973  -0.125848 0.992050 0.000000  0.179209 0.525380 0
0  -1.812532 29.419941 -1.042169  -0.125848 0.992050 0.000000  0.179209 0.507452 0
0  -3.713427 29.178801 -0.000569  -0.125848 0.992050 0.000000  0.163149 0.516669 0
c_invasion_wrangler_laser
0  -1.812532 29.419941 -1.042169  -0.062924 0.992050 -0.108986  0.163149 0.480496 0
0  -0.008428 29.413801 -2.139654  -0.062924 0.992050 -0.108986  0.178908 0.489045 0
0  -1.860928 29.178801 -3.209194  -0.062924 0.992050 -0.108986  0.178908 0.470775 0
gold_player
0  -1.852500 28.914156 1.068972  0.499983 0.008432 -0.865994  0.000000 0.000000 0
0  -0.008427 29.413801 2.138514  0.499983 0.008432 -0.865994  0.000000 0.000000 0
0  0.000000 28.914156 2.138515  0.499983 0.008432 -0.865994  0.000000 0.000000 0
gold_player
0  -1.852499 28.679157 3.208056  -0.999856 -0.016864 -0.001852  0.000000 0.000000 0
0  -1.860927 29.413801 1.068973  -0.999856 -0.016864 -0.001852  0.000000 0.000000 0
0  -1.852500 28.914156 1.068972  -0.999856 -0.016864 -0.001852  0.000000 0.000000 0
gold_player
0  -1.804105 28.920296 -1.042169  0.999594 0.016859 0.022964  0.000000 0.000000 0
0  -1.860927 29.413801 1.068973  0.999594 0.016859 0.022964  0.000000 0.000000 0
0  -1.852500 28.914156 1.068972  0.999594 0.016859 0.022964  0.000000 0.000000 0
gold_player
0  -1.852500 28.914156 1.068972  -0.499182 -0.008420 0.866456  0.000000 0.000000 0
0  -3.713427 29.178801 -0.000569  -0.499182 -0.008420 0.866456  0.000000 0.000000 0
0  -3.704999 28.679157 -0.000569  -0.499182 -0.008420 0.866456  0.000000 0.000000 0
gold_player
0  0.000000 28.914156 2.138515  0.499182 0.008420 0.866456  0.000000 0.000000 0
0  -1.860925 29.178801 3.208056  0.499182 0.008420 0.866456  0.000000 0.000000 0
0  -1.852499 28.679157 3.208056  0.499182 0.008420 0.866456  0.000000 0.000000 0
c_invasion_wrangler_laser
0  -1.860925 29.178801 3.208056  -0.062924 0.992050 0.108988  0.131385 0.489045 0
0  -0.008427 29.413801 2.138514  -0.062924 0.992050 0.108988  0.147144 0.479801 0
0  -1.860927 29.413801 1.068973  -0.062924 0.992050 0.108988  0.131385 0.470775 0
gold_player
0  0.000000 28.914156 -2.139653  0.519718 0.008765 0.854293  0.000000 0.000000 0
0  -1.812532 29.419941 -1.042169  0.519718 0.008765 0.854293  0.000000 0.000000 0
0  -1.804105 28.920296 -1.042169  0.519718 0.008765 0.854293  0.000000 0.000000 0
gold_player
0  -3.704999 28.679157 -0.000569  -0.479735 -0.008091 -0.877376  0.000000 0.000000 0
0  -1.812532 29.419941 -1.042169  -0.479735 -0.008091 -0.877376  0.000000 0.000000 0
0  -1.804105 28.920296 -1.042169  -0.479735 -0.008091 -0.877376  0.000000 0.000000 0
gold_player
0  -3.704999 26.209158 2.138515  0.000000 -0.654652 0.755930  0.000000 0.000000 0
0  -3.947838 23.739157 -0.000567  0.000000 -0.654652 0.755930  0.000000 0.000000 0
0  -3.704999 23.739157 -0.000567  0.000000 -0.654652 0.755930  0.000000 0.000000 0
gold_player
0  -3.704999 26.209156 -2.139651  0.000000 0.654654 -0.755929  0.000000 0.000000 0
0  -3.947839 28.679157 -0.000569  0.000000 0.654654 -0.755929  0.000000 0.000000 0
0  -3.704999 28.679157 -0.000569  0.000000 0.654654 -0.755929  0.000000 0.000000 0
gold_player
0  -3.704999 28.679157 -0.000569  0.000000 0.654654 0.755928  0.000000 0.000000 0
0  -3.947838 26.209158 2.138515  0.000000 0.654654 0.755928  0.000000 0.000000 0
0  -3.704999 26.209158 2.138515  0.000000 0.654654 0.755928  0.000000 0.000000 0
gold_player
0  -3.704999 23.739157 -0.000567  0.000000 -0.654653 -0.755929  0.000000 0.000000 0
0  -3.947839 26.209156 -2.139651  0.000000 -0.654653 -0.755929  0.000000 0.000000 0
0  -3.704999 26.209156 -2.139651  0.000000 -0.654653 -0.755929  0.000000 0.000000 0
gold_player
0  -4.204999 24.131977 -0.000567  -0.707106 -0.462909 0.534524  0.000000 0.000000 0
0  -3.947838 26.209158 2.138515  -0.707106 -0.462909 0.534524  0.000000 0.000000 0
0  -4.204999 26.209158 1.798324  -0.707106 -0.462909 0.534524  0.000000 0.000000 0
gold_player
0  -4.204999 26.209158 1.798324  -0.707106 0.462910 0.534523  0.000000 0.000000 0
0  -3.947839 28.679157 -0.000569  -0.707106 0.462910 0.534523  0.000000 0.000000 0
0  -4.204999 28.286337 -0.000567  -0.707106 0.462910 0.534523  0.000000 0.000000 0
gold_player
0  -3.947839 26.209156 -2.139651  -0.707110 0.462908 -0.534520  0.000000 0.000000 0
0  -4.204999 28.286337 -0.000567  -0.707110 0.462908 -0.534520  0.000000 0.000000 0
0  -3.947839 28.679157 -0.000569  -0.707110 0.462908 -0.534520  0.000000 0.000000 0
gold_player
0  -3.947838 23.739157 -0.000567  -0.707105 -0.462911 -0.534524  0.000000 0.000000 0
0  -4.205000 26.209156 -1.799460  -0.707105 -0.462911 -0.534524  0.000000 0.000000 0
0  -3.947839 26.209156 -2.139651  -0.707105 -0.462911 -0.534524  0.000000 0.000000 0
painted_wood_01
0  -4.204999 28.286337 -0.000567  -1.000000 0.000002 0.000000  0.297978 0.539823 0
0  -4.204999 26.209158 1.496259  -1.000000 0.000002 0.000000  0.297978 0.539823 0
0  -4.204999 26.209158 1.798324  -1.000000 0.000002 0.000000  0.297978 0.539823 0
gold_player
0  -4.204999 27.937542 -0.000567  0.000000 -0.654655 -0.755928  0.000000 0.000000 0
0  -3.904999 26.209158 1.496259  0.000000 -0.654655 -0.755928  0.000000 0.000000 0
0  -4.204999 26.209158 1.496259  0.000000 -0.654655 -0.755928  0.000000 0.000000 0
painted_wood_01
0  -4.204999 24.131977 -0.000567  -1.000000 -0.000001 0.000000  0.297978 0.539823 0
0  -4.205000 26.209156 -1.497396  -1.000000 -0.000001 0.000000  0.297978 0.539823 0
0  -4.205000 26.209156 -1.799460  -1.000000 -0.000001 0.000000  0.297978 0.539823 0
painted_wood_01
0  -4.205000 26.209156 -1.799460  -1.000000 0.000000 0.000001  0.297978 0.539823 0
0  -4.204999 27.937542 -0.000567  -1.000000 0.000000 0.000001  0.297978 0.539823 0
0  -4.204999 28.286337 -0.000567  -1.000000 0.000000 0.000001  0.297978 0.539823 0
painted_wood_01
0  -4.204999 26.209158 1.798324  -1.000000 -0.000000 0.000000  0.297978 0.539823 0
0  -4.204999 24.480772 -0.000567  -1.000000 -0.000000 0.000000  0.297978 0.539823 0
0  -4.204999 24.131977 -0.000567  -1.000000 -0.000000 0.000000  0.297978 0.539823 0
gold_player
0  -3.904999 26.209158 1.496259  -1.000000 0.000000 0.000000  0.000000 0.000000 0
0  -3.905000 26.209156 -1.497396  -1.000000 0.000000 0.000000  0.000000 0.000000 0
0  -3.904999 24.480772 -0.000567  -1.000000 0.000000 0.000000  0.000000 0.000000 0
gold_player
0  -4.205000 26.209156 -1.497396  0.000000 -0.654655 0.755927  0.000000 0.000000 0
0  -3.904999 27.937542 -0.000567  0.000000 -0.654655 0.755927  0.000000 0.000000 0
0  -4.204999 27.937542 -0.000567  0.000000 -0.654655 0.755927  0.000000 0.000000 0
gold_player
0  -4.204999 26.209158 1.496259  0.000000 0.654652 -0.755930  0.000000 0.000000 0
0  -3.904999 24.480772 -0.000567  0.000000 0.654652 -0.755930  0.000000 0.000000 0
0  -4.204999 24.480772 -0.000567  0.000000 0.654652 -0.755930  0.000000 0.000000 0
gold_player
0  -4.204999 24.480772 -0.000567  0.000000 0.654654 0.755929  0.000000 0.000000 0
0  -3.905000 26.209156 -1.497396  0.000000 0.654654 0.755929  0.000000 0.000000 0
0  -4.205000 26.209156 -1.497396  0.000000 0.654654 0.755929  0.000000 0.000000 0
gold_player
0  -3.704999 26.209158 2.138515  -0.500001 -0.000000 0.866025  0.000000 0.000000 0
0  0.000000 26.209158 4.277596  -0.500001 -0.000000 0.866025  0.000000 0.000000 0
0  -1.852499 28.679157 3.208056  -0.500001 -0.000000 0.866025  0.000000 0.000000 0
gold_player
0  0.000000 23.739157 4.277596  -0.499999 0.000000 0.866026  0.000000 0.000000 0
0  0.000000 26.209158 4.277596  -0.499999 0.000000 0.866026  0.000000 0.000000 0
0  -1.852499 23.739157 3.208056  -0.499999 0.000000 0.866026  0.000000 0.000000 0
gold_player
0  0.000000 26.209158 4.277596  0.654642 -0.654655 0.377983  0.000000 0.000000 0
0  -1.974150 23.739157 3.418748  0.654642 -0.654655 0.377983  0.000000 0.000000 0
0  -1.852499 23.739157 3.208056  0.654642 -0.654655 0.377983  0.000000 0.000000 0
gold_player
0  -3.704999 26.209158 2.138515  -0.654640 0.654652 -0.377990  0.000000 0.000000 0
0  -1.974150 28.679157 3.418748  -0.654640 0.654652 -0.377990  0.000000 0.000000 0
0  -1.852499 28.679157 3.208056  -0.654640 0.654652 -0.377990  0.000000 0.000000 0
gold_player
0  -1.852499 28.679157 3.208056  0.654648 0.654654 0.377974  0.000000 0.000000 0
0  -0.121648 26.209158 4.488290  0.654648 0.654654 0.377974  0.000000 0.000000 0
0  0.000000 26.209158 4.277596  0.654648 0.654654 0.377974  0.000000 0.000000 0
gold_player
0  -1.852499 23.739157 3.208056  -0.654647 -0.654654 -0.377975  0.000000 0.000000 0
0  -3.826649 26.209158 2.349208  -0.654647 -0.654654 -0.377975  0.000000 0.000000 0
0  -3.704999 26.209158 2.138515  -0.654647 -0.654654 -0.377975  0.000000 0.000000 0
gold_player
0  -2.102728 24.131977 3.641457  0.109357 -0.462908 0.879635  0.000000 0.000000 0
0  -0.121648 26.209158 4.488290  0.109357 -0.462908 0.879635  0.000000 0.000000 0
0  -0.544843 26.209158 4.540902  0.109357 -0.462908 0.879635  0.000000 0.000000 0
gold_player
0  -0.544843 26.209158 4.540902  0.109360 0.462912 0.879632  0.000000 0.000000 0
0  -1.974150 28.679157 3.418748  0.109360 0.462912 0.879632  0.000000 0.000000 0
0  -2.102728 28.286337 3.641458  0.109360 0.462912 0.879632  0.000000 0.000000 0
gold_player
0  -3.826649 26.209158 2.349208  -0.816463 0.462909 0.345115  0.000000 0.000000 0
0  -2.102728 28.286337 3.641458  -0.816463 0.462909 0.345115  0.000000 0.000000 0
0  -1.974150 28.679157 3.418748  -0.816463 0.462909 0.345115  0.000000 0.000000 0
gold_player
0  -1.974150 23.739157 3.418748  -0.816464 -0.462911 0.345110  0.000000 0.000000 0
0  -3.660615 26.209158 2.742011  -0.816464 -0.462911 0.345110  0.000000 0.000000 0
0  -3.826649 26.209158 2.349208  -0.816464 -0.462911 0.345110  0.000000 0.000000 0
painted_wood_01
0  -2.102728 28.286337 3.641458  -0.500005 -0.000003 0.866022  0.297978 0.539823 0
0  -0.806439 26.209158 4.389869  -0.500005 -0.000003 0.866022  0.297978 0.539823 0
0  -0.544843 26.209158 4.540902  -0.500005 -0.000003 0.866022  0.297978 0.539823 0
gold_player
0  -2.102728 27.937542 3.641458  -0.654653 -0.654654 -0.377965  0.000000 0.000000 0
0  -0.656439 26.209158 4.130063  -0.654653 -0.654654 -0.377965  0.000000 0.000000 0
0  -0.806439 26.209158 4.389869  -0.654653 -0.654654 -0.377965  0.000000 0.000000 0
painted_wood_01
0  -2.102728 24.131977 3.641457  -0.500000 0.000002 0.866025  0.297978 0.539823 0
0  -3.399020 26.209158 2.893043  -0.500000 0.000002 0.866025  0.297978 0.539823 0
0  -3.660615 26.209158 2.742011  -0.500000 0.000002 0.866025  0.297978 0.539823 0
painted_wood_01
0  -3.660615 26.209158 2.742011  -0.499996 0.000000 0.866027  0.297978 0.539823 0
0  -2.102728 27.937542 3.641458  -0.499996 0.000000 0.866027  0.297978 0.539823 0
0  -2.102728 28.286337 3.641458  -0.499996 0.000000 0.866027  0.297978 0.539823 0
painted_wood_01
0  -0.544843 26.209158 4.540902  -0.500001 -0.000000 0.866025  0.297978 0.539823 0
0  -2.102728 24.480772 3.641458  -0.500001 -0.000000 0.866025  0.297978 0.539823 0
0  -2.102728 24.131977 3.641457  -0.500001 -0.000000 0.866025  0.297978 0.539823 0
gold_player
0  -0.656439 26.209158 4.130063  -0.500001 0.000000 0.866025  0.000000 0.000000 0
0  -3.249020 26.209158 2.633235  -0.500001 0.000000 0.866025  0.000000 0.000000 0
0  -1.952728 24.480772 3.381650  -0.500001 0.000000 0.866025  0.000000 0.000000 0
gold_player
0  -3.399020 26.209158 2.893043  0.654653 -0.654655 0.377964  0.000000 0.000000 0
0  -1.952728 27.937542 3.381650  0.654653 -0.654655 0.377964  0.000000 0.000000 0
0  -2.102728 27.937542 3.641458  0.654653 -0.654655 0.377964  0.000000 0.000000 0
gold_player
0  -0.806439 26.209158 4.389869  -0.654655 0.654655 -0.377960  0.000000 0.000000 0
0  -1.952728 24.480772 3.381650  -0.654655 0.654655 -0.377960  0.000000 0.000000 0
0  -2.102728 24.480772 3.641458  -0.654655 0.654655 -0.377960  0.000000 0.000000 0
gold_player
0  -2.102728 24.480772 3.641458  0.654653 0.654653 0.377966  0.000000 0.000000 0
0  -3.249020 26.209158 2.633235  0.654653 0.654653 0.377966  0.000000 0.000000 0
0  -3.399020 26.209158 2.893043  0.654653 0.654653 0.377966  0.000000 0.000000 0
gold_player
0  -3.704999 26.209156 -2.139651  -0.653969 -0.654653 0.379149  0.000000 0.000000 0
0  -1.974411 23.739157 -3.419465  -0.653969 -0.654653 0.379149  0.000000 0.000000 0
0  -1.852501 23.739157 -3.209191  -0.653969 -0.654653 0.379149  0.000000 0.000000 0
gold_player
0  0.000000 26.209156 -4.278733  0.653965 0.654652 -0.379157  0.000000 0.000000 0
0  -1.974411 28.679157 -3.419465  0.653965 0.654652 -0.379157  0.000000 0.000000 0
0  -1.852501 28.679157 -3.209193  0.653965 0.654652 -0.379157  0.000000 0.000000 0
gold_player
0  -1.852501 28.679157 -3.209193  -0.653964 0.654653 0.379157  0.000000 0.000000 0
0  -3.826911 26.209156 -2.349923  -0.653964 0.654653 0.379157  0.000000 0.000000 0
0  -3.704999 26.209156 -2.139651  -0.653964 0.654653 0.379157  0.000000 0.000000 0
gold_player
0  -1.852501 23.739157 -3.209191  0.653963 -0.654652 -0.379160  0.000000 0.000000 0
0  -0.121912 26.209156 -4.489005  0.653963 -0.654652 -0.379160  0.000000 0.000000 0
0  0.000000 26.209156 -4.278733  0.653963 -0.654652 -0.379160  0.000000 0.000000 0
gold_player
0  -2.102993 24.131977 -3.642171  -0.816462 -0.462911 -0.345113  0.000000 0.000000 0
0  -3.826911 26.209156 -2.349923  -0.816462 -0.462911 -0.345113  0.000000 0.000000 0
0  -3.660878 26.209156 -2.742726  -0.816462 -0.462911 -0.345113  0.000000 0.000000 0
gold_player
0  -3.660878 26.209156 -2.742726  -0.816462 0.462909 -0.345117  0.000000 0.000000 0
0  -1.974411 28.679157 -3.419465  -0.816462 0.462909 -0.345117  0.000000 0.000000 0
0  -2.102993 28.286337 -3.642171  -0.816462 0.462909 -0.345117  0.000000 0.000000 0
gold_player
0  -0.121912 26.209156 -4.489005  0.109352 0.462908 -0.879635  0.000000 0.000000 0
0  -2.102993 28.286337 -3.642171  0.109352 0.462908 -0.879635  0.000000 0.000000 0
0  -1.974411 28.679157 -3.419465  0.109352 0.462908 -0.879635  0.000000 0.000000 0
gold_player
0  -1.974411 23.739157 -3.419465  0.109362 -0.462912 -0.879632  0.000000 0.000000 0
0  -0.545106 26.209156 -4.541619  0.109362 -0.462912 -0.879632  0.000000 0.000000 0
0  -0.121912 26.209156 -4.489005  0.109362 -0.462912 -0.879632  0.000000 0.000000 0
painted_wood_01
0  -2.102993 28.286337 -3.642171  -0.500002 0.000002 -0.866024  0.297978 0.539823 0
0  -3.399282 26.209156 -2.893760  -0.500002 0.000002 -0.866024  0.297978 0.539823 0
0  -3.660878 26.209156 -2.742726  -0.500002 0.000002 -0.866024  0.297978 0.539823 0
gold_player
0  -2.102993 27.937542 -3.642171  0.654656 -0.654653 -0.377962  0.000000 0.000000 0
0  -3.249282 26.209156 -2.633950  0.654656 -0.654653 -0.377962  0.000000 0.000000 0
0  -3.399282 26.209156 -2.893760  0.654656 -0.654653 -0.377962  0.000000 0.000000 0
painted_wood_01
0  -2.102993 24.131977 -3.642171  -0.500006 0.000004 -0.866022  0.297978 0.539823 0
0  -0.806700 26.209156 -4.390586  -0.500006 0.000004 -0.866022  0.297978 0.539823 0
0  -0.545106 26.209156 -4.541619  -0.500006 0.000004 -0.866022  0.297978 0.539823 0
painted_wood_01
0  -0.545106 26.209156 -4.541619  -0.500002 0.000000 -0.866024  0.297978 0.539823 0
0  -2.102993 27.937542 -3.642171  -0.500002 0.000000 -0.866024  0.297978 0.539823 0
0  -2.102993 28.286337 -3.642171  -0.500002 0.000000 -0.866024  0.297978 0.539823 0
painted_wood_01
0  -3.660878 26.209156 -2.742726  -0.500005 0.000000 -0.866022  0.297978 0.539823 0
0  -2.102993 24.480772 -3.642171  -0.500005 0.000000 -0.866022  0.297978 0.539823 0
0  -2.102993 24.131977 -3.642171  -0.500005 0.000000 -0.866022  0.297978 0.539823 0
gold_player
0  -3.249282 26.209156 -2.633950  -0.500001 -0.000001 -0.866025  0.000000 0.000000 0
0  -0.656700 26.209156 -4.130780  -0.500001 -0.000001 -0.866025  0.000000 0.000000 0
0  -1.952993 24.480772 -3.382363  -0.500001 -0.000001 -0.866025  0.000000 0.000000 0
gold_player
0  -0.806700 26.209156 -4.390586  -0.654652 -0.654653 0.377968  0.000000 0.000000 0
0  -1.952993 27.937542 -3.382363  -0.654652 -0.654653 0.377968  0.000000 0.000000 0
0  -2.102993 27.937542 -3.642171  -0.654652 -0.654653 0.377968  0.000000 0.000000 0
gold_player
0  -3.399282 26.209156 -2.893760  0.654654 0.654653 -0.377965  0.000000 0.000000 0
0  -1.952993 24.480772 -3.382363  0.654654 0.654653 -0.377965  0.000000 0.000000 0
0  -2.102993 24.480772 -3.642171  0.654654 0.654653 -0.377965  0.000000 0.000000 0
gold_player
0  -2.102993 24.480772 -3.642171  -0.654652 0.654655 0.377965  0.000000 0.000000 0
0  -0.656700 26.209156 -4.130780  -0.654652 0.654655 0.377965  0.000000 0.000000 0
0  -0.806700 26.209156 -4.390586  -0.654652 0.654655 0.377965  0.000000 0.000000 0
c_invasion_wrangler_laser
0  -2.340000 20.099998 0.000000  -0.499393 -0.864978 0.049189  0.094421 0.479679 0
0  -1.838972 19.831532 0.365794  -0.499393 -0.864978 0.049189  0.093499 0.492277 0
0  -2.295037 20.099998 0.456511  -0.499393 -0.864978 0.049189  0.093989 0.492270 0
c_invasion_wrangler_laser
0  -1.875000 19.831532 0.000000  0.995185 -0.000000 -0.098017  0.094345 0.479680 0
0  -1.838972 20.368465 0.365794  0.995185 -0.000000 -0.098017  0.094430 0.492301 0
0  -1.838972 19.831532 0.365794  0.995185 -0.000000 -0.098017  0.093499 0.492277 0
c_invasion_wrangler_laser
0  -1.875000 20.368465 -0.000000  -0.499393 0.864978 0.049186  0.094494 0.479680 0
0  -2.295037 20.099998 0.456511  -0.499393 0.864978 0.049186  0.093989 0.492270 0
0  -1.838972 20.368465 0.365794  -0.499393 0.864978 0.049186  0.094430 0.492301 0
c_invasion_wrangler_laser
0  -2.295037 20.099998 0.456511  -0.480202 -0.864977 0.145678  0.093989 0.492270 0
0  -1.732274 19.831532 0.717531  -0.480202 -0.864977 0.145678  0.093227 0.504904 0
0  -2.161878 20.099998 0.895479  -0.480202 -0.864977 0.145678  0.093593 0.504832 0
c_invasion_wrangler_laser
0  -1.838972 19.831532 0.365794  0.956940 0.000000 -0.290286  0.093499 0.492277 0
0  -1.732274 20.368465 0.717531  0.956940 0.000000 -0.290286  0.093762 0.504906 0
0  -1.732274 19.831532 0.717531  0.956940 0.000000 -0.290286  0.093227 0.504904 0
c_invasion_wrangler_laser
0  -1.838972 20.368465 0.365794  -0.480203 0.864978 0.145666  0.094430 0.492301 0
0  -2.161878 20.099998 0.895479  -0.480203 0.864978 0.145666  0.093593 0.504832 0
0  -1.732274 20.368465 0.717531  -0.480203 0.864978 0.145666  0.093762 0.504906 0
c_invasion_wrangler_laser
0  -2.161878 20.099998 0.895479  -0.442557 -0.864978 0.236551  0.093593 0.504832 0
0  -1.559005 19.831532 1.041694  -0.442557 -0.864978 0.236551  0.092829 0.517488 0
0  -1.945639 20.099998 1.300034  -0.442557 -0.864978 0.236551  0.093317 0.517461 0
c_invasion_wrangler_laser
0  -1.732274 19.831532 0.717531  0.881921 0.000000 -0.471396  0.093227 0.504904 0
0  -1.559005 20.368465 1.041694  0.881921 0.000000 -0.471396  0.093112 0.517483 0
0  -1.559005 19.831532 1.041694  0.881921 0.000000 -0.471396  0.092829 0.517488 0
c_invasion_wrangler_laser
0  -1.732274 20.368465 0.717531  -0.442557 0.864977 0.236554  0.093762 0.504906 0
0  -1.945639 20.099998 1.300034  -0.442557 0.864977 0.236554  0.093317 0.517461 0
0  -1.559005 20.368465 1.041694  -0.442557 0.864977 0.236554  0.093112 0.517483 0
c_invasion_wrangler_laser
0  -1.945639 20.099998 1.300034  -0.387905 -0.864978 0.318344  0.093317 0.517461 0
0  -1.325825 19.831532 1.325825  -0.387905 -0.864978 0.318344  0.092366 0.530061 0
0  -1.654629 20.099998 1.654630  -0.387905 -0.864978 0.318344  0.092321 0.530139 0
c_invasion_wrangler_laser
0  -1.559005 19.831532 1.041694  0.773009 0.000000 -0.634395  0.092829 0.517488 0
0  -1.325825 20.368465 1.325825  0.773009 0.000000 -0.634395  0.093162 0.530083 0
0  -1.325825 19.831532 1.325825  0.773009 0.000000 -0.634395  0.092366 0.530061 0
c_invasion_wrangler_laser
0  -1.559005 20.368465 1.041694  -0.387904 0.864978 0.318344  0.093112 0.517483 0
0  -1.654629 20.099998 1.654630  -0.387904 0.864978 0.318344  0.092321 0.530139 0
0  -1.325825 20.368465 1.325825  -0.387904 0.864978 0.318344  0.093162 0.530083 0
c_invasion_wrangler_laser
0  -1.654629 20.099998 1.654630  -0.318345 -0.864977 0.387906  0.092321 0.530139 0
0  -1.041694 19.831532 1.559005  -0.318345 -0.864977 0.387906  0.091913 0.542506 0
0  -1.300034 20.099998 1.945639  -0.318345 -0.864977 0.387906  0.091843 0.543048 0
c_invasion_wrangler_laser
0  -1.325825 19.831532 1.325825  0.634393 0.000000 -0.773010  0.092366 0.530061 0
0  -1.041694 20.368467 1.559005  0.634393 0.000000 -0.773010  0.092752 0.542549 0
0  -1.041694 19.831532 1.559005  0.634393 0.000000 -0.773010  0.091913 0.542506 0
c_invasion_wrangler_laser
0  -1.325825 20.368465 1.325825  -0.318351 0.864978 0.387899  0.093162 0.530083 0
0  -1.300034 20.099998 1.945639  -0.318351 0.864978 0.387899  0.091843 0.543048 0
0  -1.041694 20.368467 1.559005  -0.318351 0.864978 0.387899  0.092752 0.542549 0
c_invasion_wrangler_laser
0  -1.300034 20.099998 1.945639  -0.236551 -0.864978 0.442556  0.091843 0.543048 0
0  -0.717532 19.831532 1.732274  -0.236551 -0.864978 0.442556  0.090447 0.554613 0
0  -0.895480 20.099998 2.161878  -0.236551 -0.864978 0.442556  0.091844 0.556831 0
c_invasion_wrangler_laser
0  -1.041694 19.831532 1.559005  0.471396 0.000000 -0.881921  0.091913 0.542506 0
0  -0.717532 20.368467 1.732274  0.471396 0.000000 -0.881921  0.092810 0.554674 0
0  -0.717532 19.831532 1.732274  0.471396 0.000000 -0.881921  0.090447 0.554613 0
c_invasion_wrangler_laser
0  -1.041694 20.368467 1.559005  -0.236553 0.864979 0.442554  0.092752 0.542549 0
0  -0.895480 20.099998 2.161878  -0.236553 0.864979 0.442554  0.091844 0.556831 0
0  -0.717532 20.368467 1.732274  -0.236553 0.864979 0.442554  0.092810 0.554674 0
c_invasion_wrangler_laser
0  -0.895480 20.099998 2.161878  -0.145668 -0.864980 0.480198  0.091844 0.556831 0
0  -0.365795 19.831532 1.838972  -0.145668 -0.864980 0.480198  0.088812 0.565252 0
0  -0.456512 20.099998 2.295037  -0.145668 -0.864980 0.480198  0.091107 0.573679 0
c_invasion_wrangler_laser
0  -0.717532 19.831532 1.732274  0.290285 0.000000 -0.956940  0.090447 0.554613 0
0  -0.365795 20.368467 1.838972  0.290285 0.000000 -0.956940  0.093805 0.565417 0
0  -0.365795 19.831532 1.838972  0.290285 0.000000 -0.956940  0.088812 0.565252 0
c_invasion_wrangler_laser
0  -0.717532 20.368467 1.732274  -0.145669 0.864978 0.480202  0.092810 0.554674 0
0  -0.456512 20.099998 2.295037  -0.145669 0.864978 0.480202  0.091107 0.573679 0
0  -0.365795 20.368467 1.838972  -0.145669 0.864978 0.480202  0.093805 0.565417 0
c_invasion_wrangler_laser
0  -0.456512 20.099998 2.295037  -0.049185 -0.864977 0.499395  0.091107 0.573679 0
0  0.000000 19.831532 1.875000  -0.049185 -0.864977 0.499395  0.083235 0.571468 0
0  0.000000 20.099998 2.340000  -0.049185 -0.864977 0.499395  0.090089 0.601551 0
c_invasion_wrangler_laser
0  -0.365795 19.831532 1.838972  0.098018 0.000000 -0.995185  0.088812 0.565252 0
0  0.000000 20.368467 1.875000  0.098018 0.000000 -0.995185  0.098953 0.572003 0
0  0.000000 19.831532 1.875000  0.098018 0.000000 -0.995185  0.083235 0.571468 0
c_invasion_wrangler_laser
0  -0.365795 20.368467 1.838972  -0.049186 0.864978 0.499393  0.093805 0.565417 0
0  0.000000 20.099998 2.340000  -0.049186 0.864978 0.499393  0.090089 0.601551 0
0  0.000000 20.368467 1.875000  -0.049186 0.864978 0.499393  0.098953 0.572003 0
c_invasion_wrangler_laser
0  0.000000 20.099998 -2.340000  -0.049186 -0.864976 -0.499397  0.098376 0.368364 0
0  -0.365794 19.831530 -1.838972  -0.049186 -0.864976 -0.499397  0.097699 0.392756 0
0  -0.456511 20.099998 -2.295038  -0.049186 -0.864976 -0.499397  0.097415 0.388523 0
c_invasion_wrangler_laser
0  0.000000 19.831530 -1.875000  0.098016 0.000000 0.995185  0.098953 0.383362 0
0  -0.365794 20.368465 -1.838972  0.098016 0.000000 0.995185  0.097544 0.392693 0
0  -0.365794 19.831530 -1.838972  0.098016 0.000000 0.995185  0.097699 0.392756 0
c_invasion_wrangler_laser
0  0.000000 20.368465 -1.875000  -0.049186 0.864978 -0.499394  0.095870 0.383462 0
0  -0.456511 20.099998 -2.295038  -0.049186 0.864978 -0.499394  0.097415 0.388523 0
0  -0.365794 20.368465 -1.838972  -0.049186 0.864978 -0.499394  0.097544 0.392693 0
c_invasion_wrangler_laser
0  -0.456511 20.099998 -2.295038  -0.145668 -0.864974 -0.480209  0.097415 0.388523 0
0  -0.717532 19.831530 -1.732274  -0.145668 -0.864974 -0.480209  0.097282 0.404442 0
0  -0.895480 20.099998 -2.161878  -0.145668 -0.864974 -0.480209  0.097025 0.403180 0
c_invasion_wrangler_laser
0  -0.365794 19.831530 -1.838972  0.290285 0.000000 0.956940  0.097699 0.392756 0
0  -0.717532 20.368465 -1.732274  0.290285 0.000000 0.956940  0.097021 0.404415 0
0  -0.717532 19.831530 -1.732274  0.290285 0.000000 0.956940  0.097282 0.404442 0
c_invasion_wrangler_laser
0  -0.365794 20.368465 -1.838972  -0.145668 0.864979 -0.480200  0.097544 0.392693 0
0  -0.895480 20.099998 -2.161878  -0.145668 0.864979 -0.480200  0.097025 0.403180 0
0  -0.717532 20.368465 -1.732274  -0.145668 0.864979 -0.480200  0.097021 0.404415 0
c_invasion_wrangler_laser
0  -0.895480 20.099998 -2.161878  -0.236553 -0.864977 -0.442559  0.097025 0.403180 0
0  -1.041694 19.831530 -1.559005  -0.236553 -0.864977 -0.442559  0.096480 0.416729 0
0  -1.300034 20.099998 -1.945639  -0.236553 -0.864977 -0.442559  0.096479 0.416434 0
c_invasion_wrangler_laser
0  -0.717532 19.831530 -1.732274  0.471395 0.000000 0.881922  0.097282 0.404442 0
0  -1.041694 20.368465 -1.559005  0.471395 0.000000 0.881922  0.097011 0.416746 0
0  -1.041694 19.831530 -1.559005  0.471395 0.000000 0.881922  0.096480 0.416729 0
c_invasion_wrangler_laser
0  -0.717532 20.368465 -1.732274  -0.236551 0.864976 -0.442560  0.097021 0.404415 0
0  -1.300034 20.099998 -1.945639  -0.236551 0.864976 -0.442560  0.096479 0.416434 0
0  -1.041694 20.368465 -1.559005  -0.236551 0.864976 -0.442560  0.097011 0.416746 0
c_invasion_wrangler_laser
0  -1.300034 20.099998 -1.945639  -0.318345 -0.864977 -0.387907  0.096479 0.416434 0
0  -1.325824 19.831532 -1.325826  -0.318345 -0.864977 -0.387907  0.095813 0.429269 0
0  -1.654629 20.099998 -1.654631  -0.318345 -0.864977 -0.387907  0.096705 0.429239 0
c_invasion_wrangler_laser
0  -1.041694 19.831530 -1.559005  0.634393 0.000000 0.773010  0.096480 0.416729 0
0  -1.325824 20.368465 -1.325826  0.634393 0.000000 0.773010  0.096177 0.429281 0
0  -1.325824 19.831532 -1.325826  0.634393 0.000000 0.773010  0.095813 0.429269 0
c_invasion_wrangler_laser
0  -1.041694 20.368465 -1.559005  -0.318344 0.864976 -0.387909  0.097011 0.416746 0
0  -1.654629 20.099998 -1.654631  -0.318344 0.864976 -0.387909  0.096705 0.429239 0
0  -1.325824 20.368465 -1.325826  -0.318344 0.864976 -0.387909  0.096177 0.429281 0
c_invasion_wrangler_laser
0  -1.654629 20.099998 -1.654631  -0.387904 -0.864978 -0.318346  0.096705 0.429239 0
0  -1.559005 19.831532 -1.041694  -0.387904 -0.864978 -0.318346  0.095773 0.441875 0
0  -1.945639 20.099998 -1.300034  -0.387904 -0.864978 -0.318346  0.095575 0.441898 0
c_invasion_wrangler_laser
0  -1.325824 19.831532 -1.325826  0.773009 0.000000 0.634395  0.095813 0.429269 0
0  -1.559005 20.368465 -1.041694  0.773009 0.000000 0.634395  0.095921 0.441872 0
0  -1.559005 19.831532 -1.041694  0.773009 0.000000 0.634395  0.095773 0.441875 0
c_invasion_wrangler_laser
0  -1.325824 20.368465 -1.325826  -0.387905 0.864980 -0.318339  0.096177 0.429281 0
0  -1.945639 20.099998 -1.300034  -0.387905 0.864980 -0.318339  0.095575 0.441898 0
0  -1.559005 20.368465 -1.041694  -0.387905 0.864980 -0.318339  0.095921 0.441872 0
c_invasion_wrangler_laser
0  -1.945639 20.099998 -1.300034  -0.442556 -0.864977 -0.236556  0.095575 0.441898 0
0  -1.732274 19.831532 -0.717532  -0.442556 -0.864977 -0.236556  0.095092 0.454452 0
0  -2.161877 20.099998 -0.895480  -0.442556 -0.864977 -0.236556  0.095262 0.454526 0
c_invasion_wrangler_laser
0  -1.559005 19.831532 -1.041694  0.881921 0.000000 0.471398  0.095773 0.441875 0
0  -1.732274 20.368465 -0.717532  0.881921 0.000000 0.471398  0.095586 0.454458 0
0  -1.732274 19.831532 -0.717532  0.881921 0.000000 0.471398  0.095092 0.454452 0
c_invasion_wrangler_laser
0  -1.559005 20.368465 -1.041694  -0.442556 0.864976 -0.236559  0.095921 0.441872 0
0  -2.161877 20.099998 -0.895480  -0.442556 0.864976 -0.236559  0.095262 0.454526 0
0  -1.732274 20.368465 -0.717532  -0.442556 0.864976 -0.236559  0.095586 0.454458 0
c_invasion_wrangler_laser
0  -2.161877 20.099998 -0.895480  -0.480202 -0.864979 -0.145662  0.095262 0.454526 0
0  -1.838972 19.831532 -0.365794  -0.480202 -0.864979 -0.145662  0.094414 0.467058 0
0  -2.295037 20.099998 -0.456511  -0.480202 -0.864979 -0.145662  0.094855 0.467090 0
c_invasion_wrangler_laser
0  -1.732274 19.831532 -0.717532  0.956940 -0.000000 0.290285  0.095092 0.454452 0
0  -1.838972 20.368465 -0.365794  0.956940 -0.000000 0.290285  0.095333 0.467084 0
0  -1.838972 19.831532 -0.365794  0.956940 -0.000000 0.290285  0.094414 0.467058 0
c_invasion_wrangler_laser
0  -1.732274 20.368465 -0.717532  -0.480202 0.864977 -0.145675  0.095586 0.454458 0
0  -2.295037 20.099998 -0.456511  -0.480202 0.864977 -0.145675  0.094855 0.467090 0
0  -1.838972 20.368465 -0.365794  -0.480202 0.864977 -0.145675  0.095333 0.467084 0
c_invasion_wrangler_laser
0  -2.295037 20.099998 -0.456511  -0.499394 -0.864978 -0.049189  0.094855 0.467090 0
0  -1.875000 19.831532 0.000000  -0.499394 -0.864978 -0.049189  0.094345 0.479680 0
0  -2.340000 20.099998 0.000000  -0.499394 -0.864978 -0.049189  0.094421 0.479679 0
c_invasion_wrangler_laser
0  -1.838972 19.831532 -0.365794  0.995185 -0.000000 0.098017  0.094414 0.467058 0
0  -1.875000 20.368465 -0.000000  0.995185 -0.000000 0.098017  0.094494 0.479680 0
0  -1.875000 19.831532 0.000000  0.995185 -0.000000 0.098017  0.094345 0.479680 0
c_invasion_wrangler_laser
0  -1.838972 20.368465 -0.365794  -0.499394 0.864978 -0.049186  0.095333 0.467084 0
0  -2.340000 20.099998 0.000000  -0.499394 0.864978 -0.049186  0.094421 0.479679 0
0  -1.875000 20.368465 -0.000000  -0.499394 0.864978 -0.049186  0.094494 0.479680 0
c_invasion_wrangler_laser
0  -2.340000 18.999998 0.000000  -0.499394 -0.864978 0.049181  0.055490 0.479904 0
0  -1.838972 18.731531 0.365794  -0.499394 -0.864978 0.049181  0.055772 0.492556 0
0  -2.295037 18.999998 0.456511  -0.499394 -0.864978 0.049181  0.056142 0.492528 0
c_invasion_wrangler_laser
0  -1.875000 18.731531 0.000000  0.995185 -0.000000 -0.098017  0.055723 0.479874 0
0  -1.838972 19.268465 0.365794  0.995185 -0.000000 -0.098017  0.056740 0.492498 0
0  -1.838972 18.731531 0.365794  0.995185 -0.000000 -0.098017  0.055772 0.492556 0
c_invasion_wrangler_laser
0  -1.875000 19.268465 -0.000000  -0.499393 0.864978 0.049186  0.056072 0.479826 0
0  -2.295037 18.999998 0.456511  -0.499393 0.864978 0.049186  0.056142 0.492528 0
0  -1.838972 19.268465 0.365794  -0.499393 0.864978 0.049186  0.056740 0.492498 0
c_invasion_wrangler_laser
0  -2.295037 18.999998 0.456511  -0.480202 -0.864978 0.145670  0.056142 0.492528 0
0  -1.732274 18.731531 0.717531  -0.480202 -0.864978 0.145670  0.056458 0.505212 0
0  -2.161878 18.999998 0.895479  -0.480202 -0.864978 0.145670  0.056633 0.505152 0
c_invasion_wrangler_laser
0  -1.838972 18.731531 0.365794  0.956940 0.000000 -0.290286  0.055772 0.492556 0
0  -1.732274 19.268465 0.717531  0.956940 0.000000 -0.290286  0.056916 0.505191 0
0  -1.732274 18.731531 0.717531  0.956940 0.000000 -0.290286  0.056458 0.505212 0
c_invasion_wrangler_laser
0  -1.838972 19.268465 0.365794  -0.480203 0.864978 0.145666  0.056740 0.492498 0
0  -2.161878 18.999998 0.895479  -0.480203 0.864978 0.145666  0.056633 0.505152 0
0  -1.732274 19.268465 0.717531  -0.480203 0.864978 0.145666  0.056916 0.505191 0
c_invasion_wrangler_laser
0  -2.161878 18.999998 0.895479  -0.442557 -0.864978 0.236551  0.056633 0.505152 0
0  -1.559005 18.731531 1.041694  -0.442557 -0.864978 0.236551  0.057164 0.517828 0
0  -1.945639 18.999998 1.300034  -0.442557 -0.864978 0.236551  0.057058 0.517863 0
c_invasion_wrangler_laser
0  -1.732274 18.731531 0.717531  0.881921 0.000000 -0.471396  0.056458 0.505212 0
0  -1.559005 19.268465 1.041694  0.881921 0.000000 -0.471396  0.057130 0.517835 0
0  -1.559005 18.731531 1.041694  0.881921 0.000000 -0.471396  0.057164 0.517828 0
c_invasion_wrangler_laser
0  -1.732274 19.268465 0.717531  -0.442557 0.864977 0.236554  0.056916 0.505191 0
0  -1.945639 18.999998 1.300034  -0.442557 0.864977 0.236554  0.057058 0.517863 0
0  -1.559005 19.268465 1.041694  -0.442557 0.864977 0.236554  0.057130 0.517835 0
c_invasion_wrangler_laser
0  -1.945639 18.999998 1.300034  -0.387905 -0.864978 0.318344  0.057058 0.517863 0
0  -1.325825 18.731531 1.325825  -0.387905 -0.864978 0.318344  0.057268 0.530446 0
0  -1.654629 18.999998 1.654630  -0.387905 -0.864978 0.318344  0.057377 0.530640 0
c_invasion_wrangler_laser
0  -1.559005 18.731531 1.041694  0.773011 0.000000 -0.634392  0.057164 0.517828 0
0  -1.325825 19.268465 1.325825  0.773011 0.000000 -0.634392  0.058032 0.530438 0
0  -1.325825 18.731531 1.325825  0.773011 0.000000 -0.634392  0.057268 0.530446 0
c_invasion_wrangler_laser
0  -1.559005 19.268465 1.041694  -0.387904 0.864978 0.318344  0.057130 0.517835 0
0  -1.654629 18.999998 1.654630  -0.387904 0.864978 0.318344  0.057377 0.530640 0
0  -1.325825 19.268465 1.325825  -0.387904 0.864978 0.318344  0.058032 0.530438 0
c_invasion_wrangler_laser
0  -1.654629 18.999998 1.654630  -0.318345 -0.864979 0.387903  0.057377 0.530640 0
0  -1.041694 18.731531 1.559005  -0.318345 -0.864979 0.387903  0.057296 0.543023 0
0  -1.300034 18.999998 1.945639  -0.318345 -0.864979 0.387903  0.058449 0.543585 0
c_invasion_wrangler_laser
0  -1.325825 18.731531 1.325825  0.634393 0.000000 -0.773010  0.057268 0.530446 0
0  -1.041694 19.268467 1.559005  0.634393 0.000000 -0.773010  0.058333 0.542987 0
0  -1.041694 18.731531 1.559005  0.634393 0.000000 -0.773010  0.057296 0.543023 0
c_invasion_wrangler_laser
0  -1.325825 19.268465 1.325825  -0.318350 0.864975 0.387907  0.058032 0.530438 0
0  -1.300034 18.999998 1.945639  -0.318350 0.864975 0.387907  0.058449 0.543585 0
0  -1.041694 19.268467 1.559005  -0.318350 0.864975 0.387907  0.058333 0.542987 0
c_invasion_wrangler_laser
0  -1.300034 18.999998 1.945639  -0.236551 -0.864978 0.442556  0.058449 0.543585 0
0  -0.717532 18.731531 1.732274  -0.236551 -0.864978 0.442556  0.057581 0.555204 0
0  -0.895480 18.999998 2.161878  -0.236551 -0.864978 0.442556  0.058142 0.557435 0
c_invasion_wrangler_laser
0  -1.041694 18.731531 1.559005  0.471394 0.000000 -0.881922  0.057296 0.543023 0
0  -0.717532 19.268467 1.732274  0.471394 0.000000 -0.881922  0.059723 0.555179 0
0  -0.717532 18.731531 1.732274  0.471394 0.000000 -0.881922  0.057581 0.555204 0
c_invasion_wrangler_laser
0  -1.041694 19.268467 1.559005  -0.236553 0.864976 0.442560  0.058333 0.542987 0
0  -0.895480 18.999998 2.161878  -0.236553 0.864976 0.442560  0.058142 0.557435 0
0  -0.717532 19.268467 1.732274  -0.236553 0.864976 0.442560  0.059723 0.555179 0
c_invasion_wrangler_laser
0  -0.895480 18.999998 2.161878  -0.145668 -0.864977 0.480204  0.058142 0.557435 0
0  -0.365795 18.731531 1.838972  -0.145668 -0.864977 0.480204  0.055961 0.566263 0
0  -0.456512 18.999998 2.295037  -0.145668 -0.864977 0.480204  0.059175 0.574316 0
c_invasion_wrangler_laser
0  -0.717532 18.731531 1.732274  0.290284 0.000000 -0.956941  0.057581 0.555204 0
0  -0.365795 19.268467 1.838972  0.290284 0.000000 -0.956941  0.061287 0.565900 0
0  -0.365795 18.731531 1.838972  0.290284 0.000000 -0.956941  0.055961 0.566263 0
c_invasion_wrangler_laser
0  -0.717532 19.268467 1.732274  -0.145669 0.864974 0.480208  0.059723 0.555179 0
0  -0.456512 18.999998 2.295037  -0.145669 0.864974 0.480208  0.059175 0.574316 0
0  -0.365795 19.268467 1.838972  -0.145669 0.864974 0.480208  0.061287 0.565900 0
c_invasion_wrangler_laser
0  -0.456512 18.999998 2.295037  -0.049185 -0.864977 0.499395  0.059175 0.574316 0
0  0.000000 18.731531 1.875000  -0.049185 -0.864977 0.499395  0.050894 0.572832 0
0  0.000000 18.999998 2.340000  -0.049185 -0.864977 0.499395  0.060116 0.602409 0
c_invasion_wrangler_laser
0  -0.365795 18.731531 1.838972  0.098017 0.000000 -0.995185  0.055961 0.566263 0
0  0.000000 19.268467 1.875000  0.098017 0.000000 -0.995185  0.066861 0.572111 0
0  0.000000 18.731531 1.875000  0.098017 0.000000 -0.995185  0.050894 0.572832 0
c_invasion_wrangler_laser
0  -0.365795 19.268467 1.838972  -0.049185 0.864974 0.499400  0.061287 0.565900 0
0  0.000000 18.999998 2.340000  -0.049185 0.864974 0.499400  0.060116 0.602409 0
0  0.000000 19.268467 1.875000  -0.049185 0.864974 0.499400  0.066861 0.572111 0
c_invasion_wrangler_laser
0  0.000000 18.999998 -2.340000  -0.049186 -0.864977 -0.499395  0.051822 0.368364 0
0  -0.365794 18.731529 -1.838972  -0.049186 -0.864977 -0.499395  0.052773 0.392491 0
0  -0.456511 18.999998 -2.295038  -0.049186 -0.864977 -0.499395  0.052753 0.388189 0
c_invasion_wrangler_laser
0  0.000000 18.731529 -1.875000  0.098018 0.000000 0.995185  0.053486 0.382975 0
0  -0.365794 19.268465 -1.838972  0.098018 0.000000 0.995185  0.052082 0.392561 0
0  -0.365794 18.731529 -1.838972  0.098018 0.000000 0.995185  0.052773 0.392491 0
c_invasion_wrangler_laser
0  0.000000 19.268465 -1.875000  -0.049186 0.864977 -0.499395  0.050894 0.383034 0
0  -0.456511 18.999998 -2.295038  -0.049186 0.864977 -0.499395  0.052753 0.388189 0
0  -0.365794 19.268465 -1.838972  -0.049186 0.864977 -0.499395  0.052082 0.392561 0
c_invasion_wrangler_laser
0  -0.456511 18.999998 -2.295038  -0.145669 -0.864978 -0.480201  0.052753 0.388189 0
0  -0.717532 18.731529 -1.732274  -0.145669 -0.864978 -0.480201  0.053005 0.404254 0
0  -0.895480 18.999998 -2.161878  -0.145669 -0.864978 -0.480201  0.052992 0.403015 0
c_invasion_wrangler_laser
0  -0.365794 18.731529 -1.838972  0.290287 0.000000 0.956940  0.052773 0.392491 0
0  -0.717532 19.268465 -1.732274  0.290287 0.000000 0.956940  0.053175 0.404215 0
0  -0.717532 18.731529 -1.732274  0.290287 0.000000 0.956940  0.053005 0.404254 0
c_invasion_wrangler_laser
0  -0.365794 19.268465 -1.838972  -0.145668 0.864979 -0.480200  0.052082 0.392561 0
0  -0.895480 18.999998 -2.161878  -0.145668 0.864979 -0.480200  0.052992 0.403015 0
0  -0.717532 19.268465 -1.732274  -0.145668 0.864979 -0.480200  0.053175 0.404215 0
c_invasion_wrangler_laser
0  -0.895480 18.999998 -2.161878  -0.236553 -0.864977 -0.442559  0.052992 0.403015 0
0  -1.041694 18.731529 -1.559005  -0.236553 -0.864977 -0.442559  0.053576 0.416658 0
0  -1.300034 18.999998 -1.945639  -0.236553 -0.864977 -0.442559  0.053046 0.416307 0
c_invasion_wrangler_laser
0  -0.717532 18.731529 -1.732274  0.471399 0.000000 0.881920  0.053005 0.404254 0
0  -1.041694 19.268465 -1.559005  0.471399 0.000000 0.881920  0.053915 0.416595 0
0  -1.041694 18.731529 -1.559005  0.471399 0.000000 0.881920  0.053576 0.416658 0
c_invasion_wrangler_laser
0  -0.717532 19.268465 -1.732274  -0.236552 0.864980 -0.442552  0.053175 0.404215 0
0  -1.300034 18.999998 -1.945639  -0.236552 0.864980 -0.442552  0.053046 0.416307 0
0  -1.041694 19.268465 -1.559005  -0.236552 0.864980 -0.442552  0.053915 0.416595 0
c_invasion_wrangler_laser
0  -1.300034 18.999998 -1.945639  -0.318345 -0.864978 -0.387903  0.053046 0.416307 0
0  -1.325824 18.731531 -1.325826  -0.318345 -0.864978 -0.387903  0.053583 0.429279 0
0  -1.654629 18.999998 -1.654631  -0.318345 -0.864978 -0.387903  0.054461 0.429136 0
c_invasion_wrangler_laser
0  -1.041694 18.731529 -1.559005  0.634393 0.000000 0.773010  0.053576 0.416658 0
0  -1.325824 19.268465 -1.325826  0.634393 0.000000 0.773010  0.053949 0.429224 0
0  -1.325824 18.731531 -1.325826  0.634393 0.000000 0.773010  0.053583 0.429279 0
c_invasion_wrangler_laser
0  -1.041694 19.268465 -1.559005  -0.318344 0.864976 -0.387909  0.053915 0.416595 0
0  -1.654629 18.999998 -1.654631  -0.318344 0.864976 -0.387909  0.054461 0.429136 0
0  -1.325824 19.268465 -1.325826  -0.318344 0.864976 -0.387909  0.053949 0.429224 0
c_invasion_wrangler_laser
0  -1.654629 18.999998 -1.654631  -0.387904 -0.864978 -0.318346  0.054461 0.429136 0
0  -1.559005 18.731531 -1.041694  -0.387904 -0.864978 -0.318346  0.054229 0.441919 0
0  -1.945639 18.999998 -1.300034  -0.387904 -0.864978 -0.318346  0.054488 0.441873 0
c_invasion_wrangler_laser
0  -1.325824 18.731531 -1.325826  0.773012 0.000000 0.634392  0.053583 0.429279 0
0  -1.559005 19.268465 -1.041694  0.773012 0.000000 0.634392  0.054574 0.441854 0
0  -1.559005 18.731531 -1.041694  0.773012 0.000000 0.634392  0.054229 0.441919 0
c_invasion_wrangler_laser
0  -1.325824 19.268465 -1.325826  -0.387904 0.864978 -0.318344  0.053949 0.429224 0
0  -1.945639 18.999998 -1.300034  -0.387904 0.864978 -0.318344  0.054488 0.441873 0
0  -1.559005 19.268465 -1.041694  -0.387904 0.864978 -0.318344  0.054574 0.441854 0
c_invasion_wrangler_laser
0  -1.945639 18.999998 -1.300034  -0.442556 -0.864977 -0.236556  0.054488 0.441873 0
0  -1.732274 18.731531 -0.717532  -0.442556 -0.864977 -0.236556  0.054900 0.454555 0
0  -2.161877 18.999998 -0.895480  -0.442556 -0.864977 -0.236556  0.054629 0.454580 0
c_invasion_wrangler_laser
0  -1.559005 18.731531 -1.041694  0.881921 0.000000 0.471398  0.054229 0.441919 0
0  -1.732274 19.268465 -0.717532  0.881921 0.000000 0.471398  0.055072 0.454499 0
0  -1.732274 18.731531 -0.717532  0.881921 0.000000 0.471398  0.054900 0.454555 0
c_invasion_wrangler_laser
0  -1.559005 19.268465 -1.041694  -0.442557 0.864978 -0.236550  0.054574 0.441854 0
0  -2.161877 18.999998 -0.895480  -0.442557 0.864978 -0.236550  0.054629 0.454580 0
0  -1.732274 19.268465 -0.717532  -0.442557 0.864978 -0.236550  0.055072 0.454499 0
c_invasion_wrangler_laser
0  -2.161877 18.999998 -0.895480  -0.480202 -0.864978 -0.145669  0.054629 0.454580 0
0  -1.838972 18.731531 -0.365794  -0.480202 -0.864978 -0.145669  0.054953 0.467223 0
0  -2.295037 18.999998 -0.456511  -0.480202 -0.864978 -0.145669  0.055480 0.467235 0
c_invasion_wrangler_laser
0  -1.732274 18.731531 -0.717532  0.956940 -0.000000 0.290286  0.054900 0.454555 0
0  -1.838972 19.268465 -0.365794  0.956940 -0.000000 0.290286  0.055566 0.467144 0
0  -1.838972 18.731531 -0.365794  0.956940 -0.000000 0.290286  0.054953 0.467223 0
c_invasion_wrangler_laser
0  -1.732274 19.268465 -0.717532  -0.480202 0.864978 -0.145665  0.055072 0.454499 0
0  -2.295037 18.999998 -0.456511  -0.480202 0.864978 -0.145665  0.055480 0.467235 0
0  -1.838972 19.268465 -0.365794  -0.480202 0.864978 -0.145665  0.055566 0.467144 0
c_invasion_wrangler_laser
0  -2.295037 18.999998 -0.456511  -0.499394 -0.864978 -0.049181  0.055480 0.467235 0
0  -1.875000 18.731531 0.000000  -0.499394 -0.864978 -0.049181  0.055723 0.479874 0
0  -2.340000 18.999998 0.000000  -0.499394 -0.864978 -0.049181  0.055490 0.479904 0
c_invasion_wrangler_laser
0  -1.838972 18.731531 -0.365794  0.995185 -0.000000 0.098017  0.054953 0.467223 0
0  -1.875000 19.268465 -0.000000  0.995185 -0.000000 0.098017  0.056072 0.479826 0
0  -1.875000 18.731531 0.000000  0.995185 -0.000000 0.098017  0.055723 0.479874 0
c_invasion_wrangler_laser
0  -1.838972 19.268465 -0.365794  -0.499394 0.864978 -0.049186  0.055566 0.467144 0
0  -2.340000 18.999998 0.000000  -0.499394 0.864978 -0.049186  0.055490 0.479904 0
0  -1.875000 19.268465 -0.000000  -0.499394 0.864978 -0.049186  0.056072 0.479826 0
c_invasion_wrangler_laser
0  -2.340000 21.199999 0.000000  -0.499393 -0.864978 0.049189  0.109382 0.478343 0
0  -1.838972 20.931532 0.365794  -0.499393 -0.864978 0.049189  0.108508 0.490784 0
0  -2.295037 21.199999 0.456511  -0.499393 -0.864978 0.049189  0.109147 0.490815 0
c_invasion_wrangler_laser
0  -1.875000 20.931532 0.000000  0.995185 -0.000000 -0.098017  0.109376 0.478359 0
0  -1.838972 21.468466 0.365794  0.995185 -0.000000 -0.098017  0.109143 0.490769 0
0  -1.838972 20.931532 0.365794  0.995185 -0.000000 -0.098017  0.108508 0.490784 0
c_invasion_wrangler_laser
0  -1.875000 21.468466 -0.000000  -0.499393 0.864978 0.049186  0.109348 0.478336 0
0  -2.295037 21.199999 0.456511  -0.499393 0.864978 0.049186  0.109147 0.490815 0
0  -1.838972 21.468466 0.365794  -0.499393 0.864978 0.049186  0.109143 0.490769 0
c_invasion_wrangler_laser
0  -2.295037 21.199999 0.456511  -0.480203 -0.864979 0.145662  0.109147 0.490815 0
0  -1.732274 20.931532 0.717531  -0.480203 -0.864979 0.145662  0.108251 0.503257 0
0  -2.161878 21.199999 0.895479  -0.480203 -0.864979 0.145662  0.108232 0.503220 0
c_invasion_wrangler_laser
0  -1.838972 20.931532 0.365794  0.956940 0.000000 -0.290286  0.108508 0.490784 0
0  -1.732274 21.468466 0.717531  0.956940 0.000000 -0.290286  0.108910 0.503247 0
0  -1.732274 20.931532 0.717531  0.956940 0.000000 -0.290286  0.108251 0.503257 0
c_invasion_wrangler_laser
0  -1.838972 21.468466 0.365794  -0.480203 0.864978 0.145666  0.109143 0.490769 0
0  -2.161878 21.199999 0.895479  -0.480203 0.864978 0.145666  0.108232 0.503220 0
0  -1.732274 21.468466 0.717531  -0.480203 0.864978 0.145666  0.108910 0.503247 0
c_invasion_wrangler_laser
0  -2.161878 21.199999 0.895479  -0.442557 -0.864979 0.236548  0.108232 0.503220 0
0  -1.559005 20.931532 1.041694  -0.442557 -0.864979 0.236548  0.108022 0.515679 0
0  -1.945639 21.199999 1.300034  -0.442557 -0.864979 0.236548  0.107959 0.515702 0
c_invasion_wrangler_laser
0  -1.732274 20.931532 0.717531  0.881921 0.000000 -0.471396  0.108251 0.503257 0
0  -1.559005 21.468466 1.041694  0.881921 0.000000 -0.471396  0.108100 0.515671 0
0  -1.559005 20.931532 1.041694  0.881921 0.000000 -0.471396  0.108022 0.515679 0
c_invasion_wrangler_laser
0  -1.732274 21.468466 0.717531  -0.442556 0.864976 0.236558  0.108910 0.503247 0
0  -1.945639 21.199999 1.300034  -0.442556 0.864976 0.236558  0.107959 0.515702 0
0  -1.559005 21.468466 1.041694  -0.442556 0.864976 0.236558  0.108100 0.515671 0
c_invasion_wrangler_laser
0  -1.945639 21.199999 1.300034  -0.387904 -0.864977 0.318347  0.107959 0.515702 0
0  -1.325825 20.931532 1.325825  -0.387904 -0.864977 0.318347  0.107130 0.528066 0
0  -1.654629 21.199999 1.654630  -0.387904 -0.864977 0.318347  0.107564 0.528239 0
c_invasion_wrangler_laser
0  -1.559005 20.931532 1.041694  0.773011 0.000000 -0.634392  0.108022 0.515679 0
0  -1.325825 21.468466 1.325825  0.773011 0.000000 -0.634392  0.108054 0.528098 0
0  -1.325825 20.931532 1.325825  0.773011 0.000000 -0.634392  0.107130 0.528066 0
c_invasion_wrangler_laser
0  -1.559005 21.468466 1.041694  -0.387904 0.864978 0.318344  0.108100 0.515671 0
0  -1.654629 21.199999 1.654630  -0.387904 0.864978 0.318344  0.107564 0.528239 0
0  -1.325825 21.468466 1.325825  -0.387904 0.864978 0.318344  0.108054 0.528098 0
c_invasion_wrangler_laser
0  -1.654629 21.199999 1.654630  -0.318345 -0.864977 0.387906  0.107564 0.528239 0
0  -1.041694 20.931532 1.559005  -0.318345 -0.864977 0.387906  0.106875 0.540361 0
0  -1.300034 21.199999 1.945639  -0.318345 -0.864977 0.387906  0.107130 0.541000 0
c_invasion_wrangler_laser
0  -1.325825 20.931532 1.325825  0.634391 0.000000 -0.773012  0.107130 0.528066 0
0  -1.041694 21.468468 1.559005  0.634391 0.000000 -0.773012  0.107408 0.540403 0
0  -1.041694 20.931532 1.559005  0.634391 0.000000 -0.773012  0.106875 0.540361 0
c_invasion_wrangler_laser
0  -1.325825 21.468466 1.325825  -0.318349 0.864973 0.387911  0.108054 0.528098 0
0  -1.300034 21.199999 1.945639  -0.318349 0.864973 0.387911  0.107130 0.541000 0
0  -1.041694 21.468468 1.559005  -0.318349 0.864973 0.387911  0.107408 0.540403 0
c_invasion_wrangler_laser
0  -1.300034 21.199999 1.945639  -0.236551 -0.864978 0.442558  0.107130 0.541000 0
0  -0.717532 20.931532 1.732274  -0.236551 -0.864978 0.442558  0.105602 0.552281 0
0  -0.895480 21.199999 2.161878  -0.236551 -0.864978 0.442558  0.106671 0.554603 0
c_invasion_wrangler_laser
0  -1.041694 20.931532 1.559005  0.471394 0.000000 -0.881922  0.106875 0.540361 0
0  -0.717532 21.468468 1.732274  0.471394 0.000000 -0.881922  0.107795 0.552440 0
0  -0.717532 20.931532 1.732274  0.471394 0.000000 -0.881922  0.105602 0.552281 0
c_invasion_wrangler_laser
0  -1.041694 21.468468 1.559005  -0.236553 0.864976 0.442560  0.107408 0.540403 0
0  -0.895480 21.199999 2.161878  -0.236553 0.864976 0.442560  0.106671 0.554603 0
0  -0.717532 21.468468 1.732274  -0.236553 0.864976 0.442560  0.107795 0.552440 0
c_invasion_wrangler_laser
0  -0.895480 21.199999 2.161878  -0.145668 -0.864976 0.480205  0.106671 0.554603 0
0  -0.365795 20.931532 1.838972  -0.145668 -0.864976 0.480205  0.103169 0.562852 0
0  -0.456512 21.199999 2.295037  -0.145668 -0.864976 0.480205  0.106152 0.571304 0
c_invasion_wrangler_laser
0  -0.717532 20.931532 1.732274  0.290284 0.000000 -0.956941  0.105602 0.552281 0
0  -0.365795 21.468468 1.838972  0.290284 0.000000 -0.956941  0.109378 0.563342 0
0  -0.365795 20.931532 1.838972  0.290284 0.000000 -0.956941  0.103169 0.562852 0
c_invasion_wrangler_laser
0  -0.717532 21.468468 1.732274  -0.145669 0.864975 0.480206  0.107795 0.552440 0
0  -0.456512 21.199999 2.295037  -0.145669 0.864975 0.480206  0.106152 0.571304 0
0  -0.365795 21.468468 1.838972  -0.145669 0.864975 0.480206  0.109378 0.563342 0
c_invasion_wrangler_laser
0  -0.456512 21.199999 2.295037  -0.049185 -0.864977 0.499395  0.106152 0.571304 0
0  0.000000 20.931532 1.875000  -0.049185 -0.864977 0.499395  0.099076 0.567758 0
0  0.000000 21.199999 2.340000  -0.049185 -0.864977 0.499395  0.105022 0.599588 0
c_invasion_wrangler_laser
0  -0.365795 20.931532 1.838972  0.098017 0.000000 -0.995185  0.103169 0.562852 0
0  0.000000 21.468468 1.875000  0.098017 0.000000 -0.995185  0.114846 0.569897 0
0  0.000000 20.931532 1.875000  0.098017 0.000000 -0.995185  0.099076 0.567758 0
c_invasion_wrangler_laser
0  -0.365795 21.468468 1.838972  -0.049185 0.864974 0.499400  0.109378 0.563342 0
0  0.000000 21.199999 2.340000  -0.049185 0.864974 0.499400  0.105022 0.599588 0
0  0.000000 21.468468 1.875000  -0.049185 0.864974 0.499400  0.114846 0.569897 0
c_invasion_wrangler_laser
0  0.000000 21.199999 -2.340000  -0.049187 -0.864980 -0.499390  0.113310 0.368364 0
0  -0.365794 20.931530 -1.838972  -0.049187 -0.864980 -0.499390  0.112670 0.392461 0
0  -0.456511 21.199999 -2.295038  -0.049187 -0.864980 -0.499390  0.112713 0.388249 0
c_invasion_wrangler_laser
0  0.000000 20.931530 -1.875000  0.098017 0.000000 0.995185  0.114846 0.383446 0
0  -0.365794 21.468466 -1.838972  0.098017 0.000000 0.995185  0.112294 0.392446 0
0  -0.365794 20.931530 -1.838972  0.098017 0.000000 0.995185  0.112670 0.392461 0
c_invasion_wrangler_laser
0  0.000000 21.468466 -1.875000  -0.049186 0.864978 -0.499393  0.111729 0.383131 0
0  -0.456511 21.199999 -2.295038  -0.049186 0.864978 -0.499393  0.112713 0.388249 0
0  -0.365794 21.468466 -1.838972  -0.049186 0.864978 -0.499393  0.112294 0.392446 0
c_invasion_wrangler_laser
0  -0.456511 21.199999 -2.295038  -0.145669 -0.864978 -0.480203  0.112713 0.388249 0
0  -0.717532 20.931530 -1.732274  -0.145669 -0.864978 -0.480203  0.111674 0.403942 0
0  -0.895480 21.199999 -2.161878  -0.145669 -0.864978 -0.480203  0.112623 0.402826 0
c_invasion_wrangler_laser
0  -0.365794 20.931530 -1.838972  0.290287 0.000000 0.956940  0.112670 0.392461 0
0  -0.717532 21.468466 -1.732274  0.290287 0.000000 0.956940  0.111846 0.404000 0
0  -0.717532 20.931530 -1.732274  0.290287 0.000000 0.956940  0.111674 0.403942 0
c_invasion_wrangler_laser
0  -0.365794 21.468466 -1.838972  -0.145668 0.864980 -0.480198  0.112294 0.392446 0
0  -0.895480 21.199999 -2.161878  -0.145668 0.864980 -0.480198  0.112623 0.402826 0
0  -0.717532 21.468466 -1.732274  -0.145668 0.864980 -0.480198  0.111846 0.404000 0
c_invasion_wrangler_laser
0  -0.895480 21.199999 -2.161878  -0.236553 -0.864978 -0.442556  0.112623 0.402826 0
0  -1.041694 20.931530 -1.559005  -0.236553 -0.864978 -0.442556  0.111565 0.416175 0
0  -1.300034 21.199999 -1.945639  -0.236553 -0.864978 -0.442556  0.111494 0.415870 0
c_invasion_wrangler_laser
0  -0.717532 20.931530 -1.732274  0.471399 0.000000 0.881920  0.111674 0.403942 0
0  -1.041694 21.468466 -1.559005  0.471399 0.000000 0.881920  0.111724 0.416175 0
0  -1.041694 20.931530 -1.559005  0.471399 0.000000 0.881920  0.111565 0.416175 0
c_invasion_wrangler_laser
0  -0.717532 21.468466 -1.732274  -0.236552 0.864978 -0.442556  0.111846 0.404000 0
0  -1.300034 21.199999 -1.945639  -0.236552 0.864978 -0.442556  0.111494 0.415870 0
0  -1.041694 21.468466 -1.559005  -0.236552 0.864978 -0.442556  0.111724 0.416175 0
c_invasion_wrangler_laser
0  -1.300034 21.199999 -1.945639  -0.318345 -0.864977 -0.387907  0.111494 0.415870 0
0  -1.325824 20.931532 -1.325826  -0.318345 -0.864977 -0.387907  0.110765 0.428534 0
0  -1.654629 21.199999 -1.654631  -0.318345 -0.864977 -0.387907  0.111299 0.428497 0
c_invasion_wrangler_laser
0  -1.041694 20.931530 -1.559005  0.634393 0.000000 0.773010  0.111565 0.416175 0
0  -1.325824 21.468466 -1.325826  0.634393 0.000000 0.773010  0.111416 0.428530 0
0  -1.325824 20.931532 -1.325826  0.634393 0.000000 0.773010  0.110765 0.428534 0
c_invasion_wrangler_laser
0  -1.041694 21.468466 -1.559005  -0.318344 0.864976 -0.387909  0.111724 0.416175 0
0  -1.654629 21.199999 -1.654631  -0.318344 0.864976 -0.387909  0.111299 0.428497 0
0  -1.325824 21.468466 -1.325826  -0.318344 0.864976 -0.387909  0.111416 0.428530 0
c_invasion_wrangler_laser
0  -1.654629 21.199999 -1.654631  -0.387904 -0.864978 -0.318346  0.111299 0.428497 0
0  -1.559005 20.931532 -1.041694  -0.387904 -0.864978 -0.318346  0.110654 0.440993 0
0  -1.945639 21.199999 -1.300034  -0.387904 -0.864978 -0.318346  0.110273 0.440955 0
c_invasion_wrangler_laser
0  -1.325824 20.931532 -1.325826  0.773012 0.000000 0.634392  0.110765 0.428534 0
0  -1.559005 21.468466 -1.041694  0.773012 0.000000 0.634392  0.111139 0.440987 0
0  -1.559005 20.931532 -1.041694  0.773012 0.000000 0.634392  0.110654 0.440993 0
c_invasion_wrangler_laser
0  -1.325824 21.468466 -1.325826  -0.387904 0.864978 -0.318344  0.111416 0.428530 0
0  -1.945639 21.199999 -1.300034  -0.387904 0.864978 -0.318344  0.110273 0.440955 0
0  -1.559005 21.468466 -1.041694  -0.387904 0.864978 -0.318344  0.111139 0.440987 0
c_invasion_wrangler_laser
0  -1.945639 21.199999 -1.300034  -0.442557 -0.864979 -0.236548  0.110273 0.440955 0
0  -1.732274 20.931532 -0.717532  -0.442557 -0.864979 -0.236548  0.109841 0.453448 0
0  -2.161877 21.199999 -0.895480  -0.442557 -0.864979 -0.236548  0.110687 0.453452 0
c_invasion_wrangler_laser
0  -1.559005 20.931532 -1.041694  0.881921 0.000000 0.471398  0.110654 0.440993 0
0  -1.732274 21.468466 -0.717532  0.881921 0.000000 0.471398  0.110310 0.453443 0
0  -1.732274 20.931532 -0.717532  0.881921 0.000000 0.471398  0.109841 0.453448 0
c_invasion_wrangler_laser
0  -1.559005 21.468466 -1.041694  -0.442557 0.864978 -0.236550  0.111139 0.440987 0
0  -2.161877 21.199999 -0.895480  -0.442557 0.864978 -0.236550  0.110687 0.453452 0
0  -1.732274 21.468466 -0.717532  -0.442557 0.864978 -0.236550  0.110310 0.453443 0
c_invasion_wrangler_laser
0  -2.161877 21.199999 -0.895480  -0.480202 -0.864979 -0.145662  0.110687 0.453452 0
0  -1.838972 20.931532 -0.365794  -0.480202 -0.864979 -0.145662  0.109595 0.465925 0
0  -2.295037 21.199999 -0.456511  -0.480202 -0.864979 -0.145662  0.109642 0.465871 0
c_invasion_wrangler_laser
0  -1.732274 20.931532 -0.717532  0.956940 -0.000000 0.290285  0.109841 0.453448 0
0  -1.838972 21.468466 -0.365794  0.956940 -0.000000 0.290285  0.110180 0.465916 0
0  -1.838972 20.931532 -0.365794  0.956940 -0.000000 0.290285  0.109595 0.465925 0
c_invasion_wrangler_laser
0  -1.732274 21.468466 -0.717532  -0.480202 0.864977 -0.145675  0.110310 0.453443 0
0  -2.295037 21.199999 -0.456511  -0.480202 0.864977 -0.145675  0.109642 0.465871 0
0  -1.838972 21.468466 -0.365794  -0.480202 0.864977 -0.145675  0.110180 0.465916 0
c_invasion_wrangler_laser
0  -2.295037 21.199999 -0.456511  -0.499394 -0.864978 -0.049189  0.109642 0.465871 0
0  -1.875000 20.931532 0.000000  -0.499394 -0.864978 -0.049189  0.109376 0.478359 0
0  -2.340000 21.199999 0.000000  -0.499394 -0.864978 -0.049189  0.109382 0.478343 0
c_invasion_wrangler_laser
0  -1.838972 20.931532 -0.365794  0.995185 -0.000000 0.098017  0.109595 0.465925 0
0  -1.875000 21.468466 -0.000000  0.995185 -0.000000 0.098017  0.109348 0.478336 0
0  -1.875000 20.931532 0.000000  0.995185 -0.000000 0.098017  0.109376 0.478359 0
c_invasion_wrangler_laser
0  -1.838972 21.468466 -0.365794  -0.499394 0.864978 -0.049186  0.110180 0.465916 0
0  -2.340000 21.199999 0.000000  -0.499394 0.864978 -0.049186  0.109382 0.478343 0
0  -1.875000 21.468466 -0.000000  -0.499394 0.864978 -0.049186  0.109348 0.478336 0
c_invasion_wrangler_laser
0  -1.838972 18.168467 -0.365794  -0.499394 0.864978 -0.049186  0.125732 0.465176 0
0  -2.340000 17.900000 0.000000  -0.499394 0.864978 -0.049186  0.124768 0.477594 0
0  -1.875000 18.168467 -0.000000  -0.499394 0.864978 -0.049186  0.125322 0.477558 0
c_invasion_wrangler_laser
0  -1.838972 17.631533 -0.365794  0.995185 -0.000000 0.098017  0.125060 0.465187 0
0  -1.875000 18.168467 -0.000000  0.995185 -0.000000 0.098017  0.125322 0.477558 0
0  -1.875000 17.631533 0.000000  0.995185 -0.000000 0.098017  0.124955 0.477571 0
c_invasion_wrangler_laser
0  -2.295037 17.900000 -0.456511  -0.499394 -0.864978 -0.049181  0.125709 0.465267 0
0  -1.875000 17.631533 0.000000  -0.499394 -0.864978 -0.049181  0.124955 0.477571 0
0  -2.340000 17.900000 0.000000  -0.499394 -0.864978 -0.049181  0.124768 0.477594 0
c_invasion_wrangler_laser
0  -1.732274 18.168467 -0.717532  -0.480202 0.864977 -0.145675  0.126150 0.452824 0
0  -2.295037 17.900000 -0.456511  -0.480202 0.864977 -0.145675  0.125709 0.465267 0
0  -1.838972 18.168467 -0.365794  -0.480202 0.864977 -0.145675  0.125732 0.465176 0
c_invasion_wrangler_laser
0  -1.732274 17.631533 -0.717532  0.956940 -0.000000 0.290285  0.125742 0.452831 0
0  -1.838972 18.168467 -0.365794  0.956940 -0.000000 0.290285  0.125732 0.465176 0
0  -1.838972 17.631533 -0.365794  0.956940 -0.000000 0.290285  0.125060 0.465187 0
c_invasion_wrangler_laser
0  -2.161877 17.900000 -0.895480  -0.480202 -0.864978 -0.145669  0.125968 0.452920 0
0  -1.838972 17.631533 -0.365794  -0.480202 -0.864978 -0.145669  0.125060 0.465187 0
0  -2.295037 17.900000 -0.456511  -0.480202 -0.864978 -0.145669  0.125709 0.465267 0
c_invasion_wrangler_laser
0  -1.559005 18.168467 -1.041694  -0.442556 0.864977 -0.236554  0.126536 0.440496 0
0  -2.161877 17.900000 -0.895480  -0.442556 0.864977 -0.236554  0.125968 0.452920 0
0  -1.732274 18.168467 -0.717532  -0.442556 0.864977 -0.236554  0.126150 0.452824 0
c_invasion_wrangler_laser
0  -1.559005 17.631533 -1.041694  0.881921 0.000000 0.471398  0.126428 0.440499 0
0  -1.732274 18.168467 -0.717532  0.881921 0.000000 0.471398  0.126150 0.452824 0
0  -1.732274 17.631533 -0.717532  0.881921 0.000000 0.471398  0.125742 0.452831 0
c_invasion_wrangler_laser
0  -1.945639 17.900000 -1.300034  -0.442557 -0.864978 -0.236552  0.126264 0.440526 0
0  -1.732274 17.631533 -0.717532  -0.442557 -0.864978 -0.236552  0.125742 0.452831 0
0  -2.161877 17.900000 -0.895480  -0.442557 -0.864978 -0.236552  0.125968 0.452920 0
c_invasion_wrangler_laser
0  -1.325824 18.168467 -1.325826  -0.387904 0.864977 -0.318348  0.126786 0.428159 0
0  -1.945639 17.900000 -1.300034  -0.387904 0.864977 -0.318348  0.126264 0.440526 0
0  -1.559005 18.168467 -1.041694  -0.387904 0.864977 -0.318348  0.126536 0.440496 0
c_invasion_wrangler_laser
0  -1.325824 17.631533 -1.325826  0.773009 0.000000 0.634395  0.126490 0.428134 0
0  -1.559005 18.168467 -1.041694  0.773009 0.000000 0.634395  0.126536 0.440496 0
0  -1.559005 17.631533 -1.041694  0.773009 0.000000 0.634395  0.126428 0.440499 0
c_invasion_wrangler_laser
0  -1.654629 17.900000 -1.654631  -0.387904 -0.864978 -0.318346  0.127426 0.428106 0
0  -1.559005 17.631533 -1.041694  -0.387904 -0.864978 -0.318346  0.126428 0.440499 0
0  -1.945639 17.900000 -1.300034  -0.387904 -0.864978 -0.318346  0.126264 0.440526 0
c_invasion_wrangler_laser
0  -1.041694 18.168467 -1.559005  -0.318345 0.864979 -0.387900  0.127515 0.415885 0
0  -1.654629 17.900000 -1.654631  -0.318345 0.864979 -0.387900  0.127426 0.428106 0
0  -1.325824 18.168467 -1.325826  -0.318345 0.864979 -0.387900  0.126786 0.428159 0
c_invasion_wrangler_laser
0  -1.041694 17.631531 -1.559005  0.634393 0.000000 0.773010  0.127155 0.415847 0
0  -1.325824 18.168467 -1.325826  0.634393 0.000000 0.773010  0.126786 0.428159 0
0  -1.325824 17.631533 -1.325826  0.634393 0.000000 0.773010  0.126490 0.428134 0
c_invasion_wrangler_laser
0  -1.300034 17.900000 -1.945639  -0.318345 -0.864978 -0.387903  0.127375 0.415543 0
0  -1.325824 17.631533 -1.325826  -0.318345 -0.864978 -0.387903  0.126490 0.428134 0
0  -1.654629 17.900000 -1.654631  -0.318345 -0.864978 -0.387903  0.127426 0.428106 0
c_invasion_wrangler_laser
0  -0.717532 18.168467 -1.732274  -0.236552 0.864978 -0.442556  0.128143 0.403776 0
0  -1.300034 17.900000 -1.945639  -0.236552 0.864978 -0.442556  0.127375 0.415543 0
0  -1.041694 18.168467 -1.559005  -0.236552 0.864978 -0.442556  0.127515 0.415885 0
c_invasion_wrangler_laser
0  -0.717532 17.631531 -1.732274  0.471397 0.000000 0.881921  0.127909 0.403762 0
0  -1.041694 18.168467 -1.559005  0.471397 0.000000 0.881921  0.127515 0.415885 0
0  -1.041694 17.631531 -1.559005  0.471397 0.000000 0.881921  0.127155 0.415847 0
c_invasion_wrangler_laser
0  -0.895480 17.900000 -2.161878  -0.236553 -0.864977 -0.442559  0.127392 0.402567 0
0  -1.041694 17.631531 -1.559005  -0.236553 -0.864977 -0.442559  0.127155 0.415847 0
0  -1.300034 17.900000 -1.945639  -0.236553 -0.864977 -0.442559  0.127375 0.415543 0
c_invasion_wrangler_laser
0  -0.365794 18.168467 -1.838972  -0.145669 0.864983 -0.480193  0.127799 0.392343 0
0  -0.895480 17.900000 -2.161878  -0.145669 0.864983 -0.480193  0.127392 0.402567 0
0  -0.717532 18.168467 -1.732274  -0.145669 0.864983 -0.480193  0.128143 0.403776 0
c_invasion_wrangler_laser
0  -0.365794 17.631531 -1.838972  0.290287 0.000000 0.956940  0.128180 0.392233 0
0  -0.717532 18.168467 -1.732274  0.290287 0.000000 0.956940  0.128143 0.403776 0
0  -0.717532 17.631531 -1.732274  0.290287 0.000000 0.956940  0.127909 0.403762 0
c_invasion_wrangler_laser
0  -0.456511 17.900000 -2.295038  -0.145669 -0.864977 -0.480204  0.128733 0.388124 0
0  -0.717532 17.631531 -1.732274  -0.145669 -0.864977 -0.480204  0.127909 0.403762 0
0  -0.895480 17.900000 -2.161878  -0.145669 -0.864977 -0.480204  0.127392 0.402567 0
c_invasion_wrangler_laser
0  0.000000 18.168467 -1.875000  -0.049186 0.864976 -0.499397  0.127364 0.383021 0
0  -0.456511 17.900000 -2.295038  -0.049186 0.864976 -0.499397  0.128733 0.388124 0
0  -0.365794 18.168467 -1.838972  -0.049186 0.864976 -0.499397  0.127799 0.392343 0
c_invasion_wrangler_laser
0  0.000000 17.631531 -1.875000  0.098017 0.000000 0.995185  0.130456 0.383340 0
0  -0.365794 18.168467 -1.838972  0.098017 0.000000 0.995185  0.127799 0.392343 0
0  -0.365794 17.631531 -1.838972  0.098017 0.000000 0.995185  0.128180 0.392233 0
c_invasion_wrangler_laser
0  0.000000 17.900000 -2.340000  -0.049186 -0.864976 -0.499396  0.129120 0.368364 0
0  -0.365794 17.631531 -1.838972  -0.049186 -0.864976 -0.499396  0.128180 0.392233 0
0  -0.456511 17.900000 -2.295038  -0.049186 -0.864976 -0.499396  0.128733 0.388124 0
c_invasion_wrangler_laser
0  -0.365795 18.168468 1.838972  -0.049186 0.864976 0.499397  0.125011 0.561962 0
0  0.000000 17.900000 2.340000  -0.049186 0.864976 0.499397  0.120514 0.597902 0
0  0.000000 18.168468 1.875000  -0.049186 0.864976 0.499397  0.130456 0.568512 0
c_invasion_wrangler_laser
0  -0.365795 17.631533 1.838972  0.098017 0.000000 -0.995185  0.119127 0.561289 0
0  0.000000 18.168468 1.875000  0.098017 0.000000 -0.995185  0.130456 0.568512 0
0  0.000000 17.631533 1.875000  0.098017 0.000000 -0.995185  0.114970 0.566184 0
c_invasion_wrangler_laser
0  -0.456512 17.900000 2.295037  -0.049185 -0.864977 0.499395  0.121628 0.569904 0
0  0.000000 17.631533 1.875000  -0.049185 -0.864977 0.499395  0.114970 0.566184 0
0  0.000000 17.900000 2.340000  -0.049185 -0.864977 0.499395  0.120514 0.597902 0
c_invasion_wrangler_laser
0  -0.717532 18.168468 1.732274  -0.145669 0.864975 0.480207  0.123389 0.551136 0
0  -0.456512 17.900000 2.295037  -0.145669 0.864975 0.480207  0.121628 0.569904 0
0  -0.365795 18.168468 1.838972  -0.145669 0.864975 0.480207  0.125011 0.561962 0
c_invasion_wrangler_laser
0  -0.717532 17.631533 1.732274  0.290284 0.000000 -0.956941  0.120918 0.550986 0
0  -0.365795 18.168468 1.838972  0.290284 0.000000 -0.956941  0.125011 0.561962 0
0  -0.365795 17.631533 1.838972  0.290284 0.000000 -0.956941  0.119127 0.561289 0
c_invasion_wrangler_laser
0  -0.895480 17.900000 2.161878  -0.145668 -0.864977 0.480204  0.122456 0.553292 0
0  -0.365795 17.631533 1.838972  -0.145668 -0.864977 0.480204  0.119127 0.561289 0
0  -0.456512 17.900000 2.295037  -0.145668 -0.864977 0.480204  0.121628 0.569904 0
c_invasion_wrangler_laser
0  -1.041694 18.168468 1.559005  -0.236552 0.864974 0.442564  0.122990 0.539185 0
0  -0.895480 17.900000 2.161878  -0.236552 0.864974 0.442564  0.122456 0.553292 0
0  -0.717532 18.168468 1.732274  -0.236552 0.864974 0.442564  0.123389 0.551136 0
c_invasion_wrangler_laser
0  -1.041694 17.631533 1.559005  0.471396 0.000000 -0.881921  0.122373 0.539147 0
0  -0.717532 18.168468 1.732274  0.471396 0.000000 -0.881921  0.123389 0.551136 0
0  -0.717532 17.631533 1.732274  0.471396 0.000000 -0.881921  0.120918 0.550986 0
c_invasion_wrangler_laser
0  -1.300034 17.900000 1.945639  -0.236551 -0.864978 0.442556  0.122774 0.539771 0
0  -0.717532 17.631533 1.732274  -0.236551 -0.864978 0.442556  0.120918 0.550986 0
0  -0.895480 17.900000 2.161878  -0.236551 -0.864978 0.442556  0.122456 0.553292 0
c_invasion_wrangler_laser
0  -1.325825 18.168467 1.325825  -0.318350 0.864975 0.387907  0.123630 0.526969 0
0  -1.300034 17.900000 1.945639  -0.318350 0.864975 0.387907  0.122774 0.539771 0
0  -1.041694 18.168468 1.559005  -0.318350 0.864975 0.387907  0.122990 0.539185 0
c_invasion_wrangler_laser
0  -1.325825 17.631533 1.325825  0.634393 0.000000 -0.773010  0.122701 0.526935 0
0  -1.041694 18.168468 1.559005  0.634393 0.000000 -0.773010  0.122990 0.539185 0
0  -1.041694 17.631533 1.559005  0.634393 0.000000 -0.773010  0.122373 0.539147 0
c_invasion_wrangler_laser
0  -1.654629 17.900000 1.654630  -0.318345 -0.864979 0.387903  0.123189 0.527102 0
0  -1.041694 17.631533 1.559005  -0.318345 -0.864979 0.387903  0.122373 0.539147 0
0  -1.300034 17.900000 1.945639  -0.318345 -0.864979 0.387903  0.122774 0.539771 0
c_invasion_wrangler_laser
0  -1.559005 18.168467 1.041694  -0.387904 0.864978 0.318344  0.123649 0.514633 0
0  -1.654629 17.900000 1.654630  -0.387904 0.864978 0.318344  0.123189 0.527102 0
0  -1.325825 18.168467 1.325825  -0.387904 0.864978 0.318344  0.123630 0.526969 0
c_invasion_wrangler_laser
0  -1.559005 17.631533 1.041694  0.773011 0.000000 -0.634392  0.123623 0.514635 0
0  -1.325825 18.168467 1.325825  0.773011 0.000000 -0.634392  0.123630 0.526969 0
0  -1.325825 17.631533 1.325825  0.773011 0.000000 -0.634392  0.122701 0.526935 0
c_invasion_wrangler_laser
0  -1.945639 17.900000 1.300034  -0.387905 -0.864978 0.318344  0.123637 0.514646 0
0  -1.325825 17.631533 1.325825  -0.387905 -0.864978 0.318344  0.122701 0.526935 0
0  -1.654629 17.900000 1.654630  -0.387905 -0.864978 0.318344  0.123189 0.527102 0
c_invasion_wrangler_laser
0  -1.732274 18.168467 0.717531  -0.442557 0.864977 0.236554  0.124339 0.502308 0
0  -1.945639 17.900000 1.300034  -0.442557 0.864977 0.236554  0.123637 0.514646 0
0  -1.559005 18.168467 1.041694  -0.442557 0.864977 0.236554  0.123649 0.514633 0
c_invasion_wrangler_laser
0  -1.732274 17.631533 0.717531  0.881920 0.000000 -0.471398  0.123872 0.502299 0
0  -1.559005 18.168467 1.041694  0.881920 0.000000 -0.471398  0.123649 0.514633 0
0  -1.559005 17.631533 1.041694  0.881920 0.000000 -0.471398  0.123623 0.514635 0
c_invasion_wrangler_laser
0  -2.161878 17.900000 0.895479  -0.442557 -0.864979 0.236548  0.124083 0.502248 0
0  -1.559005 17.631533 1.041694  -0.442557 -0.864979 0.236548  0.123623 0.514635 0
0  -1.945639 17.900000 1.300034  -0.442557 -0.864979 0.236548  0.123637 0.514646 0
c_invasion_wrangler_laser
0  -1.838972 18.168467 0.365794  -0.480203 0.864978 0.145666  0.125070 0.489939 0
0  -2.161878 17.900000 0.895479  -0.480203 0.864978 0.145666  0.124083 0.502248 0
0  -1.732274 18.168467 0.717531  -0.480203 0.864978 0.145666  0.124339 0.502308 0
c_invasion_wrangler_laser
0  -1.838972 17.631533 0.365794  0.956940 0.000000 -0.290284  0.124112 0.489925 0
0  -1.732274 18.168467 0.717531  0.956940 0.000000 -0.290284  0.124339 0.502308 0
0  -1.732274 17.631533 0.717531  0.956940 0.000000 -0.290284  0.123872 0.502299 0
c_invasion_wrangler_laser
0  -2.295037 17.900000 0.456511  -0.480202 -0.864978 0.145670  0.124494 0.489926 0
0  -1.732274 17.631533 0.717531  -0.480202 -0.864978 0.145670  0.123872 0.502299 0
0  -2.161878 17.900000 0.895479  -0.480202 -0.864978 0.145670  0.124083 0.502248 0
c_invasion_wrangler_laser
0  -1.875000 18.168467 -0.000000  -0.499393 0.864978 0.049186  0.125322 0.477558 0
0  -2.295037 17.900000 0.456511  -0.499393 0.864978 0.049186  0.124494 0.489926 0
0  -1.838972 18.168467 0.365794  -0.499393 0.864978 0.049186  0.125070 0.489939 0
c_invasion_wrangler_laser
0  -1.875000 17.631533 0.000000  0.995185 -0.000000 -0.098017  0.124955 0.477571 0
0  -1.838972 18.168467 0.365794  0.995185 -0.000000 -0.098017  0.125070 0.489939 0
0  -1.838972 17.631533 0.365794  0.995185 -0.000000 -0.098017  0.124112 0.489925 0
c_invasion_wrangler_laser
0  -2.340000 17.900000 0.000000  -0.499394 -0.864978 0.049181  0.124768 0.477594 0
0  -1.838972 17.631533 0.365794  -0.499394 -0.864978 0.049181  0.124112 0.489925 0
0  -2.295037 17.900000 0.456511  -0.499394 -0.864978 0.049181  0.124494 0.489926 0
c_invasion_wrangler_laser
0  -2.340000 22.299999 0.000000  -0.499394 -0.864978 0.049181  0.039639 0.491571 0
0  -1.838972 22.031532 0.365794  -0.499394 -0.864978 0.049181  0.038619 0.504318 0
0  -2.295037 22.299999 0.456511  -0.499394 -0.864978 0.049181  0.039132 0.504308 0
c_invasion_wrangler_laser
0  -1.875000 22.031532 0.000000  0.995185 -0.000000 -0.098017  0.039492 0.491585 0
0  -1.838972 22.568466 0.365794  0.995185 -0.000000 -0.098017  0.039532 0.504349 0
0  -1.838972 22.031532 0.365794  0.995185 -0.000000 -0.098017  0.038619 0.504318 0
c_invasion_wrangler_laser
0  -1.875000 22.568466 -0.000000  -0.499393 0.864978 0.049186  0.039564 0.491597 0
0  -2.295037 22.299999 0.456511  -0.499393 0.864978 0.049186  0.039132 0.504308 0
0  -1.838972 22.568466 0.365794  -0.499393 0.864978 0.049186  0.039532 0.504349 0
c_invasion_wrangler_laser
0  -2.295037 22.299999 0.456511  -0.480202 -0.864978 0.145670  0.039132 0.504308 0
0  -1.732274 22.031532 0.717531  -0.480202 -0.864978 0.145670  0.038329 0.517087 0
0  -2.161878 22.299999 0.895479  -0.480202 -0.864978 0.145670  0.038705 0.517008 0
c_invasion_wrangler_laser
0  -1.838972 22.031532 0.365794  0.956940 0.000000 -0.290286  0.038619 0.504318 0
0  -1.732274 22.568466 0.717531  0.956940 0.000000 -0.290286  0.038846 0.517087 0
0  -1.732274 22.031532 0.717531  0.956940 0.000000 -0.290286  0.038329 0.517087 0
c_invasion_wrangler_laser
0  -1.838972 22.568466 0.365794  -0.480203 0.864978 0.145666  0.039532 0.504349 0
0  -2.161878 22.299999 0.895479  -0.480203 0.864978 0.145666  0.038705 0.517008 0
0  -1.732274 22.568466 0.717531  -0.480203 0.864978 0.145666  0.038846 0.517087 0
c_invasion_wrangler_laser
0  -2.161878 22.299999 0.895479  -0.442557 -0.864979 0.236548  0.038705 0.517008 0
0  -1.559005 22.031532 1.041694  -0.442557 -0.864979 0.236548  0.037918 0.529818 0
0  -1.945639 22.299999 1.300034  -0.442557 -0.864979 0.236548  0.038425 0.529766 0
c_invasion_wrangler_laser
0  -1.732274 22.031532 0.717531  0.881921 0.000000 -0.471396  0.038329 0.517087 0
0  -1.559005 22.568466 1.041694  0.881921 0.000000 -0.471396  0.038150 0.529799 0
0  -1.559005 22.031532 1.041694  0.881921 0.000000 -0.471396  0.037918 0.529818 0
c_invasion_wrangler_laser
0  -1.732274 22.568466 0.717531  -0.442556 0.864976 0.236558  0.038846 0.517087 0
0  -1.945639 22.299999 1.300034  -0.442556 0.864976 0.236558  0.038425 0.529766 0
0  -1.559005 22.568466 1.041694  -0.442556 0.864976 0.236558  0.038150 0.529799 0
c_invasion_wrangler_laser
0  -1.945639 22.299999 1.300034  -0.387904 -0.864977 0.318347  0.038425 0.529766 0
0  -1.325825 22.031532 1.325825  -0.387904 -0.864977 0.318347  0.037456 0.542553 0
0  -1.654629 22.299999 1.654630  -0.387904 -0.864977 0.318347  0.037464 0.542541 0
c_invasion_wrangler_laser
0  -1.559005 22.031532 1.041694  0.773009 0.000000 -0.634395  0.037918 0.529818 0
0  -1.325825 22.568466 1.325825  0.773009 0.000000 -0.634395  0.038103 0.542538 0
0  -1.325825 22.031532 1.325825  0.773009 0.000000 -0.634395  0.037456 0.542553 0
c_invasion_wrangler_laser
0  -1.559005 22.568466 1.041694  -0.387904 0.864978 0.318344  0.038150 0.529799 0
0  -1.654629 22.299999 1.654630  -0.387904 0.864978 0.318344  0.037464 0.542541 0
0  -1.325825 22.568466 1.325825  -0.387904 0.864978 0.318344  0.038103 0.542538 0
c_invasion_wrangler_laser
0  -1.654629 22.299999 1.654630  -0.318345 -0.864979 0.387903  0.037464 0.542541 0
0  -1.041694 22.031532 1.559005  -0.318345 -0.864979 0.387903  0.037034 0.555212 0
0  -1.300034 22.299999 1.945639  -0.318345 -0.864979 0.387903  0.037215 0.555450 0
c_invasion_wrangler_laser
0  -1.325825 22.031532 1.325825  0.634396 0.000000 -0.773008  0.037456 0.542553 0
0  -1.041694 22.568468 1.559005  0.634396 0.000000 -0.773008  0.037398 0.555191 0
0  -1.041694 22.031532 1.559005  0.634396 0.000000 -0.773008  0.037034 0.555212 0
c_invasion_wrangler_laser
0  -1.325825 22.568466 1.325825  -0.318351 0.864978 0.387899  0.038103 0.542538 0
0  -1.300034 22.299999 1.945639  -0.318351 0.864978 0.387899  0.037215 0.555450 0
0  -1.041694 22.568468 1.559005  -0.318351 0.864978 0.387899  0.037398 0.555191 0
c_invasion_wrangler_laser
0  -1.300034 22.299999 1.945639  -0.236551 -0.864978 0.442558  0.037215 0.555450 0
0  -0.717532 22.031532 1.732274  -0.236551 -0.864978 0.442558  0.036735 0.567658 0
0  -0.895480 22.299999 2.161878  -0.236551 -0.864978 0.442558  0.036955 0.568852 0
c_invasion_wrangler_laser
0  -1.041694 22.031532 1.559005  0.471396 0.000000 -0.881921  0.037034 0.555212 0
0  -0.717532 22.568468 1.732274  0.471396 0.000000 -0.881921  0.036575 0.567618 0
0  -0.717532 22.031532 1.732274  0.471396 0.000000 -0.881921  0.036735 0.567658 0
c_invasion_wrangler_laser
0  -1.041694 22.568468 1.559005  -0.236553 0.864978 0.442556  0.037398 0.555191 0
0  -0.895480 22.299999 2.161878  -0.236553 0.864978 0.442556  0.036955 0.568852 0
0  -0.717532 22.568468 1.732274  -0.236553 0.864978 0.442556  0.036575 0.567618 0
c_invasion_wrangler_laser
0  -0.895480 22.299999 2.161878  -0.145668 -0.864976 0.480205  0.036955 0.568852 0
0  -0.365795 22.031532 1.838972  -0.145668 -0.864976 0.480205  0.036934 0.579428 0
0  -0.456512 22.299999 2.295037  -0.145668 -0.864976 0.480205  0.035975 0.583759 0
c_invasion_wrangler_laser
0  -0.717532 22.031532 1.732274  0.290285 0.000000 -0.956940  0.036735 0.567658 0
0  -0.365795 22.568468 1.838972  0.290285 0.000000 -0.956940  0.036132 0.579451 0
0  -0.365795 22.031532 1.838972  0.290285 0.000000 -0.956940  0.036934 0.579428 0
c_invasion_wrangler_laser
0  -0.717532 22.568468 1.732274  -0.145669 0.864976 0.480205  0.036575 0.567618 0
0  -0.456512 22.299999 2.295037  -0.145669 0.864976 0.480205  0.035975 0.583759 0
0  -0.365795 22.568468 1.838972  -0.145669 0.864976 0.480205  0.036132 0.579451 0
c_invasion_wrangler_laser
0  -0.456512 22.299999 2.295037  -0.049185 -0.864977 0.499395  0.035975 0.583759 0
0  0.000000 22.031532 1.875000  -0.049185 -0.864977 0.499395  0.037418 0.589070 0
0  0.000000 22.299999 2.340000  -0.049185 -0.864977 0.499395  0.035429 0.603733 0
c_invasion_wrangler_laser
0  -0.365795 22.031532 1.838972  0.098018 0.000000 -0.995185  0.036934 0.579428 0
0  0.000000 22.568468 1.875000  0.098018 0.000000 -0.995185  0.034776 0.588951 0
0  0.000000 22.031532 1.875000  0.098018 0.000000 -0.995185  0.037418 0.589070 0
c_invasion_wrangler_laser
0  -0.365795 22.568468 1.838972  -0.049186 0.864978 0.499393  0.036132 0.579451 0
0  0.000000 22.299999 2.340000  -0.049186 0.864978 0.499393  0.035429 0.603733 0
0  0.000000 22.568468 1.875000  -0.049186 0.864978 0.499393  0.034776 0.588951 0
c_invasion_wrangler_laser
0  0.000000 22.299999 -2.340000  -0.049186 -0.864973 -0.499401  0.044103 0.368364 0
0  -0.365794 22.031530 -1.838972  -0.049186 -0.864973 -0.499401  0.039874 0.404698 0
0  -0.456511 22.299999 -2.295038  -0.049186 -0.864973 -0.499401  0.043137 0.396621 0
c_invasion_wrangler_laser
0  0.000000 22.031530 -1.875000  0.098017 0.000000 0.995185  0.034776 0.398072 0
0  -0.365794 22.568466 -1.838972  0.098017 0.000000 0.995185  0.045125 0.405080 0
0  -0.365794 22.031530 -1.838972  0.098017 0.000000 0.995185  0.039874 0.404698 0
c_invasion_wrangler_laser
0  0.000000 22.568466 -1.875000  -0.049186 0.864979 -0.499392  0.050771 0.398838 0
0  -0.456511 22.299999 -2.295038  -0.049186 0.864979 -0.499392  0.043137 0.396621 0
0  -0.365794 22.568466 -1.838972  -0.049186 0.864979 -0.499392  0.045125 0.405080 0
c_invasion_wrangler_laser
0  -0.456511 22.299999 -2.295038  -0.145668 -0.864973 -0.480210  0.043137 0.396621 0
0  -0.717532 22.031530 -1.732274  -0.145668 -0.864973 -0.480210  0.041537 0.415814 0
0  -0.895480 22.299999 -2.161878  -0.145668 -0.864973 -0.480210  0.042179 0.413603 0
c_invasion_wrangler_laser
0  -0.365794 22.031530 -1.838972  0.290284 0.000000 0.956941  0.039874 0.404698 0
0  -0.717532 22.568466 -1.732274  0.290284 0.000000 0.956941  0.043396 0.415868 0
0  -0.717532 22.031530 -1.732274  0.290284 0.000000 0.956941  0.041537 0.415814 0
c_invasion_wrangler_laser
0  -0.365794 22.568466 -1.838972  -0.145668 0.864982 -0.480194  0.045125 0.405080 0
0  -0.895480 22.299999 -2.161878  -0.145668 0.864982 -0.480194  0.042179 0.413603 0
0  -0.717532 22.568466 -1.732274  -0.145668 0.864982 -0.480194  0.043396 0.415868 0
c_invasion_wrangler_laser
0  -0.895480 22.299999 -2.161878  -0.236552 -0.864973 -0.442565  0.042179 0.413603 0
0  -1.041694 22.031530 -1.559005  -0.236552 -0.864973 -0.442565  0.041387 0.428033 0
0  -1.300034 22.299999 -1.945639  -0.236552 -0.864973 -0.442565  0.041847 0.427508 0
c_invasion_wrangler_laser
0  -0.717532 22.031530 -1.732274  0.471395 0.000000 0.881922  0.041537 0.415814 0
0  -1.041694 22.568466 -1.559005  0.471395 0.000000 0.881922  0.042487 0.428060 0
0  -1.041694 22.031530 -1.559005  0.471395 0.000000 0.881922  0.041387 0.428033 0
c_invasion_wrangler_laser
0  -0.717532 22.568466 -1.732274  -0.236552 0.864978 -0.442556  0.043396 0.415868 0
0  -1.300034 22.299999 -1.945639  -0.236552 0.864978 -0.442556  0.041847 0.427508 0
0  -1.041694 22.568466 -1.559005  -0.236552 0.864978 -0.442556  0.042487 0.428060 0
c_invasion_wrangler_laser
0  -1.300034 22.299999 -1.945639  -0.318345 -0.864978 -0.387903  0.041847 0.427508 0
0  -1.325824 22.031532 -1.325826  -0.318345 -0.864978 -0.387903  0.040898 0.440637 0
0  -1.654629 22.299999 -1.654631  -0.318345 -0.864978 -0.387903  0.041406 0.440522 0
c_invasion_wrangler_laser
0  -1.041694 22.031530 -1.559005  0.634393 0.000000 0.773010  0.041387 0.428033 0
0  -1.325824 22.568466 -1.325826  0.634393 0.000000 0.773010  0.042012 0.440677 0
0  -1.325824 22.031532 -1.325826  0.634393 0.000000 0.773010  0.040898 0.440637 0
c_invasion_wrangler_laser
0  -1.041694 22.568466 -1.559005  -0.318344 0.864976 -0.387909  0.042487 0.428060 0
0  -1.654629 22.299999 -1.654631  -0.318344 0.864976 -0.387909  0.041406 0.440522 0
0  -1.325824 22.568466 -1.325826  -0.318344 0.864976 -0.387909  0.042012 0.440677 0
c_invasion_wrangler_laser
0  -1.654629 22.299999 -1.654631  -0.387904 -0.864978 -0.318346  0.041406 0.440522 0
0  -1.559005 22.031532 -1.041694  -0.387904 -0.864978 -0.318346  0.040937 0.453360 0
0  -1.945639 22.299999 -1.300034  -0.387904 -0.864978 -0.318346  0.040894 0.453345 0
c_invasion_wrangler_laser
0  -1.325824 22.031532 -1.325826  0.773009 0.000000 0.634395  0.040898 0.440637 0
0  -1.559005 22.568466 -1.041694  0.773009 0.000000 0.634395  0.041071 0.453375 0
0  -1.559005 22.031532 -1.041694  0.773009 0.000000 0.634395  0.040937 0.453360 0
c_invasion_wrangler_laser
0  -1.325824 22.568466 -1.325826  -0.387905 0.864981 -0.318335  0.042012 0.440677 0
0  -1.945639 22.299999 -1.300034  -0.387905 0.864981 -0.318335  0.040894 0.453345 0
0  -1.559005 22.568466 -1.041694  -0.387905 0.864981 -0.318335  0.041071 0.453375 0
c_invasion_wrangler_laser
0  -1.945639 22.299999 -1.300034  -0.442556 -0.864977 -0.236556  0.040894 0.453345 0
0  -1.732274 22.031532 -0.717532  -0.442556 -0.864977 -0.236556  0.040258 0.466067 0
0  -2.161877 22.299999 -0.895480  -0.442556 -0.864977 -0.236556  0.040253 0.466103 0
c_invasion_wrangler_laser
0  -1.559005 22.031532 -1.041694  0.881922 0.000000 0.471396  0.040937 0.453360 0
0  -1.732274 22.568466 -0.717532  0.881922 0.000000 0.471396  0.040956 0.466123 0
0  -1.732274 22.031532 -0.717532  0.881922 0.000000 0.471396  0.040258 0.466067 0
c_invasion_wrangler_laser
0  -1.559005 22.568466 -1.041694  -0.442557 0.864978 -0.236550  0.041071 0.453375 0
0  -2.161877 22.299999 -0.895480  -0.442557 0.864978 -0.236550  0.040253 0.466103 0
0  -1.732274 22.568466 -0.717532  -0.442557 0.864978 -0.236550  0.040956 0.466123 0
c_invasion_wrangler_laser
0  -2.161877 22.299999 -0.895480  -0.480202 -0.864979 -0.145662  0.040253 0.466103 0
0  -1.838972 22.031532 -0.365794  -0.480202 -0.864979 -0.145662  0.039584 0.478827 0
0  -2.295037 22.299999 -0.456511  -0.480202 -0.864979 -0.145662  0.040280 0.478833 0
c_invasion_wrangler_laser
0  -1.732274 22.031532 -0.717532  0.956940 -0.000000 0.290285  0.040258 0.466067 0
0  -1.838972 22.568466 -0.365794  0.956940 -0.000000 0.290285  0.040266 0.478883 0
0  -1.838972 22.031532 -0.365794  0.956940 -0.000000 0.290285  0.039584 0.478827 0
c_invasion_wrangler_laser
0  -1.732274 22.568466 -0.717532  -0.480202 0.864977 -0.145675  0.040956 0.466123 0
0  -2.295037 22.299999 -0.456511  -0.480202 0.864977 -0.145675  0.040280 0.478833 0
0  -1.838972 22.568466 -0.365794  -0.480202 0.864977 -0.145675  0.040266 0.478883 0
c_invasion_wrangler_laser
0  -2.295037 22.299999 -0.456511  -0.499394 -0.864978 -0.049189  0.040280 0.478833 0
0  -1.875000 22.031532 0.000000  -0.499394 -0.864978 -0.049189  0.039492 0.491585 0
0  -2.340000 22.299999 0.000000  -0.499394 -0.864978 -0.049189  0.039639 0.491571 0
c_invasion_wrangler_laser
0  -1.838972 22.031532 -0.365794  0.995185 -0.000000 0.098017  0.039584 0.478827 0
0  -1.875000 22.568466 -0.000000  0.995185 -0.000000 0.098017  0.039564 0.491597 0
0  -1.875000 22.031532 0.000000  0.995185 -0.000000 0.098017  0.039492 0.491585 0
c_invasion_wrangler_laser
0  -1.838972 22.568466 -0.365794  -0.499394 0.864978 -0.049186  0.040266 0.478883 0
0  -2.340000 22.299999 0.000000  -0.499394 0.864978 -0.049186  0.039639 0.491571 0
0  -1.875000 22.568466 -0.000000  -0.499394 0.864978 -0.049186  0.039564 0.491597 0
c_invasion_wrangler_laser
0  -1.838972 17.068466 -0.365794  -0.499394 0.864978 -0.049181  0.079182 0.467174 0
0  -2.340000 16.799999 0.000000  -0.499394 0.864978 -0.049181  0.078160 0.479824 0
0  -1.875000 17.068466 -0.000000  -0.499394 0.864978 -0.049181  0.078769 0.479795 0
c_invasion_wrangler_laser
0  -1.838972 16.531532 -0.365794  0.995185 -0.000000 0.098017  0.078825 0.467230 0
0  -1.875000 17.068466 -0.000000  0.995185 -0.000000 0.098017  0.078769 0.479795 0
0  -1.875000 16.531532 0.000000  0.995185 -0.000000 0.098017  0.078534 0.479835 0
c_invasion_wrangler_laser
0  -2.295037 16.799999 -0.456511  -0.499394 -0.864978 -0.049185  0.078908 0.467202 0
0  -1.875000 16.531532 0.000000  -0.499394 -0.864978 -0.049185  0.078534 0.479835 0
0  -2.340000 16.799999 0.000000  -0.499394 -0.864978 -0.049185  0.078160 0.479824 0
c_invasion_wrangler_laser
0  -1.732274 17.068466 -0.717532  -0.480202 0.864978 -0.145670  0.079582 0.454568 0
0  -2.295037 16.799999 -0.456511  -0.480202 0.864978 -0.145670  0.078908 0.467202 0
0  -1.838972 17.068466 -0.365794  -0.480202 0.864978 -0.145670  0.079182 0.467174 0
c_invasion_wrangler_laser
0  -1.732274 16.531532 -0.717532  0.956940 -0.000000 0.290285  0.079237 0.454622 0
0  -1.838972 17.068466 -0.365794  0.956940 -0.000000 0.290285  0.079182 0.467174 0
0  -1.838972 16.531532 -0.365794  0.956940 -0.000000 0.290285  0.078825 0.467230 0
c_invasion_wrangler_laser
0  -2.161877 16.799999 -0.895480  -0.480202 -0.864978 -0.145666  0.079531 0.454580 0
0  -1.838972 16.531532 -0.365794  -0.480202 -0.864978 -0.145666  0.078825 0.467230 0
0  -2.295037 16.799999 -0.456511  -0.480202 -0.864978 -0.145666  0.078908 0.467202 0
c_invasion_wrangler_laser
0  -1.559005 17.068466 -1.041694  -0.442557 0.864978 -0.236550  0.079836 0.441970 0
0  -2.161877 16.799999 -0.895480  -0.442557 0.864978 -0.236550  0.079531 0.454580 0
0  -1.732274 17.068466 -0.717532  -0.442557 0.864978 -0.236550  0.079582 0.454568 0
c_invasion_wrangler_laser
0  -1.559005 16.531532 -1.041694  0.881922 0.000000 0.471396  0.079656 0.442006 0
0  -1.732274 17.068466 -0.717532  0.881922 0.000000 0.471396  0.079582 0.454568 0
0  -1.732274 16.531532 -0.717532  0.881922 0.000000 0.471396  0.079237 0.454622 0
c_invasion_wrangler_laser
0  -1.945639 16.799999 -1.300034  -0.442557 -0.864978 -0.236552  0.080311 0.441939 0
0  -1.732274 16.531532 -0.717532  -0.442557 -0.864978 -0.236552  0.079237 0.454622 0
0  -2.161877 16.799999 -0.895480  -0.442557 -0.864978 -0.236552  0.079531 0.454580 0
c_invasion_wrangler_laser
0  -1.325824 17.068466 -1.325826  -0.387904 0.864978 -0.318344  0.080608 0.429397 0
0  -1.945639 16.799999 -1.300034  -0.387904 0.864978 -0.318344  0.080311 0.441939 0
0  -1.559005 17.068466 -1.041694  -0.387904 0.864978 -0.318344  0.079836 0.441970 0
c_invasion_wrangler_laser
0  -1.325824 16.531532 -1.325826  0.773010 0.000000 0.634393  0.079960 0.429403 0
0  -1.559005 17.068466 -1.041694  0.773010 0.000000 0.634393  0.079836 0.441970 0
0  -1.559005 16.531532 -1.041694  0.773010 0.000000 0.634393  0.079656 0.442006 0
c_invasion_wrangler_laser
0  -1.654629 16.799999 -1.654631  -0.387904 -0.864978 -0.318346  0.080640 0.429269 0
0  -1.559005 16.531532 -1.041694  -0.387904 -0.864978 -0.318346  0.079656 0.442006 0
0  -1.945639 16.799999 -1.300034  -0.387904 -0.864978 -0.318346  0.080311 0.441939 0
c_invasion_wrangler_laser
0  -1.041694 17.068466 -1.559005  -0.318345 0.864978 -0.387905  0.081336 0.416823 0
0  -1.654629 16.799999 -1.654631  -0.318345 0.864978 -0.387905  0.080640 0.429269 0
0  -1.325824 17.068466 -1.325826  -0.318345 0.864978 -0.387905  0.080608 0.429397 0
c_invasion_wrangler_laser
0  -1.041694 16.531530 -1.559005  0.634391 0.000000 0.773012  0.080883 0.416856 0
0  -1.325824 17.068466 -1.325826  0.634391 0.000000 0.773012  0.080608 0.429397 0
0  -1.325824 16.531532 -1.325826  0.634391 0.000000 0.773012  0.079960 0.429403 0
c_invasion_wrangler_laser
0  -1.300034 16.799999 -1.945639  -0.318345 -0.864978 -0.387903  0.080319 0.416453 0
0  -1.325824 16.531532 -1.325826  -0.318345 -0.864978 -0.387903  0.079960 0.429403 0
0  -1.654629 16.799999 -1.654631  -0.318345 -0.864978 -0.387903  0.080640 0.429269 0
c_invasion_wrangler_laser
0  -0.717532 17.068466 -1.732274  -0.236552 0.864978 -0.442556  0.081511 0.404445 0
0  -1.300034 16.799999 -1.945639  -0.236552 0.864978 -0.442556  0.080319 0.416453 0
0  -1.041694 17.068466 -1.559005  -0.236552 0.864978 -0.442556  0.081336 0.416823 0
c_invasion_wrangler_laser
0  -0.717532 16.531530 -1.732274  0.471395 0.000000 0.881922  0.081210 0.404489 0
0  -1.041694 17.068466 -1.559005  0.471395 0.000000 0.881922  0.081336 0.416823 0
0  -1.041694 16.531530 -1.559005  0.471395 0.000000 0.881922  0.080883 0.416856 0
c_invasion_wrangler_laser
0  -0.895480 16.799999 -2.161878  -0.236552 -0.864975 -0.442562  0.081225 0.403252 0
0  -1.041694 16.531530 -1.559005  -0.236552 -0.864975 -0.442562  0.080883 0.416856 0
0  -1.300034 16.799999 -1.945639  -0.236552 -0.864975 -0.442562  0.080319 0.416453 0
c_invasion_wrangler_laser
0  -0.365794 17.068466 -1.838972  -0.145668 0.864981 -0.480196  0.081455 0.392765 0
0  -0.895480 16.799999 -2.161878  -0.145668 0.864981 -0.480196  0.081225 0.403252 0
0  -0.717532 17.068466 -1.732274  -0.145668 0.864981 -0.480196  0.081511 0.404445 0
c_invasion_wrangler_laser
0  -0.365794 16.531530 -1.838972  0.290284 0.000000 0.956941  0.081799 0.392796 0
0  -0.717532 17.068466 -1.732274  0.290284 0.000000 0.956941  0.081511 0.404445 0
0  -0.717532 16.531530 -1.732274  0.290284 0.000000 0.956941  0.081210 0.404489 0
c_invasion_wrangler_laser
0  -0.456511 16.799999 -2.295038  -0.145669 -0.864976 -0.480206  0.081891 0.388512 0
0  -0.717532 16.531530 -1.732274  -0.145669 -0.864976 -0.480206  0.081210 0.404489 0
0  -0.895480 16.799999 -2.161878  -0.145669 -0.864976 -0.480206  0.081225 0.403252 0
c_invasion_wrangler_laser
0  0.000000 17.068466 -1.875000  -0.049186 0.864978 -0.499394  0.079948 0.383488 0
0  -0.456511 16.799999 -2.295038  -0.049186 0.864978 -0.499394  0.081891 0.388512 0
0  -0.365794 17.068466 -1.838972  -0.049186 0.864978 -0.499394  0.081455 0.392765 0
c_invasion_wrangler_laser
0  0.000000 16.531530 -1.875000  0.098017 0.000000 0.995185  0.083112 0.383424 0
0  -0.365794 17.068466 -1.838972  0.098017 0.000000 0.995185  0.081455 0.392765 0
0  -0.365794 16.531530 -1.838972  0.098017 0.000000 0.995185  0.081799 0.392796 0
c_invasion_wrangler_laser
0  0.000000 16.799999 -2.340000  -0.049186 -0.864974 -0.499400  0.082676 0.368364 0
0  -0.365794 16.531530 -1.838972  -0.049186 -0.864974 -0.499400  0.081799 0.392796 0
0  -0.456511 16.799999 -2.295038  -0.049186 -0.864974 -0.499400  0.081891 0.388512 0
gold_player
0  -3.704999 28.679157 -0.000569  -0.125847 0.992050 0.000000  0.000000 0.000000 0
0  -1.852500 28.914156 1.068972  -0.125847 0.992050 0.000000  0.000000 0.000000 0
0  -1.804105 28.920296 -1.042169  -0.125847 0.992050 0.000000  0.000000 0.000000 0
gold_player
0  -1.852500 28.914156 1.068972  -0.062923 0.992050 0.108986  0.000000 0.000000 0
0  -1.852499 28.679157 3.208056  -0.062923 0.992050 0.108986  0.000000 0.000000 0
0  0.000000 28.914156 2.138515  -0.062923 0.992050 0.108986  0.000000 0.000000 0
gold_player
0  -1.804105 28.920296 -1.042169  -0.062923 0.992050 -0.108984  0.000000 0.000000 0
0  0.000000 28.914156 -2.139653  -0.062923 0.992050 -0.108984  0.000000 0.000000 0
0  -1.852501 28.679157 -3.209193  -0.062923 0.992050 -0.108984  0.000000 0.000000 0
c_invasion_wrangler_laser
0  0.000000 29.377851 6.651644  0.000000 0.831469 -0.555571  0.131262 0.492628 0
0  0.541265 28.857004 5.872141  0.000000 0.831469 -0.555571  0.131202 0.492616 0
0  -0.541266 28.857004 5.872141  0.000000 0.831469 -0.555571  0.131051 0.470775 0
c_invasion_wrangler_laser
0  0.000000 29.377851 -6.651643  0.000000 0.831469 0.555571  0.163026 0.503086 0
0  -0.541265 28.857004 -5.872140  0.000000 0.831469 0.555571  0.162848 0.503486 0
0  0.541266 28.857004 -5.872140  0.000000 0.831469 0.555571  0.162690 0.489168 0
c_invasion_wrangler_laser
0  -5.887509 28.857004 0.541266  0.555570 0.831470 0.000000  0.162544 0.501088 0
0  -5.887509 28.857004 -0.541266  0.555570 0.831470 0.000000  0.162567 0.489168 0
0  -6.667012 29.377851 0.000000  0.555570 0.831470 0.000000  0.162567 0.498793 0
c_invasion_wrangler_laser
0  -0.365795 17.068468 1.838972  -0.049186 0.864976 0.499397  0.078121 0.565909 0
0  0.000000 16.799999 2.340000  -0.049186 0.864976 0.499397  0.073927 0.601972 0
0  0.000000 17.068468 1.875000  -0.049186 0.864976 0.499397  0.083112 0.572434 0
c_invasion_wrangler_laser
0  -0.365795 16.531532 1.838972  0.098018 0.000000 -0.995185  0.072452 0.565700 0
0  0.000000 17.068468 1.875000  0.098018 0.000000 -0.995185  0.083112 0.572434 0
0  0.000000 16.531532 1.875000  0.098018 0.000000 -0.995185  0.066985 0.571830 0
c_invasion_wrangler_laser
0  -0.456512 16.799999 2.295037  -0.049185 -0.864977 0.499395  0.074976 0.573883 0
0  0.000000 16.531532 1.875000  -0.049185 -0.864977 0.499395  0.066985 0.571830 0
0  0.000000 16.799999 2.340000  -0.049185 -0.864977 0.499395  0.073927 0.601972 0
c_invasion_wrangler_laser
0  -0.717532 17.068468 1.732274  -0.145669 0.864977 0.480204  0.076710 0.554907 0
0  -0.456512 16.799999 2.295037  -0.145669 0.864977 0.480204  0.074976 0.573883 0
0  -0.365795 17.068468 1.838972  -0.145669 0.864977 0.480204  0.078121 0.565909 0
c_invasion_wrangler_laser
0  -0.717532 16.531532 1.732274  0.290285 0.000000 -0.956940  0.074695 0.554838 0
0  -0.365795 17.068468 1.838972  0.290285 0.000000 -0.956940  0.078121 0.565909 0
0  -0.365795 16.531532 1.838972  0.290285 0.000000 -0.956940  0.072452 0.565700 0
c_invasion_wrangler_laser
0  -0.895480 16.799999 2.161878  -0.145668 -0.864978 0.480203  0.075591 0.557090 0
0  -0.365795 16.531532 1.838972  -0.145668 -0.864978 0.480203  0.072452 0.565700 0
0  -0.456512 16.799999 2.295037  -0.145668 -0.864978 0.480203  0.074976 0.573883 0
c_invasion_wrangler_laser
0  -1.041694 17.068468 1.559005  -0.236553 0.864977 0.442558  0.076401 0.542723 0
0  -0.895480 16.799999 2.161878  -0.236553 0.864977 0.442558  0.075591 0.557090 0
0  -0.717532 17.068468 1.732274  -0.236553 0.864977 0.442558  0.076710 0.554907 0
c_invasion_wrangler_laser
0  -1.041694 16.531532 1.559005  0.471398 0.000000 -0.881920  0.075960 0.542719 0
0  -0.717532 17.068468 1.732274  0.471398 0.000000 -0.881920  0.076710 0.554907 0
0  -0.717532 16.531532 1.732274  0.471398 0.000000 -0.881920  0.074695 0.554838 0
c_invasion_wrangler_laser
0  -1.300034 16.799999 1.945639  -0.236551 -0.864977 0.442559  0.076055 0.543324 0
0  -0.717532 16.531532 1.732274  -0.236551 -0.864977 0.442559  0.074695 0.554838 0
0  -0.895480 16.799999 2.161878  -0.236551 -0.864977 0.442559  0.075591 0.557090 0
c_invasion_wrangler_laser
0  -1.325825 17.068466 1.325825  -0.318350 0.864977 0.387903  0.077124 0.530255 0
0  -1.300034 16.799999 1.945639  -0.318350 0.864977 0.387903  0.076055 0.543324 0
0  -1.041694 17.068468 1.559005  -0.318350 0.864977 0.387903  0.076401 0.542723 0
c_invasion_wrangler_laser
0  -1.325825 16.531532 1.325825  0.634396 0.000000 -0.773008  0.076318 0.530256 0
0  -1.041694 17.068468 1.559005  0.634396 0.000000 -0.773008  0.076401 0.542723 0
0  -1.041694 16.531532 1.559005  0.634396 0.000000 -0.773008  0.075960 0.542719 0
c_invasion_wrangler_laser
0  -1.654629 16.799999 1.654630  -0.318345 -0.864977 0.387906  0.076366 0.530378 0
0  -1.041694 16.531532 1.559005  -0.318345 -0.864977 0.387906  0.075960 0.542719 0
0  -1.300034 16.799999 1.945639  -0.318345 -0.864977 0.387906  0.076055 0.543324 0
c_invasion_wrangler_laser
0  -1.559005 17.068466 1.041694  -0.387904 0.864978 0.318344  0.077339 0.517633 0
0  -1.654629 16.799999 1.654630  -0.387904 0.864978 0.318344  0.076366 0.530378 0
0  -1.325825 17.068466 1.325825  -0.387904 0.864978 0.318344  0.077124 0.530255 0
c_invasion_wrangler_laser
0  -1.559005 16.531532 1.041694  0.773010 0.000000 -0.634394  0.076629 0.517644 0
0  -1.325825 17.068466 1.325825  0.773010 0.000000 -0.634394  0.077124 0.530255 0
0  -1.325825 16.531532 1.325825  0.773010 0.000000 -0.634394  0.076318 0.530256 0
c_invasion_wrangler_laser
0  -1.945639 16.799999 1.300034  -0.387905 -0.864978 0.318344  0.077320 0.517725 0
0  -1.325825 16.531532 1.325825  -0.387905 -0.864978 0.318344  0.076318 0.530256 0
0  -1.654629 16.799999 1.654630  -0.387905 -0.864978 0.318344  0.076366 0.530378 0
c_invasion_wrangler_laser
0  -1.732274 17.068466 0.717531  -0.442557 0.864977 0.236554  0.077567 0.505029 0
0  -1.945639 16.799999 1.300034  -0.442557 0.864977 0.236554  0.077320 0.517725 0
0  -1.559005 17.068466 1.041694  -0.442557 0.864977 0.236554  0.077339 0.517633 0
c_invasion_wrangler_laser
0  -1.732274 16.531532 0.717531  0.881921 0.000000 -0.471396  0.077509 0.505052 0
0  -1.559005 17.068466 1.041694  0.881921 0.000000 -0.471396  0.077339 0.517633 0
0  -1.559005 16.531532 1.041694  0.881921 0.000000 -0.471396  0.076629 0.517644 0
c_invasion_wrangler_laser
0  -2.161878 16.799999 0.895479  -0.442557 -0.864978 0.236551  0.077601 0.505070 0
0  -1.559005 16.531532 1.041694  -0.442557 -0.864978 0.236551  0.076629 0.517644 0
0  -1.945639 16.799999 1.300034  -0.442557 -0.864978 0.236551  0.077320 0.517725 0
c_invasion_wrangler_laser
0  -1.838972 17.068466 0.365794  -0.480203 0.864978 0.145666  0.078474 0.492425 0
0  -2.161878 16.799999 0.895479  -0.480203 0.864978 0.145666  0.077601 0.505070 0
0  -1.732274 17.068466 0.717531  -0.480203 0.864978 0.145666  0.077567 0.505029 0
c_invasion_wrangler_laser
0  -1.838972 16.531532 0.365794  0.956940 0.000000 -0.290286  0.077648 0.492435 0
0  -1.732274 17.068466 0.717531  0.956940 0.000000 -0.290286  0.077567 0.505029 0
0  -1.732274 16.531532 0.717531  0.956940 0.000000 -0.290286  0.077509 0.505052 0
c_invasion_wrangler_laser
0  -2.295037 16.799999 0.456511  -0.480202 -0.864978 0.145670  0.077955 0.492440 0
0  -1.732274 16.531532 0.717531  -0.480202 -0.864978 0.145670  0.077509 0.505052 0
0  -2.161878 16.799999 0.895479  -0.480202 -0.864978 0.145670  0.077601 0.505070 0
c_invasion_wrangler_laser
0  -1.875000 17.068466 -0.000000  -0.499393 0.864978 0.049186  0.078769 0.479795 0
0  -2.295037 16.799999 0.456511  -0.499393 0.864978 0.049186  0.077955 0.492440 0
0  -1.838972 17.068466 0.365794  -0.499393 0.864978 0.049186  0.078474 0.492425 0
c_invasion_wrangler_laser
0  -1.875000 16.531532 0.000000  0.995185 -0.000000 -0.098017  0.078534 0.479835 0
0  -1.838972 17.068466 0.365794  0.995185 -0.000000 -0.098017  0.078474 0.492425 0
0  -1.838972 16.531532 0.365794  0.995185 -0.000000 -0.098017  0.077648 0.492435 0
c_invasion_wrangler_laser
0  -2.340000 16.799999 0.000000  -0.499393 -0.864978 0.049189  0.078160 0.479824 0
0  -1.838972 16.531532 0.365794  -0.499393 -0.864978 0.049189  0.077648 0.492435 0
0  -2.295037 16.799999 0.456511  -0.499393 -0.864978 0.049189  0.077955 0.492440 0
gold_player
0  -1.170000 16.625002 0.000000  -0.875234 0.476778 -0.081541  0.000000 0.000000 0
0  -0.011947 17.625004 -0.000000  -0.876190 0.477044 -0.068711  0.000000 0.000000 0
0  -1.147519 16.625002 -0.228256  -0.875786 0.476881 -0.074718  0.000000 0.000000 0
gold_player
0  -0.827315 16.625002 -0.827315  -0.678524 0.274913 -0.681196  0.000000 0.000000 0
0  -0.011947 17.625004 -0.000000  -0.773308 0.307685 -0.554368  0.000000 0.000000 0
0  -0.650017 16.625002 -0.972820  -0.667255 0.273282 -0.692883  0.000000 0.000000 0
gold_player
0  -0.228256 16.625002 -1.147519  -0.268252 0.000573 -0.963349  0.000000 0.000000 0
0  0.000000 17.625002 0.000000  -0.127363 0.013112 -0.991769  0.000000 0.000000 0
0  0.000000 16.625002 -1.170000  -0.127665 0.016716 -0.991677  0.000000 0.000000 0
gold_player
0  -0.972819 16.625002 -0.650017  -0.766036 0.348678 -0.540012  0.000000 0.000000 0
0  -0.011947 17.625004 -0.000000  -0.822196 0.370220 -0.432356  0.000000 0.000000 0
0  -0.827315 16.625002 -0.827315  -0.761470 0.347956 -0.546892  0.000000 0.000000 0
gold_player
0  -1.080939 16.625002 -0.447740  -0.824469 0.409944 -0.390123  0.000000 0.000000 0
0  -0.011947 17.625004 -0.000000  -0.851581 0.420982 -0.312385  0.000000 0.000000 0
0  -0.972819 16.625002 -0.650017  -0.824041 0.409871 -0.391105  0.000000 0.000000 0
gold_player
0  -0.228256 16.625002 1.147519  -0.381151 0.111906 0.917715  0.000000 0.000000 0
0  -0.011947 17.625004 -0.000000  -0.586259 0.162957 0.793565  0.000000 0.000000 0
0  -0.447739 16.625002 1.080939  -0.407042 0.114969 0.906145  0.000000 0.000000 0
gold_player
0  -1.147519 16.625002 -0.228256  -0.858941 0.454136 -0.236601  0.000000 0.000000 0
0  -0.011947 17.625004 -0.000000  -0.867936 0.457656 -0.192972  0.000000 0.000000 0
0  -1.080939 16.625002 -0.447740  -0.859960 0.454319 -0.232513  0.000000 0.000000 0
gold_player
0  -1.080939 16.625002 0.447740  -0.859982 0.454324 0.232422  0.000000 0.000000 0
0  -0.011947 17.625004 -0.000000  -0.867938 0.457657 0.192959  0.000000 0.000000 0
0  -1.147519 16.625002 0.228256  -0.858937 0.454136 0.236617  0.000000 0.000000 0
gold_player
0  -0.447739 16.625002 -1.080939  -0.406980 0.114961 -0.906174  0.000000 0.000000 0
0  -0.011947 17.625004 -0.000000  -0.586242 0.162949 -0.793579  0.000000 0.000000 0
0  -0.228256 16.625002 -1.147519  -0.381088 0.111899 -0.917742  0.000000 0.000000 0
gold_player
0  0.000000 16.625002 1.170000  -0.127844 0.016701 0.991654  0.000000 0.000000 0
0  -0.011947 17.625004 -0.000000  -0.448903 0.051020 0.892123  0.000000 0.000000 0
0  -0.228256 16.625002 1.147519  -0.268406 0.000492 0.963306  0.000000 0.000000 0
gold_player
0  -0.827315 16.625002 0.827315  -0.761536 0.347966 0.546793  0.000000 0.000000 0
0  -0.011947 17.625004 -0.000000  -0.822234 0.370248 0.432259  0.000000 0.000000 0
0  -0.972819 16.625002 0.650017  -0.766024 0.348677 0.540029  0.000000 0.000000 0
gold_player
0  -0.447739 16.625002 1.080939  -0.539606 0.191922 0.819750  0.000000 0.000000 0
0  -0.011947 17.625004 -0.000000  -0.697174 0.236697 0.676700  0.000000 0.000000 0
0  -0.650017 16.625002 0.972820  -0.558646 0.194415 0.806299  0.000000 0.000000 0
gold_player
0  -0.650017 16.625002 -0.972820  -0.558595 0.194407 -0.806336  0.000000 0.000000 0
0  -0.011947 17.625004 -0.000000  -0.697090 0.236655 -0.676801  0.000000 0.000000 0
0  -0.447739 16.625002 -1.080939  -0.539554 0.191916 -0.819786  0.000000 0.000000 0
gold_player
0  -0.972819 16.625002 0.650017  -0.824083 0.409878 0.391009  0.000000 0.000000 0
0  -0.011947 17.625004 -0.000000  -0.851604 0.421000 0.312296  0.000000 0.000000 0
0  -1.080939 16.625002 0.447740  -0.824437 0.409939 0.390197  0.000000 0.000000 0
gold_player
0  -0.650017 16.625002 0.972820  -0.667294 0.273287 0.692844  0.000000 0.000000 0
0  -0.011947 17.625004 -0.000000  -0.773367 0.307721 0.554267  0.000000 0.000000 0
0  -0.827315 16.625002 0.827315  -0.678453 0.274902 0.681272  0.000000 0.000000 0
gold_player
0  -1.147519 16.625002 0.228256  -0.875789 0.476882 0.074682  0.000000 0.000000 0
0  -0.011947 17.625004 -0.000000  -0.876181 0.477039 0.068851  0.000000 0.000000 0
0  -1.170000 16.625002 0.000000  -0.875228 0.476777 0.081607  0.000000 0.000000 0
c_invasion_wrangler_laser
0  -7.539999 26.499998 0.000000  -0.499395 0.049186 0.864977  0.154661 0.489168 0
0  -6.520981 27.327669 0.541266  -0.499395 0.049186 0.864977  0.154878 0.491463 0
0  -7.440467 27.510567 0.000000  -0.499395 0.049186 0.864977  0.154897 0.489168 0
c_invasion_wrangler_laser
0  -6.602499 26.499998 0.541266  0.995185 -0.098016 0.000000  0.150834 0.489168 0
0  -6.520981 27.327669 -0.541266  0.995185 -0.098016 0.000000  0.151049 0.491463 0
0  -6.520981 27.327669 0.541266  0.995185 -0.098016 0.000000  0.151049 0.489168 0
c_invasion_wrangler_laser
0  -6.602499 26.499998 -0.541266  -0.499396 0.049186 -0.864977  0.154326 0.489168 0
0  -7.440467 27.510567 0.000000  -0.499396 0.049186 -0.864977  0.154538 0.491463 0
0  -6.520981 27.327669 -0.541266  -0.499396 0.049186 -0.864977  0.154519 0.489168 0
c_invasion_wrangler_laser
0  -7.440467 27.510567 0.000000  -0.480202 0.145668 0.864978  0.155021 0.489168 0
0  -6.279558 28.123531 0.541266  -0.480202 0.145668 0.864978  0.155238 0.491463 0
0  -7.145696 28.482298 0.000000  -0.480202 0.145668 0.864978  0.155257 0.489168 0
c_invasion_wrangler_laser
0  -6.520981 27.327669 0.541266  0.956940 -0.290285 0.000000  0.149818 0.489168 0
0  -6.279558 28.123531 -0.541266  0.956940 -0.290285 0.000000  0.150034 0.491463 0
0  -6.279558 28.123531 0.541266  0.956940 -0.290285 0.000000  0.150034 0.489168 0
c_invasion_wrangler_laser
0  -6.520981 27.327669 -0.541266  -0.480203 0.145668 -0.864977  0.155404 0.489168 0
0  -7.145696 28.482298 0.000000  -0.480203 0.145668 -0.864977  0.155617 0.491463 0
0  -6.279558 28.123531 -0.541266  -0.480203 0.145668 -0.864977  0.155598 0.489168 0
c_invasion_wrangler_laser
0  -7.145696 28.482298 0.000000  -0.442557 0.236552 0.864978  0.162330 0.498793 0
0  -5.887509 28.857004 0.541266  -0.442557 0.236552 0.864978  0.162544 0.501088 0
0  -6.667012 29.377851 0.000000  -0.442557 0.236552 0.864978  0.162567 0.498793 0
c_invasion_wrangler_laser
0  -6.279558 28.123531 0.541266  0.881921 -0.471397 0.000000  0.151849 0.489168 0
0  -5.887509 28.857004 -0.541266  0.881921 -0.471397 0.000000  0.152065 0.491463 0
0  -5.887509 28.857004 0.541266  0.881921 -0.471397 0.000000  0.152065 0.489168 0
c_invasion_wrangler_laser
0  -6.279558 28.123531 -0.541266  -0.442557 0.236551 -0.864978  0.156484 0.489168 0
0  -6.667012 29.377851 0.000000  -0.442557 0.236551 -0.864978  0.156696 0.491463 0
0  -5.887509 28.857004 -0.541266  -0.442557 0.236551 -0.864978  0.156678 0.489168 0
c_invasion_wrangler_laser
0  -0.541266 22.339016 -3.172300  0.000000 0.956940 0.290285  0.148140 0.489171 0
0  0.541265 22.580441 -3.968166  0.000000 0.956940 0.290285  0.147872 0.490855 0
0  -0.541266 22.580441 -3.968166  0.000000 0.956940 0.290285  0.148140 0.490858 0
c_invasion_wrangler_laser
0  -0.541266 22.257498 -2.344631  0.000000 0.995185 0.098016  0.161868 0.489200 0
0  0.541265 22.339016 -3.172300  0.000000 0.995185 0.098016  0.161392 0.490911 0
0  -0.541266 22.339016 -3.172300  0.000000 0.995185 0.098016  0.161669 0.490943 0
c_invasion_wrangler_laser
0  0.541265 22.257498 -2.344631  0.864977 -0.499394 -0.049188  0.160811 0.490199 0
0  0.000000 21.419529 -3.355197  0.864977 -0.499394 -0.049188  0.160886 0.490758 0
0  0.541265 22.339016 -3.172300  0.864977 -0.499394 -0.049188  0.160872 0.489168 0
c_invasion_wrangler_laser
0  0.541265 22.339016 -3.172300  0.864978 -0.480202 -0.145668  0.161195 0.490442 0
0  0.000000 21.714302 -4.326933  0.864978 -0.480202 -0.145668  0.161269 0.490601 0
0  0.541265 22.580441 -3.968166  0.864978 -0.480202 -0.145668  0.161255 0.489168 0
c_invasion_wrangler_laser
0  0.000000 21.319998 -2.344631  -0.864977 -0.499395 -0.049186  0.160441 0.490062 0
0  -0.541266 22.339016 -3.172300  -0.864977 -0.499395 -0.049186  0.160517 0.490956 0
0  0.000000 21.419529 -3.355197  -0.864977 -0.499395 -0.049186  0.160517 0.489168 0
c_invasion_wrangler_laser
0  0.000000 21.419529 -3.355197  -0.864977 -0.480203 -0.145669  0.149121 0.489681 0
0  -0.541266 22.580441 -3.968166  -0.864977 -0.480203 -0.145669  0.149199 0.490797 0
0  0.000000 21.714302 -4.326933  -0.864977 -0.480203 -0.145669  0.149199 0.489168 0
c_invasion_wrangler_laser
0  0.541266 28.123531 -6.264189  0.864977 0.236552 -0.442559  0.147896 0.490982 0
0  0.000000 29.377851 -6.651643  0.864977 0.236552 -0.442559  0.147872 0.492547 0
0  0.541266 28.857004 -5.872140  0.864977 0.236552 -0.442559  0.147896 0.492047 0
c_invasion_wrangler_laser
0  0.000000 28.482298 -7.130326  -0.864978 0.236552 -0.442557  0.162834 0.503346 0
0  -0.541265 28.857004 -5.872140  -0.864978 0.236552 -0.442557  0.162848 0.503486 0
0  0.000000 29.377851 -6.651643  -0.864978 0.236552 -0.442557  0.163026 0.503086 0
c_invasion_wrangler_laser
0  -0.541265 28.123531 -6.264189  0.000000 -0.471397 0.881921  0.151002 0.492460 0
0  0.541266 28.857004 -5.872140  0.000000 -0.471397 0.881921  0.151132 0.491586 0
0  -0.541265 28.857004 -5.872140  0.000000 -0.471397 0.881921  0.151002 0.491612 0
c_invasion_wrangler_laser
0  0.541266 27.327669 -6.505611  0.864978 0.145669 -0.480201  0.150509 0.491586 0
0  0.000000 28.482298 -7.130326  0.864978 0.145669 -0.480201  0.150495 0.492515 0
0  0.541266 28.123531 -6.264189  0.864978 0.145669 -0.480201  0.150509 0.492292 0
c_invasion_wrangler_laser
0  0.000000 27.510567 -7.425097  -0.864978 0.145668 -0.480202  0.153598 0.491884 0
0  -0.541265 28.123531 -6.264189  -0.864978 0.145668 -0.480202  0.153637 0.491783 0
0  0.000000 28.482298 -7.130326  -0.864978 0.145668 -0.480202  0.153598 0.491586 0
c_invasion_wrangler_laser
0  -0.541265 27.327669 -6.505611  0.000000 -0.290287 0.956940  0.151989 0.492164 0
0  0.541266 28.123531 -6.264189  0.000000 -0.290287 0.956940  0.152065 0.491586 0
0  -0.541265 28.123531 -6.264189  0.000000 -0.290287 0.956940  0.151989 0.491615 0
c_invasion_wrangler_laser
0  0.541266 26.499998 -6.587130  0.864978 0.049186 -0.499393  0.154432 0.491602 0
0  0.000000 27.510567 -7.425097  0.864978 0.049186 -0.499393  0.154429 0.491957 0
0  0.541266 27.327669 -6.505611  0.864978 0.049186 -0.499393  0.154432 0.491905 0
c_invasion_wrangler_laser
0  0.000000 26.499998 -7.524630  -0.864978 0.049186 -0.499393  0.155971 0.491832 0
0  -0.541265 27.327669 -6.505611  -0.864978 0.049186 -0.499393  0.155976 0.491645 0
0  0.000000 27.510567 -7.425097  -0.864978 0.049186 -0.499393  0.155971 0.491586 0
c_invasion_wrangler_laser
0  -0.541265 26.499998 -6.587130  0.000000 -0.098017 0.995185  0.154870 0.491882 0
0  0.541266 27.327669 -6.505611  0.000000 -0.098017 0.995185  0.154887 0.491586 0
0  -0.541265 27.327669 -6.505611  0.000000 -0.098017 0.995185  0.154870 0.491608 0
c_invasion_wrangler_laser
0  -0.541266 22.972488 -4.701637  0.000000 0.773011 0.634393  0.148839 0.491230 0
0  0.541266 23.500095 -5.344530  0.000000 0.773011 0.634393  0.148623 0.492582 0
0  -0.541266 23.500095 -5.344530  0.000000 0.773011 0.634393  0.148839 0.492595 0
c_invasion_wrangler_laser
0  0.000000 21.714302 -4.326933  -0.864977 -0.442558 -0.236554  0.148019 0.491151 0
0  -0.541266 22.972488 -4.701637  -0.864977 -0.442558 -0.236554  0.148098 0.492348 0
0  0.000000 22.192986 -5.222485  -0.864977 -0.442558 -0.236554  0.148098 0.490982 0
c_invasion_wrangler_laser
0  0.541265 22.972488 -4.701637  0.864976 -0.387906 -0.318347  0.160640 0.490607 0
0  0.000000 22.837183 -6.007442  0.864976 -0.387906 -0.318347  0.160687 0.490034 0
0  0.541266 23.500095 -5.344530  0.864976 -0.387906 -0.318347  0.160640 0.489168 0
c_invasion_wrangler_laser
0  0.541265 22.580441 -3.968166  0.864977 -0.442558 -0.236552  0.161009 0.490588 0
0  0.000000 22.192986 -5.222485  0.864977 -0.442558 -0.236552  0.161071 0.490345 0
0  0.541265 22.972488 -4.701637  0.864977 -0.442558 -0.236552  0.161009 0.489168 0
c_invasion_wrangler_laser
0  -0.541266 22.580441 -3.968166  0.000000 0.881922 0.471396  0.147598 0.490930 0
0  0.541265 22.972488 -4.701637  0.000000 0.881922 0.471396  0.147351 0.492478 0
0  -0.541266 22.972488 -4.701637  0.000000 0.881922 0.471396  0.147598 0.492486 0
c_invasion_wrangler_laser
0  0.000000 22.192986 -5.222485  -0.864976 -0.387906 -0.318347  0.149818 0.491586 0
0  -0.541266 23.500095 -5.344530  -0.864976 -0.387906 -0.318347  0.149882 0.492720 0
0  0.000000 22.837183 -6.007442  -0.864976 -0.387906 -0.318347  0.149897 0.491682 0
c_invasion_wrangler_laser
0  0.541266 24.142992 -5.872141  0.864978 -0.236552 -0.442557  0.147721 0.491988 0
0  0.000000 24.517696 -7.130325  0.864978 -0.236552 -0.442557  0.147745 0.491187 0
0  0.541266 24.876463 -6.264189  0.864978 -0.236552 -0.442557  0.147721 0.490923 0
c_invasion_wrangler_laser
0  -0.541266 23.500095 -5.344530  0.000000 0.634395 0.773009  0.149656 0.491607 0
0  0.541266 24.142992 -5.872141  0.000000 0.634395 0.773009  0.149480 0.492712 0
0  -0.541266 24.142992 -5.872141  0.000000 0.634395 0.773009  0.149656 0.492732 0
c_invasion_wrangler_laser
0  0.000000 24.517696 -7.130325  -0.864978 -0.145668 -0.480201  0.153409 0.491586 0
0  -0.541266 25.672329 -6.505611  -0.864978 -0.145668 -0.480201  0.153370 0.492027 0
0  0.000000 25.489431 -7.425098  -0.864978 -0.145668 -0.480201  0.153409 0.491884 0
c_invasion_wrangler_laser
0  -0.541266 24.142992 -5.872141  0.000000 0.471396 0.881922  0.151385 0.491612 0
0  0.541266 24.876463 -6.264189  0.000000 0.471396 0.881922  0.151255 0.492434 0
0  -0.541266 24.876463 -6.264189  0.000000 0.471396 0.881922  0.151385 0.492460 0
c_invasion_wrangler_laser
0  0.541266 23.500095 -5.344530  0.864976 -0.318345 -0.387908  0.149322 0.490487 0
0  0.000000 23.622145 -6.651644  0.864976 -0.318345 -0.387908  0.149357 0.489713 0
0  0.541266 24.142992 -5.872141  0.864976 -0.318345 -0.387908  0.149322 0.489168 0
c_invasion_wrangler_laser
0  0.000000 23.622145 -6.651644  -0.864978 -0.236552 -0.442556  0.151702 0.491586 0
0  -0.541266 24.876463 -6.264189  -0.864978 -0.236552 -0.442556  0.151758 0.492283 0
0  0.000000 24.517696 -7.130325  -0.864978 -0.236552 -0.442556  0.151771 0.491902 0
c_invasion_wrangler_laser
0  -0.541266 24.876463 -6.264189  0.000000 0.290283 0.956941  0.152458 0.491615 0
0  0.541266 25.672329 -6.505611  0.000000 0.290283 0.956941  0.152382 0.492135 0
0  -0.541266 25.672329 -6.505611  0.000000 0.290283 0.956941  0.152458 0.492164 0
c_invasion_wrangler_laser
0  0.000000 22.837183 -6.007442  -0.864977 -0.318345 -0.387905  0.150208 0.491586 0
0  -0.541266 24.142992 -5.872141  -0.864977 -0.318345 -0.387905  0.150269 0.492537 0
0  0.000000 23.622145 -6.651644  -0.864977 -0.318345 -0.387905  0.150283 0.491845 0
c_invasion_wrangler_laser
0  0.541266 24.876463 -6.264189  0.864979 -0.145668 -0.480201  0.149322 0.492152 0
0  0.000000 25.489431 -7.425098  0.864979 -0.145668 -0.480201  0.149336 0.491515 0
0  0.541266 25.672329 -6.505611  0.864979 -0.145668 -0.480201  0.149322 0.491447 0
c_invasion_wrangler_laser
0  0.541266 25.672329 -6.505611  0.864976 -0.049187 -0.499396  0.154302 0.491906 0
0  0.000000 26.499998 -7.524630  0.864976 -0.049187 -0.499396  0.154305 0.491586 0
0  0.541266 26.499998 -6.587130  0.864976 -0.049187 -0.499396  0.154302 0.491602 0
c_invasion_wrangler_laser
0  0.000000 25.489431 -7.425098  -0.864977 -0.049186 -0.499395  0.156105 0.491586 0
0  -0.541265 26.499998 -6.587130  -0.864977 -0.049186 -0.499395  0.156100 0.491847 0
0  0.000000 26.499998 -7.524630  -0.864977 -0.049186 -0.499395  0.156105 0.491832 0
c_invasion_wrangler_laser
0  -0.541266 25.672329 -6.505611  0.000000 0.098017 0.995185  0.155028 0.491608 0
0  0.541266 26.499998 -6.587130  0.000000 0.098017 0.995185  0.155011 0.491861 0
0  -0.541265 26.499998 -6.587130  0.000000 0.098017 0.995185  0.155028 0.491882 0
c_invasion_wrangler_laser
0  -2.360000 21.319998 0.000000  -0.049186 -0.499395 0.864977  0.157903 0.489168 0
0  -3.187669 22.339016 0.541266  -0.049186 -0.499395 0.864977  0.158121 0.491463 0
0  -3.370565 21.419529 0.000000  -0.049186 -0.499395 0.864977  0.158142 0.489168 0
c_invasion_wrangler_laser
0  -2.360000 22.257498 0.541266  0.098017 0.995185 0.000000  0.161992 0.498480 0
0  -3.187669 22.339016 -0.541266  0.098017 0.995185 0.000000  0.162207 0.500775 0
0  -3.187669 22.339016 0.541266  0.098017 0.995185 0.000000  0.162207 0.498480 0
c_invasion_wrangler_laser
0  -2.360000 22.257498 -0.541266  -0.049186 -0.499394 -0.864978  0.158288 0.489168 0
0  -3.370565 21.419529 0.000000  -0.049186 -0.499394 -0.864978  0.158504 0.491463 0
0  -3.187669 22.339016 -0.541266  -0.049186 -0.499394 -0.864978  0.158483 0.489168 0
c_invasion_wrangler_laser
0  -3.370565 21.419529 0.000000  -0.145668 -0.480203 0.864977  0.160078 0.489168 0
0  -3.983535 22.580441 0.541266  -0.145668 -0.480203 0.864977  0.160296 0.491463 0
0  -4.342301 21.714302 0.000000  -0.145668 -0.480203 0.864977  0.160317 0.489168 0
c_invasion_wrangler_laser
0  -3.187669 22.339016 0.541266  0.290286 0.956940 0.000000  0.149480 0.489168 0
0  -3.983535 22.580441 -0.541266  0.290286 0.956940 0.000000  0.149695 0.491463 0
0  -3.983535 22.580441 0.541266  0.290286 0.956940 0.000000  0.149695 0.489168 0
c_invasion_wrangler_laser
0  -3.187669 22.339016 -0.541266  -0.145668 -0.480201 -0.864978  0.159737 0.489168 0
0  -4.342301 21.714302 0.000000  -0.145668 -0.480201 -0.864978  0.159954 0.491463 0
0  -3.983535 22.580441 -0.541266  -0.145668 -0.480201 -0.864978  0.159933 0.489168 0
c_invasion_wrangler_laser
0  -4.342301 21.714302 0.000000  -0.236553 -0.442558 0.864977  0.158989 0.489168 0
0  -4.717006 22.972488 0.541266  -0.236553 -0.442558 0.864977  0.159207 0.491463 0
0  -5.237853 22.192986 0.000000  -0.236553 -0.442558 0.864977  0.159229 0.489168 0
c_invasion_wrangler_laser
0  -3.983535 22.580441 0.541266  0.471396 0.881921 0.000000  0.150495 0.489168 0
0  -4.717006 22.972488 -0.541266  0.471396 0.881921 0.000000  0.150711 0.491463 0
0  -4.717006 22.972488 0.541266  0.471396 0.881921 0.000000  0.150711 0.489168 0
c_invasion_wrangler_laser
0  -3.983535 22.580441 -0.541266  -0.236552 -0.442559 -0.864977  0.159373 0.489168 0
0  -5.237853 22.192986 0.000000  -0.236552 -0.442559 -0.864977  0.159592 0.491463 0
0  -4.717006 22.972488 -0.541266  -0.236552 -0.442559 -0.864977  0.159570 0.489168 0
c_invasion_wrangler_laser
0  -5.237853 22.192986 0.000000  -0.318344 -0.387904 0.864978  0.157541 0.489168 0
0  -5.359899 23.500095 0.541266  -0.318344 -0.387904 0.864978  0.157757 0.491463 0
0  -6.022811 22.837183 0.000000  -0.318344 -0.387904 0.864978  0.157780 0.489168 0
c_invasion_wrangler_laser
0  -4.717006 22.972488 0.541266  0.634392 0.773011 0.000000  0.151172 0.489168 0
0  -5.359899 23.500095 -0.541266  0.634392 0.773011 0.000000  0.151388 0.491463 0
0  -5.359899 23.500095 0.541266  0.634392 0.773011 0.000000  0.151388 0.489168 0
c_invasion_wrangler_laser
0  -4.717006 22.972488 -0.541266  -0.318344 -0.387904 -0.864978  0.158648 0.489168 0
0  -6.022811 22.837183 0.000000  -0.318344 -0.387904 -0.864978  0.158866 0.491463 0
0  -5.359899 23.500095 -0.541266  -0.318344 -0.387904 -0.864978  0.158844 0.489168 0
c_invasion_wrangler_laser
0  -6.022811 22.837183 0.000000  -0.387905 -0.318345 0.864977  0.157181 0.489168 0
0  -5.887509 24.142992 0.541266  -0.387905 -0.318345 0.864977  0.157396 0.491463 0
0  -6.667012 23.622145 0.000000  -0.387905 -0.318345 0.864977  0.157418 0.489168 0
c_invasion_wrangler_laser
0  -5.359899 23.500095 0.541266  0.773011 0.634392 0.000000  0.151511 0.489168 0
0  -5.887509 24.142992 -0.541266  0.773011 0.634392 0.000000  0.151726 0.491463 0
0  -5.887509 24.142992 0.541266  0.773011 0.634392 0.000000  0.151726 0.489168 0
c_invasion_wrangler_laser
0  -5.359899 23.500095 -0.541266  -0.387904 -0.318344 -0.864978  0.156841 0.489168 0
0  -6.667012 23.622145 0.000000  -0.387904 -0.318344 -0.864978  0.157057 0.491463 0
0  -5.887509 24.142992 -0.541266  -0.387904 -0.318344 -0.864978  0.157035 0.489168 0
c_invasion_wrangler_laser
0  -6.667012 23.622145 0.000000  -0.442557 -0.236552 0.864977  0.156100 0.489168 0
0  -6.279558 24.876463 0.541266  -0.442557 -0.236552 0.864977  0.156315 0.491463 0
0  -7.145695 24.517696 0.000000  -0.442557 -0.236552 0.864977  0.156336 0.489168 0
c_invasion_wrangler_laser
0  -5.887509 24.142992 0.541266  0.881921 0.471397 0.000000  0.150157 0.489168 0
0  -6.279558 24.876463 -0.541266  0.881921 0.471397 0.000000  0.150372 0.491463 0
0  -6.279558 24.876463 0.541266  0.881921 0.471397 0.000000  0.150372 0.489168 0
c_invasion_wrangler_laser
0  -5.887509 24.142992 -0.541266  -0.442560 -0.236553 -0.864976  0.155761 0.489168 0
0  -7.145695 24.517696 0.000000  -0.442560 -0.236553 -0.864976  0.155976 0.491463 0
0  -6.279558 24.876463 -0.541266  -0.442560 -0.236553 -0.864976  0.155955 0.489168 0
c_invasion_wrangler_laser
0  -7.145695 24.517696 0.000000  -0.480203 -0.145668 0.864977  0.153583 0.489168 0
0  -6.520981 25.672329 0.541266  -0.480203 -0.145668 0.864977  0.153799 0.491463 0
0  -7.440468 25.489431 0.000000  -0.480203 -0.145668 0.864977  0.153819 0.489168 0
c_invasion_wrangler_laser
0  -6.279558 24.876463 0.541266  0.956941 0.290284 0.000000  0.152188 0.489168 0
0  -6.520981 25.672329 -0.541266  0.956941 0.290284 0.000000  0.152403 0.491463 0
0  -6.520981 25.672329 0.541266  0.956941 0.290284 0.000000  0.152403 0.489168 0
c_invasion_wrangler_laser
0  -6.279558 24.876463 -0.541266  -0.480205 -0.145668 -0.864976  0.153246 0.489168 0
0  -7.440468 25.489431 0.000000  -0.480205 -0.145668 -0.864976  0.153460 0.491463 0
0  -6.520981 25.672329 -0.541266  -0.480205 -0.145668 -0.864976  0.153440 0.489168 0
c_invasion_wrangler_laser
0  -7.440468 25.489431 0.000000  -0.499395 -0.049186 0.864977  0.153943 0.489168 0
0  -6.602499 26.499998 0.541266  -0.499395 -0.049186 0.864977  0.154159 0.491463 0
0  -7.539999 26.499998 0.000000  -0.499395 -0.049186 0.864977  0.154178 0.489168 0
c_invasion_wrangler_laser
0  -6.520981 25.672329 0.541266  0.995185 0.098017 0.000000  0.152526 0.489168 0
0  -6.602499 26.499998 -0.541266  0.995185 0.098017 0.000000  0.152741 0.491463 0
0  -6.602499 26.499998 0.541266  0.995185 0.098017 0.000000  0.152741 0.489168 0
c_invasion_wrangler_laser
0  -6.520981 25.672329 -0.541266  -0.499393 -0.049186 -0.864978  0.152888 0.489168 0
0  -7.539999 26.499998 0.000000  -0.499393 -0.049186 -0.864978  0.153101 0.491463 0
0  -6.602499 26.499998 -0.541266  -0.499393 -0.049186 -0.864978  0.153081 0.489168 0
c_invasion_wrangler_laser
0  0.541267 22.339016 3.172299  0.000000 0.956939 -0.290289  0.148226 0.492601 0
0  -0.541265 22.580441 3.968166  0.000000 0.956939 -0.290289  0.148494 0.491201 0
0  0.541266 22.580441 3.968166  0.000000 0.956939 -0.290289  0.148226 0.491198 0
c_invasion_wrangler_laser
0  0.541267 22.257500 2.344630  0.000000 0.995185 -0.098012  0.130580 0.472494 0
0  -0.541265 22.339016 3.172299  0.000000 0.995185 -0.098012  0.130927 0.470787 0
0  0.541267 22.339016 3.172299  0.000000 0.995185 -0.098012  0.130649 0.470775 0
c_invasion_wrangler_laser
0  -0.541265 22.257500 2.344630  -0.864977 -0.499394 0.049186  0.148828 0.489168 0
0  0.000000 21.419529 3.355196  -0.864977 -0.499394 0.049186  0.148779 0.491093 0
0  -0.541265 22.339016 3.172299  -0.864977 -0.499394 0.049186  0.148779 0.489959 0
c_invasion_wrangler_laser
0  -0.541265 22.339016 3.172299  -0.864978 -0.480202 0.145668  0.148486 0.489168 0
0  0.000000 21.714302 4.326932  -0.864978 -0.480202 0.145668  0.148447 0.491075 0
0  -0.541265 22.580441 3.968166  -0.864978 -0.480202 0.145668  0.148447 0.489645 0
c_invasion_wrangler_laser
0  0.000000 21.320000 2.344630  0.864977 -0.499395 0.049184  0.148264 0.489168 0
0  0.541267 22.339016 3.172299  0.864977 -0.499395 0.049184  0.148323 0.490874 0
0  0.000000 21.419529 3.355196  0.864977 -0.499395 0.049184  0.148264 0.490318 0
c_invasion_wrangler_laser
0  0.000000 21.419529 3.355196  0.864977 -0.480203 0.145669  0.149121 0.491341 0
0  0.541266 22.580441 3.968166  0.864977 -0.480203 0.145669  0.149181 0.492703 0
0  0.000000 21.714302 4.326932  0.864977 -0.480203 0.145669  0.149121 0.492485 0
c_invasion_wrangler_laser
0  -0.541266 28.123531 6.264190  -0.864977 0.236552 0.442559  0.147571 0.489168 0
0  0.000000 29.377851 6.651644  -0.864977 0.236552 0.442559  0.147598 0.490799 0
0  -0.541266 28.857004 5.872141  -0.864977 0.236552 0.442559  0.147571 0.489972 0
c_invasion_wrangler_laser
0  0.000000 28.482298 7.130327  0.864978 0.236552 0.442557  0.131077 0.493043 0
0  0.541265 28.857004 5.872141  0.864978 0.236552 0.442557  0.131202 0.492616 0
0  0.000000 29.377851 6.651644  0.864978 0.236552 0.442557  0.131262 0.492628 0
c_invasion_wrangler_laser
0  0.541265 28.123531 6.264190  0.000000 -0.471397 -0.881921  0.152994 0.492057 0
0  -0.541266 28.857004 5.872141  0.000000 -0.471397 -0.881921  0.152865 0.491612 0
0  0.541265 28.857004 5.872141  0.000000 -0.471397 -0.881921  0.152994 0.491586 0
c_invasion_wrangler_laser
0  -0.541266 27.327669 6.505612  -0.864978 0.145669 0.480202  0.148963 0.491255 0
0  0.000000 28.482298 7.130327  -0.864978 0.145669 0.480202  0.148977 0.492278 0
0  -0.541266 28.123531 6.264190  -0.864978 0.145669 0.480202  0.148963 0.491896 0
c_invasion_wrangler_laser
0  0.000000 27.510567 7.425098  0.864978 0.145668 0.480202  0.154747 0.491911 0
0  0.541265 28.123531 6.264190  0.864978 0.145668 0.480202  0.154713 0.491617 0
0  0.000000 28.482298 7.130327  0.864978 0.145668 0.480202  0.154747 0.491586 0
c_invasion_wrangler_laser
0  0.541265 27.327669 6.505612  0.000000 -0.290287 -0.956940  0.154018 0.492042 0
0  -0.541266 28.123531 6.264190  0.000000 -0.290287 -0.956940  0.153943 0.491615 0
0  0.541265 28.123531 6.264190  0.000000 -0.290287 -0.956940  0.154018 0.491586 0
c_invasion_wrangler_laser
0  -0.541266 26.499998 6.587130  -0.864978 0.049186 0.499394  0.154142 0.491586 0
0  0.000000 27.510567 7.425098  -0.864978 0.049186 0.499394  0.154145 0.491968 0
0  -0.541266 27.327669 6.505612  -0.864978 0.049186 0.499394  0.154142 0.491887 0
c_invasion_wrangler_laser
0  0.000000 26.499998 7.524630  0.864978 0.049186 0.499393  0.155777 0.491833 0
0  0.541265 27.327669 6.505612  0.864978 0.049186 0.499393  0.155772 0.491616 0
0  0.000000 27.510567 7.425098  0.864978 0.049186 0.499393  0.155777 0.491586 0
c_invasion_wrangler_laser
0  0.541265 26.499998 6.587130  0.000000 -0.098016 -0.995185  0.155169 0.491855 0
0  -0.541266 27.327669 6.505612  0.000000 -0.098016 -0.995185  0.155151 0.491608 0
0  0.541265 27.327669 6.505612  0.000000 -0.098016 -0.995185  0.155169 0.491586 0
c_invasion_wrangler_laser
0  0.541266 22.972488 4.701637  0.000000 0.773011 -0.634393  0.155433 0.491853 0
0  -0.541266 23.500095 5.344529  0.000000 0.773011 -0.634393  0.155649 0.491600 0
0  0.541266 23.500095 5.344529  0.000000 0.773011 -0.634393  0.155433 0.491586 0
c_invasion_wrangler_laser
0  0.000000 21.714302 4.326932  0.864977 -0.442558 0.236553  0.150020 0.491586 0
0  0.541266 22.972488 4.701637  0.864977 -0.442558 0.236553  0.150085 0.492594 0
0  0.000000 22.192986 5.222484  0.864977 -0.442558 0.236553  0.150020 0.492596 0
c_invasion_wrangler_laser
0  -0.541265 22.972488 4.701637  -0.864976 -0.387906 0.318347  0.148656 0.489558 0
0  0.000000 22.837183 6.007442  -0.864976 -0.387906 0.318347  0.148618 0.490600 0
0  -0.541266 23.500095 5.344529  -0.864976 -0.387906 0.318347  0.148625 0.489168 0
c_invasion_wrangler_laser
0  -0.541265 22.580441 3.968166  -0.864977 -0.442558 0.236552  0.147440 0.489168 0
0  0.000000 22.192986 5.222484  -0.864977 -0.442558 0.236552  0.147405 0.490766 0
0  -0.541265 22.972488 4.701637  -0.864977 -0.442558 0.236552  0.147405 0.489217 0
c_invasion_wrangler_laser
0  0.541266 22.580441 3.968166  0.000000 0.881922 -0.471396  0.150632 0.492450 0
0  -0.541265 22.972488 4.701637  0.000000 0.881922 -0.471396  0.150879 0.491594 0
0  0.541266 22.972488 4.701637  0.000000 0.881922 -0.471396  0.150632 0.491586 0
c_invasion_wrangler_laser
0  0.000000 22.192986 5.222484  0.864976 -0.387906 0.318347  0.151508 0.491586 0
0  0.541266 23.500095 5.344529  0.864976 -0.387906 0.318347  0.151578 0.492304 0
0  0.000000 22.837183 6.007442  0.864976 -0.387906 0.318347  0.151508 0.492403 0
c_invasion_wrangler_laser
0  -0.541266 24.142992 5.872141  -0.864978 -0.236552 0.442557  0.147749 0.489972 0
0  0.000000 24.517696 7.130325  -0.864978 -0.236552 0.442557  0.147721 0.489818 0
0  -0.541266 24.876463 6.264189  -0.864978 -0.236552 0.442557  0.147749 0.489168 0
c_invasion_wrangler_laser
0  0.541266 23.500095 5.344529  0.000000 0.634395 -0.773009  0.156820 0.491586 0
0  -0.541266 24.142992 5.872141  0.000000 0.634395 -0.773009  0.156996 0.491826 0
0  0.541266 24.142992 5.872141  0.000000 0.634395 -0.773009  0.156820 0.491806 0
c_invasion_wrangler_laser
0  0.000000 24.517696 7.130325  0.864978 -0.145668 0.480201  0.154556 0.491586 0
0  0.541266 25.672329 6.505611  0.864978 -0.145668 0.480201  0.154590 0.491883 0
0  0.000000 25.489431 7.425098  0.864978 -0.145668 0.480201  0.154556 0.491911 0
c_invasion_wrangler_laser
0  0.541266 24.142992 5.872141  0.000000 0.471396 -0.881922  0.153118 0.491586 0
0  -0.541266 24.876463 6.264189  0.000000 0.471396 -0.881922  0.153247 0.492083 0
0  0.541266 24.876463 6.264189  0.000000 0.471396 -0.881922  0.153118 0.492057 0
c_invasion_wrangler_laser
0  -0.541266 23.500095 5.344529  -0.864976 -0.318345 0.387908  0.148998 0.489877 0
0  0.000000 23.622145 6.651643  -0.864976 -0.318345 0.387908  0.148963 0.490266 0
0  -0.541266 24.142992 5.872141  -0.864976 -0.318345 0.387908  0.148969 0.489168 0
c_invasion_wrangler_laser
0  0.000000 23.622145 6.651643  0.864978 -0.236552 0.442556  0.153760 0.491586 0
0  0.541266 24.876463 6.264189  0.864978 -0.236552 0.442556  0.153819 0.491971 0
0  0.000000 24.517696 7.130325  0.864978 -0.236552 0.442556  0.153760 0.492040 0
c_invasion_wrangler_laser
0  0.541266 24.876463 6.264189  0.000000 0.290283 -0.956941  0.152581 0.491586 0
0  -0.541266 25.672329 6.505611  0.000000 0.290283 -0.956941  0.152657 0.492071 0
0  0.541266 25.672329 6.505611  0.000000 0.290283 -0.956941  0.152581 0.492042 0
c_invasion_wrangler_laser
0  0.000000 22.837183 6.007442  0.864977 -0.318346 0.387906  0.152188 0.491586 0
0  0.541266 24.142992 5.872141  0.864977 -0.318346 0.387906  0.152259 0.492101 0
0  0.000000 23.622145 6.651643  0.864977 -0.318346 0.387906  0.152188 0.492208 0
c_invasion_wrangler_laser
0  -0.541266 24.876463 6.264189  -0.864979 -0.145668 0.480201  0.147282 0.489809 0
0  0.000000 25.489431 7.425098  -0.864979 -0.145668 0.480201  0.147268 0.489409 0
0  -0.541266 25.672329 6.505611  -0.864979 -0.145668 0.480201  0.147282 0.489168 0
c_invasion_wrangler_laser
0  -0.541266 25.672329 6.505611  -0.864976 -0.049187 0.499396  0.147271 0.490616 0
0  0.000000 26.499998 7.524630  -0.864976 -0.049187 0.499396  0.147268 0.490330 0
0  -0.541266 26.499998 6.587130  -0.864976 -0.049187 0.499396  0.147271 0.490315 0
c_invasion_wrangler_laser
0  0.000000 25.489431 7.425098  0.864977 -0.049186 0.499395  0.156460 0.491586 0
0  0.541265 26.499998 6.587130  0.864977 -0.049186 0.499395  0.156465 0.491818 0
0  0.000000 26.499998 7.524630  0.864977 -0.049186 0.499395  0.156460 0.491833 0
c_invasion_wrangler_laser
0  0.541266 25.672329 6.505611  0.000000 0.098017 -0.995185  0.155292 0.491586 0
0  -0.541266 26.499998 6.587130  0.000000 0.098017 -0.995185  0.155309 0.491877 0
0  0.541265 26.499998 6.587130  0.000000 0.098017 -0.995185  0.155292 0.491855 0
c_invasion_wrangler_laser
0  -0.541265 22.257500 2.344630  0.000000 0.000000 -1.000000  0.130858 0.472506 0
0  0.541267 22.257500 2.344630  0.000000 0.000000 -1.000000  0.130580 0.472494 0
0  0.000000 21.320000 2.344630  0.000000 0.000000 -1.000000  0.130927 0.496373 0
c_invasion_wrangler_laser
0  -2.360000 22.257498 0.541266  1.000000 0.000000 0.000000  0.161992 0.498480 0
0  -2.360000 21.319998 0.000000  1.000000 0.000000 0.000000  0.162102 0.489168 0
0  -2.360000 22.257498 -0.541266  1.000000 0.000000 0.000000  0.161992 0.500775 0
c_invasion_wrangler_laser
0  0.541265 22.257498 -2.344631  0.000000 0.000000 1.000000  0.161592 0.489168 0
0  -0.541266 22.257498 -2.344631  0.000000 0.000000 1.000000  0.161868 0.489200 0
0  0.000000 21.319998 -2.344631  0.000000 0.000000 1.000000  0.161868 0.495199 0
gold_player
0  -1.852501 23.504158 -1.070111  -0.062923 -0.992050 -0.108988  0.000000 0.000000 0
0  -1.852501 23.739157 -3.209191  -0.062923 -0.992050 -0.108988  0.000000 0.000000 0
0  0.000000 23.504158 -2.139651  -0.062923 -0.992050 -0.108988  0.000000 0.000000 0
gold_player
0  -1.852501 23.504158 -1.070111  -0.125846 -0.992050 0.000002  0.000000 0.000000 0
0  -1.852500 23.504158 1.068973  -0.125846 -0.992050 0.000002  0.000000 0.000000 0
0  -3.704999 23.739157 -0.000567  -0.125846 -0.992050 0.000002  0.000000 0.000000 0
gold_player
0  -1.852499 23.739157 3.208056  -0.062923 -0.992050 0.108986  0.000000 0.000000 0
0  -1.852500 23.504158 1.068973  -0.062923 -0.992050 0.108986  0.000000 0.000000 0
0  0.000000 23.504158 2.138515  -0.062923 -0.992050 0.108986  0.000000 0.000000 0
c_invasion_wrangler_laser
0  -6.150000 13.169998 0.000000  -0.806461 -0.585928 0.079430  0.177770 0.413747 0
0  -5.225359 12.038241 1.039389  -0.806461 -0.585928 0.079430  0.177749 0.413771 0
0  -6.031829 13.169998 1.199806  -0.806461 -0.585928 0.079430  0.177785 0.413762 0
c_invasion_wrangler_laser
0  -5.327730 12.038240 0.000000  0.308874 -0.950616 -0.030422  0.177758 0.413748 0
0  -3.920463 12.470533 0.779829  0.308874 -0.950616 -0.030422  0.177728 0.413734 0
0  -5.225359 12.038241 1.039389  0.308874 -0.950616 -0.030422  0.177749 0.413771 0
c_invasion_wrangler_laser
0  -3.997270 12.470533 0.000000  0.995185 -0.000000 -0.098017  0.177751 0.413737 0
0  -3.920463 13.869463 0.779829  0.995185 -0.000000 -0.098017  0.177762 0.413706 0
0  -3.920463 12.470533 0.779829  0.995185 -0.000000 -0.098017  0.177728 0.413734 0
c_invasion_wrangler_laser
0  -3.997270 13.869463 -0.000000  0.308874 0.950616 -0.030422  0.177762 0.413726 0
0  -5.225359 14.301756 1.039389  0.308874 0.950616 -0.030422  0.177793 0.413729 0
0  -3.920463 13.869463 0.779829  0.308874 0.950616 -0.030422  0.177762 0.413706 0
c_invasion_wrangler_laser
0  -5.327730 14.301756 -0.000000  -0.806461 0.585928 0.079430  0.177773 0.413735 0
0  -6.031829 13.169998 1.199806  -0.806461 0.585928 0.079430  0.177785 0.413762 0
0  -5.225359 14.301756 1.039389  -0.806461 0.585928 0.079430  0.177793 0.413729 0
c_invasion_wrangler_laser
0  -6.031829 13.169998 1.199806  -0.775469 -0.585929 0.235235  0.177785 0.413762 0
0  -4.922181 12.038241 2.038834  -0.775469 -0.585929 0.235235  0.177723 0.413826 0
0  -5.681859 13.169998 2.353503  -0.775469 -0.585929 0.235235  0.177821 0.413810 0
c_invasion_wrangler_laser
0  -5.225359 12.038241 1.039389  0.297004 -0.950617 -0.090094  0.177749 0.413771 0
0  -3.692996 12.470533 1.529689  0.297004 -0.950617 -0.090094  0.177665 0.413723 0
0  -4.922181 12.038241 2.038834  0.297004 -0.950617 -0.090094  0.177723 0.413826 0
c_invasion_wrangler_laser
0  -3.920463 12.470533 0.779829  0.956940 0.000000 -0.290285  0.177728 0.413734 0
0  -3.692996 13.869463 1.529689  0.956940 0.000000 -0.290285  0.177765 0.413638 0
0  -3.692996 12.470533 1.529689  0.956940 0.000000 -0.290285  0.177665 0.413723 0
c_invasion_wrangler_laser
0  -3.920463 13.869463 0.779829  0.297004 0.950616 -0.090094  0.177762 0.413706 0
0  -4.922181 14.301756 2.038834  0.297004 0.950616 -0.090094  0.177848 0.413718 0
0  -3.692996 13.869463 1.529689  0.297004 0.950616 -0.090094  0.177765 0.413638 0
c_invasion_wrangler_laser
0  -5.225359 14.301756 1.039389  -0.775469 0.585928 0.235236  0.177793 0.413729 0
0  -5.681859 13.169998 2.353503  -0.775469 0.585928 0.235236  0.177821 0.413810 0
0  -4.922181 14.301756 2.038834  -0.775469 0.585928 0.235236  0.177848 0.413718 0
c_invasion_wrangler_laser
0  -5.681859 13.169998 2.353503  -0.714677 -0.585928 0.382002  0.177821 0.413810 0
0  -4.429846 12.038241 2.959928  -0.714677 -0.585928 0.382002  0.177644 0.413971 0
0  -5.113538 13.169998 3.416757  -0.714677 -0.585928 0.382002  0.177929 0.413967 0
c_invasion_wrangler_laser
0  -4.922181 12.038241 2.038834  0.273720 -0.950616 -0.146307  0.177723 0.413826 0
0  -3.323608 12.470533 2.220764  0.273720 -0.950616 -0.146307  0.177495 0.413687 0
0  -4.429846 12.038241 2.959928  0.273720 -0.950616 -0.146307  0.177644 0.413971 0
c_invasion_wrangler_laser
0  -3.692996 12.470533 1.529689  0.881921 0.000000 -0.471397  0.177665 0.413723 0
0  -3.323608 13.869463 2.220764  0.881921 0.000000 -0.471397  0.177779 0.413464 0
0  -3.323608 12.470533 2.220764  0.881921 0.000000 -0.471397  0.177495 0.413687 0
c_invasion_wrangler_laser
0  -3.692996 13.869463 1.529689  0.273721 0.950616 -0.146306  0.177765 0.413638 0
0  -4.429846 14.301756 2.959928  0.273721 0.950616 -0.146306  0.178027 0.413682 0
0  -3.323608 13.869463 2.220764  0.273721 0.950616 -0.146306  0.177779 0.413464 0
c_invasion_wrangler_laser
0  -4.922181 14.301756 2.038834  -0.714676 0.585928 0.382003  0.177848 0.413718 0
0  -5.113538 13.169998 3.416757  -0.714676 0.585928 0.382003  0.177929 0.413967 0
0  -4.429846 14.301756 2.959928  -0.714676 0.585928 0.382003  0.178027 0.413682 0
c_invasion_wrangler_laser
0  -5.113538 13.169998 3.416757  -0.626420 -0.585928 0.514088  0.177929 0.413967 0
0  -3.767274 12.038241 3.767274  -0.626420 -0.585928 0.514088  0.177393 0.414438 0
0  -4.348706 13.169998 4.348707  -0.626420 -0.585928 0.514088  0.178229 0.414372 0
c_invasion_wrangler_laser
0  -4.429846 12.038241 2.959928  0.239918 -0.950617 -0.196894  0.177644 0.413971 0
0  -2.826496 12.470534 2.826497  0.239918 -0.950617 -0.196894  0.176993 0.413572 0
0  -3.767274 12.038241 3.767274  0.239918 -0.950617 -0.196894  0.177393 0.414438 0
c_invasion_wrangler_laser
0  -3.323608 12.470533 2.220764  0.773010 0.000000 -0.634394  0.177495 0.413687 0
0  -2.826496 13.869463 2.826497  0.773010 0.000000 -0.634394  0.177828 0.412970 0
0  -2.826496 12.470534 2.826497  0.773010 0.000000 -0.634394  0.176993 0.413572 0
c_invasion_wrangler_laser
0  -3.323608 13.869463 2.220764  0.239918 0.950616 -0.196897  0.177779 0.413464 0
0  -3.767274 14.301756 3.767274  0.239918 0.950616 -0.196897  0.178538 0.413586 0
0  -2.826496 13.869463 2.826497  0.239918 0.950616 -0.196897  0.177828 0.412970 0
c_invasion_wrangler_laser
0  -4.429846 14.301756 2.959928  -0.626419 0.585927 0.514089  0.178027 0.413682 0
0  -4.348706 13.169998 4.348707  -0.626419 0.585927 0.514089  0.178229 0.414372 0
0  -3.767274 14.301756 3.767274  -0.626419 0.585927 0.514089  0.178538 0.413586 0
c_invasion_wrangler_laser
0  -4.348706 13.169998 4.348707  -0.514088 -0.585928 0.626419  0.178229 0.414372 0
0  -2.959928 12.038241 4.429846  -0.514088 -0.585928 0.626419  0.176592 0.415919 0
0  -3.416756 13.169998 5.113539  -0.514088 -0.585928 0.626419  0.179077 0.415533 0
c_invasion_wrangler_laser
0  -3.767274 12.038241 3.767274  0.196896 -0.950616 -0.239917  0.177393 0.414438 0
0  -2.220764 12.470534 3.323609  0.196896 -0.950616 -0.239917  0.175500 0.413194 0
0  -2.959928 12.038241 4.429846  0.196896 -0.950616 -0.239917  0.176592 0.415919 0
c_invasion_wrangler_laser
0  -2.826496 12.470534 2.826497  0.634394 0.000000 -0.773010  0.176993 0.413572 0
0  -2.220764 13.869463 3.323609  0.634394 0.000000 -0.773010  0.177981 0.411564 0
0  -2.220764 12.470534 3.323609  0.634394 0.000000 -0.773010  0.175500 0.413194 0
c_invasion_wrangler_laser
0  -2.826496 13.869463 2.826497  0.196896 0.950616 -0.239918  0.177828 0.412970 0
0  -2.959928 14.301756 4.429846  0.196896 0.950616 -0.239918  0.180133 0.413296 0
0  -2.220764 13.869463 3.323609  0.196896 0.950616 -0.239918  0.177981 0.411564 0
c_invasion_wrangler_laser
0  -3.767274 14.301756 3.767274  -0.514089 0.585928 0.626420  0.178538 0.413586 0
0  -3.416756 13.169998 5.113539  -0.514089 0.585928 0.626420  0.179077 0.415533 0
0  -2.959928 14.301756 4.429846  -0.514089 0.585928 0.626420  0.180133 0.413296 0
c_invasion_wrangler_laser
0  -3.416756 13.169998 5.113539  -0.382002 -0.585929 0.714676  0.179077 0.415533 0
0  -2.038835 12.038241 4.922180  -0.382002 -0.585929 0.714676  0.174194 0.419461 0
0  -2.353505 13.169998 5.681859  -0.382002 -0.585929 0.714676  0.181266 0.419346 0
c_invasion_wrangler_laser
0  -2.959928 12.038241 4.429846  0.146307 -0.950616 -0.273720  0.176592 0.415919 0
0  -1.529690 12.470534 3.692996  0.146307 -0.950616 -0.273720  0.171436 0.411916 0
0  -2.038835 12.038241 4.922180  0.146307 -0.950616 -0.273720  0.174194 0.419461 0
c_invasion_wrangler_laser
0  -2.220764 12.470534 3.323609  0.471397 0.000000 -0.881921  0.175500 0.413194 0
0  -1.529690 13.869463 3.692996  0.471397 0.000000 -0.881921  0.178514 0.407391 0
0  -1.529690 12.470534 3.692996  0.471397 0.000000 -0.881921  0.171436 0.411916 0
c_invasion_wrangler_laser
0  -2.220764 13.869463 3.323609  0.146307 0.950616 -0.273721  0.177981 0.411564 0
0  -2.038835 14.301756 4.922180  0.146307 0.950616 -0.273721  0.184394 0.412994 0
0  -1.529690 13.869463 3.692996  0.146307 0.950616 -0.273721  0.178514 0.407391 0
c_invasion_wrangler_laser
0  -2.959928 14.301756 4.429846  -0.382002 0.585928 0.714676  0.180133 0.413296 0
0  -2.353505 13.169998 5.681859  -0.382002 0.585928 0.714676  0.181266 0.419346 0
0  -2.038835 14.301756 4.922180  -0.382002 0.585928 0.714676  0.184394 0.412994 0
c_invasion_wrangler_laser
0  -2.353505 13.169998 5.681859  -0.235237 -0.585928 0.775469  0.181266 0.419346 0
0  -1.039389 12.038241 5.225359  -0.235237 -0.585928 0.775469  0.166516 0.429000 0
0  -1.199806 13.169998 6.031829  -0.235237 -0.585928 0.775469  0.186945 0.431304 0
c_invasion_wrangler_laser
0  -2.038835 12.038241 4.922180  0.090095 -0.950616 -0.297005  0.174194 0.419461 0
0  -0.779829 12.470534 3.920463  0.090095 -0.950616 -0.297005  0.160759 0.407860 0
0  -1.039389 12.038241 5.225359  0.090095 -0.950616 -0.297005  0.166516 0.429000 0
c_invasion_wrangler_laser
0  -1.529690 12.470534 3.692996  0.290285 0.000000 -0.956940  0.171436 0.411916 0
0  -0.779829 13.869463 3.920463  0.290285 0.000000 -0.956940  0.180535 0.396328 0
0  -0.779829 12.470534 3.920463  0.290285 0.000000 -0.956940  0.160759 0.407860 0
c_invasion_wrangler_laser
0  -1.529690 13.869463 3.692996  0.090096 0.950616 -0.297004  0.178514 0.407391 0
0  -1.039389 14.301756 5.225359  0.090096 0.950616 -0.297004  0.197530 0.412390 0
0  -0.779829 13.869463 3.920463  0.090096 0.950616 -0.297004  0.180535 0.396328 0
c_invasion_wrangler_laser
0  -2.038835 14.301756 4.922180  -0.235236 0.585928 0.775469  0.184394 0.412994 0
0  -1.199806 13.169998 6.031829  -0.235236 0.585928 0.775469  0.186945 0.431304 0
0  -1.039389 14.301756 5.225359  -0.235236 0.585928 0.775469  0.197530 0.412390 0
c_invasion_wrangler_laser
0  -1.199806 13.169998 6.031829  -0.079429 -0.585929 0.806460  0.186945 0.431304 0
0  0.000000 12.038241 5.327730  -0.079429 -0.585929 0.806460  0.131059 0.470652 0
0  0.000000 13.169998 6.150000  -0.079429 -0.585929 0.806460  0.213751 0.470652 0
c_invasion_wrangler_laser
0  -1.039389 12.038241 5.225359  0.030422 -0.950616 -0.308875  0.166516 0.429000 0
0  0.000000 12.470534 3.997270  0.030422 -0.950616 -0.308875  0.130580 0.394003 0
0  0.000000 12.038241 5.327730  0.030422 -0.950616 -0.308875  0.131059 0.470652 0
c_invasion_wrangler_laser
0  -0.779829 12.470534 3.920463  0.098017 0.000000 -0.995185  0.160759 0.407860 0
0  0.000000 13.869463 3.997270  0.098017 0.000000 -0.995185  0.185565 0.368364 0
0  0.000000 12.470534 3.997270  0.098017 0.000000 -0.995185  0.130580 0.394003 0
c_invasion_wrangler_laser
0  -0.779829 13.869463 3.920463  0.030421 0.950616 -0.308874  0.180535 0.396328 0
0  0.000000 14.301756 5.327730  0.030421 0.950616 -0.308874  0.229853 0.406715 0
0  0.000000 13.869463 3.997270  0.030421 0.950616 -0.308874  0.185565 0.368364 0
c_invasion_wrangler_laser
0  -1.039389 14.301756 5.225359  -0.079429 0.585928 0.806461  0.197530 0.412390 0
0  0.000000 13.169998 6.150000  -0.079429 0.585928 0.806461  0.213751 0.470652 0
0  0.000000 14.301756 5.327730  -0.079429 0.585928 0.806461  0.229853 0.406715 0
c_invasion_wrangler_laser
0  0.000000 13.169998 -6.150000  -0.079429 -0.585928 -0.806461  0.177762 0.413738 0
0  -1.039387 12.038240 -5.225360  -0.079429 -0.585928 -0.806461  0.177762 0.413738 0
0  -1.199804 13.169998 -6.031830  -0.079429 -0.585928 -0.806461  0.177762 0.413738 0
c_invasion_wrangler_laser
0  0.000000 12.038240 -5.327730  0.030421 -0.950616 0.308875  0.177762 0.413738 0
0  -0.779827 12.470533 -3.920464  0.030421 -0.950616 0.308875  0.177762 0.413738 0
0  -1.039387 12.038240 -5.225360  0.030421 -0.950616 0.308875  0.177762 0.413738 0
c_invasion_wrangler_laser
0  0.000000 12.470533 -3.997270  0.098017 0.000000 0.995185  0.177762 0.413738 0
0  -0.779827 13.869462 -3.920464  0.098017 0.000000 0.995185  0.177762 0.413738 0
0  -0.779827 12.470533 -3.920464  0.098017 0.000000 0.995185  0.177762 0.413738 0
c_invasion_wrangler_laser
0  0.000000 13.869462 -3.997270  0.030422 0.950616 0.308874  0.177762 0.413738 0
0  -1.039387 14.301755 -5.225360  0.030422 0.950616 0.308874  0.177762 0.413738 0
0  -0.779827 13.869462 -3.920464  0.030422 0.950616 0.308874  0.177762 0.413738 0
c_invasion_wrangler_laser
0  0.000000 14.301755 -5.327730  -0.079428 0.585929 -0.806461  0.177762 0.413738 0
0  -1.199804 13.169998 -6.031830  -0.079428 0.585929 -0.806461  0.177762 0.413738 0
0  -1.039387 14.301755 -5.225360  -0.079428 0.585929 -0.806461  0.177762 0.413738 0
c_invasion_wrangler_laser
0  -1.199804 13.169998 -6.031830  -0.235236 -0.585928 -0.775469  0.177762 0.413738 0
0  -2.038835 12.038240 -4.922180  -0.235236 -0.585928 -0.775469  0.177762 0.413738 0
0  -2.353505 13.169998 -5.681859  -0.235236 -0.585928 -0.775469  0.177762 0.413738 0
c_invasion_wrangler_laser
0  -1.039387 12.038240 -5.225360  0.090096 -0.950616 0.297004  0.177762 0.413738 0
0  -1.529690 12.470533 -3.692996  0.090096 -0.950616 0.297004  0.177762 0.413738 0
0  -2.038835 12.038240 -4.922180  0.090096 -0.950616 0.297004  0.177762 0.413738 0
c_invasion_wrangler_laser
0  -0.779827 12.470533 -3.920464  0.290284 0.000000 0.956941  0.177762 0.413738 0
0  -1.529690 13.869462 -3.692996  0.290284 0.000000 0.956941  0.177762 0.413738 0
0  -1.529690 12.470533 -3.692996  0.290284 0.000000 0.956941  0.177762 0.413738 0
c_invasion_wrangler_laser
0  -0.779827 13.869462 -3.920464  0.090095 0.950616 0.297005  0.177762 0.413738 0
0  -2.038835 14.301755 -4.922180  0.090095 0.950616 0.297005  0.177762 0.413738 0
0  -1.529690 13.869462 -3.692996  0.090095 0.950616 0.297005  0.177762 0.413738 0
c_invasion_wrangler_laser
0  -1.039387 14.301755 -5.225360  -0.235237 0.585929 -0.775468  0.177762 0.413738 0
0  -2.353505 13.169998 -5.681859  -0.235237 0.585929 -0.775468  0.177762 0.413738 0
0  -2.038835 14.301755 -4.922180  -0.235237 0.585929 -0.775468  0.177762 0.413738 0
c_invasion_wrangler_laser
0  -2.353505 13.169998 -5.681859  -0.382003 -0.585928 -0.714676  0.177762 0.413738 0
0  -2.959928 12.038240 -4.429846  -0.382003 -0.585928 -0.714676  0.177762 0.413738 0
0  -3.416756 13.169998 -5.113539  -0.382003 -0.585928 -0.714676  0.177762 0.413738 0
c_invasion_wrangler_laser
0  -2.038835 12.038240 -4.922180  0.146306 -0.950616 0.273721  0.177762 0.413738 0
0  -2.220764 12.470533 -3.323609  0.146306 -0.950616 0.273721  0.177762 0.413738 0
0  -2.959928 12.038240 -4.429846  0.146306 -0.950616 0.273721  0.177762 0.413738 0
c_invasion_wrangler_laser
0  -1.529690 12.470533 -3.692996  0.471396 0.000000 0.881922  0.177762 0.413738 0
0  -2.220764 13.869462 -3.323609  0.471396 0.000000 0.881922  0.177762 0.413738 0
0  -2.220764 12.470533 -3.323609  0.471396 0.000000 0.881922  0.177762 0.413738 0
c_invasion_wrangler_laser
0  -1.529690 13.869462 -3.692996  0.146307 0.950616 0.273720  0.177762 0.413738 0
0  -2.959928 14.301755 -4.429846  0.146307 0.950616 0.273720  0.177762 0.413738 0
0  -2.220764 13.869462 -3.323609  0.146307 0.950616 0.273720  0.177762 0.413738 0
c_invasion_wrangler_laser
0  -2.038835 14.301755 -4.922180  -0.382003 0.585928 -0.714676  0.177762 0.413738 0
0  -3.416756 13.169998 -5.113539  -0.382003 0.585928 -0.714676  0.177762 0.413738 0
0  -2.959928 14.301755 -4.429846  -0.382003 0.585928 -0.714676  0.177762 0.413738 0
c_invasion_wrangler_laser
0  -3.416756 13.169998 -5.113539  -0.514089 -0.585928 -0.626419  0.177762 0.413738 0
0  -3.767272 12.038240 -3.767276  -0.514089 -0.585928 -0.626419  0.177762 0.413738 0
0  -4.348704 13.169998 -4.348709  -0.514089 -0.585928 -0.626419  0.177762 0.413738 0
c_invasion_wrangler_laser
0  -2.959928 12.038240 -4.429846  0.196896 -0.950616 0.239919  0.177762 0.413738 0
0  -2.826495 12.470533 -2.826498  0.196896 -0.950616 0.239919  0.177762 0.413738 0
0  -3.767272 12.038240 -3.767276  0.196896 -0.950616 0.239919  0.177762 0.413738 0
c_invasion_wrangler_laser
0  -2.220764 12.470533 -3.323609  0.634393 0.000000 0.773011  0.177762 0.413738 0
0  -2.826495 13.869462 -2.826498  0.634393 0.000000 0.773011  0.177762 0.413738 0
0  -2.826495 12.470533 -2.826498  0.634393 0.000000 0.773011  0.177762 0.413738 0
c_invasion_wrangler_laser
0  -2.220764 13.869462 -3.323609  0.196896 0.950616 0.239919  0.177762 0.413738 0
0  -3.767272 14.301755 -3.767276  0.196896 0.950616 0.239919  0.177762 0.413738 0
0  -2.826495 13.869462 -2.826498  0.196896 0.950616 0.239919  0.177762 0.413738 0
c_invasion_wrangler_laser
0  -2.959928 14.301755 -4.429846  -0.514089 0.585929 -0.626419  0.177762 0.413738 0
0  -4.348704 13.169998 -4.348709  -0.514089 0.585929 -0.626419  0.177762 0.413738 0
0  -3.767272 14.301755 -3.767276  -0.514089 0.585929 -0.626419  0.177762 0.413738 0
c_invasion_wrangler_laser
0  -4.348704 13.169998 -4.348709  -0.626419 -0.585927 -0.514090  0.177762 0.413738 0
0  -4.429846 12.038240 -2.959928  -0.626419 -0.585927 -0.514090  0.177762 0.413738 0
0  -5.113538 13.169998 -3.416757  -0.626419 -0.585927 -0.514090  0.177762 0.413738 0
c_invasion_wrangler_laser
0  -3.767272 12.038240 -3.767276  0.239918 -0.950616 0.196896  0.177762 0.413738 0
0  -3.323608 12.470533 -2.220764  0.239918 -0.950616 0.196896  0.177762 0.413738 0
0  -4.429846 12.038240 -2.959928  0.239918 -0.950616 0.196896  0.177762 0.413738 0
c_invasion_wrangler_laser
0  -2.826495 12.470533 -2.826498  0.773010 0.000000 0.634394  0.177762 0.413738 0
0  -3.323608 13.869463 -2.220764  0.773010 0.000000 0.634394  0.177762 0.413737 0
0  -3.323608 12.470533 -2.220764  0.773010 0.000000 0.634394  0.177762 0.413738 0
c_invasion_wrangler_laser
0  -2.826495 13.869462 -2.826498  0.239918 0.950617 0.196893  0.177762 0.413738 0
0  -4.429846 14.301755 -2.959928  0.239918 0.950617 0.196893  0.177763 0.413738 0
0  -3.323608 13.869463 -2.220764  0.239918 0.950617 0.196893  0.177762 0.413737 0
c_invasion_wrangler_laser
0  -3.767272 14.301755 -3.767276  -0.626419 0.585928 -0.514089  0.177762 0.413738 0
0  -5.113538 13.169998 -3.416757  -0.626419 0.585928 -0.514089  0.177762 0.413738 0
0  -4.429846 14.301755 -2.959928  -0.626419 0.585928 -0.514089  0.177763 0.413738 0
c_invasion_wrangler_laser
0  -5.113538 13.169998 -3.416757  -0.714677 -0.585928 -0.382002  0.177762 0.413738 0
0  -4.922180 12.038240 -2.038836  -0.714677 -0.585928 -0.382002  0.177762 0.413739 0
0  -5.681859 13.169998 -2.353505  -0.714677 -0.585928 -0.382002  0.177763 0.413739 0
c_invasion_wrangler_laser
0  -4.429846 12.038240 -2.959928  0.273721 -0.950616 0.146309  0.177762 0.413738 0
0  -3.692995 12.470533 -1.529691  0.273721 -0.950616 0.146309  0.177761 0.413738 0
0  -4.922180 12.038240 -2.038836  0.273721 -0.950616 0.146309  0.177762 0.413739 0
c_invasion_wrangler_laser
0  -3.323608 12.470533 -2.220764  0.881921 0.000000 0.471397  0.177762 0.413738 0
0  -3.692995 13.869463 -1.529691  0.881921 0.000000 0.471397  0.177762 0.413736 0
0  -3.692995 12.470533 -1.529691  0.881921 0.000000 0.471397  0.177761 0.413738 0
c_invasion_wrangler_laser
0  -3.323608 13.869463 -2.220764  0.273720 0.950616 0.146307  0.177762 0.413737 0
0  -4.922180 14.301755 -2.038836  0.273720 0.950616 0.146307  0.177763 0.413738 0
0  -3.692995 13.869463 -1.529691  0.273720 0.950616 0.146307  0.177762 0.413736 0
c_invasion_wrangler_laser
0  -4.429846 14.301755 -2.959928  -0.714676 0.585929 -0.382002  0.177763 0.413738 0
0  -5.681859 13.169998 -2.353505  -0.714676 0.585929 -0.382002  0.177763 0.413739 0
0  -4.922180 14.301755 -2.038836  -0.714676 0.585929 -0.382002  0.177763 0.413738 0
c_invasion_wrangler_laser
0  -5.681859 13.169998 -2.353505  -0.775469 -0.585928 -0.235236  0.177763 0.413739 0
0  -5.225359 12.038240 -1.039388  -0.775469 -0.585928 -0.235236  0.177761 0.413742 0
0  -6.031830 13.169998 -1.199805  -0.775469 -0.585928 -0.235236  0.177765 0.413741 0
c_invasion_wrangler_laser
0  -4.922180 12.038240 -2.038836  0.297004 -0.950616 0.090095  0.177762 0.413739 0
0  -3.920464 12.470533 -0.779828  0.297004 -0.950616 0.090095  0.177758 0.413738 0
0  -5.225359 12.038240 -1.039388  0.297004 -0.950616 0.090095  0.177761 0.413742 0
c_invasion_wrangler_laser
0  -3.692995 12.470533 -1.529691  0.956940 0.000000 0.290285  0.177761 0.413738 0
0  -3.920464 13.869463 -0.779828  0.956940 0.000000 0.290285  0.177762 0.413734 0
0  -3.920464 12.470533 -0.779828  0.956940 0.000000 0.290285  0.177758 0.413738 0
c_invasion_wrangler_laser
0  -3.692995 13.869463 -1.529691  0.297004 0.950616 0.090097  0.177762 0.413736 0
0  -5.225359 14.301755 -1.039388  0.297004 0.950616 0.090097  0.177766 0.413737 0
0  -3.920464 13.869463 -0.779828  0.297004 0.950616 0.090097  0.177762 0.413734 0
c_invasion_wrangler_laser
0  -4.922180 14.301755 -2.038836  -0.775469 0.585929 -0.235237  0.177763 0.413738 0
0  -6.031830 13.169998 -1.199805  -0.775469 0.585929 -0.235237  0.177765 0.413741 0
0  -5.225359 14.301755 -1.039388  -0.775469 0.585929 -0.235237  0.177766 0.413737 0
c_invasion_wrangler_laser
0  -6.031830 13.169998 -1.199805  -0.806461 -0.585927 -0.079429  0.177765 0.413741 0
0  -5.327730 12.038240 0.000000  -0.806461 -0.585927 -0.079429  0.177758 0.413748 0
0  -6.150000 13.169998 0.000000  -0.806461 -0.585927 -0.079429  0.177770 0.413747 0
c_invasion_wrangler_laser
0  -5.225359 12.038240 -1.039388  0.308874 -0.950616 0.030422  0.177761 0.413742 0
0  -3.997270 12.470533 0.000000  0.308874 -0.950616 0.030422  0.177751 0.413737 0
0  -5.327730 12.038240 0.000000  0.308874 -0.950616 0.030422  0.177758 0.413748 0
c_invasion_wrangler_laser
0  -3.920464 12.470533 -0.779828  0.995185 -0.000000 0.098017  0.177758 0.413738 0
0  -3.997270 13.869463 -0.000000  0.995185 -0.000000 0.098017  0.177762 0.413726 0
0  -3.997270 12.470533 0.000000  0.995185 -0.000000 0.098017  0.177751 0.413737 0
c_invasion_wrangler_laser
0  -3.920464 13.869463 -0.779828  0.308874 0.950616 0.030422  0.177762 0.413734 0
0  -5.327730 14.301756 -0.000000  0.308874 0.950616 0.030422  0.177773 0.413735 0
0  -3.997270 13.869463 -0.000000  0.308874 0.950616 0.030422  0.177762 0.413726 0
c_invasion_wrangler_laser
0  -5.225359 14.301755 -1.039388  -0.806461 0.585928 -0.079431  0.177766 0.413737 0
0  -6.150000 13.169998 0.000000  -0.806461 0.585928 -0.079431  0.177770 0.413747 0
0  -5.327730 14.301756 -0.000000  -0.806461 0.585928 -0.079431  0.177773 0.413735 0
gold_player
0  0.000000 -9.990002 -3.310000  -0.705399 0.069476 -0.705397  0.000000 0.000000 0
0  -0.320000 -9.406681 -2.932548  -0.705399 0.069476 -0.705397  0.000000 0.000000 0
0  0.000000 -9.344253 -3.246399  -0.705399 0.069476 -0.705397  0.000000 0.000000 0
gold_player
0  -0.320000 -9.990002 -2.990000  -0.705398 -0.069476 0.705398  0.000000 0.000000 0
0  0.000000 -9.469110 -2.618696  -0.705398 -0.069476 0.705398  0.000000 0.000000 0
0  -0.320000 -9.406681 -2.932548  -0.705398 -0.069476 0.705398  0.000000 0.000000 0
gold_player
0  0.000000 -9.344253 -3.246399  -0.705398 0.205757 -0.678290  0.000000 0.000000 0
0  -0.320000 -8.845778 -2.762400  -0.705398 0.205757 -0.678290  0.000000 0.000000 0
0  0.000000 -8.723320 -3.058041  -0.705398 0.205757 -0.678290  0.000000 0.000000 0
gold_player
0  -0.320000 -9.406681 -2.932548  -0.705397 -0.205757 0.678291  0.000000 0.000000 0
0  0.000000 -8.968237 -2.466758  -0.705397 -0.205757 0.678291  0.000000 0.000000 0
0  -0.320000 -8.845778 -2.762400  -0.705397 -0.205757 0.678291  0.000000 0.000000 0
gold_player
0  0.000000 -8.723320 -3.058041  -0.705399 0.334131 -0.625115  0.000000 0.000000 0
0  -0.320000 -8.328847 -2.486094  -0.705399 0.334131 -0.625115  0.000000 0.000000 0
0  0.000000 -8.151064 -2.752164  -0.705399 0.334131 -0.625115  0.000000 0.000000 0
gold_player
0  -0.320000 -8.845778 -2.762400  -0.705398 -0.334131 0.625116  0.000000 0.000000 0
0  0.000000 -8.506629 -2.220024  -0.705398 -0.334131 0.625116  0.000000 0.000000 0
0  -0.320000 -8.328847 -2.486094  -0.705398 -0.334131 0.625116  0.000000 0.000000 0
gold_player
0  0.000000 -8.151064 -2.752164  -0.705398 0.449665 -0.547920  0.000000 0.000000 0
0  -0.320000 -7.875752 -2.114249  -0.705398 0.449665 -0.547920  0.000000 0.000000 0
0  0.000000 -7.649478 -2.340523  -0.705398 0.449665 -0.547920  0.000000 0.000000 0
gold_player
0  -0.320000 -8.328847 -2.486094  -0.705398 -0.449665 0.547919  0.000000 0.000000 0
0  0.000000 -8.102027 -1.887975  -0.705398 -0.449665 0.547919  0.000000 0.000000 0
0  -0.320000 -7.875752 -2.114249  -0.705398 -0.449665 0.547919  0.000000 0.000000 0
gold_player
0  0.000000 -7.649478 -2.340523  -0.705398 0.547919 -0.449664  0.000000 0.000000 0
0  -0.320000 -7.503907 -1.661155  -0.705398 0.547919 -0.449664  0.000000 0.000000 0
0  0.000000 -7.237837 -1.838937  -0.705398 0.547919 -0.449664  0.000000 0.000000 0
gold_player
0  -0.320000 -7.875752 -2.114249  -0.705398 -0.547919 0.449665  0.000000 0.000000 0
0  0.000000 -7.769978 -1.483372  -0.705398 -0.547919 0.449665  0.000000 0.000000 0
0  -0.320000 -7.503907 -1.661155  -0.705398 -0.547919 0.449665  0.000000 0.000000 0
gold_player
0  0.000000 -7.237837 -1.838937  -0.705398 0.625117 -0.334130  0.000000 0.000000 0
0  -0.320000 -7.227602 -1.144224  -0.705398 0.625117 -0.334130  0.000000 0.000000 0
0  0.000000 -6.931961 -1.266683  -0.705398 0.625117 -0.334130  0.000000 0.000000 0
gold_player
0  -0.320000 -7.503907 -1.661155  -0.705399 -0.625116 0.334131  0.000000 0.000000 0
0  0.000000 -7.523244 -1.021765  -0.705399 -0.625116 0.334131  0.000000 0.000000 0
0  -0.320000 -7.227602 -1.144224  -0.705399 -0.625116 0.334131  0.000000 0.000000 0
gold_player
0  0.000000 -6.931961 -1.266683  -0.705398 0.678290 -0.205759  0.000000 0.000000 0
0  -0.320000 -7.057454 -0.583320  -0.705398 0.678290 -0.205759  0.000000 0.000000 0
0  0.000000 -6.743603 -0.645749  -0.705398 0.678290 -0.205759  0.000000 0.000000 0
gold_player
0  -0.320000 -7.227602 -1.144224  -0.705398 -0.678290 0.205756  0.000000 0.000000 0
0  0.000000 -7.371305 -0.520892  -0.705398 -0.678290 0.205756  0.000000 0.000000 0
0  -0.320000 -7.057454 -0.583320  -0.705398 -0.678290 0.205756  0.000000 0.000000 0
gold_player
0  0.000000 -6.743603 -0.645749  -0.705398 0.705398 -0.069476  0.000000 0.000000 0
0  -0.320000 -7.000002 -0.000000  -0.705398 0.705398 -0.069476  0.000000 0.000000 0
0  0.000000 -6.680002 -0.000000  -0.705398 0.705398 -0.069476  0.000000 0.000000 0
gold_player
0  -0.320000 -7.057454 -0.583320  -0.705398 -0.705398 0.069475  0.000000 0.000000 0
0  0.000000 -7.320002 -0.000000  -0.705398 -0.705398 0.069475  0.000000 0.000000 0
0  -0.320000 -7.000002 -0.000000  -0.705398 -0.705398 0.069475  0.000000 0.000000 0
gold_player
0  0.000000 -6.680002 -0.000000  -0.705398 0.705398 0.069476  0.000000 0.000000 0
0  -0.320000 -7.057454 0.583320  -0.705398 0.705398 0.069476  0.000000 0.000000 0
0  0.000000 -6.743603 0.645749  -0.705398 0.705398 0.069476  0.000000 0.000000 0
gold_player
0  -0.320000 -7.000002 -0.000000  -0.705398 -0.705398 -0.069477  0.000000 0.000000 0
0  0.000000 -7.371305 0.520891  -0.705398 -0.705398 -0.069477  0.000000 0.000000 0
0  -0.320000 -7.057454 0.583320  -0.705398 -0.705398 -0.069477  0.000000 0.000000 0
gold_player
0  0.000000 -6.743603 0.645749  -0.705398 0.678290 0.205757  0.000000 0.000000 0
0  -0.320000 -7.227602 1.144224  -0.705398 0.678290 0.205757  0.000000 0.000000 0
0  0.000000 -6.931961 1.266682  -0.705398 0.678290 0.205757  0.000000 0.000000 0
gold_player
0  -0.320000 -7.057454 0.583320  -0.705399 -0.678290 -0.205756  0.000000 0.000000 0
0  0.000000 -7.523244 1.021765  -0.705399 -0.678290 -0.205756  0.000000 0.000000 0
0  -0.320000 -7.227602 1.144224  -0.705399 -0.678290 -0.205756  0.000000 0.000000 0
gold_player
0  0.000000 -6.931961 1.266682  -0.705398 0.625116 0.334130  0.000000 0.000000 0
0  -0.320000 -7.503907 1.661154  -0.705398 0.625116 0.334130  0.000000 0.000000 0
0  0.000000 -7.237837 1.838936  -0.705398 0.625116 0.334130  0.000000 0.000000 0
gold_player
0  -0.320000 -7.227602 1.144224  -0.705398 -0.625115 -0.334133  0.000000 0.000000 0
0  0.000000 -7.769978 1.483372  -0.705398 -0.625115 -0.334133  0.000000 0.000000 0
0  -0.320000 -7.503907 1.661154  -0.705398 -0.625115 -0.334133  0.000000 0.000000 0
gold_player
0  0.000000 -7.237837 1.838936  -0.705398 0.547918 0.449665  0.000000 0.000000 0
0  -0.320000 -7.875753 2.114250  -0.705398 0.547918 0.449665  0.000000 0.000000 0
0  0.000000 -7.649479 2.340524  -0.705398 0.547918 0.449665  0.000000 0.000000 0
gold_player
0  -0.320000 -7.503907 1.661154  -0.705397 -0.547919 -0.449666  0.000000 0.000000 0
0  0.000000 -8.102027 1.887975  -0.705397 -0.547919 -0.449666  0.000000 0.000000 0
0  -0.320000 -7.875753 2.114250  -0.705397 -0.547919 -0.449666  0.000000 0.000000 0
gold_player
0  0.000000 -7.649479 2.340524  -0.705398 0.449665 0.547919  0.000000 0.000000 0
0  -0.320000 -8.328846 2.486094  -0.705398 0.449665 0.547919  0.000000 0.000000 0
0  0.000000 -8.151064 2.752164  -0.705398 0.449665 0.547919  0.000000 0.000000 0
gold_player
0  -0.320000 -7.875753 2.114250  -0.705398 -0.449665 -0.547919  0.000000 0.000000 0
0  0.000000 -8.506629 2.220024  -0.705398 -0.449665 -0.547919  0.000000 0.000000 0
0  -0.320000 -8.328846 2.486094  -0.705398 -0.449665 -0.547919  0.000000 0.000000 0
gold_player
0  0.000000 -8.151064 2.752164  -0.705397 0.334131 0.625117  0.000000 0.000000 0
0  -0.320000 -8.845778 2.762399  -0.705397 0.334131 0.625117  0.000000 0.000000 0
0  0.000000 -8.723319 3.058041  -0.705397 0.334131 0.625117  0.000000 0.000000 0
gold_player
0  -0.320000 -8.328846 2.486094  -0.705399 -0.334131 -0.625115  0.000000 0.000000 0
0  0.000000 -8.968237 2.466758  -0.705399 -0.334131 -0.625115  0.000000 0.000000 0
0  -0.320000 -8.845778 2.762399  -0.705399 -0.334131 -0.625115  0.000000 0.000000 0
gold_player
0  0.000000 -8.723319 3.058041  -0.705399 0.205757 0.678289  0.000000 0.000000 0
0  -0.320000 -9.406682 2.932548  -0.705399 0.205757 0.678289  0.000000 0.000000 0
0  0.000000 -9.344253 3.246399  -0.705399 0.205757 0.678289  0.000000 0.000000 0
gold_player
0  -0.320000 -8.845778 2.762399  -0.705397 -0.205757 -0.678291  0.000000 0.000000 0
0  0.000000 -9.469110 2.618697  -0.705397 -0.205757 -0.678291  0.000000 0.000000 0
0  -0.320000 -9.406682 2.932548  -0.705397 -0.205757 -0.678291  0.000000 0.000000 0
gold_player
0  0.000000 -9.344253 3.246399  -0.705400 0.069475 0.705397  0.000000 0.000000 0
0  -0.320000 -9.990002 2.990000  -0.705400 0.069475 0.705397  0.000000 0.000000 0
0  0.000000 -9.990002 3.310000  -0.705400 0.069475 0.705397  0.000000 0.000000 0
gold_player
0  -0.320000 -9.406682 2.932548  -0.705398 -0.069476 -0.705398  0.000000 0.000000 0
0  0.000000 -9.990002 2.670000  -0.705398 -0.069476 -0.705398  0.000000 0.000000 0
0  -0.320000 -9.990002 2.990000  -0.705398 -0.069476 -0.705398  0.000000 0.000000 0
gold_player
0  0.000000 -9.990002 3.310000  -0.705399 -0.069475 0.705398  0.000000 0.000000 0
0  -0.320000 -10.573321 2.932548  -0.705399 -0.069475 0.705398  0.000000 0.000000 0
0  0.000000 -10.635751 3.246399  -0.705399 -0.069475 0.705398  0.000000 0.000000 0
gold_player
0  -0.320000 -9.990002 2.990000  -0.705398 0.069476 -0.705398  0.000000 0.000000 0
0  0.000000 -10.510893 2.618697  -0.705398 0.069476 -0.705398  0.000000 0.000000 0
0  -0.320000 -10.573321 2.932548  -0.705398 0.069476 -0.705398  0.000000 0.000000 0
gold_player
0  0.000000 -10.635751 3.246399  -0.705397 -0.205757 0.678291  0.000000 0.000000 0
0  -0.320000 -11.134224 2.762400  -0.705397 -0.205757 0.678291  0.000000 0.000000 0
0  0.000000 -11.256682 3.058042  -0.705397 -0.205757 0.678291  0.000000 0.000000 0
gold_player
0  -0.320000 -10.573321 2.932548  -0.705399 0.205757 -0.678289  0.000000 0.000000 0
0  0.000000 -11.011765 2.466758  -0.705399 0.205757 -0.678289  0.000000 0.000000 0
0  -0.320000 -11.134224 2.762400  -0.705399 0.205757 -0.678289  0.000000 0.000000 0
gold_player
0  0.000000 -11.256682 3.058042  -0.705399 -0.334132 0.625115  0.000000 0.000000 0
0  -0.320000 -11.651157 2.486094  -0.705399 -0.334132 0.625115  0.000000 0.000000 0
0  0.000000 -11.828939 2.752164  -0.705399 -0.334132 0.625115  0.000000 0.000000 0
gold_player
0  -0.320000 -11.134224 2.762400  -0.705399 0.334131 -0.625116  0.000000 0.000000 0
0  0.000000 -11.473374 2.220024  -0.705399 0.334131 -0.625116  0.000000 0.000000 0
0  -0.320000 -11.651157 2.486094  -0.705399 0.334131 -0.625116  0.000000 0.000000 0
gold_player
0  0.000000 -11.828939 2.752164  -0.705399 -0.449665 0.547917  0.000000 0.000000 0
0  -0.320000 -12.104250 2.114250  -0.705399 -0.449665 0.547917  0.000000 0.000000 0
0  0.000000 -12.330524 2.340524  -0.705399 -0.449665 0.547917  0.000000 0.000000 0
gold_player
0  -0.320000 -11.651157 2.486094  -0.705398 0.449665 -0.547919  0.000000 0.000000 0
0  0.000000 -11.877976 1.887975  -0.705398 0.449665 -0.547919  0.000000 0.000000 0
0  -0.320000 -12.104250 2.114250  -0.705398 0.449665 -0.547919  0.000000 0.000000 0
gold_player
0  0.000000 -12.330524 2.340524  -0.705399 -0.547918 0.449664  0.000000 0.000000 0
0  -0.320000 -12.476094 1.661157  -0.705399 -0.547918 0.449664  0.000000 0.000000 0
0  0.000000 -12.742165 1.838939  -0.705399 -0.547918 0.449664  0.000000 0.000000 0
gold_player
0  -0.320000 -12.104250 2.114250  -0.705399 0.547918 -0.449665  0.000000 0.000000 0
0  0.000000 -12.210024 1.483374  -0.705399 0.547918 -0.449665  0.000000 0.000000 0
0  -0.320000 -12.476094 1.661157  -0.705399 0.547918 -0.449665  0.000000 0.000000 0
gold_player
0  0.000000 -12.742165 1.838939  -0.705398 -0.625116 0.334130  0.000000 0.000000 0
0  -0.320000 -12.752401 1.144224  -0.705398 -0.625116 0.334130  0.000000 0.000000 0
0  0.000000 -13.048042 1.266682  -0.705398 -0.625116 0.334130  0.000000 0.000000 0
gold_player
0  -0.320000 -12.476094 1.661157  -0.705399 0.625115 -0.334129  0.000000 0.000000 0
0  0.000000 -12.456759 1.021765  -0.705399 0.625115 -0.334129  0.000000 0.000000 0
0  -0.320000 -12.752401 1.144224  -0.705399 0.625115 -0.334129  0.000000 0.000000 0
gold_player
0  0.000000 -13.048042 1.266682  -0.705398 -0.678290 0.205759  0.000000 0.000000 0
0  -0.320000 -12.922549 0.583321  -0.705398 -0.678290 0.205759  0.000000 0.000000 0
0  0.000000 -13.236401 0.645750  -0.705398 -0.678290 0.205759  0.000000 0.000000 0
gold_player
0  -0.320000 -12.752401 1.144224  -0.705399 0.678290 -0.205753  0.000000 0.000000 0
0  0.000000 -12.608698 0.520892  -0.705399 0.678290 -0.205753  0.000000 0.000000 0
0  -0.320000 -12.922549 0.583321  -0.705399 0.678290 -0.205753  0.000000 0.000000 0
gold_player
0  0.000000 -13.236401 0.645750  -0.705398 -0.705398 0.069476  0.000000 0.000000 0
0  -0.320000 -12.980001 -0.000000  -0.705398 -0.705398 0.069476  0.000000 0.000000 0
0  0.000000 -13.300001 -0.000000  -0.705398 -0.705398 0.069476  0.000000 0.000000 0
gold_player
0  -0.320000 -12.922549 0.583321  -0.705398 0.705398 -0.069477  0.000000 0.000000 0
0  0.000000 -12.660002 -0.000000  -0.705398 0.705398 -0.069477  0.000000 0.000000 0
0  -0.320000 -12.980001 -0.000000  -0.705398 0.705398 -0.069477  0.000000 0.000000 0
gold_player
0  0.000000 -13.300001 -0.000000  -0.705397 -0.705399 -0.069476  0.000000 0.000000 0
0  -0.320000 -12.922550 -0.583319  -0.705397 -0.705399 -0.069476  0.000000 0.000000 0
0  0.000000 -13.236401 -0.645748  -0.705397 -0.705399 -0.069476  0.000000 0.000000 0
gold_player
0  -0.320000 -12.980001 -0.000000  -0.705399 0.705397 0.069477  0.000000 0.000000 0
0  0.000000 -12.608698 -0.520890  -0.705399 0.705397 0.069477  0.000000 0.000000 0
0  -0.320000 -12.922550 -0.583319  -0.705399 0.705397 0.069477  0.000000 0.000000 0
gold_player
0  0.000000 -13.236401 -0.645748  -0.705398 -0.678291 -0.205755  0.000000 0.000000 0
0  -0.320000 -12.752401 -1.144224  -0.705398 -0.678291 -0.205755  0.000000 0.000000 0
0  0.000000 -13.048042 -1.266683  -0.705398 -0.678291 -0.205755  0.000000 0.000000 0
gold_player
0  -0.320000 -12.922550 -0.583319  -0.705398 0.678289 0.205762  0.000000 0.000000 0
0  0.000000 -12.456759 -1.021765  -0.705398 0.678289 0.205762  0.000000 0.000000 0
0  -0.320000 -12.752401 -1.144224  -0.705398 0.678289 0.205762  0.000000 0.000000 0
gold_player
0  0.000000 -13.048042 -1.266683  -0.705398 -0.625116 -0.334131  0.000000 0.000000 0
0  -0.320000 -12.476096 -1.661155  -0.705398 -0.625116 -0.334131  0.000000 0.000000 0
0  0.000000 -12.742167 -1.838937  -0.705398 -0.625116 -0.334131  0.000000 0.000000 0
gold_player
0  -0.320000 -12.752401 -1.144224  -0.705398 0.625116 0.334131  0.000000 0.000000 0
0  0.000000 -12.210026 -1.483372  -0.705398 0.625116 0.334131  0.000000 0.000000 0
0  -0.320000 -12.476096 -1.661155  -0.705398 0.625116 0.334131  0.000000 0.000000 0
gold_player
0  0.000000 -12.742167 -1.838937  -0.705398 -0.547919 -0.449665  0.000000 0.000000 0
0  -0.320000 -12.104252 -2.114248  -0.705398 -0.547919 -0.449665  0.000000 0.000000 0
0  0.000000 -12.330526 -2.340522  -0.705398 -0.547919 -0.449665  0.000000 0.000000 0
gold_player
0  -0.320000 -12.476096 -1.661155  -0.705399 0.547918 0.449664  0.000000 0.000000 0
0  0.000000 -11.877977 -1.887974  -0.705399 0.547918 0.449664  0.000000 0.000000 0
0  -0.320000 -12.104252 -2.114248  -0.705399 0.547918 0.449664  0.000000 0.000000 0
gold_player
0  0.000000 -12.330526 -2.340522  -0.705398 -0.449665 -0.547919  0.000000 0.000000 0
0  -0.320000 -11.651156 -2.486094  -0.705398 -0.449665 -0.547919  0.000000 0.000000 0
0  0.000000 -11.828939 -2.752164  -0.705398 -0.449665 -0.547919  0.000000 0.000000 0
gold_player
0  -0.320000 -12.104252 -2.114248  -0.705398 0.449665 0.547918  0.000000 0.000000 0
0  0.000000 -11.473374 -2.220024  -0.705398 0.449665 0.547918  0.000000 0.000000 0
0  -0.320000 -11.651156 -2.486094  -0.705398 0.449665 0.547918  0.000000 0.000000 0
gold_player
0  0.000000 -11.828939 -2.752164  -0.705398 -0.334132 -0.625116  0.000000 0.000000 0
0  -0.320000 -11.134226 -2.762399  -0.705398 -0.334132 -0.625116  0.000000 0.000000 0
0  0.000000 -11.256685 -3.058040  -0.705398 -0.334132 -0.625116  0.000000 0.000000 0
gold_player
0  -0.320000 -11.651156 -2.486094  -0.705398 0.334131 0.625117  0.000000 0.000000 0
0  0.000000 -11.011767 -2.466758  -0.705398 0.334131 0.625117  0.000000 0.000000 0
0  -0.320000 -11.134226 -2.762399  -0.705398 0.334131 0.625117  0.000000 0.000000 0
gold_player
0  0.000000 -11.256685 -3.058040  -0.705399 -0.205758 -0.678289  0.000000 0.000000 0
0  -0.320000 -10.573321 -2.932548  -0.705399 -0.205758 -0.678289  0.000000 0.000000 0
0  0.000000 -10.635750 -3.246399  -0.705399 -0.205758 -0.678289  0.000000 0.000000 0
gold_player
0  -0.320000 -11.134226 -2.762399  -0.705397 0.205757 0.678291  0.000000 0.000000 0
0  0.000000 -10.510893 -2.618697  -0.705397 0.205757 0.678291  0.000000 0.000000 0
0  -0.320000 -10.573321 -2.932548  -0.705397 0.205757 0.678291  0.000000 0.000000 0
gold_player
0  0.000000 -10.635750 -3.246399  -0.705397 -0.069476 -0.705399  0.000000 0.000000 0
0  -0.320000 -9.990002 -2.990000  -0.705397 -0.069476 -0.705399  0.000000 0.000000 0
0  0.000000 -9.990002 -3.310000  -0.705397 -0.069476 -0.705399  0.000000 0.000000 0
gold_player
0  -0.320000 -10.573321 -2.932548  -0.705397 0.069476 0.705399  0.000000 0.000000 0
0  0.000000 -9.990002 -2.670000  -0.705397 0.069476 0.705399  0.000000 0.000000 0
0  -0.320000 -9.990002 -2.990000  -0.705397 0.069476 0.705399  0.000000 0.000000 0
painted_wood_01
0  0.717787 3.355001 -0.717788  0.772871 -0.018951 -0.634280  0.297978 0.539823 0
0  0.844029 3.355001 -0.563962  0.772871 -0.018951 -0.634280  0.297978 0.539823 0
0  0.749008 -2.645002 -0.500475  0.772871 -0.018951 -0.634280  0.297978 0.539823 0
gold_player
0  0.000000 9.625002 1.170000  0.097988 -0.024578 0.994884  0.000000 0.000000 0
0  0.000000 3.355001 1.015105  0.097988 -0.024578 0.994884  0.000000 0.000000 0
0  0.198037 3.355001 0.995600  0.097988 -0.024578 0.994884  0.000000 0.000000 0
gold_player
0  0.228256 9.625002 1.147519  0.290197 -0.024578 0.956651  0.000000 0.000000 0
0  0.198037 3.355001 0.995600  0.290197 -0.024578 0.956651  0.000000 0.000000 0
0  0.388464 3.355001 0.937835  0.290197 -0.024578 0.956651  0.000000 0.000000 0
painted_wood_01
0  0.636979 -2.645002 0.636982  0.629442 0.124693 0.766977  0.297978 0.539823 0
0  0.500471 -2.645002 0.749012  0.629442 0.124693 0.766977  0.297978 0.539823 0
0  0.781099 -6.644995 1.169013  0.629442 0.124693 0.766977  0.297978 0.539823 0
gold_player
0  0.447739 9.625002 1.080939  0.471254 -0.024578 0.881655  0.000000 0.000000 0
0  0.388464 3.355001 0.937835  0.471254 -0.024578 0.881655  0.000000 0.000000 0
0  0.563962 3.355001 0.844029  0.471254 -0.024578 0.881655  0.000000 0.000000 0
painted_wood_01
0  0.995600 3.355001 -0.198037  0.995006 -0.018952 -0.098003  0.297978 0.539823 0
0  1.015106 3.355001 0.000000  0.995006 -0.018952 -0.098003  0.297978 0.539823 0
0  0.900825 -2.645002 0.000000  0.995006 -0.018952 -0.098003  0.297978 0.539823 0
gold_player
0  0.650017 9.625002 0.972820  0.634202 -0.024578 0.772777  0.000000 0.000000 0
0  0.563962 3.355001 0.844029  0.634202 -0.024578 0.772777  0.000000 0.000000 0
0  0.717787 3.355001 0.717788  0.634202 -0.024578 0.772777  0.000000 0.000000 0
gold_player
0  0.175742 -2.645002 -0.883519  0.288020 0.124693 -0.949472  0.000000 0.000000 0
0  0.344730 -2.645002 -0.832257  0.288020 0.124693 -0.949472  0.000000 0.000000 0
0  0.538031 -6.644995 -1.298936  0.288020 0.124693 -0.949472  0.000000 0.000000 0
gold_player
0  0.827315 9.625002 0.827315  0.772776 -0.024578 0.634203  0.000000 0.000000 0
0  0.717787 3.355001 0.717788  0.772776 -0.024578 0.634203  0.000000 0.000000 0
0  0.844029 3.355001 0.563962  0.772776 -0.024578 0.634203  0.000000 0.000000 0
gold_player
0  0.883515 -2.645002 0.175745  0.949472 0.124692 0.288021  0.000000 0.000000 0
0  0.832253 -2.645002 0.344734  0.949472 0.124692 0.288021  0.000000 0.000000 0
0  1.298921 -6.644995 0.538046  0.949472 0.124692 0.288021  0.000000 0.000000 0
gold_player
0  0.972819 9.625002 0.650017  0.881655 -0.024578 0.471254  0.000000 0.000000 0
0  0.844029 3.355001 0.563962  0.881655 -0.024578 0.471254  0.000000 0.000000 0
0  0.937835 3.355001 0.388464  0.881655 -0.024578 0.471254  0.000000 0.000000 0
painted_wood_01
0  0.198037 3.355001 0.995600  0.097999 -0.018951 0.995006  0.297978 0.539823 0
0  0.000000 3.355001 1.015105  0.097999 -0.018951 0.995006  0.297978 0.539823 0
0  0.000000 -2.645002 0.900828  0.097999 -0.018951 0.995006  0.297978 0.539823 0
gold_player
0  1.080939 9.625002 0.447740  0.956652 -0.024578 0.290196  0.000000 0.000000 0
0  0.937835 3.355001 0.388464  0.956652 -0.024578 0.290196  0.000000 0.000000 0
0  0.995600 3.355001 0.198037  0.956652 -0.024578 0.290196  0.000000 0.000000 0
painted_wood_01
0  0.937835 3.355001 0.388464  0.881763 -0.018951 0.471312  0.297978 0.539823 0
0  0.844029 3.355001 0.563962  0.881763 -0.018951 0.471312  0.297978 0.539823 0
0  0.749008 -2.645002 0.500475  0.881763 -0.018951 0.471312  0.297978 0.539823 0
gold_player
0  1.147519 9.625002 0.228256  0.994884 -0.024578 0.097991  0.000000 0.000000 0
0  0.995600 3.355001 0.198037  0.994884 -0.024578 0.097991  0.000000 0.000000 0
0  1.015106 3.355001 0.000000  0.994884 -0.024578 0.097991  0.000000 0.000000 0
painted_wood_01
0  0.388464 3.355001 -0.937835  0.471313 -0.018951 -0.881763  0.297978 0.539823 0
0  0.563962 3.355001 -0.844029  0.471313 -0.018951 -0.881763  0.297978 0.539823 0
0  0.500471 -2.645002 -0.749012  0.471313 -0.018951 -0.881763  0.297978 0.539823 0
gold_player
0  1.170000 9.625002 0.000000  0.994884 -0.024578 -0.097991  0.000000 0.000000 0
0  1.015106 3.355001 0.000000  0.994884 -0.024578 -0.097991  0.000000 0.000000 0
0  0.995600 3.355001 -0.198037  0.994884 -0.024578 -0.097991  0.000000 0.000000 0
gold_player
0  1.147519 9.625002 -0.228256  0.956652 -0.024578 -0.290196  0.000000 0.000000 0
0  0.995600 3.355001 -0.198037  0.956652 -0.024578 -0.290196  0.000000 0.000000 0
0  0.937835 3.355001 -0.388464  0.956652 -0.024578 -0.290196  0.000000 0.000000 0
gold_player
0  0.832253 -2.645002 -0.344734  0.949472 0.124692 -0.288021  0.000000 0.000000 0
0  0.883515 -2.645002 -0.175745  0.949472 0.124692 -0.288021  0.000000 0.000000 0
0  1.378928 -6.644995 -0.274301  0.949472 0.124692 -0.288021  0.000000 0.000000 0
gold_player
0  1.080939 9.625002 -0.447740  0.881655 -0.024578 -0.471254  0.000000 0.000000 0
0  0.937835 3.355001 -0.388464  0.881655 -0.024578 -0.471254  0.000000 0.000000 0
0  0.844029 3.355001 -0.563962  0.881655 -0.024578 -0.471254  0.000000 0.000000 0
gold_player
0  0.344730 -2.645002 0.832257  0.288020 0.124693 0.949471  0.000000 0.000000 0
0  0.175742 -2.645002 0.883519  0.288020 0.124693 0.949471  0.000000 0.000000 0
0  0.274286 -6.644995 1.378942  0.288020 0.124693 0.949471  0.000000 0.000000 0
painted_wood_01
0  0.563962 3.355001 0.844029  0.471313 -0.018951 0.881763  0.297978 0.539823 0
0  0.388464 3.355001 0.937835  0.471313 -0.018951 0.881763  0.297978 0.539823 0
0  0.344730 -2.645002 0.832257  0.471313 -0.018951 0.881763  0.297978 0.539823 0
gold_player
0  0.972819 9.625002 -0.650017  0.772776 -0.024578 -0.634203  0.000000 0.000000 0
0  0.844029 3.355001 -0.563962  0.772776 -0.024578 -0.634203  0.000000 0.000000 0
0  0.717787 3.355001 -0.717788  0.772776 -0.024578 -0.634203  0.000000 0.000000 0
painted_wood_01
0  0.844029 3.355001 -0.563962  0.881763 -0.018951 -0.471312  0.297978 0.539823 0
0  0.937835 3.355001 -0.388464  0.881763 -0.018951 -0.471312  0.297978 0.539823 0
0  0.832253 -2.645002 -0.344734  0.881763 -0.018951 -0.471312  0.297978 0.539823 0
gold_player
0  0.827315 9.625002 -0.827315  0.634202 -0.024578 -0.772777  0.000000 0.000000 0
0  0.717787 3.355001 -0.717788  0.634202 -0.024578 -0.772777  0.000000 0.000000 0
0  0.563962 3.355001 -0.844029  0.634202 -0.024578 -0.772777  0.000000 0.000000 0
gold_player
0  0.650017 9.625002 -0.972820  0.471254 -0.024578 -0.881655  0.000000 0.000000 0
0  0.563962 3.355001 -0.844029  0.471254 -0.024578 -0.881655  0.000000 0.000000 0
0  0.388464 3.355001 -0.937835  0.471254 -0.024578 -0.881655  0.000000 0.000000 0
painted_wood_01
0  0.500471 -2.645002 -0.749012  0.629442 0.124693 -0.766977  0.297978 0.539823 0
0  0.636979 -2.645002 -0.636982  0.629442 0.124693 -0.766977  0.297978 0.539823 0
0  0.994151 -6.644995 -0.994166  0.629442 0.124693 -0.766977  0.297978 0.539823 0
gold_player
0  0.447739 9.625002 -1.080939  0.290197 -0.024578 -0.956651  0.000000 0.000000 0
0  0.388464 3.355001 -0.937835  0.290197 -0.024578 -0.956651  0.000000 0.000000 0
0  0.198037 3.355001 -0.995600  0.290197 -0.024578 -0.956651  0.000000 0.000000 0
painted_wood_01
0  0.749008 -2.645002 0.500475  0.766977 0.124693 0.629442  0.297978 0.539823 0
0  0.636979 -2.645002 0.636982  0.766977 0.124693 0.629442  0.297978 0.539823 0
0  0.994151 -6.644995 0.994166  0.766977 0.124693 0.629442  0.297978 0.539823 0
painted_wood_01
0  1.015106 3.355001 0.000000  0.995006 -0.018952 0.098003  0.297978 0.539823 0
0  0.995600 3.355001 0.198037  0.995006 -0.018952 0.098003  0.297978 0.539823 0
0  0.883515 -2.645002 0.175745  0.995006 -0.018952 0.098003  0.297978 0.539823 0
gold_player
0  0.228256 9.625002 -1.147519  0.097987 -0.024578 -0.994884  0.000000 0.000000 0
0  0.198037 3.355001 -0.995600  0.097987 -0.024578 -0.994884  0.000000 0.000000 0
0  0.000000 3.355001 -1.015105  0.097987 -0.024578 -0.994884  0.000000 0.000000 0
painted_wood_01
0  0.000000 3.355001 -1.015105  0.097999 -0.018951 -0.995006  0.297978 0.539823 0
0  0.198037 3.355001 -0.995600  0.097999 -0.018951 -0.995006  0.297978 0.539823 0
0  0.175742 -2.645002 -0.883519  0.097999 -0.018951 -0.995006  0.297978 0.539823 0
painted_wood_01
0  0.000000 -2.645002 -0.900828  0.097253 0.124694 -0.987417  0.297978 0.539823 0
0  0.175742 -2.645002 -0.883519  0.097253 0.124694 -0.987417  0.297978 0.539823 0
0  0.274286 -6.644995 -1.378942  0.097253 0.124694 -0.987417  0.297978 0.539823 0
painted_wood_01
0  0.900825 -2.645002 0.000000  0.987418 0.124691 0.097251  0.297978 0.539823 0
0  0.883515 -2.645002 0.175745  0.987418 0.124691 0.097251  0.297978 0.539823 0
0  1.378928 -6.644995 0.274301  0.987418 0.124691 0.097251  0.297978 0.539823 0
painted_wood_01
0  0.844029 3.355001 0.563962  0.772871 -0.018951 0.634280  0.297978 0.539823 0
0  0.717787 3.355001 0.717788  0.772871 -0.018951 0.634280  0.297978 0.539823 0
0  0.636979 -2.645002 0.636982  0.772871 -0.018951 0.634280  0.297978 0.539823 0
painted_wood_01
0  0.563962 3.355001 -0.844029  0.634279 -0.018951 -0.772872  0.297978 0.539823 0
0  0.717787 3.355001 -0.717788  0.634279 -0.018951 -0.772872  0.297978 0.539823 0
0  0.636979 -2.645002 -0.636982  0.634279 -0.018951 -0.772872  0.297978 0.539823 0
painted_wood_01
0  0.749008 -2.645002 -0.500475  0.875039 0.124692 -0.467716  0.297978 0.539823 0
0  0.832253 -2.645002 -0.344734  0.875039 0.124692 -0.467716  0.297978 0.539823 0
0  1.298921 -6.644995 -0.538046  0.875039 0.124692 -0.467716  0.297978 0.539823 0
painted_wood_01
0  0.500471 -2.645002 0.749012  0.467717 0.124693 0.875039  0.297978 0.539823 0
0  0.344730 -2.645002 0.832257  0.467717 0.124693 0.875039  0.297978 0.539823 0
0  0.538031 -6.644995 1.298936  0.467717 0.124693 0.875039  0.297978 0.539823 0
gold_player
0  0.388464 3.355001 0.937835  0.290234 -0.018951 0.956768  0.000000 0.000000 0
0  0.198037 3.355001 0.995600  0.290234 -0.018951 0.956768  0.000000 0.000000 0
0  0.175742 -2.645002 0.883519  0.290234 -0.018951 0.956768  0.000000 0.000000 0
gold_player
0  0.937835 3.355001 -0.388464  0.956769 -0.018951 -0.290231  0.000000 0.000000 0
0  0.995600 3.355001 -0.198037  0.956769 -0.018951 -0.290231  0.000000 0.000000 0
0  0.883515 -2.645002 -0.175745  0.956769 -0.018951 -0.290231  0.000000 0.000000 0
painted_wood_01
0  0.344730 -2.645002 -0.832257  0.467718 0.124693 -0.875038  0.297978 0.539823 0
0  0.500471 -2.645002 -0.749012  0.467718 0.124693 -0.875038  0.297978 0.539823 0
0  0.781099 -6.644995 -1.169013  0.467718 0.124693 -0.875038  0.297978 0.539823 0
painted_wood_01
0  0.832253 -2.645002 0.344734  0.875039 0.124692 0.467716  0.297978 0.539823 0
0  0.749008 -2.645002 0.500475  0.875039 0.124692 0.467716  0.297978 0.539823 0
0  1.168998 -6.644995 0.781114  0.875039 0.124692 0.467716  0.297978 0.539823 0
gold_player
0  0.995600 3.355001 0.198037  0.956769 -0.018952 0.290231  0.000000 0.000000 0
0  0.937835 3.355001 0.388464  0.956769 -0.018952 0.290231  0.000000 0.000000 0
0  0.832253 -2.645002 0.344734  0.956769 -0.018952 0.290231  0.000000 0.000000 0
gold_player
0  0.198037 3.355001 -0.995600  0.290233 -0.018951 -0.956768  0.000000 0.000000 0
0  0.388464 3.355001 -0.937835  0.290233 -0.018951 -0.956768  0.000000 0.000000 0
0  0.344730 -2.645002 -0.832257  0.290233 -0.018951 -0.956768  0.000000 0.000000 0
painted_wood_01
0  0.883515 -2.645002 -0.175745  0.987418 0.124691 -0.097251  0.297978 0.539823 0
0  0.900825 -2.645002 0.000000  0.987418 0.124691 -0.097251  0.297978 0.539823 0
0  1.405942 -6.644995 0.000000  0.987418 0.124691 -0.097251  0.297978 0.539823 0
painted_wood_01
0  0.636979 -2.645002 -0.636982  0.766977 0.124692 -0.629442  0.297978 0.539823 0
0  0.749008 -2.645002 -0.500475  0.766977 0.124692 -0.629442  0.297978 0.539823 0
0  1.168998 -6.644995 -0.781114  0.766977 0.124692 -0.629442  0.297978 0.539823 0
painted_wood_01
0  0.717787 3.355001 0.717788  0.634279 -0.018951 0.772872  0.297978 0.539823 0
0  0.563962 3.355001 0.844029  0.634279 -0.018951 0.772872  0.297978 0.539823 0
0  0.500471 -2.645002 0.749012  0.634279 -0.018951 0.772872  0.297978 0.539823 0
painted_wood_01
0  0.175742 -2.645002 0.883519  0.097253 0.124694 0.987418  0.297978 0.539823 0
0  0.000000 -2.645002 0.900828  0.097253 0.124694 0.987418  0.297978 0.539823 0
0  0.000000 -6.644995 1.405957  0.097253 0.124694 0.987418  0.297978 0.539823 0
gold_player
0  1.147519 14.625002 -0.228256  0.956940 0.000000 -0.290285  0.000000 0.000000 0
0  1.080939 14.625002 -0.447740  0.956940 0.000000 -0.290285  0.000000 0.000000 0
0  1.080939 16.625002 -0.447740  0.956940 0.000000 -0.290285  0.000000 0.000000 0
gold_player
0  0.447739 14.625002 1.080939  0.471397 0.000000 0.881921  0.000000 0.000000 0
0  0.650017 14.625002 0.972820  0.471397 0.000000 0.881921  0.000000 0.000000 0
0  0.650017 16.625002 0.972820  0.471397 0.000000 0.881921  0.000000 0.000000 0
gold_player
0  1.170000 14.625002 0.000000  0.995185 0.000000 -0.098018  0.000000 0.000000 0
0  1.147519 14.625002 -0.228256  0.995185 0.000000 -0.098018  0.000000 0.000000 0
0  1.147519 16.625002 -0.228256  0.995185 0.000000 -0.098018  0.000000 0.000000 0
gold_player
0  0.827315 14.625002 0.827315  0.773011 0.000000 0.634393  0.000000 0.000000 0
0  0.972819 14.625002 0.650017  0.773011 0.000000 0.634393  0.000000 0.000000 0
0  0.972819 16.625002 0.650017  0.773011 0.000000 0.634393  0.000000 0.000000 0
gold_player
0  0.972819 14.625002 -0.650017  0.773011 0.000000 -0.634393  0.000000 0.000000 0
0  0.827315 14.625002 -0.827315  0.773011 0.000000 -0.634393  0.000000 0.000000 0
0  0.827315 16.625002 -0.827315  0.773011 0.000000 -0.634393  0.000000 0.000000 0
gold_player
0  1.207593 12.019003 -0.806888  0.773010 0.000000 -0.634394  0.000000 0.000000 0
0  1.026974 12.019003 -1.026974  0.773010 0.000000 -0.634394  0.000000 0.000000 0
0  1.026974 14.231001 -1.026974  0.773010 0.000000 -0.634394  0.000000 0.000000 0
gold_player
0  1.341806 12.019003 0.555794  0.956941 0.000000 0.290284  0.000000 0.000000 0
0  1.424453 12.019003 0.283341  0.956941 0.000000 0.290284  0.000000 0.000000 0
0  1.424453 14.231001 0.283341  0.956941 0.000000 0.290284  0.000000 0.000000 0
gold_player
0  0.806888 12.019003 1.207593  0.634393 0.000000 0.773011  0.000000 0.000000 0
0  1.026974 12.019003 1.026974  0.634393 0.000000 0.773011  0.000000 0.000000 0
0  1.026974 14.231001 1.026974  0.634393 0.000000 0.773011  0.000000 0.000000 0
gold_player
0  1.424453 12.019003 0.283341  0.995185 0.000000 0.098018  0.000000 0.000000 0
0  1.452360 12.019003 0.000000  0.995185 0.000000 0.098018  0.000000 0.000000 0
0  1.452360 14.231001 0.000000  0.995185 0.000000 0.098018  0.000000 0.000000 0
gold_player
0  0.228256 14.625002 1.147519  0.290285 0.000000 0.956940  0.000000 0.000000 0
0  0.447739 14.625002 1.080939  0.290285 0.000000 0.956940  0.000000 0.000000 0
0  0.447739 16.625002 1.080939  0.290285 0.000000 0.956940  0.000000 0.000000 0
gold_player
0  1.080939 14.625002 0.447740  0.956940 0.000000 0.290285  0.000000 0.000000 0
0  1.147519 14.625002 0.228256  0.956940 0.000000 0.290285  0.000000 0.000000 0
0  1.147519 16.625002 0.228256  0.956940 0.000000 0.290285  0.000000 0.000000 0
gold_player
0  0.650017 14.625002 0.972820  0.634393 0.000000 0.773010  0.000000 0.000000 0
0  0.827315 14.625002 0.827315  0.634393 0.000000 0.773010  0.000000 0.000000 0
0  0.827315 16.625002 0.827315  0.634393 0.000000 0.773010  0.000000 0.000000 0
gold_player
0  0.000000 14.625002 1.170000  0.098017 0.000000 0.995185  0.000000 0.000000 0
0  0.228256 14.625002 1.147519  0.098017 0.000000 0.995185  0.000000 0.000000 0
0  0.228256 16.625002 1.147519  0.098017 0.000000 0.995185  0.000000 0.000000 0
gold_player
0  0.228256 14.625002 -1.147519  0.098017 0.000000 -0.995185  0.000000 0.000000 0
0  0.000000 14.625002 -1.170000  0.098017 0.000000 -0.995185  0.000000 0.000000 0
0  0.000000 16.625002 -1.170000  0.098017 0.000000 -0.995185  0.000000 0.000000 0
gold_player
0  0.972819 14.625002 0.650017  0.881921 0.000000 0.471397  0.000000 0.000000 0
0  1.080939 14.625002 0.447740  0.881921 0.000000 0.471397  0.000000 0.000000 0
0  1.080939 16.625002 0.447740  0.881921 0.000000 0.471397  0.000000 0.000000 0
gold_player
0  1.026974 12.019003 1.026974  0.773010 0.000000 0.634394  0.000000 0.000000 0
0  1.207593 12.019003 0.806888  0.773010 0.000000 0.634394  0.000000 0.000000 0
0  1.207593 14.231001 0.806888  0.773010 0.000000 0.634394  0.000000 0.000000 0
gold_player
0  0.228256 11.625002 -1.147519  0.098017 0.000000 -0.995185  0.000000 0.000000 0
0  0.000000 11.625002 -1.170000  0.098017 0.000000 -0.995185  0.000000 0.000000 0
0  0.000000 14.625002 -1.170000  0.098017 0.000000 -0.995185  0.000000 0.000000 0
gold_player
0  0.000000 11.625002 1.170000  0.098017 0.000000 0.995185  0.000000 0.000000 0
0  0.228256 11.625002 1.147519  0.098017 0.000000 0.995185  0.000000 0.000000 0
0  0.228256 14.625002 1.147519  0.098017 0.000000 0.995185  0.000000 0.000000 0
gold_player
0  1.026974 12.019003 -1.026974  0.634393 0.000000 -0.773011  0.000000 0.000000 0
0  0.806888 12.019003 -1.207593  0.634393 0.000000 -0.773011  0.000000 0.000000 0
0  0.806888 14.231001 -1.207593  0.634393 0.000000 -0.773011  0.000000 0.000000 0
gold_player
0  1.080939 14.625002 -0.447740  0.881921 0.000000 -0.471397  0.000000 0.000000 0
0  0.972819 14.625002 -0.650017  0.881921 0.000000 -0.471397  0.000000 0.000000 0
0  0.972819 16.625002 -0.650017  0.881921 0.000000 -0.471397  0.000000 0.000000 0
gold_player
0  0.447739 14.625002 -1.080939  0.290285 0.000000 -0.956940  0.000000 0.000000 0
0  0.228256 14.625002 -1.147519  0.290285 0.000000 -0.956940  0.000000 0.000000 0
0  0.228256 16.625002 -1.147519  0.290285 0.000000 -0.956940  0.000000 0.000000 0
gold_player
0  0.806888 12.019003 -1.207593  0.471397 0.000000 -0.881921  0.000000 0.000000 0
0  0.555794 12.019003 -1.341806  0.471397 0.000000 -0.881921  0.000000 0.000000 0
0  0.555794 14.231001 -1.341806  0.471397 0.000000 -0.881921  0.000000 0.000000 0
gold_player
0  1.207593 12.019003 0.806888  0.881921 0.000000 0.471397  0.000000 0.000000 0
0  1.341806 12.019003 0.555794  0.881921 0.000000 0.471397  0.000000 0.000000 0
0  1.341806 14.231001 0.555794  0.881921 0.000000 0.471397  0.000000 0.000000 0
gold_player
0  0.827315 14.625002 -0.827315  0.634393 0.000000 -0.773010  0.000000 0.000000 0
0  0.650017 14.625002 -0.972820  0.634393 0.000000 -0.773010  0.000000 0.000000 0
0  0.650017 16.625002 -0.972820  0.634393 0.000000 -0.773010  0.000000 0.000000 0
gold_player
0  0.555794 12.019003 1.341806  0.471397 0.000000 0.881921  0.000000 0.000000 0
0  0.806888 12.019003 1.207593  0.471397 0.000000 0.881921  0.000000 0.000000 0
0  0.806888 14.231001 1.207593  0.471397 0.000000 0.881921  0.000000 0.000000 0
gold_player
0  1.341806 12.019003 -0.555794  0.881921 0.000000 -0.471397  0.000000 0.000000 0
0  1.207593 12.019003 -0.806888  0.881921 0.000000 -0.471397  0.000000 0.000000 0
0  1.207593 14.231001 -0.806888  0.881921 0.000000 -0.471397  0.000000 0.000000 0
gold_player
0  1.147519 14.625002 0.228256  0.995185 0.000000 0.098018  0.000000 0.000000 0
0  1.170000 14.625002 0.000000  0.995185 0.000000 0.098018  0.000000 0.000000 0
0  1.170000 16.625002 0.000000  0.995185 0.000000 0.098018  0.000000 0.000000 0
gold_player
0  0.650017 14.625002 -0.972820  0.471396 0.000000 -0.881922  0.000000 0.000000 0
0  0.447739 14.625002 -1.080939  0.471396 0.000000 -0.881922  0.000000 0.000000 0
0  0.447739 16.625002 -1.080939  0.471396 0.000000 -0.881922  0.000000 0.000000 0
gold_player
0  1.452360 12.019003 0.000000  0.995185 0.000000 -0.098018  0.000000 0.000000 0
0  1.424453 12.019003 -0.283341  0.995185 0.000000 -0.098018  0.000000 0.000000 0
0  1.424453 14.231001 -0.283341  0.995185 0.000000 -0.098018  0.000000 0.000000 0
gold_player
0  1.424453 12.019003 -0.283341  0.956941 0.000000 -0.290284  0.000000 0.000000 0
0  1.341806 12.019003 -0.555794  0.956941 0.000000 -0.290284  0.000000 0.000000 0
0  1.341806 14.231001 -0.555794  0.956941 0.000000 -0.290284  0.000000 0.000000 0
gold_player
0  1.170000 9.625002 0.000000  0.995185 0.000000 -0.098018  0.000000 0.000000 0
0  1.147519 9.625002 -0.228256  0.995185 0.000000 -0.098018  0.000000 0.000000 0
0  1.147519 11.625002 -0.228256  0.995185 0.000000 -0.098018  0.000000 0.000000 0
gold_player
0  0.972819 9.625002 0.650017  0.881921 0.000000 0.471397  0.000000 0.000000 0
0  1.080939 9.625002 0.447740  0.881921 0.000000 0.471397  0.000000 0.000000 0
0  1.080939 11.625002 0.447740  0.881921 0.000000 0.471397  0.000000 0.000000 0
gold_player
0  0.447739 9.625002 1.080939  0.471397 0.000000 0.881921  0.000000 0.000000 0
0  0.650017 9.625002 0.972820  0.471397 0.000000 0.881921  0.000000 0.000000 0
0  0.650017 11.625002 0.972820  0.471397 0.000000 0.881921  0.000000 0.000000 0
gold_player
0  0.447739 9.625002 -1.080939  0.290285 0.000000 -0.956940  0.000000 0.000000 0
0  0.228256 9.625002 -1.147519  0.290285 0.000000 -0.956940  0.000000 0.000000 0
0  0.228256 11.625002 -1.147519  0.290285 0.000000 -0.956940  0.000000 0.000000 0
gold_player
0  0.972819 9.625002 -0.650017  0.773011 0.000000 -0.634393  0.000000 0.000000 0
0  0.827315 9.625002 -0.827315  0.773011 0.000000 -0.634393  0.000000 0.000000 0
0  0.827315 11.625002 -0.827315  0.773011 0.000000 -0.634393  0.000000 0.000000 0
gold_player
0  1.147519 9.625002 -0.228256  0.956940 0.000000 -0.290285  0.000000 0.000000 0
0  1.080939 9.625002 -0.447740  0.956940 0.000000 -0.290285  0.000000 0.000000 0
0  1.080939 11.625002 -0.447740  0.956940 0.000000 -0.290285  0.000000 0.000000 0
gold_player
0  1.080939 9.625002 0.447740  0.956940 0.000000 0.290285  0.000000 0.000000 0
0  1.147519 9.625002 0.228256  0.956940 0.000000 0.290285  0.000000 0.000000 0
0  1.147519 11.625002 0.228256  0.956940 0.000000 0.290285  0.000000 0.000000 0
gold_player
0  0.650017 9.625002 0.972820  0.634393 0.000000 0.773010  0.000000 0.000000 0
0  0.827315 9.625002 0.827315  0.634393 0.000000 0.773010  0.000000 0.000000 0
0  0.827315 11.625002 0.827315  0.634393 0.000000 0.773010  0.000000 0.000000 0
gold_player
0  0.000000 9.625002 1.170000  0.098017 0.000000 0.995185  0.000000 0.000000 0
0  0.228256 9.625002 1.147519  0.098017 0.000000 0.995185  0.000000 0.000000 0
0  0.228256 11.625002 1.147519  0.098017 0.000000 0.995185  0.000000 0.000000 0
gold_player
0  0.228256 9.625002 -1.147519  0.098017 0.000000 -0.995185  0.000000 0.000000 0
0  0.000000 9.625002 -1.170000  0.098017 0.000000 -0.995185  0.000000 0.000000 0
0  0.000000 11.625002 -1.170000  0.098017 0.000000 -0.995185  0.000000 0.000000 0
gold_player
0  0.827315 9.625002 -0.827315  0.634393 0.000000 -0.773010  0.000000 0.000000 0
0  0.650017 9.625002 -0.972820  0.634393 0.000000 -0.773010  0.000000 0.000000 0
0  0.650017 11.625002 -0.972820  0.634393 0.000000 -0.773010  0.000000 0.000000 0
gold_player
0  1.147519 9.625002 0.228256  0.995185 0.000000 0.098018  0.000000 0.000000 0
0  1.170000 9.625002 0.000000  0.995185 0.000000 0.098018  0.000000 0.000000 0
0  1.170000 11.625002 0.000000  0.995185 0.000000 0.098018  0.000000 0.000000 0
gold_player
0  0.827315 9.625002 0.827315  0.773011 0.000000 0.634393  0.000000 0.000000 0
0  0.972819 9.625002 0.650017  0.773011 0.000000 0.634393  0.000000 0.000000 0
0  0.972819 11.625002 0.650017  0.773011 0.000000 0.634393  0.000000 0.000000 0
gold_player
0  0.228256 9.625002 1.147519  0.290285 0.000000 0.956940  0.000000 0.000000 0
0  0.447739 9.625002 1.080939  0.290285 0.000000 0.956940  0.000000 0.000000 0
0  0.447739 11.625002 1.080939  0.290285 0.000000 0.956940  0.000000 0.000000 0
gold_player
0  1.080939 9.625002 -0.447740  0.881921 0.000000 -0.471397  0.000000 0.000000 0
0  0.972819 9.625002 -0.650017  0.881921 0.000000 -0.471397  0.000000 0.000000 0
0  0.972819 11.625002 -0.650017  0.881921 0.000000 -0.471397  0.000000 0.000000 0
gold_player
0  0.650017 9.625002 -0.972820  0.471396 0.000000 -0.881921  0.000000 0.000000 0
0  0.447739 9.625002 -1.080939  0.471396 0.000000 -0.881921  0.000000 0.000000 0
0  0.447739 11.625002 -1.080939  0.471396 0.000000 -0.881921  0.000000 0.000000 0
gold_player
0  0.806888 14.231001 1.207593  0.516493 0.580652 0.629348  0.000000 0.000000 0
0  1.026974 14.231001 1.026974  0.516493 0.580652 0.629348  0.000000 0.000000 0
0  0.827315 14.625002 0.827315  0.516493 0.580652 0.629348  0.000000 0.000000 0
gold_player
0  1.424453 14.231001 0.283341  0.810233 0.580651 0.079798  0.000000 0.000000 0
0  1.452360 14.231001 0.000000  0.810233 0.580651 0.079798  0.000000 0.000000 0
0  1.170000 14.625002 0.000000  0.810233 0.580651 0.079798  0.000000 0.000000 0
gold_player
0  1.424453 14.231001 -0.283341  0.779095 0.580651 -0.236339  0.000000 0.000000 0
0  1.341806 14.231001 -0.555794  0.779095 0.580651 -0.236339  0.000000 0.000000 0
0  1.080939 14.625002 -0.447740  0.779095 0.580651 -0.236339  0.000000 0.000000 0
gold_player
0  0.806888 14.231001 -1.207593  0.383789 0.580651 -0.718019  0.000000 0.000000 0
0  0.555794 14.231001 -1.341806  0.383789 0.580651 -0.718019  0.000000 0.000000 0
0  0.447739 14.625002 -1.080939  0.383789 0.580651 -0.718019  0.000000 0.000000 0
gold_player
0  0.555794 14.231001 1.341806  0.383790 0.580652 0.718017  0.000000 0.000000 0
0  0.806888 14.231001 1.207593  0.383790 0.580652 0.718017  0.000000 0.000000 0
0  0.650017 14.625002 0.972820  0.383790 0.580652 0.718017  0.000000 0.000000 0
gold_player
0  1.341806 14.231001 0.555794  0.779096 0.580651 0.236336  0.000000 0.000000 0
0  1.424453 14.231001 0.283341  0.779096 0.580651 0.236336  0.000000 0.000000 0
0  1.147519 14.625002 0.228256  0.779096 0.580651 0.236336  0.000000 0.000000 0
gold_player
0  1.341806 14.231001 -0.555794  0.718019 0.580652 -0.383786  0.000000 0.000000 0
0  1.207593 14.231001 -0.806888  0.718019 0.580652 -0.383786  0.000000 0.000000 0
0  0.972819 14.625002 -0.650017  0.718019 0.580652 -0.383786  0.000000 0.000000 0
gold_player
0  1.207593 14.231001 -0.806888  0.629348 0.580650 -0.516495  0.000000 0.000000 0
0  1.026974 14.231001 -1.026974  0.629348 0.580650 -0.516495  0.000000 0.000000 0
0  0.827315 14.625002 -0.827315  0.629348 0.580650 -0.516495  0.000000 0.000000 0
gold_player
0  1.026974 14.231001 1.026974  0.629348 0.580651 0.516494  0.000000 0.000000 0
0  1.207593 14.231001 0.806888  0.629348 0.580651 0.516494  0.000000 0.000000 0
0  0.972819 14.625002 0.650017  0.629348 0.580651 0.516494  0.000000 0.000000 0
gold_player
0  1.026974 14.231001 -1.026974  0.516493 0.580651 -0.629348  0.000000 0.000000 0
0  0.806888 14.231001 -1.207593  0.516493 0.580651 -0.629348  0.000000 0.000000 0
0  0.650017 14.625002 -0.972820  0.516493 0.580651 -0.629348  0.000000 0.000000 0
gold_player
0  0.555794 14.231001 1.341806  -0.510171 0.000000 0.860073  0.000000 0.000000 0
0  0.228256 14.625002 1.147519  -0.510171 0.000000 0.860073  0.000000 0.000000 0
0  0.228256 11.625002 1.147519  -0.510171 0.000000 0.860073  0.000000 0.000000 0
gold_player
0  0.806888 12.019003 -1.207593  0.516493 -0.580652 -0.629348  0.000000 0.000000 0
0  1.026974 12.019003 -1.026974  0.516493 -0.580652 -0.629348  0.000000 0.000000 0
0  0.827315 11.625002 -0.827315  0.516493 -0.580652 -0.629348  0.000000 0.000000 0
gold_player
0  1.207593 12.019003 -0.806888  0.718018 -0.580651 -0.383789  0.000000 0.000000 0
0  1.341806 12.019003 -0.555794  0.718018 -0.580651 -0.383789  0.000000 0.000000 0
0  1.080939 11.625002 -0.447740  0.718018 -0.580651 -0.383789  0.000000 0.000000 0
gold_player
0  1.424453 12.019003 -0.283341  0.810233 -0.580651 -0.079802  0.000000 0.000000 0
0  1.452360 12.019003 0.000000  0.810233 -0.580651 -0.079802  0.000000 0.000000 0
0  1.170000 11.625002 0.000000  0.810233 -0.580651 -0.079802  0.000000 0.000000 0
gold_player
0  1.424453 12.019003 0.283341  0.779095 -0.580651 0.236336  0.000000 0.000000 0
0  1.341806 12.019003 0.555794  0.779095 -0.580651 0.236336  0.000000 0.000000 0
0  1.080939 11.625002 0.447740  0.779095 -0.580651 0.236336  0.000000 0.000000 0
gold_player
0  1.207593 12.019003 0.806888  0.629349 -0.580652 0.516492  0.000000 0.000000 0
0  1.026974 12.019003 1.026974  0.629349 -0.580652 0.516492  0.000000 0.000000 0
0  0.827315 11.625002 0.827315  0.629349 -0.580652 0.516492  0.000000 0.000000 0
gold_player
0  0.806888 12.019003 1.207593  0.383789 -0.580651 0.718019  0.000000 0.000000 0
0  0.555794 12.019003 1.341806  0.383789 -0.580651 0.718019  0.000000 0.000000 0
0  0.447739 11.625002 1.080939  0.383789 -0.580651 0.718019  0.000000 0.000000 0
gold_player
0  1.452360 14.231001 0.000000  0.810232 0.580651 -0.079802  0.000000 0.000000 0
0  1.424453 14.231001 -0.283341  0.810232 0.580651 -0.079802  0.000000 0.000000 0
0  1.147519 14.625002 -0.228256  0.810232 0.580651 -0.079802  0.000000 0.000000 0
gold_player
0  1.207593 14.231001 0.806888  0.718018 0.580651 0.383789  0.000000 0.000000 0
0  1.341806 14.231001 0.555794  0.718018 0.580651 0.383789  0.000000 0.000000 0
0  1.080939 14.625002 0.447740  0.718018 0.580651 0.383789  0.000000 0.000000 0
gold_player
0  0.555794 14.231001 -1.341806  -0.510171 0.000000 -0.860073  0.000000 0.000000 0
0  0.555794 12.019003 -1.341806  -0.510171 0.000000 -0.860073  0.000000 0.000000 0
0  0.228256 11.625002 -1.147519  -0.510171 0.000000 -0.860073  0.000000 0.000000 0
gold_player
0  0.555794 12.019003 -1.341806  0.383789 -0.580650 -0.718019  0.000000 0.000000 0
0  0.806888 12.019003 -1.207593  0.383789 -0.580650 -0.718019  0.000000 0.000000 0
0  0.650017 11.625002 -0.972820  0.383789 -0.580650 -0.718019  0.000000 0.000000 0
gold_player
0  1.026974 12.019003 -1.026974  0.629348 -0.580651 -0.516494  0.000000 0.000000 0
0  1.207593 12.019003 -0.806888  0.629348 -0.580651 -0.516494  0.000000 0.000000 0
0  0.972819 11.625002 -0.650017  0.629348 -0.580651 -0.516494  0.000000 0.000000 0
gold_player
0  1.341806 12.019003 -0.555794  0.779096 -0.580651 -0.236333  0.000000 0.000000 0
0  1.424453 12.019003 -0.283341  0.779096 -0.580651 -0.236333  0.000000 0.000000 0
0  1.147519 11.625002 -0.228256  0.779096 -0.580651 -0.236333  0.000000 0.000000 0
gold_player
0  1.452360 12.019003 0.000000  0.810232 -0.580651 0.079802  0.000000 0.000000 0
0  1.424453 12.019003 0.283341  0.810232 -0.580651 0.079802  0.000000 0.000000 0
0  1.147519 11.625002 0.228256  0.810232 -0.580651 0.079802  0.000000 0.000000 0
gold_player
0  1.341806 12.019003 0.555794  0.718018 -0.580651 0.383789  0.000000 0.000000 0
0  1.207593 12.019003 0.806888  0.718018 -0.580651 0.383789  0.000000 0.000000 0
0  0.972819 11.625002 0.650017  0.718018 -0.580651 0.383789  0.000000 0.000000 0
gold_player
0  1.026974 12.019003 1.026974  0.516493 -0.580651 0.629348  0.000000 0.000000 0
0  0.806888 12.019003 1.207593  0.516493 -0.580651 0.629348  0.000000 0.000000 0
0  0.650017 11.625002 0.972820  0.516493 -0.580651 0.629348  0.000000 0.000000 0
gold_player
0  0.000000 26.209156 -4.278733  0.500000 -0.000001 -0.866025  0.000000 0.000000 0
0  1.852501 28.679157 -3.209193  0.500000 -0.000001 -0.866025  0.000000 0.000000 0
0  3.704999 26.209156 -2.139651  0.500000 -0.000001 -0.866025  0.000000 0.000000 0
gold_player
0  0.000000 23.504158 -2.139651  -0.499179 -0.008416 -0.866458  0.000000 0.000000 0
0  1.852501 23.739157 -3.209191  -0.499179 -0.008416 -0.866458  0.000000 0.000000 0
0  1.860928 23.239513 -3.209193  -0.499179 -0.008416 -0.866458  0.000000 0.000000 0
gold_player
0  1.852499 23.739157 3.208056  -0.499180 -0.008418 0.866457  0.000000 0.000000 0
0  0.000000 23.504158 2.138515  -0.499180 -0.008418 0.866457  0.000000 0.000000 0
0  0.008427 23.004513 2.138515  -0.499180 -0.008418 0.866457  0.000000 0.000000 0
gold_player
0  1.852501 23.504158 -1.070111  -0.499981 -0.008437 0.865995  0.000000 0.000000 0
0  0.000000 23.504158 -2.139651  -0.499981 -0.008437 0.865995  0.000000 0.000000 0
0  0.008428 23.004513 -2.139653  -0.499981 -0.008437 0.865995  0.000000 0.000000 0
gold_player
0  1.852500 23.504158 1.068973  0.999856 0.016864 -0.001852  0.000000 0.000000 0
0  1.852499 23.739157 3.208056  0.999856 0.016864 -0.001852  0.000000 0.000000 0
0  1.860925 23.239513 3.208057  0.999856 0.016864 -0.001852  0.000000 0.000000 0
gold_player
0  0.000000 23.504158 2.138515  -0.499983 -0.008432 -0.865994  0.000000 0.000000 0
0  1.852500 23.504158 1.068973  -0.499983 -0.008432 -0.865994  0.000000 0.000000 0
0  1.860927 23.004513 1.068973  -0.499983 -0.008432 -0.865994  0.000000 0.000000 0
gold_player
0  1.852501 23.739157 -3.209191  0.999856 0.016864 0.001853  0.000000 0.000000 0
0  1.852501 23.504158 -1.070111  0.999856 0.016864 0.001853  0.000000 0.000000 0
0  1.860927 23.004513 -1.070111  0.999856 0.016864 0.001853  0.000000 0.000000 0
gold_player
0  1.852500 23.504158 1.068973  -0.999858 -0.016863 -0.000000  0.000000 0.000000 0
0  1.852501 23.504158 -1.070111  -0.999858 -0.016863 -0.000000  0.000000 0.000000 0
0  1.860927 23.004513 -1.070111  -0.999858 -0.016863 -0.000000  0.000000 0.000000 0
gold_player
0  3.704999 23.739157 -0.000567  0.499178 0.008419 0.866459  0.000000 0.000000 0
0  1.852500 23.504158 1.068973  0.499178 0.008419 0.866459  0.000000 0.000000 0
0  1.860927 23.004513 1.068973  0.499178 0.008419 0.866459  0.000000 0.000000 0
gold_player
0  1.852501 23.504158 -1.070111  0.499180 0.008423 -0.866457  0.000000 0.000000 0
0  3.704999 23.739157 -0.000567  0.499180 0.008423 -0.866457  0.000000 0.000000 0
0  3.713427 23.239513 -0.000569  0.499180 0.008423 -0.866457  0.000000 0.000000 0
gold_player
0  1.804105 28.920296 -1.042169  0.999565 -0.016859 0.024199  0.000000 0.000000 0
0  1.852501 28.679157 -3.209193  0.999565 -0.016859 0.024199  0.000000 0.000000 0
0  1.860928 29.178801 -3.209194  0.999565 -0.016859 0.024199  0.000000 0.000000 0
gold_player
0  1.852501 28.679157 -3.209193  -0.499186 0.008420 -0.866454  0.000000 0.000000 0
0  0.000000 28.914156 -2.139653  -0.499186 0.008420 -0.866454  0.000000 0.000000 0
0  0.008428 29.413801 -2.139654  -0.499186 0.008420 -0.866454  0.000000 0.000000 0
gold_player
0  1.852500 28.914156 1.068972  -0.499983 0.008432 -0.865994  0.000000 0.000000 0
0  0.000000 28.914156 2.138515  -0.499983 0.008432 -0.865994  0.000000 0.000000 0
0  0.008427 29.413801 2.138514  -0.499983 0.008432 -0.865994  0.000000 0.000000 0
gold_player
0  1.852499 28.679157 3.208056  0.999856 -0.016864 -0.001852  0.000000 0.000000 0
0  1.852500 28.914156 1.068972  0.999856 -0.016864 -0.001852  0.000000 0.000000 0
0  1.860927 29.413801 1.068973  0.999856 -0.016864 -0.001852  0.000000 0.000000 0
gold_player
0  1.804105 28.920296 -1.042169  -0.999594 0.016859 0.022964  0.000000 0.000000 0
0  1.852500 28.914156 1.068972  -0.999594 0.016859 0.022964  0.000000 0.000000 0
0  1.860927 29.413801 1.068973  -0.999594 0.016859 0.022964  0.000000 0.000000 0
gold_player
0  1.852500 28.914156 1.068972  0.499182 -0.008420 0.866456  0.000000 0.000000 0
0  3.704999 28.679157 -0.000569  0.499182 -0.008420 0.866456  0.000000 0.000000 0
0  3.713427 29.178801 -0.000569  0.499182 -0.008420 0.866456  0.000000 0.000000 0
gold_player
0  0.000000 28.914156 2.138515  -0.499182 0.008420 0.866456  0.000000 0.000000 0
0  1.852499 28.679157 3.208056  -0.499182 0.008420 0.866456  0.000000 0.000000 0
0  1.860925 29.178801 3.208056  -0.499182 0.008420 0.866456  0.000000 0.000000 0
gold_player
0  0.000000 28.914156 -2.139653  -0.519718 0.008765 0.854293  0.000000 0.000000 0
0  1.804105 28.920296 -1.042169  -0.519718 0.008765 0.854293  0.000000 0.000000 0
0  1.812532 29.419941 -1.042169  -0.519718 0.008765 0.854293  0.000000 0.000000 0
gold_player
0  3.704999 28.679157 -0.000569  0.479735 -0.008091 -0.877376  0.000000 0.000000 0
0  1.804105 28.920296 -1.042169  0.479735 -0.008091 -0.877376  0.000000 0.000000 0
0  1.812532 29.419941 -1.042169  0.479735 -0.008091 -0.877376  0.000000 0.000000 0
gold_player
0  3.704999 26.209158 2.138515  0.000000 -0.654652 0.755930  0.000000 0.000000 0
0  3.704999 23.739157 -0.000567  0.000000 -0.654652 0.755930  0.000000 0.000000 0
0  3.947838 23.739157 -0.000567  0.000000 -0.654652 0.755930  0.000000 0.000000 0
gold_player
0  3.704999 26.209156 -2.139651  0.000000 0.654654 -0.755929  0.000000 0.000000 0
0  3.704999 28.679157 -0.000569  0.000000 0.654654 -0.755929  0.000000 0.000000 0
0  3.947839 28.679157 -0.000569  0.000000 0.654654 -0.755929  0.000000 0.000000 0
gold_player
0  3.704999 28.679157 -0.000569  0.000000 0.654654 0.755928  0.000000 0.000000 0
0  3.704999 26.209158 2.138515  0.000000 0.654654 0.755928  0.000000 0.000000 0
0  3.947838 26.209158 2.138515  0.000000 0.654654 0.755928  0.000000 0.000000 0
gold_player
0  3.704999 23.739157 -0.000567  0.000000 -0.654653 -0.755929  0.000000 0.000000 0
0  3.704999 26.209156 -2.139651  0.000000 -0.654653 -0.755929  0.000000 0.000000 0
0  3.947839 26.209156 -2.139651  0.000000 -0.654653 -0.755929  0.000000 0.000000 0
gold_player
0  4.204999 24.131977 -0.000567  0.707106 -0.462909 0.534524  0.000000 0.000000 0
0  4.204999 26.209158 1.798324  0.707106 -0.462909 0.534524  0.000000 0.000000 0
0  3.947838 26.209158 2.138515  0.707106 -0.462909 0.534524  0.000000 0.000000 0
gold_player
0  4.204999 26.209158 1.798324  0.707106 0.462910 0.534523  0.000000 0.000000 0
0  4.204999 28.286337 -0.000567  0.707106 0.462910 0.534523  0.000000 0.000000 0
0  3.947839 28.679157 -0.000569  0.707106 0.462910 0.534523  0.000000 0.000000 0
gold_player
0  3.947839 26.209156 -2.139651  0.707110 0.462908 -0.534520  0.000000 0.000000 0
0  3.947839 28.679157 -0.000569  0.707110 0.462908 -0.534520  0.000000 0.000000 0
0  4.204999 28.286337 -0.000567  0.707110 0.462908 -0.534520  0.000000 0.000000 0
gold_player
0  3.947838 23.739157 -0.000567  0.707105 -0.462911 -0.534524  0.000000 0.000000 0
0  3.947839 26.209156 -2.139651  0.707105 -0.462911 -0.534524  0.000000 0.000000 0
0  4.205000 26.209156 -1.799460  0.707105 -0.462911 -0.534524  0.000000 0.000000 0
painted_wood_01
0  4.204999 28.286337 -0.000567  1.000000 0.000002 0.000000  0.297978 0.539823 0
0  4.204999 26.209158 1.798324  1.000000 0.000002 0.000000  0.297978 0.539823 0
0  4.204999 26.209158 1.496259  1.000000 0.000002 0.000000  0.297978 0.539823 0
gold_player
0  4.204999 27.937542 -0.000567  0.000000 -0.654655 -0.755928  0.000000 0.000000 0
0  4.204999 26.209158 1.496259  0.000000 -0.654655 -0.755928  0.000000 0.000000 0
0  3.904999 26.209158 1.496259  0.000000 -0.654655 -0.755928  0.000000 0.000000 0
painted_wood_01
0  4.204999 24.131977 -0.000567  1.000000 -0.000001 0.000000  0.297978 0.539823 0
0  4.205000 26.209156 -1.799460  1.000000 -0.000001 0.000000  0.297978 0.539823 0
0  4.205000 26.209156 -1.497396  1.000000 -0.000001 0.000000  0.297978 0.539823 0
painted_wood_01
0  4.205000 26.209156 -1.799460  1.000000 0.000000 0.000001  0.297978 0.539823 0
0  4.204999 28.286337 -0.000567  1.000000 0.000000 0.000001  0.297978 0.539823 0
0  4.204999 27.937542 -0.000567  1.000000 0.000000 0.000001  0.297978 0.539823 0
painted_wood_01
0  4.204999 26.209158 1.798324  1.000000 -0.000000 0.000000  0.297978 0.539823 0
0  4.204999 24.131977 -0.000567  1.000000 -0.000000 0.000000  0.297978 0.539823 0
0  4.204999 24.480772 -0.000567  1.000000 -0.000000 0.000000  0.297978 0.539823 0
gold_player
0  3.904999 26.209158 1.496259  1.000000 0.000000 0.000000  0.000000 0.000000 0
0  3.904999 24.480772 -0.000567  1.000000 0.000000 0.000000  0.000000 0.000000 0
0  3.905000 26.209156 -1.497396  1.000000 0.000000 0.000000  0.000000 0.000000 0
gold_player
0  4.205000 26.209156 -1.497396  0.000000 -0.654655 0.755927  0.000000 0.000000 0
0  4.204999 27.937542 -0.000567  0.000000 -0.654655 0.755927  0.000000 0.000000 0
0  3.904999 27.937542 -0.000567  0.000000 -0.654655 0.755927  0.000000 0.000000 0
gold_player
0  4.204999 26.209158 1.496259  0.000000 0.654652 -0.755930  0.000000 0.000000 0
0  4.204999 24.480772 -0.000567  0.000000 0.654652 -0.755930  0.000000 0.000000 0
0  3.904999 24.480772 -0.000567  0.000000 0.654652 -0.755930  0.000000 0.000000 0
gold_player
0  4.204999 24.480772 -0.000567  0.000000 0.654654 0.755929  0.000000 0.000000 0
0  4.205000 26.209156 -1.497396  0.000000 0.654654 0.755929  0.000000 0.000000 0
0  3.905000 26.209156 -1.497396  0.000000 0.654654 0.755929  0.000000 0.000000 0
gold_player
0  3.704999 26.209158 2.138515  0.500001 -0.000000 0.866025  0.000000 0.000000 0
0  1.852499 28.679157 3.208056  0.500001 -0.000000 0.866025  0.000000 0.000000 0
0  0.000000 26.209158 4.277596  0.500001 -0.000000 0.866025  0.000000 0.000000 0
gold_player
0  0.000000 26.209158 4.277596  -0.654642 -0.654655 0.377983  0.000000 0.000000 0
0  1.852499 23.739157 3.208056  -0.654642 -0.654655 0.377983  0.000000 0.000000 0
0  1.974150 23.739157 3.418748  -0.654642 -0.654655 0.377983  0.000000 0.000000 0
gold_player
0  3.704999 26.209158 2.138515  0.654640 0.654652 -0.377990  0.000000 0.000000 0
0  1.852499 28.679157 3.208056  0.654640 0.654652 -0.377990  0.000000 0.000000 0
0  1.974150 28.679157 3.418748  0.654640 0.654652 -0.377990  0.000000 0.000000 0
gold_player
0  1.852499 28.679157 3.208056  -0.654648 0.654654 0.377974  0.000000 0.000000 0
0  0.000000 26.209158 4.277596  -0.654648 0.654654 0.377974  0.000000 0.000000 0
0  0.121648 26.209158 4.488290  -0.654648 0.654654 0.377974  0.000000 0.000000 0
gold_player
0  1.852499 23.739157 3.208056  0.654647 -0.654654 -0.377975  0.000000 0.000000 0
0  3.704999 26.209158 2.138515  0.654647 -0.654654 -0.377975  0.000000 0.000000 0
0  3.826649 26.209158 2.349208  0.654647 -0.654654 -0.377975  0.000000 0.000000 0
gold_player
0  2.102728 24.131977 3.641457  -0.109357 -0.462908 0.879635  0.000000 0.000000 0
0  0.544843 26.209158 4.540902  -0.109357 -0.462908 0.879635  0.000000 0.000000 0
0  0.121648 26.209158 4.488290  -0.109357 -0.462908 0.879635  0.000000 0.000000 0
gold_player
0  0.544843 26.209158 4.540902  -0.109360 0.462912 0.879632  0.000000 0.000000 0
0  2.102728 28.286337 3.641458  -0.109360 0.462912 0.879632  0.000000 0.000000 0
0  1.974150 28.679157 3.418748  -0.109360 0.462912 0.879632  0.000000 0.000000 0
gold_player
0  3.826649 26.209158 2.349208  0.816463 0.462909 0.345115  0.000000 0.000000 0
0  1.974150 28.679157 3.418748  0.816463 0.462909 0.345115  0.000000 0.000000 0
0  2.102728 28.286337 3.641458  0.816463 0.462909 0.345115  0.000000 0.000000 0
gold_player
0  1.974150 23.739157 3.418748  0.816464 -0.462911 0.345110  0.000000 0.000000 0
0  3.826649 26.209158 2.349208  0.816464 -0.462911 0.345110  0.000000 0.000000 0
0  3.660615 26.209158 2.742011  0.816464 -0.462911 0.345110  0.000000 0.000000 0
painted_wood_01
0  2.102728 28.286337 3.641458  0.500005 -0.000003 0.866022  0.297978 0.539823 0
0  0.544843 26.209158 4.540902  0.500005 -0.000003 0.866022  0.297978 0.539823 0
0  0.806439 26.209158 4.389869  0.500005 -0.000003 0.866022  0.297978 0.539823 0
gold_player
0  2.102728 27.937542 3.641458  0.654653 -0.654654 -0.377965  0.000000 0.000000 0
0  0.806439 26.209158 4.389869  0.654653 -0.654654 -0.377965  0.000000 0.000000 0
0  0.656439 26.209158 4.130063  0.654653 -0.654654 -0.377965  0.000000 0.000000 0
painted_wood_01
0  2.102728 24.131977 3.641457  0.500000 0.000002 0.866025  0.297978 0.539823 0
0  3.660615 26.209158 2.742011  0.500000 0.000002 0.866025  0.297978 0.539823 0
0  3.399020 26.209158 2.893043  0.500000 0.000002 0.866025  0.297978 0.539823 0
painted_wood_01
0  3.660615 26.209158 2.742011  0.499996 0.000000 0.866027  0.297978 0.539823 0
0  2.102728 28.286337 3.641458  0.499996 0.000000 0.866027  0.297978 0.539823 0
0  2.102728 27.937542 3.641458  0.499996 0.000000 0.866027  0.297978 0.539823 0
painted_wood_01
0  0.544843 26.209158 4.540902  0.500001 -0.000000 0.866025  0.297978 0.539823 0
0  2.102728 24.131977 3.641457  0.500001 -0.000000 0.866025  0.297978 0.539823 0
0  2.102728 24.480772 3.641458  0.500001 -0.000000 0.866025  0.297978 0.539823 0
gold_player
0  0.656439 26.209158 4.130063  0.500001 0.000000 0.866025  0.000000 0.000000 0
0  1.952728 24.480772 3.381650  0.500001 0.000000 0.866025  0.000000 0.000000 0
0  3.249020 26.209158 2.633235  0.500001 0.000000 0.866025  0.000000 0.000000 0
gold_player
0  3.399020 26.209158 2.893043  -0.654653 -0.654655 0.377964  0.000000 0.000000 0
0  2.102728 27.937542 3.641458  -0.654653 -0.654655 0.377964  0.000000 0.000000 0
0  1.952728 27.937542 3.381650  -0.654653 -0.654655 0.377964  0.000000 0.000000 0
gold_player
0  0.806439 26.209158 4.389869  0.654655 0.654655 -0.377960  0.000000 0.000000 0
0  2.102728 24.480772 3.641458  0.654655 0.654655 -0.377960  0.000000 0.000000 0
0  1.952728 24.480772 3.381650  0.654655 0.654655 -0.377960  0.000000 0.000000 0
gold_player
0  2.102728 24.480772 3.641458  -0.654653 0.654653 0.377966  0.000000 0.000000 0
0  3.399020 26.209158 2.893043  -0.654653 0.654653 0.377966  0.000000 0.000000 0
0  3.249020 26.209158 2.633235  -0.654653 0.654653 0.377966  0.000000 0.000000 0
gold_player
0  3.704999 26.209156 -2.139651  0.653969 -0.654653 0.379149  0.000000 0.000000 0
0  1.852501 23.739157 -3.209191  0.653969 -0.654653 0.379149  0.000000 0.000000 0
0  1.974411 23.739157 -3.419465  0.653969 -0.654653 0.379149  0.000000 0.000000 0
gold_player
0  0.000000 26.209156 -4.278733  -0.653965 0.654652 -0.379157  0.000000 0.000000 0
0  1.852501 28.679157 -3.209193  -0.653965 0.654652 -0.379157  0.000000 0.000000 0
0  1.974411 28.679157 -3.419465  -0.653965 0.654652 -0.379157  0.000000 0.000000 0
gold_player
0  1.852501 28.679157 -3.209193  0.653964 0.654653 0.379157  0.000000 0.000000 0
0  3.704999 26.209156 -2.139651  0.653964 0.654653 0.379157  0.000000 0.000000 0
0  3.826911 26.209156 -2.349923  0.653964 0.654653 0.379157  0.000000 0.000000 0
gold_player
0  1.852501 23.739157 -3.209191  -0.653963 -0.654652 -0.379160  0.000000 0.000000 0
0  0.000000 26.209156 -4.278733  -0.653963 -0.654652 -0.379160  0.000000 0.000000 0
0  0.121912 26.209156 -4.489005  -0.653963 -0.654652 -0.379160  0.000000 0.000000 0
gold_player
0  2.102993 24.131977 -3.642171  0.816462 -0.462911 -0.345113  0.000000 0.000000 0
0  3.660878 26.209156 -2.742726  0.816462 -0.462911 -0.345113  0.000000 0.000000 0
0  3.826911 26.209156 -2.349923  0.816462 -0.462911 -0.345113  0.000000 0.000000 0
gold_player
0  3.660878 26.209156 -2.742726  0.816462 0.462909 -0.345117  0.000000 0.000000 0
0  2.102993 28.286337 -3.642171  0.816462 0.462909 -0.345117  0.000000 0.000000 0
0  1.974411 28.679157 -3.419465  0.816462 0.462909 -0.345117  0.000000 0.000000 0
gold_player
0  0.121912 26.209156 -4.489005  -0.109352 0.462908 -0.879635  0.000000 0.000000 0
0  1.974411 28.679157 -3.419465  -0.109352 0.462908 -0.879635  0.000000 0.000000 0
0  2.102993 28.286337 -3.642171  -0.109352 0.462908 -0.879635  0.000000 0.000000 0
gold_player
0  1.974411 23.739157 -3.419465  -0.109362 -0.462912 -0.879632  0.000000 0.000000 0
0  0.121912 26.209156 -4.489005  -0.109362 -0.462912 -0.879632  0.000000 0.000000 0
0  0.545106 26.209156 -4.541619  -0.109362 -0.462912 -0.879632  0.000000 0.000000 0
painted_wood_01
0  2.102993 28.286337 -3.642171  0.500002 0.000002 -0.866024  0.297978 0.539823 0
0  3.660878 26.209156 -2.742726  0.500002 0.000002 -0.866024  0.297978 0.539823 0
0  3.399282 26.209156 -2.893760  0.500002 0.000002 -0.866024  0.297978 0.539823 0
gold_player
0  2.102993 27.937542 -3.642171  -0.654656 -0.654653 -0.377962  0.000000 0.000000 0
0  3.399282 26.209156 -2.893760  -0.654656 -0.654653 -0.377962  0.000000 0.000000 0
0  3.249282 26.209156 -2.633950  -0.654656 -0.654653 -0.377962  0.000000 0.000000 0
painted_wood_01
0  2.102993 24.131977 -3.642171  0.500006 0.000004 -0.866022  0.297978 0.539823 0
0  0.545106 26.209156 -4.541619  0.500006 0.000004 -0.866022  0.297978 0.539823 0
0  0.806700 26.209156 -4.390586  0.500006 0.000004 -0.866022  0.297978 0.539823 0
painted_wood_01
0  0.545106 26.209156 -4.541619  0.500002 0.000000 -0.866024  0.297978 0.539823 0
0  2.102993 28.286337 -3.642171  0.500002 0.000000 -0.866024  0.297978 0.539823 0
0  2.102993 27.937542 -3.642171  0.500002 0.000000 -0.866024  0.297978 0.539823 0
painted_wood_01
0  3.660878 26.209156 -2.742726  0.500005 0.000000 -0.866022  0.297978 0.539823 0
0  2.102993 24.131977 -3.642171  0.500005 0.000000 -0.866022  0.297978 0.539823 0
0  2.102993 24.480772 -3.642171  0.500005 0.000000 -0.866022  0.297978 0.539823 0
gold_player
0  3.249282 26.209156 -2.633950  0.500001 -0.000001 -0.866025  0.000000 0.000000 0
0  1.952993 24.480772 -3.382363  0.500001 -0.000001 -0.866025  0.000000 0.000000 0
0  0.656700 26.209156 -4.130780  0.500001 -0.000001 -0.866025  0.000000 0.000000 0
gold_player
0  0.806700 26.209156 -4.390586  0.654652 -0.654653 0.377968  0.000000 0.000000 0
0  2.102993 27.937542 -3.642171  0.654652 -0.654653 0.377968  0.000000 0.000000 0
0  1.952993 27.937542 -3.382363  0.654652 -0.654653 0.377968  0.000000 0.000000 0
gold_player
0  3.399282 26.209156 -2.893760  -0.654654 0.654653 -0.377965  0.000000 0.000000 0
0  2.102993 24.480772 -3.642171  -0.654654 0.654653 -0.377965  0.000000 0.000000 0
0  1.952993 24.480772 -3.382363  -0.654654 0.654653 -0.377965  0.000000 0.000000 0
gold_player
0  2.102993 24.480772 -3.642171  0.654652 0.654655 0.377965  0.000000 0.000000 0
0  0.806700 26.209156 -4.390586  0.654652 0.654655 0.377965  0.000000 0.000000 0
0  0.656700 26.209156 -4.130780  0.654652 0.654655 0.377965  0.000000 0.000000 0
c_invasion_wrangler_laser
0  2.340000 20.099998 0.000000  0.499393 -0.864978 0.049189  0.094421 0.479679 0
0  2.295037 20.099998 0.456511  0.499393 -0.864978 0.049189  0.093989 0.492270 0
0  1.838972 19.831532 0.365794  0.499393 -0.864978 0.049189  0.093499 0.492277 0
c_invasion_wrangler_laser
0  1.875000 19.831532 0.000000  -0.995185 -0.000000 -0.098017  0.094345 0.479680 0
0  1.838972 19.831532 0.365794  -0.995185 -0.000000 -0.098017  0.093499 0.492277 0
0  1.838972 20.368465 0.365794  -0.995185 -0.000000 -0.098017  0.094430 0.492301 0
c_invasion_wrangler_laser
0  1.875000 20.368465 -0.000000  0.499393 0.864978 0.049186  0.094494 0.479680 0
0  1.838972 20.368465 0.365794  0.499393 0.864978 0.049186  0.094430 0.492301 0
0  2.295037 20.099998 0.456511  0.499393 0.864978 0.049186  0.093989 0.492270 0
c_invasion_wrangler_laser
0  2.295037 20.099998 0.456511  0.480202 -0.864977 0.145678  0.093989 0.492270 0
0  2.161878 20.099998 0.895479  0.480202 -0.864977 0.145678  0.093593 0.504832 0
0  1.732274 19.831532 0.717531  0.480202 -0.864977 0.145678  0.093227 0.504904 0
c_invasion_wrangler_laser
0  1.838972 19.831532 0.365794  -0.956940 0.000000 -0.290286  0.093499 0.492277 0
0  1.732274 19.831532 0.717531  -0.956940 0.000000 -0.290286  0.093227 0.504904 0
0  1.732274 20.368465 0.717531  -0.956940 0.000000 -0.290286  0.093762 0.504906 0
c_invasion_wrangler_laser
0  1.838972 20.368465 0.365794  0.480203 0.864978 0.145666  0.094430 0.492301 0
0  1.732274 20.368465 0.717531  0.480203 0.864978 0.145666  0.093762 0.504906 0
0  2.161878 20.099998 0.895479  0.480203 0.864978 0.145666  0.093593 0.504832 0
c_invasion_wrangler_laser
0  2.161878 20.099998 0.895479  0.442557 -0.864978 0.236551  0.093593 0.504832 0
0  1.945639 20.099998 1.300034  0.442557 -0.864978 0.236551  0.093317 0.517461 0
0  1.559005 19.831532 1.041694  0.442557 -0.864978 0.236551  0.092829 0.517488 0
c_invasion_wrangler_laser
0  1.732274 19.831532 0.717531  -0.881921 0.000000 -0.471396  0.093227 0.504904 0
0  1.559005 19.831532 1.041694  -0.881921 0.000000 -0.471396  0.092829 0.517488 0
0  1.559005 20.368465 1.041694  -0.881921 0.000000 -0.471396  0.093112 0.517483 0
c_invasion_wrangler_laser
0  1.732274 20.368465 0.717531  0.442557 0.864977 0.236554  0.093762 0.504906 0
0  1.559005 20.368465 1.041694  0.442557 0.864977 0.236554  0.093112 0.517483 0
0  1.945639 20.099998 1.300034  0.442557 0.864977 0.236554  0.093317 0.517461 0
c_invasion_wrangler_laser
0  1.945639 20.099998 1.300034  0.387905 -0.864978 0.318344  0.093317 0.517461 0
0  1.654629 20.099998 1.654630  0.387905 -0.864978 0.318344  0.092321 0.530139 0
0  1.325825 19.831532 1.325825  0.387905 -0.864978 0.318344  0.092366 0.530061 0
c_invasion_wrangler_laser
0  1.559005 19.831532 1.041694  -0.773009 0.000000 -0.634395  0.092829 0.517488 0
0  1.325825 19.831532 1.325825  -0.773009 0.000000 -0.634395  0.092366 0.530061 0
0  1.325825 20.368465 1.325825  -0.773009 0.000000 -0.634395  0.093162 0.530083 0
c_invasion_wrangler_laser
0  1.559005 20.368465 1.041694  0.387904 0.864978 0.318344  0.093112 0.517483 0
0  1.325825 20.368465 1.325825  0.387904 0.864978 0.318344  0.093162 0.530083 0
0  1.654629 20.099998 1.654630  0.387904 0.864978 0.318344  0.092321 0.530139 0
c_invasion_wrangler_laser
0  1.654629 20.099998 1.654630  0.318345 -0.864977 0.387906  0.092321 0.530139 0
0  1.300034 20.099998 1.945639  0.318345 -0.864977 0.387906  0.091843 0.543048 0
0  1.041694 19.831532 1.559005  0.318345 -0.864977 0.387906  0.091913 0.542506 0
c_invasion_wrangler_laser
0  1.325825 19.831532 1.325825  -0.634393 0.000000 -0.773010  0.092366 0.530061 0
0  1.041694 19.831532 1.559005  -0.634393 0.000000 -0.773010  0.091913 0.542506 0
0  1.041694 20.368467 1.559005  -0.634393 0.000000 -0.773010  0.092752 0.542549 0
c_invasion_wrangler_laser
0  1.325825 20.368465 1.325825  0.318351 0.864978 0.387899  0.093162 0.530083 0
0  1.041694 20.368467 1.559005  0.318351 0.864978 0.387899  0.092752 0.542549 0
0  1.300034 20.099998 1.945639  0.318351 0.864978 0.387899  0.091843 0.543048 0
c_invasion_wrangler_laser
0  1.300034 20.099998 1.945639  0.236551 -0.864978 0.442556  0.091843 0.543048 0
0  0.895480 20.099998 2.161878  0.236551 -0.864978 0.442556  0.091844 0.556831 0
0  0.717532 19.831532 1.732274  0.236551 -0.864978 0.442556  0.090447 0.554613 0
c_invasion_wrangler_laser
0  1.041694 19.831532 1.559005  -0.471396 0.000000 -0.881921  0.091913 0.542506 0
0  0.717532 19.831532 1.732274  -0.471396 0.000000 -0.881921  0.090447 0.554613 0
0  0.717532 20.368467 1.732274  -0.471396 0.000000 -0.881921  0.092810 0.554674 0
c_invasion_wrangler_laser
0  1.041694 20.368467 1.559005  0.236553 0.864979 0.442554  0.092752 0.542549 0
0  0.717532 20.368467 1.732274  0.236553 0.864979 0.442554  0.092810 0.554674 0
0  0.895480 20.099998 2.161878  0.236553 0.864979 0.442554  0.091844 0.556831 0
c_invasion_wrangler_laser
0  0.895480 20.099998 2.161878  0.145668 -0.864980 0.480198  0.091844 0.556831 0
0  0.456512 20.099998 2.295037  0.145668 -0.864980 0.480198  0.091107 0.573679 0
0  0.365795 19.831532 1.838972  0.145668 -0.864980 0.480198  0.088812 0.565252 0
c_invasion_wrangler_laser
0  0.717532 19.831532 1.732274  -0.290285 0.000000 -0.956940  0.090447 0.554613 0
0  0.365795 19.831532 1.838972  -0.290285 0.000000 -0.956940  0.088812 0.565252 0
0  0.365795 20.368467 1.838972  -0.290285 0.000000 -0.956940  0.093805 0.565417 0
c_invasion_wrangler_laser
0  0.717532 20.368467 1.732274  0.145669 0.864978 0.480202  0.092810 0.554674 0
0  0.365795 20.368467 1.838972  0.145669 0.864978 0.480202  0.093805 0.565417 0
0  0.456512 20.099998 2.295037  0.145669 0.864978 0.480202  0.091107 0.573679 0
c_invasion_wrangler_laser
0  0.456512 20.099998 2.295037  0.049185 -0.864977 0.499395  0.091107 0.573679 0
0  0.000000 20.099998 2.340000  0.049185 -0.864977 0.499395  0.090089 0.601551 0
0  0.000000 19.831532 1.875000  0.049185 -0.864977 0.499395  0.083235 0.571468 0
c_invasion_wrangler_laser
0  0.365795 19.831532 1.838972  -0.098018 0.000000 -0.995185  0.088812 0.565252 0
0  0.000000 19.831532 1.875000  -0.098018 0.000000 -0.995185  0.083235 0.571468 0
0  0.000000 20.368467 1.875000  -0.098018 0.000000 -0.995185  0.098953 0.572003 0
c_invasion_wrangler_laser
0  0.365795 20.368467 1.838972  0.049186 0.864978 0.499393  0.093805 0.565417 0
0  0.000000 20.368467 1.875000  0.049186 0.864978 0.499393  0.098953 0.572003 0
0  0.000000 20.099998 2.340000  0.049186 0.864978 0.499393  0.090089 0.601551 0
c_invasion_wrangler_laser
0  0.000000 20.099998 -2.340000  0.049186 -0.864976 -0.499397  0.098376 0.368364 0
0  0.456511 20.099998 -2.295038  0.049186 -0.864976 -0.499397  0.097415 0.388523 0
0  0.365794 19.831530 -1.838972  0.049186 -0.864976 -0.499397  0.097699 0.392756 0
c_invasion_wrangler_laser
0  0.000000 19.831530 -1.875000  -0.098016 0.000000 0.995185  0.098953 0.383362 0
0  0.365794 19.831530 -1.838972  -0.098016 0.000000 0.995185  0.097699 0.392756 0
0  0.365794 20.368465 -1.838972  -0.098016 0.000000 0.995185  0.097544 0.392693 0
c_invasion_wrangler_laser
0  0.000000 20.368465 -1.875000  0.049186 0.864978 -0.499394  0.095870 0.383462 0
0  0.365794 20.368465 -1.838972  0.049186 0.864978 -0.499394  0.097544 0.392693 0
0  0.456511 20.099998 -2.295038  0.049186 0.864978 -0.499394  0.097415 0.388523 0
c_invasion_wrangler_laser
0  0.456511 20.099998 -2.295038  0.145668 -0.864974 -0.480209  0.097415 0.388523 0
0  0.895480 20.099998 -2.161878  0.145668 -0.864974 -0.480209  0.097025 0.403180 0
0  0.717532 19.831530 -1.732274  0.145668 -0.864974 -0.480209  0.097282 0.404442 0
c_invasion_wrangler_laser
0  0.365794 19.831530 -1.838972  -0.290285 0.000000 0.956940  0.097699 0.392756 0
0  0.717532 19.831530 -1.732274  -0.290285 0.000000 0.956940  0.097282 0.404442 0
0  0.717532 20.368465 -1.732274  -0.290285 0.000000 0.956940  0.097021 0.404415 0
c_invasion_wrangler_laser
0  0.365794 20.368465 -1.838972  0.145668 0.864979 -0.480200  0.097544 0.392693 0
0  0.717532 20.368465 -1.732274  0.145668 0.864979 -0.480200  0.097021 0.404415 0
0  0.895480 20.099998 -2.161878  0.145668 0.864979 -0.480200  0.097025 0.403180 0
c_invasion_wrangler_laser
0  0.895480 20.099998 -2.161878  0.236553 -0.864977 -0.442559  0.097025 0.403180 0
0  1.300034 20.099998 -1.945639  0.236553 -0.864977 -0.442559  0.096479 0.416434 0
0  1.041694 19.831530 -1.559005  0.236553 -0.864977 -0.442559  0.096480 0.416729 0
c_invasion_wrangler_laser
0  0.717532 19.831530 -1.732274  -0.471395 0.000000 0.881922  0.097282 0.404442 0
0  1.041694 19.831530 -1.559005  -0.471395 0.000000 0.881922  0.096480 0.416729 0
0  1.041694 20.368465 -1.559005  -0.471395 0.000000 0.881922  0.097011 0.416746 0
c_invasion_wrangler_laser
0  0.717532 20.368465 -1.732274  0.236551 0.864976 -0.442560  0.097021 0.404415 0
0  1.041694 20.368465 -1.559005  0.236551 0.864976 -0.442560  0.097011 0.416746 0
0  1.300034 20.099998 -1.945639  0.236551 0.864976 -0.442560  0.096479 0.416434 0
c_invasion_wrangler_laser
0  1.300034 20.099998 -1.945639  0.318345 -0.864977 -0.387907  0.096479 0.416434 0
0  1.654629 20.099998 -1.654631  0.318345 -0.864977 -0.387907  0.096705 0.429239 0
0  1.325824 19.831532 -1.325826  0.318345 -0.864977 -0.387907  0.095813 0.429269 0
c_invasion_wrangler_laser
0  1.041694 19.831530 -1.559005  -0.634393 0.000000 0.773010  0.096480 0.416729 0
0  1.325824 19.831532 -1.325826  -0.634393 0.000000 0.773010  0.095813 0.429269 0
0  1.325824 20.368465 -1.325826  -0.634393 0.000000 0.773010  0.096177 0.429281 0
c_invasion_wrangler_laser
0  1.041694 20.368465 -1.559005  0.318344 0.864976 -0.387909  0.097011 0.416746 0
0  1.325824 20.368465 -1.325826  0.318344 0.864976 -0.387909  0.096177 0.429281 0
0  1.654629 20.099998 -1.654631  0.318344 0.864976 -0.387909  0.096705 0.429239 0
c_invasion_wrangler_laser
0  1.654629 20.099998 -1.654631  0.387904 -0.864978 -0.318346  0.096705 0.429239 0
0  1.945639 20.099998 -1.300034  0.387904 -0.864978 -0.318346  0.095575 0.441898 0
0  1.559005 19.831532 -1.041694  0.387904 -0.864978 -0.318346  0.095773 0.441875 0
c_invasion_wrangler_laser
0  1.325824 19.831532 -1.325826  -0.773009 0.000000 0.634395  0.095813 0.429269 0
0  1.559005 19.831532 -1.041694  -0.773009 0.000000 0.634395  0.095773 0.441875 0
0  1.559005 20.368465 -1.041694  -0.773009 0.000000 0.634395  0.095921 0.441872 0
c_invasion_wrangler_laser
0  1.325824 20.368465 -1.325826  0.387905 0.864980 -0.318339  0.096177 0.429281 0
0  1.559005 20.368465 -1.041694  0.387905 0.864980 -0.318339  0.095921 0.441872 0
0  1.945639 20.099998 -1.300034  0.387905 0.864980 -0.318339  0.095575 0.441898 0
c_invasion_wrangler_laser
0  1.945639 20.099998 -1.300034  0.442556 -0.864977 -0.236556  0.095575 0.441898 0
0  2.161877 20.099998 -0.895480  0.442556 -0.864977 -0.236556  0.095262 0.454526 0
0  1.732274 19.831532 -0.717532  0.442556 -0.864977 -0.236556  0.095092 0.454452 0
c_invasion_wrangler_laser
0  1.559005 19.831532 -1.041694  -0.881921 0.000000 0.471398  0.095773 0.441875 0
0  1.732274 19.831532 -0.717532  -0.881921 0.000000 0.471398  0.095092 0.454452 0
0  1.732274 20.368465 -0.717532  -0.881921 0.000000 0.471398  0.095586 0.454458 0
c_invasion_wrangler_laser
0  1.559005 20.368465 -1.041694  0.442556 0.864976 -0.236559  0.095921 0.441872 0
0  1.732274 20.368465 -0.717532  0.442556 0.864976 -0.236559  0.095586 0.454458 0
0  2.161877 20.099998 -0.895480  0.442556 0.864976 -0.236559  0.095262 0.454526 0
c_invasion_wrangler_laser
0  2.161877 20.099998 -0.895480  0.480202 -0.864979 -0.145662  0.095262 0.454526 0
0  2.295037 20.099998 -0.456511  0.480202 -0.864979 -0.145662  0.094855 0.467090 0
0  1.838972 19.831532 -0.365794  0.480202 -0.864979 -0.145662  0.094414 0.467058 0
c_invasion_wrangler_laser
0  1.732274 19.831532 -0.717532  -0.956940 -0.000000 0.290285  0.095092 0.454452 0
0  1.838972 19.831532 -0.365794  -0.956940 -0.000000 0.290285  0.094414 0.467058 0
0  1.838972 20.368465 -0.365794  -0.956940 -0.000000 0.290285  0.095333 0.467084 0
c_invasion_wrangler_laser
0  1.732274 20.368465 -0.717532  0.480202 0.864977 -0.145675  0.095586 0.454458 0
0  1.838972 20.368465 -0.365794  0.480202 0.864977 -0.145675  0.095333 0.467084 0
0  2.295037 20.099998 -0.456511  0.480202 0.864977 -0.145675  0.094855 0.467090 0
c_invasion_wrangler_laser
0  2.295037 20.099998 -0.456511  0.499394 -0.864978 -0.049189  0.094855 0.467090 0
0  2.340000 20.099998 0.000000  0.499394 -0.864978 -0.049189  0.094421 0.479679 0
0  1.875000 19.831532 0.000000  0.499394 -0.864978 -0.049189  0.094345 0.479680 0
c_invasion_wrangler_laser
0  1.838972 19.831532 -0.365794  -0.995185 -0.000000 0.098017  0.094414 0.467058 0
0  1.875000 19.831532 0.000000  -0.995185 -0.000000 0.098017  0.094345 0.479680 0
0  1.875000 20.368465 -0.000000  -0.995185 -0.000000 0.098017  0.094494 0.479680 0
c_invasion_wrangler_laser
0  1.838972 20.368465 -0.365794  0.499394 0.864978 -0.049186  0.095333 0.467084 0
0  1.875000 20.368465 -0.000000  0.499394 0.864978 -0.049186  0.094494 0.479680 0
0  2.340000 20.099998 0.000000  0.499394 0.864978 -0.049186  0.094421 0.479679 0
c_invasion_wrangler_laser
0  2.340000 18.999998 0.000000  0.499394 -0.864978 0.049181  0.055490 0.479904 0
0  2.295037 18.999998 0.456511  0.499394 -0.864978 0.049181  0.056142 0.492528 0
0  1.838972 18.731531 0.365794  0.499394 -0.864978 0.049181  0.055772 0.492556 0
c_invasion_wrangler_laser
0  1.875000 18.731531 0.000000  -0.995185 -0.000000 -0.098017  0.055723 0.479874 0
0  1.838972 18.731531 0.365794  -0.995185 -0.000000 -0.098017  0.055772 0.492556 0
0  1.838972 19.268465 0.365794  -0.995185 -0.000000 -0.098017  0.056740 0.492498 0
c_invasion_wrangler_laser
0  1.875000 19.268465 -0.000000  0.499393 0.864978 0.049186  0.056072 0.479826 0
0  1.838972 19.268465 0.365794  0.499393 0.864978 0.049186  0.056740 0.492498 0
0  2.295037 18.999998 0.456511  0.499393 0.864978 0.049186  0.056142 0.492528 0
c_invasion_wrangler_laser
0  2.295037 18.999998 0.456511  0.480202 -0.864978 0.145670  0.056142 0.492528 0
0  2.161878 18.999998 0.895479  0.480202 -0.864978 0.145670  0.056633 0.505152 0
0  1.732274 18.731531 0.717531  0.480202 -0.864978 0.145670  0.056458 0.505212 0
c_invasion_wrangler_laser
0  1.838972 18.731531 0.365794  -0.956940 0.000000 -0.290286  0.055772 0.492556 0
0  1.732274 18.731531 0.717531  -0.956940 0.000000 -0.290286  0.056458 0.505212 0
0  1.732274 19.268465 0.717531  -0.956940 0.000000 -0.290286  0.056916 0.505191 0
c_invasion_wrangler_laser
0  1.838972 19.268465 0.365794  0.480203 0.864978 0.145666  0.056740 0.492498 0
0  1.732274 19.268465 0.717531  0.480203 0.864978 0.145666  0.056916 0.505191 0
0  2.161878 18.999998 0.895479  0.480203 0.864978 0.145666  0.056633 0.505152 0
c_invasion_wrangler_laser
0  2.161878 18.999998 0.895479  0.442557 -0.864978 0.236551  0.056633 0.505152 0
0  1.945639 18.999998 1.300034  0.442557 -0.864978 0.236551  0.057058 0.517863 0
0  1.559005 18.731531 1.041694  0.442557 -0.864978 0.236551  0.057164 0.517828 0
c_invasion_wrangler_laser
0  1.732274 18.731531 0.717531  -0.881921 0.000000 -0.471396  0.056458 0.505212 0
0  1.559005 18.731531 1.041694  -0.881921 0.000000 -0.471396  0.057164 0.517828 0
0  1.559005 19.268465 1.041694  -0.881921 0.000000 -0.471396  0.057130 0.517835 0
c_invasion_wrangler_laser
0  1.732274 19.268465 0.717531  0.442557 0.864977 0.236554  0.056916 0.505191 0
0  1.559005 19.268465 1.041694  0.442557 0.864977 0.236554  0.057130 0.517835 0
0  1.945639 18.999998 1.300034  0.442557 0.864977 0.236554  0.057058 0.517863 0
c_invasion_wrangler_laser
0  1.945639 18.999998 1.300034  0.387905 -0.864978 0.318344  0.057058 0.517863 0
0  1.654629 18.999998 1.654630  0.387905 -0.864978 0.318344  0.057377 0.530640 0
0  1.325825 18.731531 1.325825  0.387905 -0.864978 0.318344  0.057268 0.530446 0
c_invasion_wrangler_laser
0  1.559005 18.731531 1.041694  -0.773011 0.000000 -0.634392  0.057164 0.517828 0
0  1.325825 18.731531 1.325825  -0.773011 0.000000 -0.634392  0.057268 0.530446 0
0  1.325825 19.268465 1.325825  -0.773011 0.000000 -0.634392  0.058032 0.530438 0
c_invasion_wrangler_laser
0  1.559005 19.268465 1.041694  0.387904 0.864978 0.318344  0.057130 0.517835 0
0  1.325825 19.268465 1.325825  0.387904 0.864978 0.318344  0.058032 0.530438 0
0  1.654629 18.999998 1.654630  0.387904 0.864978 0.318344  0.057377 0.530640 0
c_invasion_wrangler_laser
0  1.654629 18.999998 1.654630  0.318345 -0.864979 0.387903  0.057377 0.530640 0
0  1.300034 18.999998 1.945639  0.318345 -0.864979 0.387903  0.058449 0.543585 0
0  1.041694 18.731531 1.559005  0.318345 -0.864979 0.387903  0.057296 0.543023 0
c_invasion_wrangler_laser
0  1.325825 18.731531 1.325825  -0.634393 0.000000 -0.773010  0.057268 0.530446 0
0  1.041694 18.731531 1.559005  -0.634393 0.000000 -0.773010  0.057296 0.543023 0
0  1.041694 19.268467 1.559005  -0.634393 0.000000 -0.773010  0.058333 0.542987 0
c_invasion_wrangler_laser
0  1.325825 19.268465 1.325825  0.318350 0.864975 0.387907  0.058032 0.530438 0
0  1.041694 19.268467 1.559005  0.318350 0.864975 0.387907  0.058333 0.542987 0
0  1.300034 18.999998 1.945639  0.318350 0.864975 0.387907  0.058449 0.543585 0
c_invasion_wrangler_laser
0  1.300034 18.999998 1.945639  0.236551 -0.864978 0.442556  0.058449 0.543585 0
0  0.895480 18.999998 2.161878  0.236551 -0.864978 0.442556  0.058142 0.557435 0
0  0.717532 18.731531 1.732274  0.236551 -0.864978 0.442556  0.057581 0.555204 0
c_invasion_wrangler_laser
0  1.041694 18.731531 1.559005  -0.471394 0.000000 -0.881922  0.057296 0.543023 0
0  0.717532 18.731531 1.732274  -0.471394 0.000000 -0.881922  0.057581 0.555204 0
0  0.717532 19.268467 1.732274  -0.471394 0.000000 -0.881922  0.059723 0.555179 0
c_invasion_wrangler_laser
0  1.041694 19.268467 1.559005  0.236553 0.864976 0.442560  0.058333 0.542987 0
0  0.717532 19.268467 1.732274  0.236553 0.864976 0.442560  0.059723 0.555179 0
0  0.895480 18.999998 2.161878  0.236553 0.864976 0.442560  0.058142 0.557435 0
c_invasion_wrangler_laser
0  0.895480 18.999998 2.161878  0.145668 -0.864977 0.480204  0.058142 0.557435 0
0  0.456512 18.999998 2.295037  0.145668 -0.864977 0.480204  0.059175 0.574316 0
0  0.365795 18.731531 1.838972  0.145668 -0.864977 0.480204  0.055961 0.566263 0
c_invasion_wrangler_laser
0  0.717532 18.731531 1.732274  -0.290284 0.000000 -0.956941  0.057581 0.555204 0
0  0.365795 18.731531 1.838972  -0.290284 0.000000 -0.956941  0.055961 0.566263 0
0  0.365795 19.268467 1.838972  -0.290284 0.000000 -0.956941  0.061287 0.565900 0
c_invasion_wrangler_laser
0  0.717532 19.268467 1.732274  0.145669 0.864974 0.480208  0.059723 0.555179 0
0  0.365795 19.268467 1.838972  0.145669 0.864974 0.480208  0.061287 0.565900 0
0  0.456512 18.999998 2.295037  0.145669 0.864974 0.480208  0.059175 0.574316 0
c_invasion_wrangler_laser
0  0.456512 18.999998 2.295037  0.049185 -0.864977 0.499395  0.059175 0.574316 0
0  0.000000 18.999998 2.340000  0.049185 -0.864977 0.499395  0.060116 0.602409 0
0  0.000000 18.731531 1.875000  0.049185 -0.864977 0.499395  0.050894 0.572832 0
c_invasion_wrangler_laser
0  0.365795 18.731531 1.838972  -0.098017 0.000000 -0.995185  0.055961 0.566263 0
0  0.000000 18.731531 1.875000  -0.098017 0.000000 -0.995185  0.050894 0.572832 0
0  0.000000 19.268467 1.875000  -0.098017 0.000000 -0.995185  0.066861 0.572111 0
c_invasion_wrangler_laser
0  0.365795 19.268467 1.838972  0.049185 0.864974 0.499400  0.061287 0.565900 0
0  0.000000 19.268467 1.875000  0.049185 0.864974 0.499400  0.066861 0.572111 0
0  0.000000 18.999998 2.340000  0.049185 0.864974 0.499400  0.060116 0.602409 0
c_invasion_wrangler_laser
0  0.000000 18.999998 -2.340000  0.049186 -0.864977 -0.499395  0.051822 0.368364 0
0  0.456511 18.999998 -2.295038  0.049186 -0.864977 -0.499395  0.052753 0.388189 0
0  0.365794 18.731529 -1.838972  0.049186 -0.864977 -0.499395  0.052773 0.392491 0
c_invasion_wrangler_laser
0  0.000000 18.731529 -1.875000  -0.098018 0.000000 0.995185  0.053486 0.382975 0
0  0.365794 18.731529 -1.838972  -0.098018 0.000000 0.995185  0.052773 0.392491 0
0  0.365794 19.268465 -1.838972  -0.098018 0.000000 0.995185  0.052082 0.392561 0
c_invasion_wrangler_laser
0  0.000000 19.268465 -1.875000  0.049186 0.864977 -0.499395  0.050894 0.383034 0
0  0.365794 19.268465 -1.838972  0.049186 0.864977 -0.499395  0.052082 0.392561 0
0  0.456511 18.999998 -2.295038  0.049186 0.864977 -0.499395  0.052753 0.388189 0
c_invasion_wrangler_laser
0  0.456511 18.999998 -2.295038  0.145669 -0.864978 -0.480201  0.052753 0.388189 0
0  0.895480 18.999998 -2.161878  0.145669 -0.864978 -0.480201  0.052992 0.403015 0
0  0.717532 18.731529 -1.732274  0.145669 -0.864978 -0.480201  0.053005 0.404254 0
c_invasion_wrangler_laser
0  0.365794 18.731529 -1.838972  -0.290287 0.000000 0.956940  0.052773 0.392491 0
0  0.717532 18.731529 -1.732274  -0.290287 0.000000 0.956940  0.053005 0.404254 0
0  0.717532 19.268465 -1.732274  -0.290287 0.000000 0.956940  0.053175 0.404215 0
c_invasion_wrangler_laser
0  0.365794 19.268465 -1.838972  0.145668 0.864979 -0.480200  0.052082 0.392561 0
0  0.717532 19.268465 -1.732274  0.145668 0.864979 -0.480200  0.053175 0.404215 0
0  0.895480 18.999998 -2.161878  0.145668 0.864979 -0.480200  0.052992 0.403015 0
c_invasion_wrangler_laser
0  0.895480 18.999998 -2.161878  0.236553 -0.864977 -0.442559  0.052992 0.403015 0
0  1.300034 18.999998 -1.945639  0.236553 -0.864977 -0.442559  0.053046 0.416307 0
0  1.041694 18.731529 -1.559005  0.236553 -0.864977 -0.442559  0.053576 0.416658 0
c_invasion_wrangler_laser
0  0.717532 18.731529 -1.732274  -0.471399 0.000000 0.881920  0.053005 0.404254 0
0  1.041694 18.731529 -1.559005  -0.471399 0.000000 0.881920  0.053576 0.416658 0
0  1.041694 19.268465 -1.559005  -0.471399 0.000000 0.881920  0.053915 0.416595 0
c_invasion_wrangler_laser
0  0.717532 19.268465 -1.732274  0.236552 0.864980 -0.442552  0.053175 0.404215 0
0  1.041694 19.268465 -1.559005  0.236552 0.864980 -0.442552  0.053915 0.416595 0
0  1.300034 18.999998 -1.945639  0.236552 0.864980 -0.442552  0.053046 0.416307 0
c_invasion_wrangler_laser
0  1.300034 18.999998 -1.945639  0.318345 -0.864978 -0.387903  0.053046 0.416307 0
0  1.654629 18.999998 -1.654631  0.318345 -0.864978 -0.387903  0.054461 0.429136 0
0  1.325824 18.731531 -1.325826  0.318345 -0.864978 -0.387903  0.053583 0.429279 0
c_invasion_wrangler_laser
0  1.041694 18.731529 -1.559005  -0.634393 0.000000 0.773010  0.053576 0.416658 0
0  1.325824 18.731531 -1.325826  -0.634393 0.000000 0.773010  0.053583 0.429279 0
0  1.325824 19.268465 -1.325826  -0.634393 0.000000 0.773010  0.053949 0.429224 0
c_invasion_wrangler_laser
0  1.041694 19.268465 -1.559005  0.318344 0.864976 -0.387909  0.053915 0.416595 0
0  1.325824 19.268465 -1.325826  0.318344 0.864976 -0.387909  0.053949 0.429224 0
0  1.654629 18.999998 -1.654631  0.318344 0.864976 -0.387909  0.054461 0.429136 0
c_invasion_wrangler_laser
0  1.654629 18.999998 -1.654631  0.387904 -0.864978 -0.318346  0.054461 0.429136 0
0  1.945639 18.999998 -1.300034  0.387904 -0.864978 -0.318346  0.054488 0.441873 0
0  1.559005 18.731531 -1.041694  0.387904 -0.864978 -0.318346  0.054229 0.441919 0
c_invasion_wrangler_laser
0  1.325824 18.731531 -1.325826  -0.773012 0.000000 0.634392  0.053583 0.429279 0
0  1.559005 18.731531 -1.041694  -0.773012 0.000000 0.634392  0.054229 0.441919 0
0  1.559005 19.268465 -1.041694  -0.773012 0.000000 0.634392  0.054574 0.441854 0
c_invasion_wrangler_laser
0  1.325824 19.268465 -1.325826  0.387904 0.864978 -0.318344  0.053949 0.429224 0
0  1.559005 19.268465 -1.041694  0.387904 0.864978 -0.318344  0.054574 0.441854 0
0  1.945639 18.999998 -1.300034  0.387904 0.864978 -0.318344  0.054488 0.441873 0
c_invasion_wrangler_laser
0  1.945639 18.999998 -1.300034  0.442556 -0.864977 -0.236556  0.054488 0.441873 0
0  2.161877 18.999998 -0.895480  0.442556 -0.864977 -0.236556  0.054629 0.454580 0
0  1.732274 18.731531 -0.717532  0.442556 -0.864977 -0.236556  0.054900 0.454555 0
c_invasion_wrangler_laser
0  1.559005 18.731531 -1.041694  -0.881921 0.000000 0.471398  0.054229 0.441919 0
0  1.732274 18.731531 -0.717532  -0.881921 0.000000 0.471398  0.054900 0.454555 0
0  1.732274 19.268465 -0.717532  -0.881921 0.000000 0.471398  0.055072 0.454499 0
c_invasion_wrangler_laser
0  1.559005 19.268465 -1.041694  0.442557 0.864978 -0.236550  0.054574 0.441854 0
0  1.732274 19.268465 -0.717532  0.442557 0.864978 -0.236550  0.055072 0.454499 0
0  2.161877 18.999998 -0.895480  0.442557 0.864978 -0.236550  0.054629 0.454580 0
c_invasion_wrangler_laser
0  2.161877 18.999998 -0.895480  0.480202 -0.864978 -0.145669  0.054629 0.454580 0
0  2.295037 18.999998 -0.456511  0.480202 -0.864978 -0.145669  0.055480 0.467235 0
0  1.838972 18.731531 -0.365794  0.480202 -0.864978 -0.145669  0.054953 0.467223 0
c_invasion_wrangler_laser
0  1.732274 18.731531 -0.717532  -0.956940 -0.000000 0.290286  0.054900 0.454555 0
0  1.838972 18.731531 -0.365794  -0.956940 -0.000000 0.290286  0.054953 0.467223 0
0  1.838972 19.268465 -0.365794  -0.956940 -0.000000 0.290286  0.055566 0.467144 0
c_invasion_wrangler_laser
0  1.732274 19.268465 -0.717532  0.480202 0.864978 -0.145665  0.055072 0.454499 0
0  1.838972 19.268465 -0.365794  0.480202 0.864978 -0.145665  0.055566 0.467144 0
0  2.295037 18.999998 -0.456511  0.480202 0.864978 -0.145665  0.055480 0.467235 0
c_invasion_wrangler_laser
0  2.295037 18.999998 -0.456511  0.499394 -0.864978 -0.049181  0.055480 0.467235 0
0  2.340000 18.999998 0.000000  0.499394 -0.864978 -0.049181  0.055490 0.479904 0
0  1.875000 18.731531 0.000000  0.499394 -0.864978 -0.049181  0.055723 0.479874 0
c_invasion_wrangler_laser
0  1.838972 18.731531 -0.365794  -0.995185 -0.000000 0.098017  0.054953 0.467223 0
0  1.875000 18.731531 0.000000  -0.995185 -0.000000 0.098017  0.055723 0.479874 0
0  1.875000 19.268465 -0.000000  -0.995185 -0.000000 0.098017  0.056072 0.479826 0
c_invasion_wrangler_laser
0  1.838972 19.268465 -0.365794  0.499394 0.864978 -0.049186  0.055566 0.467144 0
0  1.875000 19.268465 -0.000000  0.499394 0.864978 -0.049186  0.056072 0.479826 0
0  2.340000 18.999998 0.000000  0.499394 0.864978 -0.049186  0.055490 0.479904 0
c_invasion_wrangler_laser
0  2.340000 21.199999 0.000000  0.499393 -0.864978 0.049189  0.109382 0.478343 0
0  2.295037 21.199999 0.456511  0.499393 -0.864978 0.049189  0.109147 0.490815 0
0  1.838972 20.931532 0.365794  0.499393 -0.864978 0.049189  0.108508 0.490784 0
c_invasion_wrangler_laser
0  1.875000 20.931532 0.000000  -0.995185 -0.000000 -0.098017  0.109376 0.478359 0
0  1.838972 20.931532 0.365794  -0.995185 -0.000000 -0.098017  0.108508 0.490784 0
0  1.838972 21.468466 0.365794  -0.995185 -0.000000 -0.098017  0.109143 0.490769 0
c_invasion_wrangler_laser
0  1.875000 21.468466 -0.000000  0.499393 0.864978 0.049186  0.109348 0.478336 0
0  1.838972 21.468466 0.365794  0.499393 0.864978 0.049186  0.109143 0.490769 0
0  2.295037 21.199999 0.456511  0.499393 0.864978 0.049186  0.109147 0.490815 0
c_invasion_wrangler_laser
0  2.295037 21.199999 0.456511  0.480203 -0.864979 0.145662  0.109147 0.490815 0
0  2.161878 21.199999 0.895479  0.480203 -0.864979 0.145662  0.108232 0.503220 0
0  1.732274 20.931532 0.717531  0.480203 -0.864979 0.145662  0.108251 0.503257 0
c_invasion_wrangler_laser
0  1.838972 20.931532 0.365794  -0.956940 0.000000 -0.290286  0.108508 0.490784 0
0  1.732274 20.931532 0.717531  -0.956940 0.000000 -0.290286  0.108251 0.503257 0
0  1.732274 21.468466 0.717531  -0.956940 0.000000 -0.290286  0.108910 0.503247 0
c_invasion_wrangler_laser
0  1.838972 21.468466 0.365794  0.480203 0.864978 0.145666  0.109143 0.490769 0
0  1.732274 21.468466 0.717531  0.480203 0.864978 0.145666  0.108910 0.503247 0
0  2.161878 21.199999 0.895479  0.480203 0.864978 0.145666  0.108232 0.503220 0
c_invasion_wrangler_laser
0  2.161878 21.199999 0.895479  0.442557 -0.864979 0.236548  0.108232 0.503220 0
0  1.945639 21.199999 1.300034  0.442557 -0.864979 0.236548  0.107959 0.515702 0
0  1.559005 20.931532 1.041694  0.442557 -0.864979 0.236548  0.108022 0.515679 0
c_invasion_wrangler_laser
0  1.732274 20.931532 0.717531  -0.881921 0.000000 -0.471396  0.108251 0.503257 0
0  1.559005 20.931532 1.041694  -0.881921 0.000000 -0.471396  0.108022 0.515679 0
0  1.559005 21.468466 1.041694  -0.881921 0.000000 -0.471396  0.108100 0.515671 0
c_invasion_wrangler_laser
0  1.732274 21.468466 0.717531  0.442556 0.864976 0.236558  0.108910 0.503247 0
0  1.559005 21.468466 1.041694  0.442556 0.864976 0.236558  0.108100 0.515671 0
0  1.945639 21.199999 1.300034  0.442556 0.864976 0.236558  0.107959 0.515702 0
c_invasion_wrangler_laser
0  1.945639 21.199999 1.300034  0.387904 -0.864977 0.318347  0.107959 0.515702 0
0  1.654629 21.199999 1.654630  0.387904 -0.864977 0.318347  0.107564 0.528239 0
0  1.325825 20.931532 1.325825  0.387904 -0.864977 0.318347  0.107130 0.528066 0
c_invasion_wrangler_laser
0  1.559005 20.931532 1.041694  -0.773011 0.000000 -0.634392  0.108022 0.515679 0
0  1.325825 20.931532 1.325825  -0.773011 0.000000 -0.634392  0.107130 0.528066 0
0  1.325825 21.468466 1.325825  -0.773011 0.000000 -0.634392  0.108054 0.528098 0
c_invasion_wrangler_laser
0  1.559005 21.468466 1.041694  0.387904 0.864978 0.318344  0.108100 0.515671 0
0  1.325825 21.468466 1.325825  0.387904 0.864978 0.318344  0.108054 0.528098 0
0  1.654629 21.199999 1.654630  0.387904 0.864978 0.318344  0.107564 0.528239 0
c_invasion_wrangler_laser
0  1.654629 21.199999 1.654630  0.318345 -0.864977 0.387906  0.107564 0.528239 0
0  1.300034 21.199999 1.945639  0.318345 -0.864977 0.387906  0.107130 0.541000 0
0  1.041694 20.931532 1.559005  0.318345 -0.864977 0.387906  0.106875 0.540361 0
c_invasion_wrangler_laser
0  1.325825 20.931532 1.325825  -0.634391 0.000000 -0.773012  0.107130 0.528066 0
0  1.041694 20.931532 1.559005  -0.634391 0.000000 -0.773012  0.106875 0.540361 0
0  1.041694 21.468468 1.559005  -0.634391 0.000000 -0.773012  0.107408 0.540403 0
c_invasion_wrangler_laser
0  1.325825 21.468466 1.325825  0.318349 0.864973 0.387911  0.108054 0.528098 0
0  1.041694 21.468468 1.559005  0.318349 0.864973 0.387911  0.107408 0.540403 0
0  1.300034 21.199999 1.945639  0.318349 0.864973 0.387911  0.107130 0.541000 0
c_invasion_wrangler_laser
0  1.300034 21.199999 1.945639  0.236551 -0.864978 0.442558  0.107130 0.541000 0
0  0.895480 21.199999 2.161878  0.236551 -0.864978 0.442558  0.106671 0.554603 0
0  0.717532 20.931532 1.732274  0.236551 -0.864978 0.442558  0.105602 0.552281 0
c_invasion_wrangler_laser
0  1.041694 20.931532 1.559005  -0.471394 0.000000 -0.881922  0.106875 0.540361 0
0  0.717532 20.931532 1.732274  -0.471394 0.000000 -0.881922  0.105602 0.552281 0
0  0.717532 21.468468 1.732274  -0.471394 0.000000 -0.881922  0.107795 0.552440 0
c_invasion_wrangler_laser
0  1.041694 21.468468 1.559005  0.236553 0.864976 0.442560  0.107408 0.540403 0
0  0.717532 21.468468 1.732274  0.236553 0.864976 0.442560  0.107795 0.552440 0
0  0.895480 21.199999 2.161878  0.236553 0.864976 0.442560  0.106671 0.554603 0
c_invasion_wrangler_laser
0  0.895480 21.199999 2.161878  0.145668 -0.864976 0.480205  0.106671 0.554603 0
0  0.456512 21.199999 2.295037  0.145668 -0.864976 0.480205  0.106152 0.571304 0
0  0.365795 20.931532 1.838972  0.145668 -0.864976 0.480205  0.103169 0.562852 0
c_invasion_wrangler_laser
0  0.717532 20.931532 1.732274  -0.290284 0.000000 -0.956941  0.105602 0.552281 0
0  0.365795 20.931532 1.838972  -0.290284 0.000000 -0.956941  0.103169 0.562852 0
0  0.365795 21.468468 1.838972  -0.290284 0.000000 -0.956941  0.109378 0.563342 0
c_invasion_wrangler_laser
0  0.717532 21.468468 1.732274  0.145669 0.864975 0.480206  0.107795 0.552440 0
0  0.365795 21.468468 1.838972  0.145669 0.864975 0.480206  0.109378 0.563342 0
0  0.456512 21.199999 2.295037  0.145669 0.864975 0.480206  0.106152 0.571304 0
c_invasion_wrangler_laser
0  0.456512 21.199999 2.295037  0.049185 -0.864977 0.499395  0.106152 0.571304 0
0  0.000000 21.199999 2.340000  0.049185 -0.864977 0.499395  0.105022 0.599588 0
0  0.000000 20.931532 1.875000  0.049185 -0.864977 0.499395  0.099076 0.567758 0
c_invasion_wrangler_laser
0  0.365795 20.931532 1.838972  -0.098017 0.000000 -0.995185  0.103169 0.562852 0
0  0.000000 20.931532 1.875000  -0.098017 0.000000 -0.995185  0.099076 0.567758 0
0  0.000000 21.468468 1.875000  -0.098017 0.000000 -0.995185  0.114846 0.569897 0
c_invasion_wrangler_laser
0  0.365795 21.468468 1.838972  0.049185 0.864974 0.499400  0.109378 0.563342 0
0  0.000000 21.468468 1.875000  0.049185 0.864974 0.499400  0.114846 0.569897 0
0  0.000000 21.199999 2.340000  0.049185 0.864974 0.499400  0.105022 0.599588 0
c_invasion_wrangler_laser
0  0.000000 21.199999 -2.340000  0.049187 -0.864980 -0.499390  0.113310 0.368364 0
0  0.456511 21.199999 -2.295038  0.049187 -0.864980 -0.499390  0.112713 0.388249 0
0  0.365794 20.931530 -1.838972  0.049187 -0.864980 -0.499390  0.112670 0.392461 0
c_invasion_wrangler_laser
0  0.000000 20.931530 -1.875000  -0.098017 0.000000 0.995185  0.114846 0.383446 0
0  0.365794 20.931530 -1.838972  -0.098017 0.000000 0.995185  0.112670 0.392461 0
0  0.365794 21.468466 -1.838972  -0.098017 0.000000 0.995185  0.112294 0.392446 0
c_invasion_wrangler_laser
0  0.000000 21.468466 -1.875000  0.049186 0.864978 -0.499393  0.111729 0.383131 0
0  0.365794 21.468466 -1.838972  0.049186 0.864978 -0.499393  0.112294 0.392446 0
0  0.456511 21.199999 -2.295038  0.049186 0.864978 -0.499393  0.112713 0.388249 0
c_invasion_wrangler_laser
0  0.456511 21.199999 -2.295038  0.145669 -0.864978 -0.480203  0.112713 0.388249 0
0  0.895480 21.199999 -2.161878  0.145669 -0.864978 -0.480203  0.112623 0.402826 0
0  0.717532 20.931530 -1.732274  0.145669 -0.864978 -0.480203  0.111674 0.403942 0
c_invasion_wrangler_laser
0  0.365794 20.931530 -1.838972  -0.290287 0.000000 0.956940  0.112670 0.392461 0
0  0.717532 20.931530 -1.732274  -0.290287 0.000000 0.956940  0.111674 0.403942 0
0  0.717532 21.468466 -1.732274  -0.290287 0.000000 0.956940  0.111846 0.404000 0
c_invasion_wrangler_laser
0  0.365794 21.468466 -1.838972  0.145668 0.864980 -0.480198  0.112294 0.392446 0
0  0.717532 21.468466 -1.732274  0.145668 0.864980 -0.480198  0.111846 0.404000 0
0  0.895480 21.199999 -2.161878  0.145668 0.864980 -0.480198  0.112623 0.402826 0
c_invasion_wrangler_laser
0  0.895480 21.199999 -2.161878  0.236553 -0.864978 -0.442556  0.112623 0.402826 0
0  1.300034 21.199999 -1.945639  0.236553 -0.864978 -0.442556  0.111494 0.415870 0
0  1.041694 20.931530 -1.559005  0.236553 -0.864978 -0.442556  0.111565 0.416175 0
c_invasion_wrangler_laser
0  0.717532 20.931530 -1.732274  -0.471399 0.000000 0.881920  0.111674 0.403942 0
0  1.041694 20.931530 -1.559005  -0.471399 0.000000 0.881920  0.111565 0.416175 0
0  1.041694 21.468466 -1.559005  -0.471399 0.000000 0.881920  0.111724 0.416175 0
c_invasion_wrangler_laser
0  0.717532 21.468466 -1.732274  0.236552 0.864978 -0.442556  0.111846 0.404000 0
0  1.041694 21.468466 -1.559005  0.236552 0.864978 -0.442556  0.111724 0.416175 0
0  1.300034 21.199999 -1.945639  0.236552 0.864978 -0.442556  0.111494 0.415870 0
c_invasion_wrangler_laser
0  1.300034 21.199999 -1.945639  0.318345 -0.864977 -0.387907  0.111494 0.415870 0
0  1.654629 21.199999 -1.654631  0.318345 -0.864977 -0.387907  0.111299 0.428497 0
0  1.325824 20.931532 -1.325826  0.318345 -0.864977 -0.387907  0.110765 0.428534 0
c_invasion_wrangler_laser
0  1.041694 20.931530 -1.559005  -0.634393 0.000000 0.773010  0.111565 0.416175 0
0  1.325824 20.931532 -1.325826  -0.634393 0.000000 0.773010  0.110765 0.428534 0
0  1.325824 21.468466 -1.325826  -0.634393 0.000000 0.773010  0.111416 0.428530 0
c_invasion_wrangler_laser
0  1.041694 21.468466 -1.559005  0.318344 0.864976 -0.387909  0.111724 0.416175 0
0  1.325824 21.468466 -1.325826  0.318344 0.864976 -0.387909  0.111416 0.428530 0
0  1.654629 21.199999 -1.654631  0.318344 0.864976 -0.387909  0.111299 0.428497 0
c_invasion_wrangler_laser
0  1.654629 21.199999 -1.654631  0.387904 -0.864978 -0.318346  0.111299 0.428497 0
0  1.945639 21.199999 -1.300034  0.387904 -0.864978 -0.318346  0.110273 0.440955 0
0  1.559005 20.931532 -1.041694  0.387904 -0.864978 -0.318346  0.110654 0.440993 0
c_invasion_wrangler_laser
0  1.325824 20.931532 -1.325826  -0.773012 0.000000 0.634392  0.110765 0.428534 0
0  1.559005 20.931532 -1.041694  -0.773012 0.000000 0.634392  0.110654 0.440993 0
0  1.559005 21.468466 -1.041694  -0.773012 0.000000 0.634392  0.111139 0.440987 0
c_invasion_wrangler_laser
0  1.325824 21.468466 -1.325826  0.387904 0.864978 -0.318344  0.111416 0.428530 0
0  1.559005 21.468466 -1.041694  0.387904 0.864978 -0.318344  0.111139 0.440987 0
0  1.945639 21.199999 -1.300034  0.387904 0.864978 -0.318344  0.110273 0.440955 0
c_invasion_wrangler_laser
0  1.945639 21.199999 -1.300034  0.442557 -0.864979 -0.236548  0.110273 0.440955 0
0  2.161877 21.199999 -0.895480  0.442557 -0.864979 -0.236548  0.110687 0.453452 0
0  1.732274 20.931532 -0.717532  0.442557 -0.864979 -0.236548  0.109841 0.453448 0
c_invasion_wrangler_laser
0  1.559005 20.931532 -1.041694  -0.881921 0.000000 0.471398  0.110654 0.440993 0
0  1.732274 20.931532 -0.717532  -0.881921 0.000000 0.471398  0.109841 0.453448 0
0  1.732274 21.468466 -0.717532  -0.881921 0.000000 0.471398  0.110310 0.453443 0
c_invasion_wrangler_laser
0  1.559005 21.468466 -1.041694  0.442557 0.864978 -0.236550  0.111139 0.440987 0
0  1.732274 21.468466 -0.717532  0.442557 0.864978 -0.236550  0.110310 0.453443 0
0  2.161877 21.199999 -0.895480  0.442557 0.864978 -0.236550  0.110687 0.453452 0
c_invasion_wrangler_laser
0  2.161877 21.199999 -0.895480  0.480202 -0.864979 -0.145662  0.110687 0.453452 0
0  2.295037 21.199999 -0.456511  0.480202 -0.864979 -0.145662  0.109642 0.465871 0
0  1.838972 20.931532 -0.365794  0.480202 -0.864979 -0.145662  0.109595 0.465925 0
c_invasion_wrangler_laser
0  1.732274 20.931532 -0.717532  -0.956940 -0.000000 0.290285  0.109841 0.453448 0
0  1.838972 20.931532 -0.365794  -0.956940 -0.000000 0.290285  0.109595 0.465925 0
0  1.838972 21.468466 -0.365794  -0.956940 -0.000000 0.290285  0.110180 0.465916 0
c_invasion_wrangler_laser
0  1.732274 21.468466 -0.717532  0.480202 0.864977 -0.145675  0.110310 0.453443 0
0  1.838972 21.468466 -0.365794  0.480202 0.864977 -0.145675  0.110180 0.465916 0
0  2.295037 21.199999 -0.456511  0.480202 0.864977 -0.145675  0.109642 0.465871 0
c_invasion_wrangler_laser
0  2.295037 21.199999 -0.456511  0.499394 -0.864978 -0.049189  0.109642 0.465871 0
0  2.340000 21.199999 0.000000  0.499394 -0.864978 -0.049189  0.109382 0.478343 0
0  1.875000 20.931532 0.000000  0.499394 -0.864978 -0.049189  0.109376 0.478359 0
c_invasion_wrangler_laser
0  1.838972 20.931532 -0.365794  -0.995185 -0.000000 0.098017  0.109595 0.465925 0
0  1.875000 20.931532 0.000000  -0.995185 -0.000000 0.098017  0.109376 0.478359 0
0  1.875000 21.468466 -0.000000  -0.995185 -0.000000 0.098017  0.109348 0.478336 0
c_invasion_wrangler_laser
0  1.838972 21.468466 -0.365794  0.499394 0.864978 -0.049186  0.110180 0.465916 0
0  1.875000 21.468466 -0.000000  0.499394 0.864978 -0.049186  0.109348 0.478336 0
0  2.340000 21.199999 0.000000  0.499394 0.864978 -0.049186  0.109382 0.478343 0
c_invasion_wrangler_laser
0  1.838972 18.168467 -0.365794  0.499394 0.864978 -0.049186  0.125732 0.465176 0
0  1.875000 18.168467 -0.000000  0.499394 0.864978 -0.049186  0.125322 0.477558 0
0  2.340000 17.900000 0.000000  0.499394 0.864978 -0.049186  0.124768 0.477594 0
c_invasion_wrangler_laser
0  1.838972 17.631533 -0.365794  -0.995185 -0.000000 0.098017  0.125060 0.465187 0
0  1.875000 17.631533 0.000000  -0.995185 -0.000000 0.098017  0.124955 0.477571 0
0  1.875000 18.168467 -0.000000  -0.995185 -0.000000 0.098017  0.125322 0.477558 0
c_invasion_wrangler_laser
0  2.295037 17.900000 -0.456511  0.499394 -0.864978 -0.049181  0.125709 0.465267 0
0  2.340000 17.900000 0.000000  0.499394 -0.864978 -0.049181  0.124768 0.477594 0
0  1.875000 17.631533 0.000000  0.499394 -0.864978 -0.049181  0.124955 0.477571 0
c_invasion_wrangler_laser
0  1.732274 18.168467 -0.717532  0.480202 0.864977 -0.145675  0.126150 0.452824 0
0  1.838972 18.168467 -0.365794  0.480202 0.864977 -0.145675  0.125732 0.465176 0
0  2.295037 17.900000 -0.456511  0.480202 0.864977 -0.145675  0.125709 0.465267 0
c_invasion_wrangler_laser
0  1.732274 17.631533 -0.717532  -0.956940 -0.000000 0.290285  0.125742 0.452831 0
0  1.838972 17.631533 -0.365794  -0.956940 -0.000000 0.290285  0.125060 0.465187 0
0  1.838972 18.168467 -0.365794  -0.956940 -0.000000 0.290285  0.125732 0.465176 0
c_invasion_wrangler_laser
0  2.161877 17.900000 -0.895480  0.480202 -0.864978 -0.145669  0.125968 0.452920 0
0  2.295037 17.900000 -0.456511  0.480202 -0.864978 -0.145669  0.125709 0.465267 0
0  1.838972 17.631533 -0.365794  0.480202 -0.864978 -0.145669  0.125060 0.465187 0
c_invasion_wrangler_laser
0  1.559005 18.168467 -1.041694  0.442556 0.864977 -0.236554  0.126536 0.440496 0
0  1.732274 18.168467 -0.717532  0.442556 0.864977 -0.236554  0.126150 0.452824 0
0  2.161877 17.900000 -0.895480  0.442556 0.864977 -0.236554  0.125968 0.452920 0
c_invasion_wrangler_laser
0  1.559005 17.631533 -1.041694  -0.881921 0.000000 0.471398  0.126428 0.440499 0
0  1.732274 17.631533 -0.717532  -0.881921 0.000000 0.471398  0.125742 0.452831 0
0  1.732274 18.168467 -0.717532  -0.881921 0.000000 0.471398  0.126150 0.452824 0
c_invasion_wrangler_laser
0  1.945639 17.900000 -1.300034  0.442557 -0.864978 -0.236552  0.126264 0.440526 0
0  2.161877 17.900000 -0.895480  0.442557 -0.864978 -0.236552  0.125968 0.452920 0
0  1.732274 17.631533 -0.717532  0.442557 -0.864978 -0.236552  0.125742 0.452831 0
c_invasion_wrangler_laser
0  1.325824 18.168467 -1.325826  0.387904 0.864977 -0.318348  0.126786 0.428159 0
0  1.559005 18.168467 -1.041694  0.387904 0.864977 -0.318348  0.126536 0.440496 0
0  1.945639 17.900000 -1.300034  0.387904 0.864977 -0.318348  0.126264 0.440526 0
c_invasion_wrangler_laser
0  1.325824 17.631533 -1.325826  -0.773009 0.000000 0.634395  0.126490 0.428134 0
0  1.559005 17.631533 -1.041694  -0.773009 0.000000 0.634395  0.126428 0.440499 0
0  1.559005 18.168467 -1.041694  -0.773009 0.000000 0.634395  0.126536 0.440496 0
c_invasion_wrangler_laser
0  1.654629 17.900000 -1.654631  0.387904 -0.864978 -0.318346  0.127426 0.428106 0
0  1.945639 17.900000 -1.300034  0.387904 -0.864978 -0.318346  0.126264 0.440526 0
0  1.559005 17.631533 -1.041694  0.387904 -0.864978 -0.318346  0.126428 0.440499 0
c_invasion_wrangler_laser
0  1.041694 18.168467 -1.559005  0.318345 0.864979 -0.387900  0.127515 0.415885 0
0  1.325824 18.168467 -1.325826  0.318345 0.864979 -0.387900  0.126786 0.428159 0
0  1.654629 17.900000 -1.654631  0.318345 0.864979 -0.387900  0.127426 0.428106 0
c_invasion_wrangler_laser
0  1.041694 17.631531 -1.559005  -0.634393 0.000000 0.773010  0.127155 0.415847 0
0  1.325824 17.631533 -1.325826  -0.634393 0.000000 0.773010  0.126490 0.428134 0
0  1.325824 18.168467 -1.325826  -0.634393 0.000000 0.773010  0.126786 0.428159 0
c_invasion_wrangler_laser
0  1.300034 17.900000 -1.945639  0.318345 -0.864978 -0.387903  0.127375 0.415543 0
0  1.654629 17.900000 -1.654631  0.318345 -0.864978 -0.387903  0.127426 0.428106 0
0  1.325824 17.631533 -1.325826  0.318345 -0.864978 -0.387903  0.126490 0.428134 0
c_invasion_wrangler_laser
0  0.717532 18.168467 -1.732274  0.236552 0.864978 -0.442556  0.128143 0.403776 0
0  1.041694 18.168467 -1.559005  0.236552 0.864978 -0.442556  0.127515 0.415885 0
0  1.300034 17.900000 -1.945639  0.236552 0.864978 -0.442556  0.127375 0.415543 0
c_invasion_wrangler_laser
0  0.717532 17.631531 -1.732274  -0.471397 0.000000 0.881921  0.127909 0.403762 0
0  1.041694 17.631531 -1.559005  -0.471397 0.000000 0.881921  0.127155 0.415847 0
0  1.041694 18.168467 -1.559005  -0.471397 0.000000 0.881921  0.127515 0.415885 0
c_invasion_wrangler_laser
0  0.895480 17.900000 -2.161878  0.236553 -0.864977 -0.442559  0.127392 0.402567 0
0  1.300034 17.900000 -1.945639  0.236553 -0.864977 -0.442559  0.127375 0.415543 0
0  1.041694 17.631531 -1.559005  0.236553 -0.864977 -0.442559  0.127155 0.415847 0
c_invasion_wrangler_laser
0  0.365794 18.168467 -1.838972  0.145669 0.864983 -0.480193  0.127799 0.392343 0
0  0.717532 18.168467 -1.732274  0.145669 0.864983 -0.480193  0.128143 0.403776 0
0  0.895480 17.900000 -2.161878  0.145669 0.864983 -0.480193  0.127392 0.402567 0
c_invasion_wrangler_laser
0  0.365794 17.631531 -1.838972  -0.290287 0.000000 0.956940  0.128180 0.392233 0
0  0.717532 17.631531 -1.732274  -0.290287 0.000000 0.956940  0.127909 0.403762 0
0  0.717532 18.168467 -1.732274  -0.290287 0.000000 0.956940  0.128143 0.403776 0
c_invasion_wrangler_laser
0  0.456511 17.900000 -2.295038  0.145669 -0.864977 -0.480204  0.128733 0.388124 0
0  0.895480 17.900000 -2.161878  0.145669 -0.864977 -0.480204  0.127392 0.402567 0
0  0.717532 17.631531 -1.732274  0.145669 -0.864977 -0.480204  0.127909 0.403762 0
c_invasion_wrangler_laser
0  0.000000 18.168467 -1.875000  0.049186 0.864976 -0.499397  0.127364 0.383021 0
0  0.365794 18.168467 -1.838972  0.049186 0.864976 -0.499397  0.127799 0.392343 0
0  0.456511 17.900000 -2.295038  0.049186 0.864976 -0.499397  0.128733 0.388124 0
c_invasion_wrangler_laser
0  0.000000 17.631531 -1.875000  -0.098017 0.000000 0.995185  0.130456 0.383340 0
0  0.365794 17.631531 -1.838972  -0.098017 0.000000 0.995185  0.128180 0.392233 0
0  0.365794 18.168467 -1.838972  -0.098017 0.000000 0.995185  0.127799 0.392343 0
c_invasion_wrangler_laser
0  0.000000 17.900000 -2.340000  0.049186 -0.864976 -0.499396  0.129120 0.368364 0
0  0.456511 17.900000 -2.295038  0.049186 -0.864976 -0.499396  0.128733 0.388124 0
0  0.365794 17.631531 -1.838972  0.049186 -0.864976 -0.499396  0.128180 0.392233 0
c_invasion_wrangler_laser
0  0.365795 18.168468 1.838972  0.049186 0.864976 0.499397  0.125011 0.561962 0
0  0.000000 18.168468 1.875000  0.049186 0.864976 0.499397  0.130456 0.568512 0
0  0.000000 17.900000 2.340000  0.049186 0.864976 0.499397  0.120514 0.597902 0
c_invasion_wrangler_laser
0  0.365795 17.631533 1.838972  -0.098017 0.000000 -0.995185  0.119127 0.561289 0
0  0.000000 17.631533 1.875000  -0.098017 0.000000 -0.995185  0.114970 0.566184 0
0  0.000000 18.168468 1.875000  -0.098017 0.000000 -0.995185  0.130456 0.568512 0
c_invasion_wrangler_laser
0  0.456512 17.900000 2.295037  0.049185 -0.864977 0.499395  0.121628 0.569904 0
0  0.000000 17.900000 2.340000  0.049185 -0.864977 0.499395  0.120514 0.597902 0
0  0.000000 17.631533 1.875000  0.049185 -0.864977 0.499395  0.114970 0.566184 0
c_invasion_wrangler_laser
0  0.717532 18.168468 1.732274  0.145669 0.864975 0.480207  0.123389 0.551136 0
0  0.365795 18.168468 1.838972  0.145669 0.864975 0.480207  0.125011 0.561962 0
0  0.456512 17.900000 2.295037  0.145669 0.864975 0.480207  0.121628 0.569904 0
c_invasion_wrangler_laser
0  0.717532 17.631533 1.732274  -0.290284 0.000000 -0.956941  0.120918 0.550986 0
0  0.365795 17.631533 1.838972  -0.290284 0.000000 -0.956941  0.119127 0.561289 0
0  0.365795 18.168468 1.838972  -0.290284 0.000000 -0.956941  0.125011 0.561962 0
c_invasion_wrangler_laser
0  0.895480 17.900000 2.161878  0.145668 -0.864977 0.480204  0.122456 0.553292 0
0  0.456512 17.900000 2.295037  0.145668 -0.864977 0.480204  0.121628 0.569904 0
0  0.365795 17.631533 1.838972  0.145668 -0.864977 0.480204  0.119127 0.561289 0
c_invasion_wrangler_laser
0  1.041694 18.168468 1.559005  0.236552 0.864974 0.442564  0.122990 0.539185 0
0  0.717532 18.168468 1.732274  0.236552 0.864974 0.442564  0.123389 0.551136 0
0  0.895480 17.900000 2.161878  0.236552 0.864974 0.442564  0.122456 0.553292 0
c_invasion_wrangler_laser
0  1.041694 17.631533 1.559005  -0.471396 0.000000 -0.881921  0.122373 0.539147 0
0  0.717532 17.631533 1.732274  -0.471396 0.000000 -0.881921  0.120918 0.550986 0
0  0.717532 18.168468 1.732274  -0.471396 0.000000 -0.881921  0.123389 0.551136 0
c_invasion_wrangler_laser
0  1.300034 17.900000 1.945639  0.236551 -0.864978 0.442556  0.122774 0.539771 0
0  0.895480 17.900000 2.161878  0.236551 -0.864978 0.442556  0.122456 0.553292 0
0  0.717532 17.631533 1.732274  0.236551 -0.864978 0.442556  0.120918 0.550986 0
c_invasion_wrangler_laser
0  1.325825 18.168467 1.325825  0.318350 0.864975 0.387907  0.123630 0.526969 0
0  1.041694 18.168468 1.559005  0.318350 0.864975 0.387907  0.122990 0.539185 0
0  1.300034 17.900000 1.945639  0.318350 0.864975 0.387907  0.122774 0.539771 0
c_invasion_wrangler_laser
0  1.325825 17.631533 1.325825  -0.634393 0.000000 -0.773010  0.122701 0.526935 0
0  1.041694 17.631533 1.559005  -0.634393 0.000000 -0.773010  0.122373 0.539147 0
0  1.041694 18.168468 1.559005  -0.634393 0.000000 -0.773010  0.122990 0.539185 0
c_invasion_wrangler_laser
0  1.654629 17.900000 1.654630  0.318345 -0.864979 0.387903  0.123189 0.527102 0
0  1.300034 17.900000 1.945639  0.318345 -0.864979 0.387903  0.122774 0.539771 0
0  1.041694 17.631533 1.559005  0.318345 -0.864979 0.387903  0.122373 0.539147 0
c_invasion_wrangler_laser
0  1.559005 18.168467 1.041694  0.387904 0.864978 0.318344  0.123649 0.514633 0
0  1.325825 18.168467 1.325825  0.387904 0.864978 0.318344  0.123630 0.526969 0
0  1.654629 17.900000 1.654630  0.387904 0.864978 0.318344  0.123189 0.527102 0
c_invasion_wrangler_laser
0  1.559005 17.631533 1.041694  -0.773011 0.000000 -0.634392  0.123623 0.514635 0
0  1.325825 17.631533 1.325825  -0.773011 0.000000 -0.634392  0.122701 0.526935 0
0  1.325825 18.168467 1.325825  -0.773011 0.000000 -0.634392  0.123630 0.526969 0
c_invasion_wrangler_laser
0  1.945639 17.900000 1.300034  0.387905 -0.864978 0.318344  0.123637 0.514646 0
0  1.654629 17.900000 1.654630  0.387905 -0.864978 0.318344  0.123189 0.527102 0
0  1.325825 17.631533 1.325825  0.387905 -0.864978 0.318344  0.122701 0.526935 0
c_invasion_wrangler_laser
0  1.732274 18.168467 0.717531  0.442557 0.864977 0.236554  0.124339 0.502308 0
0  1.559005 18.168467 1.041694  0.442557 0.864977 0.236554  0.123649 0.514633 0
0  1.945639 17.900000 1.300034  0.442557 0.864977 0.236554  0.123637 0.514646 0
c_invasion_wrangler_laser
0  1.732274 17.631533 0.717531  -0.881920 0.000000 -0.471398  0.123872 0.502299 0
0  1.559005 17.631533 1.041694  -0.881920 0.000000 -0.471398  0.123623 0.514635 0
0  1.559005 18.168467 1.041694  -0.881920 0.000000 -0.471398  0.123649 0.514633 0
c_invasion_wrangler_laser
0  2.161878 17.900000 0.895479  0.442557 -0.864979 0.236548  0.124083 0.502248 0
0  1.945639 17.900000 1.300034  0.442557 -0.864979 0.236548  0.123637 0.514646 0
0  1.559005 17.631533 1.041694  0.442557 -0.864979 0.236548  0.123623 0.514635 0
c_invasion_wrangler_laser
0  1.838972 18.168467 0.365794  0.480203 0.864978 0.145666  0.125070 0.489939 0
0  1.732274 18.168467 0.717531  0.480203 0.864978 0.145666  0.124339 0.502308 0
0  2.161878 17.900000 0.895479  0.480203 0.864978 0.145666  0.124083 0.502248 0
c_invasion_wrangler_laser
0  1.838972 17.631533 0.365794  -0.956940 0.000000 -0.290284  0.124112 0.489925 0
0  1.732274 17.631533 0.717531  -0.956940 0.000000 -0.290284  0.123872 0.502299 0
0  1.732274 18.168467 0.717531  -0.956940 0.000000 -0.290284  0.124339 0.502308 0
c_invasion_wrangler_laser
0  2.295037 17.900000 0.456511  0.480202 -0.864978 0.145670  0.124494 0.489926 0
0  2.161878 17.900000 0.895479  0.480202 -0.864978 0.145670  0.124083 0.502248 0
0  1.732274 17.631533 0.717531  0.480202 -0.864978 0.145670  0.123872 0.502299 0
c_invasion_wrangler_laser
0  1.875000 18.168467 -0.000000  0.499393 0.864978 0.049186  0.125322 0.477558 0
0  1.838972 18.168467 0.365794  0.499393 0.864978 0.049186  0.125070 0.489939 0
0  2.295037 17.900000 0.456511  0.499393 0.864978 0.049186  0.124494 0.489926 0
c_invasion_wrangler_laser
0  1.875000 17.631533 0.000000  -0.995185 -0.000000 -0.098017  0.124955 0.477571 0
0  1.838972 17.631533 0.365794  -0.995185 -0.000000 -0.098017  0.124112 0.489925 0
0  1.838972 18.168467 0.365794  -0.995185 -0.000000 -0.098017  0.125070 0.489939 0
c_invasion_wrangler_laser
0  2.340000 17.900000 0.000000  0.499394 -0.864978 0.049181  0.124768 0.477594 0
0  2.295037 17.900000 0.456511  0.499394 -0.864978 0.049181  0.124494 0.489926 0
0  1.838972 17.631533 0.365794  0.499394 -0.864978 0.049181  0.124112 0.489925 0
c_invasion_wrangler_laser
0  2.340000 22.299999 0.000000  0.499394 -0.864978 0.049181  0.039639 0.491571 0
0  2.295037 22.299999 0.456511  0.499394 -0.864978 0.049181  0.039132 0.504308 0
0  1.838972 22.031532 0.365794  0.499394 -0.864978 0.049181  0.038619 0.504318 0
c_invasion_wrangler_laser
0  1.875000 22.031532 0.000000  -0.995185 -0.000000 -0.098017  0.039492 0.491585 0
0  1.838972 22.031532 0.365794  -0.995185 -0.000000 -0.098017  0.038619 0.504318 0
0  1.838972 22.568466 0.365794  -0.995185 -0.000000 -0.098017  0.039532 0.504349 0
c_invasion_wrangler_laser
0  1.875000 22.568466 -0.000000  0.499393 0.864978 0.049186  0.039564 0.491597 0
0  1.838972 22.568466 0.365794  0.499393 0.864978 0.049186  0.039532 0.504349 0
0  2.295037 22.299999 0.456511  0.499393 0.864978 0.049186  0.039132 0.504308 0
c_invasion_wrangler_laser
0  2.295037 22.299999 0.456511  0.480202 -0.864978 0.145670  0.039132 0.504308 0
0  2.161878 22.299999 0.895479  0.480202 -0.864978 0.145670  0.038705 0.517008 0
0  1.732274 22.031532 0.717531  0.480202 -0.864978 0.145670  0.038329 0.517087 0
c_invasion_wrangler_laser
0  1.838972 22.031532 0.365794  -0.956940 0.000000 -0.290286  0.038619 0.504318 0
0  1.732274 22.031532 0.717531  -0.956940 0.000000 -0.290286  0.038329 0.517087 0
0  1.732274 22.568466 0.717531  -0.956940 0.000000 -0.290286  0.038846 0.517087 0
c_invasion_wrangler_laser
0  1.838972 22.568466 0.365794  0.480203 0.864978 0.145666  0.039532 0.504349 0
0  1.732274 22.568466 0.717531  0.480203 0.864978 0.145666  0.038846 0.517087 0
0  2.161878 22.299999 0.895479  0.480203 0.864978 0.145666  0.038705 0.517008 0
c_invasion_wrangler_laser
0  2.161878 22.299999 0.895479  0.442557 -0.864979 0.236548  0.038705 0.517008 0
0  1.945639 22.299999 1.300034  0.442557 -0.864979 0.236548  0.038425 0.529766 0
0  1.559005 22.031532 1.041694  0.442557 -0.864979 0.236548  0.037918 0.529818 0
c_invasion_wrangler_laser
0  1.732274 22.031532 0.717531  -0.881921 0.000000 -0.471396  0.038329 0.517087 0
0  1.559005 22.031532 1.041694  -0.881921 0.000000 -0.471396  0.037918 0.529818 0
0  1.559005 22.568466 1.041694  -0.881921 0.000000 -0.471396  0.038150 0.529799 0
c_invasion_wrangler_laser
0  1.732274 22.568466 0.717531  0.442556 0.864976 0.236558  0.038846 0.517087 0
0  1.559005 22.568466 1.041694  0.442556 0.864976 0.236558  0.038150 0.529799 0
0  1.945639 22.299999 1.300034  0.442556 0.864976 0.236558  0.038425 0.529766 0
c_invasion_wrangler_laser
0  1.945639 22.299999 1.300034  0.387904 -0.864977 0.318347  0.038425 0.529766 0
0  1.654629 22.299999 1.654630  0.387904 -0.864977 0.318347  0.037464 0.542541 0
0  1.325825 22.031532 1.325825  0.387904 -0.864977 0.318347  0.037456 0.542553 0
c_invasion_wrangler_laser
0  1.559005 22.031532 1.041694  -0.773009 0.000000 -0.634395  0.037918 0.529818 0
0  1.325825 22.031532 1.325825  -0.773009 0.000000 -0.634395  0.037456 0.542553 0
0  1.325825 22.568466 1.325825  -0.773009 0.000000 -0.634395  0.038103 0.542538 0
c_invasion_wrangler_laser
0  1.559005 22.568466 1.041694  0.387904 0.864978 0.318344  0.038150 0.529799 0
0  1.325825 22.568466 1.325825  0.387904 0.864978 0.318344  0.038103 0.542538 0
0  1.654629 22.299999 1.654630  0.387904 0.864978 0.318344  0.037464 0.542541 0
c_invasion_wrangler_laser
0  1.654629 22.299999 1.654630  0.318345 -0.864979 0.387903  0.037464 0.542541 0
0  1.300034 22.299999 1.945639  0.318345 -0.864979 0.387903  0.037215 0.555450 0
0  1.041694 22.031532 1.559005  0.318345 -0.864979 0.387903  0.037034 0.555212 0
c_invasion_wrangler_laser
0  1.325825 22.031532 1.325825  -0.634396 0.000000 -0.773008  0.037456 0.542553 0
0  1.041694 22.031532 1.559005  -0.634396 0.000000 -0.773008  0.037034 0.555212 0
0  1.041694 22.568468 1.559005  -0.634396 0.000000 -0.773008  0.037398 0.555191 0
c_invasion_wrangler_laser
0  1.325825 22.568466 1.325825  0.318351 0.864978 0.387899  0.038103 0.542538 0
0  1.041694 22.568468 1.559005  0.318351 0.864978 0.387899  0.037398 0.555191 0
0  1.300034 22.299999 1.945639  0.318351 0.864978 0.387899  0.037215 0.555450 0
c_invasion_wrangler_laser
0  1.300034 22.299999 1.945639  0.236551 -0.864978 0.442558  0.037215 0.555450 0
0  0.895480 22.299999 2.161878  0.236551 -0.864978 0.442558  0.036955 0.568852 0
0  0.717532 22.031532 1.732274  0.236551 -0.864978 0.442558  0.036735 0.567658 0
c_invasion_wrangler_laser
0  1.041694 22.031532 1.559005  -0.471396 0.000000 -0.881921  0.037034 0.555212 0
0  0.717532 22.031532 1.732274  -0.471396 0.000000 -0.881921  0.036735 0.567658 0
0  0.717532 22.568468 1.732274  -0.471396 0.000000 -0.881921  0.036575 0.567618 0
c_invasion_wrangler_laser
0  1.041694 22.568468 1.559005  0.236553 0.864978 0.442556  0.037398 0.555191 0
0  0.717532 22.568468 1.732274  0.236553 0.864978 0.442556  0.036575 0.567618 0
0  0.895480 22.299999 2.161878  0.236553 0.864978 0.442556  0.036955 0.568852 0
c_invasion_wrangler_laser
0  0.895480 22.299999 2.161878  0.145668 -0.864976 0.480205  0.036955 0.568852 0
0  0.456512 22.299999 2.295037  0.145668 -0.864976 0.480205  0.035975 0.583759 0
0  0.365795 22.031532 1.838972  0.145668 -0.864976 0.480205  0.036934 0.579428 0
c_invasion_wrangler_laser
0  0.717532 22.031532 1.732274  -0.290285 0.000000 -0.956940  0.036735 0.567658 0
0  0.365795 22.031532 1.838972  -0.290285 0.000000 -0.956940  0.036934 0.579428 0
0  0.365795 22.568468 1.838972  -0.290285 0.000000 -0.956940  0.036132 0.579451 0
c_invasion_wrangler_laser
0  0.717532 22.568468 1.732274  0.145669 0.864976 0.480205  0.036575 0.567618 0
0  0.365795 22.568468 1.838972  0.145669 0.864976 0.480205  0.036132 0.579451 0
0  0.456512 22.299999 2.295037  0.145669 0.864976 0.480205  0.035975 0.583759 0
c_invasion_wrangler_laser
0  0.456512 22.299999 2.295037  0.049185 -0.864977 0.499395  0.035975 0.583759 0
0  0.000000 22.299999 2.340000  0.049185 -0.864977 0.499395  0.035429 0.603733 0
0  0.000000 22.031532 1.875000  0.049185 -0.864977 0.499395  0.037418 0.589070 0
c_invasion_wrangler_laser
0  0.365795 22.031532 1.838972  -0.098018 0.000000 -0.995185  0.036934 0.579428 0
0  0.000000 22.031532 1.875000  -0.098018 0.000000 -0.995185  0.037418 0.589070 0
0  0.000000 22.568468 1.875000  -0.098018 0.000000 -0.995185  0.034776 0.588951 0
c_invasion_wrangler_laser
0  0.365795 22.568468 1.838972  0.049186 0.864978 0.499393  0.036132 0.579451 0
0  0.000000 22.568468 1.875000  0.049186 0.864978 0.499393  0.034776 0.588951 0
0  0.000000 22.299999 2.340000  0.049186 0.864978 0.499393  0.035429 0.603733 0
c_invasion_wrangler_laser
0  0.000000 22.299999 -2.340000  0.049186 -0.864973 -0.499401  0.044103 0.368364 0
0  0.456511 22.299999 -2.295038  0.049186 -0.864973 -0.499401  0.043137 0.396621 0
0  0.365794 22.031530 -1.838972  0.049186 -0.864973 -0.499401  0.039874 0.404698 0
c_invasion_wrangler_laser
0  0.000000 22.031530 -1.875000  -0.098017 0.000000 0.995185  0.034776 0.398072 0
0  0.365794 22.031530 -1.838972  -0.098017 0.000000 0.995185  0.039874 0.404698 0
0  0.365794 22.568466 -1.838972  -0.098017 0.000000 0.995185  0.045125 0.405080 0
c_invasion_wrangler_laser
0  0.000000 22.568466 -1.875000  0.049186 0.864979 -0.499392  0.050771 0.398838 0
0  0.365794 22.568466 -1.838972  0.049186 0.864979 -0.499392  0.045125 0.405080 0
0  0.456511 22.299999 -2.295038  0.049186 0.864979 -0.499392  0.043137 0.396621 0
c_invasion_wrangler_laser
0  0.456511 22.299999 -2.295038  0.145668 -0.864973 -0.480210  0.043137 0.396621 0
0  0.895480 22.299999 -2.161878  0.145668 -0.864973 -0.480210  0.042179 0.413603 0
0  0.717532 22.031530 -1.732274  0.145668 -0.864973 -0.480210  0.041537 0.415814 0
c_invasion_wrangler_laser
0  0.365794 22.031530 -1.838972  -0.290284 0.000000 0.956941  0.039874 0.404698 0
0  0.717532 22.031530 -1.732274  -0.290284 0.000000 0.956941  0.041537 0.415814 0
0  0.717532 22.568466 -1.732274  -0.290284 0.000000 0.956941  0.043396 0.415868 0
c_invasion_wrangler_laser
0  0.365794 22.568466 -1.838972  0.145668 0.864982 -0.480194  0.045125 0.405080 0
0  0.717532 22.568466 -1.732274  0.145668 0.864982 -0.480194  0.043396 0.415868 0
0  0.895480 22.299999 -2.161878  0.145668 0.864982 -0.480194  0.042179 0.413603 0
c_invasion_wrangler_laser
0  0.895480 22.299999 -2.161878  0.236552 -0.864973 -0.442565  0.042179 0.413603 0
0  1.300034 22.299999 -1.945639  0.236552 -0.864973 -0.442565  0.041847 0.427508 0
0  1.041694 22.031530 -1.559005  0.236552 -0.864973 -0.442565  0.041387 0.428033 0
c_invasion_wrangler_laser
0  0.717532 22.031530 -1.732274  -0.471395 0.000000 0.881922  0.041537 0.415814 0
0  1.041694 22.031530 -1.559005  -0.471395 0.000000 0.881922  0.041387 0.428033 0
0  1.041694 22.568466 -1.559005  -0.471395 0.000000 0.881922  0.042487 0.428060 0
c_invasion_wrangler_laser
0  0.717532 22.568466 -1.732274  0.236552 0.864978 -0.442556  0.043396 0.415868 0
0  1.041694 22.568466 -1.559005  0.236552 0.864978 -0.442556  0.042487 0.428060 0
0  1.300034 22.299999 -1.945639  0.236552 0.864978 -0.442556  0.041847 0.427508 0
c_invasion_wrangler_laser
0  1.300034 22.299999 -1.945639  0.318345 -0.864978 -0.387903  0.041847 0.427508 0
0  1.654629 22.299999 -1.654631  0.318345 -0.864978 -0.387903  0.041406 0.440522 0
0  1.325824 22.031532 -1.325826  0.318345 -0.864978 -0.387903  0.040898 0.440637 0
c_invasion_wrangler_laser
0  1.041694 22.031530 -1.559005  -0.634393 0.000000 0.773010  0.041387 0.428033 0
0  1.325824 22.031532 -1.325826  -0.634393 0.000000 0.773010  0.040898 0.440637 0
0  1.325824 22.568466 -1.325826  -0.634393 0.000000 0.773010  0.042012 0.440677 0
c_invasion_wrangler_laser
0  1.041694 22.568466 -1.559005  0.318344 0.864976 -0.387909  0.042487 0.428060 0
0  1.325824 22.568466 -1.325826  0.318344 0.864976 -0.387909  0.042012 0.440677 0
0  1.654629 22.299999 -1.654631  0.318344 0.864976 -0.387909  0.041406 0.440522 0
c_invasion_wrangler_laser
0  1.654629 22.299999 -1.654631  0.387904 -0.864978 -0.318346  0.041406 0.440522 0
0  1.945639 22.299999 -1.300034  0.387904 -0.864978 -0.318346  0.040894 0.453345 0
0  1.559005 22.031532 -1.041694  0.387904 -0.864978 -0.318346  0.040937 0.453360 0
c_invasion_wrangler_laser
0  1.325824 22.031532 -1.325826  -0.773009 0.000000 0.634395  0.040898 0.440637 0
0  1.559005 22.031532 -1.041694  -0.773009 0.000000 0.634395  0.040937 0.453360 0
0  1.559005 22.568466 -1.041694  -0.773009 0.000000 0.634395  0.041071 0.453375 0
c_invasion_wrangler_laser
0  1.325824 22.568466 -1.325826  0.387905 0.864981 -0.318335  0.042012 0.440677 0
0  1.559005 22.568466 -1.041694  0.387905 0.864981 -0.318335  0.041071 0.453375 0
0  1.945639 22.299999 -1.300034  0.387905 0.864981 -0.318335  0.040894 0.453345 0
c_invasion_wrangler_laser
0  1.945639 22.299999 -1.300034  0.442556 -0.864977 -0.236556  0.040894 0.453345 0
0  2.161877 22.299999 -0.895480  0.442556 -0.864977 -0.236556  0.040253 0.466103 0
0  1.732274 22.031532 -0.717532  0.442556 -0.864977 -0.236556  0.040258 0.466067 0
c_invasion_wrangler_laser
0  1.559005 22.031532 -1.041694  -0.881922 0.000000 0.471396  0.040937 0.453360 0
0  1.732274 22.031532 -0.717532  -0.881922 0.000000 0.471396  0.040258 0.466067 0
0  1.732274 22.568466 -0.717532  -0.881922 0.000000 0.471396  0.040956 0.466123 0
c_invasion_wrangler_laser
0  1.559005 22.568466 -1.041694  0.442557 0.864978 -0.236550  0.041071 0.453375 0
0  1.732274 22.568466 -0.717532  0.442557 0.864978 -0.236550  0.040956 0.466123 0
0  2.161877 22.299999 -0.895480  0.442557 0.864978 -0.236550  0.040253 0.466103 0
c_invasion_wrangler_laser
0  2.161877 22.299999 -0.895480  0.480202 -0.864979 -0.145662  0.040253 0.466103 0
0  2.295037 22.299999 -0.456511  0.480202 -0.864979 -0.145662  0.040280 0.478833 0
0  1.838972 22.031532 -0.365794  0.480202 -0.864979 -0.145662  0.039584 0.478827 0
c_invasion_wrangler_laser
0  1.732274 22.031532 -0.717532  -0.956940 -0.000000 0.290285  0.040258 0.466067 0
0  1.838972 22.031532 -0.365794  -0.956940 -0.000000 0.290285  0.039584 0.478827 0
0  1.838972 22.568466 -0.365794  -0.956940 -0.000000 0.290285  0.040266 0.478883 0
c_invasion_wrangler_laser
0  1.732274 22.568466 -0.717532  0.480202 0.864977 -0.145675  0.040956 0.466123 0
0  1.838972 22.568466 -0.365794  0.480202 0.864977 -0.145675  0.040266 0.478883 0
0  2.295037 22.299999 -0.456511  0.480202 0.864977 -0.145675  0.040280 0.478833 0
c_invasion_wrangler_laser
0  2.295037 22.299999 -0.456511  0.499394 -0.864978 -0.049189  0.040280 0.478833 0
0  2.340000 22.299999 0.000000  0.499394 -0.864978 -0.049189  0.039639 0.491571 0
0  1.875000 22.031532 0.000000  0.499394 -0.864978 -0.049189  0.039492 0.491585 0
c_invasion_wrangler_laser
0  1.838972 22.031532 -0.365794  -0.995185 -0.000000 0.098017  0.039584 0.478827 0
0  1.875000 22.031532 0.000000  -0.995185 -0.000000 0.098017  0.039492 0.491585 0
0  1.875000 22.568466 -0.000000  -0.995185 -0.000000 0.098017  0.039564 0.491597 0
c_invasion_wrangler_laser
0  1.838972 22.568466 -0.365794  0.499394 0.864978 -0.049186  0.040266 0.478883 0
0  1.875000 22.568466 -0.000000  0.499394 0.864978 -0.049186  0.039564 0.491597 0
0  2.340000 22.299999 0.000000  0.499394 0.864978 -0.049186  0.039639 0.491571 0
c_invasion_wrangler_laser
0  1.838972 17.068466 -0.365794  0.499394 0.864978 -0.049181  0.079182 0.467174 0
0  1.875000 17.068466 -0.000000  0.499394 0.864978 -0.049181  0.078769 0.479795 0
0  2.340000 16.799999 0.000000  0.499394 0.864978 -0.049181  0.078160 0.479824 0
c_invasion_wrangler_laser
0  1.838972 16.531532 -0.365794  -0.995185 -0.000000 0.098017  0.078825 0.467230 0
0  1.875000 16.531532 0.000000  -0.995185 -0.000000 0.098017  0.078534 0.479835 0
0  1.875000 17.068466 -0.000000  -0.995185 -0.000000 0.098017  0.078769 0.479795 0
c_invasion_wrangler_laser
0  2.295037 16.799999 -0.456511  0.499394 -0.864978 -0.049185  0.078908 0.467202 0
0  2.340000 16.799999 0.000000  0.499394 -0.864978 -0.049185  0.078160 0.479824 0
0  1.875000 16.531532 0.000000  0.499394 -0.864978 -0.049185  0.078534 0.479835 0
c_invasion_wrangler_laser
0  1.732274 17.068466 -0.717532  0.480202 0.864978 -0.145670  0.079582 0.454568 0
0  1.838972 17.068466 -0.365794  0.480202 0.864978 -0.145670  0.079182 0.467174 0
0  2.295037 16.799999 -0.456511  0.480202 0.864978 -0.145670  0.078908 0.467202 0
c_invasion_wrangler_laser
0  1.732274 16.531532 -0.717532  -0.956940 -0.000000 0.290285  0.079237 0.454622 0
0  1.838972 16.531532 -0.365794  -0.956940 -0.000000 0.290285  0.078825 0.467230 0
0  1.838972 17.068466 -0.365794  -0.956940 -0.000000 0.290285  0.079182 0.467174 0
c_invasion_wrangler_laser
0  2.161877 16.799999 -0.895480  0.480202 -0.864978 -0.145666  0.079531 0.454580 0
0  2.295037 16.799999 -0.456511  0.480202 -0.864978 -0.145666  0.078908 0.467202 0
0  1.838972 16.531532 -0.365794  0.480202 -0.864978 -0.145666  0.078825 0.467230 0
c_invasion_wrangler_laser
0  1.559005 17.068466 -1.041694  0.442557 0.864978 -0.236550  0.079836 0.441970 0
0  1.732274 17.068466 -0.717532  0.442557 0.864978 -0.236550  0.079582 0.454568 0
0  2.161877 16.799999 -0.895480  0.442557 0.864978 -0.236550  0.079531 0.454580 0
c_invasion_wrangler_laser
0  1.559005 16.531532 -1.041694  -0.881922 0.000000 0.471396  0.079656 0.442006 0
0  1.732274 16.531532 -0.717532  -0.881922 0.000000 0.471396  0.079237 0.454622 0
0  1.732274 17.068466 -0.717532  -0.881922 0.000000 0.471396  0.079582 0.454568 0
c_invasion_wrangler_laser
0  1.945639 16.799999 -1.300034  0.442557 -0.864978 -0.236552  0.080311 0.441939 0
0  2.161877 16.799999 -0.895480  0.442557 -0.864978 -0.236552  0.079531 0.454580 0
0  1.732274 16.531532 -0.717532  0.442557 -0.864978 -0.236552  0.079237 0.454622 0
c_invasion_wrangler_laser
0  1.325824 17.068466 -1.325826  0.387904 0.864978 -0.318344  0.080608 0.429397 0
0  1.559005 17.068466 -1.041694  0.387904 0.864978 -0.318344  0.079836 0.441970 0
0  1.945639 16.799999 -1.300034  0.387904 0.864978 -0.318344  0.080311 0.441939 0
c_invasion_wrangler_laser
0  1.325824 16.531532 -1.325826  -0.773010 0.000000 0.634393  0.079960 0.429403 0
0  1.559005 16.531532 -1.041694  -0.773010 0.000000 0.634393  0.079656 0.442006 0
0  1.559005 17.068466 -1.041694  -0.773010 0.000000 0.634393  0.079836 0.441970 0
c_invasion_wrangler_laser
0  1.654629 16.799999 -1.654631  0.387904 -0.864978 -0.318346  0.080640 0.429269 0
0  1.945639 16.799999 -1.300034  0.387904 -0.864978 -0.318346  0.080311 0.441939 0
0  1.559005 16.531532 -1.041694  0.387904 -0.864978 -0.318346  0.079656 0.442006 0
c_invasion_wrangler_laser
0  1.041694 17.068466 -1.559005  0.318345 0.864978 -0.387905  0.081336 0.416823 0
0  1.325824 17.068466 -1.325826  0.318345 0.864978 -0.387905  0.080608 0.429397 0
0  1.654629 16.799999 -1.654631  0.318345 0.864978 -0.387905  0.080640 0.429269 0
c_invasion_wrangler_laser
0  1.041694 16.531530 -1.559005  -0.634391 0.000000 0.773012  0.080883 0.416856 0
0  1.325824 16.531532 -1.325826  -0.634391 0.000000 0.773012  0.079960 0.429403 0
0  1.325824 17.068466 -1.325826  -0.634391 0.000000 0.773012  0.080608 0.429397 0
c_invasion_wrangler_laser
0  1.300034 16.799999 -1.945639  0.318345 -0.864978 -0.387903  0.080319 0.416453 0
0  1.654629 16.799999 -1.654631  0.318345 -0.864978 -0.387903  0.080640 0.429269 0
0  1.325824 16.531532 -1.325826  0.318345 -0.864978 -0.387903  0.079960 0.429403 0
c_invasion_wrangler_laser
0  0.717532 17.068466 -1.732274  0.236552 0.864978 -0.442556  0.081511 0.404445 0
0  1.041694 17.068466 -1.559005  0.236552 0.864978 -0.442556  0.081336 0.416823 0
0  1.300034 16.799999 -1.945639  0.236552 0.864978 -0.442556  0.080319 0.416453 0
c_invasion_wrangler_laser
0  0.717532 16.531530 -1.732274  -0.471395 0.000000 0.881922  0.081210 0.404489 0
0  1.041694 16.531530 -1.559005  -0.471395 0.000000 0.881922  0.080883 0.416856 0
0  1.041694 17.068466 -1.559005  -0.471395 0.000000 0.881922  0.081336 0.416823 0
c_invasion_wrangler_laser
0  0.895480 16.799999 -2.161878  0.236552 -0.864975 -0.442562  0.081225 0.403252 0
0  1.300034 16.799999 -1.945639  0.236552 -0.864975 -0.442562  0.080319 0.416453 0
0  1.041694 16.531530 -1.559005  0.236552 -0.864975 -0.442562  0.080883 0.416856 0
c_invasion_wrangler_laser
0  0.365794 17.068466 -1.838972  0.145668 0.864981 -0.480196  0.081455 0.392765 0
0  0.717532 17.068466 -1.732274  0.145668 0.864981 -0.480196  0.081511 0.404445 0
0  0.895480 16.799999 -2.161878  0.145668 0.864981 -0.480196  0.081225 0.403252 0
c_invasion_wrangler_laser
0  0.365794 16.531530 -1.838972  -0.290284 0.000000 0.956941  0.081799 0.392796 0
0  0.717532 16.531530 -1.732274  -0.290284 0.000000 0.956941  0.081210 0.404489 0
0  0.717532 17.068466 -1.732274  -0.290284 0.000000 0.956941  0.081511 0.404445 0
c_invasion_wrangler_laser
0  0.456511 16.799999 -2.295038  0.145669 -0.864976 -0.480206  0.081891 0.388512 0
0  0.895480 16.799999 -2.161878  0.145669 -0.864976 -0.480206  0.081225 0.403252 0
0  0.717532 16.531530 -1.732274  0.145669 -0.864976 -0.480206  0.081210 0.404489 0
c_invasion_wrangler_laser
0  0.000000 17.068466 -1.875000  0.049186 0.864978 -0.499394  0.079948 0.383488 0
0  0.365794 17.068466 -1.838972  0.049186 0.864978 -0.499394  0.081455 0.392765 0
0  0.456511 16.799999 -2.295038  0.049186 0.864978 -0.499394  0.081891 0.388512 0
c_invasion_wrangler_laser
0  0.000000 16.531530 -1.875000  -0.098017 0.000000 0.995185  0.083112 0.383424 0
0  0.365794 16.531530 -1.838972  -0.098017 0.000000 0.995185  0.081799 0.392796 0
0  0.365794 17.068466 -1.838972  -0.098017 0.000000 0.995185  0.081455 0.392765 0
c_invasion_wrangler_laser
0  0.000000 16.799999 -2.340000  0.049186 -0.864974 -0.499400  0.082676 0.368364 0
0  0.456511 16.799999 -2.295038  0.049186 -0.864974 -0.499400  0.081891 0.388512 0
0  0.365794 16.531530 -1.838972  0.049186 -0.864974 -0.499400  0.081799 0.392796 0
c_invasion_wrangler_laser
0  0.365795 17.068468 1.838972  0.049186 0.864976 0.499397  0.078121 0.565909 0
0  0.000000 17.068468 1.875000  0.049186 0.864976 0.499397  0.083112 0.572434 0
0  0.000000 16.799999 2.340000  0.049186 0.864976 0.499397  0.073927 0.601972 0
c_invasion_wrangler_laser
0  0.365795 16.531532 1.838972  -0.098018 0.000000 -0.995185  0.072452 0.565700 0
0  0.000000 16.531532 1.875000  -0.098018 0.000000 -0.995185  0.066985 0.571830 0
0  0.000000 17.068468 1.875000  -0.098018 0.000000 -0.995185  0.083112 0.572434 0
c_invasion_wrangler_laser
0  0.456512 16.799999 2.295037  0.049185 -0.864977 0.499395  0.074976 0.573883 0
0  0.000000 16.799999 2.340000  0.049185 -0.864977 0.499395  0.073927 0.601972 0
0  0.000000 16.531532 1.875000  0.049185 -0.864977 0.499395  0.066985 0.571830 0
c_invasion_wrangler_laser
0  0.717532 17.068468 1.732274  0.145669 0.864977 0.480204  0.076710 0.554907 0
0  0.365795 17.068468 1.838972  0.145669 0.864977 0.480204  0.078121 0.565909 0
0  0.456512 16.799999 2.295037  0.145669 0.864977 0.480204  0.074976 0.573883 0
c_invasion_wrangler_laser
0  0.717532 16.531532 1.732274  -0.290285 0.000000 -0.956940  0.074695 0.554838 0
0  0.365795 16.531532 1.838972  -0.290285 0.000000 -0.956940  0.072452 0.565700 0
0  0.365795 17.068468 1.838972  -0.290285 0.000000 -0.956940  0.078121 0.565909 0
c_invasion_wrangler_laser
0  0.895480 16.799999 2.161878  0.145668 -0.864978 0.480203  0.075591 0.557090 0
0  0.456512 16.799999 2.295037  0.145668 -0.864978 0.480203  0.074976 0.573883 0
0  0.365795 16.531532 1.838972  0.145668 -0.864978 0.480203  0.072452 0.565700 0
c_invasion_wrangler_laser
0  1.041694 17.068468 1.559005  0.236553 0.864977 0.442558  0.076401 0.542723 0
0  0.717532 17.068468 1.732274  0.236553 0.864977 0.442558  0.076710 0.554907 0
0  0.895480 16.799999 2.161878  0.236553 0.864977 0.442558  0.075591 0.557090 0
c_invasion_wrangler_laser
0  1.041694 16.531532 1.559005  -0.471398 0.000000 -0.881920  0.075960 0.542719 0
0  0.717532 16.531532 1.732274  -0.471398 0.000000 -0.881920  0.074695 0.554838 0
0  0.717532 17.068468 1.732274  -0.471398 0.000000 -0.881920  0.076710 0.554907 0
c_invasion_wrangler_laser
0  1.300034 16.799999 1.945639  0.236551 -0.864977 0.442559  0.076055 0.543324 0
0  0.895480 16.799999 2.161878  0.236551 -0.864977 0.442559  0.075591 0.557090 0
0  0.717532 16.531532 1.732274  0.236551 -0.864977 0.442559  0.074695 0.554838 0
c_invasion_wrangler_laser
0  1.325825 17.068466 1.325825  0.318350 0.864977 0.387903  0.077124 0.530255 0
0  1.041694 17.068468 1.559005  0.318350 0.864977 0.387903  0.076401 0.542723 0
0  1.300034 16.799999 1.945639  0.318350 0.864977 0.387903  0.076055 0.543324 0
c_invasion_wrangler_laser
0  1.325825 16.531532 1.325825  -0.634396 0.000000 -0.773008  0.076318 0.530256 0
0  1.041694 16.531532 1.559005  -0.634396 0.000000 -0.773008  0.075960 0.542719 0
0  1.041694 17.068468 1.559005  -0.634396 0.000000 -0.773008  0.076401 0.542723 0
c_invasion_wrangler_laser
0  1.654629 16.799999 1.654630  0.318345 -0.864977 0.387906  0.076366 0.530378 0
0  1.300034 16.799999 1.945639  0.318345 -0.864977 0.387906  0.076055 0.543324 0
0  1.041694 16.531532 1.559005  0.318345 -0.864977 0.387906  0.075960 0.542719 0
c_invasion_wrangler_laser
0  1.559005 17.068466 1.041694  0.387904 0.864978 0.318344  0.077339 0.517633 0
0  1.325825 17.068466 1.325825  0.387904 0.864978 0.318344  0.077124 0.530255 0
0  1.654629 16.799999 1.654630  0.387904 0.864978 0.318344  0.076366 0.530378 0
c_invasion_wrangler_laser
0  1.559005 16.531532 1.041694  -0.773010 0.000000 -0.634394  0.076629 0.517644 0
0  1.325825 16.531532 1.325825  -0.773010 0.000000 -0.634394  0.076318 0.530256 0
0  1.325825 17.068466 1.325825  -0.773010 0.000000 -0.634394  0.077124 0.530255 0
c_invasion_wrangler_laser
0  1.945639 16.799999 1.300034  0.387905 -0.864978 0.318344  0.077320 0.517725 0
0  1.654629 16.799999 1.654630  0.387905 -0.864978 0.318344  0.076366 0.530378 0
0  1.325825 16.531532 1.325825  0.387905 -0.864978 0.318344  0.076318 0.530256 0
c_invasion_wrangler_laser
0  1.732274 17.068466 0.717531  0.442557 0.864977 0.236554  0.077567 0.505029 0
0  1.559005 17.068466 1.041694  0.442557 0.864977 0.236554  0.077339 0.517633 0
0  1.945639 16.799999 1.300034  0.442557 0.864977 0.236554  0.077320 0.517725 0
c_invasion_wrangler_laser
0  1.732274 16.531532 0.717531  -0.881921 0.000000 -0.471396  0.077509 0.505052 0
0  1.559005 16.531532 1.041694  -0.881921 0.000000 -0.471396  0.076629 0.517644 0
0  1.559005 17.068466 1.041694  -0.881921 0.000000 -0.471396  0.077339 0.517633 0
c_invasion_wrangler_laser
0  2.161878 16.799999 0.895479  0.442557 -0.864978 0.236551  0.077601 0.505070 0
0  1.945639 16.799999 1.300034  0.442557 -0.864978 0.236551  0.077320 0.517725 0
0  1.559005 16.531532 1.041694  0.442557 -0.864978 0.236551  0.076629 0.517644 0
c_invasion_wrangler_laser
0  1.838972 17.068466 0.365794  0.480203 0.864978 0.145666  0.078474 0.492425 0
0  1.732274 17.068466 0.717531  0.480203 0.864978 0.145666  0.077567 0.505029 0
0  2.161878 16.799999 0.895479  0.480203 0.864978 0.145666  0.077601 0.505070 0
c_invasion_wrangler_laser
0  1.838972 16.531532 0.365794  -0.956940 0.000000 -0.290286  0.077648 0.492435 0
0  1.732274 16.531532 0.717531  -0.956940 0.000000 -0.290286  0.077509 0.505052 0
0  1.732274 17.068466 0.717531  -0.956940 0.000000 -0.290286  0.077567 0.505029 0
c_invasion_wrangler_laser
0  2.295037 16.799999 0.456511  0.480202 -0.864978 0.145670  0.077955 0.492440 0
0  2.161878 16.799999 0.895479  0.480202 -0.864978 0.145670  0.077601 0.505070 0
0  1.732274 16.531532 0.717531  0.480202 -0.864978 0.145670  0.077509 0.505052 0
c_invasion_wrangler_laser
0  1.875000 17.068466 -0.000000  0.499393 0.864978 0.049186  0.078769 0.479795 0
0  1.838972 17.068466 0.365794  0.499393 0.864978 0.049186  0.078474 0.492425 0
0  2.295037 16.799999 0.456511  0.499393 0.864978 0.049186  0.077955 0.492440 0
c_invasion_wrangler_laser
0  1.875000 16.531532 0.000000  -0.995185 -0.000000 -0.098017  0.078534 0.479835 0
0  1.838972 16.531532 0.365794  -0.995185 -0.000000 -0.098017  0.077648 0.492435 0
0  1.838972 17.068466 0.365794  -0.995185 -0.000000 -0.098017  0.078474 0.492425 0
c_invasion_wrangler_laser
0  2.340000 16.799999 0.000000  0.499393 -0.864978 0.049189  0.078160 0.479824 0
0  2.295037 16.799999 0.456511  0.499393 -0.864978 0.049189  0.077955 0.492440 0
0  1.838972 16.531532 0.365794  0.499393 -0.864978 0.049189  0.077648 0.492435 0
gold_player
0  0.228256 16.625002 -1.147519  0.268320 0.000632 -0.963330  0.000000 0.000000 0
0  0.000000 16.625002 -1.170000  0.127847 0.016769 -0.991652  0.000000 0.000000 0
0  0.000000 17.625002 0.000000  0.127426 0.013162 -0.991761  0.000000 0.000000 0
gold_player
0  0.000000 16.625002 1.170000  0.127875 0.016750 0.991649  0.000000 0.000000 0
0  0.228256 16.625002 1.147519  0.268324 0.000528 0.963328  0.000000 0.000000 0
0  0.011947 17.625004 -0.000000  0.448986 0.051101 0.892076  0.000000 0.000000 0
c_invasion_wrangler_laser
0  7.539999 26.499998 0.000000  0.499395 0.049186 0.864977  0.154661 0.489168 0
0  7.440467 27.510567 0.000000  0.499395 0.049186 0.864977  0.154897 0.489168 0
0  6.520981 27.327669 0.541266  0.499395 0.049186 0.864977  0.154878 0.491463 0
c_invasion_wrangler_laser
0  6.602499 26.499998 0.541266  -0.995185 -0.098016 0.000000  0.150834 0.489168 0
0  6.520981 27.327669 0.541266  -0.995185 -0.098016 0.000000  0.151049 0.489168 0
0  6.520981 27.327669 -0.541266  -0.995185 -0.098016 0.000000  0.151049 0.491463 0
c_invasion_wrangler_laser
0  6.602499 26.499998 -0.541266  0.499396 0.049186 -0.864977  0.154326 0.489168 0
0  6.520981 27.327669 -0.541266  0.499396 0.049186 -0.864977  0.154519 0.489168 0
0  7.440467 27.510567 0.000000  0.499396 0.049186 -0.864977  0.154538 0.491463 0
c_invasion_wrangler_laser
0  7.440467 27.510567 0.000000  0.480202 0.145668 0.864978  0.155021 0.489168 0
0  7.145696 28.482298 0.000000  0.480202 0.145668 0.864978  0.155257 0.489168 0
0  6.279558 28.123531 0.541266  0.480202 0.145668 0.864978  0.155238 0.491463 0
c_invasion_wrangler_laser
0  6.520981 27.327669 0.541266  -0.956940 -0.290285 0.000000  0.149818 0.489168 0
0  6.279558 28.123531 0.541266  -0.956940 -0.290285 0.000000  0.150034 0.489168 0
0  6.279558 28.123531 -0.541266  -0.956940 -0.290285 0.000000  0.150034 0.491463 0
c_invasion_wrangler_laser
0  6.520981 27.327669 -0.541266  0.480203 0.145668 -0.864977  0.155404 0.489168 0
0  6.279558 28.123531 -0.541266  0.480203 0.145668 -0.864977  0.155598 0.489168 0
0  7.145696 28.482298 0.000000  0.480203 0.145668 -0.864977  0.155617 0.491463 0
c_invasion_wrangler_laser
0  7.145696 28.482298 0.000000  0.442557 0.236552 0.864978  0.162330 0.498793 0
0  6.667012 29.377851 0.000000  0.442557 0.236552 0.864978  0.162567 0.498793 0
0  5.887509 28.857004 0.541266  0.442557 0.236552 0.864978  0.162544 0.501088 0
c_invasion_wrangler_laser
0  6.279558 28.123531 0.541266  -0.881921 -0.471397 0.000000  0.151849 0.489168 0
0  5.887509 28.857004 0.541266  -0.881921 -0.471397 0.000000  0.152065 0.489168 0
0  5.887509 28.857004 -0.541266  -0.881921 -0.471397 0.000000  0.152065 0.491463 0
c_invasion_wrangler_laser
0  6.279558 28.123531 -0.541266  0.442557 0.236551 -0.864978  0.156484 0.489168 0
0  5.887509 28.857004 -0.541266  0.442557 0.236551 -0.864978  0.156678 0.489168 0
0  6.667012 29.377851 0.000000  0.442557 0.236551 -0.864978  0.156696 0.491463 0
c_invasion_wrangler_laser
0  0.541266 22.339016 -3.172300  0.000000 0.956940 0.290285  0.148140 0.489171 0
0  0.541266 22.580441 -3.968166  0.000000 0.956940 0.290285  0.148140 0.490858 0
0  -0.541265 22.580441 -3.968166  0.000000 0.956940 0.290285  0.147872 0.490855 0
c_invasion_wrangler_laser
0  0.541266 22.257498 -2.344631  0.000000 0.995185 0.098016  0.161868 0.489200 0
0  0.541266 22.339016 -3.172300  0.000000 0.995185 0.098016  0.161669 0.490943 0
0  -0.541265 22.339016 -3.172300  0.000000 0.995185 0.098016  0.161392 0.490911 0
c_invasion_wrangler_laser
0  -0.541265 22.257498 -2.344631  -0.864977 -0.499394 -0.049188  0.160811 0.490199 0
0  -0.541265 22.339016 -3.172300  -0.864977 -0.499394 -0.049188  0.160872 0.489168 0
0  0.000000 21.419529 -3.355197  -0.864977 -0.499394 -0.049188  0.160886 0.490758 0
c_invasion_wrangler_laser
0  -0.541265 22.339016 -3.172300  -0.864978 -0.480202 -0.145668  0.161195 0.490442 0
0  -0.541265 22.580441 -3.968166  -0.864978 -0.480202 -0.145668  0.161255 0.489168 0
0  0.000000 21.714302 -4.326933  -0.864978 -0.480202 -0.145668  0.161269 0.490601 0
c_invasion_wrangler_laser
0  0.000000 21.319998 -2.344631  0.864977 -0.499395 -0.049186  0.160441 0.490062 0
0  0.000000 21.419529 -3.355197  0.864977 -0.499395 -0.049186  0.160517 0.489168 0
0  0.541266 22.339016 -3.172300  0.864977 -0.499395 -0.049186  0.160517 0.490956 0
c_invasion_wrangler_laser
0  0.000000 21.419529 -3.355197  0.864977 -0.480203 -0.145669  0.149121 0.489681 0
0  0.000000 21.714302 -4.326933  0.864977 -0.480203 -0.145669  0.149199 0.489168 0
0  0.541266 22.580441 -3.968166  0.864977 -0.480203 -0.145669  0.149199 0.490797 0
c_invasion_wrangler_laser
0  -0.541266 28.123531 -6.264189  -0.864977 0.236552 -0.442559  0.147896 0.490982 0
0  -0.541266 28.857004 -5.872140  -0.864977 0.236552 -0.442559  0.147896 0.492047 0
0  0.000000 29.377851 -6.651643  -0.864977 0.236552 -0.442559  0.147872 0.492547 0
c_invasion_wrangler_laser
0  0.000000 28.482298 -7.130326  0.864978 0.236552 -0.442557  0.162834 0.503346 0
0  0.000000 29.377851 -6.651643  0.864978 0.236552 -0.442557  0.163026 0.503086 0
0  0.541265 28.857004 -5.872140  0.864978 0.236552 -0.442557  0.162848 0.503486 0
c_invasion_wrangler_laser
0  0.541265 28.123531 -6.264189  0.000000 -0.471397 0.881921  0.151002 0.492460 0
0  0.541265 28.857004 -5.872140  0.000000 -0.471397 0.881921  0.151002 0.491612 0
0  -0.541266 28.857004 -5.872140  0.000000 -0.471397 0.881921  0.151132 0.491586 0
c_invasion_wrangler_laser
0  -0.541266 27.327669 -6.505611  -0.864978 0.145669 -0.480201  0.150509 0.491586 0
0  -0.541266 28.123531 -6.264189  -0.864978 0.145669 -0.480201  0.150509 0.492292 0
0  0.000000 28.482298 -7.130326  -0.864978 0.145669 -0.480201  0.150495 0.492515 0
c_invasion_wrangler_laser
0  0.000000 27.510567 -7.425097  0.864978 0.145668 -0.480202  0.153598 0.491884 0
0  0.000000 28.482298 -7.130326  0.864978 0.145668 -0.480202  0.153598 0.491586 0
0  0.541265 28.123531 -6.264189  0.864978 0.145668 -0.480202  0.153637 0.491783 0
c_invasion_wrangler_laser
0  0.541265 27.327669 -6.505611  0.000000 -0.290287 0.956940  0.151989 0.492164 0
0  0.541265 28.123531 -6.264189  0.000000 -0.290287 0.956940  0.151989 0.491615 0
0  -0.541266 28.123531 -6.264189  0.000000 -0.290287 0.956940  0.152065 0.491586 0
c_invasion_wrangler_laser
0  -0.541266 26.499998 -6.587130  -0.864978 0.049186 -0.499393  0.154432 0.491602 0
0  -0.541266 27.327669 -6.505611  -0.864978 0.049186 -0.499393  0.154432 0.491905 0
0  0.000000 27.510567 -7.425097  -0.864978 0.049186 -0.499393  0.154429 0.491957 0
c_invasion_wrangler_laser
0  0.000000 26.499998 -7.524630  0.864978 0.049186 -0.499393  0.155971 0.491832 0
0  0.000000 27.510567 -7.425097  0.864978 0.049186 -0.499393  0.155971 0.491586 0
0  0.541265 27.327669 -6.505611  0.864978 0.049186 -0.499393  0.155976 0.491645 0
c_invasion_wrangler_laser
0  0.541265 26.499998 -6.587130  0.000000 -0.098017 0.995185  0.154870 0.491882 0
0  0.541265 27.327669 -6.505611  0.000000 -0.098017 0.995185  0.154870 0.491608 0
0  -0.541266 27.327669 -6.505611  0.000000 -0.098017 0.995185  0.154887 0.491586 0
c_invasion_wrangler_laser
0  0.541266 22.972488 -4.701637  0.000000 0.773011 0.634393  0.148839 0.491230 0
0  0.541266 23.500095 -5.344530  0.000000 0.773011 0.634393  0.148839 0.492595 0
0  -0.541266 23.500095 -5.344530  0.000000 0.773011 0.634393  0.148623 0.492582 0
c_invasion_wrangler_laser
0  0.000000 21.714302 -4.326933  0.864977 -0.442558 -0.236554  0.148019 0.491151 0
0  0.000000 22.192986 -5.222485  0.864977 -0.442558 -0.236554  0.148098 0.490982 0
0  0.541266 22.972488 -4.701637  0.864977 -0.442558 -0.236554  0.148098 0.492348 0
c_invasion_wrangler_laser
0  -0.541265 22.972488 -4.701637  -0.864976 -0.387906 -0.318347  0.160640 0.490607 0
0  -0.541266 23.500095 -5.344530  -0.864976 -0.387906 -0.318347  0.160640 0.489168 0
0  0.000000 22.837183 -6.007442  -0.864976 -0.387906 -0.318347  0.160687 0.490034 0
c_invasion_wrangler_laser
0  -0.541265 22.580441 -3.968166  -0.864977 -0.442558 -0.236552  0.161009 0.490588 0
0  -0.541265 22.972488 -4.701637  -0.864977 -0.442558 -0.236552  0.161009 0.489168 0
0  0.000000 22.192986 -5.222485  -0.864977 -0.442558 -0.236552  0.161071 0.490345 0
c_invasion_wrangler_laser
0  0.541266 22.580441 -3.968166  0.000000 0.881922 0.471396  0.147598 0.490930 0
0  0.541266 22.972488 -4.701637  0.000000 0.881922 0.471396  0.147598 0.492486 0
0  -0.541265 22.972488 -4.701637  0.000000 0.881922 0.471396  0.147351 0.492478 0
c_invasion_wrangler_laser
0  0.000000 22.192986 -5.222485  0.864976 -0.387906 -0.318347  0.149818 0.491586 0
0  0.000000 22.837183 -6.007442  0.864976 -0.387906 -0.318347  0.149897 0.491682 0
0  0.541266 23.500095 -5.344530  0.864976 -0.387906 -0.318347  0.149882 0.492720 0
c_invasion_wrangler_laser
0  -0.541266 24.142992 -5.872141  -0.864978 -0.236552 -0.442557  0.147721 0.491988 0
0  -0.541266 24.876463 -6.264189  -0.864978 -0.236552 -0.442557  0.147721 0.490923 0
0  0.000000 24.517696 -7.130325  -0.864978 -0.236552 -0.442557  0.147745 0.491187 0
c_invasion_wrangler_laser
0  0.541266 23.500095 -5.344530  0.000000 0.634395 0.773009  0.149656 0.491607 0
0  0.541266 24.142992 -5.872141  0.000000 0.634395 0.773009  0.149656 0.492732 0
0  -0.541266 24.142992 -5.872141  0.000000 0.634395 0.773009  0.149480 0.492712 0
c_invasion_wrangler_laser
0  0.000000 24.517696 -7.130325  0.864978 -0.145668 -0.480201  0.153409 0.491586 0
0  0.000000 25.489431 -7.425098  0.864978 -0.145668 -0.480201  0.153409 0.491884 0
0  0.541266 25.672329 -6.505611  0.864978 -0.145668 -0.480201  0.153370 0.492027 0
c_invasion_wrangler_laser
0  0.541266 24.142992 -5.872141  0.000000 0.471396 0.881922  0.151385 0.491612 0
0  0.541266 24.876463 -6.264189  0.000000 0.471396 0.881922  0.151385 0.492460 0
0  -0.541266 24.876463 -6.264189  0.000000 0.471396 0.881922  0.151255 0.492434 0
c_invasion_wrangler_laser
0  -0.541266 23.500095 -5.344530  -0.864976 -0.318345 -0.387908  0.149322 0.490487 0
0  -0.541266 24.142992 -5.872141  -0.864976 -0.318345 -0.387908  0.149322 0.489168 0
0  0.000000 23.622145 -6.651644  -0.864976 -0.318345 -0.387908  0.149357 0.489713 0
c_invasion_wrangler_laser
0  0.000000 23.622145 -6.651644  0.864978 -0.236552 -0.442556  0.151702 0.491586 0
0  0.000000 24.517696 -7.130325  0.864978 -0.236552 -0.442556  0.151771 0.491902 0
0  0.541266 24.876463 -6.264189  0.864978 -0.236552 -0.442556  0.151758 0.492283 0
c_invasion_wrangler_laser
0  0.541266 24.876463 -6.264189  0.000000 0.290283 0.956941  0.152458 0.491615 0
0  0.541266 25.672329 -6.505611  0.000000 0.290283 0.956941  0.152458 0.492164 0
0  -0.541266 25.672329 -6.505611  0.000000 0.290283 0.956941  0.152382 0.492135 0
c_invasion_wrangler_laser
0  0.000000 22.837183 -6.007442  0.864977 -0.318345 -0.387905  0.150208 0.491586 0
0  0.000000 23.622145 -6.651644  0.864977 -0.318345 -0.387905  0.150283 0.491845 0
0  0.541266 24.142992 -5.872141  0.864977 -0.318345 -0.387905  0.150269 0.492537 0
c_invasion_wrangler_laser
0  -0.541266 24.876463 -6.264189  -0.864979 -0.145668 -0.480201  0.149322 0.492152 0
0  -0.541266 25.672329 -6.505611  -0.864979 -0.145668 -0.480201  0.149322 0.491447 0
0  0.000000 25.489431 -7.425098  -0.864979 -0.145668 -0.480201  0.149336 0.491515 0
c_invasion_wrangler_laser
0  -0.541266 25.672329 -6.505611  -0.864976 -0.049187 -0.499396  0.154302 0.491906 0
0  -0.541266 26.499998 -6.587130  -0.864976 -0.049187 -0.499396  0.154302 0.491602 0
0  0.000000 26.499998 -7.524630  -0.864976 -0.049187 -0.499396  0.154305 0.491586 0
c_invasion_wrangler_laser
0  0.000000 25.489431 -7.425098  0.864977 -0.049186 -0.499395  0.156105 0.491586 0
0  0.000000 26.499998 -7.524630  0.864977 -0.049186 -0.499395  0.156105 0.491832 0
0  0.541265 26.499998 -6.587130  0.864977 -0.049186 -0.499395  0.156100 0.491847 0
c_invasion_wrangler_laser
0  0.541266 25.672329 -6.505611  0.000000 0.098017 0.995185  0.155028 0.491608 0
0  0.541265 26.499998 -6.587130  0.000000 0.098017 0.995185  0.155028 0.491882 0
0  -0.541266 26.499998 -6.587130  0.000000 0.098017 0.995185  0.155011 0.491861 0
c_invasion_wrangler_laser
0  2.360000 21.319998 0.000000  0.049186 -0.499395 0.864977  0.157903 0.489168 0
0  3.370565 21.419529 0.000000  0.049186 -0.499395 0.864977  0.158142 0.489168 0
0  3.187669 22.339016 0.541266  0.049186 -0.499395 0.864977  0.158121 0.491463 0
c_invasion_wrangler_laser
0  2.360000 22.257498 0.541266  -0.098017 0.995185 0.000000  0.161992 0.498480 0
0  3.187669 22.339016 0.541266  -0.098017 0.995185 0.000000  0.162207 0.498480 0
0  3.187669 22.339016 -0.541266  -0.098017 0.995185 0.000000  0.162207 0.500775 0
c_invasion_wrangler_laser
0  2.360000 22.257498 -0.541266  0.049186 -0.499394 -0.864978  0.158288 0.489168 0
0  3.187669 22.339016 -0.541266  0.049186 -0.499394 -0.864978  0.158483 0.489168 0
0  3.370565 21.419529 0.000000  0.049186 -0.499394 -0.864978  0.158504 0.491463 0
c_invasion_wrangler_laser
0  3.370565 21.419529 0.000000  0.145668 -0.480203 0.864977  0.160078 0.489168 0
0  4.342301 21.714302 0.000000  0.145668 -0.480203 0.864977  0.160317 0.489168 0
0  3.983535 22.580441 0.541266  0.145668 -0.480203 0.864977  0.160296 0.491463 0
c_invasion_wrangler_laser
0  3.187669 22.339016 0.541266  -0.290286 0.956940 0.000000  0.149480 0.489168 0
0  3.983535 22.580441 0.541266  -0.290286 0.956940 0.000000  0.149695 0.489168 0
0  3.983535 22.580441 -0.541266  -0.290286 0.956940 0.000000  0.149695 0.491463 0
c_invasion_wrangler_laser
0  3.187669 22.339016 -0.541266  0.145668 -0.480201 -0.864978  0.159737 0.489168 0
0  3.983535 22.580441 -0.541266  0.145668 -0.480201 -0.864978  0.159933 0.489168 0
0  4.342301 21.714302 0.000000  0.145668 -0.480201 -0.864978  0.159954 0.491463 0
c_invasion_wrangler_laser
0  4.342301 21.714302 0.000000  0.236553 -0.442558 0.864977  0.158989 0.489168 0
0  5.237853 22.192986 0.000000  0.236553 -0.442558 0.864977  0.159229 0.489168 0
0  4.717006 22.972488 0.541266  0.236553 -0.442558 0.864977  0.159207 0.491463 0
c_invasion_wrangler_laser
0  3.983535 22.580441 0.541266  -0.471396 0.881921 0.000000  0.150495 0.489168 0
0  4.717006 22.972488 0.541266  -0.471396 0.881921 0.000000  0.150711 0.489168 0
0  4.717006 22.972488 -0.541266  -0.471396 0.881921 0.000000  0.150711 0.491463 0
c_invasion_wrangler_laser
0  3.983535 22.580441 -0.541266  0.236552 -0.442559 -0.864977  0.159373 0.489168 0
0  4.717006 22.972488 -0.541266  0.236552 -0.442559 -0.864977  0.159570 0.489168 0
0  5.237853 22.192986 0.000000  0.236552 -0.442559 -0.864977  0.159592 0.491463 0
c_invasion_wrangler_laser
0  5.237853 22.192986 0.000000  0.318344 -0.387904 0.864978  0.157541 0.489168 0
0  6.022811 22.837183 0.000000  0.318344 -0.387904 0.864978  0.157780 0.489168 0
0  5.359899 23.500095 0.541266  0.318344 -0.387904 0.864978  0.157757 0.491463 0
c_invasion_wrangler_laser
0  4.717006 22.972488 0.541266  -0.634392 0.773011 0.000000  0.151172 0.489168 0
0  5.359899 23.500095 0.541266  -0.634392 0.773011 0.000000  0.151388 0.489168 0
0  5.359899 23.500095 -0.541266  -0.634392 0.773011 0.000000  0.151388 0.491463 0
c_invasion_wrangler_laser
0  4.717006 22.972488 -0.541266  0.318344 -0.387904 -0.864978  0.158648 0.489168 0
0  5.359899 23.500095 -0.541266  0.318344 -0.387904 -0.864978  0.158844 0.489168 0
0  6.022811 22.837183 0.000000  0.318344 -0.387904 -0.864978  0.158866 0.491463 0
c_invasion_wrangler_laser
0  6.022811 22.837183 0.000000  0.387905 -0.318345 0.864977  0.157181 0.489168 0
0  6.667012 23.622145 0.000000  0.387905 -0.318345 0.864977  0.157418 0.489168 0
0  5.887509 24.142992 0.541266  0.387905 -0.318345 0.864977  0.157396 0.491463 0
c_invasion_wrangler_laser
0  5.359899 23.500095 0.541266  -0.773011 0.634392 0.000000  0.151511 0.489168 0
0  5.887509 24.142992 0.541266  -0.773011 0.634392 0.000000  0.151726 0.489168 0
0  5.887509 24.142992 -0.541266  -0.773011 0.634392 0.000000  0.151726 0.491463 0
c_invasion_wrangler_laser
0  5.359899 23.500095 -0.541266  0.387904 -0.318344 -0.864978  0.156841 0.489168 0
0  5.887509 24.142992 -0.541266  0.387904 -0.318344 -0.864978  0.157035 0.489168 0
0  6.667012 23.622145 0.000000  0.387904 -0.318344 -0.864978  0.157057 0.491463 0
c_invasion_wrangler_laser
0  6.667012 23.622145 0.000000  0.442557 -0.236552 0.864977  0.156100 0.489168 0
0  7.145695 24.517696 0.000000  0.442557 -0.236552 0.864977  0.156336 0.489168 0
0  6.279558 24.876463 0.541266  0.442557 -0.236552 0.864977  0.156315 0.491463 0
c_invasion_wrangler_laser
0  5.887509 24.142992 0.541266  -0.881921 0.471397 0.000000  0.150157 0.489168 0
0  6.279558 24.876463 0.541266  -0.881921 0.471397 0.000000  0.150372 0.489168 0
0  6.279558 24.876463 -0.541266  -0.881921 0.471397 0.000000  0.150372 0.491463 0
c_invasion_wrangler_laser
0  5.887509 24.142992 -0.541266  0.442560 -0.236553 -0.864976  0.155761 0.489168 0
0  6.279558 24.876463 -0.541266  0.442560 -0.236553 -0.864976  0.155955 0.489168 0
0  7.145695 24.517696 0.000000  0.442560 -0.236553 -0.864976  0.155976 0.491463 0
c_invasion_wrangler_laser
0  7.145695 24.517696 0.000000  0.480203 -0.145668 0.864977  0.153583 0.489168 0
0  7.440468 25.489431 0.000000  0.480203 -0.145668 0.864977  0.153819 0.489168 0
0  6.520981 25.672329 0.541266  0.480203 -0.145668 0.864977  0.153799 0.491463 0
c_invasion_wrangler_laser
0  6.279558 24.876463 0.541266  -0.956941 0.290284 0.000000  0.152188 0.489168 0
0  6.520981 25.672329 0.541266  -0.956941 0.290284 0.000000  0.152403 0.489168 0
0  6.520981 25.672329 -0.541266  -0.956941 0.290284 0.000000  0.152403 0.491463 0
c_invasion_wrangler_laser
0  6.279558 24.876463 -0.541266  0.480205 -0.145668 -0.864976  0.153246 0.489168 0
0  6.520981 25.672329 -0.541266  0.480205 -0.145668 -0.864976  0.153440 0.489168 0
0  7.440468 25.489431 0.000000  0.480205 -0.145668 -0.864976  0.153460 0.491463 0
c_invasion_wrangler_laser
0  7.440468 25.489431 0.000000  0.499395 -0.049186 0.864977  0.153943 0.489168 0
0  7.539999 26.499998 0.000000  0.499395 -0.049186 0.864977  0.154178 0.489168 0
0  6.602499 26.499998 0.541266  0.499395 -0.049186 0.864977  0.154159 0.491463 0
c_invasion_wrangler_laser
0  6.520981 25.672329 0.541266  -0.995185 0.098017 0.000000  0.152526 0.489168 0
0  6.602499 26.499998 0.541266  -0.995185 0.098017 0.000000  0.152741 0.489168 0
0  6.602499 26.499998 -0.541266  -0.995185 0.098017 0.000000  0.152741 0.491463 0
c_invasion_wrangler_laser
0  6.520981 25.672329 -0.541266  0.499393 -0.049186 -0.864978  0.152888 0.489168 0
0  6.602499 26.499998 -0.541266  0.499393 -0.049186 -0.864978  0.153081 0.489168 0
0  7.539999 26.499998 0.000000  0.499393 -0.049186 -0.864978  0.153101 0.491463 0
c_invasion_wrangler_laser
0  -0.541267 22.339016 3.172299  0.000000 0.956939 -0.290289  0.148226 0.492601 0
0  -0.541266 22.580441 3.968166  0.000000 0.956939 -0.290289  0.148226 0.491198 0
0  0.541265 22.580441 3.968166  0.000000 0.956939 -0.290289  0.148494 0.491201 0
c_invasion_wrangler_laser
0  -0.541267 22.257500 2.344630  0.000000 0.995185 -0.098012  0.130580 0.472494 0
0  -0.541267 22.339016 3.172299  0.000000 0.995185 -0.098012  0.130649 0.470775 0
0  0.541265 22.339016 3.172299  0.000000 0.995185 -0.098012  0.130927 0.470787 0
c_invasion_wrangler_laser
0  0.541265 22.257500 2.344630  0.864977 -0.499394 0.049186  0.148828 0.489168 0
0  0.541265 22.339016 3.172299  0.864977 -0.499394 0.049186  0.148779 0.489959 0
0  0.000000 21.419529 3.355196  0.864977 -0.499394 0.049186  0.148779 0.491093 0
c_invasion_wrangler_laser
0  0.541265 22.339016 3.172299  0.864978 -0.480202 0.145668  0.148486 0.489168 0
0  0.541265 22.580441 3.968166  0.864978 -0.480202 0.145668  0.148447 0.489645 0
0  0.000000 21.714302 4.326932  0.864978 -0.480202 0.145668  0.148447 0.491075 0
c_invasion_wrangler_laser
0  0.000000 21.320000 2.344630  -0.864977 -0.499395 0.049184  0.148264 0.489168 0
0  0.000000 21.419529 3.355196  -0.864977 -0.499395 0.049184  0.148264 0.490318 0
0  -0.541267 22.339016 3.172299  -0.864977 -0.499395 0.049184  0.148323 0.490874 0
c_invasion_wrangler_laser
0  0.000000 21.419529 3.355196  -0.864977 -0.480203 0.145669  0.149121 0.491341 0
0  0.000000 21.714302 4.326932  -0.864977 -0.480203 0.145669  0.149121 0.492485 0
0  -0.541266 22.580441 3.968166  -0.864977 -0.480203 0.145669  0.149181 0.492703 0
c_invasion_wrangler_laser
0  0.541266 28.123531 6.264190  0.864977 0.236552 0.442559  0.147571 0.489168 0
0  0.541266 28.857004 5.872141  0.864977 0.236552 0.442559  0.147571 0.489972 0
0  0.000000 29.377851 6.651644  0.864977 0.236552 0.442559  0.147598 0.490799 0
c_invasion_wrangler_laser
0  0.000000 28.482298 7.130327  -0.864978 0.236552 0.442557  0.131077 0.493043 0
0  0.000000 29.377851 6.651644  -0.864978 0.236552 0.442557  0.131262 0.492628 0
0  -0.541265 28.857004 5.872141  -0.864978 0.236552 0.442557  0.131202 0.492616 0
c_invasion_wrangler_laser
0  -0.541265 28.123531 6.264190  0.000000 -0.471397 -0.881921  0.152994 0.492057 0
0  -0.541265 28.857004 5.872141  0.000000 -0.471397 -0.881921  0.152994 0.491586 0
0  0.541266 28.857004 5.872141  0.000000 -0.471397 -0.881921  0.152865 0.491612 0
c_invasion_wrangler_laser
0  0.541266 27.327669 6.505612  0.864978 0.145669 0.480202  0.148963 0.491255 0
0  0.541266 28.123531 6.264190  0.864978 0.145669 0.480202  0.148963 0.491896 0
0  0.000000 28.482298 7.130327  0.864978 0.145669 0.480202  0.148977 0.492278 0
c_invasion_wrangler_laser
0  0.000000 27.510567 7.425098  -0.864978 0.145668 0.480202  0.154747 0.491911 0
0  0.000000 28.482298 7.130327  -0.864978 0.145668 0.480202  0.154747 0.491586 0
0  -0.541265 28.123531 6.264190  -0.864978 0.145668 0.480202  0.154713 0.491617 0
c_invasion_wrangler_laser
0  -0.541265 27.327669 6.505612  0.000000 -0.290287 -0.956940  0.154018 0.492042 0
0  -0.541265 28.123531 6.264190  0.000000 -0.290287 -0.956940  0.154018 0.491586 0
0  0.541266 28.123531 6.264190  0.000000 -0.290287 -0.956940  0.153943 0.491615 0
c_invasion_wrangler_laser
0  0.541266 26.499998 6.587130  0.864978 0.049186 0.499394  0.154142 0.491586 0
0  0.541266 27.327669 6.505612  0.864978 0.049186 0.499394  0.154142 0.491887 0
0  0.000000 27.510567 7.425098  0.864978 0.049186 0.499394  0.154145 0.491968 0
c_invasion_wrangler_laser
0  0.000000 26.499998 7.524630  -0.864978 0.049186 0.499393  0.155777 0.491833 0
0  0.000000 27.510567 7.425098  -0.864978 0.049186 0.499393  0.155777 0.491586 0
0  -0.541265 27.327669 6.505612  -0.864978 0.049186 0.499393  0.155772 0.491616 0
c_invasion_wrangler_laser
0  -0.541265 26.499998 6.587130  0.000000 -0.098016 -0.995185  0.155169 0.491855 0
0  -0.541265 27.327669 6.505612  0.000000 -0.098016 -0.995185  0.155169 0.491586 0
0  0.541266 27.327669 6.505612  0.000000 -0.098016 -0.995185  0.155151 0.491608 0
c_invasion_wrangler_laser
0  -0.541266 22.972488 4.701637  0.000000 0.773011 -0.634393  0.155433 0.491853 0
0  -0.541266 23.500095 5.344529  0.000000 0.773011 -0.634393  0.155433 0.491586 0
0  0.541266 23.500095 5.344529  0.000000 0.773011 -0.634393  0.155649 0.491600 0
c_invasion_wrangler_laser
0  0.000000 21.714302 4.326932  -0.864977 -0.442558 0.236553  0.150020 0.491586 0
0  0.000000 22.192986 5.222484  -0.864977 -0.442558 0.236553  0.150020 0.492596 0
0  -0.541266 22.972488 4.701637  -0.864977 -0.442558 0.236553  0.150085 0.492594 0
c_invasion_wrangler_laser
0  0.541265 22.972488 4.701637  0.864976 -0.387906 0.318347  0.148656 0.489558 0
0  0.541266 23.500095 5.344529  0.864976 -0.387906 0.318347  0.148625 0.489168 0
0  0.000000 22.837183 6.007442  0.864976 -0.387906 0.318347  0.148618 0.490600 0
c_invasion_wrangler_laser
0  0.541265 22.580441 3.968166  0.864977 -0.442558 0.236552  0.147440 0.489168 0
0  0.541265 22.972488 4.701637  0.864977 -0.442558 0.236552  0.147405 0.489217 0
0  0.000000 22.192986 5.222484  0.864977 -0.442558 0.236552  0.147405 0.490766 0
c_invasion_wrangler_laser
0  -0.541266 22.580441 3.968166  0.000000 0.881922 -0.471396  0.150632 0.492450 0
0  -0.541266 22.972488 4.701637  0.000000 0.881922 -0.471396  0.150632 0.491586 0
0  0.541265 22.972488 4.701637  0.000000 0.881922 -0.471396  0.150879 0.491594 0
c_invasion_wrangler_laser
0  0.000000 22.192986 5.222484  -0.864976 -0.387906 0.318347  0.151508 0.491586 0
0  0.000000 22.837183 6.007442  -0.864976 -0.387906 0.318347  0.151508 0.492403 0
0  -0.541266 23.500095 5.344529  -0.864976 -0.387906 0.318347  0.151578 0.492304 0
c_invasion_wrangler_laser
0  0.541266 24.142992 5.872141  0.864978 -0.236552 0.442557  0.147749 0.489972 0
0  0.541266 24.876463 6.264189  0.864978 -0.236552 0.442557  0.147749 0.489168 0
0  0.000000 24.517696 7.130325  0.864978 -0.236552 0.442557  0.147721 0.489818 0
c_invasion_wrangler_laser
0  -0.541266 23.500095 5.344529  0.000000 0.634395 -0.773009  0.156820 0.491586 0
0  -0.541266 24.142992 5.872141  0.000000 0.634395 -0.773009  0.156820 0.491806 0
0  0.541266 24.142992 5.872141  0.000000 0.634395 -0.773009  0.156996 0.491826 0
c_invasion_wrangler_laser
0  0.000000 24.517696 7.130325  -0.864978 -0.145668 0.480201  0.154556 0.491586 0
0  0.000000 25.489431 7.425098  -0.864978 -0.145668 0.480201  0.154556 0.491911 0
0  -0.541266 25.672329 6.505611  -0.864978 -0.145668 0.480201  0.154590 0.491883 0
c_invasion_wrangler_laser
0  -0.541266 24.142992 5.872141  0.000000 0.471396 -0.881922  0.153118 0.491586 0
0  -0.541266 24.876463 6.264189  0.000000 0.471396 -0.881922  0.153118 0.492057 0
0  0.541266 24.876463 6.264189  0.000000 0.471396 -0.881922  0.153247 0.492083 0
c_invasion_wrangler_laser
0  0.541266 23.500095 5.344529  0.864976 -0.318345 0.387908  0.148998 0.489877 0
0  0.541266 24.142992 5.872141  0.864976 -0.318345 0.387908  0.148969 0.489168 0
0  0.000000 23.622145 6.651643  0.864976 -0.318345 0.387908  0.148963 0.490266 0
c_invasion_wrangler_laser
0  0.000000 23.622145 6.651643  -0.864978 -0.236552 0.442556  0.153760 0.491586 0
0  0.000000 24.517696 7.130325  -0.864978 -0.236552 0.442556  0.153760 0.492040 0
0  -0.541266 24.876463 6.264189  -0.864978 -0.236552 0.442556  0.153819 0.491971 0
c_invasion_wrangler_laser
0  -0.541266 24.876463 6.264189  0.000000 0.290283 -0.956941  0.152581 0.491586 0
0  -0.541266 25.672329 6.505611  0.000000 0.290283 -0.956941  0.152581 0.492042 0
0  0.541266 25.672329 6.505611  0.000000 0.290283 -0.956941  0.152657 0.492071 0
c_invasion_wrangler_laser
0  0.000000 22.837183 6.007442  -0.864977 -0.318346 0.387906  0.152188 0.491586 0
0  0.000000 23.622145 6.651643  -0.864977 -0.318346 0.387906  0.152188 0.492208 0
0  -0.541266 24.142992 5.872141  -0.864977 -0.318346 0.387906  0.152259 0.492101 0
c_invasion_wrangler_laser
0  0.541266 24.876463 6.264189  0.864979 -0.145668 0.480201  0.147282 0.489809 0
0  0.541266 25.672329 6.505611  0.864979 -0.145668 0.480201  0.147282 0.489168 0
0  0.000000 25.489431 7.425098  0.864979 -0.145668 0.480201  0.147268 0.489409 0
c_invasion_wrangler_laser
0  0.541266 25.672329 6.505611  0.864976 -0.049187 0.499396  0.147271 0.490616 0
0  0.541266 26.499998 6.587130  0.864976 -0.049187 0.499396  0.147271 0.490315 0
0  0.000000 26.499998 7.524630  0.864976 -0.049187 0.499396  0.147268 0.490330 0
c_invasion_wrangler_laser
0  0.000000 25.489431 7.425098  -0.864977 -0.049186 0.499395  0.156460 0.491586 0
0  0.000000 26.499998 7.524630  -0.864977 -0.049186 0.499395  0.156460 0.491833 0
0  -0.541265 26.499998 6.587130  -0.864977 -0.049186 0.499395  0.156465 0.491818 0
c_invasion_wrangler_laser
0  -0.541266 25.672329 6.505611  0.000000 0.098017 -0.995185  0.155292 0.491586 0
0  -0.541265 26.499998 6.587130  0.000000 0.098017 -0.995185  0.155292 0.491855 0
0  0.541266 26.499998 6.587130  0.000000 0.098017 -0.995185  0.155309 0.491877 0
c_invasion_wrangler_laser
0  6.150000 13.169998 0.000000  0.806461 -0.585928 0.079430  0.177770 0.413747 0
0  6.031829 13.169998 1.199806  0.806461 -0.585928 0.079430  0.177785 0.413762 0
0  5.225359 12.038241 1.039389  0.806461 -0.585928 0.079430  0.177749 0.413771 0
c_invasion_wrangler_laser
0  5.327730 12.038240 0.000000  -0.308874 -0.950616 -0.030422  0.177758 0.413748 0
0  5.225359 12.038241 1.039389  -0.308874 -0.950616 -0.030422  0.177749 0.413771 0
0  3.920463 12.470533 0.779829  -0.308874 -0.950616 -0.030422  0.177728 0.413734 0
c_invasion_wrangler_laser
0  3.997270 12.470533 0.000000  -0.995185 -0.000000 -0.098017  0.177751 0.413737 0
0  3.920463 12.470533 0.779829  -0.995185 -0.000000 -0.098017  0.177728 0.413734 0
0  3.920463 13.869463 0.779829  -0.995185 -0.000000 -0.098017  0.177762 0.413706 0
c_invasion_wrangler_laser
0  3.997270 13.869463 -0.000000  -0.308874 0.950616 -0.030422  0.177762 0.413726 0
0  3.920463 13.869463 0.779829  -0.308874 0.950616 -0.030422  0.177762 0.413706 0
0  5.225359 14.301756 1.039389  -0.308874 0.950616 -0.030422  0.177793 0.413729 0
c_invasion_wrangler_laser
0  5.327730 14.301756 -0.000000  0.806461 0.585928 0.079430  0.177773 0.413735 0
0  5.225359 14.301756 1.039389  0.806461 0.585928 0.079430  0.177793 0.413729 0
0  6.031829 13.169998 1.199806  0.806461 0.585928 0.079430  0.177785 0.413762 0
c_invasion_wrangler_laser
0  6.031829 13.169998 1.199806  0.775469 -0.585929 0.235235  0.177785 0.413762 0
0  5.681859 13.169998 2.353503  0.775469 -0.585929 0.235235  0.177821 0.413810 0
0  4.922181 12.038241 2.038834  0.775469 -0.585929 0.235235  0.177723 0.413826 0
c_invasion_wrangler_laser
0  5.225359 12.038241 1.039389  -0.297004 -0.950617 -0.090094  0.177749 0.413771 0
0  4.922181 12.038241 2.038834  -0.297004 -0.950617 -0.090094  0.177723 0.413826 0
0  3.692996 12.470533 1.529689  -0.297004 -0.950617 -0.090094  0.177665 0.413723 0
c_invasion_wrangler_laser
0  3.920463 12.470533 0.779829  -0.956940 0.000000 -0.290285  0.177728 0.413734 0
0  3.692996 12.470533 1.529689  -0.956940 0.000000 -0.290285  0.177665 0.413723 0
0  3.692996 13.869463 1.529689  -0.956940 0.000000 -0.290285  0.177765 0.413638 0
c_invasion_wrangler_laser
0  3.920463 13.869463 0.779829  -0.297004 0.950616 -0.090094  0.177762 0.413706 0
0  3.692996 13.869463 1.529689  -0.297004 0.950616 -0.090094  0.177765 0.413638 0
0  4.922181 14.301756 2.038834  -0.297004 0.950616 -0.090094  0.177848 0.413718 0
c_invasion_wrangler_laser
0  5.225359 14.301756 1.039389  0.775469 0.585928 0.235236  0.177793 0.413729 0
0  4.922181 14.301756 2.038834  0.775469 0.585928 0.235236  0.177848 0.413718 0
0  5.681859 13.169998 2.353503  0.775469 0.585928 0.235236  0.177821 0.413810 0
c_invasion_wrangler_laser
0  5.681859 13.169998 2.353503  0.714677 -0.585928 0.382002  0.177821 0.413810 0
0  5.113538 13.169998 3.416757  0.714677 -0.585928 0.382002  0.177929 0.413967 0
0  4.429846 12.038241 2.959928  0.714677 -0.585928 0.382002  0.177644 0.413971 0
c_invasion_wrangler_laser
0  4.922181 12.038241 2.038834  -0.273720 -0.950616 -0.146307  0.177723 0.413826 0
0  4.429846 12.038241 2.959928  -0.273720 -0.950616 -0.146307  0.177644 0.413971 0
0  3.323608 12.470533 2.220764  -0.273720 -0.950616 -0.146307  0.177495 0.413687 0
c_invasion_wrangler_laser
0  3.692996 12.470533 1.529689  -0.881921 0.000000 -0.471397  0.177665 0.413723 0
0  3.323608 12.470533 2.220764  -0.881921 0.000000 -0.471397  0.177495 0.413687 0
0  3.323608 13.869463 2.220764  -0.881921 0.000000 -0.471397  0.177779 0.413464 0
c_invasion_wrangler_laser
0  3.692996 13.869463 1.529689  -0.273721 0.950616 -0.146306  0.177765 0.413638 0
0  3.323608 13.869463 2.220764  -0.273721 0.950616 -0.146306  0.177779 0.413464 0
0  4.429846 14.301756 2.959928  -0.273721 0.950616 -0.146306  0.178027 0.413682 0
c_invasion_wrangler_laser
0  4.922181 14.301756 2.038834  0.714676 0.585928 0.382003  0.177848 0.413718 0
0  4.429846 14.301756 2.959928  0.714676 0.585928 0.382003  0.178027 0.413682 0
0  5.113538 13.169998 3.416757  0.714676 0.585928 0.382003  0.177929 0.413967 0
c_invasion_wrangler_laser
0  5.113538 13.169998 3.416757  0.626420 -0.585928 0.514088  0.177929 0.413967 0
0  4.348706 13.169998 4.348707  0.626420 -0.585928 0.514088  0.178229 0.414372 0
0  3.767274 12.038241 3.767274  0.626420 -0.585928 0.514088  0.177393 0.414438 0
c_invasion_wrangler_laser
0  4.429846 12.038241 2.959928  -0.239918 -0.950617 -0.196894  0.177644 0.413971 0
0  3.767274 12.038241 3.767274  -0.239918 -0.950617 -0.196894  0.177393 0.414438 0
0  2.826496 12.470534 2.826497  -0.239918 -0.950617 -0.196894  0.176993 0.413572 0
c_invasion_wrangler_laser
0  3.323608 12.470533 2.220764  -0.773010 0.000000 -0.634394  0.177495 0.413687 0
0  2.826496 12.470534 2.826497  -0.773010 0.000000 -0.634394  0.176993 0.413572 0
0  2.826496 13.869463 2.826497  -0.773010 0.000000 -0.634394  0.177828 0.412970 0
c_invasion_wrangler_laser
0  3.323608 13.869463 2.220764  -0.239918 0.950616 -0.196897  0.177779 0.413464 0
0  2.826496 13.869463 2.826497  -0.239918 0.950616 -0.196897  0.177828 0.412970 0
0  3.767274 14.301756 3.767274  -0.239918 0.950616 -0.196897  0.178538 0.413586 0
c_invasion_wrangler_laser
0  4.429846 14.301756 2.959928  0.626419 0.585927 0.514089  0.178027 0.413682 0
0  3.767274 14.301756 3.767274  0.626419 0.585927 0.514089  0.178538 0.413586 0
0  4.348706 13.169998 4.348707  0.626419 0.585927 0.514089  0.178229 0.414372 0
c_invasion_wrangler_laser
0  4.348706 13.169998 4.348707  0.514088 -0.585928 0.626419  0.178229 0.414372 0
0  3.416756 13.169998 5.113539  0.514088 -0.585928 0.626419  0.179077 0.415533 0
0  2.959928 12.038241 4.429846  0.514088 -0.585928 0.626419  0.176592 0.415919 0
c_invasion_wrangler_laser
0  3.767274 12.038241 3.767274  -0.196896 -0.950616 -0.239917  0.177393 0.414438 0
0  2.959928 12.038241 4.429846  -0.196896 -0.950616 -0.239917  0.176592 0.415919 0
0  2.220764 12.470534 3.323609  -0.196896 -0.950616 -0.239917  0.175500 0.413194 0
c_invasion_wrangler_laser
0  2.826496 12.470534 2.826497  -0.634394 0.000000 -0.773010  0.176993 0.413572 0
0  2.220764 12.470534 3.323609  -0.634394 0.000000 -0.773010  0.175500 0.413194 0
0  2.220764 13.869463 3.323609  -0.634394 0.000000 -0.773010  0.177981 0.411564 0
c_invasion_wrangler_laser
0  2.826496 13.869463 2.826497  -0.196896 0.950616 -0.239918  0.177828 0.412970 0
0  2.220764 13.869463 3.323609  -0.196896 0.950616 -0.239918  0.177981 0.411564 0
0  2.959928 14.301756 4.429846  -0.196896 0.950616 -0.239918  0.180133 0.413296 0
c_invasion_wrangler_laser
0  3.767274 14.301756 3.767274  0.514089 0.585928 0.626420  0.178538 0.413586 0
0  2.959928 14.301756 4.429846  0.514089 0.585928 0.626420  0.180133 0.413296 0
0  3.416756 13.169998 5.113539  0.514089 0.585928 0.626420  0.179077 0.415533 0
c_invasion_wrangler_laser
0  3.416756 13.169998 5.113539  0.382002 -0.585929 0.714676  0.179077 0.415533 0
0  2.353505 13.169998 5.681859  0.382002 -0.585929 0.714676  0.181266 0.419346 0
0  2.038835 12.038241 4.922180  0.382002 -0.585929 0.714676  0.174194 0.419461 0
c_invasion_wrangler_laser
0  2.959928 12.038241 4.429846  -0.146307 -0.950616 -0.273720  0.176592 0.415919 0
0  2.038835 12.038241 4.922180  -0.146307 -0.950616 -0.273720  0.174194 0.419461 0
0  1.529690 12.470534 3.692996  -0.146307 -0.950616 -0.273720  0.171436 0.411916 0
c_invasion_wrangler_laser
0  2.220764 12.470534 3.323609  -0.471397 0.000000 -0.881921  0.175500 0.413194 0
0  1.529690 12.470534 3.692996  -0.471397 0.000000 -0.881921  0.171436 0.411916 0
0  1.529690 13.869463 3.692996  -0.471397 0.000000 -0.881921  0.178514 0.407391 0
c_invasion_wrangler_laser
0  2.220764 13.869463 3.323609  -0.146307 0.950616 -0.273721  0.177981 0.411564 0
0  1.529690 13.869463 3.692996  -0.146307 0.950616 -0.273721  0.178514 0.407391 0
0  2.038835 14.301756 4.922180  -0.146307 0.950616 -0.273721  0.184394 0.412994 0
c_invasion_wrangler_laser
0  2.959928 14.301756 4.429846  0.382002 0.585928 0.714676  0.180133 0.413296 0
0  2.038835 14.301756 4.922180  0.382002 0.585928 0.714676  0.184394 0.412994 0
0  2.353505 13.169998 5.681859  0.382002 0.585928 0.714676  0.181266 0.419346 0
c_invasion_wrangler_laser
0  2.353505 13.169998 5.681859  0.235237 -0.585928 0.775469  0.181266 0.419346 0
0  1.199806 13.169998 6.031829  0.235237 -0.585928 0.775469  0.186945 0.431304 0
0  1.039389 12.038241 5.225359  0.235237 -0.585928 0.775469  0.166516 0.429000 0
c_invasion_wrangler_laser
0  2.038835 12.038241 4.922180  -0.090095 -0.950616 -0.297005  0.174194 0.419461 0
0  1.039389 12.038241 5.225359  -0.090095 -0.950616 -0.297005  0.166516 0.429000 0
0  0.779829 12.470534 3.920463  -0.090095 -0.950616 -0.297005  0.160759 0.407860 0
c_invasion_wrangler_laser
0  1.529690 12.470534 3.692996  -0.290285 0.000000 -0.956940  0.171436 0.411916 0
0  0.779829 12.470534 3.920463  -0.290285 0.000000 -0.956940  0.160759 0.407860 0
0  0.779829 13.869463 3.920463  -0.290285 0.000000 -0.956940  0.180535 0.396328 0
c_invasion_wrangler_laser
0  1.529690 13.869463 3.692996  -0.090096 0.950616 -0.297004  0.178514 0.407391 0
0  0.779829 13.869463 3.920463  -0.090096 0.950616 -0.297004  0.180535 0.396328 0
0  1.039389 14.301756 5.225359  -0.090096 0.950616 -0.297004  0.197530 0.412390 0
c_invasion_wrangler_laser
0  2.038835 14.301756 4.922180  0.235236 0.585928 0.775469  0.184394 0.412994 0
0  1.039389 14.301756 5.225359  0.235236 0.585928 0.775469  0.197530 0.412390 0
0  1.199806 13.169998 6.031829  0.235236 0.585928 0.775469  0.186945 0.431304 0
c_invasion_wrangler_laser
0  1.199806 13.169998 6.031829  0.079429 -0.585929 0.806460  0.186945 0.431304 0
0  0.000000 13.169998 6.150000  0.079429 -0.585929 0.806460  0.213751 0.470652 0
0  0.000000 12.038241 5.327730  0.079429 -0.585929 0.806460  0.131059 0.470652 0
c_invasion_wrangler_laser
0  1.039389 12.038241 5.225359  -0.030422 -0.950616 -0.308875  0.166516 0.429000 0
0  0.000000 12.038241 5.327730  -0.030422 -0.950616 -0.308875  0.131059 0.470652 0
0  0.000000 12.470534 3.997270  -0.030422 -0.950616 -0.308875  0.130580 0.394003 0
c_invasion_wrangler_laser
0  0.779829 12.470534 3.920463  -0.098017 0.000000 -0.995185  0.160759 0.407860 0
0  0.000000 12.470534 3.997270  -0.098017 0.000000 -0.995185  0.130580 0.394003 0
0  0.000000 13.869463 3.997270  -0.098017 0.000000 -0.995185  0.185565 0.368364 0
c_invasion_wrangler_laser
0  0.779829 13.869463 3.920463  -0.030421 0.950616 -0.308874  0.180535 0.396328 0
0  0.000000 13.869463 3.997270  -0.030421 0.950616 -0.308874  0.185565 0.368364 0
0  0.000000 14.301756 5.327730  -0.030421 0.950616 -0.308874  0.229853 0.406715 0
c_invasion_wrangler_laser
0  1.039389 14.301756 5.225359  0.079429 0.585928 0.806461  0.197530 0.412390 0
0  0.000000 14.301756 5.327730  0.079429 0.585928 0.806461  0.229853 0.406715 0
0  0.000000 13.169998 6.150000  0.079429 0.585928 0.806461  0.213751 0.470652 0
c_invasion_wrangler_laser
0  0.000000 13.169998 -6.150000  0.079429 -0.585928 -0.806461  0.177762 0.413738 0
0  1.199804 13.169998 -6.031830  0.079429 -0.585928 -0.806461  0.177762 0.413738 0
0  1.039387 12.038240 -5.225360  0.079429 -0.585928 -0.806461  0.177762 0.413738 0
c_invasion_wrangler_laser
0  0.000000 12.038240 -5.327730  -0.030421 -0.950616 0.308875  0.177762 0.413738 0
0  1.039387 12.038240 -5.225360  -0.030421 -0.950616 0.308875  0.177762 0.413738 0
0  0.779827 12.470533 -3.920464  -0.030421 -0.950616 0.308875  0.177762 0.413738 0
c_invasion_wrangler_laser
0  0.000000 12.470533 -3.997270  -0.098017 0.000000 0.995185  0.177762 0.413738 0
0  0.779827 12.470533 -3.920464  -0.098017 0.000000 0.995185  0.177762 0.413738 0
0  0.779827 13.869462 -3.920464  -0.098017 0.000000 0.995185  0.177762 0.413738 0
c_invasion_wrangler_laser
0  0.000000 13.869462 -3.997270  -0.030422 0.950616 0.308874  0.177762 0.413738 0
0  0.779827 13.869462 -3.920464  -0.030422 0.950616 0.308874  0.177762 0.413738 0
0  1.039387 14.301755 -5.225360  -0.030422 0.950616 0.308874  0.177762 0.413738 0
c_invasion_wrangler_laser
0  0.000000 14.301755 -5.327730  0.079428 0.585929 -0.806461  0.177762 0.413738 0
0  1.039387 14.301755 -5.225360  0.079428 0.585929 -0.806461  0.177762 0.413738 0
0  1.199804 13.169998 -6.031830  0.079428 0.585929 -0.806461  0.177762 0.413738 0
c_invasion_wrangler_laser
0  1.199804 13.169998 -6.031830  0.235236 -0.585928 -0.775469  0.177762 0.413738 0
0  2.353505 13.169998 -5.681859  0.235236 -0.585928 -0.775469  0.177762 0.413738 0
0  2.038835 12.038240 -4.922180  0.235236 -0.585928 -0.775469  0.177762 0.413738 0
c_invasion_wrangler_laser
0  1.039387 12.038240 -5.225360  -0.090096 -0.950616 0.297004  0.177762 0.413738 0
0  2.038835 12.038240 -4.922180  -0.090096 -0.950616 0.297004  0.177762 0.413738 0
0  1.529690 12.470533 -3.692996  -0.090096 -0.950616 0.297004  0.177762 0.413738 0
c_invasion_wrangler_laser
0  0.779827 12.470533 -3.920464  -0.290284 0.000000 0.956941  0.177762 0.413738 0
0  1.529690 12.470533 -3.692996  -0.290284 0.000000 0.956941  0.177762 0.413738 0
0  1.529690 13.869462 -3.692996  -0.290284 0.000000 0.956941  0.177762 0.413738 0
c_invasion_wrangler_laser
0  0.779827 13.869462 -3.920464  -0.090095 0.950616 0.297005  0.177762 0.413738 0
0  1.529690 13.869462 -3.692996  -0.090095 0.950616 0.297005  0.177762 0.413738 0
0  2.038835 14.301755 -4.922180  -0.090095 0.950616 0.297005  0.177762 0.413738 0
c_invasion_wrangler_laser
0  1.039387 14.301755 -5.225360  0.235237 0.585929 -0.775468  0.177762 0.413738 0
0  2.038835 14.301755 -4.922180  0.235237 0.585929 -0.775468  0.177762 0.413738 0
0  2.353505 13.169998 -5.681859  0.235237 0.585929 -0.775468  0.177762 0.413738 0
c_invasion_wrangler_laser
0  2.353505 13.169998 -5.681859  0.382003 -0.585928 -0.714676  0.177762 0.413738 0
0  3.416756 13.169998 -5.113539  0.382003 -0.585928 -0.714676  0.177762 0.413738 0
0  2.959928 12.038240 -4.429846  0.382003 -0.585928 -0.714676  0.177762 0.413738 0
c_invasion_wrangler_laser
0  2.038835 12.038240 -4.922180  -0.146306 -0.950616 0.273721  0.177762 0.413738 0
0  2.959928 12.038240 -4.429846  -0.146306 -0.950616 0.273721  0.177762 0.413738 0
0  2.220764 12.470533 -3.323609  -0.146306 -0.950616 0.273721  0.177762 0.413738 0
c_invasion_wrangler_laser
0  1.529690 12.470533 -3.692996  -0.471396 0.000000 0.881922  0.177762 0.413738 0
0  2.220764 12.470533 -3.323609  -0.471396 0.000000 0.881922  0.177762 0.413738 0
0  2.220764 13.869462 -3.323609  -0.471396 0.000000 0.881922  0.177762 0.413738 0
c_invasion_wrangler_laser
0  1.529690 13.869462 -3.692996  -0.146307 0.950616 0.273720  0.177762 0.413738 0
0  2.220764 13.869462 -3.323609  -0.146307 0.950616 0.273720  0.177762 0.413738 0
0  2.959928 14.301755 -4.429846  -0.146307 0.950616 0.273720  0.177762 0.413738 0
c_invasion_wrangler_laser
0  2.038835 14.301755 -4.922180  0.382003 0.585928 -0.714676  0.177762 0.413738 0
0  2.959928 14.301755 -4.429846  0.382003 0.585928 -0.714676  0.177762 0.413738 0
0  3.416756 13.169998 -5.113539  0.382003 0.585928 -0.714676  0.177762 0.413738 0
c_invasion_wrangler_laser
0  3.416756 13.169998 -5.113539  0.514089 -0.585928 -0.626419  0.177762 0.413738 0
0  4.348704 13.169998 -4.348709  0.514089 -0.585928 -0.626419  0.177762 0.413738 0
0  3.767272 12.038240 -3.767276  0.514089 -0.585928 -0.626419  0.177762 0.413738 0
c_invasion_wrangler_laser
0  2.959928 12.038240 -4.429846  -0.196896 -0.950616 0.239919  0.177762 0.413738 0
0  3.767272 12.038240 -3.767276  -0.196896 -0.950616 0.239919  0.177762 0.413738 0
0  2.826495 12.470533 -2.826498  -0.196896 -0.950616 0.239919  0.177762 0.413738 0
c_invasion_wrangler_laser
0  2.220764 12.470533 -3.323609  -0.634393 0.000000 0.773011  0.177762 0.413738 0
0  2.826495 12.470533 -2.826498  -0.634393 0.000000 0.773011  0.177762 0.413738 0
0  2.826495 13.869462 -2.826498  -0.634393 0.000000 0.773011  0.177762 0.413738 0
c_invasion_wrangler_laser
0  2.220764 13.869462 -3.323609  -0.196896 0.950616 0.239919  0.177762 0.413738 0
0  2.826495 13.869462 -2.826498  -0.196896 0.950616 0.239919  0.177762 0.413738 0
0  3.767272 14.301755 -3.767276  -0.196896 0.950616 0.239919  0.177762 0.413738 0
c_invasion_wrangler_laser
0  2.959928 14.301755 -4.429846  0.514089 0.585929 -0.626419  0.177762 0.413738 0
0  3.767272 14.301755 -3.767276  0.514089 0.585929 -0.626419  0.177762 0.413738 0
0  4.348704 13.169998 -4.348709  0.514089 0.585929 -0.626419  0.177762 0.413738 0
c_invasion_wrangler_laser
0  4.348704 13.169998 -4.348709  0.626419 -0.585927 -0.514090  0.177762 0.413738 0
0  5.113538 13.169998 -3.416757  0.626419 -0.585927 -0.514090  0.177762 0.413738 0
0  4.429846 12.038240 -2.959928  0.626419 -0.585927 -0.514090  0.177762 0.413738 0
c_invasion_wrangler_laser
0  3.767272 12.038240 -3.767276  -0.239918 -0.950616 0.196896  0.177762 0.413738 0
0  4.429846 12.038240 -2.959928  -0.239918 -0.950616 0.196896  0.177762 0.413738 0
0  3.323608 12.470533 -2.220764  -0.239918 -0.950616 0.196896  0.177762 0.413738 0
c_invasion_wrangler_laser
0  2.826495 12.470533 -2.826498  -0.773010 0.000000 0.634394  0.177762 0.413738 0
0  3.323608 12.470533 -2.220764  -0.773010 0.000000 0.634394  0.177762 0.413738 0
0  3.323608 13.869463 -2.220764  -0.773010 0.000000 0.634394  0.177762 0.413737 0
c_invasion_wrangler_laser
0  2.826495 13.869462 -2.826498  -0.239918 0.950617 0.196893  0.177762 0.413738 0
0  3.323608 13.869463 -2.220764  -0.239918 0.950617 0.196893  0.177762 0.413737 0
0  4.429846 14.301755 -2.959928  -0.239918 0.950617 0.196893  0.177763 0.413738 0
c_invasion_wrangler_laser
0  3.767272 14.301755 -3.767276  0.626419 0.585928 -0.514089  0.177762 0.413738 0
0  4.429846 14.301755 -2.959928  0.626419 0.585928 -0.514089  0.177763 0.413738 0
0  5.113538 13.169998 -3.416757  0.626419 0.585928 -0.514089  0.177762 0.413738 0
c_invasion_wrangler_laser
0  5.113538 13.169998 -3.416757  0.714677 -0.585928 -0.382002  0.177762 0.413738 0
0  5.681859 13.169998 -2.353505  0.714677 -0.585928 -0.382002  0.177763 0.413739 0
0  4.922180 12.038240 -2.038836  0.714677 -0.585928 -0.382002  0.177762 0.413739 0
c_invasion_wrangler_laser
0  4.429846 12.038240 -2.959928  -0.273721 -0.950616 0.146309  0.177762 0.413738 0
0  4.922180 12.038240 -2.038836  -0.273721 -0.950616 0.146309  0.177762 0.413739 0
0  3.692995 12.470533 -1.529691  -0.273721 -0.950616 0.146309  0.177761 0.413738 0
c_invasion_wrangler_laser
0  3.323608 12.470533 -2.220764  -0.881921 0.000000 0.471397  0.177762 0.413738 0
0  3.692995 12.470533 -1.529691  -0.881921 0.000000 0.471397  0.177761 0.413738 0
0  3.692995 13.869463 -1.529691  -0.881921 0.000000 0.471397  0.177762 0.413736 0
c_invasion_wrangler_laser
0  3.323608 13.869463 -2.220764  -0.273720 0.950616 0.146307  0.177762 0.413737 0
0  3.692995 13.869463 -1.529691  -0.273720 0.950616 0.146307  0.177762 0.413736 0
0  4.922180 14.301755 -2.038836  -0.273720 0.950616 0.146307  0.177763 0.413738 0
c_invasion_wrangler_laser
0  4.429846 14.301755 -2.959928  0.714676 0.585929 -0.382002  0.177763 0.413738 0
0  4.922180 14.301755 -2.038836  0.714676 0.585929 -0.382002  0.177763 0.413738 0
0  5.681859 13.169998 -2.353505  0.714676 0.585929 -0.382002  0.177763 0.413739 0
c_invasion_wrangler_laser
0  5.681859 13.169998 -2.353505  0.775469 -0.585928 -0.235236  0.177763 0.413739 0
0  6.031830 13.169998 -1.199805  0.775469 -0.585928 -0.235236  0.177765 0.413741 0
0  5.225359 12.038240 -1.039388  0.775469 -0.585928 -0.235236  0.177761 0.413742 0
c_invasion_wrangler_laser
0  4.922180 12.038240 -2.038836  -0.297004 -0.950616 0.090095  0.177762 0.413739 0
0  5.225359 12.038240 -1.039388  -0.297004 -0.950616 0.090095  0.177761 0.413742 0
0  3.920464 12.470533 -0.779828  -0.297004 -0.950616 0.090095  0.177758 0.413738 0
c_invasion_wrangler_laser
0  3.692995 12.470533 -1.529691  -0.956940 0.000000 0.290285  0.177761 0.413738 0
0  3.920464 12.470533 -0.779828  -0.956940 0.000000 0.290285  0.177758 0.413738 0
0  3.920464 13.869463 -0.779828  -0.956940 0.000000 0.290285  0.177762 0.413734 0
c_invasion_wrangler_laser
0  3.692995 13.869463 -1.529691  -0.297004 0.950616 0.090097  0.177762 0.413736 0
0  3.920464 13.869463 -0.779828  -0.297004 0.950616 0.090097  0.177762 0.413734 0
0  5.225359 14.301755 -1.039388  -0.297004 0.950616 0.090097  0.177766 0.413737 0
c_invasion_wrangler_laser
0  4.922180 14.301755 -2.038836  0.775469 0.585929 -0.235237  0.177763 0.413738 0
0  5.225359 14.301755 -1.039388  0.775469 0.585929 -0.235237  0.177766 0.413737 0
0  6.031830 13.169998 -1.199805  0.775469 0.585929 -0.235237  0.177765 0.413741 0
c_invasion_wrangler_laser
0  6.031830 13.169998 -1.199805  0.806461 -0.585927 -0.079429  0.177765 0.413741 0
0  6.150000 13.169998 0.000000  0.806461 -0.585927 -0.079429  0.177770 0.413747 0
0  5.327730 12.038240 0.000000  0.806461 -0.585927 -0.079429  0.177758 0.413748 0
c_invasion_wrangler_laser
0  5.225359 12.038240 -1.039388  -0.308874 -0.950616 0.030422  0.177761 0.413742 0
0  5.327730 12.038240 0.000000  -0.308874 -0.950616 0.030422  0.177758 0.413748 0
0  3.997270 12.470533 0.000000  -0.308874 -0.950616 0.030422  0.177751 0.413737 0
c_invasion_wrangler_laser
0  3.920464 12.470533 -0.779828  -0.995185 -0.000000 0.098017  0.177758 0.413738 0
0  3.997270 12.470533 0.000000  -0.995185 -0.000000 0.098017  0.177751 0.413737 0
0  3.997270 13.869463 -0.000000  -0.995185 -0.000000 0.098017  0.177762 0.413726 0
c_invasion_wrangler_laser
0  3.920464 13.869463 -0.779828  -0.308874 0.950616 0.030422  0.177762 0.413734 0
0  3.997270 13.869463 -0.000000  -0.308874 0.950616 0.030422  0.177762 0.413726 0
0  5.327730 14.301756 -0.000000  -0.308874 0.950616 0.030422  0.177773 0.413735 0
c_invasion_wrangler_laser
0  5.225359 14.301755 -1.039388  0.806461 0.585928 -0.079431  0.177766 0.413737 0
0  5.327730 14.301756 -0.000000  0.806461 0.585928 -0.079431  0.177773 0.413735 0
0  6.150000 13.169998 0.000000  0.806461 0.585928 -0.079431  0.177770 0.413747 0
gold_player
0  0.000000 -9.990002 -3.310000  0.705399 0.069476 -0.705397  0.000000 0.000000 0
0  0.000000 -9.344253 -3.246399  0.705399 0.069476 -0.705397  0.000000 0.000000 0
0  0.320000 -9.406681 -2.932548  0.705399 0.069476 -0.705397  0.000000 0.000000 0
gold_player
0  0.320000 -9.990002 -2.990000  0.705398 -0.069476 0.705398  0.000000 0.000000 0
0  0.320000 -9.406681 -2.932548  0.705398 -0.069476 0.705398  0.000000 0.000000 0
0  0.000000 -9.469110 -2.618696  0.705398 -0.069476 0.705398  0.000000 0.000000 0
gold_player
0  0.000000 -9.344253 -3.246399  0.705398 0.205757 -0.678290  0.000000 0.000000 0
0  0.000000 -8.723320 -3.058041  0.705398 0.205757 -0.678290  0.000000 0.000000 0
0  0.320000 -8.845778 -2.762400  0.705398 0.205757 -0.678290  0.000000 0.000000 0
gold_player
0  0.320000 -9.406681 -2.932548  0.705397 -0.205757 0.678291  0.000000 0.000000 0
0  0.320000 -8.845778 -2.762400  0.705397 -0.205757 0.678291  0.000000 0.000000 0
0  0.000000 -8.968237 -2.466758  0.705397 -0.205757 0.678291  0.000000 0.000000 0
gold_player
0  0.000000 -8.723320 -3.058041  0.705399 0.334131 -0.625115  0.000000 0.000000 0
0  0.000000 -8.151064 -2.752164  0.705399 0.334131 -0.625115  0.000000 0.000000 0
0  0.320000 -8.328847 -2.486094  0.705399 0.334131 -0.625115  0.000000 0.000000 0
gold_player
0  0.320000 -8.845778 -2.762400  0.705398 -0.334131 0.625116  0.000000 0.000000 0
0  0.320000 -8.328847 -2.486094  0.705398 -0.334131 0.625116  0.000000 0.000000 0
0  0.000000 -8.506629 -2.220024  0.705398 -0.334131 0.625116  0.000000 0.000000 0
gold_player
0  0.000000 -8.151064 -2.752164  0.705398 0.449665 -0.547920  0.000000 0.000000 0
0  0.000000 -7.649478 -2.340523  0.705398 0.449665 -0.547920  0.000000 0.000000 0
0  0.320000 -7.875752 -2.114249  0.705398 0.449665 -0.547920  0.000000 0.000000 0
gold_player
0  0.320000 -8.328847 -2.486094  0.705398 -0.449665 0.547919  0.000000 0.000000 0
0  0.320000 -7.875752 -2.114249  0.705398 -0.449665 0.547919  0.000000 0.000000 0
0  0.000000 -8.102027 -1.887975  0.705398 -0.449665 0.547919  0.000000 0.000000 0
gold_player
0  0.000000 -7.649478 -2.340523  0.705398 0.547919 -0.449664  0.000000 0.000000 0
0  0.000000 -7.237837 -1.838937  0.705398 0.547919 -0.449664  0.000000 0.000000 0
0  0.320000 -7.503907 -1.661155  0.705398 0.547919 -0.449664  0.000000 0.000000 0
gold_player
0  0.320000 -7.875752 -2.114249  0.705398 -0.547919 0.449665  0.000000 0.000000 0
0  0.320000 -7.503907 -1.661155  0.705398 -0.547919 0.449665  0.000000 0.000000 0
0  0.000000 -7.769978 -1.483372  0.705398 -0.547919 0.449665  0.000000 0.000000 0
gold_player
0  0.000000 -7.237837 -1.838937  0.705398 0.625117 -0.334130  0.000000 0.000000 0
0  0.000000 -6.931961 -1.266683  0.705398 0.625117 -0.334130  0.000000 0.000000 0
0  0.320000 -7.227602 -1.144224  0.705398 0.625117 -0.334130  0.000000 0.000000 0
gold_player
0  0.320000 -7.503907 -1.661155  0.705399 -0.625116 0.334131  0.000000 0.000000 0
0  0.320000 -7.227602 -1.144224  0.705399 -0.625116 0.334131  0.000000 0.000000 0
0  0.000000 -7.523244 -1.021765  0.705399 -0.625116 0.334131  0.000000 0.000000 0
gold_player
0  0.000000 -6.931961 -1.266683  0.705398 0.678290 -0.205759  0.000000 0.000000 0
0  0.000000 -6.743603 -0.645749  0.705398 0.678290 -0.205759  0.000000 0.000000 0
0  0.320000 -7.057454 -0.583320  0.705398 0.678290 -0.205759  0.000000 0.000000 0
gold_player
0  0.320000 -7.227602 -1.144224  0.705398 -0.678290 0.205756  0.000000 0.000000 0
0  0.320000 -7.057454 -0.583320  0.705398 -0.678290 0.205756  0.000000 0.000000 0
0  0.000000 -7.371305 -0.520892  0.705398 -0.678290 0.205756  0.000000 0.000000 0
gold_player
0  0.000000 -6.743603 -0.645749  0.705398 0.705398 -0.069476  0.000000 0.000000 0
0  0.000000 -6.680002 -0.000000  0.705398 0.705398 -0.069476  0.000000 0.000000 0
0  0.320000 -7.000002 -0.000000  0.705398 0.705398 -0.069476  0.000000 0.000000 0
gold_player
0  0.320000 -7.057454 -0.583320  0.705398 -0.705398 0.069475  0.000000 0.000000 0
0  0.320000 -7.000002 -0.000000  0.705398 -0.705398 0.069475  0.000000 0.000000 0
0  0.000000 -7.320002 -0.000000  0.705398 -0.705398 0.069475  0.000000 0.000000 0
gold_player
0  0.000000 -6.680002 -0.000000  0.705398 0.705398 0.069476  0.000000 0.000000 0
0  0.000000 -6.743603 0.645749  0.705398 0.705398 0.069476  0.000000 0.000000 0
0  0.320000 -7.057454 0.583320  0.705398 0.705398 0.069476  0.000000 0.000000 0
gold_player
0  0.320000 -7.000002 -0.000000  0.705398 -0.705398 -0.069477  0.000000 0.000000 0
0  0.320000 -7.057454 0.583320  0.705398 -0.705398 -0.069477  0.000000 0.000000 0
0  0.000000 -7.371305 0.520891  0.705398 -0.705398 -0.069477  0.000000 0.000000 0
gold_player
0  0.000000 -6.743603 0.645749  0.705398 0.678290 0.205757  0.000000 0.000000 0
0  0.000000 -6.931961 1.266682  0.705398 0.678290 0.205757  0.000000 0.000000 0
0  0.320000 -7.227602 1.144224  0.705398 0.678290 0.205757  0.000000 0.000000 0
gold_player
0  0.320000 -7.057454 0.583320  0.705399 -0.678290 -0.205756  0.000000 0.000000 0
0  0.320000 -7.227602 1.144224  0.705399 -0.678290 -0.205756  0.000000 0.000000 0
0  0.000000 -7.523244 1.021765  0.705399 -0.678290 -0.205756  0.000000 0.000000 0
gold_player
0  0.000000 -6.931961 1.266682  0.705398 0.625116 0.334130  0.000000 0.000000 0
0  0.000000 -7.237837 1.838936  0.705398 0.625116 0.334130  0.000000 0.000000 0
0  0.320000 -7.503907 1.661154  0.705398 0.625116 0.334130  0.000000 0.000000 0
gold_player
0  0.320000 -7.227602 1.144224  0.705398 -0.625115 -0.334133  0.000000 0.000000 0
0  0.320000 -7.503907 1.661154  0.705398 -0.625115 -0.334133  0.000000 0.000000 0
0  0.000000 -7.769978 1.483372  0.705398 -0.625115 -0.334133  0.000000 0.000000 0
gold_player
0  0.000000 -7.237837 1.838936  0.705398 0.547918 0.449665  0.000000 0.000000 0
0  0.000000 -7.649479 2.340524  0.705398 0.547918 0.449665  0.000000 0.000000 0
0  0.320000 -7.875753 2.114250  0.705398 0.547918 0.449665  0.000000 0.000000 0
gold_player
0  0.320000 -7.503907 1.661154  0.705397 -0.547919 -0.449666  0.000000 0.000000 0
0  0.320000 -7.875753 2.114250  0.705397 -0.547919 -0.449666  0.000000 0.000000 0
0  0.000000 -8.102027 1.887975  0.705397 -0.547919 -0.449666  0.000000 0.000000 0
gold_player
0  0.000000 -7.649479 2.340524  0.705398 0.449665 0.547919  0.000000 0.000000 0
0  0.000000 -8.151064 2.752164  0.705398 0.449665 0.547919  0.000000 0.000000 0
0  0.320000 -8.328846 2.486094  0.705398 0.449665 0.547919  0.000000 0.000000 0
gold_player
0  0.320000 -7.875753 2.114250  0.705398 -0.449665 -0.547919  0.000000 0.000000 0
0  0.320000 -8.328846 2.486094  0.705398 -0.449665 -0.547919  0.000000 0.000000 0
0  0.000000 -8.506629 2.220024  0.705398 -0.449665 -0.547919  0.000000 0.000000 0
gold_player
0  0.000000 -8.151064 2.752164  0.705397 0.334131 0.625117  0.000000 0.000000 0
0  0.000000 -8.723319 3.058041  0.705397 0.334131 0.625117  0.000000 0.000000 0
0  0.320000 -8.845778 2.762399  0.705397 0.334131 0.625117  0.000000 0.000000 0
gold_player
0  0.320000 -8.328846 2.486094  0.705399 -0.334131 -0.625115  0.000000 0.000000 0
0  0.320000 -8.845778 2.762399  0.705399 -0.334131 -0.625115  0.000000 0.000000 0
0  0.000000 -8.968237 2.466758  0.705399 -0.334131 -0.625115  0.000000 0.000000 0
gold_player
0  0.000000 -8.723319 3.058041  0.705399 0.205757 0.678289  0.000000 0.000000 0
0  0.000000 -9.344253 3.246399  0.705399 0.205757 0.678289  0.000000 0.000000 0
0  0.320000 -9.406682 2.932548  0.705399 0.205757 0.678289  0.000000 0.000000 0
gold_player
0  0.320000 -8.845778 2.762399  0.705397 -0.205757 -0.678291  0.000000 0.000000 0
0  0.320000 -9.406682 2.932548  0.705397 -0.205757 -0.678291  0.000000 0.000000 0
0  0.000000 -9.469110 2.618697  0.705397 -0.205757 -0.678291  0.000000 0.000000 0
gold_player
0  0.000000 -9.344253 3.246399  0.705400 0.069475 0.705397  0.000000 0.000000 0
0  0.000000 -9.990002 3.310000  0.705400 0.069475 0.705397  0.000000 0.000000 0
0  0.320000 -9.990002 2.990000  0.705400 0.069475 0.705397  0.000000 0.000000 0
gold_player
0  0.320000 -9.406682 2.932548  0.705398 -0.069476 -0.705398  0.000000 0.000000 0
0  0.320000 -9.990002 2.990000  0.705398 -0.069476 -0.705398  0.000000 0.000000 0
0  0.000000 -9.990002 2.670000  0.705398 -0.069476 -0.705398  0.000000 0.000000 0
gold_player
0  0.000000 -9.990002 3.310000  0.705399 -0.069475 0.705398  0.000000 0.000000 0
0  0.000000 -10.635751 3.246399  0.705399 -0.069475 0.705398  0.000000 0.000000 0
0  0.320000 -10.573321 2.932548  0.705399 -0.069475 0.705398  0.000000 0.000000 0
gold_player
0  0.320000 -9.990002 2.990000  0.705398 0.069476 -0.705398  0.000000 0.000000 0
0  0.320000 -10.573321 2.932548  0.705398 0.069476 -0.705398  0.000000 0.000000 0
0  0.000000 -10.510893 2.618697  0.705398 0.069476 -0.705398  0.000000 0.000000 0
gold_player
0  0.000000 -10.635751 3.246399  0.705397 -0.205757 0.678291  0.000000 0.000000 0
0  0.000000 -11.256682 3.058042  0.705397 -0.205757 0.678291  0.000000 0.000000 0
0  0.320000 -11.134224 2.762400  0.705397 -0.205757 0.678291  0.000000 0.000000 0
gold_player
0  0.320000 -10.573321 2.932548  0.705399 0.205757 -0.678289  0.000000 0.000000 0
0  0.320000 -11.134224 2.762400  0.705399 0.205757 -0.678289  0.000000 0.000000 0
0  0.000000 -11.011765 2.466758  0.705399 0.205757 -0.678289  0.000000 0.000000 0
gold_player
0  0.000000 -11.256682 3.058042  0.705399 -0.334132 0.625115  0.000000 0.000000 0
0  0.000000 -11.828939 2.752164  0.705399 -0.334132 0.625115  0.000000 0.000000 0
0  0.320000 -11.651157 2.486094  0.705399 -0.334132 0.625115  0.000000 0.000000 0
gold_player
0  0.320000 -11.134224 2.762400  0.705399 0.334131 -0.625116  0.000000 0.000000 0
0  0.320000 -11.651157 2.486094  0.705399 0.334131 -0.625116  0.000000 0.000000 0
0  0.000000 -11.473374 2.220024  0.705399 0.334131 -0.625116  0.000000 0.000000 0
gold_player
0  0.000000 -11.828939 2.752164  0.705399 -0.449665 0.547917  0.000000 0.000000 0
0  0.000000 -12.330524 2.340524  0.705399 -0.449665 0.547917  0.000000 0.000000 0
0  0.320000 -12.104250 2.114250  0.705399 -0.449665 0.547917  0.000000 0.000000 0
gold_player
0  0.320000 -11.651157 2.486094  0.705398 0.449665 -0.547919  0.000000 0.000000 0
0  0.320000 -12.104250 2.114250  0.705398 0.449665 -0.547919  0.000000 0.000000 0
0  0.000000 -11.877976 1.887975  0.705398 0.449665 -0.547919  0.000000 0.000000 0
gold_player
0  0.000000 -12.330524 2.340524  0.705399 -0.547918 0.449664  0.000000 0.000000 0
0  0.000000 -12.742165 1.838939  0.705399 -0.547918 0.449664  0.000000 0.000000 0
0  0.320000 -12.476094 1.661157  0.705399 -0.547918 0.449664  0.000000 0.000000 0
gold_player
0  0.320000 -12.104250 2.114250  0.705399 0.547918 -0.449665  0.000000 0.000000 0
0  0.320000 -12.476094 1.661157  0.705399 0.547918 -0.449665  0.000000 0.000000 0
0  0.000000 -12.210024 1.483374  0.705399 0.547918 -0.449665  0.000000 0.000000 0
gold_player
0  0.000000 -12.742165 1.838939  0.705398 -0.625116 0.334130  0.000000 0.000000 0
0  0.000000 -13.048042 1.266682  0.705398 -0.625116 0.334130  0.000000 0.000000 0
0  0.320000 -12.752401 1.144224  0.705398 -0.625116 0.334130  0.000000 0.000000 0
gold_player
0  0.320000 -12.476094 1.661157  0.705399 0.625115 -0.334129  0.000000 0.000000 0
0  0.320000 -12.752401 1.144224  0.705399 0.625115 -0.334129  0.000000 0.000000 0
0  0.000000 -12.456759 1.021765  0.705399 0.625115 -0.334129  0.000000 0.000000 0
gold_player
0  0.000000 -13.048042 1.266682  0.705398 -0.678290 0.205759  0.000000 0.000000 0
0  0.000000 -13.236401 0.645750  0.705398 -0.678290 0.205759  0.000000 0.000000 0
0  0.320000 -12.922549 0.583321  0.705398 -0.678290 0.205759  0.000000 0.000000 0
gold_player
0  0.320000 -12.752401 1.144224  0.705399 0.678290 -0.205753  0.000000 0.000000 0
0  0.320000 -12.922549 0.583321  0.705399 0.678290 -0.205753  0.000000 0.000000 0
0  0.000000 -12.608698 0.520892  0.705399 0.678290 -0.205753  0.000000 0.000000 0
gold_player
0  0.000000 -13.236401 0.645750  0.705398 -0.705398 0.069476  0.000000 0.000000 0
0  0.000000 -13.300001 -0.000000  0.705398 -0.705398 0.069476  0.000000 0.000000 0
0  0.320000 -12.980001 -0.000000  0.705398 -0.705398 0.069476  0.000000 0.000000 0
gold_player
0  0.320000 -12.922549 0.583321  0.705398 0.705398 -0.069477  0.000000 0.000000 0
0  0.320000 -12.980001 -0.000000  0.705398 0.705398 -0.069477  0.000000 0.000000 0
0  0.000000 -12.660002 -0.000000  0.705398 0.705398 -0.069477  0.000000 0.000000 0
gold_player
0  0.000000 -13.300001 -0.000000  0.705397 -0.705399 -0.069476  0.000000 0.000000 0
0  0.000000 -13.236401 -0.645748  0.705397 -0.705399 -0.069476  0.000000 0.000000 0
0  0.320000 -12.922550 -0.583319  0.705397 -0.705399 -0.069476  0.000000 0.000000 0
gold_player
0  0.320000 -12.980001 -0.000000  0.705399 0.705397 0.069477  0.000000 0.000000 0
0  0.320000 -12.922550 -0.583319  0.705399 0.705397 0.069477  0.000000 0.000000 0
0  0.000000 -12.608698 -0.520890  0.705399 0.705397 0.069477  0.000000 0.000000 0
gold_player
0  0.000000 -13.236401 -0.645748  0.705398 -0.678291 -0.205755  0.000000 0.000000 0
0  0.000000 -13.048042 -1.266683  0.705398 -0.678291 -0.205755  0.000000 0.000000 0
0  0.320000 -12.752401 -1.144224  0.705398 -0.678291 -0.205755  0.000000 0.000000 0
gold_player
0  0.320000 -12.922550 -0.583319  0.705398 0.678289 0.205762  0.000000 0.000000 0
0  0.320000 -12.752401 -1.144224  0.705398 0.678289 0.205762  0.000000 0.000000 0
0  0.000000 -12.456759 -1.021765  0.705398 0.678289 0.205762  0.000000 0.000000 0
gold_player
0  0.000000 -13.048042 -1.266683  0.705398 -0.625116 -0.334131  0.000000 0.000000 0
0  0.000000 -12.742167 -1.838937  0.705398 -0.625116 -0.334131  0.000000 0.000000 0
0  0.320000 -12.476096 -1.661155  0.705398 -0.625116 -0.334131  0.000000 0.000000 0
gold_player
0  0.320000 -12.752401 -1.144224  0.705398 0.625116 0.334131  0.000000 0.000000 0
0  0.320000 -12.476096 -1.661155  0.705398 0.625116 0.334131  0.000000 0.000000 0
0  0.000000 -12.210026 -1.483372  0.705398 0.625116 0.334131  0.000000 0.000000 0
gold_player
0  0.000000 -12.742167 -1.838937  0.705398 -0.547919 -0.449665  0.000000 0.000000 0
0  0.000000 -12.330526 -2.340522  0.705398 -0.547919 -0.449665  0.000000 0.000000 0
0  0.320000 -12.104252 -2.114248  0.705398 -0.547919 -0.449665  0.000000 0.000000 0
gold_player
0  0.320000 -12.476096 -1.661155  0.705399 0.547918 0.449664  0.000000 0.000000 0
0  0.320000 -12.104252 -2.114248  0.705399 0.547918 0.449664  0.000000 0.000000 0
0  0.000000 -11.877977 -1.887974  0.705399 0.547918 0.449664  0.000000 0.000000 0
gold_player
0  0.000000 -12.330526 -2.340522  0.705398 -0.449665 -0.547919  0.000000 0.000000 0
0  0.000000 -11.828939 -2.752164  0.705398 -0.449665 -0.547919  0.000000 0.000000 0
0  0.320000 -11.651156 -2.486094  0.705398 -0.449665 -0.547919  0.000000 0.000000 0
gold_player
0  0.320000 -12.104252 -2.114248  0.705398 0.449665 0.547918  0.000000 0.000000 0
0  0.320000 -11.651156 -2.486094  0.705398 0.449665 0.547918  0.000000 0.000000 0
0  0.000000 -11.473374 -2.220024  0.705398 0.449665 0.547918  0.000000 0.000000 0
gold_player
0  0.000000 -11.828939 -2.752164  0.705398 -0.334132 -0.625116  0.000000 0.000000 0
0  0.000000 -11.256685 -3.058040  0.705398 -0.334132 -0.625116  0.000000 0.000000 0
0  0.320000 -11.134226 -2.762399  0.705398 -0.334132 -0.625116  0.000000 0.000000 0
gold_player
0  0.320000 -11.651156 -2.486094  0.705398 0.334131 0.625117  0.000000 0.000000 0
0  0.320000 -11.134226 -2.762399  0.705398 0.334131 0.625117  0.000000 0.000000 0
0  0.000000 -11.011767 -2.466758  0.705398 0.334131 0.625117  0.000000 0.000000 0
gold_player
0  0.000000 -11.256685 -3.058040  0.705399 -0.205758 -0.678289  0.000000 0.000000 0
0  0.000000 -10.635750 -3.246399  0.705399 -0.205758 -0.678289  0.000000 0.000000 0
0  0.320000 -10.573321 -2.932548  0.705399 -0.205758 -0.678289  0.000000 0.000000 0
gold_player
0  0.320000 -11.134226 -2.762399  0.705397 0.205757 0.678291  0.000000 0.000000 0
0  0.320000 -10.573321 -2.932548  0.705397 0.205757 0.678291  0.000000 0.000000 0
0  0.000000 -10.510893 -2.618697  0.705397 0.205757 0.678291  0.000000 0.000000 0
gold_player
0  0.000000 -10.635750 -3.246399  0.705397 -0.069476 -0.705399  0.000000 0.000000 0
0  0.000000 -9.990002 -3.310000  0.705397 -0.069476 -0.705399  0.000000 0.000000 0
0  0.320000 -9.990002 -2.990000  0.705397 -0.069476 -0.705399  0.000000 0.000000 0
gold_player
0  0.320000 -10.573321 -2.932548  0.705397 0.069476 0.705399  0.000000 0.000000 0
0  0.320000 -9.990002 -2.990000  0.705397 0.069476 0.705399  0.000000 0.000000 0
0  0.000000 -9.990002 -2.670000  0.705397 0.069476 0.705399  0.000000 0.000000 0
painted_wood_01
0  -0.717787 3.355001 -0.717788  -0.772871 -0.018951 -0.634280  0.297978 0.539823 0
0  -0.636979 -2.645002 -0.636982  -0.772871 -0.018951 -0.634280  0.297978 0.539823 0
0  -0.749008 -2.645002 -0.500475  -0.772871 -0.018951 -0.634280  0.297978 0.539823 0
gold_player
0  0.000000 9.625002 1.170000  -0.097987 -0.024578 0.994884  0.000000 0.000000 0
0  -0.228256 9.625002 1.147519  -0.097987 -0.024578 0.994884  0.000000 0.000000 0
0  -0.198037 3.355001 0.995600  -0.097987 -0.024578 0.994884  0.000000 0.000000 0
gold_player
0  -0.228256 9.625002 1.147519  -0.290198 -0.024578 0.956651  0.000000 0.000000 0
0  -0.447739 9.625002 1.080939  -0.290198 -0.024578 0.956651  0.000000 0.000000 0
0  -0.388464 3.355001 0.937835  -0.290198 -0.024578 0.956651  0.000000 0.000000 0
painted_wood_01
0  -0.636979 -2.645002 0.636982  -0.629442 0.124693 0.766978  0.297978 0.539823 0
0  -0.994151 -6.644995 0.994166  -0.629442 0.124693 0.766978  0.297978 0.539823 0
0  -0.781099 -6.644995 1.169013  -0.629442 0.124693 0.766978  0.297978 0.539823 0
gold_player
0  -0.447739 9.625002 1.080939  -0.471254 -0.024578 0.881655  0.000000 0.000000 0
0  -0.650017 9.625002 0.972820  -0.471254 -0.024578 0.881655  0.000000 0.000000 0
0  -0.563962 3.355001 0.844029  -0.471254 -0.024578 0.881655  0.000000 0.000000 0
painted_wood_01
0  -0.995600 3.355001 -0.198037  -0.995006 -0.018952 -0.097998  0.297978 0.539823 0
0  -0.883515 -2.645002 -0.175745  -0.995006 -0.018952 -0.097998  0.297978 0.539823 0
0  -0.900825 -2.645002 0.000000  -0.995006 -0.018952 -0.097998  0.297978 0.539823 0
gold_player
0  -0.650017 9.625002 0.972820  -0.634202 -0.024578 0.772777  0.000000 0.000000 0
0  -0.827315 9.625002 0.827315  -0.634202 -0.024578 0.772777  0.000000 0.000000 0
0  -0.717787 3.355001 0.717788  -0.634202 -0.024578 0.772777  0.000000 0.000000 0
gold_player
0  -0.175742 -2.645002 -0.883519  -0.288020 0.124693 -0.949472  0.000000 0.000000 0
0  -0.274286 -6.644995 -1.378942  -0.288020 0.124693 -0.949472  0.000000 0.000000 0
0  -0.538031 -6.644995 -1.298936  -0.288020 0.124693 -0.949472  0.000000 0.000000 0
gold_player
0  -0.827315 9.625002 0.827315  -0.772777 -0.024578 0.634202  0.000000 0.000000 0
0  -0.972819 9.625002 0.650017  -0.772777 -0.024578 0.634202  0.000000 0.000000 0
0  -0.844029 3.355001 0.563962  -0.772777 -0.024578 0.634202  0.000000 0.000000 0
gold_player
0  -0.883515 -2.645002 0.175745  -0.949472 0.124692 0.288019  0.000000 0.000000 0
0  -1.378928 -6.644995 0.274301  -0.949472 0.124692 0.288019  0.000000 0.000000 0
0  -1.298921 -6.644995 0.538046  -0.949472 0.124692 0.288019  0.000000 0.000000 0
gold_player
0  -0.972819 9.625002 0.650017  -0.881655 -0.024578 0.471255  0.000000 0.000000 0
0  -1.080939 9.625002 0.447740  -0.881655 -0.024578 0.471255  0.000000 0.000000 0
0  -0.937835 3.355001 0.388464  -0.881655 -0.024578 0.471255  0.000000 0.000000 0
painted_wood_01
0  -0.198037 3.355001 0.995600  -0.098000 -0.018951 0.995006  0.297978 0.539823 0
0  -0.175742 -2.645002 0.883519  -0.098000 -0.018951 0.995006  0.297978 0.539823 0
0  0.000000 -2.645002 0.900828  -0.098000 -0.018951 0.995006  0.297978 0.539823 0
gold_player
0  -1.080939 9.625002 0.447740  -0.956651 -0.024578 0.290197  0.000000 0.000000 0
0  -1.147519 9.625002 0.228256  -0.956651 -0.024578 0.290197  0.000000 0.000000 0
0  -0.995600 3.355001 0.198037  -0.956651 -0.024578 0.290197  0.000000 0.000000 0
painted_wood_01
0  -0.937835 3.355001 0.388464  -0.881764 -0.018951 0.471311  0.297978 0.539823 0
0  -0.832253 -2.645002 0.344734  -0.881764 -0.018951 0.471311  0.297978 0.539823 0
0  -0.749008 -2.645002 0.500475  -0.881764 -0.018951 0.471311  0.297978 0.539823 0
gold_player
0  -1.147519 9.625002 0.228256  -0.994884 -0.024578 0.097988  0.000000 0.000000 0
0  -1.170000 9.625002 0.000000  -0.994884 -0.024578 0.097988  0.000000 0.000000 0
0  -1.015106 3.355001 0.000000  -0.994884 -0.024578 0.097988  0.000000 0.000000 0
painted_wood_01
0  -0.388464 3.355001 -0.937835  -0.471312 -0.018951 -0.881763  0.297978 0.539823 0
0  -0.344730 -2.645002 -0.832257  -0.471312 -0.018951 -0.881763  0.297978 0.539823 0
0  -0.500471 -2.645002 -0.749012  -0.471312 -0.018951 -0.881763  0.297978 0.539823 0
gold_player
0  -1.170000 9.625002 0.000000  -0.994884 -0.024578 -0.097988  0.000000 0.000000 0
0  -1.147519 9.625002 -0.228256  -0.994884 -0.024578 -0.097988  0.000000 0.000000 0
0  -0.995600 3.355001 -0.198037  -0.994884 -0.024578 -0.097988  0.000000 0.000000 0
gold_player
0  -1.147519 9.625002 -0.228256  -0.956651 -0.024578 -0.290197  0.000000 0.000000 0
0  -1.080939 9.625002 -0.447740  -0.956651 -0.024578 -0.290197  0.000000 0.000000 0
0  -0.937835 3.355001 -0.388464  -0.956651 -0.024578 -0.290197  0.000000 0.000000 0
gold_player
0  -0.832253 -2.645002 -0.344734  -0.949472 0.124692 -0.288019  0.000000 0.000000 0
0  -1.298921 -6.644995 -0.538046  -0.949472 0.124692 -0.288019  0.000000 0.000000 0
0  -1.378928 -6.644995 -0.274301  -0.949472 0.124692 -0.288019  0.000000 0.000000 0
gold_player
0  -1.080939 9.625002 -0.447740  -0.881655 -0.024578 -0.471255  0.000000 0.000000 0
0  -0.972819 9.625002 -0.650017  -0.881655 -0.024578 -0.471255  0.000000 0.000000 0
0  -0.844029 3.355001 -0.563962  -0.881655 -0.024578 -0.471255  0.000000 0.000000 0
gold_player
0  -0.344730 -2.645002 0.832257  -0.288020 0.124693 0.949472  0.000000 0.000000 0
0  -0.538031 -6.644995 1.298936  -0.288020 0.124693 0.949472  0.000000 0.000000 0
0  -0.274286 -6.644995 1.378942  -0.288020 0.124693 0.949472  0.000000 0.000000 0
painted_wood_01
0  -0.563962 3.355001 0.844029  -0.471312 -0.018951 0.881763  0.297978 0.539823 0
0  -0.500471 -2.645002 0.749012  -0.471312 -0.018951 0.881763  0.297978 0.539823 0
0  -0.344730 -2.645002 0.832257  -0.471312 -0.018951 0.881763  0.297978 0.539823 0
gold_player
0  -0.972819 9.625002 -0.650017  -0.772777 -0.024578 -0.634201  0.000000 0.000000 0
0  -0.827315 9.625002 -0.827315  -0.772777 -0.024578 -0.634201  0.000000 0.000000 0
0  -0.717787 3.355001 -0.717788  -0.772777 -0.024578 -0.634201  0.000000 0.000000 0
painted_wood_01
0  -0.844029 3.355001 -0.563962  -0.881764 -0.018951 -0.471310  0.297978 0.539823 0
0  -0.749008 -2.645002 -0.500475  -0.881764 -0.018951 -0.471310  0.297978 0.539823 0
0  -0.832253 -2.645002 -0.344734  -0.881764 -0.018951 -0.471310  0.297978 0.539823 0
gold_player
0  -0.827315 9.625002 -0.827315  -0.634202 -0.024578 -0.772777  0.000000 0.000000 0
0  -0.650017 9.625002 -0.972820  -0.634202 -0.024578 -0.772777  0.000000 0.000000 0
0  -0.563962 3.355001 -0.844029  -0.634202 -0.024578 -0.772777  0.000000 0.000000 0
gold_player
0  -0.650017 9.625002 -0.972820  -0.471254 -0.024578 -0.881655  0.000000 0.000000 0
0  -0.447739 9.625002 -1.080939  -0.471254 -0.024578 -0.881655  0.000000 0.000000 0
0  -0.388464 3.355001 -0.937835  -0.471254 -0.024578 -0.881655  0.000000 0.000000 0
painted_wood_01
0  -0.500471 -2.645002 -0.749012  -0.629442 0.124693 -0.766978  0.297978 0.539823 0
0  -0.781099 -6.644995 -1.169013  -0.629442 0.124693 -0.766978  0.297978 0.539823 0
0  -0.994151 -6.644995 -0.994166  -0.629442 0.124693 -0.766978  0.297978 0.539823 0
gold_player
0  -0.447739 9.625002 -1.080939  -0.290198 -0.024578 -0.956651  0.000000 0.000000 0
0  -0.228256 9.625002 -1.147519  -0.290198 -0.024578 -0.956651  0.000000 0.000000 0
0  -0.198037 3.355001 -0.995600  -0.290198 -0.024578 -0.956651  0.000000 0.000000 0
painted_wood_01
0  -0.749008 -2.645002 0.500475  -0.766978 0.124692 0.629442  0.297978 0.539823 0
0  -1.168998 -6.644995 0.781114  -0.766978 0.124692 0.629442  0.297978 0.539823 0
0  -0.994151 -6.644995 0.994166  -0.766978 0.124692 0.629442  0.297978 0.539823 0
painted_wood_01
0  -1.015106 3.355001 0.000000  -0.995006 -0.018952 0.097998  0.297978 0.539823 0
0  -0.900825 -2.645002 0.000000  -0.995006 -0.018952 0.097998  0.297978 0.539823 0
0  -0.883515 -2.645002 0.175745  -0.995006 -0.018952 0.097998  0.297978 0.539823 0
gold_player
0  -0.228256 9.625002 -1.147519  -0.097988 -0.024578 -0.994884  0.000000 0.000000 0
0  0.000000 9.625002 -1.170000  -0.097988 -0.024578 -0.994884  0.000000 0.000000 0
0  0.000000 3.355001 -1.015105  -0.097988 -0.024578 -0.994884  0.000000 0.000000 0
painted_wood_01
0  0.000000 3.355001 -1.015105  -0.098000 -0.018951 -0.995006  0.297978 0.539823 0
0  0.000000 -2.645002 -0.900828  -0.098000 -0.018951 -0.995006  0.297978 0.539823 0
0  -0.175742 -2.645002 -0.883519  -0.098000 -0.018951 -0.995006  0.297978 0.539823 0
painted_wood_01
0  0.000000 -2.645002 -0.900828  -0.097252 0.124694 -0.987418  0.297978 0.539823 0
0  0.000000 -6.644995 -1.405957  -0.097252 0.124694 -0.987418  0.297978 0.539823 0
0  -0.274286 -6.644995 -1.378942  -0.097252 0.124694 -0.987418  0.297978 0.539823 0
painted_wood_01
0  -0.900825 -2.645002 0.000000  -0.987419 0.124691 0.097247  0.297978 0.539823 0
0  -1.405942 -6.644995 0.000000  -0.987419 0.124691 0.097247  0.297978 0.539823 0
0  -1.378928 -6.644995 0.274301  -0.987419 0.124691 0.097247  0.297978 0.539823 0
painted_wood_01
0  -0.844029 3.355001 0.563962  -0.772871 -0.018951 0.634280  0.297978 0.539823 0
0  -0.749008 -2.645002 0.500475  -0.772871 -0.018951 0.634280  0.297978 0.539823 0
0  -0.636979 -2.645002 0.636982  -0.772871 -0.018951 0.634280  0.297978 0.539823 0
painted_wood_01
0  -0.563962 3.355001 -0.844029  -0.634280 -0.018951 -0.772871  0.297978 0.539823 0
0  -0.500471 -2.645002 -0.749012  -0.634280 -0.018951 -0.772871  0.297978 0.539823 0
0  -0.636979 -2.645002 -0.636982  -0.634280 -0.018951 -0.772871  0.297978 0.539823 0
painted_wood_01
0  -0.749008 -2.645002 -0.500475  -0.875038 0.124692 -0.467719  0.297978 0.539823 0
0  -1.168998 -6.644995 -0.781114  -0.875038 0.124692 -0.467719  0.297978 0.539823 0
0  -1.298921 -6.644995 -0.538046  -0.875038 0.124692 -0.467719  0.297978 0.539823 0
painted_wood_01
0  -0.500471 -2.645002 0.749012  -0.467718 0.124693 0.875038  0.297978 0.539823 0
0  -0.781099 -6.644995 1.169013  -0.467718 0.124693 0.875038  0.297978 0.539823 0
0  -0.538031 -6.644995 1.298936  -0.467718 0.124693 0.875038  0.297978 0.539823 0
gold_player
0  -0.388464 3.355001 0.937835  -0.290232 -0.018951 0.956769  0.000000 0.000000 0
0  -0.344730 -2.645002 0.832257  -0.290232 -0.018951 0.956769  0.000000 0.000000 0
0  -0.175742 -2.645002 0.883519  -0.290232 -0.018951 0.956769  0.000000 0.000000 0
gold_player
0  -0.937835 3.355001 -0.388464  -0.956768 -0.018952 -0.290234  0.000000 0.000000 0
0  -0.832253 -2.645002 -0.344734  -0.956768 -0.018952 -0.290234  0.000000 0.000000 0
0  -0.883515 -2.645002 -0.175745  -0.956768 -0.018952 -0.290234  0.000000 0.000000 0
painted_wood_01
0  -0.344730 -2.645002 -0.832257  -0.467717 0.124693 -0.875038  0.297978 0.539823 0
0  -0.538031 -6.644995 -1.298936  -0.467717 0.124693 -0.875038  0.297978 0.539823 0
0  -0.781099 -6.644995 -1.169013  -0.467717 0.124693 -0.875038  0.297978 0.539823 0
painted_wood_01
0  -0.832253 -2.645002 0.344734  -0.875038 0.124692 0.467719  0.297978 0.539823 0
0  -1.298921 -6.644995 0.538046  -0.875038 0.124692 0.467719  0.297978 0.539823 0
0  -1.168998 -6.644995 0.781114  -0.875038 0.124692 0.467719  0.297978 0.539823 0
gold_player
0  -0.995600 3.355001 0.198037  -0.956768 -0.018951 0.290234  0.000000 0.000000 0
0  -0.883515 -2.645002 0.175745  -0.956768 -0.018951 0.290234  0.000000 0.000000 0
0  -0.832253 -2.645002 0.344734  -0.956768 -0.018951 0.290234  0.000000 0.000000 0
gold_player
0  -0.198037 3.355001 -0.995600  -0.290233 -0.018951 -0.956768  0.000000 0.000000 0
0  -0.175742 -2.645002 -0.883519  -0.290233 -0.018951 -0.956768  0.000000 0.000000 0
0  -0.344730 -2.645002 -0.832257  -0.290233 -0.018951 -0.956768  0.000000 0.000000 0
painted_wood_01
0  -0.883515 -2.645002 -0.175745  -0.987418 0.124691 -0.097247  0.297978 0.539823 0
0  -1.378928 -6.644995 -0.274301  -0.987418 0.124691 -0.097247  0.297978 0.539823 0
0  -1.405942 -6.644995 0.000000  -0.987418 0.124691 -0.097247  0.297978 0.539823 0
painted_wood_01
0  -0.636979 -2.645002 -0.636982  -0.766977 0.124692 -0.629442  0.297978 0.539823 0
0  -0.994151 -6.644995 -0.994166  -0.766977 0.124692 -0.629442  0.297978 0.539823 0
0  -1.168998 -6.644995 -0.781114  -0.766977 0.124692 -0.629442  0.297978 0.539823 0
painted_wood_01
0  -0.717787 3.355001 0.717788  -0.634280 -0.018951 0.772871  0.297978 0.539823 0
0  -0.636979 -2.645002 0.636982  -0.634280 -0.018951 0.772871  0.297978 0.539823 0
0  -0.500471 -2.645002 0.749012  -0.634280 -0.018951 0.772871  0.297978 0.539823 0
painted_wood_01
0  -0.175742 -2.645002 0.883519  -0.097252 0.124694 0.987418  0.297978 0.539823 0
0  -0.274286 -6.644995 1.378942  -0.097252 0.124694 0.987418  0.297978 0.539823 0
0  0.000000 -6.644995 1.405957  -0.097252 0.124694 0.987418  0.297978 0.539823 0
gold_player
0  -1.147519 14.625002 -0.228256  -0.956940 0.000000 -0.290285  0.000000 0.000000 0
0  -1.147519 16.625002 -0.228256  -0.956940 0.000000 -0.290285  0.000000 0.000000 0
0  -1.080939 16.625002 -0.447740  -0.956940 0.000000 -0.290285  0.000000 0.000000 0
gold_player
0  -0.447739 14.625002 1.080939  -0.471396 0.000000 0.881922  0.000000 0.000000 0
0  -0.447739 16.625002 1.080939  -0.471396 0.000000 0.881922  0.000000 0.000000 0
0  -0.650017 16.625002 0.972820  -0.471396 0.000000 0.881922  0.000000 0.000000 0
gold_player
0  -1.170000 14.625002 0.000000  -0.995185 0.000000 -0.098018  0.000000 0.000000 0
0  -1.170000 16.625002 0.000000  -0.995185 0.000000 -0.098018  0.000000 0.000000 0
0  -1.147519 16.625002 -0.228256  -0.995185 0.000000 -0.098018  0.000000 0.000000 0
gold_player
0  -0.827315 14.625002 0.827315  -0.773011 0.000000 0.634393  0.000000 0.000000 0
0  -0.827315 16.625002 0.827315  -0.773011 0.000000 0.634393  0.000000 0.000000 0
0  -0.972819 16.625002 0.650017  -0.773011 0.000000 0.634393  0.000000 0.000000 0
gold_player
0  -0.972819 14.625002 -0.650017  -0.773011 0.000000 -0.634393  0.000000 0.000000 0
0  -0.972819 16.625002 -0.650017  -0.773011 0.000000 -0.634393  0.000000 0.000000 0
0  -0.827315 16.625002 -0.827315  -0.773011 0.000000 -0.634393  0.000000 0.000000 0
gold_player
0  -1.207593 12.019003 -0.806888  -0.773010 0.000000 -0.634394  0.000000 0.000000 0
0  -1.207593 14.231001 -0.806888  -0.773010 0.000000 -0.634394  0.000000 0.000000 0
0  -1.026974 14.231001 -1.026974  -0.773010 0.000000 -0.634394  0.000000 0.000000 0
gold_player
0  -1.341806 12.019003 0.555794  -0.956941 0.000000 0.290284  0.000000 0.000000 0
0  -1.341806 14.231001 0.555794  -0.956941 0.000000 0.290284  0.000000 0.000000 0
0  -1.424453 14.231001 0.283341  -0.956941 0.000000 0.290284  0.000000 0.000000 0
gold_player
0  -0.806888 12.019003 1.207593  -0.634392 0.000000 0.773011  0.000000 0.000000 0
0  -0.806888 14.231001 1.207593  -0.634392 0.000000 0.773011  0.000000 0.000000 0
0  -1.026974 14.231001 1.026974  -0.634392 0.000000 0.773011  0.000000 0.000000 0
gold_player
0  -1.424453 12.019003 0.283341  -0.995185 0.000000 0.098018  0.000000 0.000000 0
0  -1.424453 14.231001 0.283341  -0.995185 0.000000 0.098018  0.000000 0.000000 0
0  -1.452360 14.231001 0.000000  -0.995185 0.000000 0.098018  0.000000 0.000000 0
gold_player
0  -0.228256 14.625002 1.147519  -0.290285 0.000000 0.956940  0.000000 0.000000 0
0  -0.228256 16.625002 1.147519  -0.290285 0.000000 0.956940  0.000000 0.000000 0
0  -0.447739 16.625002 1.080939  -0.290285 0.000000 0.956940  0.000000 0.000000 0
gold_player
0  -1.080939 14.625002 0.447740  -0.956940 0.000000 0.290285  0.000000 0.000000 0
0  -1.080939 16.625002 0.447740  -0.956940 0.000000 0.290285  0.000000 0.000000 0
0  -1.147519 16.625002 0.228256  -0.956940 0.000000 0.290285  0.000000 0.000000 0
gold_player
0  -0.650017 14.625002 0.972820  -0.634393 0.000000 0.773010  0.000000 0.000000 0
0  -0.650017 16.625002 0.972820  -0.634393 0.000000 0.773010  0.000000 0.000000 0
0  -0.827315 16.625002 0.827315  -0.634393 0.000000 0.773010  0.000000 0.000000 0
gold_player
0  0.000000 14.625002 1.170000  -0.098017 0.000000 0.995185  0.000000 0.000000 0
0  0.000000 16.625002 1.170000  -0.098017 0.000000 0.995185  0.000000 0.000000 0
0  -0.228256 16.625002 1.147519  -0.098017 0.000000 0.995185  0.000000 0.000000 0
gold_player
0  -0.228256 14.625002 -1.147519  -0.098017 0.000000 -0.995185  0.000000 0.000000 0
0  -0.228256 16.625002 -1.147519  -0.098017 0.000000 -0.995185  0.000000 0.000000 0
0  0.000000 16.625002 -1.170000  -0.098017 0.000000 -0.995185  0.000000 0.000000 0
gold_player
0  -0.972819 14.625002 0.650017  -0.881921 0.000000 0.471397  0.000000 0.000000 0
0  -0.972819 16.625002 0.650017  -0.881921 0.000000 0.471397  0.000000 0.000000 0
0  -1.080939 16.625002 0.447740  -0.881921 0.000000 0.471397  0.000000 0.000000 0
gold_player
0  -1.026974 12.019003 1.026974  -0.773010 0.000000 0.634394  0.000000 0.000000 0
0  -1.026974 14.231001 1.026974  -0.773010 0.000000 0.634394  0.000000 0.000000 0
0  -1.207593 14.231001 0.806888  -0.773010 0.000000 0.634394  0.000000 0.000000 0
gold_player
0  -0.228256 11.625002 -1.147519  -0.098017 0.000000 -0.995185  0.000000 0.000000 0
0  -0.228256 14.625002 -1.147519  -0.098017 0.000000 -0.995185  0.000000 0.000000 0
0  0.000000 14.625002 -1.170000  -0.098017 0.000000 -0.995185  0.000000 0.000000 0
gold_player
0  0.000000 11.625002 1.170000  -0.098017 0.000000 0.995185  0.000000 0.000000 0
0  0.000000 14.625002 1.170000  -0.098017 0.000000 0.995185  0.000000 0.000000 0
0  -0.228256 14.625002 1.147519  -0.098017 0.000000 0.995185  0.000000 0.000000 0
gold_player
0  -1.026974 12.019003 -1.026974  -0.634392 0.000000 -0.773011  0.000000 0.000000 0
0  -1.026974 14.231001 -1.026974  -0.634392 0.000000 -0.773011  0.000000 0.000000 0
0  -0.806888 14.231001 -1.207593  -0.634392 0.000000 -0.773011  0.000000 0.000000 0
gold_player
0  -1.080939 14.625002 -0.447740  -0.881921 0.000000 -0.471397  0.000000 0.000000 0
0  -1.080939 16.625002 -0.447740  -0.881921 0.000000 -0.471397  0.000000 0.000000 0
0  -0.972819 16.625002 -0.650017  -0.881921 0.000000 -0.471397  0.000000 0.000000 0
gold_player
0  -0.447739 14.625002 -1.080939  -0.290285 0.000000 -0.956940  0.000000 0.000000 0
0  -0.447739 16.625002 -1.080939  -0.290285 0.000000 -0.956940  0.000000 0.000000 0
0  -0.228256 16.625002 -1.147519  -0.290285 0.000000 -0.956940  0.000000 0.000000 0
gold_player
0  -0.806888 12.019003 -1.207593  -0.471397 0.000000 -0.881921  0.000000 0.000000 0
0  -0.806888 14.231001 -1.207593  -0.471397 0.000000 -0.881921  0.000000 0.000000 0
0  -0.555794 14.231001 -1.341806  -0.471397 0.000000 -0.881921  0.000000 0.000000 0
gold_player
0  -1.207593 12.019003 0.806888  -0.881921 0.000000 0.471397  0.000000 0.000000 0
0  -1.207593 14.231001 0.806888  -0.881921 0.000000 0.471397  0.000000 0.000000 0
0  -1.341806 14.231001 0.555794  -0.881921 0.000000 0.471397  0.000000 0.000000 0
gold_player
0  -0.827315 14.625002 -0.827315  -0.634393 0.000000 -0.773010  0.000000 0.000000 0
0  -0.827315 16.625002 -0.827315  -0.634393 0.000000 -0.773010  0.000000 0.000000 0
0  -0.650017 16.625002 -0.972820  -0.634393 0.000000 -0.773010  0.000000 0.000000 0
gold_player
0  -0.555794 12.019003 1.341806  -0.471397 0.000000 0.881921  0.000000 0.000000 0
0  -0.555794 14.231001 1.341806  -0.471397 0.000000 0.881921  0.000000 0.000000 0
0  -0.806888 14.231001 1.207593  -0.471397 0.000000 0.881921  0.000000 0.000000 0
gold_player
0  -1.341806 12.019003 -0.555794  -0.881921 0.000000 -0.471397  0.000000 0.000000 0
0  -1.341806 14.231001 -0.555794  -0.881921 0.000000 -0.471397  0.000000 0.000000 0
0  -1.207593 14.231001 -0.806888  -0.881921 0.000000 -0.471397  0.000000 0.000000 0
gold_player
0  -1.147519 14.625002 0.228256  -0.995185 0.000000 0.098018  0.000000 0.000000 0
0  -1.147519 16.625002 0.228256  -0.995185 0.000000 0.098018  0.000000 0.000000 0
0  -1.170000 16.625002 0.000000  -0.995185 0.000000 0.098018  0.000000 0.000000 0
gold_player
0  -0.650017 14.625002 -0.972820  -0.471397 0.000000 -0.881921  0.000000 0.000000 0
0  -0.650017 16.625002 -0.972820  -0.471397 0.000000 -0.881921  0.000000 0.000000 0
0  -0.447739 16.625002 -1.080939  -0.471397 0.000000 -0.881921  0.000000 0.000000 0
gold_player
0  -1.452360 12.019003 0.000000  -0.995185 0.000000 -0.098018  0.000000 0.000000 0
0  -1.452360 14.231001 0.000000  -0.995185 0.000000 -0.098018  0.000000 0.000000 0
0  -1.424453 14.231001 -0.283341  -0.995185 0.000000 -0.098018  0.000000 0.000000 0
gold_player
0  -1.424453 12.019003 -0.283341  -0.956941 0.000000 -0.290284  0.000000 0.000000 0
0  -1.424453 14.231001 -0.283341  -0.956941 0.000000 -0.290284  0.000000 0.000000 0
0  -1.341806 14.231001 -0.555794  -0.956941 0.000000 -0.290284  0.000000 0.000000 0
gold_player
0  -1.170000 9.625002 0.000000  -0.995185 0.000000 -0.098018  0.000000 0.000000 0
0  -1.170000 11.625002 0.000000  -0.995185 0.000000 -0.098018  0.000000 0.000000 0
0  -1.147519 11.625002 -0.228256  -0.995185 0.000000 -0.098018  0.000000 0.000000 0
gold_player
0  -0.972819 9.625002 0.650017  -0.881921 0.000000 0.471397  0.000000 0.000000 0
0  -0.972819 11.625002 0.650017  -0.881921 0.000000 0.471397  0.000000 0.000000 0
0  -1.080939 11.625002 0.447740  -0.881921 0.000000 0.471397  0.000000 0.000000 0
gold_player
0  -0.447739 9.625002 1.080939  -0.471396 0.000000 0.881922  0.000000 0.000000 0
0  -0.447739 11.625002 1.080939  -0.471396 0.000000 0.881922  0.000000 0.000000 0
0  -0.650017 11.625002 0.972820  -0.471396 0.000000 0.881922  0.000000 0.000000 0
gold_player
0  -0.447739 9.625002 -1.080939  -0.290285 0.000000 -0.956940  0.000000 0.000000 0
0  -0.447739 11.625002 -1.080939  -0.290285 0.000000 -0.956940  0.000000 0.000000 0
0  -0.228256 11.625002 -1.147519  -0.290285 0.000000 -0.956940  0.000000 0.000000 0
gold_player
0  -0.972819 9.625002 -0.650017  -0.773011 0.000000 -0.634393  0.000000 0.000000 0
0  -0.972819 11.625002 -0.650017  -0.773011 0.000000 -0.634393  0.000000 0.000000 0
0  -0.827315 11.625002 -0.827315  -0.773011 0.000000 -0.634393  0.000000 0.000000 0
gold_player
0  -1.147519 9.625002 -0.228256  -0.956940 0.000000 -0.290285  0.000000 0.000000 0
0  -1.147519 11.625002 -0.228256  -0.956940 0.000000 -0.290285  0.000000 0.000000 0
0  -1.080939 11.625002 -0.447740  -0.956940 0.000000 -0.290285  0.000000 0.000000 0
gold_player
0  -1.080939 9.625002 0.447740  -0.956940 0.000000 0.290285  0.000000 0.000000 0
0  -1.080939 11.625002 0.447740  -0.956940 0.000000 0.290285  0.000000 0.000000 0
0  -1.147519 11.625002 0.228256  -0.956940 0.000000 0.290285  0.000000 0.000000 0
gold_player
0  -0.650017 9.625002 0.972820  -0.634393 0.000000 0.773010  0.000000 0.000000 0
0  -0.650017 11.625002 0.972820  -0.634393 0.000000 0.773010  0.000000 0.000000 0
0  -0.827315 11.625002 0.827315  -0.634393 0.000000 0.773010  0.000000 0.000000 0
gold_player
0  0.000000 9.625002 1.170000  -0.098017 0.000000 0.995185  0.000000 0.000000 0
0  0.000000 11.625002 1.170000  -0.098017 0.000000 0.995185  0.000000 0.000000 0
0  -0.228256 11.625002 1.147519  -0.098017 0.000000 0.995185  0.000000 0.000000 0
gold_player
0  -0.228256 9.625002 -1.147519  -0.098017 0.000000 -0.995185  0.000000 0.000000 0
0  -0.228256 11.625002 -1.147519  -0.098017 0.000000 -0.995185  0.000000 0.000000 0
0  0.000000 11.625002 -1.170000  -0.098017 0.000000 -0.995185  0.000000 0.000000 0
gold_player
0  -0.827315 9.625002 -0.827315  -0.634393 0.000000 -0.773010  0.000000 0.000000 0
0  -0.827315 11.625002 -0.827315  -0.634393 0.000000 -0.773010  0.000000 0.000000 0
0  -0.650017 11.625002 -0.972820  -0.634393 0.000000 -0.773010  0.000000 0.000000 0
gold_player
0  -1.147519 9.625002 0.228256  -0.995185 0.000000 0.098018  0.000000 0.000000 0
0  -1.147519 11.625002 0.228256  -0.995185 0.000000 0.098018  0.000000 0.000000 0
0  -1.170000 11.625002 0.000000  -0.995185 0.000000 0.098018  0.000000 0.000000 0
gold_player
0  -0.827315 9.625002 0.827315  -0.773011 0.000000 0.634393  0.000000 0.000000 0
0  -0.827315 11.625002 0.827315  -0.773011 0.000000 0.634393  0.000000 0.000000 0
0  -0.972819 11.625002 0.650017  -0.773011 0.000000 0.634393  0.000000 0.000000 0
gold_player
0  -0.228256 9.625002 1.147519  -0.290285 0.000000 0.956940  0.000000 0.000000 0
0  -0.228256 11.625002 1.147519  -0.290285 0.000000 0.956940  0.000000 0.000000 0
0  -0.447739 11.625002 1.080939  -0.290285 0.000000 0.956940  0.000000 0.000000 0
gold_player
0  -1.080939 9.625002 -0.447740  -0.881921 0.000000 -0.471397  0.000000 0.000000 0
0  -1.080939 11.625002 -0.447740  -0.881921 0.000000 -0.471397  0.000000 0.000000 0
0  -0.972819 11.625002 -0.650017  -0.881921 0.000000 -0.471397  0.000000 0.000000 0
gold_player
0  -0.650017 9.625002 -0.972820  -0.471397 0.000000 -0.881921  0.000000 0.000000 0
0  -0.650017 11.625002 -0.972820  -0.471397 0.000000 -0.881921  0.000000 0.000000 0
0  -0.447739 11.625002 -1.080939  -0.471397 0.000000 -0.881921  0.000000 0.000000 0
gold_player
0  -0.806888 14.231001 1.207593  -0.516493 0.580650 0.629350  0.000000 0.000000 0
0  -0.650017 14.625002 0.972820  -0.516493 0.580650 0.629350  0.000000 0.000000 0
0  -0.827315 14.625002 0.827315  -0.516493 0.580650 0.629350  0.000000 0.000000 0
gold_player
0  -1.424453 14.231001 0.283341  -0.810232 0.580651 0.079801  0.000000 0.000000 0
0  -1.147519 14.625002 0.228256  -0.810232 0.580651 0.079801  0.000000 0.000000 0
0  -1.170000 14.625002 0.000000  -0.810232 0.580651 0.079801  0.000000 0.000000 0
gold_player
0  -1.424453 14.231001 -0.283341  -0.779097 0.580651 -0.236332  0.000000 0.000000 0
0  -1.147519 14.625002 -0.228256  -0.779097 0.580651 -0.236332  0.000000 0.000000 0
0  -1.080939 14.625002 -0.447740  -0.779097 0.580651 -0.236332  0.000000 0.000000 0
gold_player
0  -0.806888 14.231001 -1.207593  -0.383789 0.580652 -0.718017  0.000000 0.000000 0
0  -0.650017 14.625002 -0.972820  -0.383789 0.580652 -0.718017  0.000000 0.000000 0
0  -0.447739 14.625002 -1.080939  -0.383789 0.580652 -0.718017  0.000000 0.000000 0
gold_player
0  -0.555794 14.231001 1.341806  -0.383789 0.580651 0.718019  0.000000 0.000000 0
0  -0.447739 14.625002 1.080939  -0.383789 0.580651 0.718019  0.000000 0.000000 0
0  -0.650017 14.625002 0.972820  -0.383789 0.580651 0.718019  0.000000 0.000000 0
gold_player
0  -1.341806 14.231001 0.555794  -0.779095 0.580651 0.236336  0.000000 0.000000 0
0  -1.080939 14.625002 0.447740  -0.779095 0.580651 0.236336  0.000000 0.000000 0
0  -1.147519 14.625002 0.228256  -0.779095 0.580651 0.236336  0.000000 0.000000 0
gold_player
0  -1.341806 14.231001 -0.555794  -0.718018 0.580651 -0.383789  0.000000 0.000000 0
0  -1.080939 14.625002 -0.447740  -0.718018 0.580651 -0.383789  0.000000 0.000000 0
0  -0.972819 14.625002 -0.650017  -0.718018 0.580651 -0.383789  0.000000 0.000000 0
gold_player
0  -1.207593 14.231001 -0.806888  -0.629349 0.580652 -0.516491  0.000000 0.000000 0
0  -0.972819 14.625002 -0.650017  -0.629349 0.580652 -0.516491  0.000000 0.000000 0
0  -0.827315 14.625002 -0.827315  -0.629349 0.580652 -0.516491  0.000000 0.000000 0
gold_player
0  -1.026974 14.231001 1.026974  -0.629349 0.580652 0.516491  0.000000 0.000000 0
0  -0.827315 14.625002 0.827315  -0.629349 0.580652 0.516491  0.000000 0.000000 0
0  -0.972819 14.625002 0.650017  -0.629349 0.580652 0.516491  0.000000 0.000000 0
gold_player
0  -1.026974 14.231001 -1.026974  -0.516493 0.580650 -0.629349  0.000000 0.000000 0
0  -0.827315 14.625002 -0.827315  -0.516493 0.580650 -0.629349  0.000000 0.000000 0
0  -0.650017 14.625002 -0.972820  -0.516493 0.580650 -0.629349  0.000000 0.000000 0
gold_player
0  -0.555794 14.231001 1.341806  0.510171 0.000000 0.860073  0.000000 0.000000 0
0  -0.555794 12.019003 1.341806  0.510171 0.000000 0.860073  0.000000 0.000000 0
0  -0.228256 11.625002 1.147519  0.510171 0.000000 0.860073  0.000000 0.000000 0
gold_player
0  -0.806888 12.019003 -1.207593  -0.516493 -0.580650 -0.629350  0.000000 0.000000 0
0  -0.650017 11.625002 -0.972820  -0.516493 -0.580650 -0.629350  0.000000 0.000000 0
0  -0.827315 11.625002 -0.827315  -0.516493 -0.580650 -0.629350  0.000000 0.000000 0
gold_player
0  -1.207593 12.019003 -0.806888  -0.718018 -0.580651 -0.383789  0.000000 0.000000 0
0  -0.972819 11.625002 -0.650017  -0.718018 -0.580651 -0.383789  0.000000 0.000000 0
0  -1.080939 11.625002 -0.447740  -0.718018 -0.580651 -0.383789  0.000000 0.000000 0
gold_player
0  -1.424453 12.019003 -0.283341  -0.810232 -0.580651 -0.079802  0.000000 0.000000 0
0  -1.147519 11.625002 -0.228256  -0.810232 -0.580651 -0.079802  0.000000 0.000000 0
0  -1.170000 11.625002 0.000000  -0.810232 -0.580651 -0.079802  0.000000 0.000000 0
gold_player
0  -1.424453 12.019003 0.283341  -0.779097 -0.580651 0.236332  0.000000 0.000000 0
0  -1.147519 11.625002 0.228256  -0.779097 -0.580651 0.236332  0.000000 0.000000 0
0  -1.080939 11.625002 0.447740  -0.779097 -0.580651 0.236332  0.000000 0.000000 0
gold_player
0  -1.207593 12.019003 0.806888  -0.629347 -0.580650 0.516496  0.000000 0.000000 0
0  -0.972819 11.625002 0.650017  -0.629347 -0.580650 0.516496  0.000000 0.000000 0
0  -0.827315 11.625002 0.827315  -0.629347 -0.580650 0.516496  0.000000 0.000000 0
gold_player
0  -0.806888 12.019003 1.207593  -0.383788 -0.580651 0.718019  0.000000 0.000000 0
0  -0.650017 11.625002 0.972820  -0.383788 -0.580651 0.718019  0.000000 0.000000 0
0  -0.447739 11.625002 1.080939  -0.383788 -0.580651 0.718019  0.000000 0.000000 0
gold_player
0  -1.452360 14.231001 0.000000  -0.810232 0.580651 -0.079801  0.000000 0.000000 0
0  -1.170000 14.625002 0.000000  -0.810232 0.580651 -0.079801  0.000000 0.000000 0
0  -1.147519 14.625002 -0.228256  -0.810232 0.580651 -0.079801  0.000000 0.000000 0
gold_player
0  -1.207593 14.231001 0.806888  -0.718019 0.580652 0.383787  0.000000 0.000000 0
0  -0.972819 14.625002 0.650017  -0.718019 0.580652 0.383787  0.000000 0.000000 0
0  -1.080939 14.625002 0.447740  -0.718019 0.580652 0.383787  0.000000 0.000000 0
gold_player
0  -0.555794 14.231001 -1.341806  0.510171 0.000000 -0.860073  0.000000 0.000000 0
0  -0.228256 14.625002 -1.147519  0.510171 0.000000 -0.860073  0.000000 0.000000 0
0  -0.228256 11.625002 -1.147519  0.510171 0.000000 -0.860073  0.000000 0.000000 0
gold_player
0  -0.555794 12.019003 -1.341806  -0.383789 -0.580651 -0.718019  0.000000 0.000000 0
0  -0.447739 11.625002 -1.080939  -0.383789 -0.580651 -0.718019  0.000000 0.000000 0
0  -0.650017 11.625002 -0.972820  -0.383789 -0.580651 -0.718019  0.000000 0.000000 0
gold_player
0  -1.026974 12.019003 -1.026974  -0.629349 -0.580651 -0.516493  0.000000 0.000000 0
0  -0.827315 11.625002 -0.827315  -0.629349 -0.580651 -0.516493  0.000000 0.000000 0
0  -0.972819 11.625002 -0.650017  -0.629349 -0.580651 -0.516493  0.000000 0.000000 0
gold_player
0  -1.341806 12.019003 -0.555794  -0.779095 -0.580651 -0.236336  0.000000 0.000000 0
0  -1.080939 11.625002 -0.447740  -0.779095 -0.580651 -0.236336  0.000000 0.000000 0
0  -1.147519 11.625002 -0.228256  -0.779095 -0.580651 -0.236336  0.000000 0.000000 0
gold_player
0  -1.452360 12.019003 0.000000  -0.810232 -0.580651 0.079802  0.000000 0.000000 0
0  -1.170000 11.625002 0.000000  -0.810232 -0.580651 0.079802  0.000000 0.000000 0
0  -1.147519 11.625002 0.228256  -0.810232 -0.580651 0.079802  0.000000 0.000000 0
gold_player
0  -1.341806 12.019003 0.555794  -0.718017 -0.580650 0.383792  0.000000 0.000000 0
0  -1.080939 11.625002 0.447740  -0.718017 -0.580650 0.383792  0.000000 0.000000 0
0  -0.972819 11.625002 0.650017  -0.718017 -0.580650 0.383792  0.000000 0.000000 0
gold_player
0  -1.026974 12.019003 1.026974  -0.516493 -0.580650 0.629349  0.000000 0.000000 0
0  -0.827315 11.625002 0.827315  -0.516493 -0.580650 0.629349  0.000000 0.000000 0
0  -0.650017 11.625002 0.972820  -0.516493 -0.580650 0.629349  0.000000 0.000000 0
gold_player
0  0.000000 26.209156 -4.278733  -0.499999 -0.000000 -0.866026  0.000000 0.000000 0
0  -1.852501 23.739157 -3.209191  -0.499999 -0.000000 -0.866026  0.000000 0.000000 0
0  -3.704999 26.209156 -2.139651  -0.499999 -0.000000 -0.866026  0.000000 0.000000 0
gold_player
0  0.000000 23.504158 -2.139651  0.499184 -0.008417 -0.866455  0.000000 0.000000 0
0  -0.008428 23.004513 -2.139653  0.499184 -0.008417 -0.866455  0.000000 0.000000 0
0  -1.860928 23.239513 -3.209193  0.499184 -0.008417 -0.866455  0.000000 0.000000 0
gold_player
0  -1.852499 23.739157 3.208056  0.499182 -0.008418 0.866456  0.000000 0.000000 0
0  -1.860925 23.239513 3.208057  0.499182 -0.008418 0.866456  0.000000 0.000000 0
0  -0.008427 23.004513 2.138515  0.499182 -0.008418 0.866456  0.000000 0.000000 0
gold_player
0  -1.852501 23.504158 -1.070111  0.499983 -0.008432 0.865994  0.000000 0.000000 0
0  -1.860927 23.004513 -1.070111  0.499983 -0.008432 0.865994  0.000000 0.000000 0
0  -0.008428 23.004513 -2.139653  0.499983 -0.008432 0.865994  0.000000 0.000000 0
gold_player
0  -1.852500 23.504158 1.068973  -0.999856 0.016863 -0.001852  0.000000 0.000000 0
0  -1.860927 23.004513 1.068973  -0.999856 0.016863 -0.001852  0.000000 0.000000 0
0  -1.860925 23.239513 3.208057  -0.999856 0.016863 -0.001852  0.000000 0.000000 0
gold_player
0  0.000000 23.504158 2.138515  0.499984 -0.008433 -0.865994  0.000000 0.000000 0
0  -0.008427 23.004513 2.138515  0.499984 -0.008433 -0.865994  0.000000 0.000000 0
0  -1.860927 23.004513 1.068973  0.499984 -0.008433 -0.865994  0.000000 0.000000 0
gold_player
0  -1.852501 23.739157 -3.209191  -0.999856 0.016864 0.001853  0.000000 0.000000 0
0  -1.860928 23.239513 -3.209193  -0.999856 0.016864 0.001853  0.000000 0.000000 0
0  -1.860927 23.004513 -1.070111  -0.999856 0.016864 0.001853  0.000000 0.000000 0
gold_player
0  -1.852500 23.504158 1.068973  0.999858 -0.016864 -0.000000  0.000000 0.000000 0
0  -1.860927 23.004513 1.068973  0.999858 -0.016864 -0.000000  0.000000 0.000000 0
0  -1.860927 23.004513 -1.070111  0.999858 -0.016864 -0.000000  0.000000 0.000000 0
gold_player
0  -3.704999 23.739157 -0.000567  -0.499180 0.008416 0.866458  0.000000 0.000000 0
0  -3.713427 23.239513 -0.000569  -0.499180 0.008416 0.866458  0.000000 0.000000 0
0  -1.860927 23.004513 1.068973  -0.499180 0.008416 0.866458  0.000000 0.000000 0
gold_player
0  -1.852501 23.504158 -1.070111  -0.499181 0.008419 -0.866457  0.000000 0.000000 0
0  -1.860927 23.004513 -1.070111  -0.499181 0.008419 -0.866457  0.000000 0.000000 0
0  -3.713427 23.239513 -0.000569  -0.499181 0.008419 -0.866457  0.000000 0.000000 0
gold_player
0  -1.804105 28.920296 -1.042169  -0.999565 -0.016858 0.024199  0.000000 0.000000 0
0  -1.812532 29.419941 -1.042169  -0.999565 -0.016858 0.024199  0.000000 0.000000 0
0  -1.860928 29.178801 -3.209194  -0.999565 -0.016858 0.024199  0.000000 0.000000 0
gold_player
0  -1.852501 28.679157 -3.209193  0.499179 0.008418 -0.866458  0.000000 0.000000 0
0  -1.860928 29.178801 -3.209194  0.499179 0.008418 -0.866458  0.000000 0.000000 0
0  -0.008428 29.413801 -2.139654  0.499179 0.008418 -0.866458  0.000000 0.000000 0
gold_player
0  -1.852500 28.914156 1.068972  0.499980 0.008433 -0.865996  0.000000 0.000000 0
0  -1.860927 29.413801 1.068973  0.499980 0.008433 -0.865996  0.000000 0.000000 0
0  -0.008427 29.413801 2.138514  0.499980 0.008433 -0.865996  0.000000 0.000000 0
gold_player
0  -1.852499 28.679157 3.208056  -0.999856 -0.016863 -0.001852  0.000000 0.000000 0
0  -1.860925 29.178801 3.208056  -0.999856 -0.016863 -0.001852  0.000000 0.000000 0
0  -1.860927 29.413801 1.068973  -0.999856 -0.016863 -0.001852  0.000000 0.000000 0
gold_player
0  -1.804105 28.920296 -1.042169  0.999594 0.016859 0.022963  0.000000 0.000000 0
0  -1.812532 29.419941 -1.042169  0.999594 0.016859 0.022963  0.000000 0.000000 0
0  -1.860927 29.413801 1.068973  0.999594 0.016859 0.022963  0.000000 0.000000 0
gold_player
0  -1.852500 28.914156 1.068972  -0.499181 -0.008419 0.866457  0.000000 0.000000 0
0  -1.860927 29.413801 1.068973  -0.499181 -0.008419 0.866457  0.000000 0.000000 0
0  -3.713427 29.178801 -0.000569  -0.499181 -0.008419 0.866457  0.000000 0.000000 0
gold_player
0  0.000000 28.914156 2.138515  0.499181 0.008419 0.866457  0.000000 0.000000 0
0  -0.008427 29.413801 2.138514  0.499181 0.008419 0.866457  0.000000 0.000000 0
0  -1.860925 29.178801 3.208056  0.499181 0.008419 0.866457  0.000000 0.000000 0
gold_player
0  0.000000 28.914156 -2.139653  0.519722 0.008768 0.854290  0.000000 0.000000 0
0  -0.008428 29.413801 -2.139654  0.519722 0.008768 0.854290  0.000000 0.000000 0
0  -1.812532 29.419941 -1.042169  0.519722 0.008768 0.854290  0.000000 0.000000 0
gold_player
0  -3.704999 28.679157 -0.000569  -0.479736 -0.008092 -0.877376  0.000000 0.000000 0
0  -3.713427 29.178801 -0.000569  -0.479736 -0.008092 -0.877376  0.000000 0.000000 0
0  -1.812532 29.419941 -1.042169  -0.479736 -0.008092 -0.877376  0.000000 0.000000 0
gold_player
0  -3.704999 26.209158 2.138515  0.000000 -0.654654 0.755929  0.000000 0.000000 0
0  -3.947838 26.209158 2.138515  0.000000 -0.654654 0.755929  0.000000 0.000000 0
0  -3.947838 23.739157 -0.000567  0.000000 -0.654654 0.755929  0.000000 0.000000 0
gold_player
0  -3.704999 26.209156 -2.139651  0.000000 0.654653 -0.755929  0.000000 0.000000 0
0  -3.947839 26.209156 -2.139651  0.000000 0.654653 -0.755929  0.000000 0.000000 0
0  -3.947839 28.679157 -0.000569  0.000000 0.654653 -0.755929  0.000000 0.000000 0
gold_player
0  -3.704999 28.679157 -0.000569  0.000000 0.654653 0.755929  0.000000 0.000000 0
0  -3.947839 28.679157 -0.000569  0.000000 0.654653 0.755929  0.000000 0.000000 0
0  -3.947838 26.209158 2.138515  0.000000 0.654653 0.755929  0.000000 0.000000 0
gold_player
0  -3.704999 23.739157 -0.000567  0.000000 -0.654654 -0.755928  0.000000 0.000000 0
0  -3.947838 23.739157 -0.000567  0.000000 -0.654654 -0.755928  0.000000 0.000000 0
0  -3.947839 26.209156 -2.139651  0.000000 -0.654654 -0.755928  0.000000 0.000000 0
gold_player
0  -4.204999 24.131977 -0.000567  -0.707108 -0.462910 0.534522  0.000000 0.000000 0
0  -3.947838 23.739157 -0.000567  -0.707108 -0.462910 0.534522  0.000000 0.000000 0
0  -3.947838 26.209158 2.138515  -0.707108 -0.462910 0.534522  0.000000 0.000000 0
gold_player
0  -4.204999 26.209158 1.798324  -0.707106 0.462911 0.534522  0.000000 0.000000 0
0  -3.947838 26.209158 2.138515  -0.707106 0.462911 0.534522  0.000000 0.000000 0
0  -3.947839 28.679157 -0.000569  -0.707106 0.462911 0.534522  0.000000 0.000000 0
gold_player
0  -3.947839 26.209156 -2.139651  -0.707106 0.462911 -0.534523  0.000000 0.000000 0
0  -4.205000 26.209156 -1.799460  -0.707106 0.462911 -0.534523  0.000000 0.000000 0
0  -4.204999 28.286337 -0.000567  -0.707106 0.462911 -0.534523  0.000000 0.000000 0
gold_player
0  -3.947838 23.739157 -0.000567  -0.707107 -0.462911 -0.534521  0.000000 0.000000 0
0  -4.204999 24.131977 -0.000567  -0.707107 -0.462911 -0.534521  0.000000 0.000000 0
0  -4.205000 26.209156 -1.799460  -0.707107 -0.462911 -0.534521  0.000000 0.000000 0
painted_wood_01
0  -4.204999 28.286337 -0.000567  -1.000000 0.000000 0.000000  0.297978 0.539823 0
0  -4.204999 27.937542 -0.000567  -1.000000 0.000000 0.000000  0.297978 0.539823 0
0  -4.204999 26.209158 1.496259  -1.000000 0.000000 0.000000  0.297978 0.539823 0
gold_player
0  -4.204999 27.937542 -0.000567  0.000000 -0.654655 -0.755928  0.000000 0.000000 0
0  -3.904999 27.937542 -0.000567  0.000000 -0.654655 -0.755928  0.000000 0.000000 0
0  -3.904999 26.209158 1.496259  0.000000 -0.654655 -0.755928  0.000000 0.000000 0
painted_wood_01
0  -4.204999 24.131977 -0.000567  -1.000000 0.000000 0.000001  0.297978 0.539823 0
0  -4.204999 24.480772 -0.000567  -1.000000 0.000000 0.000001  0.297978 0.539823 0
0  -4.205000 26.209156 -1.497396  -1.000000 0.000000 0.000001  0.297978 0.539823 0
painted_wood_01
0  -4.205000 26.209156 -1.799460  -1.000000 0.000002 0.000000  0.297978 0.539823 0
0  -4.205000 26.209156 -1.497396  -1.000000 0.000002 0.000000  0.297978 0.539823 0
0  -4.204999 27.937542 -0.000567  -1.000000 0.000002 0.000000  0.297978 0.539823 0
painted_wood_01
0  -4.204999 26.209158 1.798324  -1.000000 0.000000 0.000000  0.297978 0.539823 0
0  -4.204999 26.209158 1.496259  -1.000000 0.000000 0.000000  0.297978 0.539823 0
0  -4.204999 24.480772 -0.000567  -1.000000 0.000000 0.000000  0.297978 0.539823 0
gold_player
0  -3.904999 26.209158 1.496259  -1.000000 0.000000 0.000000  0.000000 0.000000 0
0  -3.904999 27.937542 -0.000567  -1.000000 0.000000 0.000000  0.000000 0.000000 0
0  -3.905000 26.209156 -1.497396  -1.000000 0.000000 0.000000  0.000000 0.000000 0
gold_player
0  -4.205000 26.209156 -1.497396  0.000000 -0.654654 0.755929  0.000000 0.000000 0
0  -3.905000 26.209156 -1.497396  0.000000 -0.654654 0.755929  0.000000 0.000000 0
0  -3.904999 27.937542 -0.000567  0.000000 -0.654654 0.755929  0.000000 0.000000 0
gold_player
0  -4.204999 26.209158 1.496259  0.000000 0.654654 -0.755929  0.000000 0.000000 0
0  -3.904999 26.209158 1.496259  0.000000 0.654654 -0.755929  0.000000 0.000000 0
0  -3.904999 24.480772 -0.000567  0.000000 0.654654 -0.755929  0.000000 0.000000 0
gold_player
0  -4.204999 24.480772 -0.000567  0.000000 0.654655 0.755928  0.000000 0.000000 0
0  -3.904999 24.480772 -0.000567  0.000000 0.654655 0.755928  0.000000 0.000000 0
0  -3.905000 26.209156 -1.497396  0.000000 0.654655 0.755928  0.000000 0.000000 0
gold_player
0  -3.704999 26.209158 2.138515  -0.500000 0.000000 0.866026  0.000000 0.000000 0
0  -1.852499 23.739157 3.208056  -0.500000 0.000000 0.866026  0.000000 0.000000 0
0  0.000000 26.209158 4.277596  -0.500000 0.000000 0.866026  0.000000 0.000000 0
gold_player
0  0.000000 26.209158 4.277596  0.654647 -0.654651 0.377979  0.000000 0.000000 0
0  -0.121648 26.209158 4.488290  0.654647 -0.654651 0.377979  0.000000 0.000000 0
0  -1.974150 23.739157 3.418748  0.654647 -0.654651 0.377979  0.000000 0.000000 0
gold_player
0  -3.704999 26.209158 2.138515  -0.654648 0.654655 -0.377972  0.000000 0.000000 0
0  -3.826649 26.209158 2.349208  -0.654648 0.654655 -0.377972  0.000000 0.000000 0
0  -1.974150 28.679157 3.418748  -0.654648 0.654655 -0.377972  0.000000 0.000000 0
gold_player
0  -1.852499 28.679157 3.208056  0.654644 0.654654 0.377981  0.000000 0.000000 0
0  -1.974150 28.679157 3.418748  0.654644 0.654654 0.377981  0.000000 0.000000 0
0  -0.121648 26.209158 4.488290  0.654644 0.654654 0.377981  0.000000 0.000000 0
gold_player
0  -1.852499 23.739157 3.208056  -0.654643 -0.654654 -0.377982  0.000000 0.000000 0
0  -1.974150 23.739157 3.418748  -0.654643 -0.654654 -0.377982  0.000000 0.000000 0
0  -3.826649 26.209158 2.349208  -0.654643 -0.654654 -0.377982  0.000000 0.000000 0
gold_player
0  -2.102728 24.131977 3.641457  0.109359 -0.462915 0.879631  0.000000 0.000000 0
0  -1.974150 23.739157 3.418748  0.109359 -0.462915 0.879631  0.000000 0.000000 0
0  -0.121648 26.209158 4.488290  0.109359 -0.462915 0.879631  0.000000 0.000000 0
gold_player
0  -0.544843 26.209158 4.540902  0.109357 0.462912 0.879633  0.000000 0.000000 0
0  -0.121648 26.209158 4.488290  0.109357 0.462912 0.879633  0.000000 0.000000 0
0  -1.974150 28.679157 3.418748  0.109357 0.462912 0.879633  0.000000 0.000000 0
gold_player
0  -3.826649 26.209158 2.349208  -0.816464 0.462912 0.345108  0.000000 0.000000 0
0  -3.660615 26.209158 2.742011  -0.816464 0.462912 0.345108  0.000000 0.000000 0
0  -2.102728 28.286337 3.641458  -0.816464 0.462912 0.345108  0.000000 0.000000 0
gold_player
0  -1.974150 23.739157 3.418748  -0.816464 -0.462908 0.345113  0.000000 0.000000 0
0  -2.102728 24.131977 3.641457  -0.816464 -0.462908 0.345113  0.000000 0.000000 0
0  -3.660615 26.209158 2.742011  -0.816464 -0.462908 0.345113  0.000000 0.000000 0
painted_wood_01
0  -2.102728 28.286337 3.641458  -0.499992 0.000000 0.866030  0.297978 0.539823 0
0  -2.102728 27.937542 3.641458  -0.499992 0.000000 0.866030  0.297978 0.539823 0
0  -0.806439 26.209158 4.389869  -0.499992 0.000000 0.866030  0.297978 0.539823 0
gold_player
0  -2.102728 27.937542 3.641458  -0.654651 -0.654653 -0.377970  0.000000 0.000000 0
0  -1.952728 27.937542 3.381650  -0.654651 -0.654653 -0.377970  0.000000 0.000000 0
0  -0.656439 26.209158 4.130063  -0.654651 -0.654653 -0.377970  0.000000 0.000000 0
painted_wood_01
0  -2.102728 24.131977 3.641457  -0.500000 -0.000001 0.866025  0.297978 0.539823 0
0  -2.102728 24.480772 3.641458  -0.500000 -0.000001 0.866025  0.297978 0.539823 0
0  -3.399020 26.209158 2.893043  -0.500000 -0.000001 0.866025  0.297978 0.539823 0
painted_wood_01
0  -3.660615 26.209158 2.742011  -0.500002 -0.000002 0.866024  0.297978 0.539823 0
0  -3.399020 26.209158 2.893043  -0.500002 -0.000002 0.866024  0.297978 0.539823 0
0  -2.102728 27.937542 3.641458  -0.500002 -0.000002 0.866024  0.297978 0.539823 0
painted_wood_01
0  -0.544843 26.209158 4.540902  -0.500000 0.000004 0.866025  0.297978 0.539823 0
0  -0.806439 26.209158 4.389869  -0.500000 0.000004 0.866025  0.297978 0.539823 0
0  -2.102728 24.480772 3.641458  -0.500000 0.000004 0.866025  0.297978 0.539823 0
gold_player
0  -0.656439 26.209158 4.130063  -0.499999 -0.000000 0.866026  0.000000 0.000000 0
0  -1.952728 27.937542 3.381650  -0.499999 -0.000000 0.866026  0.000000 0.000000 0
0  -3.249020 26.209158 2.633235  -0.499999 -0.000000 0.866026  0.000000 0.000000 0
gold_player
0  -3.399020 26.209158 2.893043  0.654654 -0.654656 0.377960  0.000000 0.000000 0
0  -3.249020 26.209158 2.633235  0.654654 -0.654656 0.377960  0.000000 0.000000 0
0  -1.952728 27.937542 3.381650  0.654654 -0.654656 0.377960  0.000000 0.000000 0
gold_player
0  -0.806439 26.209158 4.389869  -0.654653 0.654655 -0.377962  0.000000 0.000000 0
0  -0.656439 26.209158 4.130063  -0.654653 0.654655 -0.377962  0.000000 0.000000 0
0  -1.952728 24.480772 3.381650  -0.654653 0.654655 -0.377962  0.000000 0.000000 0
gold_player
0  -2.102728 24.480772 3.641458  0.654651 0.654653 0.377970  0.000000 0.000000 0
0  -1.952728 24.480772 3.381650  0.654651 0.654653 0.377970  0.000000 0.000000 0
0  -3.249020 26.209158 2.633235  0.654651 0.654653 0.377970  0.000000 0.000000 0
gold_player
0  -3.704999 26.209156 -2.139651  -0.653966 -0.654655 0.379151  0.000000 0.000000 0
0  -3.826911 26.209156 -2.349923  -0.653966 -0.654655 0.379151  0.000000 0.000000 0
0  -1.974411 23.739157 -3.419465  -0.653966 -0.654655 0.379151  0.000000 0.000000 0
gold_player
0  0.000000 26.209156 -4.278733  0.653965 0.654651 -0.379159  0.000000 0.000000 0
0  -0.121912 26.209156 -4.489005  0.653965 0.654651 -0.379159  0.000000 0.000000 0
0  -1.974411 28.679157 -3.419465  0.653965 0.654651 -0.379159  0.000000 0.000000 0
gold_player
0  -1.852501 28.679157 -3.209193  -0.653967 0.654653 0.379152  0.000000 0.000000 0
0  -1.974411 28.679157 -3.419465  -0.653967 0.654653 0.379152  0.000000 0.000000 0
0  -3.826911 26.209156 -2.349923  -0.653967 0.654653 0.379152  0.000000 0.000000 0
gold_player
0  -1.852501 23.739157 -3.209191  0.653969 -0.654653 -0.379149  0.000000 0.000000 0
0  -1.974411 23.739157 -3.419465  0.653969 -0.654653 -0.379149  0.000000 0.000000 0
0  -0.121912 26.209156 -4.489005  0.653969 -0.654653 -0.379149  0.000000 0.000000 0
gold_player
0  -2.102993 24.131977 -3.642171  -0.816463 -0.462911 -0.345111  0.000000 0.000000 0
0  -1.974411 23.739157 -3.419465  -0.816463 -0.462911 -0.345111  0.000000 0.000000 0
0  -3.826911 26.209156 -2.349923  -0.816463 -0.462911 -0.345111  0.000000 0.000000 0
gold_player
0  -3.660878 26.209156 -2.742726  -0.816465 0.462912 -0.345104  0.000000 0.000000 0
0  -3.826911 26.209156 -2.349923  -0.816465 0.462912 -0.345104  0.000000 0.000000 0
0  -1.974411 28.679157 -3.419465  -0.816465 0.462912 -0.345104  0.000000 0.000000 0
gold_player
0  -0.121912 26.209156 -4.489005  0.109361 0.462911 -0.879633  0.000000 0.000000 0
0  -0.545106 26.209156 -4.541619  0.109361 0.462911 -0.879633  0.000000 0.000000 0
0  -2.102993 28.286337 -3.642171  0.109361 0.462911 -0.879633  0.000000 0.000000 0
gold_player
0  -1.974411 23.739157 -3.419465  0.109349 -0.462907 -0.879636  0.000000 0.000000 0
0  -2.102993 24.131977 -3.642171  0.109349 -0.462907 -0.879636  0.000000 0.000000 0
0  -0.545106 26.209156 -4.541619  0.109349 -0.462907 -0.879636  0.000000 0.000000 0
painted_wood_01
0  -2.102993 28.286337 -3.642171  -0.500005 0.000001 -0.866023  0.297978 0.539823 0
0  -2.102993 27.937542 -3.642171  -0.500005 0.000001 -0.866023  0.297978 0.539823 0
0  -3.399282 26.209156 -2.893760  -0.500005 0.000001 -0.866023  0.297978 0.539823 0
gold_player
0  -2.102993 27.937542 -3.642171  0.654654 -0.654656 -0.377960  0.000000 0.000000 0
0  -1.952993 27.937542 -3.382363  0.654654 -0.654656 -0.377960  0.000000 0.000000 0
0  -3.249282 26.209156 -2.633950  0.654654 -0.654656 -0.377960  0.000000 0.000000 0
painted_wood_01
0  -2.102993 24.131977 -3.642171  -0.500005 0.000000 -0.866023  0.297978 0.539823 0
0  -2.102993 24.480772 -3.642171  -0.500005 0.000000 -0.866023  0.297978 0.539823 0
0  -0.806700 26.209156 -4.390586  -0.500005 0.000000 -0.866023  0.297978 0.539823 0
painted_wood_01
0  -0.545106 26.209156 -4.541619  -0.500006 -0.000005 -0.866022  0.297978 0.539823 0
0  -0.806700 26.209156 -4.390586  -0.500006 -0.000005 -0.866022  0.297978 0.539823 0
0  -2.102993 27.937542 -3.642171  -0.500006 -0.000005 -0.866022  0.297978 0.539823 0
painted_wood_01
0  -3.660878 26.209156 -2.742726  -0.500001 -0.000002 -0.866025  0.297978 0.539823 0
0  -3.399282 26.209156 -2.893760  -0.500001 -0.000002 -0.866025  0.297978 0.539823 0
0  -2.102993 24.480772 -3.642171  -0.500001 -0.000002 -0.866025  0.297978 0.539823 0
gold_player
0  -3.249282 26.209156 -2.633950  -0.499999 0.000001 -0.866026  0.000000 0.000000 0
0  -1.952993 27.937542 -3.382363  -0.499999 0.000001 -0.866026  0.000000 0.000000 0
0  -0.656700 26.209156 -4.130780  -0.499999 0.000001 -0.866026  0.000000 0.000000 0
gold_player
0  -0.806700 26.209156 -4.390586  -0.654653 -0.654656 0.377962  0.000000 0.000000 0
0  -0.656700 26.209156 -4.130780  -0.654653 -0.654656 0.377962  0.000000 0.000000 0
0  -1.952993 27.937542 -3.382363  -0.654653 -0.654656 0.377962  0.000000 0.000000 0
gold_player
0  -3.399282 26.209156 -2.893760  0.654652 0.654653 -0.377968  0.000000 0.000000 0
0  -3.249282 26.209156 -2.633950  0.654652 0.654653 -0.377968  0.000000 0.000000 0
0  -1.952993 24.480772 -3.382363  0.654652 0.654653 -0.377968  0.000000 0.000000 0
gold_player
0  -2.102993 24.480772 -3.642171  -0.654653 0.654657 0.377960  0.000000 0.000000 0
0  -1.952993 24.480772 -3.382363  -0.654653 0.654657 0.377960  0.000000 0.000000 0
0  -0.656700 26.209156 -4.130780  -0.654653 0.654657 0.377960  0.000000 0.000000 0
c_invasion_wrangler_laser
0  -2.340000 20.099998 0.000000  -0.499394 -0.864978 0.049189  0.094421 0.479679 0
0  -1.875000 19.831532 0.000000  -0.499394 -0.864978 0.049189  0.094345 0.479680 0
0  -1.838972 19.831532 0.365794  -0.499394 -0.864978 0.049189  0.093499 0.492277 0
c_invasion_wrangler_laser
0  -1.875000 19.831532 0.000000  0.995185 0.000001 -0.098018  0.094345 0.479680 0
0  -1.875000 20.368465 -0.000000  0.995185 0.000001 -0.098018  0.094494 0.479680 0
0  -1.838972 20.368465 0.365794  0.995185 0.000001 -0.098018  0.094430 0.492301 0
c_invasion_wrangler_laser
0  -1.875000 20.368465 -0.000000  -0.499394 0.864977 0.049192  0.094494 0.479680 0
0  -2.340000 20.099998 0.000000  -0.499394 0.864977 0.049192  0.094421 0.479679 0
0  -2.295037 20.099998 0.456511  -0.499394 0.864977 0.049192  0.093989 0.492270 0
c_invasion_wrangler_laser
0  -2.295037 20.099998 0.456511  -0.480202 -0.864978 0.145666  0.093989 0.492270 0
0  -1.838972 19.831532 0.365794  -0.480202 -0.864978 0.145666  0.093499 0.492277 0
0  -1.732274 19.831532 0.717531  -0.480202 -0.864978 0.145666  0.093227 0.504904 0
c_invasion_wrangler_laser
0  -1.838972 19.831532 0.365794  0.956941 0.000000 -0.290283  0.093499 0.492277 0
0  -1.838972 20.368465 0.365794  0.956941 0.000000 -0.290283  0.094430 0.492301 0
0  -1.732274 20.368465 0.717531  0.956941 0.000000 -0.290283  0.093762 0.504906 0
c_invasion_wrangler_laser
0  -1.838972 20.368465 0.365794  -0.480202 0.864978 0.145666  0.094430 0.492301 0
0  -2.295037 20.099998 0.456511  -0.480202 0.864978 0.145666  0.093989 0.492270 0
0  -2.161878 20.099998 0.895479  -0.480202 0.864978 0.145666  0.093593 0.504832 0
c_invasion_wrangler_laser
0  -2.161878 20.099998 0.895479  -0.442558 -0.864979 0.236547  0.093593 0.504832 0
0  -1.732274 19.831532 0.717531  -0.442558 -0.864979 0.236547  0.093227 0.504904 0
0  -1.559005 19.831532 1.041694  -0.442558 -0.864979 0.236547  0.092829 0.517488 0
c_invasion_wrangler_laser
0  -1.732274 19.831532 0.717531  0.881921 0.000000 -0.471397  0.093227 0.504904 0
0  -1.732274 20.368465 0.717531  0.881921 0.000000 -0.471397  0.093762 0.504906 0
0  -1.559005 20.368465 1.041694  0.881921 0.000000 -0.471397  0.093112 0.517483 0
c_invasion_wrangler_laser
0  -1.732274 20.368465 0.717531  -0.442557 0.864977 0.236555  0.093762 0.504906 0
0  -2.161878 20.099998 0.895479  -0.442557 0.864977 0.236555  0.093593 0.504832 0
0  -1.945639 20.099998 1.300034  -0.442557 0.864977 0.236555  0.093317 0.517461 0
c_invasion_wrangler_laser
0  -1.945639 20.099998 1.300034  -0.387904 -0.864977 0.318349  0.093317 0.517461 0
0  -1.559005 19.831532 1.041694  -0.387904 -0.864977 0.318349  0.092829 0.517488 0
0  -1.325825 19.831532 1.325825  -0.387904 -0.864977 0.318349  0.092366 0.530061 0
c_invasion_wrangler_laser
0  -1.559005 19.831532 1.041694  0.773011 0.000000 -0.634393  0.092829 0.517488 0
0  -1.559005 20.368465 1.041694  0.773011 0.000000 -0.634393  0.093112 0.517483 0
0  -1.325825 20.368465 1.325825  0.773011 0.000000 -0.634393  0.093162 0.530083 0
c_invasion_wrangler_laser
0  -1.559005 20.368465 1.041694  -0.387905 0.864978 0.318344  0.093112 0.517483 0
0  -1.945639 20.099998 1.300034  -0.387905 0.864978 0.318344  0.093317 0.517461 0
0  -1.654629 20.099998 1.654630  -0.387905 0.864978 0.318344  0.092321 0.530139 0
c_invasion_wrangler_laser
0  -1.654629 20.099998 1.654630  -0.318345 -0.864978 0.387904  0.092321 0.530139 0
0  -1.325825 19.831532 1.325825  -0.318345 -0.864978 0.387904  0.092366 0.530061 0
0  -1.041694 19.831532 1.559005  -0.318345 -0.864978 0.387904  0.091913 0.542506 0
c_invasion_wrangler_laser
0  -1.325825 19.831532 1.325825  0.634394 0.000000 -0.773010  0.092366 0.530061 0
0  -1.325825 20.368465 1.325825  0.634394 0.000000 -0.773010  0.093162 0.530083 0
0  -1.041694 20.368467 1.559005  0.634394 0.000000 -0.773010  0.092752 0.542549 0
c_invasion_wrangler_laser
0  -1.325825 20.368465 1.325825  -0.318345 0.864978 0.387903  0.093162 0.530083 0
0  -1.654629 20.099998 1.654630  -0.318345 0.864978 0.387903  0.092321 0.530139 0
0  -1.300034 20.099998 1.945639  -0.318345 0.864978 0.387903  0.091843 0.543048 0
c_invasion_wrangler_laser
0  -1.300034 20.099998 1.945639  -0.236552 -0.864978 0.442556  0.091843 0.543048 0
0  -1.041694 19.831532 1.559005  -0.236552 -0.864978 0.442556  0.091913 0.542506 0
0  -0.717532 19.831532 1.732274  -0.236552 -0.864978 0.442556  0.090447 0.554613 0
c_invasion_wrangler_laser
0  -1.041694 19.831532 1.559005  0.471397 0.000000 -0.881921  0.091913 0.542506 0
0  -1.041694 20.368467 1.559005  0.471397 0.000000 -0.881921  0.092752 0.542549 0
0  -0.717532 20.368467 1.732274  0.471397 0.000000 -0.881921  0.092810 0.554674 0
c_invasion_wrangler_laser
0  -1.041694 20.368467 1.559005  -0.236552 0.864973 0.442565  0.092752 0.542549 0
0  -1.300034 20.099998 1.945639  -0.236552 0.864973 0.442565  0.091843 0.543048 0
0  -0.895480 20.099998 2.161878  -0.236552 0.864973 0.442565  0.091844 0.556831 0
c_invasion_wrangler_laser
0  -0.895480 20.099998 2.161878  -0.145668 -0.864976 0.480206  0.091844 0.556831 0
0  -0.717532 19.831532 1.732274  -0.145668 -0.864976 0.480206  0.090447 0.554613 0
0  -0.365795 19.831532 1.838972  -0.145668 -0.864976 0.480206  0.088812 0.565252 0
c_invasion_wrangler_laser
0  -0.717532 19.831532 1.732274  0.290284 0.000000 -0.956941  0.090447 0.554613 0
0  -0.717532 20.368467 1.732274  0.290284 0.000000 -0.956941  0.092810 0.554674 0
0  -0.365795 20.368467 1.838972  0.290284 0.000000 -0.956941  0.093805 0.565417 0
c_invasion_wrangler_laser
0  -0.717532 20.368467 1.732274  -0.145668 0.864973 0.480211  0.092810 0.554674 0
0  -0.895480 20.099998 2.161878  -0.145668 0.864973 0.480211  0.091844 0.556831 0
0  -0.456512 20.099998 2.295037  -0.145668 0.864973 0.480211  0.091107 0.573679 0
c_invasion_wrangler_laser
0  -0.456512 20.099998 2.295037  -0.049186 -0.864980 0.499389  0.091107 0.573679 0
0  -0.365795 19.831532 1.838972  -0.049186 -0.864980 0.499389  0.088812 0.565252 0
0  0.000000 19.831532 1.875000  -0.049186 -0.864980 0.499389  0.083235 0.571468 0
c_invasion_wrangler_laser
0  -0.365795 19.831532 1.838972  0.098017 0.000000 -0.995185  0.088812 0.565252 0
0  -0.365795 20.368467 1.838972  0.098017 0.000000 -0.995185  0.093805 0.565417 0
0  0.000000 20.368467 1.875000  0.098017 0.000000 -0.995185  0.098953 0.572003 0
c_invasion_wrangler_laser
0  -0.365795 20.368467 1.838972  -0.049186 0.864974 0.499400  0.093805 0.565417 0
0  -0.456512 20.099998 2.295037  -0.049186 0.864974 0.499400  0.091107 0.573679 0
0  0.000000 20.099998 2.340000  -0.049186 0.864974 0.499400  0.090089 0.601551 0
c_invasion_wrangler_laser
0  0.000000 20.099998 -2.340000  -0.049185 -0.864978 -0.499394  0.098376 0.368364 0
0  0.000000 19.831530 -1.875000  -0.049185 -0.864978 -0.499394  0.098953 0.383362 0
0  -0.365794 19.831530 -1.838972  -0.049185 -0.864978 -0.499394  0.097699 0.392756 0
c_invasion_wrangler_laser
0  0.000000 19.831530 -1.875000  0.098018 0.000000 0.995185  0.098953 0.383362 0
0  0.000000 20.368465 -1.875000  0.098018 0.000000 0.995185  0.095870 0.383462 0
0  -0.365794 20.368465 -1.838972  0.098018 0.000000 0.995185  0.097544 0.392693 0
c_invasion_wrangler_laser
0  0.000000 20.368465 -1.875000  -0.049185 0.864977 -0.499395  0.095870 0.383462 0
0  0.000000 20.099998 -2.340000  -0.049185 0.864977 -0.499395  0.098376 0.368364 0
0  -0.456511 20.099998 -2.295038  -0.049185 0.864977 -0.499395  0.097415 0.388523 0
c_invasion_wrangler_laser
0  -0.456511 20.099998 -2.295038  -0.145669 -0.864980 -0.480198  0.097415 0.388523 0
0  -0.365794 19.831530 -1.838972  -0.145669 -0.864980 -0.480198  0.097699 0.392756 0
0  -0.717532 19.831530 -1.732274  -0.145669 -0.864980 -0.480198  0.097282 0.404442 0
c_invasion_wrangler_laser
0  -0.365794 19.831530 -1.838972  0.290284 0.000000 0.956941  0.097699 0.392756 0
0  -0.365794 20.368465 -1.838972  0.290284 0.000000 0.956941  0.097544 0.392693 0
0  -0.717532 20.368465 -1.732274  0.290284 0.000000 0.956941  0.097021 0.404415 0
c_invasion_wrangler_laser
0  -0.365794 20.368465 -1.838972  -0.145668 0.864977 -0.480204  0.097544 0.392693 0
0  -0.456511 20.099998 -2.295038  -0.145668 0.864977 -0.480204  0.097415 0.388523 0
0  -0.895480 20.099998 -2.161878  -0.145668 0.864977 -0.480204  0.097025 0.403180 0
c_invasion_wrangler_laser
0  -0.895480 20.099998 -2.161878  -0.236553 -0.864976 -0.442560  0.097025 0.403180 0
0  -0.717532 19.831530 -1.732274  -0.236553 -0.864976 -0.442560  0.097282 0.404442 0
0  -1.041694 19.831530 -1.559005  -0.236553 -0.864976 -0.442560  0.096480 0.416729 0
c_invasion_wrangler_laser
0  -0.717532 19.831530 -1.732274  0.471398 0.000000 0.881920  0.097282 0.404442 0
0  -0.717532 20.368465 -1.732274  0.471398 0.000000 0.881920  0.097021 0.404415 0
0  -1.041694 20.368465 -1.559005  0.471398 0.000000 0.881920  0.097011 0.416746 0
c_invasion_wrangler_laser
0  -0.717532 20.368465 -1.732274  -0.236551 0.864977 -0.442559  0.097021 0.404415 0
0  -0.895480 20.099998 -2.161878  -0.236551 0.864977 -0.442559  0.097025 0.403180 0
0  -1.300034 20.099998 -1.945639  -0.236551 0.864977 -0.442559  0.096479 0.416434 0
c_invasion_wrangler_laser
0  -1.300034 20.099998 -1.945639  -0.318351 -0.864980 -0.387895  0.096479 0.416434 0
0  -1.041694 19.831530 -1.559005  -0.318351 -0.864980 -0.387895  0.096480 0.416729 0
0  -1.325824 19.831532 -1.325826  -0.318351 -0.864980 -0.387895  0.095813 0.429269 0
c_invasion_wrangler_laser
0  -1.041694 19.831530 -1.559005  0.634394 0.000000 0.773010  0.096480 0.416729 0
0  -1.041694 20.368465 -1.559005  0.634394 0.000000 0.773010  0.097011 0.416746 0
0  -1.325824 20.368465 -1.325826  0.634394 0.000000 0.773010  0.096177 0.429281 0
c_invasion_wrangler_laser
0  -1.041694 20.368465 -1.559005  -0.318345 0.864980 -0.387900  0.097011 0.416746 0
0  -1.300034 20.099998 -1.945639  -0.318345 0.864980 -0.387900  0.096479 0.416434 0
0  -1.654629 20.099998 -1.654631  -0.318345 0.864980 -0.387900  0.096705 0.429239 0
c_invasion_wrangler_laser
0  -1.654629 20.099998 -1.654631  -0.387904 -0.864977 -0.318348  0.096705 0.429239 0
0  -1.325824 19.831532 -1.325826  -0.387904 -0.864977 -0.318348  0.095813 0.429269 0
0  -1.559005 19.831532 -1.041694  -0.387904 -0.864977 -0.318348  0.095773 0.441875 0
c_invasion_wrangler_laser
0  -1.325824 19.831532 -1.325826  0.773012 0.000000 0.634392  0.095813 0.429269 0
0  -1.325824 20.368465 -1.325826  0.773012 0.000000 0.634392  0.096177 0.429281 0
0  -1.559005 20.368465 -1.041694  0.773012 0.000000 0.634392  0.095921 0.441872 0
c_invasion_wrangler_laser
0  -1.325824 20.368465 -1.325826  -0.387904 0.864976 -0.318350  0.096177 0.429281 0
0  -1.654629 20.099998 -1.654631  -0.387904 0.864976 -0.318350  0.096705 0.429239 0
0  -1.945639 20.099998 -1.300034  -0.387904 0.864976 -0.318350  0.095575 0.441898 0
c_invasion_wrangler_laser
0  -1.945639 20.099998 -1.300034  -0.442557 -0.864978 -0.236552  0.095575 0.441898 0
0  -1.559005 19.831532 -1.041694  -0.442557 -0.864978 -0.236552  0.095773 0.441875 0
0  -1.732274 19.831532 -0.717532  -0.442557 -0.864978 -0.236552  0.095092 0.454452 0
c_invasion_wrangler_laser
0  -1.559005 19.831532 -1.041694  0.881921 0.000000 0.471398  0.095773 0.441875 0
0  -1.559005 20.368465 -1.041694  0.881921 0.000000 0.471398  0.095921 0.441872 0
0  -1.732274 20.368465 -0.717532  0.881921 0.000000 0.471398  0.095586 0.454458 0
c_invasion_wrangler_laser
0  -1.559005 20.368465 -1.041694  -0.442557 0.864979 -0.236548  0.095921 0.441872 0
0  -1.945639 20.099998 -1.300034  -0.442557 0.864979 -0.236548  0.095575 0.441898 0
0  -2.161877 20.099998 -0.895480  -0.442557 0.864979 -0.236548  0.095262 0.454526 0
c_invasion_wrangler_laser
0  -2.161877 20.099998 -0.895480  -0.480203 -0.864978 -0.145665  0.095262 0.454526 0
0  -1.732274 19.831532 -0.717532  -0.480203 -0.864978 -0.145665  0.095092 0.454452 0
0  -1.838972 19.831532 -0.365794  -0.480203 -0.864978 -0.145665  0.094414 0.467058 0
c_invasion_wrangler_laser
0  -1.732274 19.831532 -0.717532  0.956940 0.000000 0.290285  0.095092 0.454452 0
0  -1.732274 20.368465 -0.717532  0.956940 0.000000 0.290285  0.095586 0.454458 0
0  -1.838972 20.368465 -0.365794  0.956940 0.000000 0.290285  0.095333 0.467084 0
c_invasion_wrangler_laser
0  -1.732274 20.368465 -0.717532  -0.480202 0.864978 -0.145666  0.095586 0.454458 0
0  -2.161877 20.099998 -0.895480  -0.480202 0.864978 -0.145666  0.095262 0.454526 0
0  -2.295037 20.099998 -0.456511  -0.480202 0.864978 -0.145666  0.094855 0.467090 0
c_invasion_wrangler_laser
0  -2.295037 20.099998 -0.456511  -0.499393 -0.864978 -0.049194  0.094855 0.467090 0
0  -1.838972 19.831532 -0.365794  -0.499393 -0.864978 -0.049194  0.094414 0.467058 0
0  -1.875000 19.831532 0.000000  -0.499393 -0.864978 -0.049194  0.094345 0.479680 0
c_invasion_wrangler_laser
0  -1.838972 19.831532 -0.365794  0.995185 0.000000 0.098017  0.094414 0.467058 0
0  -1.838972 20.368465 -0.365794  0.995185 0.000000 0.098017  0.095333 0.467084 0
0  -1.875000 20.368465 -0.000000  0.995185 0.000000 0.098017  0.094494 0.479680 0
c_invasion_wrangler_laser
0  -1.838972 20.368465 -0.365794  -0.499393 0.864978 -0.049184  0.095333 0.467084 0
0  -2.295037 20.099998 -0.456511  -0.499393 0.864978 -0.049184  0.094855 0.467090 0
0  -2.340000 20.099998 0.000000  -0.499393 0.864978 -0.049184  0.094421 0.479679 0
c_invasion_wrangler_laser
0  -2.340000 18.999998 0.000000  -0.499394 -0.864978 0.049184  0.055490 0.479904 0
0  -1.875000 18.731531 0.000000  -0.499394 -0.864978 0.049184  0.055723 0.479874 0
0  -1.838972 18.731531 0.365794  -0.499394 -0.864978 0.049184  0.055772 0.492556 0
c_invasion_wrangler_laser
0  -1.875000 18.731531 0.000000  0.995185 0.000001 -0.098017  0.055723 0.479874 0
0  -1.875000 19.268465 -0.000000  0.995185 0.000001 -0.098017  0.056072 0.479826 0
0  -1.838972 19.268465 0.365794  0.995185 0.000001 -0.098017  0.056740 0.492498 0
c_invasion_wrangler_laser
0  -1.875000 19.268465 -0.000000  -0.499394 0.864978 0.049185  0.056072 0.479826 0
0  -2.340000 18.999998 0.000000  -0.499394 0.864978 0.049185  0.055490 0.479904 0
0  -2.295037 18.999998 0.456511  -0.499394 0.864978 0.049185  0.056142 0.492528 0
c_invasion_wrangler_laser
0  -2.295037 18.999998 0.456511  -0.480202 -0.864978 0.145668  0.056142 0.492528 0
0  -1.838972 18.731531 0.365794  -0.480202 -0.864978 0.145668  0.055772 0.492556 0
0  -1.732274 18.731531 0.717531  -0.480202 -0.864978 0.145668  0.056458 0.505212 0
c_invasion_wrangler_laser
0  -1.838972 18.731531 0.365794  0.956941 0.000000 -0.290283  0.055772 0.492556 0
0  -1.838972 19.268465 0.365794  0.956941 0.000000 -0.290283  0.056740 0.492498 0
0  -1.732274 19.268465 0.717531  0.956941 0.000000 -0.290283  0.056916 0.505191 0
c_invasion_wrangler_laser
0  -1.838972 19.268465 0.365794  -0.480202 0.864978 0.145666  0.056740 0.492498 0
0  -2.295037 18.999998 0.456511  -0.480202 0.864978 0.145666  0.056142 0.492528 0
0  -2.161878 18.999998 0.895479  -0.480202 0.864978 0.145666  0.056633 0.505152 0
c_invasion_wrangler_laser
0  -2.161878 18.999998 0.895479  -0.442558 -0.864979 0.236547  0.056633 0.505152 0
0  -1.732274 18.731531 0.717531  -0.442558 -0.864979 0.236547  0.056458 0.505212 0
0  -1.559005 18.731531 1.041694  -0.442558 -0.864979 0.236547  0.057164 0.517828 0
c_invasion_wrangler_laser
0  -1.732274 18.731531 0.717531  0.881921 0.000000 -0.471397  0.056458 0.505212 0
0  -1.732274 19.268465 0.717531  0.881921 0.000000 -0.471397  0.056916 0.505191 0
0  -1.559005 19.268465 1.041694  0.881921 0.000000 -0.471397  0.057130 0.517835 0
c_invasion_wrangler_laser
0  -1.732274 19.268465 0.717531  -0.442557 0.864977 0.236555  0.056916 0.505191 0
0  -2.161878 18.999998 0.895479  -0.442557 0.864977 0.236555  0.056633 0.505152 0
0  -1.945639 18.999998 1.300034  -0.442557 0.864977 0.236555  0.057058 0.517863 0
c_invasion_wrangler_laser
0  -1.945639 18.999998 1.300034  -0.387904 -0.864977 0.318349  0.057058 0.517863 0
0  -1.559005 18.731531 1.041694  -0.387904 -0.864977 0.318349  0.057164 0.517828 0
0  -1.325825 18.731531 1.325825  -0.387904 -0.864977 0.318349  0.057268 0.530446 0
c_invasion_wrangler_laser
0  -1.559005 18.731531 1.041694  0.773009 0.000000 -0.634396  0.057164 0.517828 0
0  -1.559005 19.268465 1.041694  0.773009 0.000000 -0.634396  0.057130 0.517835 0
0  -1.325825 19.268465 1.325825  0.773009 0.000000 -0.634396  0.058032 0.530438 0
c_invasion_wrangler_laser
0  -1.559005 19.268465 1.041694  -0.387905 0.864978 0.318344  0.057130 0.517835 0
0  -1.945639 18.999998 1.300034  -0.387905 0.864978 0.318344  0.057058 0.517863 0
0  -1.654629 18.999998 1.654630  -0.387905 0.864978 0.318344  0.057377 0.530640 0
c_invasion_wrangler_laser
0  -1.654629 18.999998 1.654630  -0.318344 -0.864977 0.387908  0.057377 0.530640 0
0  -1.325825 18.731531 1.325825  -0.318344 -0.864977 0.387908  0.057268 0.530446 0
0  -1.041694 18.731531 1.559005  -0.318344 -0.864977 0.387908  0.057296 0.543023 0
c_invasion_wrangler_laser
0  -1.325825 18.731531 1.325825  0.634394 0.000000 -0.773010  0.057268 0.530446 0
0  -1.325825 19.268465 1.325825  0.634394 0.000000 -0.773010  0.058032 0.530438 0
0  -1.041694 19.268467 1.559005  0.634394 0.000000 -0.773010  0.058333 0.542987 0
c_invasion_wrangler_laser
0  -1.325825 19.268465 1.325825  -0.318345 0.864977 0.387906  0.058032 0.530438 0
0  -1.654629 18.999998 1.654630  -0.318345 0.864977 0.387906  0.057377 0.530640 0
0  -1.300034 18.999998 1.945639  -0.318345 0.864977 0.387906  0.058449 0.543585 0
c_invasion_wrangler_laser
0  -1.300034 18.999998 1.945639  -0.236551 -0.864976 0.442560  0.058449 0.543585 0
0  -1.041694 18.731531 1.559005  -0.236551 -0.864976 0.442560  0.057296 0.543023 0
0  -0.717532 18.731531 1.732274  -0.236551 -0.864976 0.442560  0.057581 0.555204 0
c_invasion_wrangler_laser
0  -1.041694 18.731531 1.559005  0.471399 0.000000 -0.881920  0.057296 0.543023 0
0  -1.041694 19.268467 1.559005  0.471399 0.000000 -0.881920  0.058333 0.542987 0
0  -0.717532 19.268467 1.732274  0.471399 0.000000 -0.881920  0.059723 0.555179 0
c_invasion_wrangler_laser
0  -1.041694 19.268467 1.559005  -0.236554 0.864979 0.442553  0.058333 0.542987 0
0  -1.300034 18.999998 1.945639  -0.236554 0.864979 0.442553  0.058449 0.543585 0
0  -0.895480 18.999998 2.161878  -0.236554 0.864979 0.442553  0.058142 0.557435 0
c_invasion_wrangler_laser
0  -0.895480 18.999998 2.161878  -0.145668 -0.864978 0.480203  0.058142 0.557435 0
0  -0.717532 18.731531 1.732274  -0.145668 -0.864978 0.480203  0.057581 0.555204 0
0  -0.365795 18.731531 1.838972  -0.145668 -0.864978 0.480203  0.055961 0.566263 0
c_invasion_wrangler_laser
0  -0.717532 18.731531 1.732274  0.290285 0.000000 -0.956940  0.057581 0.555204 0
0  -0.717532 19.268467 1.732274  0.290285 0.000000 -0.956940  0.059723 0.555179 0
0  -0.365795 19.268467 1.838972  0.290285 0.000000 -0.956940  0.061287 0.565900 0
c_invasion_wrangler_laser
0  -0.717532 19.268467 1.732274  -0.145669 0.864980 0.480199  0.059723 0.555179 0
0  -0.895480 18.999998 2.161878  -0.145669 0.864980 0.480199  0.058142 0.557435 0
0  -0.456512 18.999998 2.295037  -0.145669 0.864980 0.480199  0.059175 0.574316 0
c_invasion_wrangler_laser
0  -0.456512 18.999998 2.295037  -0.049186 -0.864980 0.499389  0.059175 0.574316 0
0  -0.365795 18.731531 1.838972  -0.049186 -0.864980 0.499389  0.055961 0.566263 0
0  0.000000 18.731531 1.875000  -0.049186 -0.864980 0.499389  0.050894 0.572832 0
c_invasion_wrangler_laser
0  -0.365795 18.731531 1.838972  0.098018 0.000000 -0.995185  0.055961 0.566263 0
0  -0.365795 19.268467 1.838972  0.098018 0.000000 -0.995185  0.061287 0.565900 0
0  0.000000 19.268467 1.875000  0.098018 0.000000 -0.995185  0.066861 0.572111 0
c_invasion_wrangler_laser
0  -0.365795 19.268467 1.838972  -0.049186 0.864977 0.499394  0.061287 0.565900 0
0  -0.456512 18.999998 2.295037  -0.049186 0.864977 0.499394  0.059175 0.574316 0
0  0.000000 18.999998 2.340000  -0.049186 0.864977 0.499394  0.060116 0.602409 0
c_invasion_wrangler_laser
0  0.000000 18.999998 -2.340000  -0.049185 -0.864976 -0.499398  0.051822 0.368364 0
0  0.000000 18.731529 -1.875000  -0.049185 -0.864976 -0.499398  0.053486 0.382975 0
0  -0.365794 18.731529 -1.838972  -0.049185 -0.864976 -0.499398  0.052773 0.392491 0
c_invasion_wrangler_laser
0  0.000000 18.731529 -1.875000  0.098017 0.000000 0.995185  0.053486 0.382975 0
0  0.000000 19.268465 -1.875000  0.098017 0.000000 0.995185  0.050894 0.383034 0
0  -0.365794 19.268465 -1.838972  0.098017 0.000000 0.995185  0.052082 0.392561 0
c_invasion_wrangler_laser
0  0.000000 19.268465 -1.875000  -0.049186 0.864980 -0.499390  0.050894 0.383034 0
0  0.000000 18.999998 -2.340000  -0.049186 0.864980 -0.499390  0.051822 0.368364 0
0  -0.456511 18.999998 -2.295038  -0.049186 0.864980 -0.499390  0.052753 0.388189 0
c_invasion_wrangler_laser
0  -0.456511 18.999998 -2.295038  -0.145669 -0.864976 -0.480205  0.052753 0.388189 0
0  -0.365794 18.731529 -1.838972  -0.145669 -0.864976 -0.480205  0.052773 0.392491 0
0  -0.717532 18.731529 -1.732274  -0.145669 -0.864976 -0.480205  0.053005 0.404254 0
c_invasion_wrangler_laser
0  -0.365794 18.731529 -1.838972  0.290284 0.000000 0.956941  0.052773 0.392491 0
0  -0.365794 19.268465 -1.838972  0.290284 0.000000 0.956941  0.052082 0.392561 0
0  -0.717532 19.268465 -1.732274  0.290284 0.000000 0.956941  0.053175 0.404215 0
c_invasion_wrangler_laser
0  -0.365794 19.268465 -1.838972  -0.145668 0.864977 -0.480204  0.052082 0.392561 0
0  -0.456511 18.999998 -2.295038  -0.145668 0.864977 -0.480204  0.052753 0.388189 0
0  -0.895480 18.999998 -2.161878  -0.145668 0.864977 -0.480204  0.052992 0.403015 0
c_invasion_wrangler_laser
0  -0.895480 18.999998 -2.161878  -0.236552 -0.864974 -0.442564  0.052992 0.403015 0
0  -0.717532 18.731529 -1.732274  -0.236552 -0.864974 -0.442564  0.053005 0.404254 0
0  -1.041694 18.731529 -1.559005  -0.236552 -0.864974 -0.442564  0.053576 0.416658 0
c_invasion_wrangler_laser
0  -0.717532 18.731529 -1.732274  0.471394 0.000000 0.881922  0.053005 0.404254 0
0  -0.717532 19.268465 -1.732274  0.471394 0.000000 0.881922  0.053175 0.404215 0
0  -1.041694 19.268465 -1.559005  0.471394 0.000000 0.881922  0.053915 0.416595 0
c_invasion_wrangler_laser
0  -0.717532 19.268465 -1.732274  -0.236551 0.864977 -0.442559  0.053175 0.404215 0
0  -0.895480 18.999998 -2.161878  -0.236551 0.864977 -0.442559  0.052992 0.403015 0
0  -1.300034 18.999998 -1.945639  -0.236551 0.864977 -0.442559  0.053046 0.416307 0
c_invasion_wrangler_laser
0  -1.300034 18.999998 -1.945639  -0.318349 -0.864975 -0.387908  0.053046 0.416307 0
0  -1.041694 18.731529 -1.559005  -0.318349 -0.864975 -0.387908  0.053576 0.416658 0
0  -1.325824 18.731531 -1.325826  -0.318349 -0.864975 -0.387908  0.053583 0.429279 0
c_invasion_wrangler_laser
0  -1.041694 18.731529 -1.559005  0.634392 0.000000 0.773011  0.053576 0.416658 0
0  -1.041694 19.268465 -1.559005  0.634392 0.000000 0.773011  0.053915 0.416595 0
0  -1.325824 19.268465 -1.325826  0.634392 0.000000 0.773011  0.053949 0.429224 0
c_invasion_wrangler_laser
0  -1.041694 19.268465 -1.559005  -0.318345 0.864978 -0.387903  0.053915 0.416595 0
0  -1.300034 18.999998 -1.945639  -0.318345 0.864978 -0.387903  0.053046 0.416307 0
0  -1.654629 18.999998 -1.654631  -0.318345 0.864978 -0.387903  0.054461 0.429136 0
c_invasion_wrangler_laser
0  -1.654629 18.999998 -1.654631  -0.387904 -0.864978 -0.318343  0.054461 0.429136 0
0  -1.325824 18.731531 -1.325826  -0.387904 -0.864978 -0.318343  0.053583 0.429279 0
0  -1.559005 18.731531 -1.041694  -0.387904 -0.864978 -0.318343  0.054229 0.441919 0
c_invasion_wrangler_laser
0  -1.325824 18.731531 -1.325826  0.773009 0.000000 0.634394  0.053583 0.429279 0
0  -1.325824 19.268465 -1.325826  0.773009 0.000000 0.634394  0.053949 0.429224 0
0  -1.559005 19.268465 -1.041694  0.773009 0.000000 0.634394  0.054574 0.441854 0
c_invasion_wrangler_laser
0  -1.325824 19.268465 -1.325826  -0.387904 0.864977 -0.318346  0.053949 0.429224 0
0  -1.654629 18.999998 -1.654631  -0.387904 0.864977 -0.318346  0.054461 0.429136 0
0  -1.945639 18.999998 -1.300034  -0.387904 0.864977 -0.318346  0.054488 0.441873 0
c_invasion_wrangler_laser
0  -1.945639 18.999998 -1.300034  -0.442557 -0.864978 -0.236552  0.054488 0.441873 0
0  -1.559005 18.731531 -1.041694  -0.442557 -0.864978 -0.236552  0.054229 0.441919 0
0  -1.732274 18.731531 -0.717532  -0.442557 -0.864978 -0.236552  0.054900 0.454555 0
c_invasion_wrangler_laser
0  -1.559005 18.731531 -1.041694  0.881922 0.000000 0.471396  0.054229 0.441919 0
0  -1.559005 19.268465 -1.041694  0.881922 0.000000 0.471396  0.054574 0.441854 0
0  -1.732274 19.268465 -0.717532  0.881922 0.000000 0.471396  0.055072 0.454499 0
c_invasion_wrangler_laser
0  -1.559005 19.268465 -1.041694  -0.442557 0.864978 -0.236552  0.054574 0.441854 0
0  -1.945639 18.999998 -1.300034  -0.442557 0.864978 -0.236552  0.054488 0.441873 0
0  -2.161877 18.999998 -0.895480  -0.442557 0.864978 -0.236552  0.054629 0.454580 0
c_invasion_wrangler_laser
0  -2.161877 18.999998 -0.895480  -0.480203 -0.864978 -0.145664  0.054629 0.454580 0
0  -1.732274 18.731531 -0.717532  -0.480203 -0.864978 -0.145664  0.054900 0.454555 0
0  -1.838972 18.731531 -0.365794  -0.480203 -0.864978 -0.145664  0.054953 0.467223 0
c_invasion_wrangler_laser
0  -1.732274 18.731531 -0.717532  0.956940 0.000000 0.290285  0.054900 0.454555 0
0  -1.732274 19.268465 -0.717532  0.956940 0.000000 0.290285  0.055072 0.454499 0
0  -1.838972 19.268465 -0.365794  0.956940 0.000000 0.290285  0.055566 0.467144 0
c_invasion_wrangler_laser
0  -1.732274 19.268465 -0.717532  -0.480202 0.864977 -0.145673  0.055072 0.454499 0
0  -2.161877 18.999998 -0.895480  -0.480202 0.864977 -0.145673  0.054629 0.454580 0
0  -2.295037 18.999998 -0.456511  -0.480202 0.864977 -0.145673  0.055480 0.467235 0
c_invasion_wrangler_laser
0  -2.295037 18.999998 -0.456511  -0.499394 -0.864978 -0.049188  0.055480 0.467235 0
0  -1.838972 18.731531 -0.365794  -0.499394 -0.864978 -0.049188  0.054953 0.467223 0
0  -1.875000 18.731531 0.000000  -0.499394 -0.864978 -0.049188  0.055723 0.479874 0
c_invasion_wrangler_laser
0  -1.838972 18.731531 -0.365794  0.995185 0.000000 0.098017  0.054953 0.467223 0
0  -1.838972 19.268465 -0.365794  0.995185 0.000000 0.098017  0.055566 0.467144 0
0  -1.875000 19.268465 -0.000000  0.995185 0.000000 0.098017  0.056072 0.479826 0
c_invasion_wrangler_laser
0  -1.838972 19.268465 -0.365794  -0.499393 0.864978 -0.049185  0.055566 0.467144 0
0  -2.295037 18.999998 -0.456511  -0.499393 0.864978 -0.049185  0.055480 0.467235 0
0  -2.340000 18.999998 0.000000  -0.499393 0.864978 -0.049185  0.055490 0.479904 0
c_invasion_wrangler_laser
0  -2.340000 21.199999 0.000000  -0.499394 -0.864978 0.049184  0.109382 0.478343 0
0  -1.875000 20.931532 0.000000  -0.499394 -0.864978 0.049184  0.109376 0.478359 0
0  -1.838972 20.931532 0.365794  -0.499394 -0.864978 0.049184  0.108508 0.490784 0
c_invasion_wrangler_laser
0  -1.875000 20.931532 0.000000  0.995185 0.000001 -0.098017  0.109376 0.478359 0
0  -1.875000 21.468466 -0.000000  0.995185 0.000001 -0.098017  0.109348 0.478336 0
0  -1.838972 21.468466 0.365794  0.995185 0.000001 -0.098017  0.109143 0.490769 0
c_invasion_wrangler_laser
0  -1.875000 21.468466 -0.000000  -0.499394 0.864978 0.049183  0.109348 0.478336 0
0  -2.340000 21.199999 0.000000  -0.499394 0.864978 0.049183  0.109382 0.478343 0
0  -2.295037 21.199999 0.456511  -0.499394 0.864978 0.049183  0.109147 0.490815 0
c_invasion_wrangler_laser
0  -2.295037 21.199999 0.456511  -0.480202 -0.864977 0.145673  0.109147 0.490815 0
0  -1.838972 20.931532 0.365794  -0.480202 -0.864977 0.145673  0.108508 0.490784 0
0  -1.732274 20.931532 0.717531  -0.480202 -0.864977 0.145673  0.108251 0.503257 0
c_invasion_wrangler_laser
0  -1.838972 20.931532 0.365794  0.956941 0.000000 -0.290283  0.108508 0.490784 0
0  -1.838972 21.468466 0.365794  0.956941 0.000000 -0.290283  0.109143 0.490769 0
0  -1.732274 21.468466 0.717531  0.956941 0.000000 -0.290283  0.108910 0.503247 0
c_invasion_wrangler_laser
0  -1.838972 21.468466 0.365794  -0.480202 0.864978 0.145664  0.109143 0.490769 0
0  -2.295037 21.199999 0.456511  -0.480202 0.864978 0.145664  0.109147 0.490815 0
0  -2.161878 21.199999 0.895479  -0.480202 0.864978 0.145664  0.108232 0.503220 0
c_invasion_wrangler_laser
0  -2.161878 21.199999 0.895479  -0.442557 -0.864977 0.236556  0.108232 0.503220 0
0  -1.732274 20.931532 0.717531  -0.442557 -0.864977 0.236556  0.108251 0.503257 0
0  -1.559005 20.931532 1.041694  -0.442557 -0.864977 0.236556  0.108022 0.515679 0
c_invasion_wrangler_laser
0  -1.732274 20.931532 0.717531  0.881921 0.000000 -0.471397  0.108251 0.503257 0
0  -1.732274 21.468466 0.717531  0.881921 0.000000 -0.471397  0.108910 0.503247 0
0  -1.559005 21.468466 1.041694  0.881921 0.000000 -0.471397  0.108100 0.515671 0
c_invasion_wrangler_laser
0  -1.732274 21.468466 0.717531  -0.442558 0.864979 0.236548  0.108910 0.503247 0
0  -2.161878 21.199999 0.895479  -0.442558 0.864979 0.236548  0.108232 0.503220 0
0  -1.945639 21.199999 1.300034  -0.442558 0.864979 0.236548  0.107959 0.515702 0
c_invasion_wrangler_laser
0  -1.945639 21.199999 1.300034  -0.387904 -0.864978 0.318344  0.107959 0.515702 0
0  -1.559005 20.931532 1.041694  -0.387904 -0.864978 0.318344  0.108022 0.515679 0
0  -1.325825 20.931532 1.325825  -0.387904 -0.864978 0.318344  0.107130 0.528066 0
c_invasion_wrangler_laser
0  -1.559005 20.931532 1.041694  0.773011 0.000000 -0.634393  0.108022 0.515679 0
0  -1.559005 21.468466 1.041694  0.773011 0.000000 -0.634393  0.108100 0.515671 0
0  -1.325825 21.468466 1.325825  0.773011 0.000000 -0.634393  0.108054 0.528098 0
c_invasion_wrangler_laser
0  -1.559005 21.468466 1.041694  -0.387905 0.864979 0.318340  0.108100 0.515671 0
0  -1.945639 21.199999 1.300034  -0.387905 0.864979 0.318340  0.107959 0.515702 0
0  -1.654629 21.199999 1.654630  -0.387905 0.864979 0.318340  0.107564 0.528239 0
c_invasion_wrangler_laser
0  -1.654629 21.199999 1.654630  -0.318345 -0.864978 0.387904  0.107564 0.528239 0
0  -1.325825 20.931532 1.325825  -0.318345 -0.864978 0.387904  0.107130 0.528066 0
0  -1.041694 20.931532 1.559005  -0.318345 -0.864978 0.387904  0.106875 0.540361 0
c_invasion_wrangler_laser
0  -1.325825 20.931532 1.325825  0.634394 0.000000 -0.773010  0.107130 0.528066 0
0  -1.325825 21.468466 1.325825  0.634394 0.000000 -0.773010  0.108054 0.528098 0
0  -1.041694 21.468468 1.559005  0.634394 0.000000 -0.773010  0.107408 0.540403 0
c_invasion_wrangler_laser
0  -1.325825 21.468466 1.325825  -0.318345 0.864978 0.387903  0.108054 0.528098 0
0  -1.654629 21.199999 1.654630  -0.318345 0.864978 0.387903  0.107564 0.528239 0
0  -1.300034 21.199999 1.945639  -0.318345 0.864978 0.387903  0.107130 0.541000 0
c_invasion_wrangler_laser
0  -1.300034 21.199999 1.945639  -0.236552 -0.864978 0.442556  0.107130 0.541000 0
0  -1.041694 20.931532 1.559005  -0.236552 -0.864978 0.442556  0.106875 0.540361 0
0  -0.717532 20.931532 1.732274  -0.236552 -0.864978 0.442556  0.105602 0.552281 0
c_invasion_wrangler_laser
0  -1.041694 20.931532 1.559005  0.471399 0.000000 -0.881920  0.106875 0.540361 0
0  -1.041694 21.468468 1.559005  0.471399 0.000000 -0.881920  0.107408 0.540403 0
0  -0.717532 21.468468 1.732274  0.471399 0.000000 -0.881920  0.107795 0.552440 0
c_invasion_wrangler_laser
0  -1.041694 21.468468 1.559005  -0.236554 0.864979 0.442553  0.107408 0.540403 0
0  -1.300034 21.199999 1.945639  -0.236554 0.864979 0.442553  0.107130 0.541000 0
0  -0.895480 21.199999 2.161878  -0.236554 0.864979 0.442553  0.106671 0.554603 0
c_invasion_wrangler_laser
0  -0.895480 21.199999 2.161878  -0.145669 -0.864982 0.480195  0.106671 0.554603 0
0  -0.717532 20.931532 1.732274  -0.145669 -0.864982 0.480195  0.105602 0.552281 0
0  -0.365795 20.931532 1.838972  -0.145669 -0.864982 0.480195  0.103169 0.562852 0
c_invasion_wrangler_laser
0  -0.717532 20.931532 1.732274  0.290287 0.000000 -0.956940  0.105602 0.552281 0
0  -0.717532 21.468468 1.732274  0.290287 0.000000 -0.956940  0.107795 0.552440 0
0  -0.365795 21.468468 1.838972  0.290287 0.000000 -0.956940  0.109378 0.563342 0
c_invasion_wrangler_laser
0  -0.717532 21.468468 1.732274  -0.145669 0.864980 0.480199  0.107795 0.552440 0
0  -0.895480 21.199999 2.161878  -0.145669 0.864980 0.480199  0.106671 0.554603 0
0  -0.456512 21.199999 2.295037  -0.145669 0.864980 0.480199  0.106152 0.571304 0
c_invasion_wrangler_laser
0  -0.456512 21.199999 2.295037  -0.049186 -0.864980 0.499389  0.106152 0.571304 0
0  -0.365795 20.931532 1.838972  -0.049186 -0.864980 0.499389  0.103169 0.562852 0
0  0.000000 20.931532 1.875000  -0.049186 -0.864980 0.499389  0.099076 0.567758 0
c_invasion_wrangler_laser
0  -0.365795 20.931532 1.838972  0.098017 0.000000 -0.995185  0.103169 0.562852 0
0  -0.365795 21.468468 1.838972  0.098017 0.000000 -0.995185  0.109378 0.563342 0
0  0.000000 21.468468 1.875000  0.098017 0.000000 -0.995185  0.114846 0.569897 0
c_invasion_wrangler_laser
0  -0.365795 21.468468 1.838972  -0.049186 0.864977 0.499394  0.109378 0.563342 0
0  -0.456512 21.199999 2.295037  -0.049186 0.864977 0.499394  0.106152 0.571304 0
0  0.000000 21.199999 2.340000  -0.049186 0.864977 0.499394  0.105022 0.599588 0
c_invasion_wrangler_laser
0  0.000000 21.199999 -2.340000  -0.049185 -0.864973 -0.499401  0.113310 0.368364 0
0  0.000000 20.931530 -1.875000  -0.049185 -0.864973 -0.499401  0.114846 0.383446 0
0  -0.365794 20.931530 -1.838972  -0.049185 -0.864973 -0.499401  0.112670 0.392461 0
c_invasion_wrangler_laser
0  0.000000 20.931530 -1.875000  0.098017 0.000000 0.995185  0.114846 0.383446 0
0  0.000000 21.468466 -1.875000  0.098017 0.000000 0.995185  0.111729 0.383131 0
0  -0.365794 21.468466 -1.838972  0.098017 0.000000 0.995185  0.112294 0.392446 0
c_invasion_wrangler_laser
0  0.000000 21.468466 -1.875000  -0.049185 0.864977 -0.499395  0.111729 0.383131 0
0  0.000000 21.199999 -2.340000  -0.049185 0.864977 -0.499395  0.113310 0.368364 0
0  -0.456511 21.199999 -2.295038  -0.049185 0.864977 -0.499395  0.112713 0.388249 0
c_invasion_wrangler_laser
0  -0.456511 21.199999 -2.295038  -0.145668 -0.864974 -0.480209  0.112713 0.388249 0
0  -0.365794 20.931530 -1.838972  -0.145668 -0.864974 -0.480209  0.112670 0.392461 0
0  -0.717532 20.931530 -1.732274  -0.145668 -0.864974 -0.480209  0.111674 0.403942 0
c_invasion_wrangler_laser
0  -0.365794 20.931530 -1.838972  0.290283 0.000000 0.956941  0.112670 0.392461 0
0  -0.365794 21.468466 -1.838972  0.290283 0.000000 0.956941  0.112294 0.392446 0
0  -0.717532 21.468466 -1.732274  0.290283 0.000000 0.956941  0.111846 0.404000 0
c_invasion_wrangler_laser
0  -0.365794 21.468466 -1.838972  -0.145668 0.864977 -0.480204  0.112294 0.392446 0
0  -0.456511 21.199999 -2.295038  -0.145668 0.864977 -0.480204  0.112713 0.388249 0
0  -0.895480 21.199999 -2.161878  -0.145668 0.864977 -0.480204  0.112623 0.402826 0
c_invasion_wrangler_laser
0  -0.895480 21.199999 -2.161878  -0.236552 -0.864974 -0.442564  0.112623 0.402826 0
0  -0.717532 20.931530 -1.732274  -0.236552 -0.864974 -0.442564  0.111674 0.403942 0
0  -1.041694 20.931530 -1.559005  -0.236552 -0.864974 -0.442564  0.111565 0.416175 0
c_invasion_wrangler_laser
0  -0.717532 20.931530 -1.732274  0.471394 0.000000 0.881922  0.111674 0.403942 0
0  -0.717532 21.468466 -1.732274  0.471394 0.000000 0.881922  0.111846 0.404000 0
0  -1.041694 21.468466 -1.559005  0.471394 0.000000 0.881922  0.111724 0.416175 0
c_invasion_wrangler_laser
0  -0.717532 21.468466 -1.732274  -0.236552 0.864980 -0.442553  0.111846 0.404000 0
0  -0.895480 21.199999 -2.161878  -0.236552 0.864980 -0.442553  0.112623 0.402826 0
0  -1.300034 21.199999 -1.945639  -0.236552 0.864980 -0.442553  0.111494 0.415870 0
c_invasion_wrangler_laser
0  -1.300034 21.199999 -1.945639  -0.318349 -0.864975 -0.387908  0.111494 0.415870 0
0  -1.041694 20.931530 -1.559005  -0.318349 -0.864975 -0.387908  0.111565 0.416175 0
0  -1.325824 20.931532 -1.325826  -0.318349 -0.864975 -0.387908  0.110765 0.428534 0
c_invasion_wrangler_laser
0  -1.041694 20.931530 -1.559005  0.634392 0.000000 0.773011  0.111565 0.416175 0
0  -1.041694 21.468466 -1.559005  0.634392 0.000000 0.773011  0.111724 0.416175 0
0  -1.325824 21.468466 -1.325826  0.634392 0.000000 0.773011  0.111416 0.428530 0
c_invasion_wrangler_laser
0  -1.041694 21.468466 -1.559005  -0.318345 0.864978 -0.387903  0.111724 0.416175 0
0  -1.300034 21.199999 -1.945639  -0.318345 0.864978 -0.387903  0.111494 0.415870 0
0  -1.654629 21.199999 -1.654631  -0.318345 0.864978 -0.387903  0.111299 0.428497 0
c_invasion_wrangler_laser
0  -1.654629 21.199999 -1.654631  -0.387905 -0.864980 -0.318339  0.111299 0.428497 0
0  -1.325824 20.931532 -1.325826  -0.387905 -0.864980 -0.318339  0.110765 0.428534 0
0  -1.559005 20.931532 -1.041694  -0.387905 -0.864980 -0.318339  0.110654 0.440993 0
c_invasion_wrangler_laser
0  -1.325824 20.931532 -1.325826  0.773009 0.000000 0.634394  0.110765 0.428534 0
0  -1.325824 21.468466 -1.325826  0.773009 0.000000 0.634394  0.111416 0.428530 0
0  -1.559005 21.468466 -1.041694  0.773009 0.000000 0.634394  0.111139 0.440987 0
c_invasion_wrangler_laser
0  -1.325824 21.468466 -1.325826  -0.387905 0.864978 -0.318343  0.111416 0.428530 0
0  -1.654629 21.199999 -1.654631  -0.387905 0.864978 -0.318343  0.111299 0.428497 0
0  -1.945639 21.199999 -1.300034  -0.387905 0.864978 -0.318343  0.110273 0.440955 0
c_invasion_wrangler_laser
0  -1.945639 21.199999 -1.300034  -0.442557 -0.864978 -0.236552  0.110273 0.440955 0
0  -1.559005 20.931532 -1.041694  -0.442557 -0.864978 -0.236552  0.110654 0.440993 0
0  -1.732274 20.931532 -0.717532  -0.442557 -0.864978 -0.236552  0.109841 0.453448 0
c_invasion_wrangler_laser
0  -1.559005 20.931532 -1.041694  0.881921 0.000000 0.471398  0.110654 0.440993 0
0  -1.559005 21.468466 -1.041694  0.881921 0.000000 0.471398  0.111139 0.440987 0
0  -1.732274 21.468466 -0.717532  0.881921 0.000000 0.471398  0.110310 0.453443 0
c_invasion_wrangler_laser
0  -1.559005 21.468466 -1.041694  -0.442556 0.864976 -0.236559  0.111139 0.440987 0
0  -1.945639 21.199999 -1.300034  -0.442556 0.864976 -0.236559  0.110273 0.440955 0
0  -2.161877 21.199999 -0.895480  -0.442556 0.864976 -0.236559  0.110687 0.453452 0
c_invasion_wrangler_laser
0  -2.161877 21.199999 -0.895480  -0.480202 -0.864977 -0.145673  0.110687 0.453452 0
0  -1.732274 20.931532 -0.717532  -0.480202 -0.864977 -0.145673  0.109841 0.453448 0
0  -1.838972 20.931532 -0.365794  -0.480202 -0.864977 -0.145673  0.109595 0.465925 0
c_invasion_wrangler_laser
0  -1.732274 20.931532 -0.717532  0.956940 0.000000 0.290285  0.109841 0.453448 0
0  -1.732274 21.468466 -0.717532  0.956940 0.000000 0.290285  0.110310 0.453443 0
0  -1.838972 21.468466 -0.365794  0.956940 0.000000 0.290285  0.110180 0.465916 0
c_invasion_wrangler_laser
0  -1.732274 21.468466 -0.717532  -0.480202 0.864978 -0.145664  0.110310 0.453443 0
0  -2.161877 21.199999 -0.895480  -0.480202 0.864978 -0.145664  0.110687 0.453452 0
0  -2.295037 21.199999 -0.456511  -0.480202 0.864978 -0.145664  0.109642 0.465871 0
c_invasion_wrangler_laser
0  -2.295037 21.199999 -0.456511  -0.499394 -0.864978 -0.049190  0.109642 0.465871 0
0  -1.838972 20.931532 -0.365794  -0.499394 -0.864978 -0.049190  0.109595 0.465925 0
0  -1.875000 20.931532 0.000000  -0.499394 -0.864978 -0.049190  0.109376 0.478359 0
c_invasion_wrangler_laser
0  -1.838972 20.931532 -0.365794  0.995185 0.000000 0.098017  0.109595 0.465925 0
0  -1.838972 21.468466 -0.365794  0.995185 0.000000 0.098017  0.110180 0.465916 0
0  -1.875000 21.468466 -0.000000  0.995185 0.000000 0.098017  0.109348 0.478336 0
c_invasion_wrangler_laser
0  -1.838972 21.468466 -0.365794  -0.499393 0.864978 -0.049183  0.110180 0.465916 0
0  -2.295037 21.199999 -0.456511  -0.499393 0.864978 -0.049183  0.109642 0.465871 0
0  -2.340000 21.199999 0.000000  -0.499393 0.864978 -0.049183  0.109382 0.478343 0
c_invasion_wrangler_laser
0  -1.838972 18.168467 -0.365794  -0.499393 0.864978 -0.049186  0.125732 0.465176 0
0  -2.295037 17.900000 -0.456511  -0.499393 0.864978 -0.049186  0.125709 0.465267 0
0  -2.340000 17.900000 0.000000  -0.499393 0.864978 -0.049186  0.124768 0.477594 0
c_invasion_wrangler_laser
0  -1.838972 17.631533 -0.365794  0.995185 0.000000 0.098017  0.125060 0.465187 0
0  -1.838972 18.168467 -0.365794  0.995185 0.000000 0.098017  0.125732 0.465176 0
0  -1.875000 18.168467 -0.000000  0.995185 0.000000 0.098017  0.125322 0.477558 0
c_invasion_wrangler_laser
0  -2.295037 17.900000 -0.456511  -0.499393 -0.864978 -0.049191  0.125709 0.465267 0
0  -1.838972 17.631533 -0.365794  -0.499393 -0.864978 -0.049191  0.125060 0.465187 0
0  -1.875000 17.631533 0.000000  -0.499393 -0.864978 -0.049191  0.124955 0.477571 0
c_invasion_wrangler_laser
0  -1.732274 18.168467 -0.717532  -0.480202 0.864978 -0.145669  0.126150 0.452824 0
0  -2.161877 17.900000 -0.895480  -0.480202 0.864978 -0.145669  0.125968 0.452920 0
0  -2.295037 17.900000 -0.456511  -0.480202 0.864978 -0.145669  0.125709 0.465267 0
c_invasion_wrangler_laser
0  -1.732274 17.631533 -0.717532  0.956940 0.000000 0.290286  0.125742 0.452831 0
0  -1.732274 18.168467 -0.717532  0.956940 0.000000 0.290286  0.126150 0.452824 0
0  -1.838972 18.168467 -0.365794  0.956940 0.000000 0.290286  0.125732 0.465176 0
c_invasion_wrangler_laser
0  -2.161877 17.900000 -0.895480  -0.480203 -0.864978 -0.145665  0.125968 0.452920 0
0  -1.732274 17.631533 -0.717532  -0.480203 -0.864978 -0.145665  0.125742 0.452831 0
0  -1.838972 17.631533 -0.365794  -0.480203 -0.864978 -0.145665  0.125060 0.465187 0
c_invasion_wrangler_laser
0  -1.559005 18.168467 -1.041694  -0.442557 0.864979 -0.236548  0.126536 0.440496 0
0  -1.945639 17.900000 -1.300034  -0.442557 0.864979 -0.236548  0.126264 0.440526 0
0  -2.161877 17.900000 -0.895480  -0.442557 0.864979 -0.236548  0.125968 0.452920 0
c_invasion_wrangler_laser
0  -1.559005 17.631533 -1.041694  0.881922 0.000000 0.471396  0.126428 0.440499 0
0  -1.559005 18.168467 -1.041694  0.881922 0.000000 0.471396  0.126536 0.440496 0
0  -1.732274 18.168467 -0.717532  0.881922 0.000000 0.471396  0.126150 0.452824 0
c_invasion_wrangler_laser
0  -1.945639 17.900000 -1.300034  -0.442557 -0.864978 -0.236552  0.126264 0.440526 0
0  -1.559005 17.631533 -1.041694  -0.442557 -0.864978 -0.236552  0.126428 0.440499 0
0  -1.732274 17.631533 -0.717532  -0.442557 -0.864978 -0.236552  0.125742 0.452831 0
c_invasion_wrangler_laser
0  -1.325824 18.168467 -1.325826  -0.387905 0.864978 -0.318343  0.126786 0.428159 0
0  -1.654629 17.900000 -1.654631  -0.387905 0.864978 -0.318343  0.127426 0.428106 0
0  -1.945639 17.900000 -1.300034  -0.387905 0.864978 -0.318343  0.126264 0.440526 0
c_invasion_wrangler_laser
0  -1.325824 17.631533 -1.325826  0.773012 0.000000 0.634392  0.126490 0.428134 0
0  -1.325824 18.168467 -1.325826  0.773012 0.000000 0.634392  0.126786 0.428159 0
0  -1.559005 18.168467 -1.041694  0.773012 0.000000 0.634392  0.126536 0.440496 0
c_invasion_wrangler_laser
0  -1.654629 17.900000 -1.654631  -0.387904 -0.864977 -0.318348  0.127426 0.428106 0
0  -1.325824 17.631533 -1.325826  -0.387904 -0.864977 -0.318348  0.126490 0.428134 0
0  -1.559005 17.631533 -1.041694  -0.387904 -0.864977 -0.318348  0.126428 0.440499 0
c_invasion_wrangler_laser
0  -1.041694 18.168467 -1.559005  -0.318344 0.864977 -0.387907  0.127515 0.415885 0
0  -1.300034 17.900000 -1.945639  -0.318344 0.864977 -0.387907  0.127375 0.415543 0
0  -1.654629 17.900000 -1.654631  -0.318344 0.864977 -0.387907  0.127426 0.428106 0
c_invasion_wrangler_laser
0  -1.041694 17.631531 -1.559005  0.634392 0.000000 0.773011  0.127155 0.415847 0
0  -1.041694 18.168467 -1.559005  0.634392 0.000000 0.773011  0.127515 0.415885 0
0  -1.325824 18.168467 -1.325826  0.634392 0.000000 0.773011  0.126786 0.428159 0
c_invasion_wrangler_laser
0  -1.300034 17.900000 -1.945639  -0.318349 -0.864975 -0.387908  0.127375 0.415543 0
0  -1.041694 17.631531 -1.559005  -0.318349 -0.864975 -0.387908  0.127155 0.415847 0
0  -1.325824 17.631533 -1.325826  -0.318349 -0.864975 -0.387908  0.126490 0.428134 0
c_invasion_wrangler_laser
0  -0.717532 18.168467 -1.732274  -0.236551 0.864977 -0.442559  0.128143 0.403776 0
0  -0.895480 17.900000 -2.161878  -0.236551 0.864977 -0.442559  0.127392 0.402567 0
0  -1.300034 17.900000 -1.945639  -0.236551 0.864977 -0.442559  0.127375 0.415543 0
c_invasion_wrangler_laser
0  -0.717532 17.631531 -1.732274  0.471396 0.000000 0.881921  0.127909 0.403762 0
0  -0.717532 18.168467 -1.732274  0.471396 0.000000 0.881921  0.128143 0.403776 0
0  -1.041694 18.168467 -1.559005  0.471396 0.000000 0.881921  0.127515 0.415885 0
c_invasion_wrangler_laser
0  -0.895480 17.900000 -2.161878  -0.236552 -0.864974 -0.442564  0.127392 0.402567 0
0  -0.717532 17.631531 -1.732274  -0.236552 -0.864974 -0.442564  0.127909 0.403762 0
0  -1.041694 17.631531 -1.559005  -0.236552 -0.864974 -0.442564  0.127155 0.415847 0
c_invasion_wrangler_laser
0  -0.365794 18.168467 -1.838972  -0.145668 0.864975 -0.480207  0.127799 0.392343 0
0  -0.456511 17.900000 -2.295038  -0.145668 0.864975 -0.480207  0.128733 0.388124 0
0  -0.895480 17.900000 -2.161878  -0.145668 0.864975 -0.480207  0.127392 0.402567 0
c_invasion_wrangler_laser
0  -0.365794 17.631531 -1.838972  0.290284 0.000000 0.956941  0.128180 0.392233 0
0  -0.365794 18.168467 -1.838972  0.290284 0.000000 0.956941  0.127799 0.392343 0
0  -0.717532 18.168467 -1.732274  0.290284 0.000000 0.956941  0.128143 0.403776 0
c_invasion_wrangler_laser
0  -0.456511 17.900000 -2.295038  -0.145669 -0.864976 -0.480205  0.128733 0.388124 0
0  -0.365794 17.631531 -1.838972  -0.145669 -0.864976 -0.480205  0.128180 0.392233 0
0  -0.717532 17.631531 -1.732274  -0.145669 -0.864976 -0.480205  0.127909 0.403762 0
c_invasion_wrangler_laser
0  0.000000 18.168467 -1.875000  -0.049186 0.864980 -0.499390  0.127364 0.383021 0
0  0.000000 17.900000 -2.340000  -0.049186 0.864980 -0.499390  0.129120 0.368364 0
0  -0.456511 17.900000 -2.295038  -0.049186 0.864980 -0.499390  0.128733 0.388124 0
c_invasion_wrangler_laser
0  0.000000 17.631531 -1.875000  0.098017 0.000000 0.995185  0.130456 0.383340 0
0  0.000000 18.168467 -1.875000  0.098017 0.000000 0.995185  0.127364 0.383021 0
0  -0.365794 18.168467 -1.838972  0.098017 0.000000 0.995185  0.127799 0.392343 0
c_invasion_wrangler_laser
0  0.000000 17.900000 -2.340000  -0.049185 -0.864976 -0.499398  0.129120 0.368364 0
0  0.000000 17.631531 -1.875000  -0.049185 -0.864976 -0.499398  0.130456 0.383340 0
0  -0.365794 17.631531 -1.838972  -0.049185 -0.864976 -0.499398  0.128180 0.392233 0
c_invasion_wrangler_laser
0  -0.365795 18.168468 1.838972  -0.049186 0.864977 0.499394  0.125011 0.561962 0
0  -0.456512 17.900000 2.295037  -0.049186 0.864977 0.499394  0.121628 0.569904 0
0  0.000000 17.900000 2.340000  -0.049186 0.864977 0.499394  0.120514 0.597902 0
c_invasion_wrangler_laser
0  -0.365795 17.631533 1.838972  0.098018 0.000000 -0.995185  0.119127 0.561289 0
0  -0.365795 18.168468 1.838972  0.098018 0.000000 -0.995185  0.125011 0.561962 0
0  0.000000 18.168468 1.875000  0.098018 0.000000 -0.995185  0.130456 0.568512 0
c_invasion_wrangler_laser
0  -0.456512 17.900000 2.295037  -0.049186 -0.864980 0.499389  0.121628 0.569904 0
0  -0.365795 17.631533 1.838972  -0.049186 -0.864980 0.499389  0.119127 0.561289 0
0  0.000000 17.631533 1.875000  -0.049186 -0.864980 0.499389  0.114970 0.566184 0
c_invasion_wrangler_laser
0  -0.717532 18.168468 1.732274  -0.145669 0.864980 0.480199  0.123389 0.551136 0
0  -0.895480 17.900000 2.161878  -0.145669 0.864980 0.480199  0.122456 0.553292 0
0  -0.456512 17.900000 2.295037  -0.145669 0.864980 0.480199  0.121628 0.569904 0
c_invasion_wrangler_laser
0  -0.717532 17.631533 1.732274  0.290285 0.000000 -0.956940  0.120918 0.550986 0
0  -0.717532 18.168468 1.732274  0.290285 0.000000 -0.956940  0.123389 0.551136 0
0  -0.365795 18.168468 1.838972  0.290285 0.000000 -0.956940  0.125011 0.561962 0
c_invasion_wrangler_laser
0  -0.895480 17.900000 2.161878  -0.145668 -0.864978 0.480203  0.122456 0.553292 0
0  -0.717532 17.631533 1.732274  -0.145668 -0.864978 0.480203  0.120918 0.550986 0
0  -0.365795 17.631533 1.838972  -0.145668 -0.864978 0.480203  0.119127 0.561289 0
c_invasion_wrangler_laser
0  -1.041694 18.168468 1.559005  -0.236553 0.864977 0.442559  0.122990 0.539185 0
0  -1.300034 17.900000 1.945639  -0.236553 0.864977 0.442559  0.122774 0.539771 0
0  -0.895480 17.900000 2.161878  -0.236553 0.864977 0.442559  0.122456 0.553292 0
c_invasion_wrangler_laser
0  -1.041694 17.631533 1.559005  0.471397 0.000000 -0.881921  0.122373 0.539147 0
0  -1.041694 18.168468 1.559005  0.471397 0.000000 -0.881921  0.122990 0.539185 0
0  -0.717532 18.168468 1.732274  0.471397 0.000000 -0.881921  0.123389 0.551136 0
c_invasion_wrangler_laser
0  -1.300034 17.900000 1.945639  -0.236552 -0.864978 0.442556  0.122774 0.539771 0
0  -1.041694 17.631533 1.559005  -0.236552 -0.864978 0.442556  0.122373 0.539147 0
0  -0.717532 17.631533 1.732274  -0.236552 -0.864978 0.442556  0.120918 0.550986 0
c_invasion_wrangler_laser
0  -1.325825 18.168467 1.325825  -0.318345 0.864977 0.387906  0.123630 0.526969 0
0  -1.654629 17.900000 1.654630  -0.318345 0.864977 0.387906  0.123189 0.527102 0
0  -1.300034 17.900000 1.945639  -0.318345 0.864977 0.387906  0.122774 0.539771 0
c_invasion_wrangler_laser
0  -1.325825 17.631533 1.325825  0.634392 0.000000 -0.773012  0.122701 0.526935 0
0  -1.325825 18.168467 1.325825  0.634392 0.000000 -0.773012  0.123630 0.526969 0
0  -1.041694 18.168468 1.559005  0.634392 0.000000 -0.773012  0.122990 0.539185 0
c_invasion_wrangler_laser
0  -1.654629 17.900000 1.654630  -0.318345 -0.864978 0.387904  0.123189 0.527102 0
0  -1.325825 17.631533 1.325825  -0.318345 -0.864978 0.387904  0.122701 0.526935 0
0  -1.041694 17.631533 1.559005  -0.318345 -0.864978 0.387904  0.122373 0.539147 0
c_invasion_wrangler_laser
0  -1.559005 18.168467 1.041694  -0.387904 0.864977 0.318347  0.123649 0.514633 0
0  -1.945639 17.900000 1.300034  -0.387904 0.864977 0.318347  0.123637 0.514646 0
0  -1.654629 17.900000 1.654630  -0.387904 0.864977 0.318347  0.123189 0.527102 0
c_invasion_wrangler_laser
0  -1.559005 17.631533 1.041694  0.773011 0.000000 -0.634393  0.123623 0.514635 0
0  -1.559005 18.168467 1.041694  0.773011 0.000000 -0.634393  0.123649 0.514633 0
0  -1.325825 18.168467 1.325825  0.773011 0.000000 -0.634393  0.123630 0.526969 0
c_invasion_wrangler_laser
0  -1.945639 17.900000 1.300034  -0.387904 -0.864978 0.318344  0.123637 0.514646 0
0  -1.559005 17.631533 1.041694  -0.387904 -0.864978 0.318344  0.123623 0.514635 0
0  -1.325825 17.631533 1.325825  -0.387904 -0.864978 0.318344  0.122701 0.526935 0
c_invasion_wrangler_laser
0  -1.732274 18.168467 0.717531  -0.442557 0.864977 0.236553  0.124339 0.502308 0
0  -2.161878 17.900000 0.895479  -0.442557 0.864977 0.236553  0.124083 0.502248 0
0  -1.945639 17.900000 1.300034  -0.442557 0.864977 0.236553  0.123637 0.514646 0
c_invasion_wrangler_laser
0  -1.732274 17.631533 0.717531  0.881921 0.000000 -0.471397  0.123872 0.502299 0
0  -1.732274 18.168467 0.717531  0.881921 0.000000 -0.471397  0.124339 0.502308 0
0  -1.559005 18.168467 1.041694  0.881921 0.000000 -0.471397  0.123649 0.514633 0
c_invasion_wrangler_laser
0  -2.161878 17.900000 0.895479  -0.442557 -0.864977 0.236554  0.124083 0.502248 0
0  -1.732274 17.631533 0.717531  -0.442557 -0.864977 0.236554  0.123872 0.502299 0
0  -1.559005 17.631533 1.041694  -0.442557 -0.864977 0.236554  0.123623 0.514635 0
c_invasion_wrangler_laser
0  -1.838972 18.168467 0.365794  -0.480202 0.864978 0.145668  0.125070 0.489939 0
0  -2.295037 17.900000 0.456511  -0.480202 0.864978 0.145668  0.124494 0.489926 0
0  -2.161878 17.900000 0.895479  -0.480202 0.864978 0.145668  0.124083 0.502248 0
c_invasion_wrangler_laser
0  -1.838972 17.631533 0.365794  0.956940 0.000000 -0.290284  0.124112 0.489925 0
0  -1.838972 18.168467 0.365794  0.956940 0.000000 -0.290284  0.125070 0.489939 0
0  -1.732274 18.168467 0.717531  0.956940 0.000000 -0.290284  0.124339 0.502308 0
c_invasion_wrangler_laser
0  -2.295037 17.900000 0.456511  -0.480202 -0.864978 0.145668  0.124494 0.489926 0
0  -1.838972 17.631533 0.365794  -0.480202 -0.864978 0.145668  0.124112 0.489925 0
0  -1.732274 17.631533 0.717531  -0.480202 -0.864978 0.145668  0.123872 0.502299 0
c_invasion_wrangler_laser
0  -1.875000 18.168467 -0.000000  -0.499394 0.864978 0.049186  0.125322 0.477558 0
0  -2.340000 17.900000 0.000000  -0.499394 0.864978 0.049186  0.124768 0.477594 0
0  -2.295037 17.900000 0.456511  -0.499394 0.864978 0.049186  0.124494 0.489926 0
c_invasion_wrangler_laser
0  -1.875000 17.631533 0.000000  0.995185 0.000001 -0.098018  0.124955 0.477571 0
0  -1.875000 18.168467 -0.000000  0.995185 0.000001 -0.098018  0.125322 0.477558 0
0  -1.838972 18.168467 0.365794  0.995185 0.000001 -0.098018  0.125070 0.489939 0
c_invasion_wrangler_laser
0  -2.340000 17.900000 0.000000  -0.499394 -0.864978 0.049189  0.124768 0.477594 0
0  -1.875000 17.631533 0.000000  -0.499394 -0.864978 0.049189  0.124955 0.477571 0
0  -1.838972 17.631533 0.365794  -0.499394 -0.864978 0.049189  0.124112 0.489925 0
c_invasion_wrangler_laser
0  -2.340000 22.299999 0.000000  -0.499394 -0.864978 0.049188  0.039639 0.491571 0
0  -1.875000 22.031532 0.000000  -0.499394 -0.864978 0.049188  0.039492 0.491585 0
0  -1.838972 22.031532 0.365794  -0.499394 -0.864978 0.049188  0.038619 0.504318 0
c_invasion_wrangler_laser
0  -1.875000 22.031532 0.000000  0.995185 0.000001 -0.098017  0.039492 0.491585 0
0  -1.875000 22.568466 -0.000000  0.995185 0.000001 -0.098017  0.039564 0.491597 0
0  -1.838972 22.568466 0.365794  0.995185 0.000001 -0.098017  0.039532 0.504349 0
c_invasion_wrangler_laser
0  -1.875000 22.568466 -0.000000  -0.499394 0.864978 0.049190  0.039564 0.491597 0
0  -2.340000 22.299999 0.000000  -0.499394 0.864978 0.049190  0.039639 0.491571 0
0  -2.295037 22.299999 0.456511  -0.499394 0.864978 0.049190  0.039132 0.504308 0
c_invasion_wrangler_laser
0  -2.295037 22.299999 0.456511  -0.480202 -0.864978 0.145671  0.039132 0.504308 0
0  -1.838972 22.031532 0.365794  -0.480202 -0.864978 0.145671  0.038619 0.504318 0
0  -1.732274 22.031532 0.717531  -0.480202 -0.864978 0.145671  0.038329 0.517087 0
c_invasion_wrangler_laser
0  -1.838972 22.031532 0.365794  0.956940 0.000000 -0.290286  0.038619 0.504318 0
0  -1.838972 22.568466 0.365794  0.956940 0.000000 -0.290286  0.039532 0.504349 0
0  -1.732274 22.568466 0.717531  0.956940 0.000000 -0.290286  0.038846 0.517087 0
c_invasion_wrangler_laser
0  -1.838972 22.568466 0.365794  -0.480202 0.864978 0.145664  0.039532 0.504349 0
0  -2.295037 22.299999 0.456511  -0.480202 0.864978 0.145664  0.039132 0.504308 0
0  -2.161878 22.299999 0.895479  -0.480202 0.864978 0.145664  0.038705 0.517008 0
c_invasion_wrangler_laser
0  -2.161878 22.299999 0.895479  -0.442557 -0.864977 0.236556  0.038705 0.517008 0
0  -1.732274 22.031532 0.717531  -0.442557 -0.864977 0.236556  0.038329 0.517087 0
0  -1.559005 22.031532 1.041694  -0.442557 -0.864977 0.236556  0.037918 0.529818 0
c_invasion_wrangler_laser
0  -1.732274 22.031532 0.717531  0.881921 0.000000 -0.471397  0.038329 0.517087 0
0  -1.732274 22.568466 0.717531  0.881921 0.000000 -0.471397  0.038846 0.517087 0
0  -1.559005 22.568466 1.041694  0.881921 0.000000 -0.471397  0.038150 0.529799 0
c_invasion_wrangler_laser
0  -1.732274 22.568466 0.717531  -0.442557 0.864978 0.236551  0.038846 0.517087 0
0  -2.161878 22.299999 0.895479  -0.442557 0.864978 0.236551  0.038705 0.517008 0
0  -1.945639 22.299999 1.300034  -0.442557 0.864978 0.236551  0.038425 0.529766 0
c_invasion_wrangler_laser
0  -1.945639 22.299999 1.300034  -0.387904 -0.864978 0.318344  0.038425 0.529766 0
0  -1.559005 22.031532 1.041694  -0.387904 -0.864978 0.318344  0.037918 0.529818 0
0  -1.325825 22.031532 1.325825  -0.387904 -0.864978 0.318344  0.037456 0.542553 0
c_invasion_wrangler_laser
0  -1.559005 22.031532 1.041694  0.773011 0.000000 -0.634393  0.037918 0.529818 0
0  -1.559005 22.568466 1.041694  0.773011 0.000000 -0.634393  0.038150 0.529799 0
0  -1.325825 22.568466 1.325825  0.773011 0.000000 -0.634393  0.038103 0.542538 0
c_invasion_wrangler_laser
0  -1.559005 22.568466 1.041694  -0.387905 0.864979 0.318340  0.038150 0.529799 0
0  -1.945639 22.299999 1.300034  -0.387905 0.864979 0.318340  0.038425 0.529766 0
0  -1.654629 22.299999 1.654630  -0.387905 0.864979 0.318340  0.037464 0.542541 0
c_invasion_wrangler_laser
0  -1.654629 22.299999 1.654630  -0.318345 -0.864978 0.387904  0.037464 0.542541 0
0  -1.325825 22.031532 1.325825  -0.318345 -0.864978 0.387904  0.037456 0.542553 0
0  -1.041694 22.031532 1.559005  -0.318345 -0.864978 0.387904  0.037034 0.555212 0
c_invasion_wrangler_laser
0  -1.325825 22.031532 1.325825  0.634392 0.000000 -0.773012  0.037456 0.542553 0
0  -1.325825 22.568466 1.325825  0.634392 0.000000 -0.773012  0.038103 0.542538 0
0  -1.041694 22.568468 1.559005  0.634392 0.000000 -0.773012  0.037398 0.555191 0
c_invasion_wrangler_laser
0  -1.325825 22.568466 1.325825  -0.318345 0.864977 0.387906  0.038103 0.542538 0
0  -1.654629 22.299999 1.654630  -0.318345 0.864977 0.387906  0.037464 0.542541 0
0  -1.300034 22.299999 1.945639  -0.318345 0.864977 0.387906  0.037215 0.555450 0
c_invasion_wrangler_laser
0  -1.300034 22.299999 1.945639  -0.236551 -0.864976 0.442560  0.037215 0.555450 0
0  -1.041694 22.031532 1.559005  -0.236551 -0.864976 0.442560  0.037034 0.555212 0
0  -0.717532 22.031532 1.732274  -0.236551 -0.864976 0.442560  0.036735 0.567658 0
c_invasion_wrangler_laser
0  -1.041694 22.031532 1.559005  0.471397 0.000000 -0.881921  0.037034 0.555212 0
0  -1.041694 22.568468 1.559005  0.471397 0.000000 -0.881921  0.037398 0.555191 0
0  -0.717532 22.568468 1.732274  0.471397 0.000000 -0.881921  0.036575 0.567618 0
c_invasion_wrangler_laser
0  -1.041694 22.568468 1.559005  -0.236553 0.864977 0.442559  0.037398 0.555191 0
0  -1.300034 22.299999 1.945639  -0.236553 0.864977 0.442559  0.037215 0.555450 0
0  -0.895480 22.299999 2.161878  -0.236553 0.864977 0.442559  0.036955 0.568852 0
c_invasion_wrangler_laser
0  -0.895480 22.299999 2.161878  -0.145668 -0.864980 0.480199  0.036955 0.568852 0
0  -0.717532 22.031532 1.732274  -0.145668 -0.864980 0.480199  0.036735 0.567658 0
0  -0.365795 22.031532 1.838972  -0.145668 -0.864980 0.480199  0.036934 0.579428 0
c_invasion_wrangler_laser
0  -0.717532 22.031532 1.732274  0.290284 0.000000 -0.956941  0.036735 0.567658 0
0  -0.717532 22.568468 1.732274  0.290284 0.000000 -0.956941  0.036575 0.567618 0
0  -0.365795 22.568468 1.838972  0.290284 0.000000 -0.956941  0.036132 0.579451 0
c_invasion_wrangler_laser
0  -0.717532 22.568468 1.732274  -0.145669 0.864976 0.480205  0.036575 0.567618 0
0  -0.895480 22.299999 2.161878  -0.145669 0.864976 0.480205  0.036955 0.568852 0
0  -0.456512 22.299999 2.295037  -0.145669 0.864976 0.480205  0.035975 0.583759 0
c_invasion_wrangler_laser
0  -0.456512 22.299999 2.295037  -0.049186 -0.864978 0.499393  0.035975 0.583759 0
0  -0.365795 22.031532 1.838972  -0.049186 -0.864978 0.499393  0.036934 0.579428 0
0  0.000000 22.031532 1.875000  -0.049186 -0.864978 0.499393  0.037418 0.589070 0
c_invasion_wrangler_laser
0  -0.365795 22.031532 1.838972  0.098017 0.000000 -0.995185  0.036934 0.579428 0
0  -0.365795 22.568468 1.838972  0.098017 0.000000 -0.995185  0.036132 0.579451 0
0  0.000000 22.568468 1.875000  0.098017 0.000000 -0.995185  0.034776 0.588951 0
c_invasion_wrangler_laser
0  -0.365795 22.568468 1.838972  -0.049186 0.864974 0.499400  0.036132 0.579451 0
0  -0.456512 22.299999 2.295037  -0.049186 0.864974 0.499400  0.035975 0.583759 0
0  0.000000 22.299999 2.340000  -0.049186 0.864974 0.499400  0.035429 0.603733 0
c_invasion_wrangler_laser
0  0.000000 22.299999 -2.340000  -0.049185 -0.864982 -0.499387  0.044103 0.368364 0
0  0.000000 22.031530 -1.875000  -0.049185 -0.864982 -0.499387  0.034776 0.398072 0
0  -0.365794 22.031530 -1.838972  -0.049185 -0.864982 -0.499387  0.039874 0.404698 0
c_invasion_wrangler_laser
0  0.000000 22.031530 -1.875000  0.098017 0.000000 0.995185  0.034776 0.398072 0
0  0.000000 22.568466 -1.875000  0.098017 0.000000 0.995185  0.050771 0.398838 0
0  -0.365794 22.568466 -1.838972  0.098017 0.000000 0.995185  0.045125 0.405080 0
c_invasion_wrangler_laser
0  0.000000 22.568466 -1.875000  -0.049185 0.864977 -0.499395  0.050771 0.398838 0
0  0.000000 22.299999 -2.340000  -0.049185 0.864977 -0.499395  0.044103 0.368364 0
0  -0.456511 22.299999 -2.295038  -0.049185 0.864977 -0.499395  0.043137 0.396621 0
c_invasion_wrangler_laser
0  -0.456511 22.299999 -2.295038  -0.145669 -0.864978 -0.480202  0.043137 0.396621 0
0  -0.365794 22.031530 -1.838972  -0.145669 -0.864978 -0.480202  0.039874 0.404698 0
0  -0.717532 22.031530 -1.732274  -0.145669 -0.864978 -0.480202  0.041537 0.415814 0
c_invasion_wrangler_laser
0  -0.365794 22.031530 -1.838972  0.290285 0.000000 0.956940  0.039874 0.404698 0
0  -0.365794 22.568466 -1.838972  0.290285 0.000000 0.956940  0.045125 0.405080 0
0  -0.717532 22.568466 -1.732274  0.290285 0.000000 0.956940  0.043396 0.415868 0
c_invasion_wrangler_laser
0  -0.365794 22.568466 -1.838972  -0.145668 0.864977 -0.480204  0.045125 0.405080 0
0  -0.456511 22.299999 -2.295038  -0.145668 0.864977 -0.480204  0.043137 0.396621 0
0  -0.895480 22.299999 -2.161878  -0.145668 0.864977 -0.480204  0.042179 0.413603 0
c_invasion_wrangler_laser
0  -0.895480 22.299999 -2.161878  -0.236553 -0.864978 -0.442556  0.042179 0.413603 0
0  -0.717532 22.031530 -1.732274  -0.236553 -0.864978 -0.442556  0.041537 0.415814 0
0  -1.041694 22.031530 -1.559005  -0.236553 -0.864978 -0.442556  0.041387 0.428033 0
c_invasion_wrangler_laser
0  -0.717532 22.031530 -1.732274  0.471398 0.000000 0.881920  0.041537 0.415814 0
0  -0.717532 22.568466 -1.732274  0.471398 0.000000 0.881920  0.043396 0.415868 0
0  -1.041694 22.568466 -1.559005  0.471398 0.000000 0.881920  0.042487 0.428060 0
c_invasion_wrangler_laser
0  -0.717532 22.568466 -1.732274  -0.236551 0.864977 -0.442559  0.043396 0.415868 0
0  -0.895480 22.299999 -2.161878  -0.236551 0.864977 -0.442559  0.042179 0.413603 0
0  -1.300034 22.299999 -1.945639  -0.236551 0.864977 -0.442559  0.041847 0.427508 0
c_invasion_wrangler_laser
0  -1.300034 22.299999 -1.945639  -0.318351 -0.864978 -0.387899  0.041847 0.427508 0
0  -1.041694 22.031530 -1.559005  -0.318351 -0.864978 -0.387899  0.041387 0.428033 0
0  -1.325824 22.031532 -1.325826  -0.318351 -0.864978 -0.387899  0.040898 0.440637 0
c_invasion_wrangler_laser
0  -1.041694 22.031530 -1.559005  0.634394 0.000000 0.773010  0.041387 0.428033 0
0  -1.041694 22.568466 -1.559005  0.634394 0.000000 0.773010  0.042487 0.428060 0
0  -1.325824 22.568466 -1.325826  0.634394 0.000000 0.773010  0.042012 0.440677 0
c_invasion_wrangler_laser
0  -1.041694 22.568466 -1.559005  -0.318345 0.864980 -0.387900  0.042487 0.428060 0
0  -1.300034 22.299999 -1.945639  -0.318345 0.864980 -0.387900  0.041847 0.427508 0
0  -1.654629 22.299999 -1.654631  -0.318345 0.864980 -0.387900  0.041406 0.440522 0
c_invasion_wrangler_laser
0  -1.654629 22.299999 -1.654631  -0.387904 -0.864977 -0.318348  0.041406 0.440522 0
0  -1.325824 22.031532 -1.325826  -0.387904 -0.864977 -0.318348  0.040898 0.440637 0
0  -1.559005 22.031532 -1.041694  -0.387904 -0.864977 -0.318348  0.040937 0.453360 0
c_invasion_wrangler_laser
0  -1.325824 22.031532 -1.325826  0.773012 0.000000 0.634392  0.040898 0.440637 0
0  -1.325824 22.568466 -1.325826  0.773012 0.000000 0.634392  0.042012 0.440677 0
0  -1.559005 22.568466 -1.041694  0.773012 0.000000 0.634392  0.041071 0.453375 0
c_invasion_wrangler_laser
0  -1.325824 22.568466 -1.325826  -0.387905 0.864978 -0.318343  0.042012 0.440677 0
0  -1.654629 22.299999 -1.654631  -0.387905 0.864978 -0.318343  0.041406 0.440522 0
0  -1.945639 22.299999 -1.300034  -0.387905 0.864978 -0.318343  0.040894 0.453345 0
c_invasion_wrangler_laser
0  -1.945639 22.299999 -1.300034  -0.442557 -0.864978 -0.236550  0.040894 0.453345 0
0  -1.559005 22.031532 -1.041694  -0.442557 -0.864978 -0.236550  0.040937 0.453360 0
0  -1.732274 22.031532 -0.717532  -0.442557 -0.864978 -0.236550  0.040258 0.466067 0
c_invasion_wrangler_laser
0  -1.559005 22.031532 -1.041694  0.881921 0.000000 0.471398  0.040937 0.453360 0
0  -1.559005 22.568466 -1.041694  0.881921 0.000000 0.471398  0.041071 0.453375 0
0  -1.732274 22.568466 -0.717532  0.881921 0.000000 0.471398  0.040956 0.466123 0
c_invasion_wrangler_laser
0  -1.559005 22.568466 -1.041694  -0.442556 0.864977 -0.236555  0.041071 0.453375 0
0  -1.945639 22.299999 -1.300034  -0.442556 0.864977 -0.236555  0.040894 0.453345 0
0  -2.161877 22.299999 -0.895480  -0.442556 0.864977 -0.236555  0.040253 0.466103 0
c_invasion_wrangler_laser
0  -2.161877 22.299999 -0.895480  -0.480203 -0.864978 -0.145663  0.040253 0.466103 0
0  -1.732274 22.031532 -0.717532  -0.480203 -0.864978 -0.145663  0.040258 0.466067 0
0  -1.838972 22.031532 -0.365794  -0.480203 -0.864978 -0.145663  0.039584 0.478827 0
c_invasion_wrangler_laser
0  -1.732274 22.031532 -0.717532  0.956940 0.000000 0.290285  0.040258 0.466067 0
0  -1.732274 22.568466 -0.717532  0.956940 0.000000 0.290285  0.040956 0.466123 0
0  -1.838972 22.568466 -0.365794  0.956940 0.000000 0.290285  0.040266 0.478883 0
c_invasion_wrangler_laser
0  -1.732274 22.568466 -0.717532  -0.480202 0.864977 -0.145671  0.040956 0.466123 0
0  -2.161877 22.299999 -0.895480  -0.480202 0.864977 -0.145671  0.040253 0.466103 0
0  -2.295037 22.299999 -0.456511  -0.480202 0.864977 -0.145671  0.040280 0.478833 0
c_invasion_wrangler_laser
0  -2.295037 22.299999 -0.456511  -0.499394 -0.864978 -0.049186  0.040280 0.478833 0
0  -1.838972 22.031532 -0.365794  -0.499394 -0.864978 -0.049186  0.039584 0.478827 0
0  -1.875000 22.031532 0.000000  -0.499394 -0.864978 -0.049186  0.039492 0.491585 0
c_invasion_wrangler_laser
0  -1.838972 22.031532 -0.365794  0.995185 0.000000 0.098017  0.039584 0.478827 0
0  -1.838972 22.568466 -0.365794  0.995185 0.000000 0.098017  0.040266 0.478883 0
0  -1.875000 22.568466 -0.000000  0.995185 0.000000 0.098017  0.039564 0.491597 0
c_invasion_wrangler_laser
0  -1.838972 22.568466 -0.365794  -0.499393 0.864978 -0.049182  0.040266 0.478883 0
0  -2.295037 22.299999 -0.456511  -0.499393 0.864978 -0.049182  0.040280 0.478833 0
0  -2.340000 22.299999 0.000000  -0.499393 0.864978 -0.049182  0.039639 0.491571 0
c_invasion_wrangler_laser
0  -1.838972 17.068466 -0.365794  -0.499393 0.864978 -0.049191  0.079182 0.467174 0
0  -2.295037 16.799999 -0.456511  -0.499393 0.864978 -0.049191  0.078908 0.467202 0
0  -2.340000 16.799999 0.000000  -0.499393 0.864978 -0.049191  0.078160 0.479824 0
c_invasion_wrangler_laser
0  -1.838972 16.531532 -0.365794  0.995185 0.000000 0.098017  0.078825 0.467230 0
0  -1.838972 17.068466 -0.365794  0.995185 0.000000 0.098017  0.079182 0.467174 0
0  -1.875000 17.068466 -0.000000  0.995185 0.000000 0.098017  0.078769 0.479795 0
c_invasion_wrangler_laser
0  -2.295037 16.799999 -0.456511  -0.499394 -0.864978 -0.049191  0.078908 0.467202 0
0  -1.838972 16.531532 -0.365794  -0.499394 -0.864978 -0.049191  0.078825 0.467230 0
0  -1.875000 16.531532 0.000000  -0.499394 -0.864978 -0.049191  0.078534 0.479835 0
c_invasion_wrangler_laser
0  -1.732274 17.068466 -0.717532  -0.480202 0.864978 -0.145666  0.079582 0.454568 0
0  -2.161877 16.799999 -0.895480  -0.480202 0.864978 -0.145666  0.079531 0.454580 0
0  -2.295037 16.799999 -0.456511  -0.480202 0.864978 -0.145666  0.078908 0.467202 0
c_invasion_wrangler_laser
0  -1.732274 16.531532 -0.717532  0.956940 0.000000 0.290285  0.079237 0.454622 0
0  -1.732274 17.068466 -0.717532  0.956940 0.000000 0.290285  0.079582 0.454568 0
0  -1.838972 17.068466 -0.365794  0.956940 0.000000 0.290285  0.079182 0.467174 0
c_invasion_wrangler_laser
0  -2.161877 16.799999 -0.895480  -0.480202 -0.864978 -0.145668  0.079531 0.454580 0
0  -1.732274 16.531532 -0.717532  -0.480202 -0.864978 -0.145668  0.079237 0.454622 0
0  -1.838972 16.531532 -0.365794  -0.480202 -0.864978 -0.145668  0.078825 0.467230 0
c_invasion_wrangler_laser
0  -1.559005 17.068466 -1.041694  -0.442557 0.864978 -0.236550  0.079836 0.441970 0
0  -1.945639 16.799999 -1.300034  -0.442557 0.864978 -0.236550  0.080311 0.441939 0
0  -2.161877 16.799999 -0.895480  -0.442557 0.864978 -0.236550  0.079531 0.454580 0
c_invasion_wrangler_laser
0  -1.559005 16.531532 -1.041694  0.881921 0.000000 0.471398  0.079656 0.442006 0
0  -1.559005 17.068466 -1.041694  0.881921 0.000000 0.471398  0.079836 0.441970 0
0  -1.732274 17.068466 -0.717532  0.881921 0.000000 0.471398  0.079582 0.454568 0
c_invasion_wrangler_laser
0  -1.945639 16.799999 -1.300034  -0.442557 -0.864978 -0.236552  0.080311 0.441939 0
0  -1.559005 16.531532 -1.041694  -0.442557 -0.864978 -0.236552  0.079656 0.442006 0
0  -1.732274 16.531532 -0.717532  -0.442557 -0.864978 -0.236552  0.079237 0.454622 0
c_invasion_wrangler_laser
0  -1.325824 17.068466 -1.325826  -0.387904 0.864977 -0.318346  0.080608 0.429397 0
0  -1.654629 16.799999 -1.654631  -0.387904 0.864977 -0.318346  0.080640 0.429269 0
0  -1.945639 16.799999 -1.300034  -0.387904 0.864977 -0.318346  0.080311 0.441939 0
c_invasion_wrangler_laser
0  -1.325824 16.531532 -1.325826  0.773009 0.000000 0.634394  0.079960 0.429403 0
0  -1.325824 17.068466 -1.325826  0.773009 0.000000 0.634394  0.080608 0.429397 0
0  -1.559005 17.068466 -1.041694  0.773009 0.000000 0.634394  0.079836 0.441970 0
c_invasion_wrangler_laser
0  -1.654629 16.799999 -1.654631  -0.387904 -0.864978 -0.318346  0.080640 0.429269 0
0  -1.325824 16.531532 -1.325826  -0.387904 -0.864978 -0.318346  0.079960 0.429403 0
0  -1.559005 16.531532 -1.041694  -0.387904 -0.864978 -0.318346  0.079656 0.442006 0
c_invasion_wrangler_laser
0  -1.041694 17.068466 -1.559005  -0.318344 0.864977 -0.387907  0.081336 0.416823 0
0  -1.300034 16.799999 -1.945639  -0.318344 0.864977 -0.387907  0.080319 0.416453 0
0  -1.654629 16.799999 -1.654631  -0.318344 0.864977 -0.387907  0.080640 0.429269 0
c_invasion_wrangler_laser
0  -1.041694 16.531530 -1.559005  0.634394 0.000000 0.773010  0.080883 0.416856 0
0  -1.041694 17.068466 -1.559005  0.634394 0.000000 0.773010  0.081336 0.416823 0
0  -1.325824 17.068466 -1.325826  0.634394 0.000000 0.773010  0.080608 0.429397 0
c_invasion_wrangler_laser
0  -1.300034 16.799999 -1.945639  -0.318350 -0.864976 -0.387904  0.080319 0.416453 0
0  -1.041694 16.531530 -1.559005  -0.318350 -0.864976 -0.387904  0.080883 0.416856 0
0  -1.325824 16.531532 -1.325826  -0.318350 -0.864976 -0.387904  0.079960 0.429403 0
c_invasion_wrangler_laser
0  -0.717532 17.068466 -1.732274  -0.236551 0.864978 -0.442556  0.081511 0.404445 0
0  -0.895480 16.799999 -2.161878  -0.236551 0.864978 -0.442556  0.081225 0.403252 0
0  -1.300034 16.799999 -1.945639  -0.236551 0.864978 -0.442556  0.080319 0.416453 0
c_invasion_wrangler_laser
0  -0.717532 16.531530 -1.732274  0.471398 0.000000 0.881920  0.081210 0.404489 0
0  -0.717532 17.068466 -1.732274  0.471398 0.000000 0.881920  0.081511 0.404445 0
0  -1.041694 17.068466 -1.559005  0.471398 0.000000 0.881920  0.081336 0.416823 0
c_invasion_wrangler_laser
0  -0.895480 16.799999 -2.161878  -0.236553 -0.864976 -0.442560  0.081225 0.403252 0
0  -0.717532 16.531530 -1.732274  -0.236553 -0.864976 -0.442560  0.081210 0.404489 0
0  -1.041694 16.531530 -1.559005  -0.236553 -0.864976 -0.442560  0.080883 0.416856 0
c_invasion_wrangler_laser
0  -0.365794 17.068466 -1.838972  -0.145668 0.864975 -0.480207  0.081455 0.392765 0
0  -0.456511 16.799999 -2.295038  -0.145668 0.864975 -0.480207  0.081891 0.388512 0
0  -0.895480 16.799999 -2.161878  -0.145668 0.864975 -0.480207  0.081225 0.403252 0
c_invasion_wrangler_laser
0  -0.365794 16.531530 -1.838972  0.290285 0.000000 0.956940  0.081799 0.392796 0
0  -0.365794 17.068466 -1.838972  0.290285 0.000000 0.956940  0.081455 0.392765 0
0  -0.717532 17.068466 -1.732274  0.290285 0.000000 0.956940  0.081511 0.404445 0
c_invasion_wrangler_laser
0  -0.456511 16.799999 -2.295038  -0.145669 -0.864978 -0.480202  0.081891 0.388512 0
0  -0.365794 16.531530 -1.838972  -0.145669 -0.864978 -0.480202  0.081799 0.392796 0
0  -0.717532 16.531530 -1.732274  -0.145669 -0.864978 -0.480202  0.081210 0.404489 0
c_invasion_wrangler_laser
0  0.000000 17.068466 -1.875000  -0.049185 0.864979 -0.499393  0.079948 0.383488 0
0  0.000000 16.799999 -2.340000  -0.049185 0.864979 -0.499393  0.082676 0.368364 0
0  -0.456511 16.799999 -2.295038  -0.049185 0.864979 -0.499393  0.081891 0.388512 0
c_invasion_wrangler_laser
0  0.000000 16.531530 -1.875000  0.098017 0.000000 0.995185  0.083112 0.383424 0
0  0.000000 17.068466 -1.875000  0.098017 0.000000 0.995185  0.079948 0.383488 0
0  -0.365794 17.068466 -1.838972  0.098017 0.000000 0.995185  0.081455 0.392765 0
c_invasion_wrangler_laser
0  0.000000 16.799999 -2.340000  -0.049185 -0.864978 -0.499394  0.082676 0.368364 0
0  0.000000 16.531530 -1.875000  -0.049185 -0.864978 -0.499394  0.083112 0.383424 0
0  -0.365794 16.531530 -1.838972  -0.049185 -0.864978 -0.499394  0.081799 0.392796 0
c_invasion_wrangler_laser
0  -0.365795 17.068468 1.838972  -0.049186 0.864976 0.499397  0.078121 0.565909 0
0  -0.456512 16.799999 2.295037  -0.049186 0.864976 0.499397  0.074976 0.573883 0
0  0.000000 16.799999 2.340000  -0.049186 0.864976 0.499397  0.073927 0.601972 0
c_invasion_wrangler_laser
0  -0.365795 16.531532 1.838972  0.098017 0.000000 -0.995185  0.072452 0.565700 0
0  -0.365795 17.068468 1.838972  0.098017 0.000000 -0.995185  0.078121 0.565909 0
0  0.000000 17.068468 1.875000  0.098017 0.000000 -0.995185  0.083112 0.572434 0
c_invasion_wrangler_laser
0  -0.456512 16.799999 2.295037  -0.049186 -0.864978 0.499393  0.074976 0.573883 0
0  -0.365795 16.531532 1.838972  -0.049186 -0.864978 0.499393  0.072452 0.565700 0
0  0.000000 16.531532 1.875000  -0.049186 -0.864978 0.499393  0.066985 0.571830 0
c_invasion_wrangler_laser
0  -0.717532 17.068468 1.732274  -0.145668 0.864975 0.480208  0.076710 0.554907 0
0  -0.895480 16.799999 2.161878  -0.145668 0.864975 0.480208  0.075591 0.557090 0
0  -0.456512 16.799999 2.295037  -0.145668 0.864975 0.480208  0.074976 0.573883 0
c_invasion_wrangler_laser
0  -0.717532 16.531532 1.732274  0.290284 0.000000 -0.956941  0.074695 0.554838 0
0  -0.717532 17.068468 1.732274  0.290284 0.000000 -0.956941  0.076710 0.554907 0
0  -0.365795 17.068468 1.838972  0.290284 0.000000 -0.956941  0.078121 0.565909 0
c_invasion_wrangler_laser
0  -0.895480 16.799999 2.161878  -0.145668 -0.864980 0.480199  0.075591 0.557090 0
0  -0.717532 16.531532 1.732274  -0.145668 -0.864980 0.480199  0.074695 0.554838 0
0  -0.365795 16.531532 1.838972  -0.145668 -0.864980 0.480199  0.072452 0.565700 0
c_invasion_wrangler_laser
0  -1.041694 17.068468 1.559005  -0.236552 0.864975 0.442562  0.076401 0.542723 0
0  -1.300034 16.799999 1.945639  -0.236552 0.864975 0.442562  0.076055 0.543324 0
0  -0.895480 16.799999 2.161878  -0.236552 0.864975 0.442562  0.075591 0.557090 0
c_invasion_wrangler_laser
0  -1.041694 16.531532 1.559005  0.471395 0.000000 -0.881922  0.075960 0.542719 0
0  -1.041694 17.068468 1.559005  0.471395 0.000000 -0.881922  0.076401 0.542723 0
0  -0.717532 17.068468 1.732274  0.471395 0.000000 -0.881922  0.076710 0.554907 0
c_invasion_wrangler_laser
0  -1.300034 16.799999 1.945639  -0.236552 -0.864980 0.442552  0.076055 0.543324 0
0  -1.041694 16.531532 1.559005  -0.236552 -0.864980 0.442552  0.075960 0.542719 0
0  -0.717532 16.531532 1.732274  -0.236552 -0.864980 0.442552  0.074695 0.554838 0
c_invasion_wrangler_laser
0  -1.325825 17.068466 1.325825  -0.318345 0.864978 0.387903  0.077124 0.530255 0
0  -1.654629 16.799999 1.654630  -0.318345 0.864978 0.387903  0.076366 0.530378 0
0  -1.300034 16.799999 1.945639  -0.318345 0.864978 0.387903  0.076055 0.543324 0
c_invasion_wrangler_laser
0  -1.325825 16.531532 1.325825  0.634392 0.000000 -0.773012  0.076318 0.530256 0
0  -1.325825 17.068466 1.325825  0.634392 0.000000 -0.773012  0.077124 0.530255 0
0  -1.041694 17.068468 1.559005  0.634392 0.000000 -0.773012  0.076401 0.542723 0
c_invasion_wrangler_laser
0  -1.654629 16.799999 1.654630  -0.318345 -0.864978 0.387904  0.076366 0.530378 0
0  -1.325825 16.531532 1.325825  -0.318345 -0.864978 0.387904  0.076318 0.530256 0
0  -1.041694 16.531532 1.559005  -0.318345 -0.864978 0.387904  0.075960 0.542719 0
c_invasion_wrangler_laser
0  -1.559005 17.068466 1.041694  -0.387905 0.864978 0.318344  0.077339 0.517633 0
0  -1.945639 16.799999 1.300034  -0.387905 0.864978 0.318344  0.077320 0.517725 0
0  -1.654629 16.799999 1.654630  -0.387905 0.864978 0.318344  0.076366 0.530378 0
c_invasion_wrangler_laser
0  -1.559005 16.531532 1.041694  0.773011 0.000000 -0.634393  0.076629 0.517644 0
0  -1.559005 17.068466 1.041694  0.773011 0.000000 -0.634393  0.077339 0.517633 0
0  -1.325825 17.068466 1.325825  0.773011 0.000000 -0.634393  0.077124 0.530255 0
c_invasion_wrangler_laser
0  -1.945639 16.799999 1.300034  -0.387904 -0.864977 0.318349  0.077320 0.517725 0
0  -1.559005 16.531532 1.041694  -0.387904 -0.864977 0.318349  0.076629 0.517644 0
0  -1.325825 16.531532 1.325825  -0.387904 -0.864977 0.318349  0.076318 0.530256 0
c_invasion_wrangler_laser
0  -1.732274 17.068466 0.717531  -0.442557 0.864978 0.236551  0.077567 0.505029 0
0  -2.161878 16.799999 0.895479  -0.442557 0.864978 0.236551  0.077601 0.505070 0
0  -1.945639 16.799999 1.300034  -0.442557 0.864978 0.236551  0.077320 0.517725 0
c_invasion_wrangler_laser
0  -1.732274 16.531532 0.717531  0.881921 0.000000 -0.471397  0.077509 0.505052 0
0  -1.732274 17.068466 0.717531  0.881921 0.000000 -0.471397  0.077567 0.505029 0
0  -1.559005 17.068466 1.041694  0.881921 0.000000 -0.471397  0.077339 0.517633 0
c_invasion_wrangler_laser
0  -2.161878 16.799999 0.895479  -0.442557 -0.864978 0.236552  0.077601 0.505070 0
0  -1.732274 16.531532 0.717531  -0.442557 -0.864978 0.236552  0.077509 0.505052 0
0  -1.559005 16.531532 1.041694  -0.442557 -0.864978 0.236552  0.076629 0.517644 0
c_invasion_wrangler_laser
0  -1.838972 17.068466 0.365794  -0.480202 0.864978 0.145670  0.078474 0.492425 0
0  -2.295037 16.799999 0.456511  -0.480202 0.864978 0.145670  0.077955 0.492440 0
0  -2.161878 16.799999 0.895479  -0.480202 0.864978 0.145670  0.077601 0.505070 0
c_invasion_wrangler_laser
0  -1.838972 16.531532 0.365794  0.956940 0.000000 -0.290284  0.077648 0.492435 0
0  -1.838972 17.068466 0.365794  0.956940 0.000000 -0.290284  0.078474 0.492425 0
0  -1.732274 17.068466 0.717531  0.956940 0.000000 -0.290284  0.077567 0.505029 0
c_invasion_wrangler_laser
0  -2.295037 16.799999 0.456511  -0.480202 -0.864979 0.145662  0.077955 0.492440 0
0  -1.838972 16.531532 0.365794  -0.480202 -0.864979 0.145662  0.077648 0.492435 0
0  -1.732274 16.531532 0.717531  -0.480202 -0.864979 0.145662  0.077509 0.505052 0
c_invasion_wrangler_laser
0  -1.875000 17.068466 -0.000000  -0.499394 0.864978 0.049187  0.078769 0.479795 0
0  -2.340000 16.799999 0.000000  -0.499394 0.864978 0.049187  0.078160 0.479824 0
0  -2.295037 16.799999 0.456511  -0.499394 0.864978 0.049187  0.077955 0.492440 0
c_invasion_wrangler_laser
0  -1.875000 16.531532 0.000000  0.995185 0.000001 -0.098017  0.078534 0.479835 0
0  -1.875000 17.068466 -0.000000  0.995185 0.000001 -0.098017  0.078769 0.479795 0
0  -1.838972 17.068466 0.365794  0.995185 0.000001 -0.098017  0.078474 0.492425 0
c_invasion_wrangler_laser
0  -2.340000 16.799999 0.000000  -0.499394 -0.864978 0.049184  0.078160 0.479824 0
0  -1.875000 16.531532 0.000000  -0.499394 -0.864978 0.049184  0.078534 0.479835 0
0  -1.838972 16.531532 0.365794  -0.499394 -0.864978 0.049184  0.077648 0.492435 0
gold_player
0  -0.228256 16.625002 -1.147519  -0.268285 0.000509 -0.963340  0.000000 0.000000 0
0  -0.011947 17.625004 -0.000000  -0.448974 0.050989 -0.892089  0.000000 0.000000 0
0  0.000000 17.625002 0.000000  -0.127372 0.013095 -0.991768  0.000000 0.000000 0
gold_player
0  0.000000 16.625002 1.170000  -0.127742 0.016710 0.991667  0.000000 0.000000 0
0  0.000000 17.625002 0.000000  -0.127354 0.013144 0.991770  0.000000 0.000000 0
0  -0.011947 17.625004 -0.000000  -0.448996 0.051039 0.892075  0.000000 0.000000 0
c_invasion_wrangler_laser
0  -7.539999 26.499998 0.000000  -0.499394 0.049186 0.864977  0.154661 0.489168 0
0  -6.602499 26.499998 0.541266  -0.499394 0.049186 0.864977  0.154685 0.491463 0
0  -6.520981 27.327669 0.541266  -0.499394 0.049186 0.864977  0.154878 0.491463 0
c_invasion_wrangler_laser
0  -6.602499 26.499998 0.541266  0.995185 -0.098017 0.000000  0.150834 0.489168 0
0  -6.602499 26.499998 -0.541266  0.995185 -0.098017 0.000000  0.150834 0.491463 0
0  -6.520981 27.327669 -0.541266  0.995185 -0.098017 0.000000  0.151049 0.491463 0
c_invasion_wrangler_laser
0  -6.602499 26.499998 -0.541266  -0.499393 0.049186 -0.864978  0.154326 0.489168 0
0  -7.539999 26.499998 0.000000  -0.499393 0.049186 -0.864978  0.154302 0.491463 0
0  -7.440467 27.510567 0.000000  -0.499393 0.049186 -0.864978  0.154538 0.491463 0
c_invasion_wrangler_laser
0  -7.440467 27.510567 0.000000  -0.480205 0.145668 0.864976  0.155021 0.489168 0
0  -6.520981 27.327669 0.541266  -0.480205 0.145668 0.864976  0.155045 0.491463 0
0  -6.279558 28.123531 0.541266  -0.480205 0.145668 0.864976  0.155238 0.491463 0
c_invasion_wrangler_laser
0  -6.520981 27.327669 0.541266  0.956940 -0.290285 0.000000  0.149818 0.489168 0
0  -6.520981 27.327669 -0.541266  0.956940 -0.290285 0.000000  0.149818 0.491463 0
0  -6.279558 28.123531 -0.541266  0.956940 -0.290285 0.000000  0.150034 0.491463 0
c_invasion_wrangler_laser
0  -6.520981 27.327669 -0.541266  -0.480203 0.145668 -0.864977  0.155404 0.489168 0
0  -7.440467 27.510567 0.000000  -0.480203 0.145668 -0.864977  0.155380 0.491463 0
0  -7.145696 28.482298 0.000000  -0.480203 0.145668 -0.864977  0.155617 0.491463 0
c_invasion_wrangler_laser
0  -7.145696 28.482298 0.000000  -0.442559 0.236552 0.864977  0.162330 0.498793 0
0  -6.279558 28.123531 0.541266  -0.442559 0.236552 0.864977  0.162350 0.501088 0
0  -5.887509 28.857004 0.541266  -0.442559 0.236552 0.864977  0.162544 0.501088 0
c_invasion_wrangler_laser
0  -6.279558 28.123531 0.541266  0.881922 -0.471396 0.000000  0.151849 0.489168 0
0  -6.279558 28.123531 -0.541266  0.881922 -0.471396 0.000000  0.151849 0.491463 0
0  -5.887509 28.857004 -0.541266  0.881922 -0.471396 0.000000  0.152065 0.491463 0
c_invasion_wrangler_laser
0  -6.279558 28.123531 -0.541266  -0.442557 0.236552 -0.864977  0.156484 0.489168 0
0  -7.145696 28.482298 0.000000  -0.442557 0.236552 -0.864977  0.156460 0.491463 0
0  -6.667012 29.377851 0.000000  -0.442557 0.236552 -0.864977  0.156696 0.491463 0
c_invasion_wrangler_laser
0  -0.541266 22.339016 -3.172300  0.000000 0.956939 0.290289  0.148140 0.489171 0
0  0.541265 22.339016 -3.172300  0.000000 0.956939 0.290289  0.147872 0.489168 0
0  0.541265 22.580441 -3.968166  0.000000 0.956939 0.290289  0.147872 0.490855 0
c_invasion_wrangler_laser
0  -0.541266 22.257498 -2.344631  0.000000 0.995185 0.098016  0.161868 0.489200 0
0  0.541265 22.257498 -2.344631  0.000000 0.995185 0.098016  0.161592 0.489168 0
0  0.541265 22.339016 -3.172300  0.000000 0.995185 0.098016  0.161392 0.490911 0
c_invasion_wrangler_laser
0  0.541265 22.257498 -2.344631  0.864977 -0.499395 -0.049184  0.160811 0.490199 0
0  0.000000 21.319998 -2.344631  0.864977 -0.499395 -0.049184  0.160811 0.492017 0
0  0.000000 21.419529 -3.355197  0.864977 -0.499395 -0.049184  0.160886 0.490758 0
c_invasion_wrangler_laser
0  0.541265 22.339016 -3.172300  0.864977 -0.480203 -0.145669  0.161195 0.490442 0
0  0.000000 21.419529 -3.355197  0.864977 -0.480203 -0.145669  0.161195 0.492156 0
0  0.000000 21.714302 -4.326933  0.864977 -0.480203 -0.145669  0.161269 0.490601 0
c_invasion_wrangler_laser
0  0.000000 21.319998 -2.344631  -0.864977 -0.499395 -0.049186  0.160441 0.490062 0
0  -0.541266 22.257498 -2.344631  -0.864977 -0.499395 -0.049186  0.160454 0.491688 0
0  -0.541266 22.339016 -3.172300  -0.864977 -0.499395 -0.049186  0.160517 0.490956 0
c_invasion_wrangler_laser
0  0.000000 21.419529 -3.355197  -0.864977 -0.480203 -0.145668  0.149121 0.489681 0
0  -0.541266 22.339016 -3.172300  -0.864977 -0.480203 -0.145668  0.149135 0.491218 0
0  -0.541266 22.580441 -3.968166  -0.864977 -0.480203 -0.145668  0.149199 0.490797 0
c_invasion_wrangler_laser
0  0.541266 28.123531 -6.264189  0.864977 0.236552 -0.442559  0.147896 0.490982 0
0  0.000000 28.482298 -7.130326  0.864977 0.236552 -0.442559  0.147872 0.491246 0
0  0.000000 29.377851 -6.651643  0.864977 0.236552 -0.442559  0.147872 0.492547 0
c_invasion_wrangler_laser
0  0.000000 28.482298 -7.130326  -0.864977 0.236552 -0.442559  0.162834 0.503346 0
0  -0.541265 28.123531 -6.264189  -0.864977 0.236552 -0.442559  0.162690 0.503699 0
0  -0.541265 28.857004 -5.872140  -0.864977 0.236552 -0.442559  0.162848 0.503486 0
c_invasion_wrangler_laser
0  -0.541265 28.123531 -6.264189  0.000000 -0.471395 0.881922  0.151002 0.492460 0
0  0.541266 28.123531 -6.264189  0.000000 -0.471395 0.881922  0.151132 0.492434 0
0  0.541266 28.857004 -5.872140  0.000000 -0.471395 0.881922  0.151132 0.491586 0
c_invasion_wrangler_laser
0  0.541266 27.327669 -6.505611  0.864976 0.145668 -0.480205  0.150509 0.491586 0
0  0.000000 27.510567 -7.425097  0.864976 0.145668 -0.480205  0.150495 0.491654 0
0  0.000000 28.482298 -7.130326  0.864976 0.145668 -0.480205  0.150495 0.492515 0
c_invasion_wrangler_laser
0  0.000000 27.510567 -7.425097  -0.864976 0.145668 -0.480205  0.153598 0.491884 0
0  -0.541265 27.327669 -6.505611  -0.864976 0.145668 -0.480205  0.153637 0.492026 0
0  -0.541265 28.123531 -6.264189  -0.864976 0.145668 -0.480205  0.153637 0.491783 0
c_invasion_wrangler_laser
0  -0.541265 27.327669 -6.505611  0.000000 -0.290284 0.956940  0.151989 0.492164 0
0  0.541266 27.327669 -6.505611  0.000000 -0.290284 0.956940  0.152065 0.492135 0
0  0.541266 28.123531 -6.264189  0.000000 -0.290284 0.956940  0.152065 0.491586 0
c_invasion_wrangler_laser
0  0.541266 26.499998 -6.587130  0.864976 0.049186 -0.499397  0.154432 0.491602 0
0  0.000000 26.499998 -7.524630  0.864976 0.049186 -0.499397  0.154429 0.491586 0
0  0.000000 27.510567 -7.425097  0.864976 0.049186 -0.499397  0.154429 0.491957 0
c_invasion_wrangler_laser
0  0.000000 26.499998 -7.524630  -0.864977 0.049186 -0.499395  0.155971 0.491832 0
0  -0.541265 26.499998 -6.587130  -0.864977 0.049186 -0.499395  0.155976 0.491847 0
0  -0.541265 27.327669 -6.505611  -0.864977 0.049186 -0.499395  0.155976 0.491645 0
c_invasion_wrangler_laser
0  -0.541265 26.499998 -6.587130  0.000000 -0.098017 0.995185  0.154870 0.491882 0
0  0.541266 26.499998 -6.587130  0.000000 -0.098017 0.995185  0.154887 0.491861 0
0  0.541266 27.327669 -6.505611  0.000000 -0.098017 0.995185  0.154887 0.491586 0
c_invasion_wrangler_laser
0  -0.541266 22.972488 -4.701637  0.000000 0.773011 0.634393  0.148839 0.491230 0
0  0.541265 22.972488 -4.701637  0.000000 0.773011 0.634393  0.148623 0.491216 0
0  0.541266 23.500095 -5.344530  0.000000 0.773011 0.634393  0.148623 0.492582 0
c_invasion_wrangler_laser
0  0.000000 21.714302 -4.326933  -0.864978 -0.442558 -0.236551  0.148019 0.491151 0
0  -0.541266 22.580441 -3.968166  -0.864978 -0.442558 -0.236551  0.148033 0.492487 0
0  -0.541266 22.972488 -4.701637  -0.864978 -0.442558 -0.236551  0.148098 0.492348 0
c_invasion_wrangler_laser
0  0.541265 22.972488 -4.701637  0.864978 -0.387905 -0.318344  0.160640 0.490607 0
0  0.000000 22.192986 -5.222485  0.864978 -0.387905 -0.318344  0.160687 0.491791 0
0  0.000000 22.837183 -6.007442  0.864978 -0.387905 -0.318344  0.160687 0.490034 0
c_invasion_wrangler_laser
0  0.541265 22.580441 -3.968166  0.864978 -0.442557 -0.236552  0.161009 0.490588 0
0  0.000000 21.714302 -4.326933  0.864978 -0.442557 -0.236552  0.161071 0.492079 0
0  0.000000 22.192986 -5.222485  0.864978 -0.442557 -0.236552  0.161071 0.490345 0
c_invasion_wrangler_laser
0  -0.541266 22.580441 -3.968166  0.000000 0.881922 0.471396  0.147598 0.490930 0
0  0.541265 22.580441 -3.968166  0.000000 0.881922 0.471396  0.147351 0.490923 0
0  0.541265 22.972488 -4.701637  0.000000 0.881922 0.471396  0.147351 0.492478 0
c_invasion_wrangler_laser
0  0.000000 22.192986 -5.222485  -0.864978 -0.387905 -0.318344  0.149818 0.491586 0
0  -0.541266 22.972488 -4.701637  -0.864978 -0.387905 -0.318344  0.149818 0.492641 0
0  -0.541266 23.500095 -5.344530  -0.864978 -0.387905 -0.318344  0.149882 0.492720 0
c_invasion_wrangler_laser
0  0.541266 24.142992 -5.872141  0.864977 -0.236552 -0.442558  0.147721 0.491988 0
0  0.000000 23.622145 -6.651644  0.864977 -0.236552 -0.442558  0.147745 0.492488 0
0  0.000000 24.517696 -7.130325  0.864977 -0.236552 -0.442558  0.147745 0.491187 0
c_invasion_wrangler_laser
0  -0.541266 23.500095 -5.344530  0.000000 0.634392 0.773011  0.149656 0.491607 0
0  0.541266 23.500095 -5.344530  0.000000 0.634392 0.773011  0.149480 0.491586 0
0  0.541266 24.142992 -5.872141  0.000000 0.634392 0.773011  0.149480 0.492712 0
c_invasion_wrangler_laser
0  0.000000 24.517696 -7.130325  -0.864976 -0.145668 -0.480205  0.153409 0.491586 0
0  -0.541266 24.876463 -6.264189  -0.864976 -0.145668 -0.480205  0.153370 0.491783 0
0  -0.541266 25.672329 -6.505611  -0.864976 -0.145668 -0.480205  0.153370 0.492027 0
c_invasion_wrangler_laser
0  -0.541266 24.142992 -5.872141  0.000000 0.471396 0.881922  0.151385 0.491612 0
0  0.541266 24.142992 -5.872141  0.000000 0.471396 0.881922  0.151255 0.491586 0
0  0.541266 24.876463 -6.264189  0.000000 0.471396 0.881922  0.151255 0.492434 0
c_invasion_wrangler_laser
0  0.541266 23.500095 -5.344530  0.864978 -0.318346 -0.387902  0.149322 0.490487 0
0  0.000000 22.837183 -6.007442  0.864978 -0.318346 -0.387902  0.149357 0.491323 0
0  0.000000 23.622145 -6.651644  0.864978 -0.318346 -0.387902  0.149357 0.489713 0
c_invasion_wrangler_laser
0  0.000000 23.622145 -6.651644  -0.864977 -0.236552 -0.442559  0.151702 0.491586 0
0  -0.541266 24.142992 -5.872141  -0.864977 -0.236552 -0.442559  0.151702 0.492025 0
0  -0.541266 24.876463 -6.264189  -0.864977 -0.236552 -0.442559  0.151758 0.492283 0
c_invasion_wrangler_laser
0  -0.541266 24.876463 -6.264189  0.000000 0.290284 0.956940  0.152458 0.491615 0
0  0.541266 24.876463 -6.264189  0.000000 0.290284 0.956940  0.152382 0.491586 0
0  0.541266 25.672329 -6.505611  0.000000 0.290284 0.956940  0.152382 0.492135 0
c_invasion_wrangler_laser
0  0.000000 22.837183 -6.007442  -0.864978 -0.318346 -0.387904  0.150208 0.491586 0
0  -0.541266 23.500095 -5.344530  -0.864978 -0.318346 -0.387904  0.150208 0.492325 0
0  -0.541266 24.142992 -5.872141  -0.864978 -0.318346 -0.387904  0.150269 0.492537 0
c_invasion_wrangler_laser
0  0.541266 24.876463 -6.264189  0.864976 -0.145668 -0.480205  0.149322 0.492152 0
0  0.000000 24.517696 -7.130325  0.864976 -0.145668 -0.480205  0.149336 0.492376 0
0  0.000000 25.489431 -7.425098  0.864976 -0.145668 -0.480205  0.149336 0.491515 0
c_invasion_wrangler_laser
0  0.541266 25.672329 -6.505611  0.864977 -0.049186 -0.499394  0.154302 0.491906 0
0  0.000000 25.489431 -7.425098  0.864977 -0.049186 -0.499394  0.154305 0.491958 0
0  0.000000 26.499998 -7.524630  0.864977 -0.049186 -0.499394  0.154305 0.491586 0
c_invasion_wrangler_laser
0  0.000000 25.489431 -7.425098  -0.864976 -0.049185 -0.499396  0.156105 0.491586 0
0  -0.541266 25.672329 -6.505611  -0.864976 -0.049185 -0.499396  0.156100 0.491645 0
0  -0.541265 26.499998 -6.587130  -0.864976 -0.049185 -0.499396  0.156100 0.491847 0
c_invasion_wrangler_laser
0  -0.541266 25.672329 -6.505611  0.000000 0.098017 0.995185  0.155028 0.491608 0
0  0.541266 25.672329 -6.505611  0.000000 0.098017 0.995185  0.155011 0.491586 0
0  0.541266 26.499998 -6.587130  0.000000 0.098017 0.995185  0.155011 0.491861 0
c_invasion_wrangler_laser
0  -2.360000 21.319998 0.000000  -0.049186 -0.499395 0.864977  0.157903 0.489168 0
0  -2.360000 22.257498 0.541266  -0.049186 -0.499395 0.864977  0.157926 0.491463 0
0  -3.187669 22.339016 0.541266  -0.049186 -0.499395 0.864977  0.158121 0.491463 0
c_invasion_wrangler_laser
0  -2.360000 22.257498 0.541266  0.098017 0.995185 0.000000  0.161992 0.498480 0
0  -2.360000 22.257498 -0.541266  0.098017 0.995185 0.000000  0.161992 0.500775 0
0  -3.187669 22.339016 -0.541266  0.098017 0.995185 0.000000  0.162207 0.500775 0
c_invasion_wrangler_laser
0  -2.360000 22.257498 -0.541266  -0.049186 -0.499396 -0.864977  0.158288 0.489168 0
0  -2.360000 21.319998 0.000000  -0.049186 -0.499396 -0.864977  0.158265 0.491463 0
0  -3.370565 21.419529 0.000000  -0.049186 -0.499396 -0.864977  0.158504 0.491463 0
c_invasion_wrangler_laser
0  -3.370565 21.419529 0.000000  -0.145668 -0.480201 0.864978  0.160078 0.489168 0
0  -3.187669 22.339016 0.541266  -0.145668 -0.480201 0.864978  0.160100 0.491463 0
0  -3.983535 22.580441 0.541266  -0.145668 -0.480201 0.864978  0.160296 0.491463 0
c_invasion_wrangler_laser
0  -3.187669 22.339016 0.541266  0.290286 0.956940 0.000000  0.149480 0.489168 0
0  -3.187669 22.339016 -0.541266  0.290286 0.956940 0.000000  0.149480 0.491463 0
0  -3.983535 22.580441 -0.541266  0.290286 0.956940 0.000000  0.149695 0.491463 0
c_invasion_wrangler_laser
0  -3.187669 22.339016 -0.541266  -0.145668 -0.480203 -0.864977  0.159737 0.489168 0
0  -3.370565 21.419529 0.000000  -0.145668 -0.480203 -0.864977  0.159715 0.491463 0
0  -4.342301 21.714302 0.000000  -0.145668 -0.480203 -0.864977  0.159954 0.491463 0
c_invasion_wrangler_laser
0  -4.342301 21.714302 0.000000  -0.236552 -0.442558 0.864977  0.158989 0.489168 0
0  -3.983535 22.580441 0.541266  -0.236552 -0.442558 0.864977  0.159011 0.491463 0
0  -4.717006 22.972488 0.541266  -0.236552 -0.442558 0.864977  0.159207 0.491463 0
c_invasion_wrangler_laser
0  -3.983535 22.580441 0.541266  0.471396 0.881921 0.000000  0.150495 0.489168 0
0  -3.983535 22.580441 -0.541266  0.471396 0.881921 0.000000  0.150495 0.491463 0
0  -4.717006 22.972488 -0.541266  0.471396 0.881921 0.000000  0.150711 0.491463 0
c_invasion_wrangler_laser
0  -3.983535 22.580441 -0.541266  -0.236552 -0.442557 -0.864977  0.159373 0.489168 0
0  -4.342301 21.714302 0.000000  -0.236552 -0.442557 -0.864977  0.159352 0.491463 0
0  -5.237853 22.192986 0.000000  -0.236552 -0.442557 -0.864977  0.159592 0.491463 0
c_invasion_wrangler_laser
0  -5.237853 22.192986 0.000000  -0.318345 -0.387905 0.864977  0.157541 0.489168 0
0  -4.717006 22.972488 0.541266  -0.318345 -0.387905 0.864977  0.157562 0.491463 0
0  -5.359899 23.500095 0.541266  -0.318345 -0.387905 0.864977  0.157757 0.491463 0
c_invasion_wrangler_laser
0  -4.717006 22.972488 0.541266  0.634392 0.773012 0.000000  0.151172 0.489168 0
0  -4.717006 22.972488 -0.541266  0.634392 0.773012 0.000000  0.151172 0.491463 0
0  -5.359899 23.500095 -0.541266  0.634392 0.773012 0.000000  0.151388 0.491463 0
c_invasion_wrangler_laser
0  -4.717006 22.972488 -0.541266  -0.318345 -0.387905 -0.864978  0.158648 0.489168 0
0  -5.237853 22.192986 0.000000  -0.318345 -0.387905 -0.864978  0.158628 0.491463 0
0  -6.022811 22.837183 0.000000  -0.318345 -0.387905 -0.864978  0.158866 0.491463 0
c_invasion_wrangler_laser
0  -6.022811 22.837183 0.000000  -0.387906 -0.318346 0.864977  0.157181 0.489168 0
0  -5.359899 23.500095 0.541266  -0.387906 -0.318346 0.864977  0.157201 0.491463 0
0  -5.887509 24.142992 0.541266  -0.387906 -0.318346 0.864977  0.157396 0.491463 0
c_invasion_wrangler_laser
0  -5.359899 23.500095 0.541266  0.773011 0.634393 0.000000  0.151511 0.489168 0
0  -5.359899 23.500095 -0.541266  0.773011 0.634393 0.000000  0.151511 0.491463 0
0  -5.887509 24.142992 -0.541266  0.773011 0.634393 0.000000  0.151726 0.491463 0
c_invasion_wrangler_laser
0  -5.359899 23.500095 -0.541266  -0.387907 -0.318347 -0.864976  0.156841 0.489168 0
0  -6.022811 22.837183 0.000000  -0.387907 -0.318347 -0.864976  0.156820 0.491463 0
0  -6.667012 23.622145 0.000000  -0.387907 -0.318347 -0.864976  0.157057 0.491463 0
c_invasion_wrangler_laser
0  -6.667012 23.622145 0.000000  -0.442559 -0.236553 0.864977  0.156100 0.489168 0
0  -5.887509 24.142992 0.541266  -0.442559 -0.236553 0.864977  0.156121 0.491463 0
0  -6.279558 24.876463 0.541266  -0.442559 -0.236553 0.864977  0.156315 0.491463 0
c_invasion_wrangler_laser
0  -5.887509 24.142992 0.541266  0.881921 0.471398 0.000000  0.150157 0.489168 0
0  -5.887509 24.142992 -0.541266  0.881921 0.471398 0.000000  0.150157 0.491463 0
0  -6.279558 24.876463 -0.541266  0.881921 0.471398 0.000000  0.150372 0.491463 0
c_invasion_wrangler_laser
0  -5.887509 24.142992 -0.541266  -0.442557 -0.236552 -0.864978  0.155761 0.489168 0
0  -6.667012 23.622145 0.000000  -0.442557 -0.236552 -0.864978  0.155740 0.491463 0
0  -7.145695 24.517696 0.000000  -0.442557 -0.236552 -0.864978  0.155976 0.491463 0
c_invasion_wrangler_laser
0  -7.145695 24.517696 0.000000  -0.480203 -0.145668 0.864977  0.153583 0.489168 0
0  -6.279558 24.876463 0.541266  -0.480203 -0.145668 0.864977  0.153606 0.491463 0
0  -6.520981 25.672329 0.541266  -0.480203 -0.145668 0.864977  0.153799 0.491463 0
c_invasion_wrangler_laser
0  -6.279558 24.876463 0.541266  0.956941 0.290284 0.000000  0.152188 0.489168 0
0  -6.279558 24.876463 -0.541266  0.956941 0.290284 0.000000  0.152188 0.491463 0
0  -6.520981 25.672329 -0.541266  0.956941 0.290284 0.000000  0.152403 0.491463 0
c_invasion_wrangler_laser
0  -6.279558 24.876463 -0.541266  -0.480203 -0.145668 -0.864978  0.153246 0.489168 0
0  -7.145695 24.517696 0.000000  -0.480203 -0.145668 -0.864978  0.153224 0.491463 0
0  -7.440468 25.489431 0.000000  -0.480203 -0.145668 -0.864978  0.153460 0.491463 0
c_invasion_wrangler_laser
0  -7.440468 25.489431 0.000000  -0.499394 -0.049186 0.864978  0.153943 0.489168 0
0  -6.520981 25.672329 0.541266  -0.499394 -0.049186 0.864978  0.153966 0.491463 0
0  -6.602499 26.499998 0.541266  -0.499394 -0.049186 0.864978  0.154159 0.491463 0
c_invasion_wrangler_laser
0  -6.520981 25.672329 0.541266  0.995185 0.098016 0.000000  0.152526 0.489168 0
0  -6.520981 25.672329 -0.541266  0.995185 0.098016 0.000000  0.152526 0.491463 0
0  -6.602499 26.499998 -0.541266  0.995185 0.098016 0.000000  0.152741 0.491463 0
c_invasion_wrangler_laser
0  -6.520981 25.672329 -0.541266  -0.499395 -0.049186 -0.864977  0.152888 0.489168 0
0  -7.440468 25.489431 0.000000  -0.499395 -0.049186 -0.864977  0.152865 0.491463 0
0  -7.539999 26.499998 0.000000  -0.499395 -0.049186 -0.864977  0.153101 0.491463 0
c_invasion_wrangler_laser
0  0.541267 22.339016 3.172299  0.000000 0.956940 -0.290286  0.148226 0.492601 0
0  -0.541265 22.339016 3.172299  0.000000 0.956940 -0.290286  0.148494 0.492604 0
0  -0.541265 22.580441 3.968166  0.000000 0.956940 -0.290286  0.148494 0.491201 0
c_invasion_wrangler_laser
0  0.541267 22.257500 2.344630  0.000000 0.995185 -0.098016  0.130580 0.472494 0
0  -0.541265 22.257500 2.344630  0.000000 0.995185 -0.098016  0.130858 0.472506 0
0  -0.541265 22.339016 3.172299  0.000000 0.995185 -0.098016  0.130927 0.470787 0
c_invasion_wrangler_laser
0  -0.541265 22.257500 2.344630  -0.864977 -0.499394 0.049184  0.148828 0.489168 0
0  0.000000 21.320000 2.344630  -0.864977 -0.499394 0.049184  0.148839 0.490128 0
0  0.000000 21.419529 3.355196  -0.864977 -0.499394 0.049184  0.148779 0.491093 0
c_invasion_wrangler_laser
0  -0.541265 22.339016 3.172299  -0.864978 -0.480203 0.145667  0.148486 0.489168 0
0  0.000000 21.419529 3.355196  -0.864978 -0.480203 0.145667  0.148494 0.490492 0
0  0.000000 21.714302 4.326932  -0.864978 -0.480203 0.145667  0.148447 0.491075 0
c_invasion_wrangler_laser
0  0.000000 21.320000 2.344630  0.864977 -0.499395 0.049186  0.148264 0.489168 0
0  0.541267 22.257500 2.344630  0.864977 -0.499395 0.049186  0.148323 0.489932 0
0  0.541267 22.339016 3.172299  0.864977 -0.499395 0.049186  0.148323 0.490874 0
c_invasion_wrangler_laser
0  0.000000 21.419529 3.355196  0.864977 -0.480203 0.145669  0.149121 0.491341 0
0  0.541267 22.339016 3.172299  0.864977 -0.480203 0.145669  0.149181 0.491766 0
0  0.541266 22.580441 3.968166  0.864977 -0.480203 0.145669  0.149181 0.492703 0
c_invasion_wrangler_laser
0  -0.541266 28.123531 6.264190  -0.864977 0.236552 0.442558  0.147571 0.489168 0
0  0.000000 28.482298 7.130327  -0.864977 0.236552 0.442558  0.147598 0.489818 0
0  0.000000 29.377851 6.651644  -0.864977 0.236552 0.442558  0.147598 0.490799 0
c_invasion_wrangler_laser
0  0.000000 28.482298 7.130327  0.864977 0.236552 0.442559  0.131077 0.493043 0
0  0.541265 28.123531 6.264190  0.864977 0.236552 0.442559  0.131051 0.492956 0
0  0.541265 28.857004 5.872141  0.864977 0.236552 0.442559  0.131202 0.492616 0
c_invasion_wrangler_laser
0  0.541265 28.123531 6.264190  0.000000 -0.471395 -0.881922  0.152994 0.492057 0
0  -0.541266 28.123531 6.264190  0.000000 -0.471395 -0.881922  0.152865 0.492083 0
0  -0.541266 28.857004 5.872141  0.000000 -0.471395 -0.881922  0.152865 0.491612 0
c_invasion_wrangler_laser
0  -0.541266 27.327669 6.505612  -0.864977 0.145668 0.480204  0.148963 0.491255 0
0  0.000000 27.510567 7.425098  -0.864977 0.145668 0.480204  0.148977 0.491496 0
0  0.000000 28.482298 7.130327  -0.864977 0.145668 0.480204  0.148977 0.492278 0
c_invasion_wrangler_laser
0  0.000000 27.510567 7.425098  0.864976 0.145668 0.480205  0.154747 0.491911 0
0  0.541265 27.327669 6.505612  0.864976 0.145668 0.480205  0.154713 0.491883 0
0  0.541265 28.123531 6.264190  0.864976 0.145668 0.480205  0.154713 0.491617 0
c_invasion_wrangler_laser
0  0.541265 27.327669 6.505612  0.000000 -0.290284 -0.956941  0.154018 0.492042 0
0  -0.541266 27.327669 6.505612  0.000000 -0.290284 -0.956941  0.153943 0.492071 0
0  -0.541266 28.123531 6.264190  0.000000 -0.290284 -0.956941  0.153943 0.491615 0
c_invasion_wrangler_laser
0  -0.541266 26.499998 6.587130  -0.864976 0.049186 0.499397  0.154142 0.491586 0
0  0.000000 26.499998 7.524630  -0.864976 0.049186 0.499397  0.154145 0.491602 0
0  0.000000 27.510567 7.425098  -0.864976 0.049186 0.499397  0.154145 0.491968 0
c_invasion_wrangler_laser
0  0.000000 26.499998 7.524630  0.864977 0.049186 0.499395  0.155777 0.491833 0
0  0.541265 26.499998 6.587130  0.864977 0.049186 0.499395  0.155772 0.491818 0
0  0.541265 27.327669 6.505612  0.864977 0.049186 0.499395  0.155772 0.491616 0
c_invasion_wrangler_laser
0  0.541265 26.499998 6.587130  0.000000 -0.098017 -0.995185  0.155169 0.491855 0
0  -0.541266 26.499998 6.587130  0.000000 -0.098017 -0.995185  0.155151 0.491877 0
0  -0.541266 27.327669 6.505612  0.000000 -0.098017 -0.995185  0.155151 0.491608 0
c_invasion_wrangler_laser
0  0.541266 22.972488 4.701637  0.000000 0.773011 -0.634393  0.155433 0.491853 0
0  -0.541265 22.972488 4.701637  0.000000 0.773011 -0.634393  0.155649 0.491866 0
0  -0.541266 23.500095 5.344529  0.000000 0.773011 -0.634393  0.155649 0.491600 0
c_invasion_wrangler_laser
0  0.000000 21.714302 4.326932  0.864977 -0.442558 0.236552  0.150020 0.491586 0
0  0.541266 22.580441 3.968166  0.864977 -0.442558 0.236552  0.150085 0.491767 0
0  0.541266 22.972488 4.701637  0.864977 -0.442558 0.236552  0.150085 0.492594 0
c_invasion_wrangler_laser
0  -0.541265 22.972488 4.701637  -0.864978 -0.387906 0.318344  0.148656 0.489558 0
0  0.000000 22.192986 5.222484  -0.864978 -0.387906 0.318344  0.148656 0.491076 0
0  0.000000 22.837183 6.007442  -0.864978 -0.387906 0.318344  0.148618 0.490600 0
c_invasion_wrangler_laser
0  -0.541265 22.580441 3.968166  -0.864978 -0.442557 0.236552  0.147440 0.489168 0
0  0.000000 21.714302 4.326932  -0.864978 -0.442557 0.236552  0.147447 0.490706 0
0  0.000000 22.192986 5.222484  -0.864978 -0.442557 0.236552  0.147405 0.490766 0
c_invasion_wrangler_laser
0  0.541266 22.580441 3.968166  0.000000 0.881922 -0.471396  0.150632 0.492450 0
0  -0.541265 22.580441 3.968166  0.000000 0.881922 -0.471396  0.150879 0.492458 0
0  -0.541265 22.972488 4.701637  0.000000 0.881922 -0.471396  0.150879 0.491594 0
c_invasion_wrangler_laser
0  0.000000 22.192986 5.222484  0.864978 -0.387906 0.318345  0.151508 0.491586 0
0  0.541266 22.972488 4.701637  0.864978 -0.387906 0.318345  0.151578 0.491634 0
0  0.541266 23.500095 5.344529  0.864978 -0.387906 0.318345  0.151578 0.492304 0
c_invasion_wrangler_laser
0  -0.541266 24.142992 5.872141  -0.864977 -0.236552 0.442558  0.147749 0.489972 0
0  0.000000 23.622145 6.651643  -0.864977 -0.236552 0.442558  0.147721 0.490799 0
0  0.000000 24.517696 7.130325  -0.864977 -0.236552 0.442558  0.147721 0.489818 0
c_invasion_wrangler_laser
0  0.541266 23.500095 5.344529  0.000000 0.634393 -0.773011  0.156820 0.491586 0
0  -0.541266 23.500095 5.344529  0.000000 0.634393 -0.773011  0.156996 0.491607 0
0  -0.541266 24.142992 5.872141  0.000000 0.634393 -0.773011  0.156996 0.491826 0
c_invasion_wrangler_laser
0  0.000000 24.517696 7.130325  0.864976 -0.145668 0.480205  0.154556 0.491586 0
0  0.541266 24.876463 6.264189  0.864976 -0.145668 0.480205  0.154590 0.491617 0
0  0.541266 25.672329 6.505611  0.864976 -0.145668 0.480205  0.154590 0.491883 0
c_invasion_wrangler_laser
0  0.541266 24.142992 5.872141  0.000000 0.471396 -0.881922  0.153118 0.491586 0
0  -0.541266 24.142992 5.872141  0.000000 0.471396 -0.881922  0.153247 0.491612 0
0  -0.541266 24.876463 6.264189  0.000000 0.471396 -0.881922  0.153247 0.492083 0
c_invasion_wrangler_laser
0  -0.541266 23.500095 5.344529  -0.864978 -0.318346 0.387902  0.148998 0.489877 0
0  0.000000 22.837183 6.007442  -0.864978 -0.318346 0.387902  0.148998 0.491132 0
0  0.000000 23.622145 6.651643  -0.864978 -0.318346 0.387902  0.148963 0.490266 0
c_invasion_wrangler_laser
0  0.000000 23.622145 6.651643  0.864977 -0.236552 0.442559  0.153760 0.491586 0
0  0.541266 24.142992 5.872141  0.864977 -0.236552 0.442559  0.153819 0.491599 0
0  0.541266 24.876463 6.264189  0.864977 -0.236552 0.442559  0.153819 0.491971 0
c_invasion_wrangler_laser
0  0.541266 24.876463 6.264189  0.000000 0.290284 -0.956940  0.152581 0.491586 0
0  -0.541266 24.876463 6.264189  0.000000 0.290284 -0.956940  0.152657 0.491615 0
0  -0.541266 25.672329 6.505611  0.000000 0.290284 -0.956940  0.152657 0.492071 0
c_invasion_wrangler_laser
0  0.000000 22.837183 6.007442  0.864978 -0.318346 0.387903  0.152188 0.491586 0
0  0.541266 23.500095 5.344529  0.864978 -0.318346 0.387903  0.152259 0.491592 0
0  0.541266 24.142992 5.872141  0.864978 -0.318346 0.387903  0.152259 0.492101 0
c_invasion_wrangler_laser
0  -0.541266 24.876463 6.264189  -0.864976 -0.145668 0.480205  0.147282 0.489809 0
0  0.000000 24.517696 7.130325  -0.864976 -0.145668 0.480205  0.147268 0.490192 0
0  0.000000 25.489431 7.425098  -0.864976 -0.145668 0.480205  0.147268 0.489409 0
c_invasion_wrangler_laser
0  -0.541266 25.672329 6.505611  -0.864977 -0.049186 0.499394  0.147271 0.490616 0
0  0.000000 25.489431 7.425098  -0.864977 -0.049186 0.499394  0.147268 0.490697 0
0  0.000000 26.499998 7.524630  -0.864977 -0.049186 0.499394  0.147268 0.490330 0
c_invasion_wrangler_laser
0  0.000000 25.489431 7.425098  0.864976 -0.049186 0.499396  0.156460 0.491586 0
0  0.541266 25.672329 6.505611  0.864976 -0.049186 0.499396  0.156465 0.491616 0
0  0.541265 26.499998 6.587130  0.864976 -0.049186 0.499396  0.156465 0.491818 0
c_invasion_wrangler_laser
0  0.541266 25.672329 6.505611  0.000000 0.098018 -0.995185  0.155292 0.491586 0
0  -0.541266 25.672329 6.505611  0.000000 0.098018 -0.995185  0.155309 0.491608 0
0  -0.541266 26.499998 6.587130  0.000000 0.098018 -0.995185  0.155309 0.491877 0
c_invasion_wrangler_laser
0  -6.150000 13.169998 0.000000  -0.806461 -0.585928 0.079432  0.177770 0.413747 0
0  -5.327730 12.038240 0.000000  -0.806461 -0.585928 0.079432  0.177758 0.413748 0
0  -5.225359 12.038241 1.039389  -0.806461 -0.585928 0.079432  0.177749 0.413771 0
c_invasion_wrangler_laser
0  -5.327730 12.038240 0.000000  0.308874 -0.950616 -0.030424  0.177758 0.413748 0
0  -3.997270 12.470533 0.000000  0.308874 -0.950616 -0.030424  0.177751 0.413737 0
0  -3.920463 12.470533 0.779829  0.308874 -0.950616 -0.030424  0.177728 0.413734 0
c_invasion_wrangler_laser
0  -3.997270 12.470533 0.000000  0.995185 0.000000 -0.098017  0.177751 0.413737 0
0  -3.997270 13.869463 -0.000000  0.995185 0.000000 -0.098017  0.177762 0.413726 0
0  -3.920463 13.869463 0.779829  0.995185 0.000000 -0.098017  0.177762 0.413706 0
c_invasion_wrangler_laser
0  -3.997270 13.869463 -0.000000  0.308874 0.950616 -0.030421  0.177762 0.413726 0
0  -5.327730 14.301756 -0.000000  0.308874 0.950616 -0.030421  0.177773 0.413735 0
0  -5.225359 14.301756 1.039389  0.308874 0.950616 -0.030421  0.177793 0.413729 0
c_invasion_wrangler_laser
0  -5.327730 14.301756 -0.000000  -0.806461 0.585927 0.079429  0.177773 0.413735 0
0  -6.150000 13.169998 0.000000  -0.806461 0.585927 0.079429  0.177770 0.413747 0
0  -6.031829 13.169998 1.199806  -0.806461 0.585927 0.079429  0.177785 0.413762 0
c_invasion_wrangler_laser
0  -6.031829 13.169998 1.199806  -0.775469 -0.585928 0.235235  0.177785 0.413762 0
0  -5.225359 12.038241 1.039389  -0.775469 -0.585928 0.235235  0.177749 0.413771 0
0  -4.922181 12.038241 2.038834  -0.775469 -0.585928 0.235235  0.177723 0.413826 0
c_invasion_wrangler_laser
0  -5.225359 12.038241 1.039389  0.297004 -0.950616 -0.090096  0.177749 0.413771 0
0  -3.920463 12.470533 0.779829  0.297004 -0.950616 -0.090096  0.177728 0.413734 0
0  -3.692996 12.470533 1.529689  0.297004 -0.950616 -0.090096  0.177665 0.413723 0
c_invasion_wrangler_laser
0  -3.920463 12.470533 0.779829  0.956940 0.000000 -0.290284  0.177728 0.413734 0
0  -3.920463 13.869463 0.779829  0.956940 0.000000 -0.290284  0.177762 0.413706 0
0  -3.692996 13.869463 1.529689  0.956940 0.000000 -0.290284  0.177765 0.413638 0
c_invasion_wrangler_laser
0  -3.920463 13.869463 0.779829  0.297004 0.950616 -0.090094  0.177762 0.413706 0
0  -5.225359 14.301756 1.039389  0.297004 0.950616 -0.090094  0.177793 0.413729 0
0  -4.922181 14.301756 2.038834  0.297004 0.950616 -0.090094  0.177848 0.413718 0
c_invasion_wrangler_laser
0  -5.225359 14.301756 1.039389  -0.775469 0.585928 0.235236  0.177793 0.413729 0
0  -6.031829 13.169998 1.199806  -0.775469 0.585928 0.235236  0.177785 0.413762 0
0  -5.681859 13.169998 2.353503  -0.775469 0.585928 0.235236  0.177821 0.413810 0
c_invasion_wrangler_laser
0  -5.681859 13.169998 2.353503  -0.714676 -0.585928 0.382003  0.177821 0.413810 0
0  -4.922181 12.038241 2.038834  -0.714676 -0.585928 0.382003  0.177723 0.413826 0
0  -4.429846 12.038241 2.959928  -0.714676 -0.585928 0.382003  0.177644 0.413971 0
c_invasion_wrangler_laser
0  -4.922181 12.038241 2.038834  0.273720 -0.950616 -0.146306  0.177723 0.413826 0
0  -3.692996 12.470533 1.529689  0.273720 -0.950616 -0.146306  0.177665 0.413723 0
0  -3.323608 12.470533 2.220764  0.273720 -0.950616 -0.146306  0.177495 0.413687 0
c_invasion_wrangler_laser
0  -3.692996 12.470533 1.529689  0.881921 0.000000 -0.471397  0.177665 0.413723 0
0  -3.692996 13.869463 1.529689  0.881921 0.000000 -0.471397  0.177765 0.413638 0
0  -3.323608 13.869463 2.220764  0.881921 0.000000 -0.471397  0.177779 0.413464 0
c_invasion_wrangler_laser
0  -3.692996 13.869463 1.529689  0.273721 0.950616 -0.146307  0.177765 0.413638 0
0  -4.922181 14.301756 2.038834  0.273721 0.950616 -0.146307  0.177848 0.413718 0
0  -4.429846 14.301756 2.959928  0.273721 0.950616 -0.146307  0.178027 0.413682 0
c_invasion_wrangler_laser
0  -4.922181 14.301756 2.038834  -0.714676 0.585928 0.382003  0.177848 0.413718 0
0  -5.681859 13.169998 2.353503  -0.714676 0.585928 0.382003  0.177821 0.413810 0
0  -5.113538 13.169998 3.416757  -0.714676 0.585928 0.382003  0.177929 0.413967 0
c_invasion_wrangler_laser
0  -5.113538 13.169998 3.416757  -0.626419 -0.585928 0.514089  0.177929 0.413967 0
0  -4.429846 12.038241 2.959928  -0.626419 -0.585928 0.514089  0.177644 0.413971 0
0  -3.767274 12.038241 3.767274  -0.626419 -0.585928 0.514089  0.177393 0.414438 0
c_invasion_wrangler_laser
0  -4.429846 12.038241 2.959928  0.239918 -0.950617 -0.196893  0.177644 0.413971 0
0  -3.323608 12.470533 2.220764  0.239918 -0.950617 -0.196893  0.177495 0.413687 0
0  -2.826496 12.470534 2.826497  0.239918 -0.950617 -0.196893  0.176993 0.413572 0
c_invasion_wrangler_laser
0  -3.323608 12.470533 2.220764  0.773010 0.000000 -0.634393  0.177495 0.413687 0
0  -3.323608 13.869463 2.220764  0.773010 0.000000 -0.634393  0.177779 0.413464 0
0  -2.826496 13.869463 2.826497  0.773010 0.000000 -0.634393  0.177828 0.412970 0
c_invasion_wrangler_laser
0  -3.323608 13.869463 2.220764  0.239918 0.950616 -0.196895  0.177779 0.413464 0
0  -4.429846 14.301756 2.959928  0.239918 0.950616 -0.196895  0.178027 0.413682 0
0  -3.767274 14.301756 3.767274  0.239918 0.950616 -0.196895  0.178538 0.413586 0
c_invasion_wrangler_laser
0  -4.429846 14.301756 2.959928  -0.626419 0.585928 0.514089  0.178027 0.413682 0
0  -5.113538 13.169998 3.416757  -0.626419 0.585928 0.514089  0.177929 0.413967 0
0  -4.348706 13.169998 4.348707  -0.626419 0.585928 0.514089  0.178229 0.414372 0
c_invasion_wrangler_laser
0  -4.348706 13.169998 4.348707  -0.514089 -0.585929 0.626418  0.178229 0.414372 0
0  -3.767274 12.038241 3.767274  -0.514089 -0.585929 0.626418  0.177393 0.414438 0
0  -2.959928 12.038241 4.429846  -0.514089 -0.585929 0.626418  0.176592 0.415919 0
c_invasion_wrangler_laser
0  -3.767274 12.038241 3.767274  0.196896 -0.950616 -0.239920  0.177393 0.414438 0
0  -2.826496 12.470534 2.826497  0.196896 -0.950616 -0.239920  0.176993 0.413572 0
0  -2.220764 12.470534 3.323609  0.196896 -0.950616 -0.239920  0.175500 0.413194 0
c_invasion_wrangler_laser
0  -2.826496 12.470534 2.826497  0.634393 0.000000 -0.773011  0.176993 0.413572 0
0  -2.826496 13.869463 2.826497  0.634393 0.000000 -0.773011  0.177828 0.412970 0
0  -2.220764 13.869463 3.323609  0.634393 0.000000 -0.773011  0.177981 0.411564 0
c_invasion_wrangler_laser
0  -2.826496 13.869463 2.826497  0.196896 0.950616 -0.239919  0.177828 0.412970 0
0  -3.767274 14.301756 3.767274  0.196896 0.950616 -0.239919  0.178538 0.413586 0
0  -2.959928 14.301756 4.429846  0.196896 0.950616 -0.239919  0.180133 0.413296 0
c_invasion_wrangler_laser
0  -3.767274 14.301756 3.767274  -0.514089 0.585929 0.626419  0.178538 0.413586 0
0  -4.348706 13.169998 4.348707  -0.514089 0.585929 0.626419  0.178229 0.414372 0
0  -3.416756 13.169998 5.113539  -0.514089 0.585929 0.626419  0.179077 0.415533 0
c_invasion_wrangler_laser
0  -3.416756 13.169998 5.113539  -0.382003 -0.585928 0.714676  0.179077 0.415533 0
0  -2.959928 12.038241 4.429846  -0.382003 -0.585928 0.714676  0.176592 0.415919 0
0  -2.038835 12.038241 4.922180  -0.382003 -0.585928 0.714676  0.174194 0.419461 0
c_invasion_wrangler_laser
0  -2.959928 12.038241 4.429846  0.146307 -0.950616 -0.273720  0.176592 0.415919 0
0  -2.220764 12.470534 3.323609  0.146307 -0.950616 -0.273720  0.175500 0.413194 0
0  -1.529690 12.470534 3.692996  0.146307 -0.950616 -0.273720  0.171436 0.411916 0
c_invasion_wrangler_laser
0  -2.220764 12.470534 3.323609  0.471397 0.000000 -0.881921  0.175500 0.413194 0
0  -2.220764 13.869463 3.323609  0.471397 0.000000 -0.881921  0.177981 0.411564 0
0  -1.529690 13.869463 3.692996  0.471397 0.000000 -0.881921  0.178514 0.407391 0
c_invasion_wrangler_laser
0  -2.220764 13.869463 3.323609  0.146306 0.950616 -0.273721  0.177981 0.411564 0
0  -2.959928 14.301756 4.429846  0.146306 0.950616 -0.273721  0.180133 0.413296 0
0  -2.038835 14.301756 4.922180  0.146306 0.950616 -0.273721  0.184394 0.412994 0
c_invasion_wrangler_laser
0  -2.959928 14.301756 4.429846  -0.382003 0.585927 0.714677  0.180133 0.413296 0
0  -3.416756 13.169998 5.113539  -0.382003 0.585927 0.714677  0.179077 0.415533 0
0  -2.353505 13.169998 5.681859  -0.382003 0.585927 0.714677  0.181266 0.419346 0
c_invasion_wrangler_laser
0  -2.353505 13.169998 5.681859  -0.235236 -0.585928 0.775469  0.181266 0.419346 0
0  -2.038835 12.038241 4.922180  -0.235236 -0.585928 0.775469  0.174194 0.419461 0
0  -1.039389 12.038241 5.225359  -0.235236 -0.585928 0.775469  0.166516 0.429000 0
c_invasion_wrangler_laser
0  -2.038835 12.038241 4.922180  0.090096 -0.950616 -0.297004  0.174194 0.419461 0
0  -1.529690 12.470534 3.692996  0.090096 -0.950616 -0.297004  0.171436 0.411916 0
0  -0.779829 12.470534 3.920463  0.090096 -0.950616 -0.297004  0.160759 0.407860 0
c_invasion_wrangler_laser
0  -1.529690 12.470534 3.692996  0.290284 0.000000 -0.956941  0.171436 0.411916 0
0  -1.529690 13.869463 3.692996  0.290284 0.000000 -0.956941  0.178514 0.407391 0
0  -0.779829 13.869463 3.920463  0.290284 0.000000 -0.956941  0.180535 0.396328 0
c_invasion_wrangler_laser
0  -1.529690 13.869463 3.692996  0.090095 0.950616 -0.297005  0.178514 0.407391 0
0  -2.038835 14.301756 4.922180  0.090095 0.950616 -0.297005  0.184394 0.412994 0
0  -1.039389 14.301756 5.225359  0.090095 0.950616 -0.297005  0.197530 0.412390 0
c_invasion_wrangler_laser
0  -2.038835 14.301756 4.922180  -0.235237 0.585928 0.775469  0.184394 0.412994 0
0  -2.353505 13.169998 5.681859  -0.235237 0.585928 0.775469  0.181266 0.419346 0
0  -1.199806 13.169998 6.031829  -0.235237 0.585928 0.775469  0.186945 0.431304 0
c_invasion_wrangler_laser
0  -1.199806 13.169998 6.031829  -0.079430 -0.585928 0.806461  0.186945 0.431304 0
0  -1.039389 12.038241 5.225359  -0.079430 -0.585928 0.806461  0.166516 0.429000 0
0  0.000000 12.038241 5.327730  -0.079430 -0.585928 0.806461  0.131059 0.470652 0
c_invasion_wrangler_laser
0  -1.039389 12.038241 5.225359  0.030421 -0.950616 -0.308874  0.166516 0.429000 0
0  -0.779829 12.470534 3.920463  0.030421 -0.950616 -0.308874  0.160759 0.407860 0
0  0.000000 12.470534 3.997270  0.030421 -0.950616 -0.308874  0.130580 0.394003 0
c_invasion_wrangler_laser
0  -0.779829 12.470534 3.920463  0.098017 0.000000 -0.995185  0.160759 0.407860 0
0  -0.779829 13.869463 3.920463  0.098017 0.000000 -0.995185  0.180535 0.396328 0
0  0.000000 13.869463 3.997270  0.098017 0.000000 -0.995185  0.185565 0.368364 0
c_invasion_wrangler_laser
0  -0.779829 13.869463 3.920463  0.030421 0.950616 -0.308875  0.180535 0.396328 0
0  -1.039389 14.301756 5.225359  0.030421 0.950616 -0.308875  0.197530 0.412390 0
0  0.000000 14.301756 5.327730  0.030421 0.950616 -0.308875  0.229853 0.406715 0
c_invasion_wrangler_laser
0  -1.039389 14.301756 5.225359  -0.079429 0.585929 0.806460  0.197530 0.412390 0
0  -1.199806 13.169998 6.031829  -0.079429 0.585929 0.806460  0.186945 0.431304 0
0  0.000000 13.169998 6.150000  -0.079429 0.585929 0.806460  0.213751 0.470652 0
c_invasion_wrangler_laser
0  0.000000 13.169998 -6.150000  -0.079428 -0.585928 -0.806461  0.177762 0.413738 0
0  0.000000 12.038240 -5.327730  -0.079428 -0.585928 -0.806461  0.177762 0.413738 0
0  -1.039387 12.038240 -5.225360  -0.079428 -0.585928 -0.806461  0.177762 0.413738 0
c_invasion_wrangler_laser
0  0.000000 12.038240 -5.327730  0.030422 -0.950616 0.308874  0.177762 0.413738 0
0  0.000000 12.470533 -3.997270  0.030422 -0.950616 0.308874  0.177762 0.413738 0
0  -0.779827 12.470533 -3.920464  0.030422 -0.950616 0.308874  0.177762 0.413738 0
c_invasion_wrangler_laser
0  0.000000 12.470533 -3.997270  0.098017 0.000000 0.995185  0.177762 0.413738 0
0  0.000000 13.869462 -3.997270  0.098017 0.000000 0.995185  0.177762 0.413738 0
0  -0.779827 13.869462 -3.920464  0.098017 0.000000 0.995185  0.177762 0.413738 0
c_invasion_wrangler_laser
0  0.000000 13.869462 -3.997270  0.030421 0.950616 0.308874  0.177762 0.413738 0
0  0.000000 14.301755 -5.327730  0.030421 0.950616 0.308874  0.177762 0.413738 0
0  -1.039387 14.301755 -5.225360  0.030421 0.950616 0.308874  0.177762 0.413738 0
c_invasion_wrangler_laser
0  0.000000 14.301755 -5.327730  -0.079429 0.585928 -0.806461  0.177762 0.413738 0
0  0.000000 13.169998 -6.150000  -0.079429 0.585928 -0.806461  0.177762 0.413738 0
0  -1.199804 13.169998 -6.031830  -0.079429 0.585928 -0.806461  0.177762 0.413738 0
c_invasion_wrangler_laser
0  -1.199804 13.169998 -6.031830  -0.235237 -0.585928 -0.775469  0.177762 0.413738 0
0  -1.039387 12.038240 -5.225360  -0.235237 -0.585928 -0.775469  0.177762 0.413738 0
0  -2.038835 12.038240 -4.922180  -0.235237 -0.585928 -0.775469  0.177762 0.413738 0
c_invasion_wrangler_laser
0  -1.039387 12.038240 -5.225360  0.090095 -0.950617 0.297004  0.177762 0.413738 0
0  -0.779827 12.470533 -3.920464  0.090095 -0.950617 0.297004  0.177762 0.413738 0
0  -1.529690 12.470533 -3.692996  0.090095 -0.950617 0.297004  0.177762 0.413738 0
c_invasion_wrangler_laser
0  -0.779827 12.470533 -3.920464  0.290285 0.000000 0.956940  0.177762 0.413738 0
0  -0.779827 13.869462 -3.920464  0.290285 0.000000 0.956940  0.177762 0.413738 0
0  -1.529690 13.869462 -3.692996  0.290285 0.000000 0.956940  0.177762 0.413738 0
c_invasion_wrangler_laser
0  -0.779827 13.869462 -3.920464  0.090095 0.950617 0.297003  0.177762 0.413738 0
0  -1.039387 14.301755 -5.225360  0.090095 0.950617 0.297003  0.177762 0.413738 0
0  -2.038835 14.301755 -4.922180  0.090095 0.950617 0.297003  0.177762 0.413738 0
c_invasion_wrangler_laser
0  -1.039387 14.301755 -5.225360  -0.235236 0.585928 -0.775469  0.177762 0.413738 0
0  -1.199804 13.169998 -6.031830  -0.235236 0.585928 -0.775469  0.177762 0.413738 0
0  -2.353505 13.169998 -5.681859  -0.235236 0.585928 -0.775469  0.177762 0.413738 0
c_invasion_wrangler_laser
0  -2.353505 13.169998 -5.681859  -0.382002 -0.585928 -0.714676  0.177762 0.413738 0
0  -2.038835 12.038240 -4.922180  -0.382002 -0.585928 -0.714676  0.177762 0.413738 0
0  -2.959928 12.038240 -4.429846  -0.382002 -0.585928 -0.714676  0.177762 0.413738 0
c_invasion_wrangler_laser
0  -2.038835 12.038240 -4.922180  0.146307 -0.950616 0.273721  0.177762 0.413738 0
0  -1.529690 12.470533 -3.692996  0.146307 -0.950616 0.273721  0.177762 0.413738 0
0  -2.220764 12.470533 -3.323609  0.146307 -0.950616 0.273721  0.177762 0.413738 0
c_invasion_wrangler_laser
0  -1.529690 12.470533 -3.692996  0.471397 0.000000 0.881921  0.177762 0.413738 0
0  -1.529690 13.869462 -3.692996  0.471397 0.000000 0.881921  0.177762 0.413738 0
0  -2.220764 13.869462 -3.323609  0.471397 0.000000 0.881921  0.177762 0.413738 0
c_invasion_wrangler_laser
0  -1.529690 13.869462 -3.692996  0.146307 0.950616 0.273721  0.177762 0.413738 0
0  -2.038835 14.301755 -4.922180  0.146307 0.950616 0.273721  0.177762 0.413738 0
0  -2.959928 14.301755 -4.429846  0.146307 0.950616 0.273721  0.177762 0.413738 0
c_invasion_wrangler_laser
0  -2.038835 14.301755 -4.922180  -0.382002 0.585928 -0.714676  0.177762 0.413738 0
0  -2.353505 13.169998 -5.681859  -0.382002 0.585928 -0.714676  0.177762 0.413738 0
0  -3.416756 13.169998 -5.113539  -0.382002 0.585928 -0.714676  0.177762 0.413738 0
c_invasion_wrangler_laser
0  -3.416756 13.169998 -5.113539  -0.514088 -0.585929 -0.626419  0.177762 0.413738 0
0  -2.959928 12.038240 -4.429846  -0.514088 -0.585929 -0.626419  0.177762 0.413738 0
0  -3.767272 12.038240 -3.767276  -0.514088 -0.585929 -0.626419  0.177762 0.413738 0
c_invasion_wrangler_laser
0  -2.959928 12.038240 -4.429846  0.196896 -0.950616 0.239918  0.177762 0.413738 0
0  -2.220764 12.470533 -3.323609  0.196896 -0.950616 0.239918  0.177762 0.413738 0
0  -2.826495 12.470533 -2.826498  0.196896 -0.950616 0.239918  0.177762 0.413738 0
c_invasion_wrangler_laser
0  -2.220764 12.470533 -3.323609  0.634393 0.000000 0.773010  0.177762 0.413738 0
0  -2.220764 13.869462 -3.323609  0.634393 0.000000 0.773010  0.177762 0.413738 0
0  -2.826495 13.869462 -2.826498  0.634393 0.000000 0.773010  0.177762 0.413738 0
c_invasion_wrangler_laser
0  -2.220764 13.869462 -3.323609  0.196896 0.950616 0.239918  0.177762 0.413738 0
0  -2.959928 14.301755 -4.429846  0.196896 0.950616 0.239918  0.177762 0.413738 0
0  -3.767272 14.301755 -3.767276  0.196896 0.950616 0.239918  0.177762 0.413738 0
c_invasion_wrangler_laser
0  -2.959928 14.301755 -4.429846  -0.514088 0.585928 -0.626419  0.177762 0.413738 0
0  -3.416756 13.169998 -5.113539  -0.514088 0.585928 -0.626419  0.177762 0.413738 0
0  -4.348704 13.169998 -4.348709  -0.514088 0.585928 -0.626419  0.177762 0.413738 0
c_invasion_wrangler_laser
0  -4.348704 13.169998 -4.348709  -0.626419 -0.585928 -0.514089  0.177762 0.413738 0
0  -3.767272 12.038240 -3.767276  -0.626419 -0.585928 -0.514089  0.177762 0.413738 0
0  -4.429846 12.038240 -2.959928  -0.626419 -0.585928 -0.514089  0.177762 0.413738 0
c_invasion_wrangler_laser
0  -3.767272 12.038240 -3.767276  0.239918 -0.950616 0.196895  0.177762 0.413738 0
0  -2.826495 12.470533 -2.826498  0.239918 -0.950616 0.196895  0.177762 0.413738 0
0  -3.323608 12.470533 -2.220764  0.239918 -0.950616 0.196895  0.177762 0.413738 0
c_invasion_wrangler_laser
0  -2.826495 12.470533 -2.826498  0.773010 0.000000 0.634393  0.177762 0.413738 0
0  -2.826495 13.869462 -2.826498  0.773010 0.000000 0.634393  0.177762 0.413738 0
0  -3.323608 13.869463 -2.220764  0.773010 0.000000 0.634393  0.177762 0.413737 0
c_invasion_wrangler_laser
0  -2.826495 13.869462 -2.826498  0.239918 0.950616 0.196895  0.177762 0.413738 0
0  -3.767272 14.301755 -3.767276  0.239918 0.950616 0.196895  0.177762 0.413738 0
0  -4.429846 14.301755 -2.959928  0.239918 0.950616 0.196895  0.177763 0.413738 0
c_invasion_wrangler_laser
0  -3.767272 14.301755 -3.767276  -0.626419 0.585928 -0.514089  0.177762 0.413738 0
0  -4.348704 13.169998 -4.348709  -0.626419 0.585928 -0.514089  0.177762 0.413738 0
0  -5.113538 13.169998 -3.416757  -0.626419 0.585928 -0.514089  0.177762 0.413738 0
c_invasion_wrangler_laser
0  -5.113538 13.169998 -3.416757  -0.714676 -0.585929 -0.382002  0.177762 0.413738 0
0  -4.429846 12.038240 -2.959928  -0.714676 -0.585929 -0.382002  0.177762 0.413738 0
0  -4.922180 12.038240 -2.038836  -0.714676 -0.585929 -0.382002  0.177762 0.413739 0
c_invasion_wrangler_laser
0  -4.429846 12.038240 -2.959928  0.273721 -0.950616 0.146307  0.177762 0.413738 0
0  -3.323608 12.470533 -2.220764  0.273721 -0.950616 0.146307  0.177762 0.413738 0
0  -3.692995 12.470533 -1.529691  0.273721 -0.950616 0.146307  0.177761 0.413738 0
c_invasion_wrangler_laser
0  -3.323608 12.470533 -2.220764  0.881921 0.000000 0.471397  0.177762 0.413738 0
0  -3.323608 13.869463 -2.220764  0.881921 0.000000 0.471397  0.177762 0.413737 0
0  -3.692995 13.869463 -1.529691  0.881921 0.000000 0.471397  0.177762 0.413736 0
c_invasion_wrangler_laser
0  -3.323608 13.869463 -2.220764  0.273720 0.950616 0.146307  0.177762 0.413737 0
0  -4.429846 14.301755 -2.959928  0.273720 0.950616 0.146307  0.177763 0.413738 0
0  -4.922180 14.301755 -2.038836  0.273720 0.950616 0.146307  0.177763 0.413738 0
c_invasion_wrangler_laser
0  -4.429846 14.301755 -2.959928  -0.714676 0.585929 -0.382003  0.177763 0.413738 0
0  -5.113538 13.169998 -3.416757  -0.714676 0.585929 -0.382003  0.177762 0.413738 0
0  -5.681859 13.169998 -2.353505  -0.714676 0.585929 -0.382003  0.177763 0.413739 0
c_invasion_wrangler_laser
0  -5.681859 13.169998 -2.353505  -0.775469 -0.585928 -0.235236  0.177763 0.413739 0
0  -4.922180 12.038240 -2.038836  -0.775469 -0.585928 -0.235236  0.177762 0.413739 0
0  -5.225359 12.038240 -1.039388  -0.775469 -0.585928 -0.235236  0.177761 0.413742 0
c_invasion_wrangler_laser
0  -4.922180 12.038240 -2.038836  0.297004 -0.950616 0.090095  0.177762 0.413739 0
0  -3.692995 12.470533 -1.529691  0.297004 -0.950616 0.090095  0.177761 0.413738 0
0  -3.920464 12.470533 -0.779828  0.297004 -0.950616 0.090095  0.177758 0.413738 0
c_invasion_wrangler_laser
0  -3.692995 12.470533 -1.529691  0.956940 0.000000 0.290285  0.177761 0.413738 0
0  -3.692995 13.869463 -1.529691  0.956940 0.000000 0.290285  0.177762 0.413736 0
0  -3.920464 13.869463 -0.779828  0.956940 0.000000 0.290285  0.177762 0.413734 0
c_invasion_wrangler_laser
0  -3.692995 13.869463 -1.529691  0.297004 0.950616 0.090096  0.177762 0.413736 0
0  -4.922180 14.301755 -2.038836  0.297004 0.950616 0.090096  0.177763 0.413738 0
0  -5.225359 14.301755 -1.039388  0.297004 0.950616 0.090096  0.177766 0.413737 0
c_invasion_wrangler_laser
0  -4.922180 14.301755 -2.038836  -0.775469 0.585928 -0.235236  0.177763 0.413738 0
0  -5.681859 13.169998 -2.353505  -0.775469 0.585928 -0.235236  0.177763 0.413739 0
0  -6.031830 13.169998 -1.199805  -0.775469 0.585928 -0.235236  0.177765 0.413741 0
c_invasion_wrangler_laser
0  -6.031830 13.169998 -1.199805  -0.806461 -0.585928 -0.079430  0.177765 0.413741 0
0  -5.225359 12.038240 -1.039388  -0.806461 -0.585928 -0.079430  0.177761 0.413742 0
0  -5.327730 12.038240 0.000000  -0.806461 -0.585928 -0.079430  0.177758 0.413748 0
c_invasion_wrangler_laser
0  -5.225359 12.038240 -1.039388  0.308874 -0.950616 0.030422  0.177761 0.413742 0
0  -3.920464 12.470533 -0.779828  0.308874 -0.950616 0.030422  0.177758 0.413738 0
0  -3.997270 12.470533 0.000000  0.308874 -0.950616 0.030422  0.177751 0.413737 0
c_invasion_wrangler_laser
0  -3.920464 12.470533 -0.779828  0.995185 0.000000 0.098017  0.177758 0.413738 0
0  -3.920464 13.869463 -0.779828  0.995185 0.000000 0.098017  0.177762 0.413734 0
0  -3.997270 13.869463 -0.000000  0.995185 0.000000 0.098017  0.177762 0.413726 0
c_invasion_wrangler_laser
0  -3.920464 13.869463 -0.779828  0.308874 0.950616 0.030420  0.177762 0.413734 0
0  -5.225359 14.301755 -1.039388  0.308874 0.950616 0.030420  0.177766 0.413737 0
0  -5.327730 14.301756 -0.000000  0.308874 0.950616 0.030420  0.177773 0.413735 0
c_invasion_wrangler_laser
0  -5.225359 14.301755 -1.039388  -0.806461 0.585928 -0.079429  0.177766 0.413737 0
0  -6.031830 13.169998 -1.199805  -0.806461 0.585928 -0.079429  0.177765 0.413741 0
0  -6.150000 13.169998 0.000000  -0.806461 0.585928 -0.079429  0.177770 0.413747 0
gold_player
0  0.000000 -9.990002 -3.310000  -0.705398 0.069476 -0.705398  0.000000 0.000000 0
0  -0.320000 -9.990002 -2.990000  -0.705398 0.069476 -0.705398  0.000000 0.000000 0
0  -0.320000 -9.406681 -2.932548  -0.705398 0.069476 -0.705398  0.000000 0.000000 0
gold_player
0  -0.320000 -9.990002 -2.990000  -0.705398 -0.069476 0.705399  0.000000 0.000000 0
0  0.000000 -9.990002 -2.670000  -0.705398 -0.069476 0.705399  0.000000 0.000000 0
0  0.000000 -9.469110 -2.618696  -0.705398 -0.069476 0.705399  0.000000 0.000000 0
gold_player
0  0.000000 -9.344253 -3.246399  -0.705398 0.205757 -0.678291  0.000000 0.000000 0
0  -0.320000 -9.406681 -2.932548  -0.705398 0.205757 -0.678291  0.000000 0.000000 0
0  -0.320000 -8.845778 -2.762400  -0.705398 0.205757 -0.678291  0.000000 0.000000 0
gold_player
0  -0.320000 -9.406681 -2.932548  -0.705398 -0.205757 0.678291  0.000000 0.000000 0
0  0.000000 -9.469110 -2.618696  -0.705398 -0.205757 0.678291  0.000000 0.000000 0
0  0.000000 -8.968237 -2.466758  -0.705398 -0.205757 0.678291  0.000000 0.000000 0
gold_player
0  0.000000 -8.723320 -3.058041  -0.705397 0.334131 -0.625117  0.000000 0.000000 0
0  -0.320000 -8.845778 -2.762400  -0.705397 0.334131 -0.625117  0.000000 0.000000 0
0  -0.320000 -8.328847 -2.486094  -0.705397 0.334131 -0.625117  0.000000 0.000000 0
gold_player
0  -0.320000 -8.845778 -2.762400  -0.705399 -0.334132 0.625115  0.000000 0.000000 0
0  0.000000 -8.968237 -2.466758  -0.705399 -0.334132 0.625115  0.000000 0.000000 0
0  0.000000 -8.506629 -2.220024  -0.705399 -0.334132 0.625115  0.000000 0.000000 0
gold_player
0  0.000000 -8.151064 -2.752164  -0.705399 0.449665 -0.547917  0.000000 0.000000 0
0  -0.320000 -8.328847 -2.486094  -0.705399 0.449665 -0.547917  0.000000 0.000000 0
0  -0.320000 -7.875752 -2.114249  -0.705399 0.449665 -0.547917  0.000000 0.000000 0
gold_player
0  -0.320000 -8.328847 -2.486094  -0.705398 -0.449666 0.547919  0.000000 0.000000 0
0  0.000000 -8.506629 -2.220024  -0.705398 -0.449666 0.547919  0.000000 0.000000 0
0  0.000000 -8.102027 -1.887975  -0.705398 -0.449666 0.547919  0.000000 0.000000 0
gold_player
0  0.000000 -7.649478 -2.340523  -0.705398 0.547918 -0.449665  0.000000 0.000000 0
0  -0.320000 -7.875752 -2.114249  -0.705398 0.547918 -0.449665  0.000000 0.000000 0
0  -0.320000 -7.503907 -1.661155  -0.705398 0.547918 -0.449665  0.000000 0.000000 0
gold_player
0  -0.320000 -7.875752 -2.114249  -0.705398 -0.547918 0.449666  0.000000 0.000000 0
0  0.000000 -8.102027 -1.887975  -0.705398 -0.547918 0.449666  0.000000 0.000000 0
0  0.000000 -7.769978 -1.483372  -0.705398 -0.547918 0.449666  0.000000 0.000000 0
gold_player
0  0.000000 -7.237837 -1.838937  -0.705398 0.625115 -0.334133  0.000000 0.000000 0
0  -0.320000 -7.503907 -1.661155  -0.705398 0.625115 -0.334133  0.000000 0.000000 0
0  -0.320000 -7.227602 -1.144224  -0.705398 0.625115 -0.334133  0.000000 0.000000 0
gold_player
0  -0.320000 -7.503907 -1.661155  -0.705398 -0.625116 0.334131  0.000000 0.000000 0
0  0.000000 -7.769978 -1.483372  -0.705398 -0.625116 0.334131  0.000000 0.000000 0
0  0.000000 -7.523244 -1.021765  -0.705398 -0.625116 0.334131  0.000000 0.000000 0
gold_player
0  0.000000 -6.931961 -1.266683  -0.705398 0.678291 -0.205757  0.000000 0.000000 0
0  -0.320000 -7.227602 -1.144224  -0.705398 0.678291 -0.205757  0.000000 0.000000 0
0  -0.320000 -7.057454 -0.583320  -0.705398 0.678291 -0.205757  0.000000 0.000000 0
gold_player
0  -0.320000 -7.227602 -1.144224  -0.705399 -0.678290 0.205757  0.000000 0.000000 0
0  0.000000 -7.523244 -1.021765  -0.705399 -0.678290 0.205757  0.000000 0.000000 0
0  0.000000 -7.371305 -0.520892  -0.705399 -0.678290 0.205757  0.000000 0.000000 0
gold_player
0  0.000000 -6.743603 -0.645749  -0.705398 0.705398 -0.069475  0.000000 0.000000 0
0  -0.320000 -7.057454 -0.583320  -0.705398 0.705398 -0.069475  0.000000 0.000000 0
0  -0.320000 -7.000002 -0.000000  -0.705398 0.705398 -0.069475  0.000000 0.000000 0
gold_player
0  -0.320000 -7.057454 -0.583320  -0.705398 -0.705398 0.069477  0.000000 0.000000 0
0  0.000000 -7.371305 -0.520892  -0.705398 -0.705398 0.069477  0.000000 0.000000 0
0  0.000000 -7.320002 -0.000000  -0.705398 -0.705398 0.069477  0.000000 0.000000 0
gold_player
0  0.000000 -6.680002 -0.000000  -0.705398 0.705398 0.069477  0.000000 0.000000 0
0  -0.320000 -7.000002 -0.000000  -0.705398 0.705398 0.069477  0.000000 0.000000 0
0  -0.320000 -7.057454 0.583320  -0.705398 0.705398 0.069477  0.000000 0.000000 0
gold_player
0  -0.320000 -7.000002 -0.000000  -0.705398 -0.705398 -0.069476  0.000000 0.000000 0
0  0.000000 -7.320002 -0.000000  -0.705398 -0.705398 -0.069476  0.000000 0.000000 0
0  0.000000 -7.371305 0.520891  -0.705398 -0.705398 -0.069476  0.000000 0.000000 0
gold_player
0  0.000000 -6.743603 0.645749  -0.705398 0.678290 0.205756  0.000000 0.000000 0
0  -0.320000 -7.057454 0.583320  -0.705398 0.678290 0.205756  0.000000 0.000000 0
0  -0.320000 -7.227602 1.144224  -0.705398 0.678290 0.205756  0.000000 0.000000 0
gold_player
0  -0.320000 -7.057454 0.583320  -0.705398 -0.678290 -0.205757  0.000000 0.000000 0
0  0.000000 -7.371305 0.520891  -0.705398 -0.678290 -0.205757  0.000000 0.000000 0
0  0.000000 -7.523244 1.021765  -0.705398 -0.678290 -0.205757  0.000000 0.000000 0
gold_player
0  0.000000 -6.931961 1.266682  -0.705398 0.625116 0.334133  0.000000 0.000000 0
0  -0.320000 -7.227602 1.144224  -0.705398 0.625116 0.334133  0.000000 0.000000 0
0  -0.320000 -7.503907 1.661154  -0.705398 0.625116 0.334133  0.000000 0.000000 0
gold_player
0  -0.320000 -7.227602 1.144224  -0.705399 -0.625115 -0.334131  0.000000 0.000000 0
0  0.000000 -7.523244 1.021765  -0.705399 -0.625115 -0.334131  0.000000 0.000000 0
0  0.000000 -7.769978 1.483372  -0.705399 -0.625115 -0.334131  0.000000 0.000000 0
gold_player
0  0.000000 -7.237837 1.838936  -0.705398 0.547918 0.449666  0.000000 0.000000 0
0  -0.320000 -7.503907 1.661154  -0.705398 0.547918 0.449666  0.000000 0.000000 0
0  -0.320000 -7.875753 2.114250  -0.705398 0.547918 0.449666  0.000000 0.000000 0
gold_player
0  -0.320000 -7.503907 1.661154  -0.705399 -0.547919 -0.449664  0.000000 0.000000 0
0  0.000000 -7.769978 1.483372  -0.705399 -0.547919 -0.449664  0.000000 0.000000 0
0  0.000000 -8.102027 1.887975  -0.705399 -0.547919 -0.449664  0.000000 0.000000 0
gold_player
0  0.000000 -7.649479 2.340524  -0.705398 0.449666 0.547918  0.000000 0.000000 0
0  -0.320000 -7.875753 2.114250  -0.705398 0.449666 0.547918  0.000000 0.000000 0
0  -0.320000 -8.328846 2.486094  -0.705398 0.449666 0.547918  0.000000 0.000000 0
gold_player
0  -0.320000 -7.875753 2.114250  -0.705399 -0.449665 -0.547918  0.000000 0.000000 0
0  0.000000 -8.102027 1.887975  -0.705399 -0.449665 -0.547918  0.000000 0.000000 0
0  0.000000 -8.506629 2.220024  -0.705399 -0.449665 -0.547918  0.000000 0.000000 0
gold_player
0  0.000000 -8.151064 2.752164  -0.705399 0.334131 0.625115  0.000000 0.000000 0
0  -0.320000 -8.328846 2.486094  -0.705399 0.334131 0.625115  0.000000 0.000000 0
0  -0.320000 -8.845778 2.762399  -0.705399 0.334131 0.625115  0.000000 0.000000 0
gold_player
0  -0.320000 -8.328846 2.486094  -0.705399 -0.334131 -0.625115  0.000000 0.000000 0
0  0.000000 -8.506629 2.220024  -0.705399 -0.334131 -0.625115  0.000000 0.000000 0
0  0.000000 -8.968237 2.466758  -0.705399 -0.334131 -0.625115  0.000000 0.000000 0
gold_player
0  0.000000 -8.723319 3.058041  -0.705399 0.205757 0.678289  0.000000 0.000000 0
0  -0.320000 -8.845778 2.762399  -0.705399 0.205757 0.678289  0.000000 0.000000 0
0  -0.320000 -9.406682 2.932548  -0.705399 0.205757 0.678289  0.000000 0.000000 0
gold_player
0  -0.320000 -8.845778 2.762399  -0.705397 -0.205757 -0.678291  0.000000 0.000000 0
0  0.000000 -8.968237 2.466758  -0.705397 -0.205757 -0.678291  0.000000 0.000000 0
0  0.000000 -9.469110 2.618697  -0.705397 -0.205757 -0.678291  0.000000 0.000000 0
gold_player
0  0.000000 -9.344253 3.246399  -0.705397 0.069475 0.705399  0.000000 0.000000 0
0  -0.320000 -9.406682 2.932548  -0.705397 0.069475 0.705399  0.000000 0.000000 0
0  -0.320000 -9.990002 2.990000  -0.705397 0.069475 0.705399  0.000000 0.000000 0
gold_player
0  -0.320000 -9.406682 2.932548  -0.705400 -0.069476 -0.705396  0.000000 0.000000 0
0  0.000000 -9.469110 2.618697  -0.705400 -0.069476 -0.705396  0.000000 0.000000 0
0  0.000000 -9.990002 2.670000  -0.705400 -0.069476 -0.705396  0.000000 0.000000 0
gold_player
0  0.000000 -9.990002 3.310000  -0.705398 -0.069475 0.705398  0.000000 0.000000 0
0  -0.320000 -9.990002 2.990000  -0.705398 -0.069475 0.705398  0.000000 0.000000 0
0  -0.320000 -10.573321 2.932548  -0.705398 -0.069475 0.705398  0.000000 0.000000 0
gold_player
0  -0.320000 -9.990002 2.990000  -0.705398 0.069475 -0.705398  0.000000 0.000000 0
0  0.000000 -9.990002 2.670000  -0.705398 0.069475 -0.705398  0.000000 0.000000 0
0  0.000000 -10.510893 2.618697  -0.705398 0.069475 -0.705398  0.000000 0.000000 0
gold_player
0  0.000000 -10.635751 3.246399  -0.705399 -0.205756 0.678289  0.000000 0.000000 0
0  -0.320000 -10.573321 2.932548  -0.705399 -0.205756 0.678289  0.000000 0.000000 0
0  -0.320000 -11.134224 2.762400  -0.705399 -0.205756 0.678289  0.000000 0.000000 0
gold_player
0  -0.320000 -10.573321 2.932548  -0.705398 0.205757 -0.678290  0.000000 0.000000 0
0  0.000000 -10.510893 2.618697  -0.705398 0.205757 -0.678290  0.000000 0.000000 0
0  0.000000 -11.011765 2.466758  -0.705398 0.205757 -0.678290  0.000000 0.000000 0
gold_player
0  0.000000 -11.256682 3.058042  -0.705398 -0.334131 0.625116  0.000000 0.000000 0
0  -0.320000 -11.134224 2.762400  -0.705398 -0.334131 0.625116  0.000000 0.000000 0
0  -0.320000 -11.651157 2.486094  -0.705398 -0.334131 0.625116  0.000000 0.000000 0
gold_player
0  -0.320000 -11.134224 2.762400  -0.705398 0.334131 -0.625117  0.000000 0.000000 0
0  0.000000 -11.011765 2.466758  -0.705398 0.334131 -0.625117  0.000000 0.000000 0
0  0.000000 -11.473374 2.220024  -0.705398 0.334131 -0.625117  0.000000 0.000000 0
gold_player
0  0.000000 -11.828939 2.752164  -0.705397 -0.449666 0.547919  0.000000 0.000000 0
0  -0.320000 -11.651157 2.486094  -0.705397 -0.449666 0.547919  0.000000 0.000000 0
0  -0.320000 -12.104250 2.114250  -0.705397 -0.449666 0.547919  0.000000 0.000000 0
gold_player
0  -0.320000 -11.651157 2.486094  -0.705399 0.449664 -0.547918  0.000000 0.000000 0
0  0.000000 -11.473374 2.220024  -0.705399 0.449664 -0.547918  0.000000 0.000000 0
0  0.000000 -11.877976 1.887975  -0.705399 0.449664 -0.547918  0.000000 0.000000 0
gold_player
0  0.000000 -12.330524 2.340524  -0.705398 -0.547918 0.449665  0.000000 0.000000 0
0  -0.320000 -12.104250 2.114250  -0.705398 -0.547918 0.449665  0.000000 0.000000 0
0  -0.320000 -12.476094 1.661157  -0.705398 -0.547918 0.449665  0.000000 0.000000 0
gold_player
0  -0.320000 -12.104250 2.114250  -0.705398 0.547919 -0.449665  0.000000 0.000000 0
0  0.000000 -11.877976 1.887975  -0.705398 0.547919 -0.449665  0.000000 0.000000 0
0  0.000000 -12.210024 1.483374  -0.705398 0.547919 -0.449665  0.000000 0.000000 0
gold_player
0  0.000000 -12.742165 1.838939  -0.705398 -0.625114 0.334135  0.000000 0.000000 0
0  -0.320000 -12.476094 1.661157  -0.705398 -0.625114 0.334135  0.000000 0.000000 0
0  -0.320000 -12.752401 1.144224  -0.705398 -0.625114 0.334135  0.000000 0.000000 0
gold_player
0  -0.320000 -12.476094 1.661157  -0.705399 0.625115 -0.334131  0.000000 0.000000 0
0  0.000000 -12.210024 1.483374  -0.705399 0.625115 -0.334131  0.000000 0.000000 0
0  0.000000 -12.456759 1.021765  -0.705399 0.625115 -0.334131  0.000000 0.000000 0
gold_player
0  0.000000 -13.048042 1.266682  -0.705398 -0.678290 0.205758  0.000000 0.000000 0
0  -0.320000 -12.752401 1.144224  -0.705398 -0.678290 0.205758  0.000000 0.000000 0
0  -0.320000 -12.922549 0.583321  -0.705398 -0.678290 0.205758  0.000000 0.000000 0
gold_player
0  -0.320000 -12.752401 1.144224  -0.705398 0.678289 -0.205761  0.000000 0.000000 0
0  0.000000 -12.456759 1.021765  -0.705398 0.678289 -0.205761  0.000000 0.000000 0
0  0.000000 -12.608698 0.520892  -0.705398 0.678289 -0.205761  0.000000 0.000000 0
gold_player
0  0.000000 -13.236401 0.645750  -0.705398 -0.705398 0.069474  0.000000 0.000000 0
0  -0.320000 -12.922549 0.583321  -0.705398 -0.705398 0.069474  0.000000 0.000000 0
0  -0.320000 -12.980001 -0.000000  -0.705398 -0.705398 0.069474  0.000000 0.000000 0
gold_player
0  -0.320000 -12.922549 0.583321  -0.705398 0.705398 -0.069477  0.000000 0.000000 0
0  0.000000 -12.608698 0.520892  -0.705398 0.705398 -0.069477  0.000000 0.000000 0
0  0.000000 -12.660002 -0.000000  -0.705398 0.705398 -0.069477  0.000000 0.000000 0
gold_player
0  0.000000 -13.300001 -0.000000  -0.705398 -0.705398 -0.069476  0.000000 0.000000 0
0  -0.320000 -12.980001 -0.000000  -0.705398 -0.705398 -0.069476  0.000000 0.000000 0
0  -0.320000 -12.922550 -0.583319  -0.705398 -0.705398 -0.069476  0.000000 0.000000 0
gold_player
0  -0.320000 -12.980001 -0.000000  -0.705398 0.705398 0.069478  0.000000 0.000000 0
0  0.000000 -12.660002 -0.000000  -0.705398 0.705398 0.069478  0.000000 0.000000 0
0  0.000000 -12.608698 -0.520890  -0.705398 0.705398 0.069478  0.000000 0.000000 0
gold_player
0  0.000000 -13.236401 -0.645748  -0.705397 -0.678291 -0.205758  0.000000 0.000000 0
0  -0.320000 -12.922550 -0.583319  -0.705397 -0.678291 -0.205758  0.000000 0.000000 0
0  -0.320000 -12.752401 -1.144224  -0.705397 -0.678291 -0.205758  0.000000 0.000000 0
gold_player
0  -0.320000 -12.922550 -0.583319  -0.705400 0.678290 0.205752  0.000000 0.000000 0
0  0.000000 -12.608698 -0.520890  -0.705400 0.678290 0.205752  0.000000 0.000000 0
0  0.000000 -12.456759 -1.021765  -0.705400 0.678290 0.205752  0.000000 0.000000 0
gold_player
0  0.000000 -13.048042 -1.266683  -0.705398 -0.625116 -0.334132  0.000000 0.000000 0
0  -0.320000 -12.752401 -1.144224  -0.705398 -0.625116 -0.334132  0.000000 0.000000 0
0  -0.320000 -12.476096 -1.661155  -0.705398 -0.625116 -0.334132  0.000000 0.000000 0
gold_player
0  -0.320000 -12.752401 -1.144224  -0.705399 0.625115 0.334130  0.000000 0.000000 0
0  0.000000 -12.456759 -1.021765  -0.705399 0.625115 0.334130  0.000000 0.000000 0
0  0.000000 -12.210026 -1.483372  -0.705399 0.625115 0.334130  0.000000 0.000000 0
gold_player
0  0.000000 -12.742167 -1.838937  -0.705398 -0.547918 -0.449665  0.000000 0.000000 0
0  -0.320000 -12.476096 -1.661155  -0.705398 -0.547918 -0.449665  0.000000 0.000000 0
0  -0.320000 -12.104252 -2.114248  -0.705398 -0.547918 -0.449665  0.000000 0.000000 0
gold_player
0  -0.320000 -12.476096 -1.661155  -0.705397 0.547918 0.449667  0.000000 0.000000 0
0  0.000000 -12.210026 -1.483372  -0.705397 0.547918 0.449667  0.000000 0.000000 0
0  0.000000 -11.877977 -1.887974  -0.705397 0.547918 0.449667  0.000000 0.000000 0
gold_player
0  0.000000 -12.330526 -2.340522  -0.705398 -0.449665 -0.547918  0.000000 0.000000 0
0  -0.320000 -12.104252 -2.114248  -0.705398 -0.449665 -0.547918  0.000000 0.000000 0
0  -0.320000 -11.651156 -2.486094  -0.705398 -0.449665 -0.547918  0.000000 0.000000 0
gold_player
0  -0.320000 -12.104252 -2.114248  -0.705397 0.449666 0.547919  0.000000 0.000000 0
0  0.000000 -11.877977 -1.887974  -0.705397 0.449666 0.547919  0.000000 0.000000 0
0  0.000000 -11.473374 -2.220024  -0.705397 0.449666 0.547919  0.000000 0.000000 0
gold_player
0  0.000000 -11.828939 -2.752164  -0.705399 -0.334132 -0.625115  0.000000 0.000000 0
0  -0.320000 -11.651156 -2.486094  -0.705399 -0.334132 -0.625115  0.000000 0.000000 0
0  -0.320000 -11.134226 -2.762399  -0.705399 -0.334132 -0.625115  0.000000 0.000000 0
gold_player
0  -0.320000 -11.651156 -2.486094  -0.705398 0.334132 0.625116  0.000000 0.000000 0
0  0.000000 -11.473374 -2.220024  -0.705398 0.334132 0.625116  0.000000 0.000000 0
0  0.000000 -11.011767 -2.466758  -0.705398 0.334132 0.625116  0.000000 0.000000 0
gold_player
0  0.000000 -11.256685 -3.058040  -0.705397 -0.205757 -0.678292  0.000000 0.000000 0
0  -0.320000 -11.134226 -2.762399  -0.705397 -0.205757 -0.678292  0.000000 0.000000 0
0  -0.320000 -10.573321 -2.932548  -0.705397 -0.205757 -0.678292  0.000000 0.000000 0
gold_player
0  -0.320000 -11.134226 -2.762399  -0.705399 0.205758 0.678289  0.000000 0.000000 0
0  0.000000 -11.011767 -2.466758  -0.705399 0.205758 0.678289  0.000000 0.000000 0
0  0.000000 -10.510893 -2.618697  -0.705399 0.205758 0.678289  0.000000 0.000000 0
gold_player
0  0.000000 -10.635750 -3.246399  -0.705397 -0.069476 -0.705399  0.000000 0.000000 0
0  -0.320000 -10.573321 -2.932548  -0.705397 -0.069476 -0.705399  0.000000 0.000000 0
0  -0.320000 -9.990002 -2.990000  -0.705397 -0.069476 -0.705399  0.000000 0.000000 0
gold_player
0  -0.320000 -10.573321 -2.932548  -0.705399 0.069476 0.705397  0.000000 0.000000 0
0  0.000000 -10.510893 -2.618697  -0.705399 0.069476 0.705397  0.000000 0.000000 0
0  0.000000 -9.990002 -2.670000  -0.705399 0.069476 0.705397  0.000000 0.000000 0
end
