version 1
nodes
0 "weapon_bone" -1
end
skeleton
time 0
0  0.000000 2.950481 0.026444  1.570794 -1.505234 1.570798
end
triangles
painted_wood_01
0  -3.387505 0.927347 2.875000  0.175604 0.983049 -0.052699  0.297985 0.540026 0
0  -1.637505 0.728646 5.000000  0.175605 0.983049 -0.052698  0.297985 0.540026 0
0  -2.512505 0.728646 2.875000  0.175608 0.983049 -0.052695  0.297985 0.540026 0
painted_wood_01
0  -1.637505 0.728646 5.000000  -0.049427 0.996514 -0.067200  0.297985 0.540026 0
0  -2.012505 0.878646 7.500000  -0.049426 0.996514 -0.067204  0.297985 0.540026 0
0  -0.714084 1.045015 6.790635  -0.049425 0.996514 -0.067210  0.297985 0.540026 0
gold_player
0  -3.259901 -1.708854 1.414583  0.649419 -0.755562 0.085913  0.297770 0.539834 0
0  -2.455214 -0.833854 3.027083  0.649419 -0.755562 0.085912  0.297770 0.539834 0
0  -3.075005 -1.425521 2.591667  0.649420 -0.755561 0.085914  0.297770 0.539834 0
painted_wood_01
0  -2.455214 -0.833854 3.027083  0.172594 -0.980967 0.088967  0.297985 0.540026 0
0  -1.637505 -0.771354 5.000000  0.173300 -0.980869 0.088669  0.297985 0.540026 0
0  -2.480859 -0.880315 5.013293  0.173283 -0.980872 0.088676  0.297985 0.540026 0
painted_wood_01
0  -1.637505 -0.771354 5.000000  0.036439 -0.997854 -0.054402  0.297985 0.540026 0
0  -2.012505 -0.921354 7.500000  0.036441 -0.997853 -0.054414  0.297985 0.540026 0
0  -2.480859 -0.880315 5.013293  0.036438 -0.997854 -0.054398  0.297985 0.540026 0
painted_wood_01
0  -2.512505 0.728646 2.875000  0.994931 0.042057 -0.091347  0.297985 0.540026 0
0  -2.455214 -0.833854 3.027083  0.994931 0.042055 -0.091346  0.297985 0.540026 0
0  -2.637505 -1.175521 1.483333  0.994931 0.042057 -0.091347  0.297985 0.540026 0
painted_wood_01
0  -2.012505 -0.021354 7.500000  -0.980958 -0.023330 0.192815  0.297985 0.540026 0
0  -2.480859 -0.880315 5.013293  -0.980957 -0.023329 0.192818  0.297985 0.540026 0
0  -2.012505 -0.921354 7.500000  -0.980958 -0.023330 0.192816  0.297985 0.540026 0
painted_wood_01
0  -2.512505 0.728646 2.875000  0.924264 -0.001658 -0.381750  0.297985 0.540026 0
0  -1.637505 -0.771354 5.000000  0.924264 -0.001658 -0.381750  0.297985 0.540026 0
0  -2.455214 -0.833854 3.027083  0.924264 -0.001658 -0.381750  0.297985 0.540026 0
painted_wood_01
0  -0.700005 -0.021354 7.187500  0.910195 -0.018294 -0.413777  0.297985 0.540026 0
0  -0.711255 -0.921354 6.950000  0.910198 -0.018293 -0.413769  0.297985 0.540026 0
0  -1.637505 -0.771354 5.000000  0.910195 -0.018294 -0.413776  0.297985 0.540026 0
painted_wood_01
0  -0.700005 -0.021354 7.187500  0.310879 -0.126285 0.942022  0.297985 0.540026 0
0  -2.012505 -0.921354 7.500000  0.310889 -0.126278 0.942020  0.297985 0.540026 0
0  -0.711255 -0.921354 6.950000  0.310883 -0.126282 0.942022  0.297985 0.540026 0
painted_wood_01
0  -0.714084 1.045015 6.790635  0.347515 0.187938 0.918647  0.297985 0.540026 0
0  -2.012505 -0.021354 7.500000  0.347532 0.187951 0.918638  0.297985 0.540026 0
0  -0.700005 -0.021354 7.187500  0.347539 0.187957 0.918634  0.297985 0.540026 0
painted_wood_01
0  -2.012505 0.878646 7.500000  -0.980956 0.023363 0.192821  0.297985 0.540026 0
0  -2.472947 -0.021354 5.266616  -0.980955 0.023364 0.192823  0.297985 0.540026 0
0  -2.012505 -0.021354 7.500000  -0.980955 0.023363 0.192823  0.297985 0.540026 0
painted_wood_01
0  -2.012505 0.878646 7.500000  -0.991571 0.114006 0.061557  0.297985 0.540026 0
0  -2.012505 -0.021354 9.166667  -0.991571 0.113999 0.061571  0.297985 0.540026 0
0  -1.793755 0.854167 9.402347  -0.991571 0.114004 0.061561  0.297985 0.540026 0
painted_wood_01
0  -2.012505 -0.921354 7.500000  0.991571 0.114002 -0.061564  0.297985 0.540026 0
0  -2.012505 -0.021354 9.166667  0.991571 0.114004 -0.061561  0.297985 0.540026 0
0  -1.793755 -0.896875 9.402347  0.991571 0.114004 -0.061561  0.297985 0.540026 0
painted_wood_01
0  -2.012505 -0.021354 7.500000  -0.805683 0.247806 -0.538021  0.297985 0.540026 0
0  -2.784818 0.618858 8.951455  -0.805691 0.247812 -0.538007  0.297985 0.540026 0
0  -2.012505 0.878646 7.500000  -0.805693 0.247814 -0.538003  0.297985 0.540026 0
painted_wood_01
0  -2.012505 -0.021354 7.500000  -0.807311 -0.254624 -0.532368  0.297985 0.540026 0
0  -2.784772 -0.624281 8.959509  -0.807307 -0.254622 -0.532374  0.297985 0.540026 0
0  -2.845839 -0.021354 8.333334  -0.807327 -0.254638 -0.532337  0.297985 0.540026 0
painted_wood_01
0  -2.845839 -0.021354 8.333334  -0.995223 0.000596 0.097631  0.297985 0.540026 0
0  -2.784772 -0.624281 8.959509  -0.995223 0.000596 0.097631  0.297985 0.540026 0
0  -2.784818 0.618858 8.951455  -0.995223 0.000596 0.097631  0.297985 0.540026 0
painted_wood_01
0  -2.784772 -0.624281 8.959509  -0.989943 0.001928 0.141455  0.297985 0.540026 0
0  -2.282129 -0.767092 12.246031  -0.989943 0.001928 0.141455  0.297985 0.540026 0
0  -2.784818 0.618858 8.951455  -0.989943 0.001927 0.141455  0.297985 0.540026 0
painted_wood_01
0  -0.512505 -0.021354 7.833333  0.085729 0.000316 0.996318  0.297985 0.540026 0
0  -0.000000 0.778795 7.916151  0.085732 0.000316 0.996318  0.297985 0.540026 0
0  -0.647666 0.958736 7.999691  0.085716 0.000316 0.996320  0.297985 0.540026 0
painted_wood_01
0  -0.711255 -0.921354 6.950000  0.986446 -0.074180 -0.146359  0.297985 0.540026 0
0  -0.512505 -0.021354 7.833333  0.986445 -0.074185 -0.146364  0.297985 0.540026 0
0  -0.635942 -0.896354 8.062500  0.986446 -0.074181 -0.146360  0.297985 0.540026 0
painted_wood_01
0  -0.700005 -0.021354 7.187500  0.989484 0.057247 -0.132835  0.297985 0.540026 0
0  -0.647666 0.958736 7.999691  0.989483 0.057237 -0.132843  0.297985 0.540026 0
0  -0.512505 -0.021354 7.833333  0.989483 0.057229 -0.132850  0.297985 0.540026 0
painted_wood_01
0  -0.512505 -0.021354 7.833333  0.715876 0.014427 0.698078  0.297985 0.540026 0
0  -0.647666 0.958736 7.999691  0.715877 0.014425 0.698078  0.297985 0.540026 0
0  -2.012505 -0.021354 9.166667  0.715877 0.014424 0.698077  0.297985 0.540026 0
painted_wood_01
0  -2.012505 0.878646 7.500000  -0.073945 0.996366 0.042273  0.297985 0.540026 0
0  -0.647666 0.958736 7.999691  -0.073943 0.996366 0.042274  0.297985 0.540026 0
0  -0.714084 1.045015 6.790635  -0.073947 0.996366 0.042272  0.297985 0.540026 0
painted_wood_01
0  -2.012505 -0.921354 7.500000  0.011923 -0.999812 0.015258  0.297985 0.540026 0
0  -0.635942 -0.896354 8.062500  0.011923 -0.999812 0.015258  0.297985 0.540026 0
0  -1.793755 -0.896875 9.402347  0.011923 -0.999812 0.015259  0.297985 0.540026 0
painted_wood_01
0  -2.282129 -0.767092 12.246031  0.272541 -0.721398 0.636637  0.297985 0.540026 0
0  -1.818061 -0.021353 12.892387  0.272543 -0.721395 0.636639  0.297985 0.540026 0
0  -2.183056 0.028359 13.200748  0.272544 -0.721393 0.636641  0.297985 0.540026 0
painted_wood_01
0  -2.183056 0.028359 13.200748  0.416220 0.676579 0.607455  0.297985 0.540026 0
0  -1.861700 0.834346 12.082859  0.416223 0.676585 0.607446  0.297985 0.540026 0
0  -2.282311 0.873522 12.213814  0.416218 0.676574 0.607461  0.297985 0.540026 0
painted_wood_01
0  -1.861700 0.834346 12.082859  0.999790 0.000043 -0.020516  0.297985 0.540026 0
0  -1.861639 -0.827341 12.093597  0.999790 0.000044 -0.020516  0.297985 0.540026 0
0  -2.012505 -0.021354 9.166667  0.999790 0.000045 -0.020516  0.297985 0.540026 0
painted_wood_01
0  -2.784772 -0.624281 8.959509  -0.246730 -0.968934 0.017038  0.297985 0.540026 0
0  -2.012505 -0.921354 7.500000  -0.246730 -0.968935 0.017039  0.297985 0.540026 0
0  -1.793755 -0.896875 9.402347  -0.246729 -0.968935 0.017040  0.297985 0.540026 0
painted_wood_01
0  -0.000000 -0.688021 7.166667  -0.154281 -0.179815 -0.971527  0.297985 0.540026 0
0  -0.700005 -0.021354 7.187500  -0.154287 -0.179807 -0.971527  0.297985 0.540026 0
0  -0.000000 0.944716 6.664604  -0.154284 -0.179810 -0.971527  0.297985 0.540026 0
painted_wood_01
0  -2.282311 0.873522 12.213814  -0.167430 0.985852 -0.007916  0.297985 0.540026 0
0  -1.793755 0.854167 9.402347  -0.167428 0.985853 -0.007918  0.297985 0.540026 0
0  -2.784818 0.618858 8.951455  -0.167425 0.985853 -0.007922  0.297985 0.540026 0
painted_wood_01
0  -2.845839 0.645312 -0.000000  0.106402 0.991321 -0.077210  0.297985 0.540026 0
0  -3.387505 0.927347 2.875000  0.106399 0.991322 -0.077195  0.297985 0.540026 0
0  -2.512505 0.728646 2.875000  0.106401 0.991322 -0.077204  0.297985 0.540026 0
painted_wood_01
0  -0.670826 3.978646 1.987620  -0.994962 0.000000 0.100255  0.297985 0.540026 0
0  -0.570064 3.053749 2.987620  -0.994962 0.000000 0.100255  0.297985 0.540026 0
0  -0.570064 3.903543 2.987620  -0.994962 0.000000 0.100255  0.297985 0.540026 0
painted_wood_01
0  -0.670826 2.978646 1.987620  0.000000 -0.997192 0.074893  0.297985 0.540026 0
0  0.000000 3.053749 2.987620  0.000000 -0.997192 0.074893  0.297985 0.540026 0
0  -0.570064 3.053749 2.987620  0.000000 -0.997192 0.074893  0.297985 0.540026 0
painted_wood_01
0  -0.570064 3.903543 2.987620  -0.986884 0.065403 -0.147588  0.297985 0.540026 0
0  -0.943955 2.775069 4.987620  -0.986884 0.065405 -0.147590  0.297985 0.540026 0
0  -0.943955 4.182223 5.987620  -0.986884 0.065403 -0.147588  0.297985 0.540026 0
painted_wood_01
0  -0.570064 3.053749 2.987620  0.000000 -0.990431 -0.138007  0.297985 0.540026 0
0  -0.000000 2.775069 4.987620  0.000000 -0.990431 -0.138007  0.297985 0.540026 0
0  -0.943955 2.775069 4.987620  0.000000 -0.990431 -0.138007  0.297985 0.540026 0
painted_wood_01
0  -0.943955 2.775069 4.987620  -0.096163 -0.698916 -0.708709  0.297985 0.540026 0
0  -0.000000 0.944716 6.664604  -0.096161 -0.698921 -0.708705  0.297985 0.540026 0
0  -0.714084 1.045015 6.790635  -0.096164 -0.698916 -0.708710  0.297985 0.540026 0
painted_wood_01
0  -0.943955 2.775069 4.987620  -0.994041 -0.031061 0.104486  0.297985 0.540026 0
0  -0.714084 1.045015 6.790635  -0.994041 -0.031060 0.104486  0.297985 0.540026 0
0  -0.728230 2.580435 6.993810  -0.994041 -0.031061 0.104486  0.297985 0.540026 0
painted_wood_01
0  -0.728230 2.580435 6.993810  0.000000 0.531926 0.846791  0.297985 0.540026 0
0  -0.310184 1.779541 7.496905  0.000000 0.531926 0.846791  0.297985 0.540026 0
0  -0.364115 2.580435 6.993810  0.000000 0.531926 0.846791  0.297985 0.540026 0
painted_wood_01
0  -0.620368 1.779541 7.496905  -0.014073 0.526493 0.850063  0.297985 0.540026 0
0  -0.265241 1.112129 7.916151  -0.014073 0.526493 0.850063  0.297985 0.540026 0
0  -0.310184 1.779541 7.496905  -0.014073 0.526493 0.850063  0.297985 0.540026 0
painted_wood_01
0  -0.943955 4.182223 5.987620  0.000000 0.531925 0.846791  0.297985 0.540026 0
0  -0.418047 3.381329 6.490715  0.000000 0.531925 0.846791  0.297985 0.540026 0
0  -0.471977 4.182223 5.987620  0.000000 0.531925 0.846791  0.297985 0.540026 0
painted_wood_01
0  -0.728230 2.580435 6.993810  0.000000 0.531926 0.846791  0.297985 0.540026 0
0  -0.364115 2.580435 6.993810  0.000000 0.531926 0.846791  0.297985 0.540026 0
0  -0.391081 2.980882 6.742263  0.000000 0.531926 0.846791  0.297985 0.540026 0
gold_player
0  -3.918755 -1.085680 1.487500  -0.629958 -0.733338 0.255672  0.297770 0.539834 0
0  -3.075005 -1.425521 2.591667  -0.629956 -0.733339 0.255675  0.297770 0.539834 0
0  -3.392714 -1.032555 3.027083  -0.629957 -0.733339 0.255674  0.297770 0.539834 0
gold_player
0  -4.300971 -0.882555 0.000000  -0.709898 -0.694563 0.116739  0.297770 0.539834 0
0  -3.259901 -1.708854 1.414583  -0.709897 -0.694563 0.116739  0.297770 0.539834 0
0  -3.918755 -1.085680 1.487500  -0.709897 -0.694563 0.116740  0.297770 0.539834 0
gold_player
0  -3.439589 -1.825521 0.000000  0.721300 -0.686876 -0.089038  0.297770 0.539834 0
0  -2.637505 -1.175521 1.483333  0.721294 -0.686881 -0.089048  0.297770 0.539834 0
0  -3.259901 -1.708854 1.414583  0.721297 -0.686879 -0.089043  0.297770 0.539834 0
painted_wood_01
0  -0.000000 -0.688021 7.166667  0.311643 -0.950199 0.000256  0.297985 0.540026 0
0  -0.635942 -0.896354 8.062500  0.311643 -0.950199 0.000256  0.297985 0.540026 0
0  -0.711255 -0.921354 6.950000  0.311643 -0.950199 0.000256  0.297985 0.540026 0
painted_wood_01
0  0.000000 3.903543 2.987620  0.000000 0.997192 0.074892  0.297985 0.540026 0
0  -0.670826 3.978646 1.987620  0.000000 0.997192 0.074892  0.297985 0.540026 0
0  -0.570064 3.903543 2.987620  0.000000 0.997192 0.074892  0.297985 0.540026 0
painted_wood_01
0  -0.570064 3.903543 2.987620  0.000000 0.995713 -0.092495  0.297985 0.540026 0
0  -0.943955 4.182223 5.987620  0.000000 0.995713 -0.092495  0.297985 0.540026 0
0  -0.471977 4.182223 5.987620  0.000000 0.995713 -0.092495  0.297985 0.540026 0
painted_wood_01
0  -0.670826 2.978646 -0.000000  0.000000 -1.000000 0.000000  0.297985 0.540026 0
0  0.000000 2.978646 1.987620  0.000000 -1.000000 0.000000  0.297985 0.540026 0
0  -0.670826 2.978646 1.987620  0.000000 -1.000000 0.000000  0.297985 0.540026 0
painted_wood_01
0  0.000000 3.978646 1.987620  0.000000 1.000000 0.000000  0.297985 0.540026 0
0  -0.670826 3.978646 -0.000000  0.000000 1.000000 0.000000  0.297985 0.540026 0
0  -0.670826 3.978646 1.987620  0.000000 1.000000 0.000000  0.297985 0.540026 0
painted_wood_01
0  -0.670826 2.978646 -0.000000  -1.000000 0.000000 0.000000  0.297985 0.540026 0
0  -0.670826 3.978646 1.987620  -1.000000 0.000000 0.000000  0.297985 0.540026 0
0  -0.670826 3.978646 -0.000000  -1.000000 0.000000 0.000000  0.297985 0.540026 0
painted_wood_01
0  -0.000000 0.778795 7.916151  0.254793 0.439750 0.861221  0.297985 0.540026 0
0  -0.310184 1.779541 7.496905  0.254783 0.439783 0.861207  0.297985 0.540026 0
0  -0.265241 1.112129 7.916151  0.254793 0.439750 0.861220  0.297985 0.540026 0
painted_wood_01
0  -4.394749 0.501679 0.708226  -0.516887 0.852960 0.072710  0.297985 0.540026 0
0  -3.387505 0.927347 2.875000  -0.516885 0.852961 0.072714  0.297985 0.540026 0
0  -4.121283 0.677346 -0.000000  -0.516889 0.852959 0.072706  0.297985 0.540026 0
painted_wood_01
0  -3.645416 0.716896 2.918450  -0.593595 0.751978 0.286660  0.297985 0.540026 0
0  -2.480859 0.837607 5.013293  -0.593595 0.751978 0.286660  0.297985 0.540026 0
0  -3.387505 0.927347 2.875000  -0.593596 0.751978 0.286658  0.297985 0.540026 0
painted_wood_01
0  -4.198238 -0.565172 1.635876  -0.810283 -0.563703 0.160253  0.297985 0.540026 0
0  -4.300971 -0.882555 0.000000  -0.810282 -0.563702 0.160261  0.297985 0.540026 0
0  -3.918755 -1.085680 1.487500  -0.810283 -0.563703 0.160252  0.297985 0.540026 0
painted_wood_01
0  -3.009807 -0.428817 4.569202  -0.766874 -0.509731 0.389973  0.297985 0.540026 0
0  -3.392714 -1.032555 3.027083  -0.766874 -0.509731 0.389973  0.297985 0.540026 0
0  -2.480859 -0.880315 5.013293  -0.766874 -0.509731 0.389973  0.297985 0.540026 0
painted_wood_01
0  -2.863658 0.119034 4.750208  -0.752507 -0.117660 0.647989  0.297985 0.540026 0
0  -2.480859 -0.880315 5.013293  -0.752506 -0.117661 0.647989  0.297985 0.540026 0
0  -2.472947 -0.021354 5.266616  -0.752510 -0.117651 0.647987  0.297985 0.540026 0
painted_wood_01
0  -4.545433 -0.446622 0.566948  -0.906701 0.141795 -0.397225  0.297985 0.540026 0
0  -4.121283 0.677346 -0.000000  -0.906700 0.141798 -0.397226  0.297985 0.540026 0
0  -4.300971 -0.882555 0.000000  -0.906700 0.141797 -0.397226  0.297985 0.540026 0
painted_wood_01
0  -2.921625 0.666885 4.522981  -0.761440 0.177303 0.623516  0.297985 0.540026 0
0  -2.472947 -0.021354 5.266616  -0.761440 0.177303 0.623516  0.297985 0.540026 0
0  -2.480859 0.837607 5.013293  -0.761440 0.177303 0.623516  0.297985 0.540026 0
painted_wood_01
0  -3.687321 -0.526207 3.103505  -0.805611 -0.514612 0.293538  0.297985 0.540026 0
0  -3.918755 -1.085680 1.487500  -0.805611 -0.514612 0.293538  0.297985 0.540026 0
0  -3.392714 -1.032555 3.027083  -0.805611 -0.514612 0.293537  0.297985 0.540026 0
painted_wood_01
0  -0.000000 4.182223 5.987620  0.000000 1.000000 0.000000  0.297985 0.540026 0
0  -0.471977 4.182223 6.415843  0.000000 1.000000 0.000000  0.297985 0.540026 0
0  -0.000000 4.182223 6.415843  0.000000 1.000000 0.000000  0.297985 0.540026 0
painted_wood_01
0  -0.471977 4.182223 5.987620  -0.997741 -0.067185 0.000000  0.297985 0.540026 0
0  -0.418047 3.381329 6.918938  -0.997741 -0.067185 0.000000  0.297985 0.540026 0
0  -0.471977 4.182223 6.415843  -0.997741 -0.067185 0.000000  0.297985 0.540026 0
painted_wood_01
0  -0.418047 3.381329 6.490715  -0.997740 -0.067188 0.000000  0.297985 0.540026 0
0  -0.391081 2.980882 7.170486  -0.997740 -0.067188 0.000000  0.297985 0.540026 0
0  -0.418047 3.381329 6.918938  -0.997740 -0.067188 0.000000  0.297985 0.540026 0
painted_wood_01
0  -0.310184 1.779541 7.496905  0.000000 -1.000000 0.000000  0.297985 0.540026 0
0  -0.000000 1.779541 7.925128  0.000000 -1.000000 0.000000  0.297985 0.540026 0
0  -0.310184 1.779541 7.925128  0.000000 -1.000000 0.000000  0.297985 0.540026 0
painted_wood_01
0  -0.364115 2.580435 6.993810  -0.997741 -0.067185 0.000000  0.297985 0.540026 0
0  -0.310184 1.779541 7.925128  -0.997741 -0.067185 0.000000  0.297985 0.540026 0
0  -0.364115 2.580435 7.422033  -0.997741 -0.067185 0.000000  0.297985 0.540026 0
painted_wood_01
0  -0.391081 2.980882 6.742263  -0.997740 -0.067188 0.000000  0.297985 0.540026 0
0  -0.364115 2.580435 7.422033  -0.997740 -0.067188 0.000000  0.297985 0.540026 0
0  -0.391081 2.980882 7.170486  -0.997740 -0.067188 0.000000  0.297985 0.540026 0
painted_wood_01
0  -0.418047 3.381329 6.918938  -0.746046 -0.389508 -0.540092  0.297985 0.540026 0
0  -0.798587 2.980882 7.733386  -0.746046 -0.389508 -0.540092  0.297985 0.540026 0
0  -0.825553 3.381329 7.481838  -0.746046 -0.389508 -0.540092  0.297985 0.540026 0
painted_wood_01
0  -0.000000 4.182223 6.415843  0.000000 1.000000 0.000000  0.297985 0.540026 0
0  -0.879483 4.182223 6.978743  0.000000 1.000000 0.000000  0.297985 0.540026 0
0  -0.000000 4.182223 6.978743  0.000000 1.000000 0.000000  0.297985 0.540026 0
painted_wood_01
0  -0.471977 4.182223 6.415843  -0.746046 -0.389505 -0.540093  0.297985 0.540026 0
0  -0.825553 3.381329 7.481838  -0.746046 -0.389505 -0.540093  0.297985 0.540026 0
0  -0.879483 4.182223 6.978743  -0.746046 -0.389505 -0.540093  0.297985 0.540026 0
painted_wood_01
0  -0.364115 2.580435 7.422033  -0.746046 -0.389506 -0.540093  0.297985 0.540026 0
0  -0.717691 1.779541 8.488029  -0.746046 -0.389506 -0.540093  0.297985 0.540026 0
0  -0.771621 2.580435 7.984934  -0.746046 -0.389506 -0.540093  0.297985 0.540026 0
painted_wood_01
0  -0.391081 2.980882 7.170486  -0.746045 -0.389508 -0.540093  0.297985 0.540026 0
0  -0.771621 2.580435 7.984934  -0.746045 -0.389508 -0.540093  0.297985 0.540026 0
0  -0.798587 2.980882 7.733386  -0.746045 -0.389508 -0.540093  0.297985 0.540026 0
painted_wood_01
0  -0.717691 1.779541 8.488029  -0.775698 -0.288003 -0.561558  0.297985 0.540026 0
0  -0.310184 -2.786392 10.266833  -0.775698 -0.288003 -0.561558  0.297985 0.540026 0
0  -0.717691 -2.786392 10.829734  -0.775698 -0.288003 -0.561558  0.297985 0.540026 0
painted_wood_01
0  -0.717691 -2.786392 12.004841  -1.000000 0.000000 0.000000  0.297985 0.540026 0
0  -0.717691 -3.547147 11.251204  -1.000000 0.000000 0.000000  0.297985 0.540026 0
0  -0.717691 -3.547147 12.004841  -1.000000 0.000000 0.000000  0.297985 0.540026 0
painted_wood_01
0  -0.825553 3.381329 7.481838  -0.997740 -0.067188 0.000000  0.297985 0.540026 0
0  -0.798587 2.980882 8.487022  -0.997740 -0.067188 0.000000  0.297985 0.540026 0
0  -0.825553 3.381329 8.235475  -0.997740 -0.067188 0.000000  0.297985 0.540026 0
painted_wood_01
0  -0.310184 1.779541 7.925128  0.000000 -0.456348 -0.889802  0.297985 0.540026 0
0  -0.000000 -2.786392 10.266833  0.000000 -0.456348 -0.889802  0.297985 0.540026 0
0  -0.310184 -2.786392 10.266833  0.000000 -0.456348 -0.889802  0.297985 0.540026 0
painted_wood_01
0  -0.000000 -2.786392 12.004841  0.000000 0.000000 1.000000  0.297985 0.540026 0
0  -0.717691 -3.547147 12.004841  0.000000 0.000000 1.000000  0.297985 0.540026 0
0  -0.000000 -3.547147 12.004841  0.000000 0.000000 1.000000  0.297985 0.540026 0
painted_wood_01
0  -0.000000 4.182223 7.732379  0.000000 0.000000 1.000000  0.000000 0.000000 0
0  -0.879483 4.640938 7.732379  0.000000 0.000000 1.000000  0.297985 0.540026 0
0  -0.879483 4.182223 7.732379  0.000000 0.000000 1.000000  0.297985 0.540026 0
painted_wood_01
0  -0.879483 4.182223 6.978743  -0.997741 -0.067186 0.000000  0.297985 0.540026 0
0  -0.825553 3.381329 8.235475  -0.997741 -0.067186 0.000000  0.297985 0.540026 0
0  -0.879483 4.182223 7.732379  -0.997741 -0.067186 0.000000  0.297985 0.540026 0
painted_wood_01
0  -0.717691 1.779541 8.488029  -1.000000 0.000000 0.000000  0.297985 0.540026 0
0  -0.717691 -2.786392 12.004841  -1.000000 0.000000 0.000000  0.297985 0.540026 0
0  -0.717691 1.779541 9.241665  -1.000000 0.000000 0.000000  0.297985 0.540026 0
painted_wood_01
0  -0.771621 2.580435 7.984934  -0.997740 -0.067185 0.000000  0.297985 0.540026 0
0  -0.717691 1.779541 9.241665  -0.997740 -0.067185 0.000000  0.297985 0.540026 0
0  -0.771621 2.580435 8.738570  -0.997740 -0.067185 0.000000  0.297985 0.540026 0
painted_wood_01
0  -0.798587 2.980882 7.733386  -0.997740 -0.067188 0.000000  0.297985 0.540026 0
0  -0.771621 2.580435 8.738570  -0.997740 -0.067188 0.000000  0.297985 0.540026 0
0  -0.798587 2.980882 8.487022  -0.997740 -0.067188 0.000000  0.297985 0.540026 0
painted_wood_01
0  -0.000000 4.640938 6.978743  0.000000 1.000000 0.000000  0.297985 0.540026 0
0  -0.879483 4.640938 7.732379  0.000000 1.000000 0.000000  0.297985 0.540026 0
0  -0.000000 4.640938 7.732379  0.000000 1.000000 0.000000  0.297985 0.540026 0
painted_wood_01
0  -0.879483 4.182223 6.978743  -1.000000 0.000000 0.000000  0.297985 0.540026 0
0  -0.879483 4.640938 7.732379  -1.000000 0.000000 0.000000  0.297985 0.540026 0
0  -0.879483 4.640938 6.978743  -1.000000 0.000000 0.000000  0.297985 0.540026 0
painted_wood_01
0  -0.000000 4.182223 6.978743  0.000000 0.000000 -1.000000  0.297985 0.540026 0
0  -0.879483 4.640938 6.978743  0.000000 0.000000 -1.000000  0.297985 0.540026 0
0  -0.000000 4.640938 6.978743  0.000000 0.000000 -1.000000  0.297985 0.540026 0
painted_wood_01
0  -0.000000 4.182223 7.732379  0.000000 1.000000 0.000000  0.000000 0.000000 0
0  -0.879483 4.182223 7.732379  0.000000 1.000000 0.000000  0.297985 0.540026 0
0  -0.000000 4.182223 8.324379  0.000000 1.000000 0.000000  0.000000 0.000000 0
painted_wood_01
0  -0.879483 4.182223 7.732379  -0.495199 0.462127 0.735675  0.297985 0.540026 0
0  -0.000000 1.779541 9.833665  -0.495199 0.462127 0.735675  0.000000 0.000000 0
0  -0.000000 4.182223 8.324379  -0.495199 0.462127 0.735675  0.000000 0.000000 0
painted_wood_01
0  -0.798587 2.980882 8.487022  -0.582062 0.404067 0.705644  0.297985 0.540026 0
0  -0.771621 2.580435 8.738570  -0.582062 0.404067 0.705644  0.297985 0.540026 0
0  -0.000000 1.779541 9.833665  -0.582062 0.404067 0.705644  0.000000 0.000000 0
painted_wood_01
0  -0.000000 1.779541 9.833665  -0.570256 0.443703 0.691328  0.000000 0.000000 0
0  -0.717691 1.779541 9.241665  -0.570256 0.443703 0.691328  0.297985 0.540026 0
0  -0.000000 -0.503425 11.298902  -0.570256 0.443703 0.691328  0.000000 0.000000 0
painted_wood_01
0  -0.000000 -0.503425 11.298902  0.000000 0.669426 0.742879  0.000000 0.000000 0
0  -0.717691 1.779541 9.241665  0.000000 0.669426 0.742879  0.297985 0.540026 0
0  -0.308368 -0.503425 11.298902  0.000000 0.669426 0.742879  0.000000 0.000000 0
painted_wood_01
0  -0.717691 1.779541 9.241665  -0.816105 0.299207 0.494416  0.297985 0.540026 0
0  -0.717691 -2.786392 12.004841  -0.816105 0.299207 0.494416  0.297985 0.540026 0
0  -0.308368 -0.503425 11.298902  -0.816105 0.299207 0.494416  0.000000 0.000000 0
painted_wood_01
0  -0.000000 -2.786392 12.004841  0.000000 0.295419 0.955368  0.297985 0.540026 0
0  -0.308368 -0.503425 11.298902  0.000000 0.295419 0.955368  0.000000 0.000000 0
0  -0.717691 -2.786392 12.004841  0.000000 0.295419 0.955368  0.297985 0.540026 0
painted_wood_01
0  -0.308368 -0.503425 11.298902  -0.992009 -0.116562 0.048274  0.000000 0.000000 0
0  -0.000000 -1.372620 15.536958  -0.992009 -0.116562 0.048274  0.297985 0.540026 0
0  -0.308368 1.250245 15.416418  -0.992009 -0.116562 0.048274  0.000000 0.000000 0
gold_player
0  -0.000000 -0.503425 11.298902  0.000000 0.920031 -0.391846  0.000000 0.000000 0
0  -0.308368 1.250245 15.416418  0.000000 0.920031 -0.391846  0.000000 0.000000 0
0  -0.000000 1.250245 15.416418  0.000000 0.920031 -0.391846  0.000000 0.000000 0
painted_wood_01
0  -0.308368 1.250245 15.416418  -0.986881 -0.111206 0.117042  0.000000 0.000000 0
0  -0.000000 3.970487 20.601133  -0.986881 -0.111206 0.117042  0.297985 0.540026 0
0  -0.308368 5.362863 19.333027  -0.986881 -0.111206 0.117042  0.000000 0.000000 0
gold_player
0  -0.000000 1.250245 15.416418  0.000000 0.689639 -0.724153  0.000000 0.000000 0
0  -0.308368 5.362863 19.333027  0.000000 0.689639 -0.724153  0.000000 0.000000 0
0  -0.000000 5.362863 19.333027  0.000000 0.689639 -0.724153  0.000000 0.000000 0
painted_wood_01
0  -0.308368 5.362863 19.333027  -0.985840 -0.052170 0.159367  0.000000 0.000000 0
0  -0.000000 9.721883 22.667513  -0.985840 -0.052170 0.159367  0.297985 0.540026 0
0  -0.244019 9.912117 21.036934  -0.985840 -0.052170 0.159367  0.000000 0.000000 0
gold_player
0  -0.000000 5.362863 19.333027  0.000000 0.350751 -0.936469  0.000000 0.000000 0
0  -0.244019 9.912117 21.036934  0.000000 0.350751 -0.936469  0.000000 0.000000 0
0  -0.000000 9.912117 21.036934  0.000000 0.350751 -0.936469  0.000000 0.000000 0
painted_wood_01
0  -0.310184 -3.547147 10.688304  0.000000 -1.000000 0.000001  0.297985 0.540026 0
0  -0.000000 -3.547147 11.251204  0.000000 -1.000000 0.000001  0.297985 0.540026 0
0  -0.717691 -3.547147 11.251204  0.000000 -1.000000 0.000001  0.297985 0.540026 0
painted_wood_01
0  -0.717691 -3.547147 11.251204  0.000000 -1.000000 0.000000  0.297985 0.540026 0
0  -0.000000 -3.547147 12.004841  0.000000 -1.000000 0.000000  0.297985 0.540026 0
0  -0.717691 -3.547147 12.004841  0.000000 -1.000000 0.000000  0.297985 0.540026 0
painted_wood_01
0  -0.717691 -2.786392 10.829734  -0.770382 -0.308981 -0.557712  0.297985 0.540026 0
0  -0.310184 -3.547147 10.688304  -0.770382 -0.308981 -0.557712  0.297985 0.540026 0
0  -0.717691 -3.547147 11.251204  -0.770382 -0.308981 -0.557712  0.297985 0.540026 0
painted_wood_01
0  -0.310184 -2.786392 10.266833  0.000000 -0.484614 -0.874728  0.297985 0.540026 0
0  -0.000000 -3.547147 10.688304  0.000000 -0.484614 -0.874728  0.297985 0.540026 0
0  -0.310184 -3.547147 10.688304  0.000000 -0.484614 -0.874728  0.297985 0.540026 0
painted_wood_01
0  -3.645416 0.716896 2.918450  -0.928865 0.091827 0.358855  0.297985 0.540026 0
0  -4.394749 0.501679 0.708226  -0.928865 0.091825 0.358855  0.297985 0.540026 0
0  -4.198238 -0.565172 1.635876  -0.928866 0.091818 0.358855  0.297985 0.540026 0
c_invasion_wrangler_laser
0  -0.000000 1.160285 11.954980  -0.202803 0.769949 0.605020  0.000000 0.000000 0
0  -0.618719 0.654856 12.390794  -0.202803 0.769949 0.605020  0.000000 0.000000 0
0  -0.000000 0.892743 12.295453  -0.202803 0.769949 0.605020  0.000000 0.000000 0
c_invasion_wrangler_laser
0  -0.000000 0.892743 12.295453  0.382684 -0.857569 0.343698  0.000000 0.000000 0
0  -0.618719 0.493768 11.988860  0.382684 -0.857569 0.343698  0.000000 0.000000 0
0  -0.000000 0.731656 11.893519  0.382684 -0.857569 0.343698  0.000000 0.000000 0
c_invasion_wrangler_laser
0  -0.000000 0.731656 11.893519  -0.202803 0.138987 -0.969306  0.000000 0.000000 0
0  -0.883884 0.820445 12.091182  -0.202803 0.138987 -0.969306  0.000000 0.000000 0
0  -0.000000 1.160285 11.954980  -0.202803 0.138987 -0.969306  0.000000 0.000000 0
c_invasion_wrangler_laser
0  -0.883884 0.820445 12.091182  -0.489609 0.503727 0.711718  0.000000 0.000000 0
0  -0.875000 0.080545 12.620967  -0.489609 0.503727 0.711718  0.000000 0.000000 0
0  -0.618719 0.654856 12.390794  -0.489609 0.503727 0.711718  0.000000 0.000000 0
c_invasion_wrangler_laser
0  -0.618719 0.654856 12.390794  0.923880 -0.355217 0.142364  0.000000 0.000000 0
0  -0.875000 -0.080542 12.219033  0.923880 -0.355217 0.142364  0.000000 0.000000 0
0  -0.618719 0.493768 11.988860  0.923880 -0.355217 0.142364  0.000000 0.000000 0
c_invasion_wrangler_laser
0  -0.618719 0.493768 11.988860  -0.489606 -0.127233 -0.862611  0.000000 0.000000 0
0  -1.250000 0.000002 12.420000  -0.489606 -0.127233 -0.862611  0.000000 0.000000 0
0  -0.883884 0.820445 12.091182  -0.489606 -0.127233 -0.862611  0.000000 0.000000 0
c_invasion_wrangler_laser
0  -1.250000 0.000002 12.420000  -0.489608 0.127234 0.862610  0.000000 0.000000 0
0  -0.618719 -0.493765 12.851140  -0.489608 0.127234 0.862610  0.000000 0.000000 0
0  -0.875000 0.080545 12.620967  -0.489608 0.127234 0.862610  0.000000 0.000000 0
c_invasion_wrangler_laser
0  -0.875000 0.080545 12.620967  0.923880 0.355217 -0.142364  0.000000 0.000000 0
0  -0.618719 -0.654853 12.449206  0.923880 0.355217 -0.142364  0.000000 0.000000 0
0  -0.875000 -0.080542 12.219033  0.923880 0.355217 -0.142364  0.000000 0.000000 0
c_invasion_wrangler_laser
0  -0.875000 -0.080542 12.219033  -0.489613 -0.503726 -0.711716  0.000000 0.000000 0
0  -0.883884 -0.820442 12.748818  -0.489613 -0.503726 -0.711716  0.000000 0.000000 0
0  -1.250000 0.000002 12.420000  -0.489613 -0.503726 -0.711716  0.000000 0.000000 0
c_invasion_wrangler_laser
0  -0.883884 -0.820442 12.748818  -0.202803 -0.138989 0.969305  0.000000 0.000000 0
0  -0.000000 -0.731653 12.946481  -0.202803 -0.138989 0.969305  0.000000 0.000000 0
0  -0.618719 -0.493765 12.851140  -0.202803 -0.138989 0.969305  0.000000 0.000000 0
c_invasion_wrangler_laser
0  -0.618719 -0.493765 12.851140  0.382684 0.857569 -0.343698  0.000000 0.000000 0
0  -0.000000 -0.892740 12.544547  0.382684 0.857569 -0.343698  0.000000 0.000000 0
0  -0.618719 -0.654853 12.449206  0.382684 0.857569 -0.343698  0.000000 0.000000 0
c_invasion_wrangler_laser
0  -0.618719 -0.654853 12.449206  -0.202803 -0.769949 -0.605021  0.000000 0.000000 0
0  -0.000000 -1.160281 12.885020  -0.202803 -0.769949 -0.605021  0.000000 0.000000 0
0  -0.883884 -0.820442 12.748818  -0.202803 -0.769949 -0.605021  0.000000 0.000000 0
c_invasion_wrangler_laser
0  -0.000000 1.816626 13.571524  -0.202805 0.769949 0.605020  0.000000 0.000000 0
0  -0.618719 1.311197 14.007338  -0.202805 0.769949 0.605020  0.000000 0.000000 0
0  -0.000000 1.549085 13.911997  -0.202805 0.769949 0.605020  0.000000 0.000000 0
c_invasion_wrangler_laser
0  -0.000000 1.549085 13.911997  0.382684 -0.857569 0.343698  0.000000 0.000000 0
0  -0.618719 1.150109 13.605404  0.382684 -0.857569 0.343698  0.000000 0.000000 0
0  -0.000000 1.387997 13.510063  0.382684 -0.857569 0.343698  0.000000 0.000000 0
c_invasion_wrangler_laser
0  -0.000000 1.387997 13.510063  -0.202803 0.138987 -0.969306  0.000000 0.000000 0
0  -0.883884 1.476786 13.707726  -0.202803 0.138987 -0.969306  0.000000 0.000000 0
0  -0.000000 1.816626 13.571524  -0.202803 0.138987 -0.969306  0.000000 0.000000 0
c_invasion_wrangler_laser
0  -0.883884 1.476786 13.707726  -0.489606 0.503728 0.711719  0.000000 0.000000 0
0  -0.875000 0.736887 14.237511  -0.489606 0.503728 0.711719  0.000000 0.000000 0
0  -0.618719 1.311197 14.007338  -0.489606 0.503728 0.711719  0.000000 0.000000 0
c_invasion_wrangler_laser
0  -0.618719 1.311197 14.007338  0.923880 -0.355217 0.142364  0.000000 0.000000 0
0  -0.875000 0.575799 13.835577  0.923880 -0.355217 0.142364  0.000000 0.000000 0
0  -0.618719 1.150109 13.605404  0.923880 -0.355217 0.142364  0.000000 0.000000 0
c_invasion_wrangler_laser
0  -0.618719 1.150109 13.605404  -0.489610 -0.127233 -0.862609  0.000000 0.000000 0
0  -1.250000 0.656343 14.036544  -0.489610 -0.127233 -0.862609  0.000000 0.000000 0
0  -0.883884 1.476786 13.707726  -0.489610 -0.127233 -0.862609  0.000000 0.000000 0
c_invasion_wrangler_laser
0  -1.250000 0.656343 14.036544  -0.489611 0.127233 0.862608  0.000000 0.000000 0
0  -0.618719 0.162576 14.467684  -0.489611 0.127233 0.862608  0.000000 0.000000 0
0  -0.875000 0.736887 14.237511  -0.489611 0.127233 0.862608  0.000000 0.000000 0
c_invasion_wrangler_laser
0  -0.875000 0.736887 14.237511  0.923880 0.355216 -0.142364  0.000000 0.000000 0
0  -0.618719 0.001488 14.065750  0.923880 0.355216 -0.142364  0.000000 0.000000 0
0  -0.875000 0.575799 13.835577  0.923880 0.355216 -0.142364  0.000000 0.000000 0
c_invasion_wrangler_laser
0  -0.875000 0.575799 13.835577  -0.489610 -0.503727 -0.711717  0.000000 0.000000 0
0  -0.883884 -0.164101 14.365362  -0.489610 -0.503727 -0.711717  0.000000 0.000000 0
0  -1.250000 0.656343 14.036544  -0.489610 -0.503727 -0.711717  0.000000 0.000000 0
c_invasion_wrangler_laser
0  -0.883884 -0.164101 14.365362  -0.202802 -0.138989 0.969306  0.000000 0.000000 0
0  -0.000000 -0.075312 14.563025  -0.202802 -0.138989 0.969306  0.000000 0.000000 0
0  -0.618719 0.162576 14.467684  -0.202802 -0.138989 0.969306  0.000000 0.000000 0
c_invasion_wrangler_laser
0  -0.618719 0.162576 14.467684  0.382684 0.857569 -0.343698  0.000000 0.000000 0
0  -0.000000 -0.236399 14.161091  0.382684 0.857569 -0.343698  0.000000 0.000000 0
0  -0.618719 0.001488 14.065750  0.382684 0.857569 -0.343698  0.000000 0.000000 0
c_invasion_wrangler_laser
0  -0.618719 0.001488 14.065750  -0.202803 -0.769949 -0.605020  0.000000 0.000000 0
0  -0.000000 -0.503940 14.501564  -0.202803 -0.769949 -0.605020  0.000000 0.000000 0
0  -0.883884 -0.164101 14.365362  -0.202803 -0.769949 -0.605020  0.000000 0.000000 0
c_invasion_wrangler_laser
0  -0.000000 3.056019 15.051561  -0.202805 0.946025 0.252799  0.000000 0.000000 0
0  -0.618719 2.763134 15.651237  -0.202805 0.946025 0.252799  0.000000 0.000000 0
0  -0.000000 2.944230 15.469896  -0.202805 0.946025 0.252799  0.000000 0.000000 0
c_invasion_wrangler_laser
0  -0.000000 2.944230 15.469896  0.382683 -0.652839 0.653724  0.000000 0.000000 0
0  -0.618719 2.456741 15.345259  0.382683 -0.652839 0.653724  0.000000 0.000000 0
0  -0.000000 2.637837 15.163918  0.382683 -0.652839 0.653724  0.000000 0.000000 0
c_invasion_wrangler_laser
0  -0.000000 2.637837 15.163918  -0.202803 -0.254083 -0.945681  0.000000 0.000000 0
0  -0.883884 2.797311 15.310621  -0.202803 -0.254083 -0.945681  0.000000 0.000000 0
0  -0.000000 3.056019 15.051561  -0.202803 -0.254083 -0.945681  0.000000 0.000000 0
c_invasion_wrangler_laser
0  -0.883884 2.797311 15.310621  -0.489609 0.743360 0.455741  0.000000 0.000000 0
0  -0.875000 2.325931 16.089033  -0.489609 0.743360 0.455741  0.000000 0.000000 0
0  -0.618719 2.763134 15.651237  -0.489609 0.743360 0.455741  0.000000 0.000000 0
c_invasion_wrangler_laser
0  -0.618719 2.763134 15.651237  0.923880 -0.270415 0.270781  0.000000 0.000000 0
0  -0.875000 2.019537 15.783054  0.923880 -0.270415 0.270781  0.000000 0.000000 0
0  -0.618719 2.456741 15.345259  0.923880 -0.270415 0.270781  0.000000 0.000000 0
c_invasion_wrangler_laser
0  -0.618719 2.456741 15.345259  -0.489610 -0.456747 -0.742741  0.000000 0.000000 0
0  -1.250000 2.172734 15.936045  -0.489610 -0.456747 -0.742741  0.000000 0.000000 0
0  -0.883884 2.797311 15.310621  -0.489610 -0.456747 -0.742741  0.000000 0.000000 0
c_invasion_wrangler_laser
0  -1.250000 2.172734 15.936045  -0.489606 0.456748 0.742743  0.000000 0.000000 0
0  -0.618719 1.888727 16.526829  -0.489606 0.456748 0.742743  0.000000 0.000000 0
0  -0.875000 2.325931 16.089033  -0.489606 0.456748 0.742743  0.000000 0.000000 0
c_invasion_wrangler_laser
0  -0.875000 2.325931 16.089033  0.923879 0.270415 -0.270782  0.000000 0.000000 0
0  -0.618719 1.582333 16.220850  0.923879 0.270415 -0.270782  0.000000 0.000000 0
0  -0.875000 2.019537 15.783054  0.923879 0.270415 -0.270782  0.000000 0.000000 0
c_invasion_wrangler_laser
0  -0.875000 2.019537 15.783054  -0.489613 -0.743357 -0.455740  0.000000 0.000000 0
0  -0.883884 1.548157 16.561466  -0.489613 -0.743357 -0.455740  0.000000 0.000000 0
0  -1.250000 2.172734 15.936045  -0.489613 -0.743357 -0.455740  0.000000 0.000000 0
c_invasion_wrangler_laser
0  -0.883884 1.548157 16.561466  -0.202803 0.254081 0.945682  0.000000 0.000000 0
0  -0.000000 1.707631 16.708170  -0.202803 0.254081 0.945682  0.000000 0.000000 0
0  -0.618719 1.888727 16.526829  -0.202803 0.254081 0.945682  0.000000 0.000000 0
c_invasion_wrangler_laser
0  -0.618719 1.888727 16.526829  0.382683 0.652839 -0.653724  0.000000 0.000000 0
0  -0.000000 1.401238 16.402191  0.382683 0.652839 -0.653724  0.000000 0.000000 0
0  -0.618719 1.582333 16.220850  0.382683 0.652839 -0.653724  0.000000 0.000000 0
c_invasion_wrangler_laser
0  -0.618719 1.582333 16.220850  -0.202805 -0.946024 -0.252800  0.000000 0.000000 0
0  -0.000000 1.289449 16.820526  -0.202805 -0.946024 -0.252800  0.000000 0.000000 0
0  -0.883884 1.548157 16.561466  -0.202805 -0.946024 -0.252800  0.000000 0.000000 0
c_invasion_wrangler_laser
0  -0.000000 5.226320 17.256866  -0.202803 0.946025 0.252799  0.000000 0.000000 0
0  -0.618719 4.933435 17.856543  -0.202803 0.946025 0.252799  0.000000 0.000000 0
0  -0.000000 5.114531 17.675201  -0.202803 0.946025 0.252799  0.000000 0.000000 0
c_invasion_wrangler_laser
0  -0.000000 5.114531 17.675201  0.382681 -0.652839 0.653725  0.000000 0.000000 0
0  -0.618719 4.627042 17.550564  0.382681 -0.652839 0.653725  0.000000 0.000000 0
0  -0.000000 4.808137 17.369223  0.382681 -0.652839 0.653725  0.000000 0.000000 0
c_invasion_wrangler_laser
0  -0.000000 4.808137 17.369223  -0.202803 -0.254083 -0.945681  0.000000 0.000000 0
0  -0.883884 4.967611 17.515926  -0.202803 -0.254083 -0.945681  0.000000 0.000000 0
0  -0.000000 5.226320 17.256866  -0.202803 -0.254083 -0.945681  0.000000 0.000000 0
c_invasion_wrangler_laser
0  -0.883884 4.967611 17.515926  -0.489606 0.743361 0.455742  0.000000 0.000000 0
0  -0.875000 4.496232 18.294338  -0.489606 0.743361 0.455742  0.000000 0.000000 0
0  -0.618719 4.933435 17.856543  -0.489606 0.743361 0.455742  0.000000 0.000000 0
c_invasion_wrangler_laser
0  -0.618719 4.933435 17.856543  0.923880 -0.270415 0.270781  0.000000 0.000000 0
0  -0.875000 4.189838 17.988359  0.923880 -0.270415 0.270781  0.000000 0.000000 0
0  -0.618719 4.627042 17.550564  0.923880 -0.270415 0.270781  0.000000 0.000000 0
c_invasion_wrangler_laser
0  -0.618719 4.627042 17.550564  -0.489606 -0.456748 -0.742743  0.000000 0.000000 0
0  -1.250000 4.343035 18.141350  -0.489606 -0.456748 -0.742743  0.000000 0.000000 0
0  -0.883884 4.967611 17.515926  -0.489606 -0.456748 -0.742743  0.000000 0.000000 0
c_invasion_wrangler_laser
0  -1.250000 4.343035 18.141350  -0.489611 0.456747 0.742740  0.000000 0.000000 0
0  -0.618719 4.059028 18.732134  -0.489611 0.456747 0.742740  0.000000 0.000000 0
0  -0.875000 4.496232 18.294338  -0.489611 0.456747 0.742740  0.000000 0.000000 0
c_invasion_wrangler_laser
0  -0.875000 4.496232 18.294338  0.923879 0.270415 -0.270783  0.000000 0.000000 0
0  -0.618719 3.752635 18.426155  0.923879 0.270415 -0.270783  0.000000 0.000000 0
0  -0.875000 4.189838 17.988359  0.923879 0.270415 -0.270783  0.000000 0.000000 0
c_invasion_wrangler_laser
0  -0.875000 4.189838 17.988359  -0.489610 -0.743359 -0.455741  0.000000 0.000000 0
0  -0.883884 3.718458 18.766771  -0.489610 -0.743359 -0.455741  0.000000 0.000000 0
0  -1.250000 4.343035 18.141350  -0.489610 -0.743359 -0.455741  0.000000 0.000000 0
c_invasion_wrangler_laser
0  -0.883884 3.718458 18.766771  -0.202800 0.254081 0.945682  0.000000 0.000000 0
0  -0.000000 3.877932 18.913475  -0.202800 0.254081 0.945682  0.000000 0.000000 0
0  -0.618719 4.059028 18.732134  -0.202800 0.254081 0.945682  0.000000 0.000000 0
c_invasion_wrangler_laser
0  -0.618719 4.059028 18.732134  0.382683 0.652839 -0.653724  0.000000 0.000000 0
0  -0.000000 3.571539 18.607496  0.382683 0.652839 -0.653724  0.000000 0.000000 0
0  -0.618719 3.752635 18.426155  0.382683 0.652839 -0.653724  0.000000 0.000000 0
c_invasion_wrangler_laser
0  -0.618719 3.752635 18.426155  -0.202800 -0.946025 -0.252800  0.000000 0.000000 0
0  -0.000000 3.459750 19.025831  -0.202800 -0.946025 -0.252800  0.000000 0.000000 0
0  -0.883884 3.718458 18.766771  -0.202800 -0.946025 -0.252800  0.000000 0.000000 0
c_invasion_wrangler_laser
0  -0.000000 6.896749 18.203773  -0.202803 0.965822 -0.161428  0.000000 0.000000 0
0  -0.618719 6.878334 18.870895  -0.202803 0.965822 -0.161428  0.000000 0.000000 0
0  -0.000000 6.968133 18.630863  -0.202803 0.965822 -0.161428  0.000000 0.000000 0
c_invasion_wrangler_laser
0  -0.000000 6.968133 18.630863  0.382685 -0.323718 0.865308  0.000000 0.000000 0
0  -0.618719 6.472773 18.719173  0.382685 -0.323718 0.865308  0.000000 0.000000 0
0  -0.000000 6.562572 18.479139  0.382685 -0.323718 0.865308  0.000000 0.000000 0
c_invasion_wrangler_laser
0  -0.000000 6.562572 18.479139  -0.202800 -0.622714 -0.755711  0.000000 0.000000 0
0  -0.883884 6.768465 18.546680  -0.202800 -0.622714 -0.755711  0.000000 0.000000 0
0  -0.000000 6.896749 18.203773  -0.202800 -0.622714 -0.755711  0.000000 0.000000 0
c_invasion_wrangler_laser
0  -0.883884 6.768465 18.546680  -0.489612 0.865326 0.107197  0.000000 0.000000 0
0  -0.875000 6.661540 19.450390  -0.489612 0.865326 0.107197  0.000000 0.000000 0
0  -0.618719 6.878334 18.870895  -0.489612 0.865326 0.107197  0.000000 0.000000 0
c_invasion_wrangler_laser
0  -0.618719 6.878334 18.870895  0.923880 -0.134087 0.358421  0.000000 0.000000 0
0  -0.875000 6.255979 19.298666  0.923880 -0.134087 0.358421  0.000000 0.000000 0
0  -0.618719 6.472773 18.719173  0.923880 -0.134087 0.358421  0.000000 0.000000 0
c_invasion_wrangler_laser
0  -0.618719 6.472773 18.719173  -0.489609 -0.723206 -0.487090  0.000000 0.000000 0
0  -1.250000 6.458760 19.374529  -0.489609 -0.723206 -0.487090  0.000000 0.000000 0
0  -0.883884 6.768465 18.546680  -0.489609 -0.723206 -0.487090  0.000000 0.000000 0
c_invasion_wrangler_laser
0  -1.250000 6.458760 19.374529  -0.489604 0.723210 0.487090  0.000000 0.000000 0
0  -0.618719 6.444746 20.029882  -0.489604 0.723210 0.487090  0.000000 0.000000 0
0  -0.875000 6.661540 19.450390  -0.489604 0.723210 0.487090  0.000000 0.000000 0
c_invasion_wrangler_laser
0  -0.875000 6.661540 19.450390  0.923881 0.134088 -0.358420  0.000000 0.000000 0
0  -0.618719 6.039185 19.878160  0.923881 0.134088 -0.358420  0.000000 0.000000 0
0  -0.875000 6.255979 19.298666  0.923881 0.134088 -0.358420  0.000000 0.000000 0
c_invasion_wrangler_laser
0  -0.875000 6.255979 19.298666  -0.489610 -0.865327 -0.107198  0.000000 0.000000 0
0  -0.883884 6.149054 20.202375  -0.489610 -0.865327 -0.107198  0.000000 0.000000 0
0  -1.250000 6.458760 19.374529  -0.489610 -0.865327 -0.107198  0.000000 0.000000 0
c_invasion_wrangler_laser
0  -0.883884 6.149054 20.202375  -0.202801 0.622713 0.755712  0.000000 0.000000 0
0  -0.000000 6.354947 20.269917  -0.202801 0.622713 0.755712  0.000000 0.000000 0
0  -0.618719 6.444746 20.029882  -0.202801 0.622713 0.755712  0.000000 0.000000 0
c_invasion_wrangler_laser
0  -0.618719 6.444746 20.029882  0.382689 0.323715 -0.865308  0.000000 0.000000 0
0  -0.000000 5.949386 20.118195  0.382689 0.323715 -0.865308  0.000000 0.000000 0
0  -0.618719 6.039185 19.878160  0.382689 0.323715 -0.865308  0.000000 0.000000 0
c_invasion_wrangler_laser
0  -0.618719 6.039185 19.878160  -0.202803 -0.965822 0.161429  0.000000 0.000000 0
0  -0.000000 6.020770 20.545282  -0.202803 -0.965822 0.161429  0.000000 0.000000 0
0  -0.883884 6.149054 20.202375  -0.202803 -0.965822 0.161429  0.000000 0.000000 0
c_invasion_wrangler_laser
0  -0.000000 9.272464 19.097878  -0.202803 0.965822 -0.161428  0.000000 0.000000 0
0  -0.618719 9.254049 19.764999  -0.202803 0.965822 -0.161428  0.000000 0.000000 0
0  -0.000000 9.343848 19.524967  -0.202803 0.965822 -0.161428  0.000000 0.000000 0
c_invasion_wrangler_laser
0  -0.000000 9.343848 19.524967  0.382688 -0.323719 0.865307  0.000000 0.000000 0
0  -0.618719 8.848489 19.613277  0.382688 -0.323719 0.865307  0.000000 0.000000 0
0  -0.000000 8.938287 19.373243  0.382688 -0.323719 0.865307  0.000000 0.000000 0
c_invasion_wrangler_laser
0  -0.000000 8.938287 19.373243  -0.202799 -0.622712 -0.755713  0.000000 0.000000 0
0  -0.883884 9.144180 19.440784  -0.202799 -0.622712 -0.755713  0.000000 0.000000 0
0  -0.000000 9.272464 19.097878  -0.202799 -0.622712 -0.755713  0.000000 0.000000 0
c_invasion_wrangler_laser
0  -0.883884 9.144180 19.440784  -0.489612 0.865326 0.107195  0.000000 0.000000 0
0  -0.875000 9.037255 20.344494  -0.489612 0.865326 0.107195  0.000000 0.000000 0
0  -0.618719 9.254049 19.764999  -0.489612 0.865326 0.107195  0.000000 0.000000 0
c_invasion_wrangler_laser
0  -0.618719 9.254049 19.764999  0.923881 -0.134087 0.358420  0.000000 0.000000 0
0  -0.875000 8.631694 20.192770  0.923881 -0.134087 0.358420  0.000000 0.000000 0
0  -0.618719 8.848489 19.613277  0.923881 -0.134087 0.358420  0.000000 0.000000 0
c_invasion_wrangler_laser
0  -0.618719 8.848489 19.613277  -0.489610 -0.723207 -0.487087  0.000000 0.000000 0
0  -1.250000 8.834475 20.268633  -0.489610 -0.723207 -0.487087  0.000000 0.000000 0
0  -0.883884 9.144180 19.440784  -0.489610 -0.723207 -0.487087  0.000000 0.000000 0
c_invasion_wrangler_laser
0  -1.250000 8.834475 20.268633  -0.489605 0.723206 0.487093  0.000000 0.000000 0
0  -0.618719 8.820460 20.923986  -0.489605 0.723206 0.487093  0.000000 0.000000 0
0  -0.875000 9.037255 20.344494  -0.489605 0.723206 0.487093  0.000000 0.000000 0
c_invasion_wrangler_laser
0  -0.875000 9.037255 20.344494  0.923881 0.134088 -0.358420  0.000000 0.000000 0
0  -0.618719 8.414900 20.772264  0.923881 0.134088 -0.358420  0.000000 0.000000 0
0  -0.875000 8.631694 20.192770  0.923881 0.134088 -0.358420  0.000000 0.000000 0
c_invasion_wrangler_laser
0  -0.875000 8.631694 20.192770  -0.489610 -0.865327 -0.107197  0.000000 0.000000 0
0  -0.883884 8.524769 21.096479  -0.489610 -0.865327 -0.107197  0.000000 0.000000 0
0  -1.250000 8.834475 20.268633  -0.489610 -0.865327 -0.107197  0.000000 0.000000 0
c_invasion_wrangler_laser
0  -0.883884 8.524769 21.096479  -0.202799 0.622715 0.755710  0.000000 0.000000 0
0  -0.000000 8.730662 21.164021  -0.202799 0.622715 0.755710  0.000000 0.000000 0
0  -0.618719 8.820460 20.923986  -0.202799 0.622715 0.755710  0.000000 0.000000 0
c_invasion_wrangler_laser
0  -0.618719 8.820460 20.923986  0.382684 0.323716 -0.865310  0.000000 0.000000 0
0  -0.000000 8.325102 21.012299  0.382684 0.323716 -0.865310  0.000000 0.000000 0
0  -0.618719 8.414900 20.772264  0.382684 0.323716 -0.865310  0.000000 0.000000 0
c_invasion_wrangler_laser
0  -0.618719 8.414900 20.772264  -0.202804 -0.965822 0.161424  0.000000 0.000000 0
0  -0.000000 8.396485 21.439386  -0.202804 -0.965822 0.161424  0.000000 0.000000 0
0  -0.883884 8.524769 21.096479  -0.202804 -0.965822 0.161424  0.000000 0.000000 0
gold_player
0  -0.244019 9.912117 21.036934  0.000000 0.993263 0.115881  0.000000 0.000000 0
0  -0.000000 9.721883 22.667513  0.000000 0.993263 0.115881  0.297985 0.540026 0
0  -0.000000 9.912117 21.036934  0.000000 0.993263 0.115881  0.000000 0.000000 0
painted_wood_01
0  3.387505 0.927347 2.875000  -0.175575 0.983056 -0.052666  0.297985 0.540026 0
0  1.637505 0.728646 5.000000  -0.175571 0.983057 -0.052671  0.297985 0.540026 0
0  2.480859 0.837607 5.013293  -0.175572 0.983057 -0.052670  0.297985 0.540026 0
painted_wood_01
0  1.637505 0.728646 5.000000  0.049344 0.996520 -0.067186  0.297985 0.540026 0
0  2.012505 0.878646 7.500000  0.049341 0.996518 -0.067210  0.297985 0.540026 0
0  2.480859 0.837607 5.013293  0.049346 0.996520 -0.067179  0.297985 0.540026 0
gold_player
0  3.259901 -1.708854 1.414583  -0.649408 -0.755570 0.085925  0.297770 0.539834 0
0  2.455214 -0.833854 3.027083  -0.649408 -0.755570 0.085924  0.297770 0.539834 0
0  2.637505 -1.175521 1.483333  -0.649408 -0.755570 0.085925  0.297770 0.539834 0
painted_wood_01
0  2.480859 -0.880315 5.013293  -0.173302 -0.980869 0.088668  0.297985 0.540026 0
0  1.637505 -0.771354 5.000000  -0.173295 -0.980870 0.088671  0.297985 0.540026 0
0  2.455214 -0.833854 3.027083  -0.173296 -0.980870 0.088670  0.297985 0.540026 0
painted_wood_01
0  1.637505 -0.771354 5.000000  -0.036411 -0.997855 -0.054406  0.297985 0.540026 0
0  2.012505 -0.921354 7.500000  -0.036411 -0.997855 -0.054408  0.297985 0.540026 0
0  0.711255 -0.921354 6.950000  -0.036411 -0.997855 -0.054407  0.297985 0.540026 0
painted_wood_01
0  2.637505 -1.175521 1.483333  -0.994930 0.042040 -0.091359  0.297985 0.540026 0
0  2.512505 0.728646 2.875000  -0.994930 0.042041 -0.091360  0.297985 0.540026 0
0  2.845839 0.645312 -0.000000  -0.994930 0.042040 -0.091359  0.297985 0.540026 0
painted_wood_01
0  2.012505 -0.021354 7.500000  0.980953 -0.023385 0.192834  0.297985 0.540026 0
0  2.480859 -0.880315 5.013293  0.980953 -0.023385 0.192832  0.297985 0.540026 0
0  2.472947 -0.021354 5.266616  0.980953 -0.023385 0.192833  0.297985 0.540026 0
painted_wood_01
0  2.512505 0.728646 2.875000  -0.924267 -0.001646 -0.381743  0.297985 0.540026 0
0  1.637505 -0.771354 5.000000  -0.924267 -0.001646 -0.381743  0.297985 0.540026 0
0  1.637505 0.728646 5.000000  -0.924267 -0.001646 -0.381743  0.297985 0.540026 0
painted_wood_01
0  1.637505 -0.771354 5.000000  -0.910193 -0.018294 -0.413780  0.297985 0.540026 0
0  0.711255 -0.921354 6.950000  -0.910197 -0.018293 -0.413771  0.297985 0.540026 0
0  0.700005 -0.021354 7.187500  -0.910194 -0.018294 -0.413778  0.297985 0.540026 0
painted_wood_01
0  0.700005 -0.021354 7.187500  -0.310841 -0.126209 0.942045  0.297985 0.540026 0
0  2.012505 -0.921354 7.500000  -0.310843 -0.126207 0.942045  0.297985 0.540026 0
0  2.012505 -0.021354 7.500000  -0.310843 -0.126207 0.942045  0.297985 0.540026 0
painted_wood_01
0  0.714084 1.045015 6.790635  -0.347583 0.187867 0.918636  0.297985 0.540026 0
0  2.012505 -0.021354 7.500000  -0.347593 0.187875 0.918631  0.297985 0.540026 0
0  2.012505 0.878646 7.500000  -0.347576 0.187861 0.918640  0.297985 0.540026 0
painted_wood_01
0  2.012505 0.878646 7.500000  0.980955 0.023351 0.192828  0.297985 0.540026 0
0  2.472947 -0.021354 5.266616  0.980955 0.023351 0.192827  0.297985 0.540026 0
0  2.480859 0.837607 5.013293  0.980955 0.023351 0.192828  0.297985 0.540026 0
painted_wood_01
0  2.012505 0.878646 7.500000  0.991579 0.113950 0.061528  0.297985 0.540026 0
0  2.012505 -0.021354 9.166667  0.991579 0.113943 0.061541  0.297985 0.540026 0
0  2.012505 -0.021354 7.500000  0.991579 0.113950 0.061529  0.297985 0.540026 0
painted_wood_01
0  2.012505 -0.921354 7.500000  -0.991579 0.113945 -0.061538  0.297985 0.540026 0
0  2.012505 -0.021354 9.166667  -0.991579 0.113943 -0.061542  0.297985 0.540026 0
0  2.012505 -0.021354 7.500000  -0.991579 0.113950 -0.061529  0.297985 0.540026 0
painted_wood_01
0  2.012505 -0.021354 7.500000  0.805671 0.247883 -0.538004  0.297985 0.540026 0
0  2.784818 0.618858 8.951455  0.805660 0.247874 -0.538025  0.297985 0.540026 0
0  2.845839 -0.021354 8.333334  0.805660 0.247874 -0.538025  0.297985 0.540026 0
painted_wood_01
0  2.012505 -0.021354 7.500000  0.807343 -0.254579 -0.532341  0.297985 0.540026 0
0  2.784772 -0.624281 8.959509  0.807345 -0.254580 -0.532337  0.297985 0.540026 0
0  2.012505 -0.921354 7.500000  0.807340 -0.254577 -0.532346  0.297985 0.540026 0
painted_wood_01
0  2.845839 -0.021354 8.333334  0.995223 0.000596 0.097631  0.297985 0.540026 0
0  2.784818 0.618858 8.951455  0.995223 0.000596 0.097631  0.297985 0.540026 0
0  2.784772 -0.624281 8.959509  0.995223 0.000596 0.097631  0.297985 0.540026 0
painted_wood_01
0  -0.000000 0.778795 7.916151  -0.085695 0.000326 0.996321  0.297985 0.540026 0
0  -0.000000 -0.688021 7.833333  -0.085700 0.000311 0.996321  0.297985 0.540026 0
0  0.512505 -0.021354 7.833333  -0.085696 0.000323 0.996321  0.297985 0.540026 0
painted_wood_01
0  0.711255 -0.921354 6.950000  -0.986441 -0.074126 -0.146426  0.297985 0.540026 0
0  0.512505 -0.021354 7.833333  -0.986441 -0.074123 -0.146423  0.297985 0.540026 0
0  0.700005 -0.021354 7.187500  -0.986440 -0.074129 -0.146429  0.297985 0.540026 0
painted_wood_01
0  0.700005 -0.021354 7.187500  -0.989498 0.057182 -0.132757  0.297985 0.540026 0
0  0.647666 0.958736 7.999691  -0.989497 0.057179 -0.132760  0.297985 0.540026 0
0  0.714084 1.045015 6.790635  -0.989498 0.057183 -0.132757  0.297985 0.540026 0
painted_wood_01
0  0.635942 -0.896354 8.062500  -0.715909 0.014471 0.698044  0.297985 0.540026 0
0  1.793755 -0.896875 9.402347  -0.715892 0.014475 0.698061  0.297985 0.540026 0
0  2.012505 -0.021354 9.166667  -0.715904 0.014472 0.698049  0.297985 0.540026 0
painted_wood_01
0  2.012505 0.878646 7.500000  0.073939 0.996367 0.042252  0.297985 0.540026 0
0  0.647666 0.958736 7.999691  0.073937 0.996367 0.042253  0.297985 0.540026 0
0  1.793755 0.854167 9.402347  0.073936 0.996368 0.042253  0.297985 0.540026 0
painted_wood_01
0  2.012505 -0.921354 7.500000  -0.011934 -0.999813 0.015230  0.297985 0.540026 0
0  0.635942 -0.896354 8.062500  -0.011934 -0.999813 0.015230  0.297985 0.540026 0
0  0.711255 -0.921354 6.950000  -0.011934 -0.999813 0.015230  0.297985 0.540026 0
painted_wood_01
0  2.282129 -0.767092 12.246031  -0.272462 -0.721384 0.636687  0.297985 0.540026 0
0  1.818061 -0.021353 12.892387  -0.272453 -0.721398 0.636674  0.297985 0.540026 0
0  1.861639 -0.827341 12.093597  -0.272460 -0.721387 0.636684  0.297985 0.540026 0
painted_wood_01
0  2.183056 0.028359 13.200748  -0.416298 0.676547 0.607438  0.297985 0.540026 0
0  1.861700 0.834346 12.082859  -0.416294 0.676536 0.607452  0.297985 0.540026 0
0  1.818061 -0.021353 12.892387  -0.416297 0.676543 0.607442  0.297985 0.540026 0
painted_wood_01
0  2.012505 -0.021354 9.166667  -0.999789 0.000042 -0.020516  0.297985 0.540026 0
0  1.861639 -0.827341 12.093597  -0.999789 0.000043 -0.020516  0.297985 0.540026 0
0  1.861700 0.834346 12.082859  -0.999789 0.000042 -0.020516  0.297985 0.540026 0
painted_wood_01
0  1.793755 -0.896875 9.402347  0.246725 -0.968936 0.017042  0.297985 0.540026 0
0  2.784772 -0.624281 8.959509  0.246724 -0.968936 0.017042  0.297985 0.540026 0
0  2.282129 -0.767092 12.246031  0.246725 -0.968936 0.017043  0.297985 0.540026 0
painted_wood_01
0  -0.000000 0.944716 6.664604  0.154286 -0.179807 -0.971527  0.297985 0.540026 0
0  0.700005 -0.021354 7.187500  0.154282 -0.179812 -0.971527  0.297985 0.540026 0
0  -0.000000 -0.688021 7.166667  0.154284 -0.179810 -0.971527  0.297985 0.540026 0
painted_wood_01
0  2.784818 0.618858 8.951455  0.167425 0.985853 -0.007922  0.297985 0.540026 0
0  1.793755 0.854167 9.402347  0.167428 0.985852 -0.007918  0.297985 0.540026 0
0  2.282311 0.873522 12.213814  0.167428 0.985852 -0.007918  0.297985 0.540026 0
painted_wood_01
0  2.845839 0.645312 -0.000000  -0.106354 0.991326 -0.077212  0.297985 0.540026 0
0  3.387505 0.927347 2.875000  -0.106352 0.991327 -0.077201  0.297985 0.540026 0
0  4.121283 0.677346 -0.000000  -0.106354 0.991326 -0.077215  0.297985 0.540026 0
painted_wood_01
0  0.670826 3.978646 1.987620  0.994962 0.000000 0.100255  0.297985 0.540026 0
0  0.570064 3.053749 2.987620  0.994962 0.000000 0.100255  0.297985 0.540026 0
0  0.670826 2.978646 1.987620  0.994962 0.000000 0.100255  0.297985 0.540026 0
painted_wood_01
0  0.670826 2.978646 1.987620  0.000000 -0.997192 0.074892  0.297985 0.540026 0
0  0.000000 3.053749 2.987620  0.000000 -0.997192 0.074892  0.297985 0.540026 0
0  0.000000 2.978646 1.987620  0.000000 -0.997192 0.074892  0.297985 0.540026 0
painted_wood_01
0  0.570064 3.903543 2.987620  0.986884 0.065377 -0.147599  0.297985 0.540026 0
0  0.943955 2.775069 4.987620  0.986884 0.065379 -0.147603  0.297985 0.540026 0
0  0.570064 3.053749 2.987620  0.986883 0.065380 -0.147605  0.297985 0.540026 0
painted_wood_01
0  0.570064 3.053749 2.987620  0.000000 -0.990431 -0.138007  0.297985 0.540026 0
0  -0.000000 2.775069 4.987620  0.000000 -0.990431 -0.138007  0.297985 0.540026 0
0  0.000000 3.053749 2.987620  0.000000 -0.990431 -0.138007  0.297985 0.540026 0
painted_wood_01
0  0.943955 2.775069 4.987620  0.096121 -0.698913 -0.708718  0.297985 0.540026 0
0  -0.000000 0.944716 6.664604  0.096121 -0.698913 -0.708718  0.297985 0.540026 0
0  -0.000000 2.775069 4.987620  0.096124 -0.698906 -0.708724  0.297985 0.540026 0
painted_wood_01
0  0.728230 2.580435 6.993810  0.994039 -0.031049 0.104512  0.297985 0.540026 0
0  0.620368 1.779541 7.496905  0.994039 -0.031048 0.104512  0.297985 0.540026 0
0  0.714084 1.045015 6.790635  0.994039 -0.031046 0.104512  0.297985 0.540026 0
painted_wood_01
0  0.728230 2.580435 6.993810  0.000000 0.531926 0.846791  0.297985 0.540026 0
0  0.310184 1.779541 7.496905  0.000000 0.531926 0.846791  0.297985 0.540026 0
0  0.620368 1.779541 7.496905  0.000000 0.531926 0.846791  0.297985 0.540026 0
painted_wood_01
0  0.620368 1.779541 7.496905  0.014098 0.526483 0.850069  0.297985 0.540026 0
0  0.265241 1.112129 7.916151  0.014098 0.526483 0.850069  0.297985 0.540026 0
0  0.647666 0.958736 7.999691  0.014098 0.526484 0.850068  0.297985 0.540026 0
painted_wood_01
0  0.943955 4.182223 5.987620  0.000000 0.531925 0.846791  0.297985 0.540026 0
0  0.418047 3.381329 6.490715  0.000000 0.531925 0.846791  0.297985 0.540026 0
0  0.836093 3.381329 6.490715  0.000000 0.531925 0.846791  0.297985 0.540026 0
painted_wood_01
0  0.391081 2.980882 6.742263  0.000000 0.531926 0.846791  0.297985 0.540026 0
0  0.364115 2.580435 6.993810  0.000000 0.531926 0.846791  0.297985 0.540026 0
0  0.728230 2.580435 6.993810  0.000000 0.531926 0.846791  0.297985 0.540026 0
gold_player
0  3.918755 -1.085680 1.487500  0.629963 -0.733330 0.255683  0.297770 0.539834 0
0  3.075005 -1.425521 2.591667  0.629964 -0.733330 0.255682  0.297770 0.539834 0
0  3.259901 -1.708854 1.414583  0.629965 -0.733329 0.255681  0.297770 0.539834 0
gold_player
0  4.300971 -0.882555 0.000000  0.709909 -0.694548 0.116758  0.297770 0.539834 0
0  3.259901 -1.708854 1.414583  0.709909 -0.694547 0.116758  0.297770 0.539834 0
0  3.439589 -1.825521 0.000000  0.709913 -0.694545 0.116753  0.297770 0.539834 0
gold_player
0  3.439589 -1.825521 0.000000  -0.721305 -0.686868 -0.089052  0.297770 0.539834 0
0  2.637505 -1.175521 1.483333  -0.721305 -0.686869 -0.089054  0.297770 0.539834 0
0  2.668755 -0.904688 0.000000  -0.721309 -0.686865 -0.089045  0.297770 0.539834 0
painted_wood_01
0  -0.000000 -0.688021 7.166667  -0.311574 -0.950222 0.000201  0.297985 0.540026 0
0  0.635942 -0.896354 8.062500  -0.311574 -0.950222 0.000201  0.297985 0.540026 0
0  -0.000000 -0.688021 7.833333  -0.311574 -0.950222 0.000201  0.297985 0.540026 0
painted_wood_01
0  0.000000 3.903543 2.987620  0.000000 0.997192 0.074892  0.297985 0.540026 0
0  0.670826 3.978646 1.987620  0.000000 0.997192 0.074892  0.297985 0.540026 0
0  0.000000 3.978646 1.987620  0.000000 0.997192 0.074892  0.297985 0.540026 0
painted_wood_01
0  0.471977 4.182223 5.987620  0.000000 0.995713 -0.092495  0.297985 0.540026 0
0  0.570064 3.903543 2.987620  0.000000 0.995713 -0.092495  0.297985 0.540026 0
0  0.000000 3.903543 2.987620  0.000000 0.995713 -0.092495  0.297985 0.540026 0
painted_wood_01
0  0.670826 2.978646 -0.000000  0.000000 -1.000000 0.000000  0.297985 0.540026 0
0  0.000000 2.978646 1.987620  0.000000 -1.000000 0.000000  0.297985 0.540026 0
0  0.000000 2.978646 -0.000000  0.000000 -1.000000 0.000000  0.297985 0.540026 0
painted_wood_01
0  0.000000 3.978646 1.987620  0.000000 1.000000 -0.000000  0.297985 0.540026 0
0  0.670826 3.978646 -0.000000  0.000000 1.000000 -0.000000  0.297985 0.540026 0
0  0.000000 3.978646 -0.000000  0.000000 1.000000 -0.000000  0.297985 0.540026 0
painted_wood_01
0  0.670826 2.978646 -0.000000  1.000000 -0.000000 0.000000  0.297985 0.540026 0
0  0.670826 3.978646 1.987620  1.000000 -0.000000 0.000000  0.297985 0.540026 0
0  0.670826 2.978646 1.987620  1.000000 -0.000000 0.000000  0.297985 0.540026 0
painted_wood_01
0  -0.000000 0.778795 7.916151  -0.254710 0.439767 0.861236  0.297985 0.540026 0
0  0.310184 1.779541 7.496905  -0.254716 0.439747 0.861244  0.297985 0.540026 0
0  -0.000000 1.779541 7.496905  -0.254709 0.439769 0.861235  0.297985 0.540026 0
painted_wood_01
0  4.394749 0.501679 0.708226  0.516946 0.852922 0.072735  0.297985 0.540026 0
0  3.387505 0.927347 2.875000  0.516940 0.852925 0.072749  0.297985 0.540026 0
0  3.645416 0.716896 2.918450  0.516940 0.852925 0.072747  0.297985 0.540026 0
painted_wood_01
0  3.645416 0.716896 2.918450  0.593606 0.751967 0.286667  0.297985 0.540026 0
0  2.480859 0.837607 5.013293  0.593606 0.751967 0.286667  0.297985 0.540026 0
0  2.921625 0.666885 4.522981  0.593606 0.751967 0.286666  0.297985 0.540026 0
painted_wood_01
0  4.198238 -0.565172 1.635876  0.810251 -0.563748 0.160255  0.297985 0.540026 0
0  4.300971 -0.882555 0.000000  0.810251 -0.563746 0.160263  0.297985 0.540026 0
0  4.545433 -0.446622 0.566948  0.810251 -0.563748 0.160256  0.297985 0.540026 0
painted_wood_01
0  3.009807 -0.428817 4.569202  0.766906 -0.509689 0.389965  0.297985 0.540026 0
0  3.392714 -1.032555 3.027083  0.766906 -0.509690 0.389965  0.297985 0.540026 0
0  3.687321 -0.526207 3.103505  0.766905 -0.509689 0.389965  0.297985 0.540026 0
painted_wood_01
0  2.863658 0.119034 4.750208  0.752470 -0.117623 0.648038  0.297985 0.540026 0
0  2.480859 -0.880315 5.013293  0.752468 -0.117630 0.648040  0.297985 0.540026 0
0  3.009807 -0.428817 4.569202  0.752470 -0.117623 0.648038  0.297985 0.540026 0
painted_wood_01
0  4.545433 -0.446622 0.566948  0.906720 0.141823 -0.397172  0.297985 0.540026 0
0  4.121283 0.677346 -0.000000  0.906719 0.141825 -0.397173  0.297985 0.540026 0
0  4.394749 0.501679 0.708226  0.906717 0.141829 -0.397175  0.297985 0.540026 0
painted_wood_01
0  2.921625 0.666885 4.522981  0.761382 0.177392 0.623562  0.297985 0.540026 0
0  2.472947 -0.021354 5.266616  0.761382 0.177392 0.623562  0.297985 0.540026 0
0  2.863658 0.119034 4.750208  0.761382 0.177392 0.623562  0.297985 0.540026 0
painted_wood_01
0  3.687321 -0.526207 3.103505  0.805516 -0.514743 0.293569  0.297985 0.540026 0
0  3.918755 -1.085680 1.487500  0.805516 -0.514743 0.293569  0.297985 0.540026 0
0  4.198238 -0.565172 1.635876  0.805516 -0.514743 0.293569  0.297985 0.540026 0
painted_wood_01
0  -0.000000 4.182223 5.987620  0.000000 1.000000 0.000000  0.297985 0.540026 0
0  0.471977 4.182223 6.415843  0.000000 1.000000 0.000000  0.297985 0.540026 0
0  0.471977 4.182223 5.987620  0.000000 1.000000 0.000000  0.297985 0.540026 0
painted_wood_01
0  0.471977 4.182223 5.987620  0.997741 -0.067186 0.000000  0.297985 0.540026 0
0  0.418047 3.381329 6.918938  0.997741 -0.067186 0.000000  0.297985 0.540026 0
0  0.418047 3.381329 6.490715  0.997741 -0.067186 0.000000  0.297985 0.540026 0
painted_wood_01
0  0.418047 3.381329 6.490715  0.997740 -0.067188 0.000000  0.297985 0.540026 0
0  0.391081 2.980882 7.170486  0.997740 -0.067188 0.000000  0.297985 0.540026 0
0  0.391081 2.980882 6.742263  0.997740 -0.067188 0.000000  0.297985 0.540026 0
painted_wood_01
0  0.310184 1.779541 7.496905  0.000000 -1.000000 -0.000000  0.297985 0.540026 0
0  -0.000000 1.779541 7.925128  0.000000 -1.000000 -0.000000  0.297985 0.540026 0
0  -0.000000 1.779541 7.496905  0.000000 -1.000000 -0.000000  0.297985 0.540026 0
painted_wood_01
0  0.364115 2.580435 6.993810  0.997741 -0.067185 0.000000  0.297985 0.540026 0
0  0.310184 1.779541 7.925128  0.997741 -0.067185 0.000000  0.297985 0.540026 0
0  0.310184 1.779541 7.496905  0.997741 -0.067185 0.000000  0.297985 0.540026 0
painted_wood_01
0  0.391081 2.980882 6.742263  0.997740 -0.067187 0.000000  0.297985 0.540026 0
0  0.364115 2.580435 7.422033  0.997740 -0.067187 0.000000  0.297985 0.540026 0
0  0.364115 2.580435 6.993810  0.997740 -0.067187 0.000000  0.297985 0.540026 0
painted_wood_01
0  0.418047 3.381329 6.918938  0.746045 -0.389508 -0.540093  0.297985 0.540026 0
0  0.798587 2.980882 7.733386  0.746045 -0.389508 -0.540093  0.297985 0.540026 0
0  0.391081 2.980882 7.170486  0.746045 -0.389508 -0.540093  0.297985 0.540026 0
painted_wood_01
0  -0.000000 4.182223 6.415843  0.000000 1.000000 0.000000  0.297985 0.540026 0
0  0.879483 4.182223 6.978743  0.000000 1.000000 0.000000  0.297985 0.540026 0
0  0.471977 4.182223 6.415843  0.000000 1.000000 0.000000  0.297985 0.540026 0
painted_wood_01
0  0.471977 4.182223 6.415843  0.746046 -0.389505 -0.540094  0.297985 0.540026 0
0  0.825553 3.381329 7.481838  0.746046 -0.389505 -0.540094  0.297985 0.540026 0
0  0.418047 3.381329 6.918938  0.746046 -0.389505 -0.540094  0.297985 0.540026 0
painted_wood_01
0  0.364115 2.580435 7.422033  0.746046 -0.389506 -0.540093  0.297985 0.540026 0
0  0.717691 1.779541 8.488029  0.746046 -0.389506 -0.540093  0.297985 0.540026 0
0  0.310184 1.779541 7.925128  0.746046 -0.389506 -0.540093  0.297985 0.540026 0
painted_wood_01
0  0.391081 2.980882 7.170486  0.746046 -0.389506 -0.540092  0.297985 0.540026 0
0  0.771621 2.580435 7.984934  0.746046 -0.389506 -0.540092  0.297985 0.540026 0
0  0.364115 2.580435 7.422033  0.746046 -0.389506 -0.540092  0.297985 0.540026 0
painted_wood_01
0  0.717691 1.779541 8.488029  0.775698 -0.288003 -0.561558  0.297985 0.540026 0
0  0.310184 -2.786392 10.266833  0.775698 -0.288003 -0.561558  0.297985 0.540026 0
0  0.310184 1.779541 7.925128  0.775698 -0.288003 -0.561558  0.297985 0.540026 0
painted_wood_01
0  0.717691 -2.786392 12.004841  1.000000 0.000000 0.000000  0.297985 0.540026 0
0  0.717691 -3.547147 11.251204  1.000000 0.000000 0.000000  0.297985 0.540026 0
0  0.717691 -2.786392 10.829734  1.000000 0.000000 0.000000  0.297985 0.540026 0
painted_wood_01
0  0.825553 3.381329 7.481838  0.997740 -0.067188 0.000000  0.297985 0.540026 0
0  0.798587 2.980882 8.487022  0.997740 -0.067188 0.000000  0.297985 0.540026 0
0  0.798587 2.980882 7.733386  0.997740 -0.067188 0.000000  0.297985 0.540026 0
painted_wood_01
0  0.310184 1.779541 7.925128  0.000000 -0.456348 -0.889802  0.297985 0.540026 0
0  -0.000000 -2.786392 10.266833  0.000000 -0.456348 -0.889802  0.297985 0.540026 0
0  -0.000000 1.779541 7.925128  0.000000 -0.456348 -0.889802  0.297985 0.540026 0
painted_wood_01
0  -0.000000 -2.786392 12.004841  0.000000 0.000000 1.000000  0.297985 0.540026 0
0  0.717691 -3.547147 12.004841  0.000000 0.000000 1.000000  0.297985 0.540026 0
0  0.717691 -2.786392 12.004841  0.000000 0.000000 1.000000  0.297985 0.540026 0
painted_wood_01
0  -0.000000 4.182223 7.732379  0.000000 0.000000 1.000000  0.000000 0.000000 0
0  0.879483 4.640938 7.732379  0.000000 0.000000 1.000000  0.297985 0.540026 0
0  -0.000000 4.640938 7.732379  0.000000 0.000000 1.000000  0.297985 0.540026 0
painted_wood_01
0  0.879483 4.182223 6.978743  0.997741 -0.067185 0.000000  0.297985 0.540026 0
0  0.825553 3.381329 8.235475  0.997741 -0.067185 0.000000  0.297985 0.540026 0
0  0.825553 3.381329 7.481838  0.997741 -0.067185 0.000000  0.297985 0.540026 0
painted_wood_01
0  0.717691 1.779541 8.488029  1.000000 0.000000 0.000000  0.297985 0.540026 0
0  0.717691 -2.786392 12.004841  1.000000 0.000000 0.000000  0.297985 0.540026 0
0  0.717691 -2.786392 10.829734  1.000000 0.000000 0.000000  0.297985 0.540026 0
painted_wood_01
0  0.771621 2.580435 7.984934  0.997741 -0.067185 0.000000  0.297985 0.540026 0
0  0.717691 1.779541 9.241665  0.997741 -0.067185 0.000000  0.297985 0.540026 0
0  0.717691 1.779541 8.488029  0.997741 -0.067185 0.000000  0.297985 0.540026 0
painted_wood_01
0  0.798587 2.980882 7.733386  0.997740 -0.067188 0.000000  0.297985 0.540026 0
0  0.771621 2.580435 8.738570  0.997740 -0.067188 0.000000  0.297985 0.540026 0
0  0.771621 2.580435 7.984934  0.997740 -0.067188 0.000000  0.297985 0.540026 0
painted_wood_01
0  -0.000000 4.640938 6.978743  0.000000 1.000000 0.000000  0.297985 0.540026 0
0  0.879483 4.640938 7.732379  0.000000 1.000000 0.000000  0.297985 0.540026 0
0  0.879483 4.640938 6.978743  0.000000 1.000000 0.000000  0.297985 0.540026 0
painted_wood_01
0  0.879483 4.182223 6.978743  1.000000 0.000000 0.000000  0.297985 0.540026 0
0  0.879483 4.640938 7.732379  1.000000 0.000000 0.000000  0.297985 0.540026 0
0  0.879483 4.182223 7.732379  1.000000 0.000000 0.000000  0.297985 0.540026 0
painted_wood_01
0  -0.000000 4.182223 6.978743  0.000000 0.000000 -1.000000  0.297985 0.540026 0
0  0.879483 4.640938 6.978743  0.000000 0.000000 -1.000000  0.297985 0.540026 0
0  0.879483 4.182223 6.978743  0.000000 0.000000 -1.000000  0.297985 0.540026 0
painted_wood_01
0  -0.000000 4.182223 7.732379  0.000000 1.000000 0.000000  0.000000 0.000000 0
0  -0.000000 4.182223 8.324379  0.000000 1.000000 0.000000  0.000000 0.000000 0
0  0.879483 4.182223 7.732379  0.000000 1.000000 0.000000  0.297985 0.540026 0
painted_wood_01
0  0.879483 4.182223 7.732379  0.495199 0.462127 0.735675  0.297985 0.540026 0
0  -0.000000 4.182223 8.324379  0.495199 0.462127 0.735675  0.000000 0.000000 0
0  -0.000000 1.779541 9.833665  0.495199 0.462127 0.735675  0.000000 0.000000 0
painted_wood_01
0  0.771621 2.580435 8.738570  0.582063 0.404066 0.705644  0.297985 0.540026 0
0  0.798587 2.980882 8.487022  0.582063 0.404066 0.705644  0.297985 0.540026 0
0  -0.000000 1.779541 9.833665  0.582063 0.404066 0.705644  0.000000 0.000000 0
painted_wood_01
0  -0.000000 1.779541 9.833665  0.570256 0.443703 0.691328  0.000000 0.000000 0
0  -0.000000 -0.503425 11.298902  0.570256 0.443703 0.691328  0.000000 0.000000 0
0  0.717691 1.779541 9.241665  0.570256 0.443703 0.691328  0.297985 0.540026 0
painted_wood_01
0  -0.000000 -0.503425 11.298902  0.000000 0.669426 0.742879  0.000000 0.000000 0
0  0.308368 -0.503425 11.298902  0.000000 0.669426 0.742879  0.000000 0.000000 0
0  0.717691 1.779541 9.241665  0.000000 0.669426 0.742879  0.297985 0.540026 0
painted_wood_01
0  0.717691 1.779541 9.241665  0.816105 0.299207 0.494416  0.297985 0.540026 0
0  0.308368 -0.503425 11.298902  0.816105 0.299207 0.494416  0.000000 0.000000 0
0  0.717691 -2.786392 12.004841  0.816105 0.299207 0.494416  0.297985 0.540026 0
painted_wood_01
0  -0.000000 -2.786392 12.004841  0.000000 0.295419 0.955368  0.297985 0.540026 0
0  0.717691 -2.786392 12.004841  0.000000 0.295419 0.955368  0.297985 0.540026 0
0  0.308368 -0.503425 11.298902  0.000000 0.295419 0.955368  0.000000 0.000000 0
painted_wood_01
0  0.308368 -0.503425 11.298902  0.992001 -0.116637 0.048258  0.000000 0.000000 0
0  -0.000000 -1.372620 15.536958  0.992001 -0.116638 0.048258  0.297985 0.540026 0
0  -0.000000 -2.786392 12.004841  0.992001 -0.116637 0.048258  0.297985 0.540026 0
gold_player
0  -0.000000 -0.503425 11.298902  0.000000 0.920031 -0.391846  0.000000 0.000000 0
0  0.308368 1.250245 15.416418  0.000000 0.920031 -0.391846  0.000000 0.000000 0
0  0.308368 -0.503425 11.298902  0.000000 0.920031 -0.391846  0.000000 0.000000 0
painted_wood_01
0  0.308368 1.250245 15.416418  0.986923 -0.110966 0.116919  0.000000 0.000000 0
0  -0.000000 3.970487 20.601133  0.986923 -0.110966 0.116919  0.297985 0.540026 0
0  -0.000000 -1.372620 15.536958  0.986923 -0.110966 0.116919  0.297985 0.540026 0
gold_player
0  -0.000000 1.250245 15.416418  0.000000 0.689640 -0.724153  0.000000 0.000000 0
0  0.308368 5.362863 19.333027  0.000000 0.689640 -0.724153  0.000000 0.000000 0
0  0.308368 1.250245 15.416418  0.000000 0.689640 -0.724153  0.000000 0.000000 0
painted_wood_01
0  0.308368 5.362863 19.333027  0.985836 -0.052182 0.159385  0.000000 0.000000 0
0  -0.000000 9.721883 22.667513  0.985836 -0.052181 0.159386  0.297985 0.540026 0
0  -0.000000 3.970487 20.601133  0.985836 -0.052182 0.159385  0.297985 0.540026 0
gold_player
0  -0.000000 5.362863 19.333027  0.000000 0.350751 -0.936469  0.000000 0.000000 0
0  0.244019 9.912117 21.036934  0.000000 0.350751 -0.936469  0.000000 0.000000 0
0  0.308368 5.362863 19.333027  0.000000 0.350751 -0.936469  0.000000 0.000000 0
painted_wood_01
0  0.310184 -3.547147 10.688304  0.000000 -1.000000 0.000000  0.297985 0.540026 0
0  -0.000000 -3.547147 11.251204  0.000000 -1.000000 0.000000  0.297985 0.540026 0
0  -0.000000 -3.547147 10.688304  0.000000 -1.000000 0.000000  0.297985 0.540026 0
painted_wood_01
0  0.717691 -3.547147 11.251204  0.000000 -1.000000 0.000000  0.297985 0.540026 0
0  -0.000000 -3.547147 12.004841  0.000000 -1.000000 0.000000  0.297985 0.540026 0
0  -0.000000 -3.547147 11.251204  0.000000 -1.000000 0.000000  0.297985 0.540026 0
painted_wood_01
0  0.717691 -2.786392 10.829734  0.770383 -0.308981 -0.557710  0.297985 0.540026 0
0  0.310184 -3.547147 10.688304  0.770383 -0.308981 -0.557710  0.297985 0.540026 0
0  0.310184 -2.786392 10.266833  0.770383 -0.308981 -0.557710  0.297985 0.540026 0
painted_wood_01
0  0.310184 -2.786392 10.266833  0.000000 -0.484614 -0.874728  0.297985 0.540026 0
0  -0.000000 -3.547147 10.688304  0.000000 -0.484614 -0.874728  0.297985 0.540026 0
0  -0.000000 -2.786392 10.266833  0.000000 -0.484614 -0.874728  0.297985 0.540026 0
painted_wood_01
0  3.009807 -0.428817 4.569202  0.928852 0.091819 0.358892  0.297985 0.540026 0
0  3.687321 -0.526207 3.103505  0.928852 0.091820 0.358892  0.297985 0.540026 0
0  2.921625 0.666885 4.522981  0.928852 0.091815 0.358892  0.297985 0.540026 0
c_invasion_wrangler_laser
0  -0.000000 1.160285 11.954980  0.202803 0.769949 0.605020  0.000000 0.000000 0
0  0.618719 0.654856 12.390794  0.202803 0.769949 0.605020  0.000000 0.000000 0
0  0.883884 0.820445 12.091182  0.202803 0.769949 0.605020  0.000000 0.000000 0
c_invasion_wrangler_laser
0  -0.000000 0.892743 12.295453  -0.382683 -0.857569 0.343698  0.000000 0.000000 0
0  0.618719 0.493768 11.988860  -0.382683 -0.857569 0.343698  0.000000 0.000000 0
0  0.618719 0.654856 12.390794  -0.382683 -0.857569 0.343698  0.000000 0.000000 0
c_invasion_wrangler_laser
0  -0.000000 0.731656 11.893519  0.202802 0.138989 -0.969306  0.000000 0.000000 0
0  0.883884 0.820445 12.091182  0.202802 0.138989 -0.969306  0.000000 0.000000 0
0  0.618719 0.493768 11.988860  0.202802 0.138989 -0.969306  0.000000 0.000000 0
c_invasion_wrangler_laser
0  0.883884 0.820445 12.091182  0.489613 0.503726 0.711716  0.000000 0.000000 0
0  0.875000 0.080545 12.620967  0.489613 0.503726 0.711716  0.000000 0.000000 0
0  1.250000 0.000002 12.420000  0.489613 0.503726 0.711716  0.000000 0.000000 0
c_invasion_wrangler_laser
0  0.618719 0.654856 12.390794  -0.923879 -0.355218 0.142365  0.000000 0.000000 0
0  0.875000 -0.080542 12.219033  -0.923879 -0.355218 0.142365  0.000000 0.000000 0
0  0.875000 0.080545 12.620967  -0.923879 -0.355218 0.142365  0.000000 0.000000 0
c_invasion_wrangler_laser
0  0.618719 0.493768 11.988860  0.489609 -0.127234 -0.862609  0.000000 0.000000 0
0  1.250000 0.000002 12.420000  0.489609 -0.127234 -0.862609  0.000000 0.000000 0
0  0.875000 -0.080542 12.219033  0.489609 -0.127234 -0.862609  0.000000 0.000000 0
c_invasion_wrangler_laser
0  1.250000 0.000002 12.420000  0.489606 0.127233 0.862611  0.000000 0.000000 0
0  0.618719 -0.493765 12.851140  0.489606 0.127233 0.862611  0.000000 0.000000 0
0  0.883884 -0.820442 12.748818  0.489606 0.127233 0.862611  0.000000 0.000000 0
c_invasion_wrangler_laser
0  0.875000 0.080545 12.620967  -0.923879 0.355217 -0.142365  0.000000 0.000000 0
0  0.618719 -0.654853 12.449206  -0.923879 0.355217 -0.142365  0.000000 0.000000 0
0  0.618719 -0.493765 12.851140  -0.923879 0.355217 -0.142365  0.000000 0.000000 0
c_invasion_wrangler_laser
0  0.875000 -0.080542 12.219033  0.489608 -0.503727 -0.711718  0.000000 0.000000 0
0  0.883884 -0.820442 12.748818  0.489608 -0.503727 -0.711718  0.000000 0.000000 0
0  0.618719 -0.654853 12.449206  0.489608 -0.503727 -0.711718  0.000000 0.000000 0
c_invasion_wrangler_laser
0  0.883884 -0.820442 12.748818  0.202805 -0.138987 0.969305  0.000000 0.000000 0
0  -0.000000 -0.731653 12.946481  0.202805 -0.138987 0.969305  0.000000 0.000000 0
0  -0.000000 -1.160281 12.885020  0.202805 -0.138987 0.969305  0.000000 0.000000 0
c_invasion_wrangler_laser
0  0.618719 -0.493765 12.851140  -0.382684 0.857569 -0.343698  0.000000 0.000000 0
0  -0.000000 -0.892740 12.544547  -0.382684 0.857569 -0.343698  0.000000 0.000000 0
0  -0.000000 -0.731653 12.946481  -0.382684 0.857569 -0.343698  0.000000 0.000000 0
c_invasion_wrangler_laser
0  0.618719 -0.654853 12.449206  0.202803 -0.769949 -0.605020  0.000000 0.000000 0
0  -0.000000 -1.160281 12.885020  0.202803 -0.769949 -0.605020  0.000000 0.000000 0
0  -0.000000 -0.892740 12.544547  0.202803 -0.769949 -0.605020  0.000000 0.000000 0
c_invasion_wrangler_laser
0  -0.000000 1.816626 13.571524  0.202803 0.769949 0.605020  0.000000 0.000000 0
0  0.618719 1.311197 14.007338  0.202803 0.769949 0.605020  0.000000 0.000000 0
0  0.883884 1.476786 13.707726  0.202803 0.769949 0.605020  0.000000 0.000000 0
c_invasion_wrangler_laser
0  -0.000000 1.549085 13.911997  -0.382683 -0.857570 0.343698  0.000000 0.000000 0
0  0.618719 1.150109 13.605404  -0.382683 -0.857570 0.343698  0.000000 0.000000 0
0  0.618719 1.311197 14.007338  -0.382683 -0.857570 0.343698  0.000000 0.000000 0
c_invasion_wrangler_laser
0  -0.000000 1.387997 13.510063  0.202803 0.138989 -0.969305  0.000000 0.000000 0
0  0.883884 1.476786 13.707726  0.202803 0.138989 -0.969305  0.000000 0.000000 0
0  0.618719 1.150109 13.605404  0.202803 0.138989 -0.969305  0.000000 0.000000 0
c_invasion_wrangler_laser
0  0.883884 1.476786 13.707726  0.489610 0.503727 0.711717  0.000000 0.000000 0
0  0.875000 0.736887 14.237511  0.489610 0.503727 0.711717  0.000000 0.000000 0
0  1.250000 0.656343 14.036544  0.489610 0.503727 0.711717  0.000000 0.000000 0
c_invasion_wrangler_laser
0  0.618719 1.311197 14.007338  -0.923879 -0.355217 0.142364  0.000000 0.000000 0
0  0.875000 0.575799 13.835577  -0.923879 -0.355217 0.142364  0.000000 0.000000 0
0  0.875000 0.736887 14.237511  -0.923879 -0.355217 0.142364  0.000000 0.000000 0
c_invasion_wrangler_laser
0  0.618719 1.150109 13.605404  0.489612 -0.127233 -0.862608  0.000000 0.000000 0
0  1.250000 0.656343 14.036544  0.489612 -0.127233 -0.862608  0.000000 0.000000 0
0  0.875000 0.575799 13.835577  0.489612 -0.127233 -0.862608  0.000000 0.000000 0
c_invasion_wrangler_laser
0  1.250000 0.656343 14.036544  0.489611 0.127232 0.862608  0.000000 0.000000 0
0  0.618719 0.162576 14.467684  0.489611 0.127232 0.862608  0.000000 0.000000 0
0  0.883884 -0.164101 14.365362  0.489611 0.127232 0.862608  0.000000 0.000000 0
c_invasion_wrangler_laser
0  0.875000 0.736887 14.237511  -0.923880 0.355217 -0.142364  0.000000 0.000000 0
0  0.618719 0.001488 14.065750  -0.923880 0.355217 -0.142364  0.000000 0.000000 0
0  0.618719 0.162576 14.467684  -0.923880 0.355217 -0.142364  0.000000 0.000000 0
c_invasion_wrangler_laser
0  0.875000 0.575799 13.835577  0.489610 -0.503727 -0.711717  0.000000 0.000000 0
0  0.883884 -0.164101 14.365362  0.489610 -0.503727 -0.711717  0.000000 0.000000 0
0  0.618719 0.001488 14.065750  0.489610 -0.503727 -0.711717  0.000000 0.000000 0
c_invasion_wrangler_laser
0  0.883884 -0.164101 14.365362  0.202805 -0.138987 0.969305  0.000000 0.000000 0
0  -0.000000 -0.075312 14.563025  0.202805 -0.138987 0.969305  0.000000 0.000000 0
0  -0.000000 -0.503940 14.501564  0.202805 -0.138987 0.969305  0.000000 0.000000 0
c_invasion_wrangler_laser
0  0.618719 0.162576 14.467684  -0.382683 0.857570 -0.343698  0.000000 0.000000 0
0  -0.000000 -0.236399 14.161091  -0.382683 0.857570 -0.343698  0.000000 0.000000 0
0  -0.000000 -0.075312 14.563025  -0.382683 0.857570 -0.343698  0.000000 0.000000 0
c_invasion_wrangler_laser
0  0.618719 0.001488 14.065750  0.202807 -0.769949 -0.605019  0.000000 0.000000 0
0  -0.000000 -0.503940 14.501564  0.202807 -0.769949 -0.605019  0.000000 0.000000 0
0  -0.000000 -0.236399 14.161091  0.202807 -0.769949 -0.605019  0.000000 0.000000 0
c_invasion_wrangler_laser
0  -0.000000 3.056019 15.051561  0.202803 0.946025 0.252801  0.000000 0.000000 0
0  0.618719 2.763134 15.651237  0.202803 0.946025 0.252801  0.000000 0.000000 0
0  0.883884 2.797311 15.310621  0.202803 0.946025 0.252801  0.000000 0.000000 0
c_invasion_wrangler_laser
0  -0.000000 2.944230 15.469896  -0.382684 -0.652839 0.653723  0.000000 0.000000 0
0  0.618719 2.456741 15.345259  -0.382684 -0.652839 0.653723  0.000000 0.000000 0
0  0.618719 2.763134 15.651237  -0.382684 -0.652839 0.653723  0.000000 0.000000 0
c_invasion_wrangler_laser
0  -0.000000 2.637837 15.163918  0.202803 -0.254081 -0.945682  0.000000 0.000000 0
0  0.883884 2.797311 15.310621  0.202803 -0.254081 -0.945682  0.000000 0.000000 0
0  0.618719 2.456741 15.345259  0.202803 -0.254081 -0.945682  0.000000 0.000000 0
c_invasion_wrangler_laser
0  0.883884 2.797311 15.310621  0.489609 0.743359 0.455741  0.000000 0.000000 0
0  0.875000 2.325931 16.089033  0.489609 0.743359 0.455741  0.000000 0.000000 0
0  1.250000 2.172734 15.936045  0.489609 0.743359 0.455741  0.000000 0.000000 0
c_invasion_wrangler_laser
0  0.618719 2.763134 15.651237  -0.923879 -0.270415 0.270782  0.000000 0.000000 0
0  0.875000 2.019537 15.783054  -0.923879 -0.270415 0.270782  0.000000 0.000000 0
0  0.875000 2.325931 16.089033  -0.923879 -0.270415 0.270782  0.000000 0.000000 0
c_invasion_wrangler_laser
0  0.618719 2.456741 15.345259  0.489610 -0.456745 -0.742742  0.000000 0.000000 0
0  1.250000 2.172734 15.936045  0.489610 -0.456745 -0.742742  0.000000 0.000000 0
0  0.875000 2.019537 15.783054  0.489610 -0.456745 -0.742742  0.000000 0.000000 0
c_invasion_wrangler_laser
0  1.250000 2.172734 15.936045  0.489608 0.456747 0.742743  0.000000 0.000000 0
0  0.618719 1.888727 16.526829  0.489608 0.456747 0.742743  0.000000 0.000000 0
0  0.883884 1.548157 16.561466  0.489608 0.456747 0.742743  0.000000 0.000000 0
c_invasion_wrangler_laser
0  0.875000 2.325931 16.089033  -0.923879 0.270415 -0.270782  0.000000 0.000000 0
0  0.618719 1.582333 16.220850  -0.923879 0.270415 -0.270782  0.000000 0.000000 0
0  0.618719 1.888727 16.526829  -0.923879 0.270415 -0.270782  0.000000 0.000000 0
c_invasion_wrangler_laser
0  0.875000 2.019537 15.783054  0.489607 -0.743360 -0.455741  0.000000 0.000000 0
0  0.883884 1.548157 16.561466  0.489607 -0.743360 -0.455741  0.000000 0.000000 0
0  0.618719 1.582333 16.220850  0.489607 -0.743360 -0.455741  0.000000 0.000000 0
c_invasion_wrangler_laser
0  0.883884 1.548157 16.561466  0.202800 0.254083 0.945682  0.000000 0.000000 0
0  -0.000000 1.707631 16.708170  0.202800 0.254083 0.945682  0.000000 0.000000 0
0  -0.000000 1.289449 16.820526  0.202800 0.254083 0.945682  0.000000 0.000000 0
c_invasion_wrangler_laser
0  0.618719 1.888727 16.526829  -0.382687 0.652838 -0.653723  0.000000 0.000000 0
0  -0.000000 1.401238 16.402191  -0.382687 0.652838 -0.653723  0.000000 0.000000 0
0  -0.000000 1.707631 16.708170  -0.382687 0.652838 -0.653723  0.000000 0.000000 0
c_invasion_wrangler_laser
0  0.618719 1.582333 16.220850  0.202803 -0.946025 -0.252799  0.000000 0.000000 0
0  -0.000000 1.289449 16.820526  0.202803 -0.946025 -0.252799  0.000000 0.000000 0
0  -0.000000 1.401238 16.402191  0.202803 -0.946025 -0.252799  0.000000 0.000000 0
c_invasion_wrangler_laser
0  -0.000000 5.226320 17.256866  0.202804 0.946024 0.252801  0.000000 0.000000 0
0  0.618719 4.933435 17.856543  0.202804 0.946024 0.252801  0.000000 0.000000 0
0  0.883884 4.967611 17.515926  0.202804 0.946024 0.252801  0.000000 0.000000 0
c_invasion_wrangler_laser
0  -0.000000 5.114531 17.675201  -0.382687 -0.652839 0.653722  0.000000 0.000000 0
0  0.618719 4.627042 17.550564  -0.382687 -0.652839 0.653722  0.000000 0.000000 0
0  0.618719 4.933435 17.856543  -0.382687 -0.652839 0.653722  0.000000 0.000000 0
c_invasion_wrangler_laser
0  -0.000000 4.808137 17.369223  0.202809 -0.254080 -0.945681  0.000000 0.000000 0
0  0.883884 4.967611 17.515926  0.202809 -0.254080 -0.945681  0.000000 0.000000 0
0  0.618719 4.627042 17.550564  0.202809 -0.254080 -0.945681  0.000000 0.000000 0
c_invasion_wrangler_laser
0  0.883884 4.967611 17.515926  0.489611 0.743359 0.455741  0.000000 0.000000 0
0  0.875000 4.496232 18.294338  0.489611 0.743359 0.455741  0.000000 0.000000 0
0  1.250000 4.343035 18.141350  0.489611 0.743359 0.455741  0.000000 0.000000 0
c_invasion_wrangler_laser
0  0.618719 4.933435 17.856543  -0.923879 -0.270415 0.270782  0.000000 0.000000 0
0  0.875000 4.189838 17.988359  -0.923879 -0.270415 0.270782  0.000000 0.000000 0
0  0.875000 4.496232 18.294338  -0.923879 -0.270415 0.270782  0.000000 0.000000 0
c_invasion_wrangler_laser
0  0.618719 4.627042 17.550564  0.489609 -0.456746 -0.742743  0.000000 0.000000 0
0  1.250000 4.343035 18.141350  0.489609 -0.456746 -0.742743  0.000000 0.000000 0
0  0.875000 4.189838 17.988359  0.489609 -0.456746 -0.742743  0.000000 0.000000 0
c_invasion_wrangler_laser
0  1.250000 4.343035 18.141350  0.489610 0.456746 0.742742  0.000000 0.000000 0
0  0.618719 4.059028 18.732134  0.489610 0.456746 0.742742  0.000000 0.000000 0
0  0.883884 3.718458 18.766771  0.489610 0.456746 0.742742  0.000000 0.000000 0
c_invasion_wrangler_laser
0  0.875000 4.496232 18.294338  -0.923879 0.270415 -0.270782  0.000000 0.000000 0
0  0.618719 3.752635 18.426155  -0.923879 0.270415 -0.270782  0.000000 0.000000 0
0  0.618719 4.059028 18.732134  -0.923879 0.270415 -0.270782  0.000000 0.000000 0
c_invasion_wrangler_laser
0  0.875000 4.189838 17.988359  0.489611 -0.743359 -0.455740  0.000000 0.000000 0
0  0.883884 3.718458 18.766771  0.489611 -0.743359 -0.455740  0.000000 0.000000 0
0  0.618719 3.752635 18.426155  0.489611 -0.743359 -0.455740  0.000000 0.000000 0
c_invasion_wrangler_laser
0  0.883884 3.718458 18.766771  0.202803 0.254083 0.945681  0.000000 0.000000 0
0  -0.000000 3.877932 18.913475  0.202803 0.254083 0.945681  0.000000 0.000000 0
0  -0.000000 3.459750 19.025831  0.202803 0.254083 0.945681  0.000000 0.000000 0
c_invasion_wrangler_laser
0  0.618719 4.059028 18.732134  -0.382684 0.652839 -0.653723  0.000000 0.000000 0
0  -0.000000 3.571539 18.607496  -0.382684 0.652839 -0.653723  0.000000 0.000000 0
0  -0.000000 3.877932 18.913475  -0.382684 0.652839 -0.653723  0.000000 0.000000 0
c_invasion_wrangler_laser
0  0.618719 3.752635 18.426155  0.202805 -0.946025 -0.252799  0.000000 0.000000 0
0  -0.000000 3.459750 19.025831  0.202805 -0.946025 -0.252799  0.000000 0.000000 0
0  -0.000000 3.571539 18.607496  0.202805 -0.946025 -0.252799  0.000000 0.000000 0
c_invasion_wrangler_laser
0  -0.000000 6.896749 18.203773  0.202803 0.965822 -0.161429  0.000000 0.000000 0
0  0.618719 6.878334 18.870895  0.202803 0.965822 -0.161429  0.000000 0.000000 0
0  0.883884 6.768465 18.546680  0.202803 0.965822 -0.161429  0.000000 0.000000 0
c_invasion_wrangler_laser
0  -0.000000 6.968133 18.630863  -0.382683 -0.323717 0.865310  0.000000 0.000000 0
0  0.618719 6.472773 18.719173  -0.382683 -0.323717 0.865310  0.000000 0.000000 0
0  0.618719 6.878334 18.870895  -0.382683 -0.323717 0.865310  0.000000 0.000000 0
c_invasion_wrangler_laser
0  -0.000000 6.562572 18.479139  0.202804 -0.622714 -0.755710  0.000000 0.000000 0
0  0.883884 6.768465 18.546680  0.202804 -0.622714 -0.755710  0.000000 0.000000 0
0  0.618719 6.472773 18.719173  0.202804 -0.622714 -0.755710  0.000000 0.000000 0
c_invasion_wrangler_laser
0  0.883884 6.768465 18.546680  0.489609 0.865328 0.107198  0.000000 0.000000 0
0  0.875000 6.661540 19.450390  0.489609 0.865328 0.107198  0.000000 0.000000 0
0  1.250000 6.458760 19.374529  0.489609 0.865328 0.107198  0.000000 0.000000 0
c_invasion_wrangler_laser
0  0.618719 6.878334 18.870895  -0.923879 -0.134090 0.358425  0.000000 0.000000 0
0  0.875000 6.255979 19.298666  -0.923879 -0.134090 0.358425  0.000000 0.000000 0
0  0.875000 6.661540 19.450390  -0.923879 -0.134090 0.358425  0.000000 0.000000 0
c_invasion_wrangler_laser
0  0.618719 6.472773 18.719173  0.489614 -0.723205 -0.487087  0.000000 0.000000 0
0  1.250000 6.458760 19.374529  0.489614 -0.723205 -0.487087  0.000000 0.000000 0
0  0.875000 6.255979 19.298666  0.489614 -0.723205 -0.487087  0.000000 0.000000 0
c_invasion_wrangler_laser
0  1.250000 6.458760 19.374529  0.489610 0.723206 0.487088  0.000000 0.000000 0
0  0.618719 6.444746 20.029882  0.489610 0.723206 0.487088  0.000000 0.000000 0
0  0.883884 6.149054 20.202375  0.489610 0.723206 0.487088  0.000000 0.000000 0
c_invasion_wrangler_laser
0  0.875000 6.661540 19.450390  -0.923878 0.134089 -0.358426  0.000000 0.000000 0
0  0.618719 6.039185 19.878160  -0.923878 0.134089 -0.358426  0.000000 0.000000 0
0  0.618719 6.444746 20.029882  -0.923878 0.134089 -0.358426  0.000000 0.000000 0
c_invasion_wrangler_laser
0  0.875000 6.255979 19.298666  0.489610 -0.865327 -0.107197  0.000000 0.000000 0
0  0.883884 6.149054 20.202375  0.489610 -0.865327 -0.107197  0.000000 0.000000 0
0  0.618719 6.039185 19.878160  0.489610 -0.865327 -0.107197  0.000000 0.000000 0
c_invasion_wrangler_laser
0  0.883884 6.149054 20.202375  0.202807 0.622713 0.755710  0.000000 0.000000 0
0  -0.000000 6.354947 20.269917  0.202807 0.622713 0.755710  0.000000 0.000000 0
0  -0.000000 6.020770 20.545282  0.202807 0.622713 0.755710  0.000000 0.000000 0
c_invasion_wrangler_laser
0  0.618719 6.444746 20.029882  -0.382679 0.323716 -0.865312  0.000000 0.000000 0
0  -0.000000 5.949386 20.118195  -0.382679 0.323716 -0.865312  0.000000 0.000000 0
0  -0.000000 6.354947 20.269917  -0.382679 0.323716 -0.865312  0.000000 0.000000 0
c_invasion_wrangler_laser
0  0.618719 6.039185 19.878160  0.202804 -0.965822 0.161427  0.000000 0.000000 0
0  -0.000000 6.020770 20.545282  0.202804 -0.965822 0.161427  0.000000 0.000000 0
0  -0.000000 5.949386 20.118195  0.202804 -0.965822 0.161427  0.000000 0.000000 0
c_invasion_wrangler_laser
0  -0.000000 9.272464 19.097878  0.202804 0.965823 -0.161423  0.000000 0.000000 0
0  0.618719 9.254049 19.764999  0.202804 0.965823 -0.161423  0.000000 0.000000 0
0  0.883884 9.144180 19.440784  0.202804 0.965823 -0.161423  0.000000 0.000000 0
c_invasion_wrangler_laser
0  -0.000000 9.343848 19.524967  -0.382677 -0.323718 0.865312  0.000000 0.000000 0
0  0.618719 8.848489 19.613277  -0.382677 -0.323718 0.865312  0.000000 0.000000 0
0  0.618719 9.254049 19.764999  -0.382677 -0.323718 0.865312  0.000000 0.000000 0
c_invasion_wrangler_laser
0  -0.000000 8.938287 19.373243  0.202807 -0.622714 -0.755709  0.000000 0.000000 0
0  0.883884 9.144180 19.440784  0.202807 -0.622714 -0.755709  0.000000 0.000000 0
0  0.618719 8.848489 19.613277  0.202807 -0.622714 -0.755709  0.000000 0.000000 0
c_invasion_wrangler_laser
0  0.883884 9.144180 19.440784  0.489610 0.865327 0.107195  0.000000 0.000000 0
0  0.875000 9.037255 20.344494  0.489610 0.865327 0.107195  0.000000 0.000000 0
0  1.250000 8.834475 20.268633  0.489610 0.865327 0.107195  0.000000 0.000000 0
c_invasion_wrangler_laser
0  0.618719 9.254049 19.764999  -0.923878 -0.134089 0.358426  0.000000 0.000000 0
0  0.875000 8.631694 20.192770  -0.923878 -0.134089 0.358426  0.000000 0.000000 0
0  0.875000 9.037255 20.344494  -0.923878 -0.134089 0.358426  0.000000 0.000000 0
c_invasion_wrangler_laser
0  0.618719 8.848489 19.613277  0.489614 -0.723202 -0.487090  0.000000 0.000000 0
0  1.250000 8.834475 20.268633  0.489614 -0.723202 -0.487090  0.000000 0.000000 0
0  0.875000 8.631694 20.192770  0.489614 -0.723202 -0.487090  0.000000 0.000000 0
c_invasion_wrangler_laser
0  1.250000 8.834475 20.268633  0.489610 0.723207 0.487087  0.000000 0.000000 0
0  0.618719 8.820460 20.923986  0.489610 0.723207 0.487087  0.000000 0.000000 0
0  0.883884 8.524769 21.096479  0.489610 0.723207 0.487087  0.000000 0.000000 0
c_invasion_wrangler_laser
0  0.875000 9.037255 20.344494  -0.923878 0.134089 -0.358425  0.000000 0.000000 0
0  0.618719 8.414900 20.772264  -0.923878 0.134089 -0.358425  0.000000 0.000000 0
0  0.618719 8.820460 20.923986  -0.923878 0.134089 -0.358425  0.000000 0.000000 0
c_invasion_wrangler_laser
0  0.875000 8.631694 20.192770  0.489611 -0.865326 -0.107195  0.000000 0.000000 0
0  0.883884 8.524769 21.096479  0.489611 -0.865326 -0.107195  0.000000 0.000000 0
0  0.618719 8.414900 20.772264  0.489611 -0.865326 -0.107195  0.000000 0.000000 0
c_invasion_wrangler_laser
0  0.883884 8.524769 21.096479  0.202804 0.622711 0.755712  0.000000 0.000000 0
0  -0.000000 8.730662 21.164021  0.202804 0.622711 0.755712  0.000000 0.000000 0
0  -0.000000 8.396485 21.439386  0.202804 0.622711 0.755712  0.000000 0.000000 0
c_invasion_wrangler_laser
0  0.618719 8.820460 20.923986  -0.382679 0.323717 -0.865312  0.000000 0.000000 0
0  -0.000000 8.325102 21.012299  -0.382679 0.323717 -0.865312  0.000000 0.000000 0
0  -0.000000 8.730662 21.164021  -0.382679 0.323717 -0.865312  0.000000 0.000000 0
c_invasion_wrangler_laser
0  0.618719 8.414900 20.772264  0.202802 -0.965821 0.161432  0.000000 0.000000 0
0  -0.000000 8.396485 21.439386  0.202802 -0.965821 0.161432  0.000000 0.000000 0
0  -0.000000 8.325102 21.012299  0.202802 -0.965821 0.161432  0.000000 0.000000 0
gold_player
0  0.244019 9.912117 21.036934  0.000000 0.993263 0.115881  0.000000 0.000000 0
0  -0.000000 9.912117 21.036934  0.000000 0.993263 0.115881  0.000000 0.000000 0
0  -0.000000 9.721883 22.667513  0.000000 0.993263 0.115881  0.297985 0.540026 0
painted_wood_01
0  -3.387505 0.927346 -2.875000  0.175575 0.983056 0.052666  0.297985 0.540026 0
0  -1.637505 0.728645 -5.000000  0.175571 0.983057 0.052671  0.297985 0.540026 0
0  -2.480859 0.837606 -5.013293  0.175572 0.983057 0.052670  0.297985 0.540026 0
painted_wood_01
0  -1.637505 0.728645 -5.000000  -0.049344 0.996520 0.067186  0.297985 0.540026 0
0  -2.012505 0.878645 -7.500000  -0.049341 0.996518 0.067210  0.297985 0.540026 0
0  -2.480859 0.837606 -5.013293  -0.049346 0.996520 0.067179  0.297985 0.540026 0
gold_player
0  -3.259901 -1.708855 -1.414583  0.649409 -0.755569 -0.085925  0.297770 0.539834 0
0  -2.455214 -0.833855 -3.027083  0.649408 -0.755570 -0.085924  0.297770 0.539834 0
0  -2.637505 -1.175521 -1.483333  0.649408 -0.755570 -0.085924  0.297770 0.539834 0
painted_wood_01
0  -2.480859 -0.880315 -5.013293  0.173302 -0.980869 -0.088668  0.297985 0.540026 0
0  -1.637505 -0.771355 -5.000000  0.173295 -0.980870 -0.088671  0.297985 0.540026 0
0  -2.455214 -0.833855 -3.027083  0.173296 -0.980870 -0.088670  0.297985 0.540026 0
painted_wood_01
0  -1.637505 -0.771355 -5.000000  0.036411 -0.997855 0.054406  0.297985 0.540026 0
0  -2.012505 -0.921355 -7.500000  0.036411 -0.997855 0.054409  0.297985 0.540026 0
0  -0.711255 -0.921355 -6.950000  0.036411 -0.997855 0.054407  0.297985 0.540026 0
painted_wood_01
0  -2.637505 -1.175521 -1.483333  0.994930 0.042040 0.091359  0.297985 0.540026 0
0  -2.512505 0.728645 -2.875000  0.994930 0.042041 0.091360  0.297985 0.540026 0
0  -2.845839 0.645312 -0.000000  0.994930 0.042040 0.091359  0.297985 0.540026 0
painted_wood_01
0  -2.012505 -0.021355 -7.500000  -0.980953 -0.023385 -0.192834  0.297985 0.540026 0
0  -2.480859 -0.880315 -5.013293  -0.980953 -0.023385 -0.192832  0.297985 0.540026 0
0  -2.472947 -0.021355 -5.266616  -0.980953 -0.023385 -0.192833  0.297985 0.540026 0
painted_wood_01
0  -2.512505 0.728645 -2.875000  0.924267 -0.001646 0.381743  0.297985 0.540026 0
0  -1.637505 -0.771355 -5.000000  0.924267 -0.001646 0.381743  0.297985 0.540026 0
0  -1.637505 0.728645 -5.000000  0.924267 -0.001646 0.381743  0.297985 0.540026 0
painted_wood_01
0  -1.637505 -0.771355 -5.000000  0.910193 -0.018294 0.413779  0.297985 0.540026 0
0  -0.711255 -0.921355 -6.950000  0.910197 -0.018293 0.413771  0.297985 0.540026 0
0  -0.700005 -0.021355 -7.187500  0.910194 -0.018294 0.413778  0.297985 0.540026 0
painted_wood_01
0  -0.700005 -0.021355 -7.187500  0.310840 -0.126208 -0.942046  0.297985 0.540026 0
0  -2.012505 -0.921355 -7.500000  0.310842 -0.126207 -0.942045  0.297985 0.540026 0
0  -2.012505 -0.021355 -7.500000  0.310842 -0.126207 -0.942045  0.297985 0.540026 0
painted_wood_01
0  -0.714084 1.045014 -6.790635  0.347583 0.187867 -0.918636  0.297985 0.540026 0
0  -2.012505 -0.021355 -7.500000  0.347593 0.187875 -0.918631  0.297985 0.540026 0
0  -2.012505 0.878645 -7.500000  0.347576 0.187861 -0.918640  0.297985 0.540026 0
painted_wood_01
0  -2.012505 0.878645 -7.500000  -0.980955 0.023351 -0.192828  0.297985 0.540026 0
0  -2.472947 -0.021355 -5.266616  -0.980955 0.023351 -0.192827  0.297985 0.540026 0
0  -2.480859 0.837606 -5.013293  -0.980955 0.023351 -0.192828  0.297985 0.540026 0
painted_wood_01
0  -2.012505 0.878645 -7.500000  -0.991579 0.113950 -0.061528  0.297985 0.540026 0
0  -2.012505 -0.021355 -9.166667  -0.991579 0.113943 -0.061541  0.297985 0.540026 0
0  -2.012505 -0.021355 -7.500000  -0.991579 0.113950 -0.061529  0.297985 0.540026 0
painted_wood_01
0  -2.012505 -0.921355 -7.500000  0.991579 0.113945 0.061538  0.297985 0.540026 0
0  -2.012505 -0.021355 -9.166667  0.991579 0.113943 0.061542  0.297985 0.540026 0
0  -2.012505 -0.021355 -7.500000  0.991579 0.113950 0.061529  0.297985 0.540026 0
painted_wood_01
0  -2.012505 -0.021355 -7.500000  -0.805671 0.247883 0.538004  0.297985 0.540026 0
0  -2.784818 0.618857 -8.951455  -0.805660 0.247874 0.538025  0.297985 0.540026 0
0  -2.845839 -0.021355 -8.333334  -0.805660 0.247874 0.538025  0.297985 0.540026 0
painted_wood_01
0  -2.012505 -0.021355 -7.500000  -0.807343 -0.254579 0.532341  0.297985 0.540026 0
0  -2.784772 -0.624283 -8.959509  -0.807345 -0.254580 0.532337  0.297985 0.540026 0
0  -2.012505 -0.921355 -7.500000  -0.807340 -0.254577 0.532346  0.297985 0.540026 0
painted_wood_01
0  -2.845839 -0.021355 -8.333334  -0.995223 0.000596 -0.097631  0.297985 0.540026 0
0  -2.784818 0.618857 -8.951455  -0.995223 0.000596 -0.097631  0.297985 0.540026 0
0  -2.784772 -0.624283 -8.959509  -0.995223 0.000596 -0.097631  0.297985 0.540026 0
painted_wood_01
0  0.000000 0.778794 -7.916151  0.085695 0.000326 -0.996321  0.297985 0.540026 0
0  0.000000 -0.688022 -7.833333  0.085700 0.000311 -0.996321  0.297985 0.540026 0
0  -0.512505 -0.021355 -7.833333  0.085696 0.000323 -0.996321  0.297985 0.540026 0
painted_wood_01
0  -0.711255 -0.921355 -6.950000  0.986440 -0.074126 0.146426  0.297985 0.540026 0
0  -0.512505 -0.021355 -7.833333  0.986441 -0.074123 0.146423  0.297985 0.540026 0
0  -0.700005 -0.021355 -7.187500  0.986440 -0.074129 0.146430  0.297985 0.540026 0
painted_wood_01
0  -0.700005 -0.021355 -7.187500  0.989498 0.057182 0.132757  0.297985 0.540026 0
0  -0.647666 0.958734 -7.999691  0.989498 0.057179 0.132760  0.297985 0.540026 0
0  -0.714084 1.045014 -6.790635  0.989498 0.057183 0.132757  0.297985 0.540026 0
painted_wood_01
0  -0.635942 -0.896355 -8.062500  0.715909 0.014471 -0.698044  0.297985 0.540026 0
0  -1.793755 -0.896876 -9.402347  0.715892 0.014475 -0.698061  0.297985 0.540026 0
0  -2.012505 -0.021355 -9.166667  0.715904 0.014472 -0.698048  0.297985 0.540026 0
painted_wood_01
0  -2.012505 0.878645 -7.500000  -0.073939 0.996367 -0.042253  0.297985 0.540026 0
0  -0.647666 0.958734 -7.999691  -0.073937 0.996367 -0.042253  0.297985 0.540026 0
0  -1.793755 0.854166 -9.402347  -0.073936 0.996368 -0.042254  0.297985 0.540026 0
painted_wood_01
0  -2.012505 -0.921355 -7.500000  0.011934 -0.999813 -0.015230  0.297985 0.540026 0
0  -0.635942 -0.896355 -8.062500  0.011934 -0.999813 -0.015229  0.297985 0.540026 0
0  -0.711255 -0.921355 -6.950000  0.011934 -0.999813 -0.015230  0.297985 0.540026 0
painted_wood_01
0  -2.282129 -0.767094 -12.246031  0.272462 -0.721384 -0.636686  0.297985 0.540026 0
0  -1.818061 -0.021355 -12.892387  0.272453 -0.721398 -0.636674  0.297985 0.540026 0
0  -1.861639 -0.827343 -12.093597  0.272460 -0.721387 -0.636684  0.297985 0.540026 0
painted_wood_01
0  -2.183056 0.028357 -13.200748  0.416296 0.676547 -0.607439  0.297985 0.540026 0
0  -1.861700 0.834345 -12.082859  0.416292 0.676537 -0.607453  0.297985 0.540026 0
0  -1.818061 -0.021355 -12.892387  0.416295 0.676544 -0.607443  0.297985 0.540026 0
painted_wood_01
0  -2.012505 -0.021355 -9.166667  0.999789 0.000042 0.020516  0.297985 0.540026 0
0  -1.861639 -0.827343 -12.093597  0.999789 0.000043 0.020516  0.297985 0.540026 0
0  -1.861700 0.834345 -12.082859  0.999789 0.000042 0.020516  0.297985 0.540026 0
painted_wood_01
0  -1.793755 -0.896876 -9.402347  -0.246725 -0.968936 -0.017042  0.297985 0.540026 0
0  -2.784772 -0.624283 -8.959509  -0.246724 -0.968936 -0.017042  0.297985 0.540026 0
0  -2.282129 -0.767094 -12.246031  -0.246725 -0.968936 -0.017043  0.297985 0.540026 0
painted_wood_01
0  0.000000 0.944715 -6.664604  -0.154286 -0.179807 0.971527  0.297985 0.540026 0
0  -0.700005 -0.021355 -7.187500  -0.154282 -0.179812 0.971527  0.297985 0.540026 0
0  0.000000 -0.688022 -7.166667  -0.154284 -0.179810 0.971527  0.297985 0.540026 0
painted_wood_01
0  -2.784818 0.618857 -8.951455  -0.167425 0.985853 0.007922  0.297985 0.540026 0
0  -1.793755 0.854166 -9.402347  -0.167428 0.985852 0.007917  0.297985 0.540026 0
0  -2.282311 0.873520 -12.213814  -0.167428 0.985852 0.007917  0.297985 0.540026 0
painted_wood_01
0  -2.845839 0.645312 -0.000000  0.106354 0.991326 0.077212  0.297985 0.540026 0
0  -3.387505 0.927346 -2.875000  0.106352 0.991327 0.077201  0.297985 0.540026 0
0  -4.121283 0.677346 -0.000000  0.106354 0.991326 0.077214  0.297985 0.540026 0
painted_wood_01
0  -0.670826 3.978645 -1.987621  -0.994962 0.000000 -0.100255  0.297985 0.540026 0
0  -0.570064 3.053748 -2.987621  -0.994962 0.000000 -0.100255  0.297985 0.540026 0
0  -0.670826 2.978645 -1.987621  -0.994962 0.000000 -0.100255  0.297985 0.540026 0
painted_wood_01
0  -0.670826 2.978645 -1.987621  0.000000 -0.997192 -0.074892  0.297985 0.540026 0
0  0.000000 3.053748 -2.987621  0.000000 -0.997192 -0.074892  0.297985 0.540026 0
0  0.000000 2.978645 -1.987621  0.000000 -0.997192 -0.074892  0.297985 0.540026 0
painted_wood_01
0  -0.570064 3.903542 -2.987621  -0.986884 0.065377 0.147599  0.297985 0.540026 0
0  -0.943955 2.775068 -4.987620  -0.986883 0.065379 0.147603  0.297985 0.540026 0
0  -0.570064 3.053748 -2.987621  -0.986883 0.065380 0.147605  0.297985 0.540026 0
painted_wood_01
0  -0.570064 3.053748 -2.987621  0.000000 -0.990431 0.138007  0.297985 0.540026 0
0  0.000000 2.775068 -4.987620  0.000000 -0.990431 0.138007  0.297985 0.540026 0
0  0.000000 3.053748 -2.987621  0.000000 -0.990431 0.138007  0.297985 0.540026 0
painted_wood_01
0  -0.943955 2.775068 -4.987620  -0.096121 -0.698913 0.708718  0.297985 0.540026 0
0  0.000000 0.944715 -6.664604  -0.096121 -0.698913 0.708718  0.297985 0.540026 0
0  0.000000 2.775068 -4.987620  -0.096124 -0.698906 0.708724  0.297985 0.540026 0
painted_wood_01
0  -0.728230 2.580434 -6.993810  -0.994039 -0.031049 -0.104512  0.297985 0.540026 0
0  -0.620368 1.779539 -7.496905  -0.994039 -0.031048 -0.104512  0.297985 0.540026 0
0  -0.714084 1.045014 -6.790635  -0.994039 -0.031046 -0.104512  0.297985 0.540026 0
painted_wood_01
0  -0.728230 2.580434 -6.993810  0.000000 0.531926 -0.846791  0.297985 0.540026 0
0  -0.310184 1.779539 -7.496905  0.000000 0.531926 -0.846791  0.297985 0.540026 0
0  -0.620368 1.779539 -7.496905  0.000000 0.531926 -0.846791  0.297985 0.540026 0
painted_wood_01
0  -0.620368 1.779539 -7.496905  -0.014098 0.526483 -0.850069  0.297985 0.540026 0
0  -0.265241 1.112127 -7.916151  -0.014098 0.526483 -0.850069  0.297985 0.540026 0
0  -0.647666 0.958734 -7.999691  -0.014098 0.526483 -0.850069  0.297985 0.540026 0
painted_wood_01
0  -0.943955 4.182222 -5.987621  0.000000 0.531926 -0.846791  0.297985 0.540026 0
0  -0.418047 3.381328 -6.490716  0.000000 0.531926 -0.846791  0.297985 0.540026 0
0  -0.836093 3.381328 -6.490716  0.000000 0.531926 -0.846791  0.297985 0.540026 0
painted_wood_01
0  -0.391081 2.980881 -6.742263  0.000000 0.531926 -0.846791  0.297985 0.540026 0
0  -0.364115 2.580434 -6.993810  0.000000 0.531926 -0.846791  0.297985 0.540026 0
0  -0.728230 2.580434 -6.993810  0.000000 0.531926 -0.846791  0.297985 0.540026 0
gold_player
0  -3.918755 -1.085680 -1.487500  -0.629963 -0.733330 -0.255683  0.297770 0.539834 0
0  -3.075005 -1.425521 -2.591667  -0.629964 -0.733330 -0.255682  0.297770 0.539834 0
0  -3.259901 -1.708855 -1.414583  -0.629965 -0.733329 -0.255681  0.297770 0.539834 0
gold_player
0  -4.300971 -0.882555 0.000000  -0.709909 -0.694548 -0.116758  0.297770 0.539834 0
0  -3.259901 -1.708855 -1.414583  -0.709909 -0.694548 -0.116758  0.297770 0.539834 0
0  -3.439589 -1.825521 0.000000  -0.709912 -0.694545 -0.116753  0.297770 0.539834 0
gold_player
0  -3.439589 -1.825521 0.000000  0.721305 -0.686868 0.089052  0.297770 0.539834 0
0  -2.637505 -1.175521 -1.483333  0.721305 -0.686869 0.089054  0.297770 0.539834 0
0  -2.668755 -0.904688 0.000000  0.721309 -0.686865 0.089045  0.297770 0.539834 0
painted_wood_01
0  0.000000 -0.688022 -7.166667  0.311574 -0.950222 -0.000201  0.297985 0.540026 0
0  -0.635942 -0.896355 -8.062500  0.311574 -0.950222 -0.000201  0.297985 0.540026 0
0  0.000000 -0.688022 -7.833333  0.311574 -0.950222 -0.000201  0.297985 0.540026 0
painted_wood_01
0  0.000000 3.903542 -2.987621  0.000000 0.997192 -0.074892  0.297985 0.540026 0
0  -0.670826 3.978645 -1.987621  0.000000 0.997192 -0.074892  0.297985 0.540026 0
0  0.000000 3.978645 -1.987621  0.000000 0.997192 -0.074892  0.297985 0.540026 0
painted_wood_01
0  -0.471977 4.182222 -5.987621  0.000000 0.995713 0.092495  0.297985 0.540026 0
0  -0.570064 3.903542 -2.987621  0.000000 0.995713 0.092495  0.297985 0.540026 0
0  0.000000 3.903542 -2.987621  0.000000 0.995713 0.092495  0.297985 0.540026 0
painted_wood_01
0  -0.670826 2.978646 -0.000000  0.000000 -1.000000 0.000000  0.297985 0.540026 0
0  0.000000 2.978645 -1.987621  0.000000 -1.000000 0.000000  0.297985 0.540026 0
0  0.000000 2.978646 -0.000000  0.000000 -1.000000 0.000000  0.297985 0.540026 0
painted_wood_01
0  0.000000 3.978645 -1.987621  0.000000 1.000000 -0.000000  0.297985 0.540026 0
0  -0.670826 3.978646 -0.000000  0.000000 1.000000 -0.000000  0.297985 0.540026 0
0  0.000000 3.978646 -0.000000  0.000000 1.000000 -0.000000  0.297985 0.540026 0
painted_wood_01
0  -0.670826 2.978646 -0.000000  -1.000000 -0.000000 0.000000  0.297985 0.540026 0
0  -0.670826 3.978645 -1.987621  -1.000000 -0.000000 0.000000  0.297985 0.540026 0
0  -0.670826 2.978645 -1.987621  -1.000000 -0.000000 0.000000  0.297985 0.540026 0
painted_wood_01
0  0.000000 0.778794 -7.916151  0.254710 0.439767 -0.861236  0.297985 0.540026 0
0  -0.310184 1.779539 -7.496905  0.254716 0.439747 -0.861244  0.297985 0.540026 0
0  0.000000 1.779539 -7.496905  0.254709 0.439769 -0.861235  0.297985 0.540026 0
painted_wood_01
0  -4.394749 0.501679 -0.708227  -0.516946 0.852922 -0.072736  0.297985 0.540026 0
0  -3.387505 0.927346 -2.875000  -0.516940 0.852925 -0.072749  0.297985 0.540026 0
0  -3.645416 0.716896 -2.918450  -0.516940 0.852925 -0.072747  0.297985 0.540026 0
painted_wood_01
0  -3.645416 0.716896 -2.918450  -0.593606 0.751967 -0.286667  0.297985 0.540026 0
0  -2.480859 0.837606 -5.013293  -0.593606 0.751967 -0.286667  0.297985 0.540026 0
0  -2.921625 0.666884 -4.522981  -0.593606 0.751967 -0.286666  0.297985 0.540026 0
painted_wood_01
0  -4.198238 -0.565172 -1.635876  -0.810252 -0.563747 -0.160255  0.297985 0.540026 0
0  -4.300971 -0.882555 0.000000  -0.810251 -0.563745 -0.160263  0.297985 0.540026 0
0  -4.545433 -0.446622 -0.566948  -0.810252 -0.563747 -0.160256  0.297985 0.540026 0
painted_wood_01
0  -3.009807 -0.428818 -4.569202  -0.766905 -0.509690 -0.389965  0.297985 0.540026 0
0  -3.392714 -1.032555 -3.027083  -0.766906 -0.509690 -0.389965  0.297985 0.540026 0
0  -3.687321 -0.526207 -3.103505  -0.766905 -0.509690 -0.389965  0.297985 0.540026 0
painted_wood_01
0  -2.863658 0.119033 -4.750208  -0.752470 -0.117623 -0.648038  0.297985 0.540026 0
0  -2.480859 -0.880315 -5.013293  -0.752468 -0.117630 -0.648040  0.297985 0.540026 0
0  -3.009807 -0.428818 -4.569202  -0.752470 -0.117623 -0.648038  0.297985 0.540026 0
painted_wood_01
0  -4.545433 -0.446622 -0.566948  -0.906720 0.141823 0.397172  0.297985 0.540026 0
0  -4.121283 0.677346 -0.000000  -0.906719 0.141824 0.397173  0.297985 0.540026 0
0  -4.394749 0.501679 -0.708227  -0.906718 0.141828 0.397175  0.297985 0.540026 0
painted_wood_01
0  -2.921625 0.666884 -4.522981  -0.761357 0.177429 -0.623582  0.297985 0.540026 0
0  -2.472947 -0.021355 -5.266616  -0.761357 0.177428 -0.623582  0.297985 0.540026 0
0  -2.863658 0.119033 -4.750208  -0.761357 0.177428 -0.623582  0.297985 0.540026 0
painted_wood_01
0  -3.687321 -0.526207 -3.103505  -0.805572 -0.514667 -0.293551  0.297985 0.540026 0
0  -3.918755 -1.085680 -1.487500  -0.805572 -0.514667 -0.293551  0.297985 0.540026 0
0  -4.198238 -0.565172 -1.635876  -0.805572 -0.514667 -0.293551  0.297985 0.540026 0
painted_wood_01
0  0.000000 4.182222 -5.987621  0.000000 1.000000 0.000000  0.297985 0.540026 0
0  -0.471977 4.182222 -6.415844  0.000000 1.000000 0.000000  0.297985 0.540026 0
0  -0.471977 4.182222 -5.987621  0.000000 1.000000 0.000000  0.297985 0.540026 0
painted_wood_01
0  -0.471977 4.182222 -5.987621  -0.997741 -0.067185 0.000000  0.297985 0.540026 0
0  -0.418047 3.381328 -6.918939  -0.997741 -0.067185 0.000000  0.297985 0.540026 0
0  -0.418047 3.381328 -6.490716  -0.997741 -0.067185 0.000000  0.297985 0.540026 0
painted_wood_01
0  -0.418047 3.381328 -6.490716  -0.997740 -0.067188 0.000000  0.297985 0.540026 0
0  -0.391081 2.980881 -7.170486  -0.997740 -0.067188 0.000000  0.297985 0.540026 0
0  -0.391081 2.980881 -6.742263  -0.997740 -0.067188 0.000000  0.297985 0.540026 0
painted_wood_01
0  -0.310184 1.779539 -7.496905  0.000000 -1.000000 0.000000  0.297985 0.540026 0
0  0.000000 1.779539 -7.925128  0.000000 -1.000000 0.000000  0.297985 0.540026 0
0  0.000000 1.779539 -7.496905  0.000000 -1.000000 0.000000  0.297985 0.540026 0
painted_wood_01
0  -0.364115 2.580434 -6.993810  -0.997741 -0.067185 0.000000  0.297985 0.540026 0
0  -0.310184 1.779539 -7.925128  -0.997741 -0.067185 0.000000  0.297985 0.540026 0
0  -0.310184 1.779539 -7.496905  -0.997741 -0.067185 0.000000  0.297985 0.540026 0
painted_wood_01
0  -0.391081 2.980881 -6.742263  -0.997740 -0.067187 0.000000  0.297985 0.540026 0
0  -0.364115 2.580434 -7.422033  -0.997740 -0.067187 0.000000  0.297985 0.540026 0
0  -0.364115 2.580434 -6.993810  -0.997740 -0.067187 0.000000  0.297985 0.540026 0
painted_wood_01
0  -0.418047 3.381328 -6.918939  -0.746046 -0.389506 0.540093  0.297985 0.540026 0
0  -0.798587 2.980881 -7.733386  -0.746046 -0.389506 0.540093  0.297985 0.540026 0
0  -0.391081 2.980881 -7.170486  -0.746046 -0.389506 0.540093  0.297985 0.540026 0
painted_wood_01
0  0.000000 4.182222 -6.415844  0.000000 1.000000 0.000000  0.297985 0.540026 0
0  -0.879483 4.182222 -6.978744  0.000000 1.000000 0.000000  0.297985 0.540026 0
0  -0.471977 4.182222 -6.415844  0.000000 1.000000 0.000000  0.297985 0.540026 0
painted_wood_01
0  -0.471977 4.182222 -6.415844  -0.746047 -0.389505 0.540093  0.297985 0.540026 0
0  -0.825553 3.381328 -7.481839  -0.746047 -0.389505 0.540093  0.297985 0.540026 0
0  -0.418047 3.381328 -6.918939  -0.746047 -0.389505 0.540093  0.297985 0.540026 0
painted_wood_01
0  -0.364115 2.580434 -7.422033  -0.746046 -0.389506 0.540094  0.297985 0.540026 0
0  -0.717691 1.779539 -8.488029  -0.746046 -0.389506 0.540094  0.297985 0.540026 0
0  -0.310184 1.779539 -7.925128  -0.746046 -0.389506 0.540094  0.297985 0.540026 0
painted_wood_01
0  -0.391081 2.980881 -7.170486  -0.746046 -0.389507 0.540092  0.297985 0.540026 0
0  -0.771621 2.580434 -7.984934  -0.746046 -0.389507 0.540092  0.297985 0.540026 0
0  -0.364115 2.580434 -7.422033  -0.746046 -0.389507 0.540092  0.297985 0.540026 0
painted_wood_01
0  -0.717691 1.779539 -8.488029  -0.775698 -0.288003 0.561558  0.297985 0.540026 0
0  -0.310184 -2.786393 -10.266833  -0.775698 -0.288003 0.561558  0.297985 0.540026 0
0  -0.310184 1.779539 -7.925128  -0.775698 -0.288003 0.561558  0.297985 0.540026 0
painted_wood_01
0  -0.717691 -2.786394 -12.004841  -1.000000 0.000000 0.000000  0.297985 0.540026 0
0  -0.717691 -3.547149 -11.251204  -1.000000 0.000000 0.000000  0.297985 0.540026 0
0  -0.717691 -2.786393 -10.829734  -1.000000 0.000000 0.000000  0.297985 0.540026 0
painted_wood_01
0  -0.825553 3.381328 -7.481839  -0.997740 -0.067188 0.000000  0.297985 0.540026 0
0  -0.798587 2.980881 -8.487022  -0.997740 -0.067188 0.000000  0.297985 0.540026 0
0  -0.798587 2.980881 -7.733386  -0.997740 -0.067188 0.000000  0.297985 0.540026 0
painted_wood_01
0  -0.310184 1.779539 -7.925128  0.000000 -0.456348 0.889802  0.297985 0.540026 0
0  0.000000 -2.786393 -10.266833  0.000000 -0.456348 0.889802  0.297985 0.540026 0
0  0.000000 1.779539 -7.925128  0.000000 -0.456348 0.889802  0.297985 0.540026 0
painted_wood_01
0  0.000000 -2.786394 -12.004841  0.000000 0.000000 -1.000000  0.297985 0.540026 0
0  -0.717691 -3.547149 -12.004841  0.000000 0.000000 -1.000000  0.297985 0.540026 0
0  -0.717691 -2.786394 -12.004841  0.000000 0.000000 -1.000000  0.297985 0.540026 0
painted_wood_01
0  0.000000 4.182222 -7.732380  0.000000 0.000000 -1.000000  0.000000 0.000000 0
0  -0.879483 4.640937 -7.732380  0.000000 0.000000 -1.000000  0.297985 0.540026 0
0  0.000000 4.640937 -7.732380  0.000000 0.000000 -1.000000  0.297985 0.540026 0
painted_wood_01
0  -0.879483 4.182222 -6.978744  -0.997740 -0.067186 0.000000  0.297985 0.540026 0
0  -0.825553 3.381328 -8.235475  -0.997740 -0.067186 0.000000  0.297985 0.540026 0
0  -0.825553 3.381328 -7.481839  -0.997740 -0.067186 0.000000  0.297985 0.540026 0
painted_wood_01
0  -0.717691 1.779539 -8.488029  -1.000000 0.000000 0.000000  0.297985 0.540026 0
0  -0.717691 -2.786394 -12.004841  -1.000000 0.000000 0.000000  0.297985 0.540026 0
0  -0.717691 -2.786393 -10.829734  -1.000000 0.000000 0.000000  0.297985 0.540026 0
painted_wood_01
0  -0.771621 2.580434 -7.984934  -0.997741 -0.067185 0.000000  0.297985 0.540026 0
0  -0.717691 1.779539 -9.241665  -0.997741 -0.067185 0.000000  0.297985 0.540026 0
0  -0.717691 1.779539 -8.488029  -0.997741 -0.067185 0.000000  0.297985 0.540026 0
painted_wood_01
0  -0.798587 2.980881 -7.733386  -0.997740 -0.067188 0.000000  0.297985 0.540026 0
0  -0.771621 2.580434 -8.738570  -0.997740 -0.067188 0.000000  0.297985 0.540026 0
0  -0.771621 2.580434 -7.984934  -0.997740 -0.067188 0.000000  0.297985 0.540026 0
painted_wood_01
0  0.000000 4.640937 -6.978744  0.000000 1.000000 0.000000  0.297985 0.540026 0
0  -0.879483 4.640937 -7.732380  0.000000 1.000000 0.000000  0.297985 0.540026 0
0  -0.879483 4.640937 -6.978744  0.000000 1.000000 0.000000  0.297985 0.540026 0
painted_wood_01
0  -0.879483 4.182222 -6.978744  -1.000000 0.000000 0.000000  0.297985 0.540026 0
0  -0.879483 4.640937 -7.732380  -1.000000 0.000000 0.000000  0.297985 0.540026 0
0  -0.879483 4.182222 -7.732380  -1.000000 0.000000 0.000000  0.297985 0.540026 0
painted_wood_01
0  0.000000 4.182222 -6.978744  0.000000 0.000000 1.000000  0.297985 0.540026 0
0  -0.879483 4.640937 -6.978744  0.000000 0.000000 1.000000  0.297985 0.540026 0
0  -0.879483 4.182222 -6.978744  0.000000 0.000000 1.000000  0.297985 0.540026 0
painted_wood_01
0  0.000000 4.182222 -7.732380  0.000000 1.000000 0.000000  0.000000 0.000000 0
0  0.000000 4.182222 -8.324379  0.000000 1.000000 0.000000  0.000000 0.000000 0
0  -0.879483 4.182222 -7.732380  0.000000 1.000000 0.000000  0.297985 0.540026 0
painted_wood_01
0  -0.879483 4.182222 -7.732380  -0.495198 0.462127 -0.735675  0.297985 0.540026 0
0  0.000000 4.182222 -8.324379  -0.495198 0.462127 -0.735675  0.000000 0.000000 0
0  0.000000 1.779539 -9.833665  -0.495198 0.462127 -0.735675  0.000000 0.000000 0
painted_wood_01
0  -0.771621 2.580434 -8.738570  -0.582064 0.404066 -0.705643  0.297985 0.540026 0
0  -0.798587 2.980881 -8.487022  -0.582064 0.404066 -0.705643  0.297985 0.540026 0
0  0.000000 1.779539 -9.833665  -0.582064 0.404066 -0.705643  0.000000 0.000000 0
painted_wood_01
0  0.000000 1.779539 -9.833665  -0.570256 0.443703 -0.691328  0.000000 0.000000 0
0  0.000000 -0.503427 -11.298902  -0.570256 0.443703 -0.691328  0.000000 0.000000 0
0  -0.717691 1.779539 -9.241665  -0.570256 0.443703 -0.691328  0.297985 0.540026 0
painted_wood_01
0  0.000000 -0.503427 -11.298902  0.000000 0.669426 -0.742879  0.000000 0.000000 0
0  -0.308368 -0.503427 -11.298902  0.000000 0.669426 -0.742879  0.000000 0.000000 0
0  -0.717691 1.779539 -9.241665  0.000000 0.669426 -0.742879  0.297985 0.540026 0
painted_wood_01
0  -0.717691 1.779539 -9.241665  -0.816106 0.299206 -0.494415  0.297985 0.540026 0
0  -0.308368 -0.503427 -11.298902  -0.816106 0.299206 -0.494415  0.000000 0.000000 0
0  -0.717691 -2.786394 -12.004841  -0.816106 0.299206 -0.494415  0.297985 0.540026 0
painted_wood_01
0  0.000000 -2.786394 -12.004841  0.000000 0.295419 -0.955368  0.297985 0.540026 0
0  -0.717691 -2.786394 -12.004841  0.000000 0.295419 -0.955368  0.297985 0.540026 0
0  -0.308368 -0.503427 -11.298902  0.000000 0.295419 -0.955368  0.000000 0.000000 0
painted_wood_01
0  -0.308368 -0.503427 -11.298902  -0.992006 -0.116591 -0.048268  0.000000 0.000000 0
0  0.000000 -1.372622 -15.536958  -0.992006 -0.116591 -0.048268  0.297985 0.540026 0
0  0.000000 -2.786394 -12.004841  -0.992006 -0.116591 -0.048268  0.297985 0.540026 0
gold_player
0  0.000000 -0.503427 -11.298902  0.000000 0.920031 0.391846  0.000000 0.000000 0
0  -0.308368 1.250243 -15.416418  0.000000 0.920031 0.391846  0.000000 0.000000 0
0  -0.308368 -0.503427 -11.298902  0.000000 0.920031 0.391846  0.000000 0.000000 0
painted_wood_01
0  -0.308368 1.250243 -15.416418  -0.986901 -0.111093 -0.116984  0.000000 0.000000 0
0  0.000000 3.970484 -20.601133  -0.986901 -0.111093 -0.116984  0.297985 0.540026 0
0  0.000000 -1.372622 -15.536958  -0.986901 -0.111093 -0.116984  0.297985 0.540026 0
gold_player
0  0.000000 1.250243 -15.416418  0.000000 0.689640 0.724153  0.000000 0.000000 0
0  -0.308368 5.362860 -19.333027  0.000000 0.689640 0.724153  0.000000 0.000000 0
0  -0.308368 1.250243 -15.416418  0.000000 0.689640 0.724153  0.000000 0.000000 0
painted_wood_01
0  -0.308368 5.362860 -19.333027  -0.985837 -0.052182 -0.159384  0.000000 0.000000 0
0  0.000000 9.721879 -22.667513  -0.985836 -0.052181 -0.159385  0.297985 0.540026 0
0  0.000000 3.970484 -20.601133  -0.985837 -0.052182 -0.159384  0.297985 0.540026 0
gold_player
0  0.000000 5.362860 -19.333027  0.000000 0.350751 0.936469  0.000000 0.000000 0
0  -0.244019 9.912113 -21.036934  0.000000 0.350751 0.936469  0.000000 0.000000 0
0  -0.308368 5.362860 -19.333027  0.000000 0.350751 0.936469  0.000000 0.000000 0
painted_wood_01
0  -0.310184 -3.547148 -10.688304  0.000000 -1.000000 0.000001  0.297985 0.540026 0
0  0.000000 -3.547149 -11.251204  0.000000 -1.000000 0.000001  0.297985 0.540026 0
0  0.000000 -3.547148 -10.688304  0.000000 -1.000000 0.000001  0.297985 0.540026 0
painted_wood_01
0  -0.717691 -3.547149 -11.251204  0.000000 -1.000000 -0.000000  0.297985 0.540026 0
0  0.000000 -3.547149 -12.004841  0.000000 -1.000000 -0.000000  0.297985 0.540026 0
0  0.000000 -3.547149 -11.251204  0.000000 -1.000000 -0.000000  0.297985 0.540026 0
painted_wood_01
0  -0.717691 -2.786393 -10.829734  -0.770383 -0.308981 0.557710  0.297985 0.540026 0
0  -0.310184 -3.547148 -10.688304  -0.770383 -0.308981 0.557710  0.297985 0.540026 0
0  -0.310184 -2.786393 -10.266833  -0.770383 -0.308981 0.557710  0.297985 0.540026 0
painted_wood_01
0  -0.310184 -2.786393 -10.266833  0.000000 -0.484614 0.874728  0.297985 0.540026 0
0  0.000000 -3.547148 -10.688304  0.000000 -0.484614 0.874728  0.297985 0.540026 0
0  0.000000 -2.786393 -10.266833  0.000000 -0.484614 0.874728  0.297985 0.540026 0
painted_wood_01
0  -3.009807 -0.428818 -4.569202  -0.928852 0.091819 -0.358892  0.297985 0.540026 0
0  -3.687321 -0.526207 -3.103505  -0.928852 0.091820 -0.358892  0.297985 0.540026 0
0  -2.921625 0.666884 -4.522981  -0.928852 0.091815 -0.358892  0.297985 0.540026 0
c_invasion_wrangler_laser
0  0.000000 1.160283 -11.954980  -0.202803 0.769949 -0.605021  0.000000 0.000000 0
0  -0.618719 0.654854 -12.390794  -0.202803 0.769949 -0.605021  0.000000 0.000000 0
0  -0.883884 0.820443 -12.091182  -0.202803 0.769949 -0.605021  0.000000 0.000000 0
c_invasion_wrangler_laser
0  0.000000 0.892741 -12.295453  0.382683 -0.857569 -0.343698  0.000000 0.000000 0
0  -0.618719 0.493766 -11.988860  0.382683 -0.857569 -0.343698  0.000000 0.000000 0
0  -0.618719 0.654854 -12.390794  0.382683 -0.857569 -0.343698  0.000000 0.000000 0
c_invasion_wrangler_laser
0  0.000000 0.731654 -11.893519  -0.202802 0.138989 0.969306  0.000000 0.000000 0
0  -0.883884 0.820443 -12.091182  -0.202802 0.138989 0.969306  0.000000 0.000000 0
0  -0.618719 0.493766 -11.988860  -0.202802 0.138989 0.969306  0.000000 0.000000 0
c_invasion_wrangler_laser
0  -0.883884 0.820443 -12.091182  -0.489607 0.503728 -0.711718  0.000000 0.000000 0
0  -0.875000 0.080543 -12.620967  -0.489607 0.503728 -0.711718  0.000000 0.000000 0
0  -1.250000 -0.000000 -12.420000  -0.489607 0.503728 -0.711718  0.000000 0.000000 0
c_invasion_wrangler_laser
0  -0.618719 0.654854 -12.390794  0.923879 -0.355217 -0.142364  0.000000 0.000000 0
0  -0.875000 -0.080544 -12.219033  0.923879 -0.355217 -0.142364  0.000000 0.000000 0
0  -0.875000 0.080543 -12.620967  0.923879 -0.355217 -0.142364  0.000000 0.000000 0
c_invasion_wrangler_laser
0  -0.618719 0.493766 -11.988860  -0.489610 -0.127233 0.862608  0.000000 0.000000 0
0  -1.250000 -0.000000 -12.420000  -0.489610 -0.127233 0.862608  0.000000 0.000000 0
0  -0.875000 -0.080544 -12.219033  -0.489610 -0.127233 0.862608  0.000000 0.000000 0
c_invasion_wrangler_laser
0  -1.250000 -0.000000 -12.420000  -0.489608 0.127233 -0.862610  0.000000 0.000000 0
0  -0.618719 -0.493767 -12.851140  -0.489608 0.127233 -0.862610  0.000000 0.000000 0
0  -0.883884 -0.820444 -12.748818  -0.489608 0.127233 -0.862610  0.000000 0.000000 0
c_invasion_wrangler_laser
0  -0.875000 0.080543 -12.620967  0.923880 0.355217 0.142364  0.000000 0.000000 0
0  -0.618719 -0.654855 -12.449206  0.923880 0.355217 0.142364  0.000000 0.000000 0
0  -0.618719 -0.493767 -12.851140  0.923880 0.355217 0.142364  0.000000 0.000000 0
c_invasion_wrangler_laser
0  -0.875000 -0.080544 -12.219033  -0.489608 -0.503727 0.711718  0.000000 0.000000 0
0  -0.883884 -0.820444 -12.748818  -0.489608 -0.503727 0.711718  0.000000 0.000000 0
0  -0.618719 -0.654855 -12.449206  -0.489608 -0.503727 0.711718  0.000000 0.000000 0
c_invasion_wrangler_laser
0  -0.883884 -0.820444 -12.748818  -0.202805 -0.138987 -0.969305  0.000000 0.000000 0
0  0.000000 -0.731655 -12.946481  -0.202805 -0.138987 -0.969305  0.000000 0.000000 0
0  0.000000 -1.160283 -12.885020  -0.202805 -0.138987 -0.969305  0.000000 0.000000 0
c_invasion_wrangler_laser
0  -0.618719 -0.493767 -12.851140  0.382684 0.857569 0.343698  0.000000 0.000000 0
0  0.000000 -0.892742 -12.544547  0.382684 0.857569 0.343698  0.000000 0.000000 0
0  0.000000 -0.731655 -12.946481  0.382684 0.857569 0.343698  0.000000 0.000000 0
c_invasion_wrangler_laser
0  -0.618719 -0.654855 -12.449206  -0.202803 -0.769949 0.605020  0.000000 0.000000 0
0  0.000000 -1.160283 -12.885020  -0.202803 -0.769949 0.605020  0.000000 0.000000 0
0  0.000000 -0.892742 -12.544547  -0.202803 -0.769949 0.605020  0.000000 0.000000 0
c_invasion_wrangler_laser
0  0.000000 1.816624 -13.571524  -0.202803 0.769949 -0.605021  0.000000 0.000000 0
0  -0.618719 1.311195 -14.007338  -0.202803 0.769949 -0.605021  0.000000 0.000000 0
0  -0.883884 1.476784 -13.707726  -0.202803 0.769949 -0.605021  0.000000 0.000000 0
c_invasion_wrangler_laser
0  0.000000 1.549082 -13.911997  0.382683 -0.857570 -0.343698  0.000000 0.000000 0
0  -0.618719 1.150107 -13.605404  0.382683 -0.857570 -0.343698  0.000000 0.000000 0
0  -0.618719 1.311195 -14.007338  0.382683 -0.857570 -0.343698  0.000000 0.000000 0
c_invasion_wrangler_laser
0  0.000000 1.387995 -13.510063  -0.202803 0.138989 0.969305  0.000000 0.000000 0
0  -0.883884 1.476784 -13.707726  -0.202803 0.138989 0.969305  0.000000 0.000000 0
0  -0.618719 1.150107 -13.605404  -0.202803 0.138989 0.969305  0.000000 0.000000 0
c_invasion_wrangler_laser
0  -0.883884 1.476784 -13.707726  -0.489611 0.503727 -0.711717  0.000000 0.000000 0
0  -0.875000 0.736884 -14.237511  -0.489611 0.503727 -0.711717  0.000000 0.000000 0
0  -1.250000 0.656341 -14.036544  -0.489611 0.503727 -0.711717  0.000000 0.000000 0
c_invasion_wrangler_laser
0  -0.618719 1.311195 -14.007338  0.923879 -0.355217 -0.142365  0.000000 0.000000 0
0  -0.875000 0.575797 -13.835577  0.923879 -0.355217 -0.142365  0.000000 0.000000 0
0  -0.875000 0.736884 -14.237511  0.923879 -0.355217 -0.142365  0.000000 0.000000 0
c_invasion_wrangler_laser
0  -0.618719 1.150107 -13.605404  -0.489612 -0.127233 0.862608  0.000000 0.000000 0
0  -1.250000 0.656341 -14.036544  -0.489612 -0.127233 0.862608  0.000000 0.000000 0
0  -0.875000 0.575797 -13.835577  -0.489612 -0.127233 0.862608  0.000000 0.000000 0
c_invasion_wrangler_laser
0  -1.250000 0.656341 -14.036544  -0.489610 0.127233 -0.862609  0.000000 0.000000 0
0  -0.618719 0.162574 -14.467684  -0.489610 0.127233 -0.862609  0.000000 0.000000 0
0  -0.883884 -0.164103 -14.365362  -0.489610 0.127233 -0.862609  0.000000 0.000000 0
c_invasion_wrangler_laser
0  -0.875000 0.736884 -14.237511  0.923879 0.355219 0.142365  0.000000 0.000000 0
0  -0.618719 0.001486 -14.065750  0.923879 0.355219 0.142365  0.000000 0.000000 0
0  -0.618719 0.162574 -14.467684  0.923879 0.355219 0.142365  0.000000 0.000000 0
c_invasion_wrangler_laser
0  -0.875000 0.575797 -13.835577  -0.489610 -0.503727 0.711717  0.000000 0.000000 0
0  -0.883884 -0.164103 -14.365362  -0.489610 -0.503727 0.711717  0.000000 0.000000 0
0  -0.618719 0.001486 -14.065750  -0.489610 -0.503727 0.711717  0.000000 0.000000 0
c_invasion_wrangler_laser
0  -0.883884 -0.164103 -14.365362  -0.202803 -0.138987 -0.969306  0.000000 0.000000 0
0  0.000000 -0.075314 -14.563025  -0.202803 -0.138987 -0.969306  0.000000 0.000000 0
0  0.000000 -0.503942 -14.501564  -0.202803 -0.138987 -0.969306  0.000000 0.000000 0
c_invasion_wrangler_laser
0  -0.618719 0.162574 -14.467684  0.382684 0.857569 0.343698  0.000000 0.000000 0
0  0.000000 -0.236401 -14.161091  0.382684 0.857569 0.343698  0.000000 0.000000 0
0  0.000000 -0.075314 -14.563025  0.382684 0.857569 0.343698  0.000000 0.000000 0
c_invasion_wrangler_laser
0  -0.618719 0.001486 -14.065750  -0.202803 -0.769949 0.605020  0.000000 0.000000 0
0  0.000000 -0.503942 -14.501564  -0.202803 -0.769949 0.605020  0.000000 0.000000 0
0  0.000000 -0.236401 -14.161091  -0.202803 -0.769949 0.605020  0.000000 0.000000 0
c_invasion_wrangler_laser
0  0.000000 3.056017 -15.051561  -0.202803 0.946025 -0.252800  0.000000 0.000000 0
0  -0.618719 2.763132 -15.651237  -0.202803 0.946025 -0.252800  0.000000 0.000000 0
0  -0.883884 2.797308 -15.310621  -0.202803 0.946025 -0.252800  0.000000 0.000000 0
c_invasion_wrangler_laser
0  0.000000 2.944228 -15.469896  0.382684 -0.652839 -0.653723  0.000000 0.000000 0
0  -0.618719 2.456738 -15.345259  0.382684 -0.652839 -0.653723  0.000000 0.000000 0
0  -0.618719 2.763132 -15.651237  0.382684 -0.652839 -0.653723  0.000000 0.000000 0
c_invasion_wrangler_laser
0  0.000000 2.637834 -15.163918  -0.202804 -0.254081 0.945681  0.000000 0.000000 0
0  -0.883884 2.797308 -15.310621  -0.202804 -0.254081 0.945681  0.000000 0.000000 0
0  -0.618719 2.456738 -15.345259  -0.202804 -0.254081 0.945681  0.000000 0.000000 0
c_invasion_wrangler_laser
0  -0.883884 2.797308 -15.310621  -0.489609 0.743359 -0.455741  0.000000 0.000000 0
0  -0.875000 2.325928 -16.089033  -0.489609 0.743359 -0.455741  0.000000 0.000000 0
0  -1.250000 2.172732 -15.936045  -0.489609 0.743359 -0.455741  0.000000 0.000000 0
c_invasion_wrangler_laser
0  -0.618719 2.763132 -15.651237  0.923879 -0.270415 -0.270782  0.000000 0.000000 0
0  -0.875000 2.019535 -15.783054  0.923879 -0.270415 -0.270782  0.000000 0.000000 0
0  -0.875000 2.325928 -16.089033  0.923879 -0.270415 -0.270782  0.000000 0.000000 0
c_invasion_wrangler_laser
0  -0.618719 2.456738 -15.345259  -0.489610 -0.456745 0.742742  0.000000 0.000000 0
0  -1.250000 2.172732 -15.936045  -0.489610 -0.456745 0.742742  0.000000 0.000000 0
0  -0.875000 2.019535 -15.783054  -0.489610 -0.456745 0.742742  0.000000 0.000000 0
c_invasion_wrangler_laser
0  -1.250000 2.172732 -15.936045  -0.489608 0.456747 -0.742743  0.000000 0.000000 0
0  -0.618719 1.888724 -16.526829  -0.489608 0.456747 -0.742743  0.000000 0.000000 0
0  -0.883884 1.548155 -16.561466  -0.489608 0.456747 -0.742743  0.000000 0.000000 0
c_invasion_wrangler_laser
0  -0.875000 2.325928 -16.089033  0.923879 0.270415 0.270782  0.000000 0.000000 0
0  -0.618719 1.582331 -16.220850  0.923879 0.270415 0.270782  0.000000 0.000000 0
0  -0.618719 1.888724 -16.526829  0.923879 0.270415 0.270782  0.000000 0.000000 0
c_invasion_wrangler_laser
0  -0.875000 2.019535 -15.783054  -0.489607 -0.743360 0.455742  0.000000 0.000000 0
0  -0.883884 1.548155 -16.561466  -0.489607 -0.743360 0.455742  0.000000 0.000000 0
0  -0.618719 1.582331 -16.220850  -0.489607 -0.743360 0.455742  0.000000 0.000000 0
c_invasion_wrangler_laser
0  -0.883884 1.548155 -16.561466  -0.202801 0.254084 -0.945682  0.000000 0.000000 0
0  0.000000 1.707628 -16.708170  -0.202801 0.254084 -0.945682  0.000000 0.000000 0
0  0.000000 1.289446 -16.820526  -0.202801 0.254084 -0.945682  0.000000 0.000000 0
c_invasion_wrangler_laser
0  -0.618719 1.888724 -16.526829  0.382684 0.652839 0.653723  0.000000 0.000000 0
0  0.000000 1.401235 -16.402191  0.382684 0.652839 0.653723  0.000000 0.000000 0
0  0.000000 1.707628 -16.708170  0.382684 0.652839 0.653723  0.000000 0.000000 0
c_invasion_wrangler_laser
0  -0.618719 1.582331 -16.220850  -0.202802 -0.946025 0.252800  0.000000 0.000000 0
0  0.000000 1.289446 -16.820526  -0.202802 -0.946025 0.252800  0.000000 0.000000 0
0  0.000000 1.401235 -16.402191  -0.202802 -0.946025 0.252800  0.000000 0.000000 0
c_invasion_wrangler_laser
0  0.000000 5.226317 -17.256866  -0.202804 0.946024 -0.252801  0.000000 0.000000 0
0  -0.618719 4.933432 -17.856543  -0.202804 0.946024 -0.252801  0.000000 0.000000 0
0  -0.883884 4.967608 -17.515926  -0.202804 0.946024 -0.252801  0.000000 0.000000 0
c_invasion_wrangler_laser
0  0.000000 5.114528 -17.675201  0.382688 -0.652839 -0.653721  0.000000 0.000000 0
0  -0.618719 4.627039 -17.550564  0.382688 -0.652839 -0.653721  0.000000 0.000000 0
0  -0.618719 4.933432 -17.856543  0.382688 -0.652839 -0.653721  0.000000 0.000000 0
c_invasion_wrangler_laser
0  0.000000 4.808135 -17.369223  -0.202810 -0.254080 0.945680  0.000000 0.000000 0
0  -0.883884 4.967608 -17.515926  -0.202810 -0.254080 0.945680  0.000000 0.000000 0
0  -0.618719 4.627039 -17.550564  -0.202810 -0.254080 0.945680  0.000000 0.000000 0
c_invasion_wrangler_laser
0  -0.883884 4.967608 -17.515926  -0.489611 0.743359 -0.455741  0.000000 0.000000 0
0  -0.875000 4.496229 -18.294338  -0.489611 0.743359 -0.455741  0.000000 0.000000 0
0  -1.250000 4.343032 -18.141350  -0.489611 0.743359 -0.455741  0.000000 0.000000 0
c_invasion_wrangler_laser
0  -0.618719 4.933432 -17.856543  0.923879 -0.270415 -0.270782  0.000000 0.000000 0
0  -0.875000 4.189835 -17.988359  0.923879 -0.270415 -0.270782  0.000000 0.000000 0
0  -0.875000 4.496229 -18.294338  0.923879 -0.270415 -0.270782  0.000000 0.000000 0
c_invasion_wrangler_laser
0  -0.618719 4.627039 -17.550564  -0.489609 -0.456746 0.742742  0.000000 0.000000 0
0  -1.250000 4.343032 -18.141350  -0.489609 -0.456746 0.742742  0.000000 0.000000 0
0  -0.875000 4.189835 -17.988359  -0.489609 -0.456746 0.742742  0.000000 0.000000 0
c_invasion_wrangler_laser
0  -1.250000 4.343032 -18.141350  -0.489610 0.456746 -0.742742  0.000000 0.000000 0
0  -0.618719 4.059025 -18.732134  -0.489610 0.456746 -0.742742  0.000000 0.000000 0
0  -0.883884 3.718455 -18.766771  -0.489610 0.456746 -0.742742  0.000000 0.000000 0
c_invasion_wrangler_laser
0  -0.875000 4.496229 -18.294338  0.923879 0.270415 0.270782  0.000000 0.000000 0
0  -0.618719 3.752632 -18.426155  0.923879 0.270415 0.270782  0.000000 0.000000 0
0  -0.618719 4.059025 -18.732134  0.923879 0.270415 0.270782  0.000000 0.000000 0
c_invasion_wrangler_laser
0  -0.875000 4.189835 -17.988359  -0.489611 -0.743359 0.455740  0.000000 0.000000 0
0  -0.883884 3.718455 -18.766771  -0.489611 -0.743359 0.455740  0.000000 0.000000 0
0  -0.618719 3.752632 -18.426155  -0.489611 -0.743359 0.455740  0.000000 0.000000 0
c_invasion_wrangler_laser
0  -0.883884 3.718455 -18.766771  -0.202803 0.254083 -0.945681  0.000000 0.000000 0
0  0.000000 3.877929 -18.913475  -0.202803 0.254083 -0.945681  0.000000 0.000000 0
0  0.000000 3.459747 -19.025831  -0.202803 0.254083 -0.945681  0.000000 0.000000 0
c_invasion_wrangler_laser
0  -0.618719 4.059025 -18.732134  0.382684 0.652839 0.653724  0.000000 0.000000 0
0  0.000000 3.571536 -18.607496  0.382684 0.652839 0.653724  0.000000 0.000000 0
0  0.000000 3.877929 -18.913475  0.382684 0.652839 0.653724  0.000000 0.000000 0
c_invasion_wrangler_laser
0  -0.618719 3.752632 -18.426155  -0.202805 -0.946025 0.252799  0.000000 0.000000 0
0  0.000000 3.459747 -19.025831  -0.202805 -0.946025 0.252799  0.000000 0.000000 0
0  0.000000 3.571536 -18.607496  -0.202805 -0.946025 0.252799  0.000000 0.000000 0
c_invasion_wrangler_laser
0  0.000000 6.896746 -18.203773  -0.202804 0.965822 0.161428  0.000000 0.000000 0
0  -0.618719 6.878331 -18.870895  -0.202804 0.965822 0.161428  0.000000 0.000000 0
0  -0.883884 6.768462 -18.546680  -0.202804 0.965822 0.161428  0.000000 0.000000 0
c_invasion_wrangler_laser
0  0.000000 6.968130 -18.630863  0.382682 -0.323716 -0.865310  0.000000 0.000000 0
0  -0.618719 6.472770 -18.719173  0.382682 -0.323716 -0.865310  0.000000 0.000000 0
0  -0.618719 6.878331 -18.870895  0.382682 -0.323716 -0.865310  0.000000 0.000000 0
c_invasion_wrangler_laser
0  0.000000 6.562569 -18.479139  -0.202803 -0.622713 0.755711  0.000000 0.000000 0
0  -0.883884 6.768462 -18.546680  -0.202803 -0.622713 0.755711  0.000000 0.000000 0
0  -0.618719 6.472770 -18.719173  -0.202803 -0.622713 0.755711  0.000000 0.000000 0
c_invasion_wrangler_laser
0  -0.883884 6.768462 -18.546680  -0.489609 0.865328 -0.107197  0.000000 0.000000 0
0  -0.875000 6.661537 -19.450390  -0.489609 0.865328 -0.107197  0.000000 0.000000 0
0  -1.250000 6.458757 -19.374529  -0.489609 0.865328 -0.107197  0.000000 0.000000 0
c_invasion_wrangler_laser
0  -0.618719 6.878331 -18.870895  0.923879 -0.134090 -0.358425  0.000000 0.000000 0
0  -0.875000 6.255976 -19.298666  0.923879 -0.134090 -0.358425  0.000000 0.000000 0
0  -0.875000 6.661537 -19.450390  0.923879 -0.134090 -0.358425  0.000000 0.000000 0
c_invasion_wrangler_laser
0  -0.618719 6.472770 -18.719173  -0.489614 -0.723205 0.487087  0.000000 0.000000 0
0  -1.250000 6.458757 -19.374529  -0.489614 -0.723205 0.487087  0.000000 0.000000 0
0  -0.875000 6.255976 -19.298666  -0.489614 -0.723205 0.487087  0.000000 0.000000 0
c_invasion_wrangler_laser
0  -1.250000 6.458757 -19.374529  -0.489610 0.723206 -0.487088  0.000000 0.000000 0
0  -0.618719 6.444743 -20.029882  -0.489610 0.723206 -0.487088  0.000000 0.000000 0
0  -0.883884 6.149051 -20.202375  -0.489610 0.723206 -0.487088  0.000000 0.000000 0
c_invasion_wrangler_laser
0  -0.875000 6.661537 -19.450390  0.923878 0.134089 0.358426  0.000000 0.000000 0
0  -0.618719 6.039182 -19.878160  0.923878 0.134089 0.358426  0.000000 0.000000 0
0  -0.618719 6.444743 -20.029882  0.923878 0.134089 0.358426  0.000000 0.000000 0
c_invasion_wrangler_laser
0  -0.875000 6.255976 -19.298666  -0.489610 -0.865327 0.107197  0.000000 0.000000 0
0  -0.883884 6.149051 -20.202375  -0.489610 -0.865327 0.107197  0.000000 0.000000 0
0  -0.618719 6.039182 -19.878160  -0.489610 -0.865327 0.107197  0.000000 0.000000 0
c_invasion_wrangler_laser
0  -0.883884 6.149051 -20.202375  -0.202808 0.622714 -0.755709  0.000000 0.000000 0
0  0.000000 6.354944 -20.269917  -0.202808 0.622714 -0.755709  0.000000 0.000000 0
0  0.000000 6.020767 -20.545282  -0.202808 0.622714 -0.755709  0.000000 0.000000 0
c_invasion_wrangler_laser
0  -0.618719 6.444743 -20.029882  0.382679 0.323716 0.865312  0.000000 0.000000 0
0  0.000000 5.949383 -20.118195  0.382679 0.323716 0.865312  0.000000 0.000000 0
0  0.000000 6.354944 -20.269917  0.382679 0.323716 0.865312  0.000000 0.000000 0
c_invasion_wrangler_laser
0  -0.618719 6.039182 -19.878160  -0.202803 -0.965822 -0.161429  0.000000 0.000000 0
0  0.000000 6.020767 -20.545282  -0.202803 -0.965822 -0.161429  0.000000 0.000000 0
0  0.000000 5.949383 -20.118195  -0.202803 -0.965822 -0.161429  0.000000 0.000000 0
c_invasion_wrangler_laser
0  0.000000 9.272460 -19.097878  -0.202804 0.965822 0.161425  0.000000 0.000000 0
0  -0.618719 9.254045 -19.764999  -0.202804 0.965822 0.161425  0.000000 0.000000 0
0  -0.883884 9.144176 -19.440784  -0.202804 0.965822 0.161425  0.000000 0.000000 0
c_invasion_wrangler_laser
0  0.000000 9.343844 -19.524967  0.382677 -0.323718 -0.865312  0.000000 0.000000 0
0  -0.618719 8.848485 -19.613277  0.382677 -0.323718 -0.865312  0.000000 0.000000 0
0  -0.618719 9.254045 -19.764999  0.382677 -0.323718 -0.865312  0.000000 0.000000 0
c_invasion_wrangler_laser
0  0.000000 8.938283 -19.373243  -0.202807 -0.622714 0.755709  0.000000 0.000000 0
0  -0.883884 9.144176 -19.440784  -0.202807 -0.622714 0.755709  0.000000 0.000000 0
0  -0.618719 8.848485 -19.613277  -0.202807 -0.622714 0.755709  0.000000 0.000000 0
c_invasion_wrangler_laser
0  -0.883884 9.144176 -19.440784  -0.489610 0.865327 -0.107195  0.000000 0.000000 0
0  -0.875000 9.037251 -20.344494  -0.489610 0.865327 -0.107195  0.000000 0.000000 0
0  -1.250000 8.834471 -20.268633  -0.489610 0.865327 -0.107195  0.000000 0.000000 0
c_invasion_wrangler_laser
0  -0.618719 9.254045 -19.764999  0.923878 -0.134089 -0.358426  0.000000 0.000000 0
0  -0.875000 8.631690 -20.192770  0.923878 -0.134089 -0.358426  0.000000 0.000000 0
0  -0.875000 9.037251 -20.344494  0.923878 -0.134089 -0.358426  0.000000 0.000000 0
c_invasion_wrangler_laser
0  -0.618719 8.848485 -19.613277  -0.489614 -0.723202 0.487090  0.000000 0.000000 0
0  -1.250000 8.834471 -20.268633  -0.489614 -0.723202 0.487090  0.000000 0.000000 0
0  -0.875000 8.631690 -20.192770  -0.489614 -0.723202 0.487090  0.000000 0.000000 0
c_invasion_wrangler_laser
0  -1.250000 8.834471 -20.268633  -0.489610 0.723207 -0.487087  0.000000 0.000000 0
0  -0.618719 8.820457 -20.923986  -0.489610 0.723207 -0.487087  0.000000 0.000000 0
0  -0.883884 8.524765 -21.096479  -0.489610 0.723207 -0.487087  0.000000 0.000000 0
c_invasion_wrangler_laser
0  -0.875000 9.037251 -20.344494  0.923878 0.134089 0.358425  0.000000 0.000000 0
0  -0.618719 8.414896 -20.772264  0.923878 0.134089 0.358425  0.000000 0.000000 0
0  -0.618719 8.820457 -20.923986  0.923878 0.134089 0.358425  0.000000 0.000000 0
c_invasion_wrangler_laser
0  -0.875000 8.631690 -20.192770  -0.489611 -0.865326 0.107195  0.000000 0.000000 0
0  -0.883884 8.524765 -21.096479  -0.489611 -0.865326 0.107195  0.000000 0.000000 0
0  -0.618719 8.414896 -20.772264  -0.489611 -0.865326 0.107195  0.000000 0.000000 0
c_invasion_wrangler_laser
0  -0.883884 8.524765 -21.096479  -0.202804 0.622711 -0.755712  0.000000 0.000000 0
0  0.000000 8.730659 -21.164021  -0.202804 0.622711 -0.755712  0.000000 0.000000 0
0  0.000000 8.396482 -21.439386  -0.202804 0.622711 -0.755712  0.000000 0.000000 0
c_invasion_wrangler_laser
0  -0.618719 8.820457 -20.923986  0.382679 0.323717 0.865312  0.000000 0.000000 0
0  0.000000 8.325098 -21.012299  0.382679 0.323717 0.865312  0.000000 0.000000 0
0  0.000000 8.730659 -21.164021  0.382679 0.323717 0.865312  0.000000 0.000000 0
c_invasion_wrangler_laser
0  -0.618719 8.414896 -20.772264  -0.202802 -0.965821 -0.161432  0.000000 0.000000 0
0  0.000000 8.396482 -21.439386  -0.202802 -0.965821 -0.161432  0.000000 0.000000 0
0  0.000000 8.325098 -21.012299  -0.202802 -0.965821 -0.161432  0.000000 0.000000 0
gold_player
0  -0.244019 9.912113 -21.036934  0.000000 0.993263 -0.115881  0.000000 0.000000 0
0  0.000000 9.912113 -21.036934  0.000000 0.993263 -0.115881  0.000000 0.000000 0
0  0.000000 9.721879 -22.667513  0.000000 0.993263 -0.115881  0.297985 0.540026 0
painted_wood_01
0  3.387505 0.927346 -2.875000  -0.175604 0.983049 0.052699  0.297985 0.540026 0
0  1.637505 0.728645 -5.000000  -0.175605 0.983049 0.052698  0.297985 0.540026 0
0  2.512505 0.728645 -2.875000  -0.175608 0.983049 0.052695  0.297985 0.540026 0
painted_wood_01
0  1.637505 0.728645 -5.000000  0.049427 0.996514 0.067200  0.297985 0.540026 0
0  2.012505 0.878645 -7.500000  0.049426 0.996514 0.067204  0.297985 0.540026 0
0  0.714084 1.045014 -6.790635  0.049426 0.996514 0.067210  0.297985 0.540026 0
gold_player
0  3.259901 -1.708855 -1.414583  -0.649419 -0.755562 -0.085912  0.297770 0.539834 0
0  2.455214 -0.833855 -3.027083  -0.649419 -0.755562 -0.085912  0.297770 0.539834 0
0  3.075005 -1.425521 -2.591667  -0.649420 -0.755561 -0.085914  0.297770 0.539834 0
painted_wood_01
0  2.455214 -0.833855 -3.027083  -0.172594 -0.980967 -0.088967  0.297985 0.540026 0
0  1.637505 -0.771355 -5.000000  -0.173300 -0.980869 -0.088668  0.297985 0.540026 0
0  2.480859 -0.880315 -5.013293  -0.173283 -0.980872 -0.088676  0.297985 0.540026 0
painted_wood_01
0  1.637505 -0.771355 -5.000000  -0.036439 -0.997854 0.054402  0.297985 0.540026 0
0  2.012505 -0.921355 -7.500000  -0.036441 -0.997853 0.054414  0.297985 0.540026 0
0  2.480859 -0.880315 -5.013293  -0.036438 -0.997854 0.054398  0.297985 0.540026 0
painted_wood_01
0  2.512505 0.728645 -2.875000  -0.994931 0.042057 0.091347  0.297985 0.540026 0
0  2.455214 -0.833855 -3.027083  -0.994931 0.042055 0.091346  0.297985 0.540026 0
0  2.637505 -1.175521 -1.483333  -0.994931 0.042057 0.091347  0.297985 0.540026 0
painted_wood_01
0  2.012505 -0.021355 -7.500000  0.980958 -0.023330 -0.192815  0.297985 0.540026 0
0  2.480859 -0.880315 -5.013293  0.980957 -0.023329 -0.192818  0.297985 0.540026 0
0  2.012505 -0.921355 -7.500000  0.980958 -0.023330 -0.192816  0.297985 0.540026 0
painted_wood_01
0  2.512505 0.728645 -2.875000  -0.924264 -0.001658 0.381750  0.297985 0.540026 0
0  1.637505 -0.771355 -5.000000  -0.924264 -0.001658 0.381750  0.297985 0.540026 0
0  2.455214 -0.833855 -3.027083  -0.924264 -0.001658 0.381750  0.297985 0.540026 0
painted_wood_01
0  0.700005 -0.021355 -7.187500  -0.910195 -0.018294 0.413777  0.297985 0.540026 0
0  0.711255 -0.921355 -6.950000  -0.910198 -0.018293 0.413769  0.297985 0.540026 0
0  1.637505 -0.771355 -5.000000  -0.910195 -0.018294 0.413776  0.297985 0.540026 0
painted_wood_01
0  0.700005 -0.021355 -7.187500  -0.310879 -0.126285 -0.942022  0.297985 0.540026 0
0  2.012505 -0.921355 -7.500000  -0.310889 -0.126278 -0.942020  0.297985 0.540026 0
0  0.711255 -0.921355 -6.950000  -0.310883 -0.126282 -0.942021  0.297985 0.540026 0
painted_wood_01
0  0.714084 1.045014 -6.790635  -0.347515 0.187937 -0.918647  0.297985 0.540026 0
0  2.012505 -0.021355 -7.500000  -0.347532 0.187951 -0.918638  0.297985 0.540026 0
0  0.700005 -0.021355 -7.187500  -0.347539 0.187957 -0.918634  0.297985 0.540026 0
painted_wood_01
0  2.012505 0.878645 -7.500000  0.980956 0.023363 -0.192821  0.297985 0.540026 0
0  2.472947 -0.021355 -5.266616  0.980955 0.023364 -0.192823  0.297985 0.540026 0
0  2.012505 -0.021355 -7.500000  0.980955 0.023363 -0.192823  0.297985 0.540026 0
painted_wood_01
0  2.012505 0.878645 -7.500000  0.991571 0.114006 -0.061557  0.297985 0.540026 0
0  2.012505 -0.021355 -9.166667  0.991571 0.113999 -0.061571  0.297985 0.540026 0
0  1.793755 0.854166 -9.402347  0.991571 0.114004 -0.061561  0.297985 0.540026 0
painted_wood_01
0  2.012505 -0.921355 -7.500000  -0.991571 0.114002 0.061564  0.297985 0.540026 0
0  2.012505 -0.021355 -9.166667  -0.991571 0.114004 0.061561  0.297985 0.540026 0
0  1.793755 -0.896876 -9.402347  -0.991571 0.114004 0.061561  0.297985 0.540026 0
painted_wood_01
0  2.012505 -0.021355 -7.500000  0.805683 0.247806 0.538021  0.297985 0.540026 0
0  2.784818 0.618857 -8.951455  0.805691 0.247812 0.538007  0.297985 0.540026 0
0  2.012505 0.878645 -7.500000  0.805693 0.247814 0.538003  0.297985 0.540026 0
painted_wood_01
0  2.012505 -0.021355 -7.500000  0.807311 -0.254625 0.532368  0.297985 0.540026 0
0  2.784772 -0.624283 -8.959509  0.807307 -0.254622 0.532374  0.297985 0.540026 0
0  2.845839 -0.021355 -8.333334  0.807327 -0.254638 0.532337  0.297985 0.540026 0
painted_wood_01
0  2.845839 -0.021355 -8.333334  0.995223 0.000596 -0.097631  0.297985 0.540026 0
0  2.784772 -0.624283 -8.959509  0.995223 0.000596 -0.097631  0.297985 0.540026 0
0  2.784818 0.618857 -8.951455  0.995223 0.000596 -0.097631  0.297985 0.540026 0
painted_wood_01
0  2.784772 -0.624283 -8.959509  0.989943 0.001928 -0.141455  0.297985 0.540026 0
0  2.282129 -0.767094 -12.246031  0.989943 0.001928 -0.141455  0.297985 0.540026 0
0  2.784818 0.618857 -8.951455  0.989943 0.001927 -0.141455  0.297985 0.540026 0
painted_wood_01
0  0.512505 -0.021355 -7.833333  -0.085729 0.000316 -0.996318  0.297985 0.540026 0
0  0.000000 0.778794 -7.916151  -0.085732 0.000316 -0.996318  0.297985 0.540026 0
0  0.647666 0.958734 -7.999691  -0.085716 0.000316 -0.996320  0.297985 0.540026 0
painted_wood_01
0  0.711255 -0.921355 -6.950000  -0.986446 -0.074180 0.146359  0.297985 0.540026 0
0  0.512505 -0.021355 -7.833333  -0.986445 -0.074185 0.146364  0.297985 0.540026 0
0  0.635942 -0.896355 -8.062500  -0.986446 -0.074181 0.146360  0.297985 0.540026 0
painted_wood_01
0  0.700005 -0.021355 -7.187500  -0.989484 0.057247 0.132835  0.297985 0.540026 0
0  0.647666 0.958734 -7.999691  -0.989483 0.057237 0.132843  0.297985 0.540026 0
0  0.512505 -0.021355 -7.833333  -0.989483 0.057229 0.132850  0.297985 0.540026 0
painted_wood_01
0  0.512505 -0.021355 -7.833333  -0.715876 0.014427 -0.698078  0.297985 0.540026 0
0  0.647666 0.958734 -7.999691  -0.715877 0.014425 -0.698078  0.297985 0.540026 0
0  2.012505 -0.021355 -9.166667  -0.715877 0.014424 -0.698077  0.297985 0.540026 0
painted_wood_01
0  2.012505 0.878645 -7.500000  0.073945 0.996366 -0.042273  0.297985 0.540026 0
0  0.647666 0.958734 -7.999691  0.073943 0.996366 -0.042274  0.297985 0.540026 0
0  0.714084 1.045014 -6.790635  0.073947 0.996366 -0.042273  0.297985 0.540026 0
painted_wood_01
0  2.012505 -0.921355 -7.500000  -0.011923 -0.999812 -0.015258  0.297985 0.540026 0
0  0.635942 -0.896355 -8.062500  -0.011923 -0.999812 -0.015258  0.297985 0.540026 0
0  1.793755 -0.896876 -9.402347  -0.011923 -0.999812 -0.015258  0.297985 0.540026 0
painted_wood_01
0  2.282129 -0.767094 -12.246031  -0.272547 -0.721397 -0.636636  0.297985 0.540026 0
0  1.818061 -0.021355 -12.892387  -0.272548 -0.721394 -0.636638  0.297985 0.540026 0
0  2.183056 0.028357 -13.200748  -0.272550 -0.721392 -0.636640  0.297985 0.540026 0
painted_wood_01
0  2.183056 0.028357 -13.200748  -0.416220 0.676579 -0.607455  0.297985 0.540026 0
0  1.861700 0.834345 -12.082859  -0.416223 0.676585 -0.607446  0.297985 0.540026 0
0  2.282311 0.873520 -12.213814  -0.416218 0.676574 -0.607462  0.297985 0.540026 0
painted_wood_01
0  1.861700 0.834345 -12.082859  -0.999790 0.000043 0.020516  0.297985 0.540026 0
0  1.861639 -0.827343 -12.093597  -0.999790 0.000044 0.020516  0.297985 0.540026 0
0  2.012505 -0.021355 -9.166667  -0.999790 0.000045 0.020516  0.297985 0.540026 0
painted_wood_01
0  2.784772 -0.624283 -8.959509  0.246730 -0.968934 -0.017038  0.297985 0.540026 0
0  2.012505 -0.921355 -7.500000  0.246730 -0.968935 -0.017039  0.297985 0.540026 0
0  1.793755 -0.896876 -9.402347  0.246729 -0.968935 -0.017040  0.297985 0.540026 0
painted_wood_01
0  0.000000 -0.688022 -7.166667  0.154280 -0.179815 0.971527  0.297985 0.540026 0
0  0.700005 -0.021355 -7.187500  0.154286 -0.179807 0.971527  0.297985 0.540026 0
0  0.000000 0.944715 -6.664604  0.154283 -0.179810 0.971527  0.297985 0.540026 0
painted_wood_01
0  2.282311 0.873520 -12.213814  0.167430 0.985852 0.007915  0.297985 0.540026 0
0  1.793755 0.854166 -9.402347  0.167427 0.985853 0.007918  0.297985 0.540026 0
0  2.784818 0.618857 -8.951455  0.167425 0.985853 0.007922  0.297985 0.540026 0
painted_wood_01
0  2.845839 0.645312 -0.000000  -0.106402 0.991321 0.077210  0.297985 0.540026 0
0  3.387505 0.927346 -2.875000  -0.106399 0.991322 0.077195  0.297985 0.540026 0
0  2.512505 0.728645 -2.875000  -0.106401 0.991322 0.077204  0.297985 0.540026 0
painted_wood_01
0  0.670826 3.978645 -1.987621  0.994962 0.000000 -0.100255  0.297985 0.540026 0
0  0.570064 3.053748 -2.987621  0.994962 0.000000 -0.100255  0.297985 0.540026 0
0  0.570064 3.903542 -2.987621  0.994962 0.000000 -0.100255  0.297985 0.540026 0
painted_wood_01
0  0.670826 2.978645 -1.987621  0.000000 -0.997192 -0.074892  0.297985 0.540026 0
0  0.000000 3.053748 -2.987621  0.000000 -0.997192 -0.074892  0.297985 0.540026 0
0  0.570064 3.053748 -2.987621  0.000000 -0.997192 -0.074892  0.297985 0.540026 0
painted_wood_01
0  0.570064 3.903542 -2.987621  0.986884 0.065404 0.147588  0.297985 0.540026 0
0  0.943955 2.775068 -4.987620  0.986884 0.065405 0.147590  0.297985 0.540026 0
0  0.943955 4.182222 -5.987621  0.986884 0.065404 0.147588  0.297985 0.540026 0
painted_wood_01
0  0.570064 3.053748 -2.987621  0.000000 -0.990431 0.138007  0.297985 0.540026 0
0  0.000000 2.775068 -4.987620  0.000000 -0.990431 0.138007  0.297985 0.540026 0
0  0.943955 2.775068 -4.987620  0.000000 -0.990431 0.138007  0.297985 0.540026 0
painted_wood_01
0  0.943955 2.775068 -4.987620  0.096163 -0.698917 0.708709  0.297985 0.540026 0
0  0.000000 0.944715 -6.664604  0.096161 -0.698921 0.708705  0.297985 0.540026 0
0  0.714084 1.045014 -6.790635  0.096164 -0.698916 0.708709  0.297985 0.540026 0
painted_wood_01
0  0.836093 3.381328 -6.490716  0.994041 -0.031080 -0.104483  0.297985 0.540026 0
0  0.943955 2.775068 -4.987620  0.994041 -0.031080 -0.104481  0.297985 0.540026 0
0  0.728230 2.580434 -6.993810  0.994041 -0.031081 -0.104485  0.297985 0.540026 0
painted_wood_01
0  0.728230 2.580434 -6.993810  0.000000 0.531926 -0.846791  0.297985 0.540026 0
0  0.310184 1.779539 -7.496905  0.000000 0.531926 -0.846791  0.297985 0.540026 0
0  0.364115 2.580434 -6.993810  0.000000 0.531926 -0.846791  0.297985 0.540026 0
painted_wood_01
0  0.620368 1.779539 -7.496905  0.014073 0.526493 -0.850063  0.297985 0.540026 0
0  0.265241 1.112127 -7.916151  0.014073 0.526493 -0.850063  0.297985 0.540026 0
0  0.310184 1.779539 -7.496905  0.014073 0.526493 -0.850063  0.297985 0.540026 0
painted_wood_01
0  0.943955 4.182222 -5.987621  0.000000 0.531925 -0.846791  0.297985 0.540026 0
0  0.418047 3.381328 -6.490716  0.000000 0.531925 -0.846791  0.297985 0.540026 0
0  0.471977 4.182222 -5.987621  0.000000 0.531925 -0.846791  0.297985 0.540026 0
painted_wood_01
0  0.728230 2.580434 -6.993810  0.000000 0.531926 -0.846791  0.297985 0.540026 0
0  0.364115 2.580434 -6.993810  0.000000 0.531926 -0.846791  0.297985 0.540026 0
0  0.391081 2.980881 -6.742263  0.000000 0.531926 -0.846791  0.297985 0.540026 0
gold_player
0  3.918755 -1.085680 -1.487500  0.629958 -0.733338 -0.255672  0.297770 0.539834 0
0  3.075005 -1.425521 -2.591667  0.629956 -0.733339 -0.255675  0.297770 0.539834 0
0  3.392714 -1.032555 -3.027083  0.629957 -0.733339 -0.255674  0.297770 0.539834 0
gold_player
0  4.300971 -0.882555 0.000000  0.709898 -0.694563 -0.116739  0.297770 0.539834 0
0  3.259901 -1.708855 -1.414583  0.709897 -0.694563 -0.116739  0.297770 0.539834 0
0  3.918755 -1.085680 -1.487500  0.709897 -0.694563 -0.116740  0.297770 0.539834 0
gold_player
0  3.439589 -1.825521 0.000000  -0.721300 -0.686876 0.089038  0.297770 0.539834 0
0  2.637505 -1.175521 -1.483333  -0.721294 -0.686881 0.089048  0.297770 0.539834 0
0  3.259901 -1.708855 -1.414583  -0.721297 -0.686879 0.089043  0.297770 0.539834 0
painted_wood_01
0  0.000000 -0.688022 -7.166667  -0.311643 -0.950199 -0.000255  0.297985 0.540026 0
0  0.635942 -0.896355 -8.062500  -0.311643 -0.950199 -0.000255  0.297985 0.540026 0
0  0.711255 -0.921355 -6.950000  -0.311643 -0.950199 -0.000255  0.297985 0.540026 0
painted_wood_01
0  0.000000 3.903542 -2.987621  0.000000 0.997192 -0.074892  0.297985 0.540026 0
0  0.670826 3.978645 -1.987621  0.000000 0.997192 -0.074892  0.297985 0.540026 0
0  0.570064 3.903542 -2.987621  0.000000 0.997192 -0.074892  0.297985 0.540026 0
painted_wood_01
0  0.570064 3.903542 -2.987621  0.000000 0.995713 0.092495  0.297985 0.540026 0
0  0.943955 4.182222 -5.987621  0.000000 0.995713 0.092495  0.297985 0.540026 0
0  0.471977 4.182222 -5.987621  0.000000 0.995713 0.092495  0.297985 0.540026 0
painted_wood_01
0  0.670826 2.978646 -0.000000  0.000000 -1.000000 0.000000  0.297985 0.540026 0
0  0.000000 2.978645 -1.987621  0.000000 -1.000000 0.000000  0.297985 0.540026 0
0  0.670826 2.978645 -1.987621  0.000000 -1.000000 0.000000  0.297985 0.540026 0
painted_wood_01
0  0.000000 3.978645 -1.987621  0.000000 1.000000 0.000000  0.297985 0.540026 0
0  0.670826 3.978646 -0.000000  0.000000 1.000000 0.000000  0.297985 0.540026 0
0  0.670826 3.978645 -1.987621  0.000000 1.000000 0.000000  0.297985 0.540026 0
painted_wood_01
0  0.670826 2.978646 -0.000000  1.000000 0.000000 0.000000  0.297985 0.540026 0
0  0.670826 3.978645 -1.987621  1.000000 0.000000 0.000000  0.297985 0.540026 0
0  0.670826 3.978646 -0.000000  1.000000 0.000000 0.000000  0.297985 0.540026 0
painted_wood_01
0  0.000000 0.778794 -7.916151  -0.254793 0.439750 -0.861221  0.297985 0.540026 0
0  0.310184 1.779539 -7.496905  -0.254783 0.439783 -0.861207  0.297985 0.540026 0
0  0.265241 1.112127 -7.916151  -0.254793 0.439750 -0.861220  0.297985 0.540026 0
painted_wood_01
0  4.394749 0.501679 -0.708227  0.516887 0.852960 -0.072710  0.297985 0.540026 0
0  3.387505 0.927346 -2.875000  0.516885 0.852961 -0.072714  0.297985 0.540026 0
0  4.121283 0.677346 -0.000000  0.516889 0.852959 -0.072706  0.297985 0.540026 0
painted_wood_01
0  3.645416 0.716896 -2.918450  0.593595 0.751978 -0.286660  0.297985 0.540026 0
0  2.480859 0.837606 -5.013293  0.593595 0.751978 -0.286660  0.297985 0.540026 0
0  3.387505 0.927346 -2.875000  0.593596 0.751978 -0.286658  0.297985 0.540026 0
painted_wood_01
0  4.198238 -0.565172 -1.635876  0.810283 -0.563703 -0.160253  0.297985 0.540026 0
0  4.300971 -0.882555 0.000000  0.810282 -0.563701 -0.160261  0.297985 0.540026 0
0  3.918755 -1.085680 -1.487500  0.810283 -0.563703 -0.160251  0.297985 0.540026 0
painted_wood_01
0  3.009807 -0.428818 -4.569202  0.766902 -0.509694 -0.389965  0.297985 0.540026 0
0  3.392714 -1.032555 -3.027083  0.766903 -0.509694 -0.389965  0.297985 0.540026 0
0  2.480859 -0.880315 -5.013293  0.766902 -0.509694 -0.389966  0.297985 0.540026 0
painted_wood_01
0  2.863658 0.119033 -4.750208  0.752507 -0.117660 -0.647989  0.297985 0.540026 0
0  2.480859 -0.880315 -5.013293  0.752506 -0.117661 -0.647989  0.297985 0.540026 0
0  2.472947 -0.021355 -5.266616  0.752510 -0.117651 -0.647987  0.297985 0.540026 0
painted_wood_01
0  4.545433 -0.446622 -0.566948  0.906701 0.141795 0.397225  0.297985 0.540026 0
0  4.121283 0.677346 -0.000000  0.906700 0.141798 0.397226  0.297985 0.540026 0
0  4.300971 -0.882555 0.000000  0.906700 0.141797 0.397226  0.297985 0.540026 0
painted_wood_01
0  2.921625 0.666884 -4.522981  0.761538 0.177156 -0.623438  0.297985 0.540026 0
0  2.472947 -0.021355 -5.266616  0.761538 0.177156 -0.623438  0.297985 0.540026 0
0  2.480859 0.837606 -5.013293  0.761538 0.177156 -0.623438  0.297985 0.540026 0
painted_wood_01
0  3.687321 -0.526207 -3.103505  0.805584 -0.514650 -0.293547  0.297985 0.540026 0
0  3.918755 -1.085680 -1.487500  0.805584 -0.514650 -0.293547  0.297985 0.540026 0
0  3.392714 -1.032555 -3.027083  0.805584 -0.514650 -0.293546  0.297985 0.540026 0
painted_wood_01
0  0.000000 4.182222 -5.987621  0.000000 1.000000 0.000000  0.297985 0.540026 0
0  0.471977 4.182222 -6.415844  0.000000 1.000000 0.000000  0.297985 0.540026 0
0  0.000000 4.182222 -6.415844  0.000000 1.000000 0.000000  0.297985 0.540026 0
painted_wood_01
0  0.471977 4.182222 -5.987621  0.997741 -0.067185 0.000000  0.297985 0.540026 0
0  0.418047 3.381328 -6.918939  0.997741 -0.067185 0.000000  0.297985 0.540026 0
0  0.471977 4.182222 -6.415844  0.997741 -0.067185 0.000000  0.297985 0.540026 0
painted_wood_01
0  0.418047 3.381328 -6.490716  0.997740 -0.067188 0.000000  0.297985 0.540026 0
0  0.391081 2.980881 -7.170486  0.997740 -0.067188 0.000000  0.297985 0.540026 0
0  0.418047 3.381328 -6.918939  0.997740 -0.067188 0.000000  0.297985 0.540026 0
painted_wood_01
0  0.310184 1.779539 -7.496905  0.000000 -1.000000 0.000000  0.297985 0.540026 0
0  0.000000 1.779539 -7.925128  0.000000 -1.000000 0.000000  0.297985 0.540026 0
0  0.310184 1.779539 -7.925128  0.000000 -1.000000 0.000000  0.297985 0.540026 0
painted_wood_01
0  0.364115 2.580434 -6.993810  0.997741 -0.067185 0.000000  0.297985 0.540026 0
0  0.310184 1.779539 -7.925128  0.997741 -0.067185 0.000000  0.297985 0.540026 0
0  0.364115 2.580434 -7.422033  0.997741 -0.067185 0.000000  0.297985 0.540026 0
painted_wood_01
0  0.391081 2.980881 -6.742263  0.997740 -0.067188 0.000000  0.297985 0.540026 0
0  0.364115 2.580434 -7.422033  0.997740 -0.067188 0.000000  0.297985 0.540026 0
0  0.391081 2.980881 -7.170486  0.997740 -0.067188 0.000000  0.297985 0.540026 0
painted_wood_01
0  0.418047 3.381328 -6.918939  0.746046 -0.389507 0.540092  0.297985 0.540026 0
0  0.798587 2.980881 -7.733386  0.746046 -0.389507 0.540092  0.297985 0.540026 0
0  0.825553 3.381328 -7.481839  0.746046 -0.389507 0.540092  0.297985 0.540026 0
painted_wood_01
0  0.000000 4.182222 -6.415844  0.000000 1.000000 0.000000  0.297985 0.540026 0
0  0.879483 4.182222 -6.978744  0.000000 1.000000 0.000000  0.297985 0.540026 0
0  0.000000 4.182222 -6.978744  0.000000 1.000000 0.000000  0.297985 0.540026 0
painted_wood_01
0  0.471977 4.182222 -6.415844  0.746046 -0.389505 0.540093  0.297985 0.540026 0
0  0.825553 3.381328 -7.481839  0.746046 -0.389505 0.540093  0.297985 0.540026 0
0  0.879483 4.182222 -6.978744  0.746046 -0.389505 0.540093  0.297985 0.540026 0
painted_wood_01
0  0.364115 2.580434 -7.422033  0.746046 -0.389505 0.540094  0.297985 0.540026 0
0  0.717691 1.779539 -8.488029  0.746046 -0.389505 0.540094  0.297985 0.540026 0
0  0.771621 2.580434 -7.984934  0.746046 -0.389505 0.540094  0.297985 0.540026 0
painted_wood_01
0  0.391081 2.980881 -7.170486  0.746045 -0.389508 0.540093  0.297985 0.540026 0
0  0.771621 2.580434 -7.984934  0.746045 -0.389508 0.540093  0.297985 0.540026 0
0  0.798587 2.980881 -7.733386  0.746045 -0.389508 0.540093  0.297985 0.540026 0
painted_wood_01
0  0.717691 1.779539 -8.488029  0.775698 -0.288003 0.561558  0.297985 0.540026 0
0  0.310184 -2.786393 -10.266833  0.775698 -0.288003 0.561558  0.297985 0.540026 0
0  0.717691 -2.786393 -10.829734  0.775698 -0.288003 0.561558  0.297985 0.540026 0
painted_wood_01
0  0.717691 -2.786394 -12.004841  1.000000 0.000000 0.000000  0.297985 0.540026 0
0  0.717691 -3.547149 -11.251204  1.000000 0.000000 0.000000  0.297985 0.540026 0
0  0.717691 -3.547149 -12.004841  1.000000 0.000000 0.000000  0.297985 0.540026 0
painted_wood_01
0  0.825553 3.381328 -7.481839  0.997740 -0.067188 0.000000  0.297985 0.540026 0
0  0.798587 2.980881 -8.487022  0.997740 -0.067188 0.000000  0.297985 0.540026 0
0  0.825553 3.381328 -8.235475  0.997740 -0.067188 0.000000  0.297985 0.540026 0
painted_wood_01
0  0.310184 1.779539 -7.925128  0.000000 -0.456348 0.889802  0.297985 0.540026 0
0  0.000000 -2.786393 -10.266833  0.000000 -0.456348 0.889802  0.297985 0.540026 0
0  0.310184 -2.786393 -10.266833  0.000000 -0.456348 0.889802  0.297985 0.540026 0
painted_wood_01
0  0.000000 -2.786394 -12.004841  0.000000 0.000000 -1.000000  0.297985 0.540026 0
0  0.717691 -3.547149 -12.004841  0.000000 0.000000 -1.000000  0.297985 0.540026 0
0  0.000000 -3.547149 -12.004841  0.000000 0.000000 -1.000000  0.297985 0.540026 0
painted_wood_01
0  0.000000 4.182222 -7.732380  0.000000 0.000000 -1.000000  0.000000 0.000000 0
0  0.879483 4.640937 -7.732380  0.000000 0.000000 -1.000000  0.297985 0.540026 0
0  0.879483 4.182222 -7.732380  0.000000 0.000000 -1.000000  0.297985 0.540026 0
painted_wood_01
0  0.879483 4.182222 -6.978744  0.997740 -0.067185 0.000000  0.297985 0.540026 0
0  0.825553 3.381328 -8.235475  0.997740 -0.067185 0.000000  0.297985 0.540026 0
0  0.879483 4.182222 -7.732380  0.997740 -0.067185 0.000000  0.297985 0.540026 0
painted_wood_01
0  0.717691 1.779539 -8.488029  1.000000 0.000000 0.000000  0.297985 0.540026 0
0  0.717691 -2.786394 -12.004841  1.000000 0.000000 0.000000  0.297985 0.540026 0
0  0.717691 1.779539 -9.241665  1.000000 0.000000 0.000000  0.297985 0.540026 0
painted_wood_01
0  0.771621 2.580434 -7.984934  0.997740 -0.067185 0.000000  0.297985 0.540026 0
0  0.717691 1.779539 -9.241665  0.997740 -0.067185 0.000000  0.297985 0.540026 0
0  0.771621 2.580434 -8.738570  0.997740 -0.067185 0.000000  0.297985 0.540026 0
painted_wood_01
0  0.798587 2.980881 -7.733386  0.997740 -0.067188 0.000000  0.297985 0.540026 0
0  0.771621 2.580434 -8.738570  0.997740 -0.067188 0.000000  0.297985 0.540026 0
0  0.798587 2.980881 -8.487022  0.997740 -0.067188 0.000000  0.297985 0.540026 0
painted_wood_01
0  0.000000 4.640937 -6.978744  0.000000 1.000000 0.000000  0.297985 0.540026 0
0  0.879483 4.640937 -7.732380  0.000000 1.000000 0.000000  0.297985 0.540026 0
0  0.000000 4.640937 -7.732380  0.000000 1.000000 0.000000  0.297985 0.540026 0
painted_wood_01
0  0.879483 4.182222 -6.978744  1.000000 0.000000 0.000000  0.297985 0.540026 0
0  0.879483 4.640937 -7.732380  1.000000 0.000000 0.000000  0.297985 0.540026 0
0  0.879483 4.640937 -6.978744  1.000000 0.000000 0.000000  0.297985 0.540026 0
painted_wood_01
0  0.000000 4.182222 -6.978744  0.000000 0.000000 1.000000  0.297985 0.540026 0
0  0.879483 4.640937 -6.978744  0.000000 0.000000 1.000000  0.297985 0.540026 0
0  0.000000 4.640937 -6.978744  0.000000 0.000000 1.000000  0.297985 0.540026 0
painted_wood_01
0  0.000000 4.182222 -7.732380  0.000000 1.000000 0.000000  0.000000 0.000000 0
0  0.879483 4.182222 -7.732380  0.000000 1.000000 0.000000  0.297985 0.540026 0
0  0.000000 4.182222 -8.324379  0.000000 1.000000 0.000000  0.000000 0.000000 0
painted_wood_01
0  0.879483 4.182222 -7.732380  0.495198 0.462127 -0.735675  0.297985 0.540026 0
0  0.000000 1.779539 -9.833665  0.495198 0.462127 -0.735675  0.000000 0.000000 0
0  0.000000 4.182222 -8.324379  0.495198 0.462127 -0.735675  0.000000 0.000000 0
painted_wood_01
0  0.798587 2.980881 -8.487022  0.582062 0.404067 -0.705644  0.297985 0.540026 0
0  0.771621 2.580434 -8.738570  0.582062 0.404067 -0.705644  0.297985 0.540026 0
0  0.000000 1.779539 -9.833665  0.582062 0.404067 -0.705644  0.000000 0.000000 0
painted_wood_01
0  0.000000 1.779539 -9.833665  0.570256 0.443703 -0.691328  0.000000 0.000000 0
0  0.717691 1.779539 -9.241665  0.570256 0.443703 -0.691328  0.297985 0.540026 0
0  0.000000 -0.503427 -11.298902  0.570256 0.443703 -0.691328  0.000000 0.000000 0
painted_wood_01
0  0.000000 -0.503427 -11.298902  0.000000 0.669426 -0.742879  0.000000 0.000000 0
0  0.717691 1.779539 -9.241665  0.000000 0.669426 -0.742879  0.297985 0.540026 0
0  0.308368 -0.503427 -11.298902  0.000000 0.669426 -0.742879  0.000000 0.000000 0
painted_wood_01
0  0.717691 1.779539 -9.241665  0.816106 0.299206 -0.494415  0.297985 0.540026 0
0  0.717691 -2.786394 -12.004841  0.816106 0.299206 -0.494415  0.297985 0.540026 0
0  0.308368 -0.503427 -11.298902  0.816106 0.299206 -0.494415  0.000000 0.000000 0
painted_wood_01
0  0.000000 -2.786394 -12.004841  0.000000 0.295419 -0.955368  0.297985 0.540026 0
0  0.308368 -0.503427 -11.298902  0.000000 0.295419 -0.955368  0.000000 0.000000 0
0  0.717691 -2.786394 -12.004841  0.000000 0.295419 -0.955368  0.297985 0.540026 0
painted_wood_01
0  0.308368 -0.503427 -11.298902  0.992010 -0.116562 -0.048274  0.000000 0.000000 0
0  0.000000 -1.372622 -15.536958  0.992010 -0.116562 -0.048274  0.297985 0.540026 0
0  0.308368 1.250243 -15.416418  0.992010 -0.116562 -0.048274  0.000000 0.000000 0
gold_player
0  0.000000 -0.503427 -11.298902  0.000000 0.920031 0.391846  0.000000 0.000000 0
0  0.308368 1.250243 -15.416418  0.000000 0.920031 0.391846  0.000000 0.000000 0
0  0.000000 1.250243 -15.416418  0.000000 0.920031 0.391846  0.000000 0.000000 0
painted_wood_01
0  0.308368 1.250243 -15.416418  0.986896 -0.111121 -0.116998  0.000000 0.000000 0
0  0.000000 3.970484 -20.601133  0.986896 -0.111121 -0.116998  0.297985 0.540026 0
0  0.308368 5.362860 -19.333027  0.986896 -0.111121 -0.116998  0.000000 0.000000 0
gold_player
0  0.000000 1.250243 -15.416418  0.000000 0.689640 0.724153  0.000000 0.000000 0
0  0.308368 5.362860 -19.333027  0.000000 0.689640 0.724153  0.000000 0.000000 0
0  0.000000 5.362860 -19.333027  0.000000 0.689640 0.724153  0.000000 0.000000 0
painted_wood_01
0  0.308368 5.362860 -19.333027  0.985840 -0.052169 -0.159367  0.000000 0.000000 0
0  0.000000 9.721879 -22.667513  0.985840 -0.052170 -0.159367  0.297985 0.540026 0
0  0.244019 9.912113 -21.036934  0.985840 -0.052169 -0.159367  0.000000 0.000000 0
gold_player
0  0.000000 5.362860 -19.333027  0.000000 0.350751 0.936469  0.000000 0.000000 0
0  0.244019 9.912113 -21.036934  0.000000 0.350751 0.936469  0.000000 0.000000 0
0  0.000000 9.912113 -21.036934  0.000000 0.350751 0.936469  0.000000 0.000000 0
painted_wood_01
0  0.310184 -3.547148 -10.688304  0.000000 -1.000000 0.000000  0.297985 0.540026 0
0  0.000000 -3.547149 -11.251204  0.000000 -1.000000 0.000000  0.297985 0.540026 0
0  0.717691 -3.547149 -11.251204  0.000000 -1.000000 0.000000  0.297985 0.540026 0
painted_wood_01
0  0.717691 -3.547149 -11.251204  0.000000 -1.000000 0.000000  0.297985 0.540026 0
0  0.000000 -3.547149 -12.004841  0.000000 -1.000000 0.000000  0.297985 0.540026 0
0  0.717691 -3.547149 -12.004841  0.000000 -1.000000 0.000000  0.297985 0.540026 0
painted_wood_01
0  0.717691 -2.786393 -10.829734  0.770382 -0.308981 0.557712  0.297985 0.540026 0
0  0.310184 -3.547148 -10.688304  0.770382 -0.308981 0.557712  0.297985 0.540026 0
0  0.717691 -3.547149 -11.251204  0.770382 -0.308981 0.557712  0.297985 0.540026 0
painted_wood_01
0  0.310184 -2.786393 -10.266833  0.000000 -0.484614 0.874728  0.297985 0.540026 0
0  0.000000 -3.547148 -10.688304  0.000000 -0.484614 0.874728  0.297985 0.540026 0
0  0.310184 -3.547148 -10.688304  0.000000 -0.484614 0.874728  0.297985 0.540026 0
painted_wood_01
0  3.645416 0.716896 -2.918450  0.928865 0.091827 -0.358855  0.297985 0.540026 0
0  4.394749 0.501679 -0.708227  0.928866 0.091825 -0.358855  0.297985 0.540026 0
0  4.198238 -0.565172 -1.635876  0.928866 0.091817 -0.358855  0.297985 0.540026 0
c_invasion_wrangler_laser
0  0.000000 1.160283 -11.954980  0.202803 0.769949 -0.605020  0.000000 0.000000 0
0  0.618719 0.654854 -12.390794  0.202803 0.769949 -0.605020  0.000000 0.000000 0
0  0.000000 0.892741 -12.295453  0.202803 0.769949 -0.605020  0.000000 0.000000 0
c_invasion_wrangler_laser
0  0.000000 0.892741 -12.295453  -0.382684 -0.857569 -0.343698  0.000000 0.000000 0
0  0.618719 0.493766 -11.988860  -0.382684 -0.857569 -0.343698  0.000000 0.000000 0
0  0.000000 0.731654 -11.893519  -0.382684 -0.857569 -0.343698  0.000000 0.000000 0
c_invasion_wrangler_laser
0  0.000000 0.731654 -11.893519  0.202803 0.138987 0.969306  0.000000 0.000000 0
0  0.883884 0.820443 -12.091182  0.202803 0.138987 0.969306  0.000000 0.000000 0
0  0.000000 1.160283 -11.954980  0.202803 0.138987 0.969306  0.000000 0.000000 0
c_invasion_wrangler_laser
0  0.883884 0.820443 -12.091182  0.489611 0.503727 -0.711717  0.000000 0.000000 0
0  0.875000 0.080543 -12.620967  0.489611 0.503727 -0.711717  0.000000 0.000000 0
0  0.618719 0.654854 -12.390794  0.489611 0.503727 -0.711717  0.000000 0.000000 0
c_invasion_wrangler_laser
0  0.618719 0.654854 -12.390794  -0.923880 -0.355217 -0.142364  0.000000 0.000000 0
0  0.875000 -0.080544 -12.219033  -0.923880 -0.355217 -0.142364  0.000000 0.000000 0
0  0.618719 0.493766 -11.988860  -0.923880 -0.355217 -0.142364  0.000000 0.000000 0
c_invasion_wrangler_laser
0  0.618719 0.493766 -11.988860  0.489610 -0.127233 0.862609  0.000000 0.000000 0
0  1.250000 -0.000000 -12.420000  0.489610 -0.127233 0.862609  0.000000 0.000000 0
0  0.883884 0.820443 -12.091182  0.489610 -0.127233 0.862609  0.000000 0.000000 0
c_invasion_wrangler_laser
0  1.250000 -0.000000 -12.420000  0.489608 0.127234 -0.862610  0.000000 0.000000 0
0  0.618719 -0.493767 -12.851140  0.489608 0.127234 -0.862610  0.000000 0.000000 0
0  0.875000 0.080543 -12.620967  0.489608 0.127234 -0.862610  0.000000 0.000000 0
c_invasion_wrangler_laser
0  0.875000 0.080543 -12.620967  -0.923879 0.355218 0.142365  0.000000 0.000000 0
0  0.618719 -0.654855 -12.449206  -0.923879 0.355218 0.142365  0.000000 0.000000 0
0  0.875000 -0.080544 -12.219033  -0.923879 0.355218 0.142365  0.000000 0.000000 0
c_invasion_wrangler_laser
0  0.875000 -0.080544 -12.219033  0.489613 -0.503726 0.711716  0.000000 0.000000 0
0  0.883884 -0.820444 -12.748818  0.489613 -0.503726 0.711716  0.000000 0.000000 0
0  1.250000 -0.000000 -12.420000  0.489613 -0.503726 0.711716  0.000000 0.000000 0
c_invasion_wrangler_laser
0  0.883884 -0.820444 -12.748818  0.202803 -0.138989 -0.969305  0.000000 0.000000 0
0  0.000000 -0.731655 -12.946481  0.202803 -0.138989 -0.969305  0.000000 0.000000 0
0  0.618719 -0.493767 -12.851140  0.202803 -0.138989 -0.969305  0.000000 0.000000 0
c_invasion_wrangler_laser
0  0.618719 -0.493767 -12.851140  -0.382683 0.857570 0.343698  0.000000 0.000000 0
0  0.000000 -0.892742 -12.544547  -0.382683 0.857570 0.343698  0.000000 0.000000 0
0  0.618719 -0.654855 -12.449206  -0.382683 0.857570 0.343698  0.000000 0.000000 0
c_invasion_wrangler_laser
0  0.618719 -0.654855 -12.449206  0.202803 -0.769949 0.605021  0.000000 0.000000 0
0  0.000000 -1.160283 -12.885020  0.202803 -0.769949 0.605021  0.000000 0.000000 0
0  0.883884 -0.820444 -12.748818  0.202803 -0.769949 0.605021  0.000000 0.000000 0
c_invasion_wrangler_laser
0  0.000000 1.816624 -13.571524  0.202805 0.769949 -0.605020  0.000000 0.000000 0
0  0.618719 1.311195 -14.007338  0.202805 0.769949 -0.605020  0.000000 0.000000 0
0  0.000000 1.549082 -13.911997  0.202805 0.769949 -0.605020  0.000000 0.000000 0
c_invasion_wrangler_laser
0  0.000000 1.549082 -13.911997  -0.382684 -0.857569 -0.343698  0.000000 0.000000 0
0  0.618719 1.150107 -13.605404  -0.382684 -0.857569 -0.343698  0.000000 0.000000 0
0  0.000000 1.387995 -13.510063  -0.382684 -0.857569 -0.343698  0.000000 0.000000 0
c_invasion_wrangler_laser
0  0.000000 1.387995 -13.510063  0.202803 0.138987 0.969306  0.000000 0.000000 0
0  0.883884 1.476784 -13.707726  0.202803 0.138987 0.969306  0.000000 0.000000 0
0  0.000000 1.816624 -13.571524  0.202803 0.138987 0.969306  0.000000 0.000000 0
c_invasion_wrangler_laser
0  0.883884 1.476784 -13.707726  0.489606 0.503728 -0.711719  0.000000 0.000000 0
0  0.875000 0.736884 -14.237511  0.489606 0.503728 -0.711719  0.000000 0.000000 0
0  0.618719 1.311195 -14.007338  0.489606 0.503728 -0.711719  0.000000 0.000000 0
c_invasion_wrangler_laser
0  0.618719 1.311195 -14.007338  -0.923880 -0.355217 -0.142364  0.000000 0.000000 0
0  0.875000 0.575797 -13.835577  -0.923880 -0.355217 -0.142364  0.000000 0.000000 0
0  0.618719 1.150107 -13.605404  -0.923880 -0.355217 -0.142364  0.000000 0.000000 0
c_invasion_wrangler_laser
0  0.618719 1.150107 -13.605404  0.489610 -0.127233 0.862609  0.000000 0.000000 0
0  1.250000 0.656341 -14.036544  0.489610 -0.127233 0.862609  0.000000 0.000000 0
0  0.883884 1.476784 -13.707726  0.489610 -0.127233 0.862609  0.000000 0.000000 0
c_invasion_wrangler_laser
0  1.250000 0.656341 -14.036544  0.489606 0.127234 -0.862611  0.000000 0.000000 0
0  0.618719 0.162574 -14.467684  0.489606 0.127234 -0.862611  0.000000 0.000000 0
0  0.875000 0.736884 -14.237511  0.489606 0.127234 -0.862611  0.000000 0.000000 0
c_invasion_wrangler_laser
0  0.875000 0.736884 -14.237511  -0.923880 0.355216 0.142364  0.000000 0.000000 0
0  0.618719 0.001486 -14.065750  -0.923880 0.355216 0.142364  0.000000 0.000000 0
0  0.875000 0.575797 -13.835577  -0.923880 0.355216 0.142364  0.000000 0.000000 0
c_invasion_wrangler_laser
0  0.875000 0.575797 -13.835577  0.489610 -0.503727 0.711717  0.000000 0.000000 0
0  0.883884 -0.164103 -14.365362  0.489610 -0.503727 0.711717  0.000000 0.000000 0
0  1.250000 0.656341 -14.036544  0.489610 -0.503727 0.711717  0.000000 0.000000 0
c_invasion_wrangler_laser
0  0.883884 -0.164103 -14.365362  0.202803 -0.138989 -0.969305  0.000000 0.000000 0
0  0.000000 -0.075314 -14.563025  0.202803 -0.138989 -0.969305  0.000000 0.000000 0
0  0.618719 0.162574 -14.467684  0.202803 -0.138989 -0.969305  0.000000 0.000000 0
c_invasion_wrangler_laser
0  0.618719 0.162574 -14.467684  -0.382684 0.857569 0.343698  0.000000 0.000000 0
0  0.000000 -0.236401 -14.161091  -0.382684 0.857569 0.343698  0.000000 0.000000 0
0  0.618719 0.001486 -14.065750  -0.382684 0.857569 0.343698  0.000000 0.000000 0
c_invasion_wrangler_laser
0  0.618719 0.001486 -14.065750  0.202805 -0.769948 0.605020  0.000000 0.000000 0
0  0.000000 -0.503942 -14.501564  0.202805 -0.769948 0.605020  0.000000 0.000000 0
0  0.883884 -0.164103 -14.365362  0.202805 -0.769948 0.605020  0.000000 0.000000 0
c_invasion_wrangler_laser
0  0.000000 3.056017 -15.051561  0.202805 0.946025 -0.252799  0.000000 0.000000 0
0  0.618719 2.763132 -15.651237  0.202805 0.946025 -0.252799  0.000000 0.000000 0
0  0.000000 2.944228 -15.469896  0.202805 0.946025 -0.252799  0.000000 0.000000 0
c_invasion_wrangler_laser
0  0.000000 2.944228 -15.469896  -0.382683 -0.652839 -0.653724  0.000000 0.000000 0
0  0.618719 2.456738 -15.345259  -0.382683 -0.652839 -0.653724  0.000000 0.000000 0
0  0.000000 2.637834 -15.163918  -0.382683 -0.652839 -0.653724  0.000000 0.000000 0
c_invasion_wrangler_laser
0  0.000000 2.637834 -15.163918  0.202803 -0.254083 0.945681  0.000000 0.000000 0
0  0.883884 2.797308 -15.310621  0.202803 -0.254083 0.945681  0.000000 0.000000 0
0  0.000000 3.056017 -15.051561  0.202803 -0.254083 0.945681  0.000000 0.000000 0
c_invasion_wrangler_laser
0  0.883884 2.797308 -15.310621  0.489608 0.743360 -0.455741  0.000000 0.000000 0
0  0.875000 2.325928 -16.089033  0.489608 0.743360 -0.455741  0.000000 0.000000 0
0  0.618719 2.763132 -15.651237  0.489608 0.743360 -0.455741  0.000000 0.000000 0
c_invasion_wrangler_laser
0  0.618719 2.763132 -15.651237  -0.923880 -0.270415 -0.270781  0.000000 0.000000 0
0  0.875000 2.019535 -15.783054  -0.923880 -0.270415 -0.270781  0.000000 0.000000 0
0  0.618719 2.456738 -15.345259  -0.923880 -0.270415 -0.270781  0.000000 0.000000 0
c_invasion_wrangler_laser
0  0.618719 2.456738 -15.345259  0.489609 -0.456747 0.742741  0.000000 0.000000 0
0  1.250000 2.172732 -15.936045  0.489609 -0.456747 0.742741  0.000000 0.000000 0
0  0.883884 2.797308 -15.310621  0.489609 -0.456747 0.742741  0.000000 0.000000 0
c_invasion_wrangler_laser
0  1.250000 2.172732 -15.936045  0.489605 0.456748 -0.742743  0.000000 0.000000 0
0  0.618719 1.888724 -16.526829  0.489605 0.456748 -0.742743  0.000000 0.000000 0
0  0.875000 2.325928 -16.089033  0.489605 0.456748 -0.742743  0.000000 0.000000 0
c_invasion_wrangler_laser
0  0.875000 2.325928 -16.089033  -0.923879 0.270415 0.270782  0.000000 0.000000 0
0  0.618719 1.582331 -16.220850  -0.923879 0.270415 0.270782  0.000000 0.000000 0
0  0.875000 2.019535 -15.783054  -0.923879 0.270415 0.270782  0.000000 0.000000 0
c_invasion_wrangler_laser
0  0.875000 2.019535 -15.783054  0.489613 -0.743357 0.455740  0.000000 0.000000 0
0  0.883884 1.548155 -16.561466  0.489613 -0.743357 0.455740  0.000000 0.000000 0
0  1.250000 2.172732 -15.936045  0.489613 -0.743357 0.455740  0.000000 0.000000 0
c_invasion_wrangler_laser
0  0.883884 1.548155 -16.561466  0.202805 0.254081 -0.945681  0.000000 0.000000 0
0  0.000000 1.707628 -16.708170  0.202805 0.254081 -0.945681  0.000000 0.000000 0
0  0.618719 1.888724 -16.526829  0.202805 0.254081 -0.945681  0.000000 0.000000 0
c_invasion_wrangler_laser
0  0.618719 1.888724 -16.526829  -0.382683 0.652839 0.653724  0.000000 0.000000 0
0  0.000000 1.401235 -16.402191  -0.382683 0.652839 0.653724  0.000000 0.000000 0
0  0.618719 1.582331 -16.220850  -0.382683 0.652839 0.653724  0.000000 0.000000 0
c_invasion_wrangler_laser
0  0.618719 1.582331 -16.220850  0.202805 -0.946024 0.252800  0.000000 0.000000 0
0  0.000000 1.289446 -16.820526  0.202805 -0.946024 0.252800  0.000000 0.000000 0
0  0.883884 1.548155 -16.561466  0.202805 -0.946024 0.252800  0.000000 0.000000 0
c_invasion_wrangler_laser
0  0.000000 5.226317 -17.256866  0.202803 0.946025 -0.252801  0.000000 0.000000 0
0  0.618719 4.933432 -17.856543  0.202803 0.946025 -0.252801  0.000000 0.000000 0
0  0.000000 5.114528 -17.675201  0.202803 0.946025 -0.252801  0.000000 0.000000 0
c_invasion_wrangler_laser
0  0.000000 5.114528 -17.675201  -0.382680 -0.652838 -0.653726  0.000000 0.000000 0
0  0.618719 4.627039 -17.550564  -0.382680 -0.652838 -0.653726  0.000000 0.000000 0
0  0.000000 4.808135 -17.369223  -0.382680 -0.652838 -0.653726  0.000000 0.000000 0
c_invasion_wrangler_laser
0  0.000000 4.808135 -17.369223  0.202803 -0.254083 0.945681  0.000000 0.000000 0
0  0.883884 4.967608 -17.515926  0.202803 -0.254083 0.945681  0.000000 0.000000 0
0  0.000000 5.226317 -17.256866  0.202803 -0.254083 0.945681  0.000000 0.000000 0
c_invasion_wrangler_laser
0  0.883884 4.967608 -17.515926  0.489606 0.743361 -0.455742  0.000000 0.000000 0
0  0.875000 4.496229 -18.294338  0.489606 0.743361 -0.455742  0.000000 0.000000 0
0  0.618719 4.933432 -17.856543  0.489606 0.743361 -0.455742  0.000000 0.000000 0
c_invasion_wrangler_laser
0  0.618719 4.933432 -17.856543  -0.923880 -0.270415 -0.270781  0.000000 0.000000 0
0  0.875000 4.189835 -17.988359  -0.923880 -0.270415 -0.270781  0.000000 0.000000 0
0  0.618719 4.627039 -17.550564  -0.923880 -0.270415 -0.270781  0.000000 0.000000 0
c_invasion_wrangler_laser
0  0.618719 4.627039 -17.550564  0.489606 -0.456748 0.742743  0.000000 0.000000 0
0  1.250000 4.343032 -18.141350  0.489606 -0.456748 0.742743  0.000000 0.000000 0
0  0.883884 4.967608 -17.515926  0.489606 -0.456748 0.742743  0.000000 0.000000 0
c_invasion_wrangler_laser
0  1.250000 4.343032 -18.141350  0.489611 0.456746 -0.742741  0.000000 0.000000 0
0  0.618719 4.059025 -18.732134  0.489611 0.456746 -0.742741  0.000000 0.000000 0
0  0.875000 4.496229 -18.294338  0.489611 0.456746 -0.742741  0.000000 0.000000 0
c_invasion_wrangler_laser
0  0.875000 4.496229 -18.294338  -0.923879 0.270415 0.270783  0.000000 0.000000 0
0  0.618719 3.752632 -18.426155  -0.923879 0.270415 0.270783  0.000000 0.000000 0
0  0.875000 4.189835 -17.988359  -0.923879 0.270415 0.270783  0.000000 0.000000 0
c_invasion_wrangler_laser
0  0.875000 4.189835 -17.988359  0.489610 -0.743359 0.455741  0.000000 0.000000 0
0  0.883884 3.718455 -18.766771  0.489610 -0.743359 0.455741  0.000000 0.000000 0
0  1.250000 4.343032 -18.141350  0.489610 -0.743359 0.455741  0.000000 0.000000 0
c_invasion_wrangler_laser
0  0.883884 3.718455 -18.766771  0.202800 0.254082 -0.945682  0.000000 0.000000 0
0  0.000000 3.877929 -18.913475  0.202800 0.254082 -0.945682  0.000000 0.000000 0
0  0.618719 4.059025 -18.732134  0.202800 0.254082 -0.945682  0.000000 0.000000 0
c_invasion_wrangler_laser
0  0.618719 4.059025 -18.732134  -0.382683 0.652839 0.653724  0.000000 0.000000 0
0  0.000000 3.571536 -18.607496  -0.382683 0.652839 0.653724  0.000000 0.000000 0
0  0.618719 3.752632 -18.426155  -0.382683 0.652839 0.653724  0.000000 0.000000 0
c_invasion_wrangler_laser
0  0.618719 3.752632 -18.426155  0.202801 -0.946026 0.252799  0.000000 0.000000 0
0  0.000000 3.459747 -19.025831  0.202801 -0.946026 0.252799  0.000000 0.000000 0
0  0.883884 3.718455 -18.766771  0.202801 -0.946026 0.252799  0.000000 0.000000 0
c_invasion_wrangler_laser
0  0.000000 6.896746 -18.203773  0.202803 0.965821 0.161431  0.000000 0.000000 0
0  0.618719 6.878331 -18.870895  0.202803 0.965821 0.161431  0.000000 0.000000 0
0  0.000000 6.968130 -18.630863  0.202803 0.965821 0.161431  0.000000 0.000000 0
c_invasion_wrangler_laser
0  0.000000 6.968130 -18.630863  -0.382685 -0.323718 -0.865308  0.000000 0.000000 0
0  0.618719 6.472770 -18.719173  -0.382685 -0.323718 -0.865308  0.000000 0.000000 0
0  0.000000 6.562569 -18.479139  -0.382685 -0.323718 -0.865308  0.000000 0.000000 0
c_invasion_wrangler_laser
0  0.000000 6.562569 -18.479139  0.202800 -0.622714 0.755711  0.000000 0.000000 0
0  0.883884 6.768462 -18.546680  0.202800 -0.622714 0.755711  0.000000 0.000000 0
0  0.000000 6.896746 -18.203773  0.202800 -0.622714 0.755711  0.000000 0.000000 0
c_invasion_wrangler_laser
0  0.883884 6.768462 -18.546680  0.489612 0.865326 -0.107197  0.000000 0.000000 0
0  0.875000 6.661537 -19.450390  0.489612 0.865326 -0.107197  0.000000 0.000000 0
0  0.618719 6.878331 -18.870895  0.489612 0.865326 -0.107197  0.000000 0.000000 0
c_invasion_wrangler_laser
0  0.618719 6.878331 -18.870895  -0.923880 -0.134087 -0.358421  0.000000 0.000000 0
0  0.875000 6.255976 -19.298666  -0.923880 -0.134087 -0.358421  0.000000 0.000000 0
0  0.618719 6.472770 -18.719173  -0.923880 -0.134087 -0.358421  0.000000 0.000000 0
c_invasion_wrangler_laser
0  0.618719 6.472770 -18.719173  0.489609 -0.723207 0.487089  0.000000 0.000000 0
0  1.250000 6.458757 -19.374529  0.489609 -0.723207 0.487089  0.000000 0.000000 0
0  0.883884 6.768462 -18.546680  0.489609 -0.723207 0.487089  0.000000 0.000000 0
c_invasion_wrangler_laser
0  1.250000 6.458757 -19.374529  0.489603 0.723209 -0.487091  0.000000 0.000000 0
0  0.618719 6.444743 -20.029882  0.489603 0.723209 -0.487091  0.000000 0.000000 0
0  0.875000 6.661537 -19.450390  0.489603 0.723209 -0.487091  0.000000 0.000000 0
c_invasion_wrangler_laser
0  0.875000 6.661537 -19.450390  -0.923881 0.134088 0.358420  0.000000 0.000000 0
0  0.618719 6.039182 -19.878160  -0.923881 0.134088 0.358420  0.000000 0.000000 0
0  0.875000 6.255976 -19.298666  -0.923881 0.134088 0.358420  0.000000 0.000000 0
c_invasion_wrangler_laser
0  0.875000 6.255976 -19.298666  0.489610 -0.865327 0.107198  0.000000 0.000000 0
0  0.883884 6.149051 -20.202375  0.489610 -0.865327 0.107198  0.000000 0.000000 0
0  1.250000 6.458757 -19.374529  0.489610 -0.865327 0.107198  0.000000 0.000000 0
c_invasion_wrangler_laser
0  0.883884 6.149051 -20.202375  0.202800 0.622711 -0.755714  0.000000 0.000000 0
0  0.000000 6.354944 -20.269917  0.202800 0.622711 -0.755714  0.000000 0.000000 0
0  0.618719 6.444743 -20.029882  0.202800 0.622711 -0.755714  0.000000 0.000000 0
c_invasion_wrangler_laser
0  0.618719 6.444743 -20.029882  -0.382689 0.323715 0.865308  0.000000 0.000000 0
0  0.000000 5.949383 -20.118195  -0.382689 0.323715 0.865308  0.000000 0.000000 0
0  0.618719 6.039182 -19.878160  -0.382689 0.323715 0.865308  0.000000 0.000000 0
c_invasion_wrangler_laser
0  0.618719 6.039182 -19.878160  0.202803 -0.965822 -0.161429  0.000000 0.000000 0
0  0.000000 6.020767 -20.545282  0.202803 -0.965822 -0.161429  0.000000 0.000000 0
0  0.883884 6.149051 -20.202375  0.202803 -0.965822 -0.161429  0.000000 0.000000 0
c_invasion_wrangler_laser
0  0.000000 9.272460 -19.097878  0.202803 0.965822 0.161428  0.000000 0.000000 0
0  0.618719 9.254045 -19.764999  0.202803 0.965822 0.161428  0.000000 0.000000 0
0  0.000000 9.343844 -19.524967  0.202803 0.965822 0.161428  0.000000 0.000000 0
c_invasion_wrangler_laser
0  0.000000 9.343844 -19.524967  -0.382688 -0.323719 -0.865307  0.000000 0.000000 0
0  0.618719 8.848485 -19.613277  -0.382688 -0.323719 -0.865307  0.000000 0.000000 0
0  0.000000 8.938283 -19.373243  -0.382688 -0.323719 -0.865307  0.000000 0.000000 0
c_invasion_wrangler_laser
0  0.000000 8.938283 -19.373243  0.202800 -0.622713 0.755712  0.000000 0.000000 0
0  0.883884 9.144176 -19.440784  0.202800 -0.622713 0.755712  0.000000 0.000000 0
0  0.000000 9.272460 -19.097878  0.202800 -0.622713 0.755712  0.000000 0.000000 0
c_invasion_wrangler_laser
0  0.883884 9.144176 -19.440784  0.489612 0.865326 -0.107195  0.000000 0.000000 0
0  0.875000 9.037251 -20.344494  0.489612 0.865326 -0.107195  0.000000 0.000000 0
0  0.618719 9.254045 -19.764999  0.489612 0.865326 -0.107195  0.000000 0.000000 0
c_invasion_wrangler_laser
0  0.618719 9.254045 -19.764999  -0.923881 -0.134087 -0.358420  0.000000 0.000000 0
0  0.875000 8.631690 -20.192770  -0.923881 -0.134087 -0.358420  0.000000 0.000000 0
0  0.618719 8.848485 -19.613277  -0.923881 -0.134087 -0.358420  0.000000 0.000000 0
c_invasion_wrangler_laser
0  0.618719 8.848485 -19.613277  0.489610 -0.723207 0.487087  0.000000 0.000000 0
0  1.250000 8.834471 -20.268633  0.489610 -0.723207 0.487087  0.000000 0.000000 0
0  0.883884 9.144176 -19.440784  0.489610 -0.723207 0.487087  0.000000 0.000000 0
c_invasion_wrangler_laser
0  1.250000 8.834471 -20.268633  0.489605 0.723206 -0.487093  0.000000 0.000000 0
0  0.618719 8.820457 -20.923986  0.489605 0.723206 -0.487093  0.000000 0.000000 0
0  0.875000 9.037251 -20.344494  0.489605 0.723206 -0.487093  0.000000 0.000000 0
c_invasion_wrangler_laser
0  0.875000 9.037251 -20.344494  -0.923881 0.134088 0.358420  0.000000 0.000000 0
0  0.618719 8.414896 -20.772264  -0.923881 0.134088 0.358420  0.000000 0.000000 0
0  0.875000 8.631690 -20.192770  -0.923881 0.134088 0.358420  0.000000 0.000000 0
c_invasion_wrangler_laser
0  0.875000 8.631690 -20.192770  0.489610 -0.865327 0.107197  0.000000 0.000000 0
0  0.883884 8.524765 -21.096479  0.489610 -0.865327 0.107197  0.000000 0.000000 0
0  1.250000 8.834471 -20.268633  0.489610 -0.865327 0.107197  0.000000 0.000000 0
c_invasion_wrangler_laser
0  0.883884 8.524765 -21.096479  0.202799 0.622717 -0.755709  0.000000 0.000000 0
0  0.000000 8.730659 -21.164021  0.202799 0.622717 -0.755709  0.000000 0.000000 0
0  0.618719 8.820457 -20.923986  0.202799 0.622717 -0.755709  0.000000 0.000000 0
c_invasion_wrangler_laser
0  0.618719 8.820457 -20.923986  -0.382684 0.323716 0.865310  0.000000 0.000000 0
0  0.000000 8.325098 -21.012299  -0.382684 0.323716 0.865310  0.000000 0.000000 0
0  0.618719 8.414896 -20.772264  -0.382684 0.323716 0.865310  0.000000 0.000000 0
c_invasion_wrangler_laser
0  0.618719 8.414896 -20.772264  0.202804 -0.965822 -0.161424  0.000000 0.000000 0
0  0.000000 8.396482 -21.439386  0.202804 -0.965822 -0.161424  0.000000 0.000000 0
0  0.883884 8.524765 -21.096479  0.202804 -0.965822 -0.161424  0.000000 0.000000 0
gold_player
0  0.244019 9.912113 -21.036934  0.000000 0.993263 -0.115881  0.000000 0.000000 0
0  0.000000 9.721879 -22.667513  0.000000 0.993263 -0.115881  0.297985 0.540026 0
0  0.000000 9.912113 -21.036934  0.000000 0.993263 -0.115881  0.000000 0.000000 0
painted_wood_01
0  -3.387505 0.927347 2.875000  0.175569 0.983057 -0.052673  0.297985 0.540026 0
0  -2.480859 0.837607 5.013293  0.175573 0.983057 -0.052669  0.297985 0.540026 0
0  -1.637505 0.728646 5.000000  0.175577 0.983056 -0.052664  0.297985 0.540026 0
painted_wood_01
0  -1.637505 0.728646 5.000000  -0.049345 0.996520 -0.067183  0.297985 0.540026 0
0  -2.480859 0.837607 5.013293  -0.049342 0.996519 -0.067201  0.297985 0.540026 0
0  -2.012505 0.878646 7.500000  -0.049345 0.996520 -0.067185  0.297985 0.540026 0
gold_player
0  -3.259901 -1.708854 1.414583  0.649408 -0.755570 0.085924  0.297770 0.539834 0
0  -2.637505 -1.175521 1.483333  0.649408 -0.755571 0.085924  0.297770 0.539834 0
0  -2.455214 -0.833854 3.027083  0.649408 -0.755570 0.085924  0.297770 0.539834 0
painted_wood_01
0  -2.480859 -0.880315 5.013293  0.173295 -0.980872 0.088655  0.297985 0.540026 0
0  -3.392714 -1.032555 3.027083  0.173297 -0.980871 0.088656  0.297985 0.540026 0
0  -2.455214 -0.833854 3.027083  0.173306 -0.980869 0.088659  0.297985 0.540026 0
painted_wood_01
0  -3.392714 -1.032555 3.027083  0.173270 -0.980876 0.088654  0.297985 0.540026 0
0  -3.075005 -1.425521 2.591667  0.173274 -0.980875 0.088654  0.297985 0.540026 0
0  -2.455214 -0.833854 3.027083  0.173339 -0.980864 0.088652  0.297985 0.540026 0
painted_wood_01
0  -1.637505 -0.771354 5.000000  0.036410 -0.997855 -0.054405  0.297985 0.540026 0
0  -0.711255 -0.921354 6.950000  0.036412 -0.997854 -0.054413  0.297985 0.540026 0
0  -2.012505 -0.921354 7.500000  0.036411 -0.997855 -0.054409  0.297985 0.540026 0
painted_wood_01
0  -2.637505 -1.175521 1.483333  0.994934 0.042089 -0.091290  0.297985 0.540026 0
0  -2.668755 -0.904688 0.000000  0.994933 0.042100 -0.091299  0.297985 0.540026 0
0  -2.845839 0.645312 -0.000000  0.994934 0.042097 -0.091297  0.297985 0.540026 0
painted_wood_01
0  -2.845839 0.645312 -0.000000  0.994930 0.042039 -0.091359  0.297985 0.540026 0
0  -2.512505 0.728646 2.875000  0.994930 0.042040 -0.091359  0.297985 0.540026 0
0  -2.637505 -1.175521 1.483333  0.994930 0.042041 -0.091360  0.297985 0.540026 0
painted_wood_01
0  -2.012505 -0.021354 7.500000  -0.980953 -0.023386 0.192830  0.297985 0.540026 0
0  -2.472947 -0.021354 5.266616  -0.980953 -0.023385 0.192832  0.297985 0.540026 0
0  -2.480859 -0.880315 5.013293  -0.980953 -0.023385 0.192832  0.297985 0.540026 0
painted_wood_01
0  -2.512505 0.728646 2.875000  0.924267 -0.001646 -0.381743  0.297985 0.540026 0
0  -1.637505 0.728646 5.000000  0.924267 -0.001646 -0.381743  0.297985 0.540026 0
0  -1.637505 -0.771354 5.000000  0.924267 -0.001646 -0.381742  0.297985 0.540026 0
painted_wood_01
0  -1.637505 -0.771354 5.000000  0.910196 -0.018345 -0.413772  0.297985 0.540026 0
0  -1.637505 0.728646 5.000000  0.910196 -0.018348 -0.413770  0.297985 0.540026 0
0  -0.700005 -0.021354 7.187500  0.910196 -0.018346 -0.413772  0.297985 0.540026 0
painted_wood_01
0  -1.637505 0.728646 5.000000  0.910199 -0.018382 -0.413764  0.297985 0.540026 0
0  -0.714084 1.045015 6.790635  0.910195 -0.018380 -0.413772  0.297985 0.540026 0
0  -0.700005 -0.021354 7.187500  0.910198 -0.018381 -0.413764  0.297985 0.540026 0
painted_wood_01
0  -0.700005 -0.021354 7.187500  0.310843 -0.126207 0.942045  0.297985 0.540026 0
0  -2.012505 -0.021354 7.500000  0.310843 -0.126207 0.942045  0.297985 0.540026 0
0  -2.012505 -0.921354 7.500000  0.310844 -0.126207 0.942045  0.297985 0.540026 0
painted_wood_01
0  -0.714084 1.045015 6.790635  0.347583 0.187867 0.918636  0.297985 0.540026 0
0  -2.012505 0.878646 7.500000  0.347582 0.187866 0.918636  0.297985 0.540026 0
0  -2.012505 -0.021354 7.500000  0.347590 0.187873 0.918632  0.297985 0.540026 0
painted_wood_01
0  -2.012505 0.878646 7.500000  -0.980955 0.023351 0.192828  0.297985 0.540026 0
0  -2.480859 0.837607 5.013293  -0.980955 0.023350 0.192826  0.297985 0.540026 0
0  -2.472947 -0.021354 5.266616  -0.980955 0.023351 0.192828  0.297985 0.540026 0
painted_wood_01
0  -2.012505 0.878646 7.500000  -0.991579 0.113949 0.061531  0.297985 0.540026 0
0  -2.012505 -0.021354 7.500000  -0.991579 0.113947 0.061534  0.297985 0.540026 0
0  -2.012505 -0.021354 9.166667  -0.991579 0.113953 0.061522  0.297985 0.540026 0
painted_wood_01
0  -2.012505 -0.921354 7.500000  0.991579 0.113953 -0.061523  0.297985 0.540026 0
0  -2.012505 -0.021354 7.500000  0.991579 0.113950 -0.061529  0.297985 0.540026 0
0  -2.012505 -0.021354 9.166667  0.991579 0.113953 -0.061522  0.297985 0.540026 0
painted_wood_01
0  -2.012505 -0.021354 7.500000  -0.805668 0.247881 -0.538009  0.297985 0.540026 0
0  -2.845839 -0.021354 8.333334  -0.805666 0.247879 -0.538013  0.297985 0.540026 0
0  -2.784818 0.618858 8.951455  -0.805665 0.247879 -0.538015  0.297985 0.540026 0
painted_wood_01
0  -2.012505 -0.021354 7.500000  -0.807338 -0.254575 -0.532351  0.297985 0.540026 0
0  -2.012505 -0.921354 7.500000  -0.807342 -0.254578 -0.532343  0.297985 0.540026 0
0  -2.784772 -0.624281 8.959509  -0.807345 -0.254581 -0.532337  0.297985 0.540026 0
painted_wood_01
0  -2.183056 0.028359 13.200748  -0.989938 0.001924 0.141487  0.297985 0.540026 0
0  -2.282311 0.873522 12.213814  -0.989938 0.001929 0.141487  0.297985 0.540026 0
0  -2.282129 -0.767092 12.246031  -0.989938 0.001924 0.141487  0.297985 0.540026 0
painted_wood_01
0  -2.282311 0.873522 12.213814  -0.989940 0.002053 0.141474  0.297985 0.540026 0
0  -2.784818 0.618858 8.951455  -0.989939 0.001925 0.141484  0.297985 0.540026 0
0  -2.282129 -0.767092 12.246031  -0.989939 0.001927 0.141484  0.297985 0.540026 0
painted_wood_01
0  -0.512505 -0.021354 7.833333  0.085768 0.000404 0.996315  0.297985 0.540026 0
0  -0.635942 -0.896354 8.062500  0.085778 0.000395 0.996314  0.297985 0.540026 0
0  -0.000000 -0.688021 7.833333  0.085767 0.000405 0.996315  0.297985 0.540026 0
painted_wood_01
0  -0.000000 -0.688021 7.833333  0.085689 0.000344 0.996322  0.297985 0.540026 0
0  -0.000000 0.778795 7.916151  0.085694 0.000328 0.996321  0.297985 0.540026 0
0  -0.512505 -0.021354 7.833333  0.085697 0.000321 0.996321  0.297985 0.540026 0
painted_wood_01
0  -0.000000 0.778795 7.916151  0.085767 0.000372 0.996315  0.297985 0.540026 0
0  -0.265241 1.112129 7.916151  0.085756 0.000379 0.996316  0.297985 0.540026 0
0  -0.647666 0.958736 7.999691  0.085749 0.000383 0.996317  0.297985 0.540026 0
painted_wood_01
0  -0.711255 -0.921354 6.950000  0.986440 -0.074126 -0.146426  0.297985 0.540026 0
0  -0.700005 -0.021354 7.187500  0.986439 -0.074132 -0.146432  0.297985 0.540026 0
0  -0.512505 -0.021354 7.833333  0.986440 -0.074129 -0.146429  0.297985 0.540026 0
painted_wood_01
0  -0.700005 -0.021354 7.187500  0.989498 0.057181 -0.132758  0.297985 0.540026 0
0  -0.714084 1.045015 6.790635  0.989497 0.057180 -0.132759  0.297985 0.540026 0
0  -0.647666 0.958736 7.999691  0.989497 0.057180 -0.132759  0.297985 0.540026 0
painted_wood_01
0  -0.647666 0.958736 7.999691  0.715897 0.014416 0.698057  0.297985 0.540026 0
0  -1.793755 0.854167 9.402347  0.715912 0.014422 0.698041  0.297985 0.540026 0
0  -2.012505 -0.021354 9.166667  0.715892 0.014414 0.698062  0.297985 0.540026 0
painted_wood_01
0  -2.012505 -0.021354 9.166667  0.715895 0.014474 0.698057  0.297985 0.540026 0
0  -1.793755 -0.896875 9.402347  0.715900 0.014473 0.698053  0.297985 0.540026 0
0  -0.635942 -0.896354 8.062500  0.715907 0.014472 0.698046  0.297985 0.540026 0
painted_wood_01
0  -0.635942 -0.896354 8.062500  0.715896 0.014457 0.698058  0.297985 0.540026 0
0  -0.512505 -0.021354 7.833333  0.715889 0.014449 0.698064  0.297985 0.540026 0
0  -2.012505 -0.021354 9.166667  0.715899 0.014461 0.698054  0.297985 0.540026 0
painted_wood_01
0  -2.012505 0.878646 7.500000  -0.073936 0.996368 0.042253  0.297985 0.540026 0
0  -1.793755 0.854167 9.402347  -0.073938 0.996367 0.042252  0.297985 0.540026 0
0  -0.647666 0.958736 7.999691  -0.073938 0.996367 0.042253  0.297985 0.540026 0
painted_wood_01
0  -2.012505 -0.921354 7.500000  0.011934 -0.999813 0.015230  0.297985 0.540026 0
0  -0.711255 -0.921354 6.950000  0.011934 -0.999813 0.015230  0.297985 0.540026 0
0  -0.635942 -0.896354 8.062500  0.011935 -0.999813 0.015230  0.297985 0.540026 0
painted_wood_01
0  -2.282129 -0.767092 12.246031  0.272465 -0.721380 0.636690  0.297985 0.540026 0
0  -1.861639 -0.827341 12.093597  0.272458 -0.721390 0.636681  0.297985 0.540026 0
0  -1.818061 -0.021353 12.892387  0.272462 -0.721384 0.636686  0.297985 0.540026 0
painted_wood_01
0  -2.183056 0.028359 13.200748  0.416297 0.676544 0.607442  0.297985 0.540026 0
0  -1.818061 -0.021353 12.892387  0.416298 0.676545 0.607440  0.297985 0.540026 0
0  -1.861700 0.834346 12.082859  0.416296 0.676540 0.607446  0.297985 0.540026 0
painted_wood_01
0  -2.012505 -0.021354 9.166667  0.999790 0.000009 -0.020495  0.297985 0.540026 0
0  -1.793755 0.854167 9.402347  0.999790 0.000012 -0.020475  0.297985 0.540026 0
0  -1.861700 0.834346 12.082859  0.999790 0.000009 -0.020491  0.297985 0.540026 0
painted_wood_01
0  -1.861700 0.834346 12.082859  0.999790 0.000047 -0.020485  0.297985 0.540026 0
0  -1.818061 -0.021353 12.892387  0.999790 0.000044 -0.020485  0.297985 0.540026 0
0  -1.861639 -0.827341 12.093597  0.999790 0.000045 -0.020485  0.297985 0.540026 0
painted_wood_01
0  -1.861639 -0.827341 12.093597  0.999790 0.000105 -0.020487  0.297985 0.540026 0
0  -1.793755 -0.896875 9.402347  0.999790 0.000106 -0.020492  0.297985 0.540026 0
0  -2.012505 -0.021354 9.166667  0.999790 0.000104 -0.020475  0.297985 0.540026 0
painted_wood_01
0  -1.793755 -0.896875 9.402347  -0.246687 -0.968945 0.017051  0.297985 0.540026 0
0  -1.861639 -0.827341 12.093597  -0.246687 -0.968945 0.017044  0.297985 0.540026 0
0  -2.282129 -0.767092 12.246031  -0.246686 -0.968946 0.017030  0.297985 0.540026 0
painted_wood_01
0  -2.282129 -0.767092 12.246031  -0.246724 -0.968936 0.017042  0.297985 0.540026 0
0  -2.784772 -0.624281 8.959509  -0.246724 -0.968936 0.017042  0.297985 0.540026 0
0  -1.793755 -0.896875 9.402347  -0.246725 -0.968936 0.017043  0.297985 0.540026 0
painted_wood_01
0  -0.711255 -0.921354 6.950000  -0.154303 -0.179786 -0.971529  0.297985 0.540026 0
0  -0.700005 -0.021354 7.187500  -0.154282 -0.179804 -0.971529  0.297985 0.540026 0
0  -0.000000 -0.688021 7.166667  -0.154252 -0.179829 -0.971529  0.297985 0.540026 0
painted_wood_01
0  -0.700005 -0.021354 7.187500  -0.154268 -0.179832 -0.971525  0.297985 0.540026 0
0  -0.714084 1.045015 6.790635  -0.154271 -0.179831 -0.971525  0.297985 0.540026 0
0  -0.000000 0.944716 6.664604  -0.154246 -0.179840 -0.971527  0.297985 0.540026 0
painted_wood_01
0  -1.861700 0.834346 12.082859  -0.167378 0.985861 -0.007898  0.297985 0.540026 0
0  -1.793755 0.854167 9.402347  -0.167378 0.985861 -0.007908  0.297985 0.540026 0
0  -2.282311 0.873522 12.213814  -0.167378 0.985861 -0.007903  0.297985 0.540026 0
painted_wood_01
0  -1.793755 0.854167 9.402347  -0.167419 0.985854 -0.007914  0.297985 0.540026 0
0  -2.012505 0.878646 7.500000  -0.167417 0.985854 -0.007911  0.297985 0.540026 0
0  -2.784818 0.618858 8.951455  -0.167414 0.985855 -0.007906  0.297985 0.540026 0
painted_wood_01
0  -2.845839 0.645312 -0.000000  0.106354 0.991326 -0.077213  0.297985 0.540026 0
0  -4.121283 0.677346 -0.000000  0.106353 0.991327 -0.077207  0.297985 0.540026 0
0  -3.387505 0.927347 2.875000  0.106354 0.991326 -0.077214  0.297985 0.540026 0
painted_wood_01
0  -0.670826 3.978646 1.987620  -0.994962 0.000000 0.100255  0.297985 0.540026 0
0  -0.670826 2.978646 1.987620  -0.994962 0.000000 0.100255  0.297985 0.540026 0
0  -0.570064 3.053749 2.987620  -0.994962 0.000000 0.100255  0.297985 0.540026 0
painted_wood_01
0  -0.670826 2.978646 1.987620  0.000000 -0.997192 0.074892  0.297985 0.540026 0
0  0.000000 2.978646 1.987620  0.000000 -0.997192 0.074892  0.297985 0.540026 0
0  0.000000 3.053749 2.987620  0.000000 -0.997192 0.074892  0.297985 0.540026 0
painted_wood_01
0  -0.570064 3.903543 2.987620  -0.986883 0.065382 -0.147608  0.297985 0.540026 0
0  -0.570064 3.053749 2.987620  -0.986884 0.065379 -0.147603  0.297985 0.540026 0
0  -0.943955 2.775069 4.987620  -0.986884 0.065377 -0.147600  0.297985 0.540026 0
painted_wood_01
0  -0.570064 3.053749 2.987620  0.000000 -0.990431 -0.138007  0.297985 0.540026 0
0  0.000000 3.053749 2.987620  0.000000 -0.990431 -0.138007  0.297985 0.540026 0
0  -0.000000 2.775069 4.987620  0.000000 -0.990431 -0.138007  0.297985 0.540026 0
painted_wood_01
0  -0.943955 2.775069 4.987620  -0.096125 -0.698905 -0.708726  0.297985 0.540026 0
0  -0.000000 2.775069 4.987620  -0.096121 -0.698913 -0.708718  0.297985 0.540026 0
0  -0.000000 0.944716 6.664604  -0.096119 -0.698915 -0.708716  0.297985 0.540026 0
painted_wood_01
0  -0.714084 1.045015 6.790635  -0.994045 -0.031003 0.104465  0.297985 0.540026 0
0  -0.647666 0.958736 7.999691  -0.994045 -0.031002 0.104467  0.297985 0.540026 0
0  -0.620368 1.779541 7.496905  -0.994046 -0.031005 0.104460  0.297985 0.540026 0
painted_wood_01
0  -0.620368 1.779541 7.496905  -0.994039 -0.031049 0.104512  0.297985 0.540026 0
0  -0.728230 2.580435 6.993810  -0.994039 -0.031051 0.104512  0.297985 0.540026 0
0  -0.714084 1.045015 6.790635  -0.994039 -0.031048 0.104512  0.297985 0.540026 0
painted_wood_01
0  -0.728230 2.580435 6.993810  -0.994041 -0.031080 0.104485  0.297985 0.540026 0
0  -0.836093 3.381329 6.490715  -0.994041 -0.031080 0.104483  0.297985 0.540026 0
0  -0.943955 2.775069 4.987620  -0.994041 -0.031080 0.104481  0.297985 0.540026 0
painted_wood_01
0  -0.836093 3.381329 6.490715  -0.994041 -0.031080 0.104482  0.297985 0.540026 0
0  -0.943955 4.182223 5.987620  -0.994041 -0.031081 0.104486  0.297985 0.540026 0
0  -0.943955 2.775069 4.987620  -0.994041 -0.031081 0.104486  0.297985 0.540026 0
painted_wood_01
0  -0.728230 2.580435 6.993810  0.000000 0.531926 0.846791  0.297985 0.540026 0
0  -0.620368 1.779541 7.496905  0.000000 0.531926 0.846791  0.297985 0.540026 0
0  -0.310184 1.779541 7.496905  0.000000 0.531926 0.846791  0.297985 0.540026 0
painted_wood_01
0  -0.620368 1.779541 7.496905  -0.014098 0.526484 0.850068  0.297985 0.540026 0
0  -0.647666 0.958736 7.999691  -0.014117 0.526519 0.850046  0.297985 0.540026 0
0  -0.265241 1.112129 7.916151  -0.014098 0.526484 0.850068  0.297985 0.540026 0
painted_wood_01
0  -0.943955 4.182223 5.987620  0.000000 0.531925 0.846791  0.297985 0.540026 0
0  -0.836093 3.381329 6.490715  0.000000 0.531925 0.846791  0.297985 0.540026 0
0  -0.418047 3.381329 6.490715  0.000000 0.531925 0.846791  0.297985 0.540026 0
painted_wood_01
0  -0.418047 3.381329 6.490715  0.000000 0.531927 0.846790  0.297985 0.540026 0
0  -0.836093 3.381329 6.490715  0.000000 0.531927 0.846790  0.297985 0.540026 0
0  -0.391081 2.980882 6.742263  0.000000 0.531927 0.846790  0.297985 0.540026 0
painted_wood_01
0  -0.836093 3.381329 6.490715  0.000001 0.531926 0.846791  0.297985 0.540026 0
0  -0.728230 2.580435 6.993810  0.000001 0.531926 0.846791  0.297985 0.540026 0
0  -0.391081 2.980882 6.742263  0.000001 0.531926 0.846791  0.297985 0.540026 0
gold_player
0  -3.918755 -1.085680 1.487500  -0.629963 -0.733330 0.255683  0.297770 0.539834 0
0  -3.259901 -1.708854 1.414583  -0.629964 -0.733330 0.255682  0.297770 0.539834 0
0  -3.075005 -1.425521 2.591667  -0.629963 -0.733330 0.255683  0.297770 0.539834 0
gold_player
0  -4.300971 -0.882555 0.000000  -0.709912 -0.694545 0.116754  0.297770 0.539834 0
0  -3.439589 -1.825521 0.000000  -0.709910 -0.694547 0.116757  0.297770 0.539834 0
0  -3.259901 -1.708854 1.414583  -0.709908 -0.694548 0.116759  0.297770 0.539834 0
gold_player
0  -3.439589 -1.825521 0.000000  0.721311 -0.686864 -0.089042  0.297770 0.539834 0
0  -2.668755 -0.904688 0.000000  0.721306 -0.686868 -0.089050  0.297770 0.539834 0
0  -2.637505 -1.175521 1.483333  0.721309 -0.686866 -0.089046  0.297770 0.539834 0
painted_wood_01
0  -0.000000 -0.688021 7.166667  0.311574 -0.950222 0.000201  0.297985 0.540026 0
0  -0.000000 -0.688021 7.833333  0.311574 -0.950222 0.000201  0.297985 0.540026 0
0  -0.635942 -0.896354 8.062500  0.311574 -0.950222 0.000201  0.297985 0.540026 0
painted_wood_01
0  0.000000 3.903543 2.987620  0.000000 0.997192 0.074892  0.297985 0.540026 0
0  0.000000 3.978646 1.987620  0.000000 0.997192 0.074892  0.297985 0.540026 0
0  -0.670826 3.978646 1.987620  0.000000 0.997192 0.074892  0.297985 0.540026 0
painted_wood_01
0  -0.471977 4.182223 5.987620  0.000000 0.995713 -0.092495  0.297985 0.540026 0
0  -0.000000 4.182223 5.987620  0.000000 0.995713 -0.092495  0.297985 0.540026 0
0  0.000000 3.903543 2.987620  0.000000 0.995713 -0.092495  0.297985 0.540026 0
painted_wood_01
0  0.000000 3.903543 2.987620  0.000000 0.995713 -0.092495  0.297985 0.540026 0
0  -0.570064 3.903543 2.987620  0.000000 0.995713 -0.092495  0.297985 0.540026 0
0  -0.471977 4.182223 5.987620  0.000000 0.995713 -0.092495  0.297985 0.540026 0
painted_wood_01
0  -0.670826 2.978646 -0.000000  0.000000 -1.000000 0.000000  0.297985 0.540026 0
0  0.000000 2.978646 -0.000000  0.000000 -1.000000 0.000000  0.297985 0.540026 0
0  0.000000 2.978646 1.987620  0.000000 -1.000000 0.000000  0.297985 0.540026 0
painted_wood_01
0  0.000000 3.978646 1.987620  0.000000 1.000000 -0.000000  0.297985 0.540026 0
0  0.000000 3.978646 -0.000000  0.000000 1.000000 -0.000000  0.297985 0.540026 0
0  -0.670826 3.978646 -0.000000  0.000000 1.000000 -0.000000  0.297985 0.540026 0
painted_wood_01
0  -0.670826 2.978646 -0.000000  -1.000000 -0.000000 0.000000  0.297985 0.540026 0
0  -0.670826 2.978646 1.987620  -1.000000 -0.000000 0.000000  0.297985 0.540026 0
0  -0.670826 3.978646 1.987620  -1.000000 -0.000000 0.000000  0.297985 0.540026 0
painted_wood_01
0  -0.000000 0.778795 7.916151  0.254713 0.439756 0.861241  0.297985 0.540026 0
0  -0.000000 1.779541 7.496905  0.254720 0.439735 0.861250  0.297985 0.540026 0
0  -0.310184 1.779541 7.496905  0.254718 0.439740 0.861247  0.297985 0.540026 0
painted_wood_01
0  -4.394749 0.501679 0.708226  -0.516944 0.852923 0.072739  0.297985 0.540026 0
0  -3.645416 0.716896 2.918450  -0.516940 0.852925 0.072748  0.297985 0.540026 0
0  -3.387505 0.927347 2.875000  -0.516937 0.852926 0.072753  0.297985 0.540026 0
painted_wood_01
0  -3.645416 0.716896 2.918450  -0.593605 0.751967 0.286667  0.297985 0.540026 0
0  -2.921625 0.666885 4.522981  -0.593605 0.751967 0.286668  0.297985 0.540026 0
0  -2.480859 0.837607 5.013293  -0.593605 0.751967 0.286668  0.297985 0.540026 0
painted_wood_01
0  -4.198238 -0.565172 1.635876  -0.810251 -0.563747 0.160258  0.297985 0.540026 0
0  -4.545433 -0.446622 0.566948  -0.810251 -0.563748 0.160256  0.297985 0.540026 0
0  -4.300971 -0.882555 0.000000  -0.810251 -0.563746 0.160261  0.297985 0.540026 0
painted_wood_01
0  -3.009807 -0.428817 4.569202  -0.766906 -0.509690 0.389965  0.297985 0.540026 0
0  -3.687321 -0.526207 3.103505  -0.766906 -0.509690 0.389965  0.297985 0.540026 0
0  -3.392714 -1.032555 3.027083  -0.766906 -0.509690 0.389964  0.297985 0.540026 0
painted_wood_01
0  -2.863658 0.119034 4.750208  -0.752469 -0.117628 0.648039  0.297985 0.540026 0
0  -3.009807 -0.428817 4.569202  -0.752465 -0.117638 0.648042  0.297985 0.540026 0
0  -2.480859 -0.880315 5.013293  -0.752467 -0.117631 0.648040  0.297985 0.540026 0
painted_wood_01
0  -4.545433 -0.446622 0.566948  -0.906721 0.141821 -0.397171  0.297985 0.540026 0
0  -4.394749 0.501679 0.708226  -0.906720 0.141823 -0.397172  0.297985 0.540026 0
0  -4.121283 0.677346 -0.000000  -0.906720 0.141821 -0.397171  0.297985 0.540026 0
painted_wood_01
0  -2.921625 0.666885 4.522981  -0.761406 0.177355 0.623543  0.297985 0.540026 0
0  -2.863658 0.119034 4.750208  -0.761406 0.177355 0.623543  0.297985 0.540026 0
0  -2.472947 -0.021354 5.266616  -0.761406 0.177355 0.623543  0.297985 0.540026 0
painted_wood_01
0  -3.687321 -0.526207 3.103505  -0.805516 -0.514743 0.293569  0.297985 0.540026 0
0  -4.198238 -0.565172 1.635876  -0.805516 -0.514743 0.293569  0.297985 0.540026 0
0  -3.918755 -1.085680 1.487500  -0.805516 -0.514743 0.293569  0.297985 0.540026 0
painted_wood_01
0  -0.000000 4.182223 5.987620  0.000000 1.000000 0.000000  0.297985 0.540026 0
0  -0.471977 4.182223 5.987620  0.000000 1.000000 0.000000  0.297985 0.540026 0
0  -0.471977 4.182223 6.415843  0.000000 1.000000 0.000000  0.297985 0.540026 0
painted_wood_01
0  -0.471977 4.182223 5.987620  -0.997741 -0.067186 0.000000  0.297985 0.540026 0
0  -0.418047 3.381329 6.490715  -0.997741 -0.067186 0.000000  0.297985 0.540026 0
0  -0.418047 3.381329 6.918938  -0.997741 -0.067186 0.000000  0.297985 0.540026 0
painted_wood_01
0  -0.418047 3.381329 6.490715  -0.997740 -0.067188 0.000000  0.297985 0.540026 0
0  -0.391081 2.980882 6.742263  -0.997740 -0.067188 0.000000  0.297985 0.540026 0
0  -0.391081 2.980882 7.170486  -0.997740 -0.067188 0.000000  0.297985 0.540026 0
painted_wood_01
0  -0.310184 1.779541 7.496905  0.000000 -1.000000 0.000000  0.297985 0.540026 0
0  -0.000000 1.779541 7.496905  0.000000 -1.000000 0.000000  0.297985 0.540026 0
0  -0.000000 1.779541 7.925128  0.000000 -1.000000 0.000000  0.297985 0.540026 0
painted_wood_01
0  -0.364115 2.580435 6.993810  -0.997741 -0.067185 0.000000  0.297985 0.540026 0
0  -0.310184 1.779541 7.496905  -0.997741 -0.067185 0.000000  0.297985 0.540026 0
0  -0.310184 1.779541 7.925128  -0.997741 -0.067185 0.000000  0.297985 0.540026 0
painted_wood_01
0  -0.391081 2.980882 6.742263  -0.997740 -0.067187 0.000000  0.297985 0.540026 0
0  -0.364115 2.580435 6.993810  -0.997740 -0.067187 0.000000  0.297985 0.540026 0
0  -0.364115 2.580435 7.422033  -0.997740 -0.067187 0.000000  0.297985 0.540026 0
painted_wood_01
0  -0.418047 3.381329 6.918938  -0.746045 -0.389508 -0.540093  0.297985 0.540026 0
0  -0.391081 2.980882 7.170486  -0.746045 -0.389508 -0.540093  0.297985 0.540026 0
0  -0.798587 2.980882 7.733386  -0.746045 -0.389508 -0.540093  0.297985 0.540026 0
painted_wood_01
0  -0.000000 4.182223 6.415843  0.000000 1.000000 0.000000  0.297985 0.540026 0
0  -0.471977 4.182223 6.415843  0.000000 1.000000 0.000000  0.297985 0.540026 0
0  -0.879483 4.182223 6.978743  0.000000 1.000000 0.000000  0.297985 0.540026 0
painted_wood_01
0  -0.471977 4.182223 6.415843  -0.746046 -0.389505 -0.540094  0.297985 0.540026 0
0  -0.418047 3.381329 6.918938  -0.746046 -0.389505 -0.540094  0.297985 0.540026 0
0  -0.825553 3.381329 7.481838  -0.746046 -0.389505 -0.540094  0.297985 0.540026 0
painted_wood_01
0  -0.364115 2.580435 7.422033  -0.746046 -0.389506 -0.540093  0.297985 0.540026 0
0  -0.310184 1.779541 7.925128  -0.746046 -0.389506 -0.540093  0.297985 0.540026 0
0  -0.717691 1.779541 8.488029  -0.746046 -0.389506 -0.540093  0.297985 0.540026 0
painted_wood_01
0  -0.391081 2.980882 7.170486  -0.746046 -0.389506 -0.540092  0.297985 0.540026 0
0  -0.364115 2.580435 7.422033  -0.746046 -0.389506 -0.540092  0.297985 0.540026 0
0  -0.771621 2.580435 7.984934  -0.746046 -0.389506 -0.540092  0.297985 0.540026 0
painted_wood_01
0  -0.717691 1.779541 8.488029  -0.775698 -0.288003 -0.561558  0.297985 0.540026 0
0  -0.310184 1.779541 7.925128  -0.775698 -0.288003 -0.561558  0.297985 0.540026 0
0  -0.310184 -2.786392 10.266833  -0.775698 -0.288003 -0.561558  0.297985 0.540026 0
painted_wood_01
0  -0.717691 -2.786392 12.004841  -1.000000 0.000000 0.000000  0.297985 0.540026 0
0  -0.717691 -2.786392 10.829734  -1.000000 0.000000 0.000000  0.297985 0.540026 0
0  -0.717691 -3.547147 11.251204  -1.000000 0.000000 0.000000  0.297985 0.540026 0
painted_wood_01
0  -0.825553 3.381329 7.481838  -0.997740 -0.067188 0.000000  0.297985 0.540026 0
0  -0.798587 2.980882 7.733386  -0.997740 -0.067188 0.000000  0.297985 0.540026 0
0  -0.798587 2.980882 8.487022  -0.997740 -0.067188 0.000000  0.297985 0.540026 0
painted_wood_01
0  -0.310184 1.779541 7.925128  0.000000 -0.456348 -0.889802  0.297985 0.540026 0
0  -0.000000 1.779541 7.925128  0.000000 -0.456348 -0.889802  0.297985 0.540026 0
0  -0.000000 -2.786392 10.266833  0.000000 -0.456348 -0.889802  0.297985 0.540026 0
painted_wood_01
0  -0.000000 -2.786392 12.004841  0.000000 0.000000 1.000000  0.297985 0.540026 0
0  -0.717691 -2.786392 12.004841  0.000000 0.000000 1.000000  0.297985 0.540026 0
0  -0.717691 -3.547147 12.004841  0.000000 0.000000 1.000000  0.297985 0.540026 0
painted_wood_01
0  -0.000000 4.182223 7.732379  0.000000 0.000000 1.000000  0.000000 0.000000 0
0  -0.000000 4.640938 7.732379  0.000000 0.000000 1.000000  0.297985 0.540026 0
0  -0.879483 4.640938 7.732379  0.000000 0.000000 1.000000  0.297985 0.540026 0
painted_wood_01
0  -0.879483 4.182223 6.978743  -0.997741 -0.067185 0.000000  0.297985 0.540026 0
0  -0.825553 3.381329 7.481838  -0.997741 -0.067185 0.000000  0.297985 0.540026 0
0  -0.825553 3.381329 8.235475  -0.997741 -0.067185 0.000000  0.297985 0.540026 0
painted_wood_01
0  -0.717691 1.779541 8.488029  -1.000000 0.000000 0.000000  0.297985 0.540026 0
0  -0.717691 -2.786392 10.829734  -1.000000 0.000000 0.000000  0.297985 0.540026 0
0  -0.717691 -2.786392 12.004841  -1.000000 0.000000 0.000000  0.297985 0.540026 0
painted_wood_01
0  -0.771621 2.580435 7.984934  -0.997741 -0.067185 0.000000  0.297985 0.540026 0
0  -0.717691 1.779541 8.488029  -0.997741 -0.067185 0.000000  0.297985 0.540026 0
0  -0.717691 1.779541 9.241665  -0.997741 -0.067185 0.000000  0.297985 0.540026 0
painted_wood_01
0  -0.798587 2.980882 7.733386  -0.997740 -0.067188 0.000000  0.297985 0.540026 0
0  -0.771621 2.580435 7.984934  -0.997740 -0.067188 0.000000  0.297985 0.540026 0
0  -0.771621 2.580435 8.738570  -0.997740 -0.067188 0.000000  0.297985 0.540026 0
painted_wood_01
0  -0.000000 4.640938 6.978743  0.000000 1.000000 0.000000  0.297985 0.540026 0
0  -0.879483 4.640938 6.978743  0.000000 1.000000 0.000000  0.297985 0.540026 0
0  -0.879483 4.640938 7.732379  0.000000 1.000000 0.000000  0.297985 0.540026 0
painted_wood_01
0  -0.879483 4.182223 6.978743  -1.000000 0.000000 0.000000  0.297985 0.540026 0
0  -0.879483 4.182223 7.732379  -1.000000 0.000000 0.000000  0.297985 0.540026 0
0  -0.879483 4.640938 7.732379  -1.000000 0.000000 0.000000  0.297985 0.540026 0
painted_wood_01
0  -0.000000 4.182223 6.978743  0.000000 0.000000 -1.000000  0.297985 0.540026 0
0  -0.879483 4.182223 6.978743  0.000000 0.000000 -1.000000  0.297985 0.540026 0
0  -0.879483 4.640938 6.978743  0.000000 0.000000 -1.000000  0.297985 0.540026 0
painted_wood_01
0  -0.879483 4.182223 7.732379  -0.582061 0.404068 0.705644  0.297985 0.540026 0
0  -0.825553 3.381329 8.235475  -0.582061 0.404068 0.705644  0.297985 0.540026 0
0  -0.000000 1.779541 9.833665  -0.582061 0.404068 0.705644  0.000000 0.000000 0
painted_wood_01
0  -0.825553 3.381329 8.235475  -0.582063 0.404066 0.705644  0.297985 0.540026 0
0  -0.798587 2.980882 8.487022  -0.582063 0.404066 0.705644  0.297985 0.540026 0
0  -0.000000 1.779541 9.833665  -0.582063 0.404066 0.705644  0.000000 0.000000 0
painted_wood_01
0  -0.771621 2.580435 8.738570  -0.582062 0.404067 0.705644  0.297985 0.540026 0
0  -0.717691 1.779541 9.241665  -0.582062 0.404067 0.705644  0.297985 0.540026 0
0  -0.000000 1.779541 9.833665  -0.582062 0.404067 0.705644  0.000000 0.000000 0
painted_wood_01
0  -0.308368 -0.503425 11.298902  -0.992001 -0.116637 0.048258  0.000000 0.000000 0
0  -0.000000 -2.786392 12.004841  -0.992001 -0.116637 0.048258  0.297985 0.540026 0
0  -0.000000 -1.372620 15.536958  -0.992001 -0.116638 0.048258  0.297985 0.540026 0
gold_player
0  -0.000000 -0.503425 11.298902  0.000000 0.920031 -0.391846  0.000000 0.000000 0
0  -0.308368 -0.503425 11.298902  0.000000 0.920031 -0.391846  0.000000 0.000000 0
0  -0.308368 1.250245 15.416418  0.000000 0.920031 -0.391846  0.000000 0.000000 0
painted_wood_01
0  -0.308368 1.250245 15.416418  -0.986923 -0.110966 0.116919  0.000000 0.000000 0
0  -0.000000 -1.372620 15.536958  -0.986923 -0.110966 0.116919  0.297985 0.540026 0
0  -0.000000 3.970487 20.601133  -0.986923 -0.110966 0.116919  0.297985 0.540026 0
gold_player
0  -0.000000 1.250245 15.416418  0.000000 0.689640 -0.724153  0.000000 0.000000 0
0  -0.308368 1.250245 15.416418  0.000000 0.689640 -0.724153  0.000000 0.000000 0
0  -0.308368 5.362863 19.333027  0.000000 0.689640 -0.724153  0.000000 0.000000 0
painted_wood_01
0  -0.308368 5.362863 19.333027  -0.985836 -0.052182 0.159385  0.000000 0.000000 0
0  -0.000000 3.970487 20.601133  -0.985836 -0.052182 0.159385  0.297985 0.540026 0
0  -0.000000 9.721883 22.667513  -0.985836 -0.052183 0.159384  0.297985 0.540026 0
gold_player
0  -0.000000 5.362863 19.333027  0.000000 0.350751 -0.936469  0.000000 0.000000 0
0  -0.308368 5.362863 19.333027  0.000000 0.350751 -0.936469  0.000000 0.000000 0
0  -0.244019 9.912117 21.036934  0.000000 0.350751 -0.936469  0.000000 0.000000 0
painted_wood_01
0  -0.310184 -3.547147 10.688304  0.000000 -1.000000 -0.000000  0.297985 0.540026 0
0  -0.000000 -3.547147 10.688304  0.000000 -1.000000 -0.000000  0.297985 0.540026 0
0  -0.000000 -3.547147 11.251204  0.000000 -1.000000 -0.000000  0.297985 0.540026 0
painted_wood_01
0  -0.717691 -3.547147 11.251204  0.000000 -1.000000 -0.000000  0.297985 0.540026 0
0  -0.000000 -3.547147 11.251204  0.000000 -1.000000 -0.000000  0.297985 0.540026 0
0  -0.000000 -3.547147 12.004841  0.000000 -1.000000 -0.000000  0.297985 0.540026 0
painted_wood_01
0  -0.717691 -2.786392 10.829734  -0.770383 -0.308981 -0.557710  0.297985 0.540026 0
0  -0.310184 -2.786392 10.266833  -0.770383 -0.308981 -0.557710  0.297985 0.540026 0
0  -0.310184 -3.547147 10.688304  -0.770383 -0.308981 -0.557710  0.297985 0.540026 0
painted_wood_01
0  -0.310184 -2.786392 10.266833  0.000000 -0.484614 -0.874728  0.297985 0.540026 0
0  -0.000000 -2.786392 10.266833  0.000000 -0.484614 -0.874728  0.297985 0.540026 0
0  -0.000000 -3.547147 10.688304  0.000000 -0.484614 -0.874728  0.297985 0.540026 0
painted_wood_01
0  -4.394749 0.501679 0.708226  -0.928855 0.091821 0.358884  0.297985 0.540026 0
0  -4.545433 -0.446622 0.566948  -0.928854 0.091824 0.358885  0.297985 0.540026 0
0  -4.198238 -0.565172 1.635876  -0.928854 0.091825 0.358885  0.297985 0.540026 0
painted_wood_01
0  -4.198238 -0.565172 1.635876  -0.928852 0.091821 0.358892  0.297985 0.540026 0
0  -3.687321 -0.526207 3.103505  -0.928852 0.091824 0.358891  0.297985 0.540026 0
0  -3.645416 0.716896 2.918450  -0.928852 0.091824 0.358891  0.297985 0.540026 0
painted_wood_01
0  -3.687321 -0.526207 3.103505  -0.928852 0.091820 0.358892  0.297985 0.540026 0
0  -3.009807 -0.428817 4.569202  -0.928852 0.091819 0.358892  0.297985 0.540026 0
0  -2.921625 0.666885 4.522981  -0.928851 0.091824 0.358892  0.297985 0.540026 0
painted_wood_01
0  -3.645416 0.716896 2.918450  -0.928853 0.091822 0.358889  0.297985 0.540026 0
0  -3.687321 -0.526207 3.103505  -0.928853 0.091819 0.358889  0.297985 0.540026 0
0  -2.921625 0.666885 4.522981  -0.928853 0.091820 0.358889  0.297985 0.540026 0
painted_wood_01
0  -3.009807 -0.428817 4.569202  -0.928847 0.091822 0.358905  0.297985 0.540026 0
0  -2.863658 0.119034 4.750208  -0.928846 0.091824 0.358905  0.297985 0.540026 0
0  -2.921625 0.666885 4.522981  -0.928847 0.091815 0.358905  0.297985 0.540026 0
c_invasion_wrangler_laser
0  -0.000000 1.160285 11.954980  -0.202803 0.769949 0.605020  0.000000 0.000000 0
0  -0.883884 0.820445 12.091182  -0.202803 0.769949 0.605020  0.000000 0.000000 0
0  -0.618719 0.654856 12.390794  -0.202803 0.769949 0.605020  0.000000 0.000000 0
c_invasion_wrangler_laser
0  -0.000000 0.892743 12.295453  0.382683 -0.857569 0.343698  0.000000 0.000000 0
0  -0.618719 0.654856 12.390794  0.382683 -0.857569 0.343698  0.000000 0.000000 0
0  -0.618719 0.493768 11.988860  0.382683 -0.857569 0.343698  0.000000 0.000000 0
c_invasion_wrangler_laser
0  -0.000000 0.731656 11.893519  -0.202802 0.138989 -0.969306  0.000000 0.000000 0
0  -0.618719 0.493768 11.988860  -0.202802 0.138989 -0.969306  0.000000 0.000000 0
0  -0.883884 0.820445 12.091182  -0.202802 0.138989 -0.969306  0.000000 0.000000 0
c_invasion_wrangler_laser
0  -0.883884 0.820445 12.091182  -0.489613 0.503726 0.711716  0.000000 0.000000 0
0  -1.250000 0.000002 12.420000  -0.489613 0.503726 0.711716  0.000000 0.000000 0
0  -0.875000 0.080545 12.620967  -0.489613 0.503726 0.711716  0.000000 0.000000 0
c_invasion_wrangler_laser
0  -0.618719 0.654856 12.390794  0.923879 -0.355218 0.142365  0.000000 0.000000 0
0  -0.875000 0.080545 12.620967  0.923879 -0.355218 0.142365  0.000000 0.000000 0
0  -0.875000 -0.080542 12.219033  0.923879 -0.355218 0.142365  0.000000 0.000000 0
c_invasion_wrangler_laser
0  -0.618719 0.493768 11.988860  -0.489609 -0.127234 -0.862609  0.000000 0.000000 0
0  -0.875000 -0.080542 12.219033  -0.489609 -0.127234 -0.862609  0.000000 0.000000 0
0  -1.250000 0.000002 12.420000  -0.489609 -0.127234 -0.862609  0.000000 0.000000 0
c_invasion_wrangler_laser
0  -1.250000 0.000002 12.420000  -0.489606 0.127233 0.862611  0.000000 0.000000 0
0  -0.883884 -0.820442 12.748818  -0.489606 0.127233 0.862611  0.000000 0.000000 0
0  -0.618719 -0.493765 12.851140  -0.489606 0.127233 0.862611  0.000000 0.000000 0
c_invasion_wrangler_laser
0  -0.875000 0.080545 12.620967  0.923879 0.355217 -0.142365  0.000000 0.000000 0
0  -0.618719 -0.493765 12.851140  0.923879 0.355217 -0.142365  0.000000 0.000000 0
0  -0.618719 -0.654853 12.449206  0.923879 0.355217 -0.142365  0.000000 0.000000 0
c_invasion_wrangler_laser
0  -0.875000 -0.080542 12.219033  -0.489608 -0.503727 -0.711718  0.000000 0.000000 0
0  -0.618719 -0.654853 12.449206  -0.489608 -0.503727 -0.711718  0.000000 0.000000 0
0  -0.883884 -0.820442 12.748818  -0.489608 -0.503727 -0.711718  0.000000 0.000000 0
c_invasion_wrangler_laser
0  -0.883884 -0.820442 12.748818  -0.202805 -0.138987 0.969305  0.000000 0.000000 0
0  -0.000000 -1.160281 12.885020  -0.202805 -0.138987 0.969305  0.000000 0.000000 0
0  -0.000000 -0.731653 12.946481  -0.202805 -0.138987 0.969305  0.000000 0.000000 0
c_invasion_wrangler_laser
0  -0.618719 -0.493765 12.851140  0.382684 0.857569 -0.343698  0.000000 0.000000 0
0  -0.000000 -0.731653 12.946481  0.382684 0.857569 -0.343698  0.000000 0.000000 0
0  -0.000000 -0.892740 12.544547  0.382684 0.857569 -0.343698  0.000000 0.000000 0
c_invasion_wrangler_laser
0  -0.618719 -0.654853 12.449206  -0.202803 -0.769949 -0.605020  0.000000 0.000000 0
0  -0.000000 -0.892740 12.544547  -0.202803 -0.769949 -0.605020  0.000000 0.000000 0
0  -0.000000 -1.160281 12.885020  -0.202803 -0.769949 -0.605020  0.000000 0.000000 0
c_invasion_wrangler_laser
0  -0.000000 1.816626 13.571524  -0.202803 0.769949 0.605020  0.000000 0.000000 0
0  -0.883884 1.476786 13.707726  -0.202803 0.769949 0.605020  0.000000 0.000000 0
0  -0.618719 1.311197 14.007338  -0.202803 0.769949 0.605020  0.000000 0.000000 0
c_invasion_wrangler_laser
0  -0.000000 1.549085 13.911997  0.382683 -0.857570 0.343698  0.000000 0.000000 0
0  -0.618719 1.311197 14.007338  0.382683 -0.857570 0.343698  0.000000 0.000000 0
0  -0.618719 1.150109 13.605404  0.382683 -0.857570 0.343698  0.000000 0.000000 0
c_invasion_wrangler_laser
0  -0.000000 1.387997 13.510063  -0.202803 0.138989 -0.969305  0.000000 0.000000 0
0  -0.618719 1.150109 13.605404  -0.202803 0.138989 -0.969305  0.000000 0.000000 0
0  -0.883884 1.476786 13.707726  -0.202803 0.138989 -0.969305  0.000000 0.000000 0
c_invasion_wrangler_laser
0  -0.883884 1.476786 13.707726  -0.489610 0.503727 0.711717  0.000000 0.000000 0
0  -1.250000 0.656343 14.036544  -0.489610 0.503727 0.711717  0.000000 0.000000 0
0  -0.875000 0.736887 14.237511  -0.489610 0.503727 0.711717  0.000000 0.000000 0
c_invasion_wrangler_laser
0  -0.618719 1.311197 14.007338  0.923879 -0.355217 0.142364  0.000000 0.000000 0
0  -0.875000 0.736887 14.237511  0.923879 -0.355217 0.142364  0.000000 0.000000 0
0  -0.875000 0.575799 13.835577  0.923879 -0.355217 0.142364  0.000000 0.000000 0
c_invasion_wrangler_laser
0  -0.618719 1.150109 13.605404  -0.489612 -0.127233 -0.862608  0.000000 0.000000 0
0  -0.875000 0.575799 13.835577  -0.489612 -0.127233 -0.862608  0.000000 0.000000 0
0  -1.250000 0.656343 14.036544  -0.489612 -0.127233 -0.862608  0.000000 0.000000 0
c_invasion_wrangler_laser
0  -1.250000 0.656343 14.036544  -0.489611 0.127232 0.862608  0.000000 0.000000 0
0  -0.883884 -0.164101 14.365362  -0.489611 0.127232 0.862608  0.000000 0.000000 0
0  -0.618719 0.162576 14.467684  -0.489611 0.127232 0.862608  0.000000 0.000000 0
c_invasion_wrangler_laser
0  -0.875000 0.736887 14.237511  0.923880 0.355217 -0.142364  0.000000 0.000000 0
0  -0.618719 0.162576 14.467684  0.923880 0.355217 -0.142364  0.000000 0.000000 0
0  -0.618719 0.001488 14.065750  0.923880 0.355217 -0.142364  0.000000 0.000000 0
c_invasion_wrangler_laser
0  -0.875000 0.575799 13.835577  -0.489610 -0.503727 -0.711717  0.000000 0.000000 0
0  -0.618719 0.001488 14.065750  -0.489610 -0.503727 -0.711717  0.000000 0.000000 0
0  -0.883884 -0.164101 14.365362  -0.489610 -0.503727 -0.711717  0.000000 0.000000 0
c_invasion_wrangler_laser
0  -0.883884 -0.164101 14.365362  -0.202805 -0.138987 0.969305  0.000000 0.000000 0
0  -0.000000 -0.503940 14.501564  -0.202805 -0.138987 0.969305  0.000000 0.000000 0
0  -0.000000 -0.075312 14.563025  -0.202805 -0.138987 0.969305  0.000000 0.000000 0
c_invasion_wrangler_laser
0  -0.618719 0.162576 14.467684  0.382683 0.857570 -0.343698  0.000000 0.000000 0
0  -0.000000 -0.075312 14.563025  0.382683 0.857570 -0.343698  0.000000 0.000000 0
0  -0.000000 -0.236399 14.161091  0.382683 0.857570 -0.343698  0.000000 0.000000 0
c_invasion_wrangler_laser
0  -0.618719 0.001488 14.065750  -0.202807 -0.769949 -0.605019  0.000000 0.000000 0
0  -0.000000 -0.236399 14.161091  -0.202807 -0.769949 -0.605019  0.000000 0.000000 0
0  -0.000000 -0.503940 14.501564  -0.202807 -0.769949 -0.605019  0.000000 0.000000 0
c_invasion_wrangler_laser
0  -0.000000 3.056019 15.051561  -0.202803 0.946025 0.252801  0.000000 0.000000 0
0  -0.883884 2.797311 15.310621  -0.202803 0.946025 0.252801  0.000000 0.000000 0
0  -0.618719 2.763134 15.651237  -0.202803 0.946025 0.252801  0.000000 0.000000 0
c_invasion_wrangler_laser
0  -0.000000 2.944230 15.469896  0.382684 -0.652839 0.653723  0.000000 0.000000 0
0  -0.618719 2.763134 15.651237  0.382684 -0.652839 0.653723  0.000000 0.000000 0
0  -0.618719 2.456741 15.345259  0.382684 -0.652839 0.653723  0.000000 0.000000 0
c_invasion_wrangler_laser
0  -0.000000 2.637837 15.163918  -0.202803 -0.254081 -0.945682  0.000000 0.000000 0
0  -0.618719 2.456741 15.345259  -0.202803 -0.254081 -0.945682  0.000000 0.000000 0
0  -0.883884 2.797311 15.310621  -0.202803 -0.254081 -0.945682  0.000000 0.000000 0
c_invasion_wrangler_laser
0  -0.883884 2.797311 15.310621  -0.489609 0.743359 0.455741  0.000000 0.000000 0
0  -1.250000 2.172734 15.936045  -0.489609 0.743359 0.455741  0.000000 0.000000 0
0  -0.875000 2.325931 16.089033  -0.489609 0.743359 0.455741  0.000000 0.000000 0
c_invasion_wrangler_laser
0  -0.618719 2.763134 15.651237  0.923879 -0.270415 0.270782  0.000000 0.000000 0
0  -0.875000 2.325931 16.089033  0.923879 -0.270415 0.270782  0.000000 0.000000 0
0  -0.875000 2.019537 15.783054  0.923879 -0.270415 0.270782  0.000000 0.000000 0
c_invasion_wrangler_laser
0  -0.618719 2.456741 15.345259  -0.489610 -0.456745 -0.742742  0.000000 0.000000 0
0  -0.875000 2.019537 15.783054  -0.489610 -0.456745 -0.742742  0.000000 0.000000 0
0  -1.250000 2.172734 15.936045  -0.489610 -0.456745 -0.742742  0.000000 0.000000 0
c_invasion_wrangler_laser
0  -1.250000 2.172734 15.936045  -0.489608 0.456747 0.742743  0.000000 0.000000 0
0  -0.883884 1.548157 16.561466  -0.489608 0.456747 0.742743  0.000000 0.000000 0
0  -0.618719 1.888727 16.526829  -0.489608 0.456747 0.742743  0.000000 0.000000 0
c_invasion_wrangler_laser
0  -0.875000 2.325931 16.089033  0.923879 0.270415 -0.270782  0.000000 0.000000 0
0  -0.618719 1.888727 16.526829  0.923879 0.270415 -0.270782  0.000000 0.000000 0
0  -0.618719 1.582333 16.220850  0.923879 0.270415 -0.270782  0.000000 0.000000 0
c_invasion_wrangler_laser
0  -0.875000 2.019537 15.783054  -0.489607 -0.743360 -0.455741  0.000000 0.000000 0
0  -0.618719 1.582333 16.220850  -0.489607 -0.743360 -0.455741  0.000000 0.000000 0
0  -0.883884 1.548157 16.561466  -0.489607 -0.743360 -0.455741  0.000000 0.000000 0
c_invasion_wrangler_laser
0  -0.883884 1.548157 16.561466  -0.202800 0.254083 0.945682  0.000000 0.000000 0
0  -0.000000 1.289449 16.820526  -0.202800 0.254083 0.945682  0.000000 0.000000 0
0  -0.000000 1.707631 16.708170  -0.202800 0.254083 0.945682  0.000000 0.000000 0
c_invasion_wrangler_laser
0  -0.618719 1.888727 16.526829  0.382687 0.652838 -0.653723  0.000000 0.000000 0
0  -0.000000 1.707631 16.708170  0.382687 0.652838 -0.653723  0.000000 0.000000 0
0  -0.000000 1.401238 16.402191  0.382687 0.652838 -0.653723  0.000000 0.000000 0
c_invasion_wrangler_laser
0  -0.618719 1.582333 16.220850  -0.202803 -0.946025 -0.252799  0.000000 0.000000 0
0  -0.000000 1.401238 16.402191  -0.202803 -0.946025 -0.252799  0.000000 0.000000 0
0  -0.000000 1.289449 16.820526  -0.202803 -0.946025 -0.252799  0.000000 0.000000 0
c_invasion_wrangler_laser
0  -0.000000 5.226320 17.256866  -0.202804 0.946024 0.252801  0.000000 0.000000 0
0  -0.883884 4.967611 17.515926  -0.202804 0.946024 0.252801  0.000000 0.000000 0
0  -0.618719 4.933435 17.856543  -0.202804 0.946024 0.252801  0.000000 0.000000 0
c_invasion_wrangler_laser
0  -0.000000 5.114531 17.675201  0.382687 -0.652839 0.653722  0.000000 0.000000 0
0  -0.618719 4.933435 17.856543  0.382687 -0.652839 0.653722  0.000000 0.000000 0
0  -0.618719 4.627042 17.550564  0.382687 -0.652839 0.653722  0.000000 0.000000 0
c_invasion_wrangler_laser
0  -0.000000 4.808137 17.369223  -0.202809 -0.254080 -0.945681  0.000000 0.000000 0
0  -0.618719 4.627042 17.550564  -0.202809 -0.254080 -0.945681  0.000000 0.000000 0
0  -0.883884 4.967611 17.515926  -0.202809 -0.254080 -0.945681  0.000000 0.000000 0
c_invasion_wrangler_laser
0  -0.883884 4.967611 17.515926  -0.489611 0.743359 0.455741  0.000000 0.000000 0
0  -1.250000 4.343035 18.141350  -0.489611 0.743359 0.455741  0.000000 0.000000 0
0  -0.875000 4.496232 18.294338  -0.489611 0.743359 0.455741  0.000000 0.000000 0
c_invasion_wrangler_laser
0  -0.618719 4.933435 17.856543  0.923879 -0.270415 0.270782  0.000000 0.000000 0
0  -0.875000 4.496232 18.294338  0.923879 -0.270415 0.270782  0.000000 0.000000 0
0  -0.875000 4.189838 17.988359  0.923879 -0.270415 0.270782  0.000000 0.000000 0
c_invasion_wrangler_laser
0  -0.618719 4.627042 17.550564  -0.489609 -0.456746 -0.742743  0.000000 0.000000 0
0  -0.875000 4.189838 17.988359  -0.489609 -0.456746 -0.742743  0.000000 0.000000 0
0  -1.250000 4.343035 18.141350  -0.489609 -0.456746 -0.742743  0.000000 0.000000 0
c_invasion_wrangler_laser
0  -1.250000 4.343035 18.141350  -0.489610 0.456746 0.742742  0.000000 0.000000 0
0  -0.883884 3.718458 18.766771  -0.489610 0.456746 0.742742  0.000000 0.000000 0
0  -0.618719 4.059028 18.732134  -0.489610 0.456746 0.742742  0.000000 0.000000 0
c_invasion_wrangler_laser
0  -0.875000 4.496232 18.294338  0.923879 0.270415 -0.270782  0.000000 0.000000 0
0  -0.618719 4.059028 18.732134  0.923879 0.270415 -0.270782  0.000000 0.000000 0
0  -0.618719 3.752635 18.426155  0.923879 0.270415 -0.270782  0.000000 0.000000 0
c_invasion_wrangler_laser
0  -0.875000 4.189838 17.988359  -0.489611 -0.743359 -0.455740  0.000000 0.000000 0
0  -0.618719 3.752635 18.426155  -0.489611 -0.743359 -0.455740  0.000000 0.000000 0
0  -0.883884 3.718458 18.766771  -0.489611 -0.743359 -0.455740  0.000000 0.000000 0
c_invasion_wrangler_laser
0  -0.883884 3.718458 18.766771  -0.202803 0.254083 0.945681  0.000000 0.000000 0
0  -0.000000 3.459750 19.025831  -0.202803 0.254083 0.945681  0.000000 0.000000 0
0  -0.000000 3.877932 18.913475  -0.202803 0.254083 0.945681  0.000000 0.000000 0
c_invasion_wrangler_laser
0  -0.618719 4.059028 18.732134  0.382684 0.652839 -0.653723  0.000000 0.000000 0
0  -0.000000 3.877932 18.913475  0.382684 0.652839 -0.653723  0.000000 0.000000 0
0  -0.000000 3.571539 18.607496  0.382684 0.652839 -0.653723  0.000000 0.000000 0
c_invasion_wrangler_laser
0  -0.618719 3.752635 18.426155  -0.202805 -0.946025 -0.252799  0.000000 0.000000 0
0  -0.000000 3.571539 18.607496  -0.202805 -0.946025 -0.252799  0.000000 0.000000 0
0  -0.000000 3.459750 19.025831  -0.202805 -0.946025 -0.252799  0.000000 0.000000 0
c_invasion_wrangler_laser
0  -0.000000 6.896749 18.203773  -0.202803 0.965822 -0.161429  0.000000 0.000000 0
0  -0.883884 6.768465 18.546680  -0.202803 0.965822 -0.161429  0.000000 0.000000 0
0  -0.618719 6.878334 18.870895  -0.202803 0.965822 -0.161429  0.000000 0.000000 0
c_invasion_wrangler_laser
0  -0.000000 6.968133 18.630863  0.382683 -0.323717 0.865310  0.000000 0.000000 0
0  -0.618719 6.878334 18.870895  0.382683 -0.323717 0.865310  0.000000 0.000000 0
0  -0.618719 6.472773 18.719173  0.382683 -0.323717 0.865310  0.000000 0.000000 0
c_invasion_wrangler_laser
0  -0.000000 6.562572 18.479139  -0.202804 -0.622714 -0.755710  0.000000 0.000000 0
0  -0.618719 6.472773 18.719173  -0.202804 -0.622714 -0.755710  0.000000 0.000000 0
0  -0.883884 6.768465 18.546680  -0.202804 -0.622714 -0.755710  0.000000 0.000000 0
c_invasion_wrangler_laser
0  -0.883884 6.768465 18.546680  -0.489609 0.865328 0.107198  0.000000 0.000000 0
0  -1.250000 6.458760 19.374529  -0.489609 0.865328 0.107198  0.000000 0.000000 0
0  -0.875000 6.661540 19.450390  -0.489609 0.865328 0.107198  0.000000 0.000000 0
c_invasion_wrangler_laser
0  -0.618719 6.878334 18.870895  0.923879 -0.134090 0.358425  0.000000 0.000000 0
0  -0.875000 6.661540 19.450390  0.923879 -0.134090 0.358425  0.000000 0.000000 0
0  -0.875000 6.255979 19.298666  0.923879 -0.134090 0.358425  0.000000 0.000000 0
c_invasion_wrangler_laser
0  -0.618719 6.472773 18.719173  -0.489614 -0.723205 -0.487087  0.000000 0.000000 0
0  -0.875000 6.255979 19.298666  -0.489614 -0.723205 -0.487087  0.000000 0.000000 0
0  -1.250000 6.458760 19.374529  -0.489614 -0.723205 -0.487087  0.000000 0.000000 0
c_invasion_wrangler_laser
0  -1.250000 6.458760 19.374529  -0.489610 0.723206 0.487088  0.000000 0.000000 0
0  -0.883884 6.149054 20.202375  -0.489610 0.723206 0.487088  0.000000 0.000000 0
0  -0.618719 6.444746 20.029882  -0.489610 0.723206 0.487088  0.000000 0.000000 0
c_invasion_wrangler_laser
0  -0.875000 6.661540 19.450390  0.923878 0.134089 -0.358426  0.000000 0.000000 0
0  -0.618719 6.444746 20.029882  0.923878 0.134089 -0.358426  0.000000 0.000000 0
0  -0.618719 6.039185 19.878160  0.923878 0.134089 -0.358426  0.000000 0.000000 0
c_invasion_wrangler_laser
0  -0.875000 6.255979 19.298666  -0.489610 -0.865327 -0.107197  0.000000 0.000000 0
0  -0.618719 6.039185 19.878160  -0.489610 -0.865327 -0.107197  0.000000 0.000000 0
0  -0.883884 6.149054 20.202375  -0.489610 -0.865327 -0.107197  0.000000 0.000000 0
c_invasion_wrangler_laser
0  -0.883884 6.149054 20.202375  -0.202807 0.622713 0.755710  0.000000 0.000000 0
0  -0.000000 6.020770 20.545282  -0.202807 0.622713 0.755710  0.000000 0.000000 0
0  -0.000000 6.354947 20.269917  -0.202807 0.622713 0.755710  0.000000 0.000000 0
c_invasion_wrangler_laser
0  -0.618719 6.444746 20.029882  0.382679 0.323716 -0.865312  0.000000 0.000000 0
0  -0.000000 6.354947 20.269917  0.382679 0.323716 -0.865312  0.000000 0.000000 0
0  -0.000000 5.949386 20.118195  0.382679 0.323716 -0.865312  0.000000 0.000000 0
c_invasion_wrangler_laser
0  -0.618719 6.039185 19.878160  -0.202804 -0.965822 0.161427  0.000000 0.000000 0
0  -0.000000 5.949386 20.118195  -0.202804 -0.965822 0.161427  0.000000 0.000000 0
0  -0.000000 6.020770 20.545282  -0.202804 -0.965822 0.161427  0.000000 0.000000 0
c_invasion_wrangler_laser
0  -0.000000 9.272464 19.097878  -0.202804 0.965823 -0.161423  0.000000 0.000000 0
0  -0.883884 9.144180 19.440784  -0.202804 0.965823 -0.161423  0.000000 0.000000 0
0  -0.618719 9.254049 19.764999  -0.202804 0.965823 -0.161423  0.000000 0.000000 0
c_invasion_wrangler_laser
0  -0.000000 9.343848 19.524967  0.382677 -0.323718 0.865312  0.000000 0.000000 0
0  -0.618719 9.254049 19.764999  0.382677 -0.323718 0.865312  0.000000 0.000000 0
0  -0.618719 8.848489 19.613277  0.382677 -0.323718 0.865312  0.000000 0.000000 0
c_invasion_wrangler_laser
0  -0.000000 8.938287 19.373243  -0.202807 -0.622714 -0.755709  0.000000 0.000000 0
0  -0.618719 8.848489 19.613277  -0.202807 -0.622714 -0.755709  0.000000 0.000000 0
0  -0.883884 9.144180 19.440784  -0.202807 -0.622714 -0.755709  0.000000 0.000000 0
c_invasion_wrangler_laser
0  -0.883884 9.144180 19.440784  -0.489610 0.865327 0.107195  0.000000 0.000000 0
0  -1.250000 8.834475 20.268633  -0.489610 0.865327 0.107195  0.000000 0.000000 0
0  -0.875000 9.037255 20.344494  -0.489610 0.865327 0.107195  0.000000 0.000000 0
c_invasion_wrangler_laser
0  -0.618719 9.254049 19.764999  0.923878 -0.134089 0.358426  0.000000 0.000000 0
0  -0.875000 9.037255 20.344494  0.923878 -0.134089 0.358426  0.000000 0.000000 0
0  -0.875000 8.631694 20.192770  0.923878 -0.134089 0.358426  0.000000 0.000000 0
c_invasion_wrangler_laser
0  -0.618719 8.848489 19.613277  -0.489614 -0.723202 -0.487090  0.000000 0.000000 0
0  -0.875000 8.631694 20.192770  -0.489614 -0.723202 -0.487090  0.000000 0.000000 0
0  -1.250000 8.834475 20.268633  -0.489614 -0.723202 -0.487090  0.000000 0.000000 0
c_invasion_wrangler_laser
0  -1.250000 8.834475 20.268633  -0.489610 0.723207 0.487087  0.000000 0.000000 0
0  -0.883884 8.524769 21.096479  -0.489610 0.723207 0.487087  0.000000 0.000000 0
0  -0.618719 8.820460 20.923986  -0.489610 0.723207 0.487087  0.000000 0.000000 0
c_invasion_wrangler_laser
0  -0.875000 9.037255 20.344494  0.923878 0.134089 -0.358425  0.000000 0.000000 0
0  -0.618719 8.820460 20.923986  0.923878 0.134089 -0.358425  0.000000 0.000000 0
0  -0.618719 8.414900 20.772264  0.923878 0.134089 -0.358425  0.000000 0.000000 0
c_invasion_wrangler_laser
0  -0.875000 8.631694 20.192770  -0.489611 -0.865326 -0.107195  0.000000 0.000000 0
0  -0.618719 8.414900 20.772264  -0.489611 -0.865326 -0.107195  0.000000 0.000000 0
0  -0.883884 8.524769 21.096479  -0.489611 -0.865326 -0.107195  0.000000 0.000000 0
c_invasion_wrangler_laser
0  -0.883884 8.524769 21.096479  -0.202804 0.622711 0.755712  0.000000 0.000000 0
0  -0.000000 8.396485 21.439386  -0.202804 0.622711 0.755712  0.000000 0.000000 0
0  -0.000000 8.730662 21.164021  -0.202804 0.622711 0.755712  0.000000 0.000000 0
c_invasion_wrangler_laser
0  -0.618719 8.820460 20.923986  0.382679 0.323717 -0.865312  0.000000 0.000000 0
0  -0.000000 8.730662 21.164021  0.382679 0.323717 -0.865312  0.000000 0.000000 0
0  -0.000000 8.325102 21.012299  0.382679 0.323717 -0.865312  0.000000 0.000000 0
c_invasion_wrangler_laser
0  -0.618719 8.414900 20.772264  -0.202802 -0.965821 0.161432  0.000000 0.000000 0
0  -0.000000 8.325102 21.012299  -0.202802 -0.965821 0.161432  0.000000 0.000000 0
0  -0.000000 8.396485 21.439386  -0.202802 -0.965821 0.161432  0.000000 0.000000 0
painted_wood_01
0  3.387505 0.927347 2.875000  -0.175609 0.983049 -0.052693  0.297985 0.540026 0
0  2.512505 0.728646 2.875000  -0.175608 0.983049 -0.052694  0.297985 0.540026 0
0  1.637505 0.728646 5.000000  -0.175607 0.983049 -0.052696  0.297985 0.540026 0
painted_wood_01
0  1.637505 0.728646 5.000000  0.049427 0.996515 -0.067197  0.297985 0.540026 0
0  0.714084 1.045015 6.790635  0.049428 0.996515 -0.067193  0.297985 0.540026 0
0  2.012505 0.878646 7.500000  0.049427 0.996514 -0.067202  0.297985 0.540026 0
gold_player
0  3.259901 -1.708854 1.414583  -0.649420 -0.755561 0.085915  0.297770 0.539834 0
0  3.075005 -1.425521 2.591667  -0.649420 -0.755561 0.085914  0.297770 0.539834 0
0  2.455214 -0.833854 3.027083  -0.649420 -0.755561 0.085915  0.297770 0.539834 0
painted_wood_01
0  3.075005 -1.425521 2.591667  -0.173303 -0.980870 0.088653  0.297985 0.540026 0
0  3.392714 -1.032555 3.027083  -0.173299 -0.980871 0.088653  0.297985 0.540026 0
0  2.455214 -0.833854 3.027083  -0.173312 -0.980869 0.088653  0.297985 0.540026 0
painted_wood_01
0  3.392714 -1.032555 3.027083  -0.173292 -0.980872 0.088655  0.297985 0.540026 0
0  2.480859 -0.880315 5.013293  -0.173312 -0.980868 0.088661  0.297985 0.540026 0
0  2.455214 -0.833854 3.027083  -0.173298 -0.980871 0.088657  0.297985 0.540026 0
painted_wood_01
0  1.637505 -0.771354 5.000000  -0.036439 -0.997854 -0.054400  0.297985 0.540026 0
0  2.480859 -0.880315 5.013293  -0.036440 -0.997854 -0.054410  0.297985 0.540026 0
0  2.012505 -0.921354 7.500000  -0.036439 -0.997854 -0.054401  0.297985 0.540026 0
painted_wood_01
0  2.845839 0.645312 -0.000000  -0.994934 0.042094 -0.091294  0.297985 0.540026 0
0  2.668755 -0.904688 0.000000  -0.994934 0.042088 -0.091290  0.297985 0.540026 0
0  2.637505 -1.175521 1.483333  -0.994933 0.042100 -0.091299  0.297985 0.540026 0
painted_wood_01
0  2.637505 -1.175521 1.483333  -0.994931 0.042055 -0.091346  0.297985 0.540026 0
0  2.455214 -0.833854 3.027083  -0.994931 0.042058 -0.091348  0.297985 0.540026 0
0  2.512505 0.728646 2.875000  -0.994931 0.042058 -0.091348  0.297985 0.540026 0
painted_wood_01
0  2.012505 -0.021354 7.500000  0.980958 -0.023331 0.192813  0.297985 0.540026 0
0  2.012505 -0.921354 7.500000  0.980958 -0.023330 0.192815  0.297985 0.540026 0
0  2.480859 -0.880315 5.013293  0.980958 -0.023331 0.192814  0.297985 0.540026 0
painted_wood_01
0  2.512505 0.728646 2.875000  -0.924264 -0.001659 -0.381750  0.297985 0.540026 0
0  2.455214 -0.833854 3.027083  -0.924264 -0.001658 -0.381750  0.297985 0.540026 0
0  1.637505 -0.771354 5.000000  -0.924264 -0.001658 -0.381750  0.297985 0.540026 0
painted_wood_01
0  0.714084 1.045015 6.790635  -0.910196 -0.018380 -0.413770  0.297985 0.540026 0
0  1.637505 0.728646 5.000000  -0.910199 -0.018382 -0.413762  0.297985 0.540026 0
0  0.700005 -0.021354 7.187500  -0.910198 -0.018381 -0.413766  0.297985 0.540026 0
painted_wood_01
0  1.637505 0.728646 5.000000  -0.910196 -0.018347 -0.413771  0.297985 0.540026 0
0  1.637505 -0.771354 5.000000  -0.910195 -0.018345 -0.413773  0.297985 0.540026 0
0  0.700005 -0.021354 7.187500  -0.910196 -0.018346 -0.413772  0.297985 0.540026 0
painted_wood_01
0  0.700005 -0.021354 7.187500  -0.310877 -0.126286 0.942023  0.297985 0.540026 0
0  0.711255 -0.921354 6.950000  -0.310883 -0.126283 0.942022  0.297985 0.540026 0
0  2.012505 -0.921354 7.500000  -0.310891 -0.126277 0.942020  0.297985 0.540026 0
painted_wood_01
0  0.714084 1.045015 6.790635  -0.347533 0.187952 0.918637  0.297985 0.540026 0
0  0.700005 -0.021354 7.187500  -0.347525 0.187946 0.918642  0.297985 0.540026 0
0  2.012505 -0.021354 7.500000  -0.347526 0.187947 0.918641  0.297985 0.540026 0
painted_wood_01
0  2.012505 0.878646 7.500000  0.980955 0.023364 0.192824  0.297985 0.540026 0
0  2.012505 -0.021354 7.500000  0.980956 0.023363 0.192822  0.297985 0.540026 0
0  2.472947 -0.021354 5.266616  0.980956 0.023363 0.192822  0.297985 0.540026 0
painted_wood_01
0  2.012505 0.878646 7.500000  0.991571 0.114006 0.061558  0.297985 0.540026 0
0  1.793755 0.854167 9.402347  0.991571 0.114001 0.061568  0.297985 0.540026 0
0  2.012505 -0.021354 9.166667  0.991571 0.114006 0.061557  0.297985 0.540026 0
painted_wood_01
0  2.012505 -0.921354 7.500000  -0.991571 0.114002 -0.061565  0.297985 0.540026 0
0  1.793755 -0.896875 9.402347  -0.991571 0.114003 -0.061564  0.297985 0.540026 0
0  2.012505 -0.021354 9.166667  -0.991571 0.114004 -0.061562  0.297985 0.540026 0
painted_wood_01
0  2.012505 -0.021354 7.500000  0.805696 0.247816 -0.537997  0.297985 0.540026 0
0  2.012505 0.878646 7.500000  0.805696 0.247816 -0.537998  0.297985 0.540026 0
0  2.784818 0.618858 8.951455  0.805691 0.247812 -0.538007  0.297985 0.540026 0
painted_wood_01
0  2.012505 -0.021354 7.500000  0.807307 -0.254622 -0.532375  0.297985 0.540026 0
0  2.845839 -0.021354 8.333334  0.807308 -0.254623 -0.532373  0.297985 0.540026 0
0  2.784772 -0.624281 8.959509  0.807313 -0.254627 -0.532363  0.297985 0.540026 0
painted_wood_01
0  2.784818 0.618858 8.951455  0.989939 0.001927 0.141484  0.297985 0.540026 0
0  2.282311 0.873522 12.213814  0.989939 0.001927 0.141484  0.297985 0.540026 0
0  2.282129 -0.767092 12.246031  0.989939 0.001927 0.141484  0.297985 0.540026 0
painted_wood_01
0  2.282311 0.873522 12.213814  0.989938 0.001928 0.141487  0.297985 0.540026 0
0  2.183056 0.028359 13.200748  0.989938 0.001924 0.141487  0.297985 0.540026 0
0  2.282129 -0.767092 12.246031  0.989938 0.001929 0.141487  0.297985 0.540026 0
painted_wood_01
0  2.282129 -0.767092 12.246031  0.989943 0.001928 0.141455  0.297985 0.540026 0
0  2.784772 -0.624281 8.959509  0.989943 0.001927 0.141455  0.297985 0.540026 0
0  2.784818 0.618858 8.951455  0.989943 0.001928 0.141455  0.297985 0.540026 0
painted_wood_01
0  -0.000000 -0.688021 7.833333  -0.085744 0.000362 0.996317  0.297985 0.540026 0
0  0.635942 -0.896354 8.062500  -0.085751 0.000355 0.996316  0.297985 0.540026 0
0  0.512505 -0.021354 7.833333  -0.085762 0.000345 0.996316  0.297985 0.540026 0
painted_wood_01
0  0.512505 -0.021354 7.833333  -0.085726 0.000316 0.996319  0.297985 0.540026 0
0  0.647666 0.958736 7.999691  -0.085733 0.000316 0.996318  0.297985 0.540026 0
0  -0.000000 0.778795 7.916151  -0.085727 0.000316 0.996319  0.297985 0.540026 0
painted_wood_01
0  0.647666 0.958736 7.999691  -0.085768 0.000372 0.996315  0.297985 0.540026 0
0  0.265241 1.112129 7.916151  -0.085760 0.000377 0.996316  0.297985 0.540026 0
0  -0.000000 0.778795 7.916151  -0.085743 0.000387 0.996317  0.297985 0.540026 0
painted_wood_01
0  0.711255 -0.921354 6.950000  -0.986445 -0.074184 -0.146363  0.297985 0.540026 0
0  0.635942 -0.896354 8.062500  -0.986445 -0.074187 -0.146367  0.297985 0.540026 0
0  0.512505 -0.021354 7.833333  -0.986445 -0.074184 -0.146364  0.297985 0.540026 0
painted_wood_01
0  0.700005 -0.021354 7.187500  -0.989483 0.057227 -0.132851  0.297985 0.540026 0
0  0.512505 -0.021354 7.833333  -0.989483 0.057244 -0.132837  0.297985 0.540026 0
0  0.647666 0.958736 7.999691  -0.989483 0.057239 -0.132842  0.297985 0.540026 0
painted_wood_01
0  2.012505 -0.021354 9.166667  -0.715924 0.014427 0.698030  0.297985 0.540026 0
0  1.793755 0.854167 9.402347  -0.715910 0.014421 0.698043  0.297985 0.540026 0
0  0.647666 0.958736 7.999691  -0.715894 0.014415 0.698060  0.297985 0.540026 0
painted_wood_01
0  0.647666 0.958736 7.999691  -0.715876 0.014428 0.698079  0.297985 0.540026 0
0  0.512505 -0.021354 7.833333  -0.715876 0.014427 0.698078  0.297985 0.540026 0
0  2.012505 -0.021354 9.166667  -0.715877 0.014425 0.698077  0.297985 0.540026 0
painted_wood_01
0  0.512505 -0.021354 7.833333  -0.715891 0.014451 0.698063  0.297985 0.540026 0
0  0.635942 -0.896354 8.062500  -0.715895 0.014457 0.698058  0.297985 0.540026 0
0  2.012505 -0.021354 9.166667  -0.715889 0.014449 0.698065  0.297985 0.540026 0
painted_wood_01
0  2.012505 0.878646 7.500000  0.073944 0.996366 0.042274  0.297985 0.540026 0
0  0.714084 1.045015 6.790635  0.073943 0.996366 0.042274  0.297985 0.540026 0
0  0.647666 0.958736 7.999691  0.073945 0.996366 0.042273  0.297985 0.540026 0
painted_wood_01
0  2.012505 -0.921354 7.500000  -0.011923 -0.999812 0.015258  0.297985 0.540026 0
0  1.793755 -0.896875 9.402347  -0.011923 -0.999812 0.015258  0.297985 0.540026 0
0  0.635942 -0.896354 8.062500  -0.011923 -0.999812 0.015258  0.297985 0.540026 0
painted_wood_01
0  2.282129 -0.767092 12.246031  -0.272549 -0.721385 0.636648  0.297985 0.540026 0
0  2.183056 0.028359 13.200748  -0.272543 -0.721395 0.636640  0.297985 0.540026 0
0  1.818061 -0.021353 12.892387  -0.272541 -0.721398 0.636637  0.297985 0.540026 0
painted_wood_01
0  2.183056 0.028359 13.200748  -0.416215 0.676566 0.607473  0.297985 0.540026 0
0  2.282311 0.873522 12.213814  -0.416220 0.676579 0.607456  0.297985 0.540026 0
0  1.861700 0.834346 12.082859  -0.416218 0.676574 0.607462  0.297985 0.540026 0
painted_wood_01
0  1.861700 0.834346 12.082859  -0.999790 0.000011 -0.020480  0.297985 0.540026 0
0  1.793755 0.854167 9.402347  -0.999790 0.000011 -0.020478  0.297985 0.540026 0
0  2.012505 -0.021354 9.166667  -0.999790 0.000009 -0.020492  0.297985 0.540026 0
painted_wood_01
0  2.012505 -0.021354 9.166667  -0.999790 0.000104 -0.020479  0.297985 0.540026 0
0  1.793755 -0.896875 9.402347  -0.999790 0.000106 -0.020490  0.297985 0.540026 0
0  1.861639 -0.827341 12.093597  -0.999790 0.000107 -0.020497  0.297985 0.540026 0
painted_wood_01
0  1.861639 -0.827341 12.093597  -0.999790 0.000041 -0.020485  0.297985 0.540026 0
0  1.818061 -0.021353 12.892387  -0.999790 0.000043 -0.020485  0.297985 0.540026 0
0  1.861700 0.834346 12.082859  -0.999790 0.000043 -0.020485  0.297985 0.540026 0
painted_wood_01
0  2.282129 -0.767092 12.246031  0.246687 -0.968945 0.017046  0.297985 0.540026 0
0  1.861639 -0.827341 12.093597  0.246687 -0.968945 0.017042  0.297985 0.540026 0
0  1.793755 -0.896875 9.402347  0.246687 -0.968945 0.017047  0.297985 0.540026 0
painted_wood_01
0  1.793755 -0.896875 9.402347  0.246728 -0.968935 0.017041  0.297985 0.540026 0
0  2.012505 -0.921354 7.500000  0.246730 -0.968934 0.017038  0.297985 0.540026 0
0  2.784772 -0.624281 8.959509  0.246729 -0.968935 0.017040  0.297985 0.540026 0
painted_wood_01
0  0.714084 1.045015 6.790635  0.154278 -0.179828 -0.971525  0.297985 0.540026 0
0  0.700005 -0.021354 7.187500  0.154253 -0.179838 -0.971527  0.297985 0.540026 0
0  -0.000000 0.944716 6.664604  0.154269 -0.179832 -0.971525  0.297985 0.540026 0
painted_wood_01
0  0.700005 -0.021354 7.187500  0.154266 -0.179817 -0.971529  0.297985 0.540026 0
0  0.711255 -0.921354 6.950000  0.154257 -0.179825 -0.971529  0.297985 0.540026 0
0  -0.000000 -0.688021 7.166667  0.154266 -0.179817 -0.971529  0.297985 0.540026 0
painted_wood_01
0  2.012505 0.878646 7.500000  0.167416 0.985855 -0.007909  0.297985 0.540026 0
0  1.793755 0.854167 9.402347  0.167412 0.985855 -0.007902  0.297985 0.540026 0
0  2.784818 0.618858 8.951455  0.167414 0.985855 -0.007906  0.297985 0.540026 0
painted_wood_01
0  1.793755 0.854167 9.402347  0.167378 0.985861 -0.007899  0.297985 0.540026 0
0  1.861700 0.834346 12.082859  0.167378 0.985861 -0.007894  0.297985 0.540026 0
0  2.282311 0.873522 12.213814  0.167378 0.985861 -0.007895  0.297985 0.540026 0
painted_wood_01
0  2.845839 0.645312 -0.000000  -0.106401 0.991321 -0.077205  0.297985 0.540026 0
0  2.512505 0.728646 2.875000  -0.106400 0.991322 -0.077198  0.297985 0.540026 0
0  3.387505 0.927347 2.875000  -0.106399 0.991322 -0.077195  0.297985 0.540026 0
painted_wood_01
0  0.670826 3.978646 1.987620  0.994962 0.000000 0.100255  0.297985 0.540026 0
0  0.570064 3.903543 2.987620  0.994962 0.000000 0.100255  0.297985 0.540026 0
0  0.570064 3.053749 2.987620  0.994962 0.000000 0.100255  0.297985 0.540026 0
painted_wood_01
0  0.670826 2.978646 1.987620  0.000000 -0.997192 0.074893  0.297985 0.540026 0
0  0.570064 3.053749 2.987620  0.000000 -0.997192 0.074893  0.297985 0.540026 0
0  0.000000 3.053749 2.987620  0.000000 -0.997192 0.074893  0.297985 0.540026 0
painted_wood_01
0  0.570064 3.903543 2.987620  0.986884 0.065404 -0.147588  0.297985 0.540026 0
0  0.943955 4.182223 5.987620  0.986884 0.065404 -0.147589  0.297985 0.540026 0
0  0.943955 2.775069 4.987620  0.986884 0.065404 -0.147589  0.297985 0.540026 0
painted_wood_01
0  0.570064 3.053749 2.987620  0.000000 -0.990431 -0.138007  0.297985 0.540026 0
0  0.943955 2.775069 4.987620  0.000000 -0.990431 -0.138007  0.297985 0.540026 0
0  -0.000000 2.775069 4.987620  0.000000 -0.990431 -0.138007  0.297985 0.540026 0
painted_wood_01
0  0.943955 2.775069 4.987620  0.096161 -0.698920 -0.708705  0.297985 0.540026 0
0  0.714084 1.045015 6.790635  0.096162 -0.698920 -0.708706  0.297985 0.540026 0
0  -0.000000 0.944716 6.664604  0.096166 -0.698910 -0.708714  0.297985 0.540026 0
painted_wood_01
0  0.620368 1.779541 7.496905  0.994045 -0.031001 0.104470  0.297985 0.540026 0
0  0.647666 0.958736 7.999691  0.994045 -0.031003 0.104466  0.297985 0.540026 0
0  0.714084 1.045015 6.790635  0.994046 -0.031005 0.104461  0.297985 0.540026 0
painted_wood_01
0  0.714084 1.045015 6.790635  0.994041 -0.031060 0.104485  0.297985 0.540026 0
0  0.943955 2.775069 4.987620  0.994041 -0.031060 0.104486  0.297985 0.540026 0
0  0.728230 2.580435 6.993810  0.994041 -0.031060 0.104486  0.297985 0.540026 0
painted_wood_01
0  0.943955 2.775069 4.987620  0.994041 -0.031080 0.104480  0.297985 0.540026 0
0  0.943955 4.182223 5.987620  0.994041 -0.031080 0.104484  0.297985 0.540026 0
0  0.836093 3.381329 6.490715  0.994041 -0.031080 0.104483  0.297985 0.540026 0
painted_wood_01
0  0.836093 3.381329 6.490715  0.994041 -0.031080 0.104482  0.297985 0.540026 0
0  0.728230 2.580435 6.993810  0.994041 -0.031081 0.104486  0.297985 0.540026 0
0  0.943955 2.775069 4.987620  0.994040 -0.031081 0.104487  0.297985 0.540026 0
painted_wood_01
0  0.728230 2.580435 6.993810  0.000000 0.531926 0.846791  0.297985 0.540026 0
0  0.364115 2.580435 6.993810  0.000000 0.531926 0.846791  0.297985 0.540026 0
0  0.310184 1.779541 7.496905  0.000000 0.531926 0.846791  0.297985 0.540026 0
painted_wood_01
0  0.620368 1.779541 7.496905  0.014073 0.526492 0.850063  0.297985 0.540026 0
0  0.310184 1.779541 7.496905  0.014073 0.526492 0.850063  0.297985 0.540026 0
0  0.265241 1.112129 7.916151  0.014073 0.526493 0.850063  0.297985 0.540026 0
painted_wood_01
0  0.943955 4.182223 5.987620  0.000000 0.531925 0.846791  0.297985 0.540026 0
0  0.471977 4.182223 5.987620  0.000000 0.531925 0.846791  0.297985 0.540026 0
0  0.418047 3.381329 6.490715  0.000000 0.531925 0.846791  0.297985 0.540026 0
painted_wood_01
0  0.728230 2.580435 6.993810  -0.000001 0.531926 0.846791  0.297985 0.540026 0
0  0.836093 3.381329 6.490715  -0.000001 0.531926 0.846791  0.297985 0.540026 0
0  0.391081 2.980882 6.742263  -0.000001 0.531926 0.846791  0.297985 0.540026 0
painted_wood_01
0  0.836093 3.381329 6.490715  0.000000 0.531927 0.846790  0.297985 0.540026 0
0  0.418047 3.381329 6.490715  0.000000 0.531927 0.846790  0.297985 0.540026 0
0  0.391081 2.980882 6.742263  0.000000 0.531927 0.846790  0.297985 0.540026 0
gold_player
0  3.918755 -1.085680 1.487500  0.629955 -0.733339 0.255676  0.297770 0.539834 0
0  3.392714 -1.032555 3.027083  0.629957 -0.733338 0.255673  0.297770 0.539834 0
0  3.075005 -1.425521 2.591667  0.629957 -0.733338 0.255674  0.297770 0.539834 0
gold_player
0  4.300971 -0.882555 0.000000  0.709898 -0.694563 0.116739  0.297770 0.539834 0
0  3.918755 -1.085680 1.487500  0.709897 -0.694563 0.116740  0.297770 0.539834 0
0  3.259901 -1.708854 1.414583  0.709896 -0.694564 0.116741  0.297770 0.539834 0
gold_player
0  3.439589 -1.825521 0.000000  -0.721301 -0.686875 -0.089036  0.297770 0.539834 0
0  3.259901 -1.708854 1.414583  -0.721299 -0.686877 -0.089039  0.297770 0.539834 0
0  2.637505 -1.175521 1.483333  -0.721301 -0.686875 -0.089035  0.297770 0.539834 0
painted_wood_01
0  -0.000000 -0.688021 7.166667  -0.311643 -0.950199 0.000256  0.297985 0.540026 0
0  0.711255 -0.921354 6.950000  -0.311643 -0.950199 0.000256  0.297985 0.540026 0
0  0.635942 -0.896354 8.062500  -0.311643 -0.950199 0.000256  0.297985 0.540026 0
painted_wood_01
0  0.000000 3.903543 2.987620  0.000000 0.997192 0.074892  0.297985 0.540026 0
0  0.570064 3.903543 2.987620  0.000000 0.997192 0.074892  0.297985 0.540026 0
0  0.670826 3.978646 1.987620  0.000000 0.997192 0.074892  0.297985 0.540026 0
painted_wood_01
0  0.000000 3.903543 2.987620  0.000000 0.995713 -0.092495  0.297985 0.540026 0
0  -0.000000 4.182223 5.987620  0.000000 0.995713 -0.092495  0.297985 0.540026 0
0  0.471977 4.182223 5.987620  0.000000 0.995713 -0.092495  0.297985 0.540026 0
painted_wood_01
0  0.471977 4.182223 5.987620  0.000000 0.995713 -0.092496  0.297985 0.540026 0
0  0.943955 4.182223 5.987620  0.000000 0.995713 -0.092496  0.297985 0.540026 0
0  0.570064 3.903543 2.987620  0.000000 0.995713 -0.092496  0.297985 0.540026 0
painted_wood_01
0  0.670826 2.978646 -0.000000  0.000000 -1.000000 0.000000  0.297985 0.540026 0
0  0.670826 2.978646 1.987620  0.000000 -1.000000 0.000000  0.297985 0.540026 0
0  0.000000 2.978646 1.987620  0.000000 -1.000000 0.000000  0.297985 0.540026 0
painted_wood_01
0  0.000000 3.978646 1.987620  0.000000 1.000000 0.000000  0.297985 0.540026 0
0  0.670826 3.978646 1.987620  0.000000 1.000000 0.000000  0.297985 0.540026 0
0  0.670826 3.978646 -0.000000  0.000000 1.000000 0.000000  0.297985 0.540026 0
painted_wood_01
0  0.670826 2.978646 -0.000000  1.000000 0.000000 0.000000  0.297985 0.540026 0
0  0.670826 3.978646 -0.000000  1.000000 0.000000 0.000000  0.297985 0.540026 0
0  0.670826 3.978646 1.987620  1.000000 0.000000 0.000000  0.297985 0.540026 0
painted_wood_01
0  -0.000000 0.778795 7.916151  -0.254792 0.439750 0.861220  0.297985 0.540026 0
0  0.265241 1.112129 7.916151  -0.254798 0.439735 0.861226  0.297985 0.540026 0
0  0.310184 1.779541 7.496905  -0.254788 0.439768 0.861213  0.297985 0.540026 0
painted_wood_01
0  4.394749 0.501679 0.708226  0.516886 0.852961 0.072712  0.297985 0.540026 0
0  4.121283 0.677346 -0.000000  0.516885 0.852961 0.072714  0.297985 0.540026 0
0  3.387505 0.927347 2.875000  0.516884 0.852962 0.072717  0.297985 0.540026 0
painted_wood_01
0  3.645416 0.716896 2.918450  0.593596 0.751978 0.286658  0.297985 0.540026 0
0  3.387505 0.927347 2.875000  0.593596 0.751978 0.286658  0.297985 0.540026 0
0  2.480859 0.837607 5.013293  0.593597 0.751978 0.286657  0.297985 0.540026 0
painted_wood_01
0  4.198238 -0.565172 1.635876  0.810283 -0.563705 0.160245  0.297985 0.540026 0
0  3.918755 -1.085680 1.487500  0.810283 -0.563703 0.160252  0.297985 0.540026 0
0  4.300971 -0.882555 0.000000  0.810283 -0.563704 0.160251  0.297985 0.540026 0
painted_wood_01
0  3.009807 -0.428817 4.569202  0.766874 -0.509731 0.389973  0.297985 0.540026 0
0  2.480859 -0.880315 5.013293  0.766874 -0.509731 0.389973  0.297985 0.540026 0
0  3.392714 -1.032555 3.027083  0.766874 -0.509731 0.389973  0.297985 0.540026 0
painted_wood_01
0  2.863658 0.119034 4.750208  0.752506 -0.117661 0.647989  0.297985 0.540026 0
0  2.472947 -0.021354 5.266616  0.752504 -0.117667 0.647991  0.297985 0.540026 0
0  2.480859 -0.880315 5.013293  0.752505 -0.117664 0.647990  0.297985 0.540026 0
painted_wood_01
0  4.545433 -0.446622 0.566948  0.906700 0.141798 -0.397226  0.297985 0.540026 0
0  4.300971 -0.882555 0.000000  0.906700 0.141797 -0.397226  0.297985 0.540026 0
0  4.121283 0.677346 -0.000000  0.906700 0.141798 -0.397227  0.297985 0.540026 0
painted_wood_01
0  2.921625 0.666885 4.522981  0.761440 0.177303 0.623516  0.297985 0.540026 0
0  2.480859 0.837607 5.013293  0.761440 0.177303 0.623516  0.297985 0.540026 0
0  2.472947 -0.021354 5.266616  0.761440 0.177303 0.623516  0.297985 0.540026 0
painted_wood_01
0  3.687321 -0.526207 3.103505  0.805611 -0.514612 0.293537  0.297985 0.540026 0
0  3.392714 -1.032555 3.027083  0.805611 -0.514612 0.293537  0.297985 0.540026 0
0  3.918755 -1.085680 1.487500  0.805611 -0.514612 0.293537  0.297985 0.540026 0
painted_wood_01
0  -0.000000 4.182223 5.987620  0.000000 1.000000 0.000000  0.297985 0.540026 0
0  -0.000000 4.182223 6.415843  0.000000 1.000000 0.000000  0.297985 0.540026 0
0  0.471977 4.182223 6.415843  0.000000 1.000000 0.000000  0.297985 0.540026 0
painted_wood_01
0  0.471977 4.182223 5.987620  0.997741 -0.067185 0.000000  0.297985 0.540026 0
0  0.471977 4.182223 6.415843  0.997741 -0.067185 0.000000  0.297985 0.540026 0
0  0.418047 3.381329 6.918938  0.997741 -0.067185 0.000000  0.297985 0.540026 0
painted_wood_01
0  0.418047 3.381329 6.490715  0.997740 -0.067188 0.000000  0.297985 0.540026 0
0  0.418047 3.381329 6.918938  0.997740 -0.067188 0.000000  0.297985 0.540026 0
0  0.391081 2.980882 7.170486  0.997740 -0.067188 0.000000  0.297985 0.540026 0
painted_wood_01
0  0.310184 1.779541 7.496905  0.000000 -1.000000 0.000000  0.297985 0.540026 0
0  0.310184 1.779541 7.925128  0.000000 -1.000000 0.000000  0.297985 0.540026 0
0  -0.000000 1.779541 7.925128  0.000000 -1.000000 0.000000  0.297985 0.540026 0
painted_wood_01
0  0.364115 2.580435 6.993810  0.997741 -0.067185 0.000000  0.297985 0.540026 0
0  0.364115 2.580435 7.422033  0.997741 -0.067185 0.000000  0.297985 0.540026 0
0  0.310184 1.779541 7.925128  0.997741 -0.067185 0.000000  0.297985 0.540026 0
painted_wood_01
0  0.391081 2.980882 6.742263  0.997740 -0.067188 0.000000  0.297985 0.540026 0
0  0.391081 2.980882 7.170486  0.997740 -0.067188 0.000000  0.297985 0.540026 0
0  0.364115 2.580435 7.422033  0.997740 -0.067188 0.000000  0.297985 0.540026 0
painted_wood_01
0  0.418047 3.381329 6.918938  0.746046 -0.389508 -0.540092  0.297985 0.540026 0
0  0.825553 3.381329 7.481838  0.746046 -0.389508 -0.540092  0.297985 0.540026 0
0  0.798587 2.980882 7.733386  0.746046 -0.389508 -0.540092  0.297985 0.540026 0
painted_wood_01
0  -0.000000 4.182223 6.415843  0.000000 1.000000 0.000000  0.297985 0.540026 0
0  -0.000000 4.182223 6.978743  0.000000 1.000000 0.000000  0.297985 0.540026 0
0  0.879483 4.182223 6.978743  0.000000 1.000000 0.000000  0.297985 0.540026 0
painted_wood_01
0  0.471977 4.182223 6.415843  0.746046 -0.389505 -0.540093  0.297985 0.540026 0
0  0.879483 4.182223 6.978743  0.746046 -0.389505 -0.540093  0.297985 0.540026 0
0  0.825553 3.381329 7.481838  0.746046 -0.389505 -0.540093  0.297985 0.540026 0
painted_wood_01
0  0.364115 2.580435 7.422033  0.746046 -0.389506 -0.540093  0.297985 0.540026 0
0  0.771621 2.580435 7.984934  0.746046 -0.389506 -0.540093  0.297985 0.540026 0
0  0.717691 1.779541 8.488029  0.746046 -0.389506 -0.540093  0.297985 0.540026 0
painted_wood_01
0  0.391081 2.980882 7.170486  0.746045 -0.389508 -0.540093  0.297985 0.540026 0
0  0.798587 2.980882 7.733386  0.746045 -0.389508 -0.540093  0.297985 0.540026 0
0  0.771621 2.580435 7.984934  0.746045 -0.389508 -0.540093  0.297985 0.540026 0
painted_wood_01
0  0.717691 1.779541 8.488029  0.775698 -0.288003 -0.561558  0.297985 0.540026 0
0  0.717691 -2.786392 10.829734  0.775698 -0.288003 -0.561558  0.297985 0.540026 0
0  0.310184 -2.786392 10.266833  0.775698 -0.288003 -0.561558  0.297985 0.540026 0
painted_wood_01
0  0.717691 -2.786392 12.004841  1.000000 0.000000 0.000000  0.297985 0.540026 0
0  0.717691 -3.547147 12.004841  1.000000 0.000000 0.000000  0.297985 0.540026 0
0  0.717691 -3.547147 11.251204  1.000000 0.000000 0.000000  0.297985 0.540026 0
painted_wood_01
0  0.825553 3.381329 7.481838  0.997740 -0.067188 0.000000  0.297985 0.540026 0
0  0.825553 3.381329 8.235475  0.997740 -0.067188 0.000000  0.297985 0.540026 0
0  0.798587 2.980882 8.487022  0.997740 -0.067188 0.000000  0.297985 0.540026 0
painted_wood_01
0  0.310184 1.779541 7.925128  0.000000 -0.456348 -0.889802  0.297985 0.540026 0
0  0.310184 -2.786392 10.266833  0.000000 -0.456348 -0.889802  0.297985 0.540026 0
0  -0.000000 -2.786392 10.266833  0.000000 -0.456348 -0.889802  0.297985 0.540026 0
painted_wood_01
0  -0.000000 -2.786392 12.004841  0.000000 0.000000 1.000000  0.297985 0.540026 0
0  -0.000000 -3.547147 12.004841  0.000000 0.000000 1.000000  0.297985 0.540026 0
0  0.717691 -3.547147 12.004841  0.000000 0.000000 1.000000  0.297985 0.540026 0
painted_wood_01
0  -0.000000 4.182223 7.732379  0.000000 0.000000 1.000000  0.000000 0.000000 0
0  0.879483 4.182223 7.732379  0.000000 0.000000 1.000000  0.297985 0.540026 0
0  0.879483 4.640938 7.732379  0.000000 0.000000 1.000000  0.297985 0.540026 0
painted_wood_01
0  0.879483 4.182223 6.978743  0.997741 -0.067186 0.000000  0.297985 0.540026 0
0  0.879483 4.182223 7.732379  0.997741 -0.067186 0.000000  0.297985 0.540026 0
0  0.825553 3.381329 8.235475  0.997741 -0.067186 0.000000  0.297985 0.540026 0
painted_wood_01
0  0.717691 1.779541 8.488029  1.000000 0.000000 0.000000  0.297985 0.540026 0
0  0.717691 1.779541 9.241665  1.000000 0.000000 0.000000  0.297985 0.540026 0
0  0.717691 -2.786392 12.004841  1.000000 0.000000 0.000000  0.297985 0.540026 0
painted_wood_01
0  0.771621 2.580435 7.984934  0.997740 -0.067185 0.000000  0.297985 0.540026 0
0  0.771621 2.580435 8.738570  0.997740 -0.067185 0.000000  0.297985 0.540026 0
0  0.717691 1.779541 9.241665  0.997740 -0.067185 0.000000  0.297985 0.540026 0
painted_wood_01
0  0.798587 2.980882 7.733386  0.997740 -0.067188 0.000000  0.297985 0.540026 0
0  0.798587 2.980882 8.487022  0.997740 -0.067188 0.000000  0.297985 0.540026 0
0  0.771621 2.580435 8.738570  0.997740 -0.067188 0.000000  0.297985 0.540026 0
painted_wood_01
0  -0.000000 4.640938 6.978743  0.000000 1.000000 0.000000  0.297985 0.540026 0
0  -0.000000 4.640938 7.732379  0.000000 1.000000 0.000000  0.297985 0.540026 0
0  0.879483 4.640938 7.732379  0.000000 1.000000 0.000000  0.297985 0.540026 0
painted_wood_01
0  0.879483 4.182223 6.978743  1.000000 0.000000 0.000000  0.297985 0.540026 0
0  0.879483 4.640938 6.978743  1.000000 0.000000 0.000000  0.297985 0.540026 0
0  0.879483 4.640938 7.732379  1.000000 0.000000 0.000000  0.297985 0.540026 0
painted_wood_01
0  -0.000000 4.182223 6.978743  0.000000 0.000000 -1.000000  0.297985 0.540026 0
0  -0.000000 4.640938 6.978743  0.000000 0.000000 -1.000000  0.297985 0.540026 0
0  0.879483 4.640938 6.978743  0.000000 0.000000 -1.000000  0.297985 0.540026 0
painted_wood_01
0  0.798587 2.980882 8.487022  0.582063 0.404066 0.705644  0.297985 0.540026 0
0  0.825553 3.381329 8.235475  0.582063 0.404066 0.705644  0.297985 0.540026 0
0  -0.000000 1.779541 9.833665  0.582063 0.404066 0.705644  0.000000 0.000000 0
painted_wood_01
0  0.825553 3.381329 8.235475  0.582061 0.404068 0.705644  0.297985 0.540026 0
0  0.879483 4.182223 7.732379  0.582061 0.404068 0.705644  0.297985 0.540026 0
0  -0.000000 1.779541 9.833665  0.582061 0.404068 0.705644  0.000000 0.000000 0
painted_wood_01
0  -0.000000 1.779541 9.833665  0.582062 0.404067 0.705644  0.000000 0.000000 0
0  0.717691 1.779541 9.241665  0.582062 0.404067 0.705644  0.297985 0.540026 0
0  0.771621 2.580435 8.738570  0.582062 0.404067 0.705644  0.297985 0.540026 0
painted_wood_01
0  0.308368 -0.503425 11.298902  0.992009 -0.116562 0.048274  0.000000 0.000000 0
0  0.308368 1.250245 15.416418  0.992009 -0.116562 0.048274  0.000000 0.000000 0
0  -0.000000 -1.372620 15.536958  0.992009 -0.116562 0.048274  0.297985 0.540026 0
gold_player
0  -0.000000 -0.503425 11.298902  0.000000 0.920031 -0.391846  0.000000 0.000000 0
0  -0.000000 1.250245 15.416418  0.000000 0.920031 -0.391846  0.000000 0.000000 0
0  0.308368 1.250245 15.416418  0.000000 0.920031 -0.391846  0.000000 0.000000 0
painted_wood_01
0  0.308368 1.250245 15.416418  0.986881 -0.111206 0.117042  0.000000 0.000000 0
0  0.308368 5.362863 19.333027  0.986881 -0.111206 0.117042  0.000000 0.000000 0
0  -0.000000 3.970487 20.601133  0.986881 -0.111206 0.117042  0.297985 0.540026 0
gold_player
0  -0.000000 1.250245 15.416418  0.000000 0.689639 -0.724153  0.000000 0.000000 0
0  -0.000000 5.362863 19.333027  0.000000 0.689639 -0.724153  0.000000 0.000000 0
0  0.308368 5.362863 19.333027  0.000000 0.689639 -0.724153  0.000000 0.000000 0
painted_wood_01
0  0.308368 5.362863 19.333027  0.985840 -0.052169 0.159368  0.000000 0.000000 0
0  0.244019 9.912117 21.036934  0.985840 -0.052169 0.159368  0.000000 0.000000 0
0  -0.000000 9.721883 22.667513  0.985840 -0.052169 0.159367  0.297985 0.540026 0
gold_player
0  -0.000000 5.362863 19.333027  0.000000 0.350751 -0.936469  0.000000 0.000000 0
0  -0.000000 9.912117 21.036934  0.000000 0.350751 -0.936469  0.000000 0.000000 0
0  0.244019 9.912117 21.036934  0.000000 0.350751 -0.936469  0.000000 0.000000 0
painted_wood_01
0  0.310184 -3.547147 10.688304  0.000000 -1.000000 0.000001  0.297985 0.540026 0
0  0.717691 -3.547147 11.251204  0.000000 -1.000000 0.000001  0.297985 0.540026 0
0  -0.000000 -3.547147 11.251204  0.000000 -1.000000 0.000001  0.297985 0.540026 0
painted_wood_01
0  0.717691 -3.547147 11.251204  0.000000 -1.000000 0.000000  0.297985 0.540026 0
0  0.717691 -3.547147 12.004841  0.000000 -1.000000 0.000000  0.297985 0.540026 0
0  -0.000000 -3.547147 12.004841  0.000000 -1.000000 0.000000  0.297985 0.540026 0
painted_wood_01
0  0.717691 -2.786392 10.829734  0.770382 -0.308981 -0.557712  0.297985 0.540026 0
0  0.717691 -3.547147 11.251204  0.770382 -0.308981 -0.557712  0.297985 0.540026 0
0  0.310184 -3.547147 10.688304  0.770382 -0.308981 -0.557712  0.297985 0.540026 0
painted_wood_01
0  0.310184 -2.786392 10.266833  0.000000 -0.484614 -0.874728  0.297985 0.540026 0
0  0.310184 -3.547147 10.688304  0.000000 -0.484614 -0.874728  0.297985 0.540026 0
0  -0.000000 -3.547147 10.688304  0.000000 -0.484614 -0.874728  0.297985 0.540026 0
painted_wood_01
0  4.198238 -0.565172 1.635876  0.928854 0.091824 0.358885  0.297985 0.540026 0
0  4.545433 -0.446622 0.566948  0.928854 0.091822 0.358884  0.297985 0.540026 0
0  4.394749 0.501679 0.708226  0.928855 0.091820 0.358884  0.297985 0.540026 0
painted_wood_01
0  4.394749 0.501679 0.708226  0.928866 0.091825 0.358855  0.297985 0.540026 0
0  3.645416 0.716896 2.918450  0.928867 0.091817 0.358855  0.297985 0.540026 0
0  4.198238 -0.565172 1.635876  0.928866 0.091824 0.358855  0.297985 0.540026 0
painted_wood_01
0  3.645416 0.716896 2.918450  0.928853 0.091823 0.358889  0.297985 0.540026 0
0  2.921625 0.666885 4.522981  0.928853 0.091821 0.358889  0.297985 0.540026 0
0  3.687321 -0.526207 3.103505  0.928853 0.091818 0.358889  0.297985 0.540026 0
painted_wood_01
0  4.198238 -0.565172 1.635876  0.928852 0.091823 0.358891  0.297985 0.540026 0
0  3.645416 0.716896 2.918450  0.928852 0.091823 0.358891  0.297985 0.540026 0
0  3.687321 -0.526207 3.103505  0.928852 0.091823 0.358891  0.297985 0.540026 0
painted_wood_01
0  2.921625 0.666885 4.522981  0.928846 0.091829 0.358905  0.297985 0.540026 0
0  2.863658 0.119034 4.750208  0.928847 0.091813 0.358905  0.297985 0.540026 0
0  3.009807 -0.428817 4.569202  0.928847 0.091819 0.358905  0.297985 0.540026 0
c_invasion_wrangler_laser
0  -0.000000 1.160285 11.954980  0.202803 0.769949 0.605020  0.000000 0.000000 0
0  -0.000000 0.892743 12.295453  0.202803 0.769949 0.605020  0.000000 0.000000 0
0  0.618719 0.654856 12.390794  0.202803 0.769949 0.605020  0.000000 0.000000 0
c_invasion_wrangler_laser
0  -0.000000 0.892743 12.295453  -0.382684 -0.857569 0.343698  0.000000 0.000000 0
0  -0.000000 0.731656 11.893519  -0.382684 -0.857569 0.343698  0.000000 0.000000 0
0  0.618719 0.493768 11.988860  -0.382684 -0.857569 0.343698  0.000000 0.000000 0
c_invasion_wrangler_laser
0  -0.000000 0.731656 11.893519  0.202803 0.138987 -0.969306  0.000000 0.000000 0
0  -0.000000 1.160285 11.954980  0.202803 0.138987 -0.969306  0.000000 0.000000 0
0  0.883884 0.820445 12.091182  0.202803 0.138987 -0.969306  0.000000 0.000000 0
c_invasion_wrangler_laser
0  0.883884 0.820445 12.091182  0.489609 0.503727 0.711718  0.000000 0.000000 0
0  0.618719 0.654856 12.390794  0.489609 0.503727 0.711718  0.000000 0.000000 0
0  0.875000 0.080545 12.620967  0.489609 0.503727 0.711718  0.000000 0.000000 0
c_invasion_wrangler_laser
0  0.618719 0.654856 12.390794  -0.923880 -0.355217 0.142364  0.000000 0.000000 0
0  0.618719 0.493768 11.988860  -0.923880 -0.355217 0.142364  0.000000 0.000000 0
0  0.875000 -0.080542 12.219033  -0.923880 -0.355217 0.142364  0.000000 0.000000 0
c_invasion_wrangler_laser
0  0.618719 0.493768 11.988860  0.489606 -0.127233 -0.862611  0.000000 0.000000 0
0  0.883884 0.820445 12.091182  0.489606 -0.127233 -0.862611  0.000000 0.000000 0
0  1.250000 0.000002 12.420000  0.489606 -0.127233 -0.862611  0.000000 0.000000 0
c_invasion_wrangler_laser
0  1.250000 0.000002 12.420000  0.489608 0.127234 0.862610  0.000000 0.000000 0
0  0.875000 0.080545 12.620967  0.489608 0.127234 0.862610  0.000000 0.000000 0
0  0.618719 -0.493765 12.851140  0.489608 0.127234 0.862610  0.000000 0.000000 0
c_invasion_wrangler_laser
0  0.875000 0.080545 12.620967  -0.923880 0.355217 -0.142364  0.000000 0.000000 0
0  0.875000 -0.080542 12.219033  -0.923880 0.355217 -0.142364  0.000000 0.000000 0
0  0.618719 -0.654853 12.449206  -0.923880 0.355217 -0.142364  0.000000 0.000000 0
c_invasion_wrangler_laser
0  0.875000 -0.080542 12.219033  0.489613 -0.503726 -0.711716  0.000000 0.000000 0
0  1.250000 0.000002 12.420000  0.489613 -0.503726 -0.711716  0.000000 0.000000 0
0  0.883884 -0.820442 12.748818  0.489613 -0.503726 -0.711716  0.000000 0.000000 0
c_invasion_wrangler_laser
0  0.883884 -0.820442 12.748818  0.202803 -0.138989 0.969305  0.000000 0.000000 0
0  0.618719 -0.493765 12.851140  0.202803 -0.138989 0.969305  0.000000 0.000000 0
0  -0.000000 -0.731653 12.946481  0.202803 -0.138989 0.969305  0.000000 0.000000 0
c_invasion_wrangler_laser
0  0.618719 -0.493765 12.851140  -0.382684 0.857569 -0.343698  0.000000 0.000000 0
0  0.618719 -0.654853 12.449206  -0.382684 0.857569 -0.343698  0.000000 0.000000 0
0  -0.000000 -0.892740 12.544547  -0.382684 0.857569 -0.343698  0.000000 0.000000 0
c_invasion_wrangler_laser
0  0.618719 -0.654853 12.449206  0.202803 -0.769949 -0.605021  0.000000 0.000000 0
0  0.883884 -0.820442 12.748818  0.202803 -0.769949 -0.605021  0.000000 0.000000 0
0  -0.000000 -1.160281 12.885020  0.202803 -0.769949 -0.605021  0.000000 0.000000 0
c_invasion_wrangler_laser
0  -0.000000 1.816626 13.571524  0.202805 0.769949 0.605020  0.000000 0.000000 0
0  -0.000000 1.549085 13.911997  0.202805 0.769949 0.605020  0.000000 0.000000 0
0  0.618719 1.311197 14.007338  0.202805 0.769949 0.605020  0.000000 0.000000 0
c_invasion_wrangler_laser
0  -0.000000 1.549085 13.911997  -0.382684 -0.857569 0.343698  0.000000 0.000000 0
0  -0.000000 1.387997 13.510063  -0.382684 -0.857569 0.343698  0.000000 0.000000 0
0  0.618719 1.150109 13.605404  -0.382684 -0.857569 0.343698  0.000000 0.000000 0
c_invasion_wrangler_laser
0  -0.000000 1.387997 13.510063  0.202803 0.138987 -0.969306  0.000000 0.000000 0
0  -0.000000 1.816626 13.571524  0.202803 0.138987 -0.969306  0.000000 0.000000 0
0  0.883884 1.476786 13.707726  0.202803 0.138987 -0.969306  0.000000 0.000000 0
c_invasion_wrangler_laser
0  0.883884 1.476786 13.707726  0.489606 0.503728 0.711719  0.000000 0.000000 0
0  0.618719 1.311197 14.007338  0.489606 0.503728 0.711719  0.000000 0.000000 0
0  0.875000 0.736887 14.237511  0.489606 0.503728 0.711719  0.000000 0.000000 0
c_invasion_wrangler_laser
0  0.618719 1.311197 14.007338  -0.923880 -0.355217 0.142364  0.000000 0.000000 0
0  0.618719 1.150109 13.605404  -0.923880 -0.355217 0.142364  0.000000 0.000000 0
0  0.875000 0.575799 13.835577  -0.923880 -0.355217 0.142364  0.000000 0.000000 0
c_invasion_wrangler_laser
0  0.618719 1.150109 13.605404  0.489610 -0.127233 -0.862609  0.000000 0.000000 0
0  0.883884 1.476786 13.707726  0.489610 -0.127233 -0.862609  0.000000 0.000000 0
0  1.250000 0.656343 14.036544  0.489610 -0.127233 -0.862609  0.000000 0.000000 0
c_invasion_wrangler_laser
0  1.250000 0.656343 14.036544  0.489611 0.127233 0.862608  0.000000 0.000000 0
0  0.875000 0.736887 14.237511  0.489611 0.127233 0.862608  0.000000 0.000000 0
0  0.618719 0.162576 14.467684  0.489611 0.127233 0.862608  0.000000 0.000000 0
c_invasion_wrangler_laser
0  0.875000 0.736887 14.237511  -0.923880 0.355216 -0.142364  0.000000 0.000000 0
0  0.875000 0.575799 13.835577  -0.923880 0.355216 -0.142364  0.000000 0.000000 0
0  0.618719 0.001488 14.065750  -0.923880 0.355216 -0.142364  0.000000 0.000000 0
c_invasion_wrangler_laser
0  0.875000 0.575799 13.835577  0.489610 -0.503727 -0.711717  0.000000 0.000000 0
0  1.250000 0.656343 14.036544  0.489610 -0.503727 -0.711717  0.000000 0.000000 0
0  0.883884 -0.164101 14.365362  0.489610 -0.503727 -0.711717  0.000000 0.000000 0
c_invasion_wrangler_laser
0  0.883884 -0.164101 14.365362  0.202802 -0.138989 0.969306  0.000000 0.000000 0
0  0.618719 0.162576 14.467684  0.202802 -0.138989 0.969306  0.000000 0.000000 0
0  -0.000000 -0.075312 14.563025  0.202802 -0.138989 0.969306  0.000000 0.000000 0
c_invasion_wrangler_laser
0  0.618719 0.162576 14.467684  -0.382684 0.857569 -0.343698  0.000000 0.000000 0
0  0.618719 0.001488 14.065750  -0.382684 0.857569 -0.343698  0.000000 0.000000 0
0  -0.000000 -0.236399 14.161091  -0.382684 0.857569 -0.343698  0.000000 0.000000 0
c_invasion_wrangler_laser
0  0.618719 0.001488 14.065750  0.202803 -0.769949 -0.605020  0.000000 0.000000 0
0  0.883884 -0.164101 14.365362  0.202803 -0.769949 -0.605020  0.000000 0.000000 0
0  -0.000000 -0.503940 14.501564  0.202803 -0.769949 -0.605020  0.000000 0.000000 0
c_invasion_wrangler_laser
0  -0.000000 3.056019 15.051561  0.202805 0.946025 0.252799  0.000000 0.000000 0
0  -0.000000 2.944230 15.469896  0.202805 0.946025 0.252799  0.000000 0.000000 0
0  0.618719 2.763134 15.651237  0.202805 0.946025 0.252799  0.000000 0.000000 0
c_invasion_wrangler_laser
0  -0.000000 2.944230 15.469896  -0.382683 -0.652839 0.653724  0.000000 0.000000 0
0  -0.000000 2.637837 15.163918  -0.382683 -0.652839 0.653724  0.000000 0.000000 0
0  0.618719 2.456741 15.345259  -0.382683 -0.652839 0.653724  0.000000 0.000000 0
c_invasion_wrangler_laser
0  -0.000000 2.637837 15.163918  0.202803 -0.254083 -0.945681  0.000000 0.000000 0
0  -0.000000 3.056019 15.051561  0.202803 -0.254083 -0.945681  0.000000 0.000000 0
0  0.883884 2.797311 15.310621  0.202803 -0.254083 -0.945681  0.000000 0.000000 0
c_invasion_wrangler_laser
0  0.883884 2.797311 15.310621  0.489609 0.743360 0.455741  0.000000 0.000000 0
0  0.618719 2.763134 15.651237  0.489609 0.743360 0.455741  0.000000 0.000000 0
0  0.875000 2.325931 16.089033  0.489609 0.743360 0.455741  0.000000 0.000000 0
c_invasion_wrangler_laser
0  0.618719 2.763134 15.651237  -0.923880 -0.270415 0.270781  0.000000 0.000000 0
0  0.618719 2.456741 15.345259  -0.923880 -0.270415 0.270781  0.000000 0.000000 0
0  0.875000 2.019537 15.783054  -0.923880 -0.270415 0.270781  0.000000 0.000000 0
c_invasion_wrangler_laser
0  0.618719 2.456741 15.345259  0.489610 -0.456747 -0.742741  0.000000 0.000000 0
0  0.883884 2.797311 15.310621  0.489610 -0.456747 -0.742741  0.000000 0.000000 0
0  1.250000 2.172734 15.936045  0.489610 -0.456747 -0.742741  0.000000 0.000000 0
c_invasion_wrangler_laser
0  1.250000 2.172734 15.936045  0.489606 0.456748 0.742743  0.000000 0.000000 0
0  0.875000 2.325931 16.089033  0.489606 0.456748 0.742743  0.000000 0.000000 0
0  0.618719 1.888727 16.526829  0.489606 0.456748 0.742743  0.000000 0.000000 0
c_invasion_wrangler_laser
0  0.875000 2.325931 16.089033  -0.923879 0.270415 -0.270782  0.000000 0.000000 0
0  0.875000 2.019537 15.783054  -0.923879 0.270415 -0.270782  0.000000 0.000000 0
0  0.618719 1.582333 16.220850  -0.923879 0.270415 -0.270782  0.000000 0.000000 0
c_invasion_wrangler_laser
0  0.875000 2.019537 15.783054  0.489613 -0.743357 -0.455740  0.000000 0.000000 0
0  1.250000 2.172734 15.936045  0.489613 -0.743357 -0.455740  0.000000 0.000000 0
0  0.883884 1.548157 16.561466  0.489613 -0.743357 -0.455740  0.000000 0.000000 0
c_invasion_wrangler_laser
0  0.883884 1.548157 16.561466  0.202803 0.254081 0.945682  0.000000 0.000000 0
0  0.618719 1.888727 16.526829  0.202803 0.254081 0.945682  0.000000 0.000000 0
0  -0.000000 1.707631 16.708170  0.202803 0.254081 0.945682  0.000000 0.000000 0
c_invasion_wrangler_laser
0  0.618719 1.888727 16.526829  -0.382683 0.652839 -0.653724  0.000000 0.000000 0
0  0.618719 1.582333 16.220850  -0.382683 0.652839 -0.653724  0.000000 0.000000 0
0  -0.000000 1.401238 16.402191  -0.382683 0.652839 -0.653724  0.000000 0.000000 0
c_invasion_wrangler_laser
0  0.618719 1.582333 16.220850  0.202805 -0.946024 -0.252800  0.000000 0.000000 0
0  0.883884 1.548157 16.561466  0.202805 -0.946024 -0.252800  0.000000 0.000000 0
0  -0.000000 1.289449 16.820526  0.202805 -0.946024 -0.252800  0.000000 0.000000 0
c_invasion_wrangler_laser
0  -0.000000 5.226320 17.256866  0.202803 0.946025 0.252799  0.000000 0.000000 0
0  -0.000000 5.114531 17.675201  0.202803 0.946025 0.252799  0.000000 0.000000 0
0  0.618719 4.933435 17.856543  0.202803 0.946025 0.252799  0.000000 0.000000 0
c_invasion_wrangler_laser
0  -0.000000 5.114531 17.675201  -0.382681 -0.652839 0.653725  0.000000 0.000000 0
0  -0.000000 4.808137 17.369223  -0.382681 -0.652839 0.653725  0.000000 0.000000 0
0  0.618719 4.627042 17.550564  -0.382681 -0.652839 0.653725  0.000000 0.000000 0
c_invasion_wrangler_laser
0  -0.000000 4.808137 17.369223  0.202803 -0.254083 -0.945681  0.000000 0.000000 0
0  -0.000000 5.226320 17.256866  0.202803 -0.254083 -0.945681  0.000000 0.000000 0
0  0.883884 4.967611 17.515926  0.202803 -0.254083 -0.945681  0.000000 0.000000 0
c_invasion_wrangler_laser
0  0.883884 4.967611 17.515926  0.489606 0.743361 0.455742  0.000000 0.000000 0
0  0.618719 4.933435 17.856543  0.489606 0.743361 0.455742  0.000000 0.000000 0
0  0.875000 4.496232 18.294338  0.489606 0.743361 0.455742  0.000000 0.000000 0
c_invasion_wrangler_laser
0  0.618719 4.933435 17.856543  -0.923880 -0.270415 0.270781  0.000000 0.000000 0
0  0.618719 4.627042 17.550564  -0.923880 -0.270415 0.270781  0.000000 0.000000 0
0  0.875000 4.189838 17.988359  -0.923880 -0.270415 0.270781  0.000000 0.000000 0
c_invasion_wrangler_laser
0  0.618719 4.627042 17.550564  0.489606 -0.456748 -0.742743  0.000000 0.000000 0
0  0.883884 4.967611 17.515926  0.489606 -0.456748 -0.742743  0.000000 0.000000 0
0  1.250000 4.343035 18.141350  0.489606 -0.456748 -0.742743  0.000000 0.000000 0
c_invasion_wrangler_laser
0  1.250000 4.343035 18.141350  0.489611 0.456747 0.742740  0.000000 0.000000 0
0  0.875000 4.496232 18.294338  0.489611 0.456747 0.742740  0.000000 0.000000 0
0  0.618719 4.059028 18.732134  0.489611 0.456747 0.742740  0.000000 0.000000 0
c_invasion_wrangler_laser
0  0.875000 4.496232 18.294338  -0.923879 0.270415 -0.270783  0.000000 0.000000 0
0  0.875000 4.189838 17.988359  -0.923879 0.270415 -0.270783  0.000000 0.000000 0
0  0.618719 3.752635 18.426155  -0.923879 0.270415 -0.270783  0.000000 0.000000 0
c_invasion_wrangler_laser
0  0.875000 4.189838 17.988359  0.489610 -0.743359 -0.455741  0.000000 0.000000 0
0  1.250000 4.343035 18.141350  0.489610 -0.743359 -0.455741  0.000000 0.000000 0
0  0.883884 3.718458 18.766771  0.489610 -0.743359 -0.455741  0.000000 0.000000 0
c_invasion_wrangler_laser
0  0.883884 3.718458 18.766771  0.202800 0.254081 0.945682  0.000000 0.000000 0
0  0.618719 4.059028 18.732134  0.202800 0.254081 0.945682  0.000000 0.000000 0
0  -0.000000 3.877932 18.913475  0.202800 0.254081 0.945682  0.000000 0.000000 0
c_invasion_wrangler_laser
0  0.618719 4.059028 18.732134  -0.382683 0.652839 -0.653724  0.000000 0.000000 0
0  0.618719 3.752635 18.426155  -0.382683 0.652839 -0.653724  0.000000 0.000000 0
0  -0.000000 3.571539 18.607496  -0.382683 0.652839 -0.653724  0.000000 0.000000 0
c_invasion_wrangler_laser
0  0.618719 3.752635 18.426155  0.202800 -0.946025 -0.252800  0.000000 0.000000 0
0  0.883884 3.718458 18.766771  0.202800 -0.946025 -0.252800  0.000000 0.000000 0
0  -0.000000 3.459750 19.025831  0.202800 -0.946025 -0.252800  0.000000 0.000000 0
c_invasion_wrangler_laser
0  -0.000000 6.896749 18.203773  0.202803 0.965822 -0.161428  0.000000 0.000000 0
0  -0.000000 6.968133 18.630863  0.202803 0.965822 -0.161428  0.000000 0.000000 0
0  0.618719 6.878334 18.870895  0.202803 0.965822 -0.161428  0.000000 0.000000 0
c_invasion_wrangler_laser
0  -0.000000 6.968133 18.630863  -0.382685 -0.323718 0.865308  0.000000 0.000000 0
0  -0.000000 6.562572 18.479139  -0.382685 -0.323718 0.865308  0.000000 0.000000 0
0  0.618719 6.472773 18.719173  -0.382685 -0.323718 0.865308  0.000000 0.000000 0
c_invasion_wrangler_laser
0  -0.000000 6.562572 18.479139  0.202800 -0.622714 -0.755711  0.000000 0.000000 0
0  -0.000000 6.896749 18.203773  0.202800 -0.622714 -0.755711  0.000000 0.000000 0
0  0.883884 6.768465 18.546680  0.202800 -0.622714 -0.755711  0.000000 0.000000 0
c_invasion_wrangler_laser
0  0.883884 6.768465 18.546680  0.489612 0.865326 0.107197  0.000000 0.000000 0
0  0.618719 6.878334 18.870895  0.489612 0.865326 0.107197  0.000000 0.000000 0
0  0.875000 6.661540 19.450390  0.489612 0.865326 0.107197  0.000000 0.000000 0
c_invasion_wrangler_laser
0  0.618719 6.878334 18.870895  -0.923880 -0.134087 0.358421  0.000000 0.000000 0
0  0.618719 6.472773 18.719173  -0.923880 -0.134087 0.358421  0.000000 0.000000 0
0  0.875000 6.255979 19.298666  -0.923880 -0.134087 0.358421  0.000000 0.000000 0
c_invasion_wrangler_laser
0  0.618719 6.472773 18.719173  0.489609 -0.723206 -0.487090  0.000000 0.000000 0
0  0.883884 6.768465 18.546680  0.489609 -0.723206 -0.487090  0.000000 0.000000 0
0  1.250000 6.458760 19.374529  0.489609 -0.723206 -0.487090  0.000000 0.000000 0
c_invasion_wrangler_laser
0  1.250000 6.458760 19.374529  0.489604 0.723210 0.487090  0.000000 0.000000 0
0  0.875000 6.661540 19.450390  0.489604 0.723210 0.487090  0.000000 0.000000 0
0  0.618719 6.444746 20.029882  0.489604 0.723210 0.487090  0.000000 0.000000 0
c_invasion_wrangler_laser
0  0.875000 6.661540 19.450390  -0.923881 0.134088 -0.358420  0.000000 0.000000 0
0  0.875000 6.255979 19.298666  -0.923881 0.134088 -0.358420  0.000000 0.000000 0
0  0.618719 6.039185 19.878160  -0.923881 0.134088 -0.358420  0.000000 0.000000 0
c_invasion_wrangler_laser
0  0.875000 6.255979 19.298666  0.489610 -0.865327 -0.107198  0.000000 0.000000 0
0  1.250000 6.458760 19.374529  0.489610 -0.865327 -0.107198  0.000000 0.000000 0
0  0.883884 6.149054 20.202375  0.489610 -0.865327 -0.107198  0.000000 0.000000 0
c_invasion_wrangler_laser
0  0.883884 6.149054 20.202375  0.202801 0.622713 0.755712  0.000000 0.000000 0
0  0.618719 6.444746 20.029882  0.202801 0.622713 0.755712  0.000000 0.000000 0
0  -0.000000 6.354947 20.269917  0.202801 0.622713 0.755712  0.000000 0.000000 0
c_invasion_wrangler_laser
0  0.618719 6.444746 20.029882  -0.382689 0.323715 -0.865308  0.000000 0.000000 0
0  0.618719 6.039185 19.878160  -0.382689 0.323715 -0.865308  0.000000 0.000000 0
0  -0.000000 5.949386 20.118195  -0.382689 0.323715 -0.865308  0.000000 0.000000 0
c_invasion_wrangler_laser
0  0.618719 6.039185 19.878160  0.202803 -0.965822 0.161429  0.000000 0.000000 0
0  0.883884 6.149054 20.202375  0.202803 -0.965822 0.161429  0.000000 0.000000 0
0  -0.000000 6.020770 20.545282  0.202803 -0.965822 0.161429  0.000000 0.000000 0
c_invasion_wrangler_laser
0  -0.000000 9.272464 19.097878  0.202803 0.965822 -0.161428  0.000000 0.000000 0
0  -0.000000 9.343848 19.524967  0.202803 0.965822 -0.161428  0.000000 0.000000 0
0  0.618719 9.254049 19.764999  0.202803 0.965822 -0.161428  0.000000 0.000000 0
c_invasion_wrangler_laser
0  -0.000000 9.343848 19.524967  -0.382688 -0.323719 0.865307  0.000000 0.000000 0
0  -0.000000 8.938287 19.373243  -0.382688 -0.323719 0.865307  0.000000 0.000000 0
0  0.618719 8.848489 19.613277  -0.382688 -0.323719 0.865307  0.000000 0.000000 0
c_invasion_wrangler_laser
0  -0.000000 8.938287 19.373243  0.202799 -0.622712 -0.755713  0.000000 0.000000 0
0  -0.000000 9.272464 19.097878  0.202799 -0.622712 -0.755713  0.000000 0.000000 0
0  0.883884 9.144180 19.440784  0.202799 -0.622712 -0.755713  0.000000 0.000000 0
c_invasion_wrangler_laser
0  0.883884 9.144180 19.440784  0.489612 0.865326 0.107195  0.000000 0.000000 0
0  0.618719 9.254049 19.764999  0.489612 0.865326 0.107195  0.000000 0.000000 0
0  0.875000 9.037255 20.344494  0.489612 0.865326 0.107195  0.000000 0.000000 0
c_invasion_wrangler_laser
0  0.618719 9.254049 19.764999  -0.923881 -0.134087 0.358420  0.000000 0.000000 0
0  0.618719 8.848489 19.613277  -0.923881 -0.134087 0.358420  0.000000 0.000000 0
0  0.875000 8.631694 20.192770  -0.923881 -0.134087 0.358420  0.000000 0.000000 0
c_invasion_wrangler_laser
0  0.618719 8.848489 19.613277  0.489610 -0.723207 -0.487087  0.000000 0.000000 0
0  0.883884 9.144180 19.440784  0.489610 -0.723207 -0.487087  0.000000 0.000000 0
0  1.250000 8.834475 20.268633  0.489610 -0.723207 -0.487087  0.000000 0.000000 0
c_invasion_wrangler_laser
0  1.250000 8.834475 20.268633  0.489605 0.723206 0.487093  0.000000 0.000000 0
0  0.875000 9.037255 20.344494  0.489605 0.723206 0.487093  0.000000 0.000000 0
0  0.618719 8.820460 20.923986  0.489605 0.723206 0.487093  0.000000 0.000000 0
c_invasion_wrangler_laser
0  0.875000 9.037255 20.344494  -0.923881 0.134088 -0.358420  0.000000 0.000000 0
0  0.875000 8.631694 20.192770  -0.923881 0.134088 -0.358420  0.000000 0.000000 0
0  0.618719 8.414900 20.772264  -0.923881 0.134088 -0.358420  0.000000 0.000000 0
c_invasion_wrangler_laser
0  0.875000 8.631694 20.192770  0.489610 -0.865327 -0.107197  0.000000 0.000000 0
0  1.250000 8.834475 20.268633  0.489610 -0.865327 -0.107197  0.000000 0.000000 0
0  0.883884 8.524769 21.096479  0.489610 -0.865327 -0.107197  0.000000 0.000000 0
c_invasion_wrangler_laser
0  0.883884 8.524769 21.096479  0.202799 0.622715 0.755710  0.000000 0.000000 0
0  0.618719 8.820460 20.923986  0.202799 0.622715 0.755710  0.000000 0.000000 0
0  -0.000000 8.730662 21.164021  0.202799 0.622715 0.755710  0.000000 0.000000 0
c_invasion_wrangler_laser
0  0.618719 8.820460 20.923986  -0.382684 0.323716 -0.865310  0.000000 0.000000 0
0  0.618719 8.414900 20.772264  -0.382684 0.323716 -0.865310  0.000000 0.000000 0
0  -0.000000 8.325102 21.012299  -0.382684 0.323716 -0.865310  0.000000 0.000000 0
c_invasion_wrangler_laser
0  0.618719 8.414900 20.772264  0.202804 -0.965822 0.161424  0.000000 0.000000 0
0  0.883884 8.524769 21.096479  0.202804 -0.965822 0.161424  0.000000 0.000000 0
0  -0.000000 8.396485 21.439386  0.202804 -0.965822 0.161424  0.000000 0.000000 0
painted_wood_01
0  -3.387505 0.927346 -2.875000  0.175609 0.983049 0.052693  0.297985 0.540026 0
0  -2.512505 0.728645 -2.875000  0.175608 0.983049 0.052694  0.297985 0.540026 0
0  -1.637505 0.728645 -5.000000  0.175607 0.983049 0.052696  0.297985 0.540026 0
painted_wood_01
0  -1.637505 0.728645 -5.000000  -0.049428 0.996515 0.067196  0.297985 0.540026 0
0  -0.714084 1.045014 -6.790635  -0.049428 0.996515 0.067193  0.297985 0.540026 0
0  -2.012505 0.878645 -7.500000  -0.049427 0.996514 0.067202  0.297985 0.540026 0
gold_player
0  -3.259901 -1.708855 -1.414583  0.649420 -0.755561 -0.085914  0.297770 0.539834 0
0  -3.075005 -1.425521 -2.591667  0.649419 -0.755561 -0.085914  0.297770 0.539834 0
0  -2.455214 -0.833855 -3.027083  0.649420 -0.755561 -0.085914  0.297770 0.539834 0
painted_wood_01
0  -3.075005 -1.425521 -2.591667  0.173303 -0.980870 -0.088653  0.297985 0.540026 0
0  -3.392714 -1.032555 -3.027083  0.173299 -0.980871 -0.088653  0.297985 0.540026 0
0  -2.455214 -0.833855 -3.027083  0.173312 -0.980869 -0.088653  0.297985 0.540026 0
painted_wood_01
0  -3.392714 -1.032555 -3.027083  0.173292 -0.980872 -0.088655  0.297985 0.540026 0
0  -2.480859 -0.880315 -5.013293  0.173312 -0.980868 -0.088661  0.297985 0.540026 0
0  -2.455214 -0.833855 -3.027083  0.173298 -0.980871 -0.088656  0.297985 0.540026 0
painted_wood_01
0  -1.637505 -0.771355 -5.000000  0.036439 -0.997854 0.054400  0.297985 0.540026 0
0  -2.480859 -0.880315 -5.013293  0.036440 -0.997854 0.054410  0.297985 0.540026 0
0  -2.012505 -0.921355 -7.500000  0.036439 -0.997854 0.054401  0.297985 0.540026 0
painted_wood_01
0  -2.845839 0.645312 -0.000000  0.994934 0.042094 0.091294  0.297985 0.540026 0
0  -2.668755 -0.904688 0.000000  0.994934 0.042089 0.091290  0.297985 0.540026 0
0  -2.637505 -1.175521 -1.483333  0.994933 0.042101 0.091299  0.297985 0.540026 0
painted_wood_01
0  -2.637505 -1.175521 -1.483333  0.994931 0.042055 0.091346  0.297985 0.540026 0
0  -2.455214 -0.833855 -3.027083  0.994931 0.042058 0.091348  0.297985 0.540026 0
0  -2.512505 0.728645 -2.875000  0.994931 0.042058 0.091348  0.297985 0.540026 0
painted_wood_01
0  -2.012505 -0.021355 -7.500000  -0.980958 -0.023331 -0.192813  0.297985 0.540026 0
0  -2.012505 -0.921355 -7.500000  -0.980958 -0.023330 -0.192815  0.297985 0.540026 0
0  -2.480859 -0.880315 -5.013293  -0.980958 -0.023331 -0.192814  0.297985 0.540026 0
painted_wood_01
0  -2.512505 0.728645 -2.875000  0.924264 -0.001659 0.381750  0.297985 0.540026 0
0  -2.455214 -0.833855 -3.027083  0.924264 -0.001658 0.381750  0.297985 0.540026 0
0  -1.637505 -0.771355 -5.000000  0.924264 -0.001658 0.381750  0.297985 0.540026 0
painted_wood_01
0  -0.714084 1.045014 -6.790635  0.910196 -0.018380 0.413770  0.297985 0.540026 0
0  -1.637505 0.728645 -5.000000  0.910199 -0.018382 0.413762  0.297985 0.540026 0
0  -0.700005 -0.021355 -7.187500  0.910198 -0.018381 0.413766  0.297985 0.540026 0
painted_wood_01
0  -1.637505 0.728645 -5.000000  0.910196 -0.018347 0.413771  0.297985 0.540026 0
0  -1.637505 -0.771355 -5.000000  0.910195 -0.018345 0.413773  0.297985 0.540026 0
0  -0.700005 -0.021355 -7.187500  0.910196 -0.018346 0.413772  0.297985 0.540026 0
painted_wood_01
0  -0.700005 -0.021355 -7.187500  0.310877 -0.126286 -0.942023  0.297985 0.540026 0
0  -0.711255 -0.921355 -6.950000  0.310883 -0.126283 -0.942021  0.297985 0.540026 0
0  -2.012505 -0.921355 -7.500000  0.310891 -0.126277 -0.942019  0.297985 0.540026 0
painted_wood_01
0  -0.714084 1.045014 -6.790635  0.347533 0.187952 -0.918637  0.297985 0.540026 0
0  -0.700005 -0.021355 -7.187500  0.347525 0.187946 -0.918642  0.297985 0.540026 0
0  -2.012505 -0.021355 -7.500000  0.347526 0.187947 -0.918641  0.297985 0.540026 0
painted_wood_01
0  -2.012505 0.878645 -7.500000  -0.980955 0.023364 -0.192823  0.297985 0.540026 0
0  -2.012505 -0.021355 -7.500000  -0.980956 0.023363 -0.192822  0.297985 0.540026 0
0  -2.472947 -0.021355 -5.266616  -0.980956 0.023363 -0.192822  0.297985 0.540026 0
painted_wood_01
0  -2.012505 0.878645 -7.500000  -0.991571 0.114006 -0.061558  0.297985 0.540026 0
0  -1.793755 0.854166 -9.402347  -0.991571 0.114000 -0.061568  0.297985 0.540026 0
0  -2.012505 -0.021355 -9.166667  -0.991571 0.114006 -0.061557  0.297985 0.540026 0
painted_wood_01
0  -2.012505 -0.921355 -7.500000  0.991571 0.114002 0.061565  0.297985 0.540026 0
0  -1.793755 -0.896876 -9.402347  0.991571 0.114003 0.061563  0.297985 0.540026 0
0  -2.012505 -0.021355 -9.166667  0.991571 0.114004 0.061562  0.297985 0.540026 0
painted_wood_01
0  -2.012505 -0.021355 -7.500000  -0.805696 0.247816 0.537997  0.297985 0.540026 0
0  -2.012505 0.878645 -7.500000  -0.805696 0.247816 0.537998  0.297985 0.540026 0
0  -2.784818 0.618857 -8.951455  -0.805691 0.247812 0.538007  0.297985 0.540026 0
painted_wood_01
0  -2.012505 -0.021355 -7.500000  -0.807307 -0.254622 0.532375  0.297985 0.540026 0
0  -2.845839 -0.021355 -8.333334  -0.807308 -0.254623 0.532373  0.297985 0.540026 0
0  -2.784772 -0.624283 -8.959509  -0.807313 -0.254627 0.532363  0.297985 0.540026 0
painted_wood_01
0  -2.784818 0.618857 -8.951455  -0.989939 0.001927 -0.141484  0.297985 0.540026 0
0  -2.282311 0.873520 -12.213814  -0.989939 0.001927 -0.141484  0.297985 0.540026 0
0  -2.282129 -0.767094 -12.246031  -0.989939 0.001927 -0.141484  0.297985 0.540026 0
painted_wood_01
0  -2.282311 0.873520 -12.213814  -0.989938 0.001928 -0.141487  0.297985 0.540026 0
0  -2.183056 0.028357 -13.200748  -0.989938 0.001924 -0.141487  0.297985 0.540026 0
0  -2.282129 -0.767094 -12.246031  -0.989938 0.001929 -0.141487  0.297985 0.540026 0
painted_wood_01
0  -2.282129 -0.767094 -12.246031  -0.989943 0.001928 -0.141455  0.297985 0.540026 0
0  -2.784772 -0.624283 -8.959509  -0.989943 0.001927 -0.141455  0.297985 0.540026 0
0  -2.784818 0.618857 -8.951455  -0.989943 0.001928 -0.141455  0.297985 0.540026 0
painted_wood_01
0  0.000000 -0.688022 -7.833333  0.085744 0.000362 -0.996317  0.297985 0.540026 0
0  -0.635942 -0.896355 -8.062500  0.085751 0.000355 -0.996316  0.297985 0.540026 0
0  -0.512505 -0.021355 -7.833333  0.085762 0.000345 -0.996316  0.297985 0.540026 0
painted_wood_01
0  -0.512505 -0.021355 -7.833333  0.085726 0.000316 -0.996319  0.297985 0.540026 0
0  -0.647666 0.958734 -7.999691  0.085733 0.000316 -0.996318  0.297985 0.540026 0
0  0.000000 0.778794 -7.916151  0.085727 0.000316 -0.996319  0.297985 0.540026 0
painted_wood_01
0  -0.647666 0.958734 -7.999691  0.085768 0.000372 -0.996315  0.297985 0.540026 0
0  -0.265241 1.112127 -7.916151  0.085760 0.000377 -0.996316  0.297985 0.540026 0
0  0.000000 0.778794 -7.916151  0.085743 0.000387 -0.996317  0.297985 0.540026 0
painted_wood_01
0  -0.711255 -0.921355 -6.950000  0.986445 -0.074184 0.146363  0.297985 0.540026 0
0  -0.635942 -0.896355 -8.062500  0.986445 -0.074187 0.146367  0.297985 0.540026 0
0  -0.512505 -0.021355 -7.833333  0.986445 -0.074184 0.146364  0.297985 0.540026 0
painted_wood_01
0  -0.700005 -0.021355 -7.187500  0.989482 0.057227 0.132851  0.297985 0.540026 0
0  -0.512505 -0.021355 -7.833333  0.989483 0.057244 0.132837  0.297985 0.540026 0
0  -0.647666 0.958734 -7.999691  0.989483 0.057239 0.132841  0.297985 0.540026 0
painted_wood_01
0  -2.012505 -0.021355 -9.166667  0.715924 0.014427 -0.698029  0.297985 0.540026 0
0  -1.793755 0.854166 -9.402347  0.715910 0.014421 -0.698043  0.297985 0.540026 0
0  -0.647666 0.958734 -7.999691  0.715894 0.014415 -0.698060  0.297985 0.540026 0
painted_wood_01
0  -0.647666 0.958734 -7.999691  0.715876 0.014428 -0.698079  0.297985 0.540026 0
0  -0.512505 -0.021355 -7.833333  0.715876 0.014427 -0.698078  0.297985 0.540026 0
0  -2.012505 -0.021355 -9.166667  0.715877 0.014425 -0.698077  0.297985 0.540026 0
painted_wood_01
0  -0.512505 -0.021355 -7.833333  0.715891 0.014451 -0.698063  0.297985 0.540026 0
0  -0.635942 -0.896355 -8.062500  0.715895 0.014457 -0.698058  0.297985 0.540026 0
0  -2.012505 -0.021355 -9.166667  0.715889 0.014449 -0.698065  0.297985 0.540026 0
painted_wood_01
0  -2.012505 0.878645 -7.500000  -0.073944 0.996366 -0.042274  0.297985 0.540026 0
0  -0.714084 1.045014 -6.790635  -0.073943 0.996366 -0.042274  0.297985 0.540026 0
0  -0.647666 0.958734 -7.999691  -0.073945 0.996366 -0.042273  0.297985 0.540026 0
painted_wood_01
0  -2.012505 -0.921355 -7.500000  0.011923 -0.999812 -0.015258  0.297985 0.540026 0
0  -1.793755 -0.896876 -9.402347  0.011923 -0.999812 -0.015258  0.297985 0.540026 0
0  -0.635942 -0.896355 -8.062500  0.011923 -0.999812 -0.015258  0.297985 0.540026 0
painted_wood_01
0  -2.282129 -0.767094 -12.246031  0.272555 -0.721384 -0.636647  0.297985 0.540026 0
0  -2.183056 0.028357 -13.200748  0.272549 -0.721394 -0.636639  0.297985 0.540026 0
0  -1.818061 -0.021355 -12.892387  0.272546 -0.721397 -0.636636  0.297985 0.540026 0
painted_wood_01
0  -2.183056 0.028357 -13.200748  0.416215 0.676566 -0.607473  0.297985 0.540026 0
0  -2.282311 0.873520 -12.213814  0.416222 0.676583 -0.607449  0.297985 0.540026 0
0  -1.861700 0.834345 -12.082859  0.416218 0.676574 -0.607462  0.297985 0.540026 0
painted_wood_01
0  -1.861700 0.834345 -12.082859  0.999790 0.000011 0.020480  0.297985 0.540026 0
0  -1.793755 0.854166 -9.402347  0.999790 0.000011 0.020478  0.297985 0.540026 0
0  -2.012505 -0.021355 -9.166667  0.999790 0.000009 0.020492  0.297985 0.540026 0
painted_wood_01
0  -2.012505 -0.021355 -9.166667  0.999790 0.000104 0.020479  0.297985 0.540026 0
0  -1.793755 -0.896876 -9.402347  0.999790 0.000106 0.020490  0.297985 0.540026 0
0  -1.861639 -0.827343 -12.093597  0.999790 0.000107 0.020497  0.297985 0.540026 0
painted_wood_01
0  -1.861639 -0.827343 -12.093597  0.999790 0.000041 0.020485  0.297985 0.540026 0
0  -1.818061 -0.021355 -12.892387  0.999790 0.000043 0.020485  0.297985 0.540026 0
0  -1.861700 0.834345 -12.082859  0.999790 0.000043 0.020485  0.297985 0.540026 0
painted_wood_01
0  -2.282129 -0.767094 -12.246031  -0.246687 -0.968945 -0.017046  0.297985 0.540026 0
0  -1.861639 -0.827343 -12.093597  -0.246686 -0.968945 -0.017042  0.297985 0.540026 0
0  -1.793755 -0.896876 -9.402347  -0.246687 -0.968945 -0.017047  0.297985 0.540026 0
painted_wood_01
0  -1.793755 -0.896876 -9.402347  -0.246728 -0.968935 -0.017040  0.297985 0.540026 0
0  -2.012505 -0.921355 -7.500000  -0.246730 -0.968934 -0.017038  0.297985 0.540026 0
0  -2.784772 -0.624283 -8.959509  -0.246729 -0.968935 -0.017040  0.297985 0.540026 0
painted_wood_01
0  -0.714084 1.045014 -6.790635  -0.154278 -0.179828 0.971525  0.297985 0.540026 0
0  -0.700005 -0.021355 -7.187500  -0.154253 -0.179838 0.971527  0.297985 0.540026 0
0  0.000000 0.944715 -6.664604  -0.154269 -0.179831 0.971525  0.297985 0.540026 0
painted_wood_01
0  -0.700005 -0.021355 -7.187500  -0.154266 -0.179817 0.971529  0.297985 0.540026 0
0  -0.711255 -0.921355 -6.950000  -0.154257 -0.179825 0.971529  0.297985 0.540026 0
0  0.000000 -0.688022 -7.166667  -0.154266 -0.179817 0.971529  0.297985 0.540026 0
painted_wood_01
0  -2.012505 0.878645 -7.500000  -0.167416 0.985855 0.007909  0.297985 0.540026 0
0  -1.793755 0.854166 -9.402347  -0.167412 0.985855 0.007902  0.297985 0.540026 0
0  -2.784818 0.618857 -8.951455  -0.167414 0.985855 0.007906  0.297985 0.540026 0
painted_wood_01
0  -1.793755 0.854166 -9.402347  -0.167378 0.985861 0.007899  0.297985 0.540026 0
0  -1.861700 0.834345 -12.082859  -0.167378 0.985861 0.007894  0.297985 0.540026 0
0  -2.282311 0.873520 -12.213814  -0.167378 0.985861 0.007895  0.297985 0.540026 0
painted_wood_01
0  -2.845839 0.645312 -0.000000  0.106401 0.991321 0.077205  0.297985 0.540026 0
0  -2.512505 0.728645 -2.875000  0.106400 0.991322 0.077198  0.297985 0.540026 0
0  -3.387505 0.927346 -2.875000  0.106399 0.991322 0.077195  0.297985 0.540026 0
painted_wood_01
0  -0.670826 3.978645 -1.987621  -0.994962 0.000000 -0.100255  0.297985 0.540026 0
0  -0.570064 3.903542 -2.987621  -0.994962 0.000000 -0.100255  0.297985 0.540026 0
0  -0.570064 3.053748 -2.987621  -0.994962 0.000000 -0.100255  0.297985 0.540026 0
painted_wood_01
0  -0.670826 2.978645 -1.987621  0.000000 -0.997192 -0.074892  0.297985 0.540026 0
0  -0.570064 3.053748 -2.987621  0.000000 -0.997192 -0.074892  0.297985 0.540026 0
0  0.000000 3.053748 -2.987621  0.000000 -0.997192 -0.074892  0.297985 0.540026 0
painted_wood_01
0  -0.570064 3.903542 -2.987621  -0.986884 0.065404 0.147588  0.297985 0.540026 0
0  -0.943955 4.182222 -5.987621  -0.986884 0.065404 0.147589  0.297985 0.540026 0
0  -0.943955 2.775068 -4.987620  -0.986884 0.065404 0.147589  0.297985 0.540026 0
painted_wood_01
0  -0.570064 3.053748 -2.987621  0.000000 -0.990431 0.138007  0.297985 0.540026 0
0  -0.943955 2.775068 -4.987620  0.000000 -0.990431 0.138007  0.297985 0.540026 0
0  0.000000 2.775068 -4.987620  0.000000 -0.990431 0.138007  0.297985 0.540026 0
painted_wood_01
0  -0.943955 2.775068 -4.987620  -0.096161 -0.698921 0.708705  0.297985 0.540026 0
0  -0.714084 1.045014 -6.790635  -0.096162 -0.698920 0.708706  0.297985 0.540026 0
0  0.000000 0.944715 -6.664604  -0.096166 -0.698911 0.708714  0.297985 0.540026 0
painted_wood_01
0  -0.620368 1.779539 -7.496905  -0.994045 -0.031001 -0.104470  0.297985 0.540026 0
0  -0.647666 0.958734 -7.999691  -0.994045 -0.031003 -0.104465  0.297985 0.540026 0
0  -0.714084 1.045014 -6.790635  -0.994046 -0.031005 -0.104461  0.297985 0.540026 0
painted_wood_01
0  -0.714084 1.045014 -6.790635  -0.994041 -0.031060 -0.104485  0.297985 0.540026 0
0  -0.943955 2.775068 -4.987620  -0.994041 -0.031060 -0.104486  0.297985 0.540026 0
0  -0.728230 2.580434 -6.993810  -0.994041 -0.031060 -0.104486  0.297985 0.540026 0
painted_wood_01
0  -0.943955 2.775068 -4.987620  -0.994040 -0.031081 -0.104487  0.297985 0.540026 0
0  -0.943955 4.182222 -5.987621  -0.994041 -0.031080 -0.104484  0.297985 0.540026 0
0  -0.836093 3.381328 -6.490716  -0.994041 -0.031080 -0.104483  0.297985 0.540026 0
painted_wood_01
0  -0.943955 2.775068 -4.987620  -0.994040 -0.031081 -0.104487  0.297985 0.540026 0
0  -0.836093 3.381328 -6.490716  -0.994041 -0.031080 -0.104482  0.297985 0.540026 0
0  -0.728230 2.580434 -6.993810  -0.994041 -0.031081 -0.104486  0.297985 0.540026 0
painted_wood_01
0  -0.728230 2.580434 -6.993810  0.000000 0.531926 -0.846791  0.297985 0.540026 0
0  -0.364115 2.580434 -6.993810  0.000000 0.531926 -0.846791  0.297985 0.540026 0
0  -0.310184 1.779539 -7.496905  0.000000 0.531926 -0.846791  0.297985 0.540026 0
painted_wood_01
0  -0.620368 1.779539 -7.496905  -0.014073 0.526492 -0.850063  0.297985 0.540026 0
0  -0.310184 1.779539 -7.496905  -0.014073 0.526492 -0.850063  0.297985 0.540026 0
0  -0.265241 1.112127 -7.916151  -0.014073 0.526493 -0.850063  0.297985 0.540026 0
painted_wood_01
0  -0.943955 4.182222 -5.987621  0.000000 0.531925 -0.846791  0.297985 0.540026 0
0  -0.471977 4.182222 -5.987621  0.000000 0.531925 -0.846791  0.297985 0.540026 0
0  -0.418047 3.381328 -6.490716  0.000000 0.531925 -0.846791  0.297985 0.540026 0
painted_wood_01
0  -0.728230 2.580434 -6.993810  -0.000001 0.531925 -0.846791  0.297985 0.540026 0
0  -0.836093 3.381328 -6.490716  -0.000001 0.531925 -0.846791  0.297985 0.540026 0
0  -0.391081 2.980881 -6.742263  -0.000001 0.531925 -0.846791  0.297985 0.540026 0
painted_wood_01
0  -0.836093 3.381328 -6.490716  0.000000 0.531926 -0.846791  0.297985 0.540026 0
0  -0.418047 3.381328 -6.490716  0.000000 0.531926 -0.846791  0.297985 0.540026 0
0  -0.391081 2.980881 -6.742263  0.000000 0.531926 -0.846791  0.297985 0.540026 0
gold_player
0  -3.918755 -1.085680 -1.487500  -0.629955 -0.733339 -0.255676  0.297770 0.539834 0
0  -3.392714 -1.032555 -3.027083  -0.629957 -0.733338 -0.255673  0.297770 0.539834 0
0  -3.075005 -1.425521 -2.591667  -0.629957 -0.733339 -0.255673  0.297770 0.539834 0
gold_player
0  -4.300971 -0.882555 0.000000  -0.709898 -0.694563 -0.116739  0.297770 0.539834 0
0  -3.918755 -1.085680 -1.487500  -0.709897 -0.694563 -0.116740  0.297770 0.539834 0
0  -3.259901 -1.708855 -1.414583  -0.709896 -0.694564 -0.116741  0.297770 0.539834 0
gold_player
0  -3.439589 -1.825521 0.000000  0.721301 -0.686875 0.089036  0.297770 0.539834 0
0  -3.259901 -1.708855 -1.414583  0.721299 -0.686877 0.089039  0.297770 0.539834 0
0  -2.637505 -1.175521 -1.483333  0.721301 -0.686875 0.089035  0.297770 0.539834 0
painted_wood_01
0  0.000000 -0.688022 -7.166667  0.311643 -0.950199 -0.000255  0.297985 0.540026 0
0  -0.711255 -0.921355 -6.950000  0.311643 -0.950199 -0.000255  0.297985 0.540026 0
0  -0.635942 -0.896355 -8.062500  0.311643 -0.950199 -0.000255  0.297985 0.540026 0
painted_wood_01
0  0.000000 3.903542 -2.987621  0.000000 0.997192 -0.074892  0.297985 0.540026 0
0  -0.570064 3.903542 -2.987621  0.000000 0.997192 -0.074892  0.297985 0.540026 0
0  -0.670826 3.978645 -1.987621  0.000000 0.997192 -0.074892  0.297985 0.540026 0
painted_wood_01
0  0.000000 3.903542 -2.987621  0.000000 0.995713 0.092495  0.297985 0.540026 0
0  0.000000 4.182222 -5.987621  0.000000 0.995713 0.092495  0.297985 0.540026 0
0  -0.471977 4.182222 -5.987621  0.000000 0.995713 0.092495  0.297985 0.540026 0
painted_wood_01
0  -0.471977 4.182222 -5.987621  0.000000 0.995713 0.092495  0.297985 0.540026 0
0  -0.943955 4.182222 -5.987621  0.000000 0.995713 0.092495  0.297985 0.540026 0
0  -0.570064 3.903542 -2.987621  0.000000 0.995713 0.092495  0.297985 0.540026 0
painted_wood_01
0  -0.670826 2.978646 -0.000000  0.000000 -1.000000 0.000000  0.297985 0.540026 0
0  -0.670826 2.978645 -1.987621  0.000000 -1.000000 0.000000  0.297985 0.540026 0
0  0.000000 2.978645 -1.987621  0.000000 -1.000000 0.000000  0.297985 0.540026 0
painted_wood_01
0  0.000000 3.978645 -1.987621  0.000000 1.000000 0.000000  0.297985 0.540026 0
0  -0.670826 3.978645 -1.987621  0.000000 1.000000 0.000000  0.297985 0.540026 0
0  -0.670826 3.978646 -0.000000  0.000000 1.000000 0.000000  0.297985 0.540026 0
painted_wood_01
0  -0.670826 2.978646 -0.000000  -1.000000 0.000000 0.000000  0.297985 0.540026 0
0  -0.670826 3.978646 -0.000000  -1.000000 0.000000 0.000000  0.297985 0.540026 0
0  -0.670826 3.978645 -1.987621  -1.000000 0.000000 0.000000  0.297985 0.540026 0
painted_wood_01
0  0.000000 0.778794 -7.916151  0.254792 0.439750 -0.861220  0.297985 0.540026 0
0  -0.265241 1.112127 -7.916151  0.254798 0.439735 -0.861226  0.297985 0.540026 0
0  -0.310184 1.779539 -7.496905  0.254788 0.439768 -0.861213  0.297985 0.540026 0
painted_wood_01
0  -4.394749 0.501679 -0.708227  -0.516886 0.852960 -0.072712  0.297985 0.540026 0
0  -4.121283 0.677346 -0.000000  -0.516885 0.852961 -0.072714  0.297985 0.540026 0
0  -3.387505 0.927346 -2.875000  -0.516884 0.852961 -0.072717  0.297985 0.540026 0
painted_wood_01
0  -3.645416 0.716896 -2.918450  -0.593596 0.751978 -0.286658  0.297985 0.540026 0
0  -3.387505 0.927346 -2.875000  -0.593596 0.751978 -0.286658  0.297985 0.540026 0
0  -2.480859 0.837606 -5.013293  -0.593597 0.751978 -0.286657  0.297985 0.540026 0
painted_wood_01
0  -4.198238 -0.565172 -1.635876  -0.810283 -0.563705 -0.160245  0.297985 0.540026 0
0  -3.918755 -1.085680 -1.487500  -0.810283 -0.563703 -0.160252  0.297985 0.540026 0
0  -4.300971 -0.882555 0.000000  -0.810283 -0.563703 -0.160250  0.297985 0.540026 0
painted_wood_01
0  -3.009807 -0.428818 -4.569202  -0.766902 -0.509694 -0.389966  0.297985 0.540026 0
0  -2.480859 -0.880315 -5.013293  -0.766902 -0.509694 -0.389965  0.297985 0.540026 0
0  -3.392714 -1.032555 -3.027083  -0.766902 -0.509694 -0.389966  0.297985 0.540026 0
painted_wood_01
0  -2.863658 0.119033 -4.750208  -0.752506 -0.117661 -0.647989  0.297985 0.540026 0
0  -2.472947 -0.021355 -5.266616  -0.752504 -0.117667 -0.647991  0.297985 0.540026 0
0  -2.480859 -0.880315 -5.013293  -0.752505 -0.117664 -0.647990  0.297985 0.540026 0
painted_wood_01
0  -4.545433 -0.446622 -0.566948  -0.906700 0.141798 0.397226  0.297985 0.540026 0
0  -4.300971 -0.882555 0.000000  -0.906700 0.141797 0.397226  0.297985 0.540026 0
0  -4.121283 0.677346 -0.000000  -0.906700 0.141799 0.397227  0.297985 0.540026 0
painted_wood_01
0  -2.921625 0.666884 -4.522981  -0.761538 0.177156 -0.623438  0.297985 0.540026 0
0  -2.480859 0.837606 -5.013293  -0.761538 0.177156 -0.623438  0.297985 0.540026 0
0  -2.472947 -0.021355 -5.266616  -0.761538 0.177156 -0.623438  0.297985 0.540026 0
painted_wood_01
0  -3.687321 -0.526207 -3.103505  -0.805584 -0.514650 -0.293546  0.297985 0.540026 0
0  -3.392714 -1.032555 -3.027083  -0.805584 -0.514650 -0.293546  0.297985 0.540026 0
0  -3.918755 -1.085680 -1.487500  -0.805584 -0.514650 -0.293546  0.297985 0.540026 0
painted_wood_01
0  0.000000 4.182222 -5.987621  0.000000 1.000000 0.000000  0.297985 0.540026 0
0  0.000000 4.182222 -6.415844  0.000000 1.000000 0.000000  0.297985 0.540026 0
0  -0.471977 4.182222 -6.415844  0.000000 1.000000 0.000000  0.297985 0.540026 0
painted_wood_01
0  -0.471977 4.182222 -5.987621  -0.997741 -0.067185 0.000000  0.297985 0.540026 0
0  -0.471977 4.182222 -6.415844  -0.997741 -0.067185 0.000000  0.297985 0.540026 0
0  -0.418047 3.381328 -6.918939  -0.997741 -0.067185 0.000000  0.297985 0.540026 0
painted_wood_01
0  -0.418047 3.381328 -6.490716  -0.997740 -0.067188 0.000000  0.297985 0.540026 0
0  -0.418047 3.381328 -6.918939  -0.997740 -0.067188 0.000000  0.297985 0.540026 0
0  -0.391081 2.980881 -7.170486  -0.997740 -0.067188 0.000000  0.297985 0.540026 0
painted_wood_01
0  -0.310184 1.779539 -7.496905  0.000000 -1.000000 0.000000  0.297985 0.540026 0
0  -0.310184 1.779539 -7.925128  0.000000 -1.000000 0.000000  0.297985 0.540026 0
0  0.000000 1.779539 -7.925128  0.000000 -1.000000 0.000000  0.297985 0.540026 0
painted_wood_01
0  -0.364115 2.580434 -6.993810  -0.997741 -0.067185 0.000000  0.297985 0.540026 0
0  -0.364115 2.580434 -7.422033  -0.997741 -0.067185 0.000000  0.297985 0.540026 0
0  -0.310184 1.779539 -7.925128  -0.997741 -0.067185 0.000000  0.297985 0.540026 0
painted_wood_01
0  -0.391081 2.980881 -6.742263  -0.997740 -0.067188 0.000000  0.297985 0.540026 0
0  -0.391081 2.980881 -7.170486  -0.997740 -0.067188 0.000000  0.297985 0.540026 0
0  -0.364115 2.580434 -7.422033  -0.997740 -0.067188 0.000000  0.297985 0.540026 0
painted_wood_01
0  -0.418047 3.381328 -6.918939  -0.746046 -0.389507 0.540092  0.297985 0.540026 0
0  -0.825553 3.381328 -7.481839  -0.746046 -0.389507 0.540092  0.297985 0.540026 0
0  -0.798587 2.980881 -7.733386  -0.746046 -0.389507 0.540092  0.297985 0.540026 0
painted_wood_01
0  0.000000 4.182222 -6.415844  0.000000 1.000000 0.000000  0.297985 0.540026 0
0  0.000000 4.182222 -6.978744  0.000000 1.000000 0.000000  0.297985 0.540026 0
0  -0.879483 4.182222 -6.978744  0.000000 1.000000 0.000000  0.297985 0.540026 0
painted_wood_01
0  -0.471977 4.182222 -6.415844  -0.746046 -0.389505 0.540093  0.297985 0.540026 0
0  -0.879483 4.182222 -6.978744  -0.746046 -0.389505 0.540093  0.297985 0.540026 0
0  -0.825553 3.381328 -7.481839  -0.746046 -0.389505 0.540093  0.297985 0.540026 0
painted_wood_01
0  -0.364115 2.580434 -7.422033  -0.746046 -0.389505 0.540094  0.297985 0.540026 0
0  -0.771621 2.580434 -7.984934  -0.746046 -0.389505 0.540094  0.297985 0.540026 0
0  -0.717691 1.779539 -8.488029  -0.746046 -0.389505 0.540094  0.297985 0.540026 0
painted_wood_01
0  -0.391081 2.980881 -7.170486  -0.746045 -0.389508 0.540093  0.297985 0.540026 0
0  -0.798587 2.980881 -7.733386  -0.746045 -0.389508 0.540093  0.297985 0.540026 0
0  -0.771621 2.580434 -7.984934  -0.746045 -0.389508 0.540093  0.297985 0.540026 0
painted_wood_01
0  -0.717691 1.779539 -8.488029  -0.775698 -0.288003 0.561558  0.297985 0.540026 0
0  -0.717691 -2.786393 -10.829734  -0.775698 -0.288003 0.561558  0.297985 0.540026 0
0  -0.310184 -2.786393 -10.266833  -0.775698 -0.288003 0.561558  0.297985 0.540026 0
painted_wood_01
0  -0.717691 -2.786394 -12.004841  -1.000000 0.000000 0.000000  0.297985 0.540026 0
0  -0.717691 -3.547149 -12.004841  -1.000000 0.000000 0.000000  0.297985 0.540026 0
0  -0.717691 -3.547149 -11.251204  -1.000000 0.000000 0.000000  0.297985 0.540026 0
painted_wood_01
0  -0.825553 3.381328 -7.481839  -0.997740 -0.067188 0.000000  0.297985 0.540026 0
0  -0.825553 3.381328 -8.235475  -0.997740 -0.067188 0.000000  0.297985 0.540026 0
0  -0.798587 2.980881 -8.487022  -0.997740 -0.067188 0.000000  0.297985 0.540026 0
painted_wood_01
0  -0.310184 1.779539 -7.925128  0.000000 -0.456348 0.889802  0.297985 0.540026 0
0  -0.310184 -2.786393 -10.266833  0.000000 -0.456348 0.889802  0.297985 0.540026 0
0  0.000000 -2.786393 -10.266833  0.000000 -0.456348 0.889802  0.297985 0.540026 0
painted_wood_01
0  0.000000 -2.786394 -12.004841  0.000000 0.000000 -1.000000  0.297985 0.540026 0
0  0.000000 -3.547149 -12.004841  0.000000 0.000000 -1.000000  0.297985 0.540026 0
0  -0.717691 -3.547149 -12.004841  0.000000 0.000000 -1.000000  0.297985 0.540026 0
painted_wood_01
0  0.000000 4.182222 -7.732380  0.000000 0.000000 -1.000000  0.000000 0.000000 0
0  -0.879483 4.182222 -7.732380  0.000000 0.000000 -1.000000  0.297985 0.540026 0
0  -0.879483 4.640937 -7.732380  0.000000 0.000000 -1.000000  0.297985 0.540026 0
painted_wood_01
0  -0.879483 4.182222 -6.978744  -0.997740 -0.067185 0.000000  0.297985 0.540026 0
0  -0.879483 4.182222 -7.732380  -0.997740 -0.067185 0.000000  0.297985 0.540026 0
0  -0.825553 3.381328 -8.235475  -0.997740 -0.067185 0.000000  0.297985 0.540026 0
painted_wood_01
0  -0.717691 1.779539 -8.488029  -1.000000 0.000000 0.000000  0.297985 0.540026 0
0  -0.717691 1.779539 -9.241665  -1.000000 0.000000 0.000000  0.297985 0.540026 0
0  -0.717691 -2.786394 -12.004841  -1.000000 0.000000 0.000000  0.297985 0.540026 0
painted_wood_01
0  -0.771621 2.580434 -7.984934  -0.997740 -0.067185 0.000000  0.297985 0.540026 0
0  -0.771621 2.580434 -8.738570  -0.997740 -0.067185 0.000000  0.297985 0.540026 0
0  -0.717691 1.779539 -9.241665  -0.997740 -0.067185 0.000000  0.297985 0.540026 0
painted_wood_01
0  -0.798587 2.980881 -7.733386  -0.997740 -0.067188 0.000000  0.297985 0.540026 0
0  -0.798587 2.980881 -8.487022  -0.997740 -0.067188 0.000000  0.297985 0.540026 0
0  -0.771621 2.580434 -8.738570  -0.997740 -0.067188 0.000000  0.297985 0.540026 0
painted_wood_01
0  0.000000 4.640937 -6.978744  0.000000 1.000000 0.000000  0.297985 0.540026 0
0  0.000000 4.640937 -7.732380  0.000000 1.000000 0.000000  0.297985 0.540026 0
0  -0.879483 4.640937 -7.732380  0.000000 1.000000 0.000000  0.297985 0.540026 0
painted_wood_01
0  -0.879483 4.182222 -6.978744  -1.000000 0.000000 0.000000  0.297985 0.540026 0
0  -0.879483 4.640937 -6.978744  -1.000000 0.000000 0.000000  0.297985 0.540026 0
0  -0.879483 4.640937 -7.732380  -1.000000 0.000000 0.000000  0.297985 0.540026 0
painted_wood_01
0  0.000000 4.182222 -6.978744  0.000000 0.000000 1.000000  0.297985 0.540026 0
0  0.000000 4.640937 -6.978744  0.000000 0.000000 1.000000  0.297985 0.540026 0
0  -0.879483 4.640937 -6.978744  0.000000 0.000000 1.000000  0.297985 0.540026 0
painted_wood_01
0  -0.798587 2.980881 -8.487022  -0.582063 0.404066 -0.705644  0.297985 0.540026 0
0  -0.825553 3.381328 -8.235475  -0.582063 0.404066 -0.705644  0.297985 0.540026 0
0  0.000000 1.779539 -9.833665  -0.582063 0.404066 -0.705644  0.000000 0.000000 0
painted_wood_01
0  -0.825553 3.381328 -8.235475  -0.582061 0.404067 -0.705645  0.297985 0.540026 0
0  -0.879483 4.182222 -7.732380  -0.582061 0.404067 -0.705645  0.297985 0.540026 0
0  0.000000 1.779539 -9.833665  -0.582061 0.404067 -0.705645  0.000000 0.000000 0
painted_wood_01
0  0.000000 1.779539 -9.833665  -0.582062 0.404067 -0.705644  0.000000 0.000000 0
0  -0.717691 1.779539 -9.241665  -0.582062 0.404067 -0.705644  0.297985 0.540026 0
0  -0.771621 2.580434 -8.738570  -0.582062 0.404067 -0.705644  0.297985 0.540026 0
painted_wood_01
0  -0.308368 -0.503427 -11.298902  -0.992010 -0.116562 -0.048274  0.000000 0.000000 0
0  -0.308368 1.250243 -15.416418  -0.992010 -0.116562 -0.048274  0.000000 0.000000 0
0  0.000000 -1.372622 -15.536958  -0.992010 -0.116562 -0.048274  0.297985 0.540026 0
gold_player
0  0.000000 -0.503427 -11.298902  0.000000 0.920031 0.391846  0.000000 0.000000 0
0  0.000000 1.250243 -15.416418  0.000000 0.920031 0.391846  0.000000 0.000000 0
0  -0.308368 1.250243 -15.416418  0.000000 0.920031 0.391846  0.000000 0.000000 0
painted_wood_01
0  -0.308368 1.250243 -15.416418  -0.986896 -0.111121 -0.116998  0.000000 0.000000 0
0  -0.308368 5.362860 -19.333027  -0.986896 -0.111121 -0.116998  0.000000 0.000000 0
0  0.000000 3.970484 -20.601133  -0.986896 -0.111121 -0.116998  0.297985 0.540026 0
gold_player
0  0.000000 1.250243 -15.416418  0.000000 0.689640 0.724153  0.000000 0.000000 0
0  0.000000 5.362860 -19.333027  0.000000 0.689640 0.724153  0.000000 0.000000 0
0  -0.308368 5.362860 -19.333027  0.000000 0.689640 0.724153  0.000000 0.000000 0
painted_wood_01
0  -0.308368 5.362860 -19.333027  -0.985840 -0.052169 -0.159367  0.000000 0.000000 0
0  -0.244019 9.912113 -21.036934  -0.985840 -0.052169 -0.159367  0.000000 0.000000 0
0  0.000000 9.721879 -22.667513  -0.985840 -0.052169 -0.159367  0.297985 0.540026 0
gold_player
0  0.000000 5.362860 -19.333027  0.000000 0.350751 0.936469  0.000000 0.000000 0
0  0.000000 9.912113 -21.036934  0.000000 0.350751 0.936469  0.000000 0.000000 0
0  -0.244019 9.912113 -21.036934  0.000000 0.350751 0.936469  0.000000 0.000000 0
painted_wood_01
0  -0.310184 -3.547148 -10.688304  0.000000 -1.000000 0.000000  0.297985 0.540026 0
0  -0.717691 -3.547149 -11.251204  0.000000 -1.000000 0.000000  0.297985 0.540026 0
0  0.000000 -3.547149 -11.251204  0.000000 -1.000000 0.000000  0.297985 0.540026 0
painted_wood_01
0  -0.717691 -3.547149 -11.251204  0.000000 -1.000000 0.000000  0.297985 0.540026 0
0  -0.717691 -3.547149 -12.004841  0.000000 -1.000000 0.000000  0.297985 0.540026 0
0  0.000000 -3.547149 -12.004841  0.000000 -1.000000 0.000000  0.297985 0.540026 0
painted_wood_01
0  -0.717691 -2.786393 -10.829734  -0.770382 -0.308981 0.557712  0.297985 0.540026 0
0  -0.717691 -3.547149 -11.251204  -0.770382 -0.308981 0.557712  0.297985 0.540026 0
0  -0.310184 -3.547148 -10.688304  -0.770382 -0.308981 0.557712  0.297985 0.540026 0
painted_wood_01
0  -0.310184 -2.786393 -10.266833  0.000000 -0.484614 0.874728  0.297985 0.540026 0
0  -0.310184 -3.547148 -10.688304  0.000000 -0.484614 0.874728  0.297985 0.540026 0
0  0.000000 -3.547148 -10.688304  0.000000 -0.484614 0.874728  0.297985 0.540026 0
painted_wood_01
0  -4.198238 -0.565172 -1.635876  -0.928854 0.091823 -0.358885  0.297985 0.540026 0
0  -4.545433 -0.446622 -0.566948  -0.928855 0.091822 -0.358884  0.297985 0.540026 0
0  -4.394749 0.501679 -0.708227  -0.928855 0.091819 -0.358884  0.297985 0.540026 0
painted_wood_01
0  -4.394749 0.501679 -0.708227  -0.928866 0.091824 -0.358855  0.297985 0.540026 0
0  -3.645416 0.716896 -2.918450  -0.928867 0.091816 -0.358855  0.297985 0.540026 0
0  -4.198238 -0.565172 -1.635876  -0.928866 0.091823 -0.358855  0.297985 0.540026 0
painted_wood_01
0  -3.645416 0.716896 -2.918450  -0.928853 0.091823 -0.358889  0.297985 0.540026 0
0  -2.921625 0.666884 -4.522981  -0.928853 0.091821 -0.358889  0.297985 0.540026 0
0  -3.687321 -0.526207 -3.103505  -0.928853 0.091818 -0.358889  0.297985 0.540026 0
painted_wood_01
0  -4.198238 -0.565172 -1.635876  -0.928852 0.091823 -0.358891  0.297985 0.540026 0
0  -3.645416 0.716896 -2.918450  -0.928852 0.091823 -0.358891  0.297985 0.540026 0
0  -3.687321 -0.526207 -3.103505  -0.928852 0.091823 -0.358891  0.297985 0.540026 0
painted_wood_01
0  -2.921625 0.666884 -4.522981  -0.928846 0.091829 -0.358905  0.297985 0.540026 0
0  -2.863658 0.119033 -4.750208  -0.928847 0.091813 -0.358905  0.297985 0.540026 0
0  -3.009807 -0.428818 -4.569202  -0.928847 0.091819 -0.358905  0.297985 0.540026 0
c_invasion_wrangler_laser
0  0.000000 1.160283 -11.954980  -0.202803 0.769949 -0.605020  0.000000 0.000000 0
0  0.000000 0.892741 -12.295453  -0.202803 0.769949 -0.605020  0.000000 0.000000 0
0  -0.618719 0.654854 -12.390794  -0.202803 0.769949 -0.605020  0.000000 0.000000 0
c_invasion_wrangler_laser
0  0.000000 0.892741 -12.295453  0.382684 -0.857569 -0.343698  0.000000 0.000000 0
0  0.000000 0.731654 -11.893519  0.382684 -0.857569 -0.343698  0.000000 0.000000 0
0  -0.618719 0.493766 -11.988860  0.382684 -0.857569 -0.343698  0.000000 0.000000 0
c_invasion_wrangler_laser
0  0.000000 0.731654 -11.893519  -0.202803 0.138987 0.969306  0.000000 0.000000 0
0  0.000000 1.160283 -11.954980  -0.202803 0.138987 0.969306  0.000000 0.000000 0
0  -0.883884 0.820443 -12.091182  -0.202803 0.138987 0.969306  0.000000 0.000000 0
c_invasion_wrangler_laser
0  -0.883884 0.820443 -12.091182  -0.489611 0.503727 -0.711717  0.000000 0.000000 0
0  -0.618719 0.654854 -12.390794  -0.489611 0.503727 -0.711717  0.000000 0.000000 0
0  -0.875000 0.080543 -12.620967  -0.489611 0.503727 -0.711717  0.000000 0.000000 0
c_invasion_wrangler_laser
0  -0.618719 0.654854 -12.390794  0.923880 -0.355217 -0.142364  0.000000 0.000000 0
0  -0.618719 0.493766 -11.988860  0.923880 -0.355217 -0.142364  0.000000 0.000000 0
0  -0.875000 -0.080544 -12.219033  0.923880 -0.355217 -0.142364  0.000000 0.000000 0
c_invasion_wrangler_laser
0  -0.618719 0.493766 -11.988860  -0.489610 -0.127233 0.862609  0.000000 0.000000 0
0  -0.883884 0.820443 -12.091182  -0.489610 -0.127233 0.862609  0.000000 0.000000 0
0  -1.250000 -0.000000 -12.420000  -0.489610 -0.127233 0.862609  0.000000 0.000000 0
c_invasion_wrangler_laser
0  -1.250000 -0.000000 -12.420000  -0.489608 0.127234 -0.862610  0.000000 0.000000 0
0  -0.875000 0.080543 -12.620967  -0.489608 0.127234 -0.862610  0.000000 0.000000 0
0  -0.618719 -0.493767 -12.851140  -0.489608 0.127234 -0.862610  0.000000 0.000000 0
c_invasion_wrangler_laser
0  -0.875000 0.080543 -12.620967  0.923879 0.355218 0.142365  0.000000 0.000000 0
0  -0.875000 -0.080544 -12.219033  0.923879 0.355218 0.142365  0.000000 0.000000 0
0  -0.618719 -0.654855 -12.449206  0.923879 0.355218 0.142365  0.000000 0.000000 0
c_invasion_wrangler_laser
0  -0.875000 -0.080544 -12.219033  -0.489613 -0.503726 0.711716  0.000000 0.000000 0
0  -1.250000 -0.000000 -12.420000  -0.489613 -0.503726 0.711716  0.000000 0.000000 0
0  -0.883884 -0.820444 -12.748818  -0.489613 -0.503726 0.711716  0.000000 0.000000 0
c_invasion_wrangler_laser
0  -0.883884 -0.820444 -12.748818  -0.202803 -0.138989 -0.969305  0.000000 0.000000 0
0  -0.618719 -0.493767 -12.851140  -0.202803 -0.138989 -0.969305  0.000000 0.000000 0
0  0.000000 -0.731655 -12.946481  -0.202803 -0.138989 -0.969305  0.000000 0.000000 0
c_invasion_wrangler_laser
0  -0.618719 -0.493767 -12.851140  0.382683 0.857570 0.343698  0.000000 0.000000 0
0  -0.618719 -0.654855 -12.449206  0.382683 0.857570 0.343698  0.000000 0.000000 0
0  0.000000 -0.892742 -12.544547  0.382683 0.857570 0.343698  0.000000 0.000000 0
c_invasion_wrangler_laser
0  -0.618719 -0.654855 -12.449206  -0.202803 -0.769949 0.605021  0.000000 0.000000 0
0  -0.883884 -0.820444 -12.748818  -0.202803 -0.769949 0.605021  0.000000 0.000000 0
0  0.000000 -1.160283 -12.885020  -0.202803 -0.769949 0.605021  0.000000 0.000000 0
c_invasion_wrangler_laser
0  0.000000 1.816624 -13.571524  -0.202805 0.769949 -0.605020  0.000000 0.000000 0
0  0.000000 1.549082 -13.911997  -0.202805 0.769949 -0.605020  0.000000 0.000000 0
0  -0.618719 1.311195 -14.007338  -0.202805 0.769949 -0.605020  0.000000 0.000000 0
c_invasion_wrangler_laser
0  0.000000 1.549082 -13.911997  0.382684 -0.857569 -0.343698  0.000000 0.000000 0
0  0.000000 1.387995 -13.510063  0.382684 -0.857569 -0.343698  0.000000 0.000000 0
0  -0.618719 1.150107 -13.605404  0.382684 -0.857569 -0.343698  0.000000 0.000000 0
c_invasion_wrangler_laser
0  0.000000 1.387995 -13.510063  -0.202803 0.138987 0.969306  0.000000 0.000000 0
0  0.000000 1.816624 -13.571524  -0.202803 0.138987 0.969306  0.000000 0.000000 0
0  -0.883884 1.476784 -13.707726  -0.202803 0.138987 0.969306  0.000000 0.000000 0
c_invasion_wrangler_laser
0  -0.883884 1.476784 -13.707726  -0.489606 0.503728 -0.711719  0.000000 0.000000 0
0  -0.618719 1.311195 -14.007338  -0.489606 0.503728 -0.711719  0.000000 0.000000 0
0  -0.875000 0.736884 -14.237511  -0.489606 0.503728 -0.711719  0.000000 0.000000 0
c_invasion_wrangler_laser
0  -0.618719 1.311195 -14.007338  0.923880 -0.355217 -0.142364  0.000000 0.000000 0
0  -0.618719 1.150107 -13.605404  0.923880 -0.355217 -0.142364  0.000000 0.000000 0
0  -0.875000 0.575797 -13.835577  0.923880 -0.355217 -0.142364  0.000000 0.000000 0
c_invasion_wrangler_laser
0  -0.618719 1.150107 -13.605404  -0.489610 -0.127233 0.862609  0.000000 0.000000 0
0  -0.883884 1.476784 -13.707726  -0.489610 -0.127233 0.862609  0.000000 0.000000 0
0  -1.250000 0.656341 -14.036544  -0.489610 -0.127233 0.862609  0.000000 0.000000 0
c_invasion_wrangler_laser
0  -1.250000 0.656341 -14.036544  -0.489606 0.127234 -0.862611  0.000000 0.000000 0
0  -0.875000 0.736884 -14.237511  -0.489606 0.127234 -0.862611  0.000000 0.000000 0
0  -0.618719 0.162574 -14.467684  -0.489606 0.127234 -0.862611  0.000000 0.000000 0
c_invasion_wrangler_laser
0  -0.875000 0.736884 -14.237511  0.923880 0.355216 0.142364  0.000000 0.000000 0
0  -0.875000 0.575797 -13.835577  0.923880 0.355216 0.142364  0.000000 0.000000 0
0  -0.618719 0.001486 -14.065750  0.923880 0.355216 0.142364  0.000000 0.000000 0
c_invasion_wrangler_laser
0  -0.875000 0.575797 -13.835577  -0.489610 -0.503727 0.711717  0.000000 0.000000 0
0  -1.250000 0.656341 -14.036544  -0.489610 -0.503727 0.711717  0.000000 0.000000 0
0  -0.883884 -0.164103 -14.365362  -0.489610 -0.503727 0.711717  0.000000 0.000000 0
c_invasion_wrangler_laser
0  -0.883884 -0.164103 -14.365362  -0.202803 -0.138989 -0.969305  0.000000 0.000000 0
0  -0.618719 0.162574 -14.467684  -0.202803 -0.138989 -0.969305  0.000000 0.000000 0
0  0.000000 -0.075314 -14.563025  -0.202803 -0.138989 -0.969305  0.000000 0.000000 0
c_invasion_wrangler_laser
0  -0.618719 0.162574 -14.467684  0.382684 0.857569 0.343698  0.000000 0.000000 0
0  -0.618719 0.001486 -14.065750  0.382684 0.857569 0.343698  0.000000 0.000000 0
0  0.000000 -0.236401 -14.161091  0.382684 0.857569 0.343698  0.000000 0.000000 0
c_invasion_wrangler_laser
0  -0.618719 0.001486 -14.065750  -0.202805 -0.769948 0.605020  0.000000 0.000000 0
0  -0.883884 -0.164103 -14.365362  -0.202805 -0.769948 0.605020  0.000000 0.000000 0
0  0.000000 -0.503942 -14.501564  -0.202805 -0.769948 0.605020  0.000000 0.000000 0
c_invasion_wrangler_laser
0  0.000000 3.056017 -15.051561  -0.202805 0.946025 -0.252799  0.000000 0.000000 0
0  0.000000 2.944228 -15.469896  -0.202805 0.946025 -0.252799  0.000000 0.000000 0
0  -0.618719 2.763132 -15.651237  -0.202805 0.946025 -0.252799  0.000000 0.000000 0
c_invasion_wrangler_laser
0  0.000000 2.944228 -15.469896  0.382683 -0.652839 -0.653724  0.000000 0.000000 0
0  0.000000 2.637834 -15.163918  0.382683 -0.652839 -0.653724  0.000000 0.000000 0
0  -0.618719 2.456738 -15.345259  0.382683 -0.652839 -0.653724  0.000000 0.000000 0
c_invasion_wrangler_laser
0  0.000000 2.637834 -15.163918  -0.202803 -0.254083 0.945681  0.000000 0.000000 0
0  0.000000 3.056017 -15.051561  -0.202803 -0.254083 0.945681  0.000000 0.000000 0
0  -0.883884 2.797308 -15.310621  -0.202803 -0.254083 0.945681  0.000000 0.000000 0
c_invasion_wrangler_laser
0  -0.883884 2.797308 -15.310621  -0.489608 0.743360 -0.455741  0.000000 0.000000 0
0  -0.618719 2.763132 -15.651237  -0.489608 0.743360 -0.455741  0.000000 0.000000 0
0  -0.875000 2.325928 -16.089033  -0.489608 0.743360 -0.455741  0.000000 0.000000 0
c_invasion_wrangler_laser
0  -0.618719 2.763132 -15.651237  0.923880 -0.270415 -0.270781  0.000000 0.000000 0
0  -0.618719 2.456738 -15.345259  0.923880 -0.270415 -0.270781  0.000000 0.000000 0
0  -0.875000 2.019535 -15.783054  0.923880 -0.270415 -0.270781  0.000000 0.000000 0
c_invasion_wrangler_laser
0  -0.618719 2.456738 -15.345259  -0.489609 -0.456747 0.742741  0.000000 0.000000 0
0  -0.883884 2.797308 -15.310621  -0.489609 -0.456747 0.742741  0.000000 0.000000 0
0  -1.250000 2.172732 -15.936045  -0.489609 -0.456747 0.742741  0.000000 0.000000 0
c_invasion_wrangler_laser
0  -1.250000 2.172732 -15.936045  -0.489605 0.456748 -0.742743  0.000000 0.000000 0
0  -0.875000 2.325928 -16.089033  -0.489605 0.456748 -0.742743  0.000000 0.000000 0
0  -0.618719 1.888724 -16.526829  -0.489605 0.456748 -0.742743  0.000000 0.000000 0
c_invasion_wrangler_laser
0  -0.875000 2.325928 -16.089033  0.923879 0.270415 0.270782  0.000000 0.000000 0
0  -0.875000 2.019535 -15.783054  0.923879 0.270415 0.270782  0.000000 0.000000 0
0  -0.618719 1.582331 -16.220850  0.923879 0.270415 0.270782  0.000000 0.000000 0
c_invasion_wrangler_laser
0  -0.875000 2.019535 -15.783054  -0.489613 -0.743357 0.455740  0.000000 0.000000 0
0  -1.250000 2.172732 -15.936045  -0.489613 -0.743357 0.455740  0.000000 0.000000 0
0  -0.883884 1.548155 -16.561466  -0.489613 -0.743357 0.455740  0.000000 0.000000 0
c_invasion_wrangler_laser
0  -0.883884 1.548155 -16.561466  -0.202805 0.254081 -0.945681  0.000000 0.000000 0
0  -0.618719 1.888724 -16.526829  -0.202805 0.254081 -0.945681  0.000000 0.000000 0
0  0.000000 1.707628 -16.708170  -0.202805 0.254081 -0.945681  0.000000 0.000000 0
c_invasion_wrangler_laser
0  -0.618719 1.888724 -16.526829  0.382683 0.652839 0.653724  0.000000 0.000000 0
0  -0.618719 1.582331 -16.220850  0.382683 0.652839 0.653724  0.000000 0.000000 0
0  0.000000 1.401235 -16.402191  0.382683 0.652839 0.653724  0.000000 0.000000 0
c_invasion_wrangler_laser
0  -0.618719 1.582331 -16.220850  -0.202805 -0.946024 0.252800  0.000000 0.000000 0
0  -0.883884 1.548155 -16.561466  -0.202805 -0.946024 0.252800  0.000000 0.000000 0
0  0.000000 1.289446 -16.820526  -0.202805 -0.946024 0.252800  0.000000 0.000000 0
c_invasion_wrangler_laser
0  0.000000 5.226317 -17.256866  -0.202803 0.946025 -0.252801  0.000000 0.000000 0
0  0.000000 5.114528 -17.675201  -0.202803 0.946025 -0.252801  0.000000 0.000000 0
0  -0.618719 4.933432 -17.856543  -0.202803 0.946025 -0.252801  0.000000 0.000000 0
c_invasion_wrangler_laser
0  0.000000 5.114528 -17.675201  0.382680 -0.652838 -0.653726  0.000000 0.000000 0
0  0.000000 4.808135 -17.369223  0.382680 -0.652838 -0.653726  0.000000 0.000000 0
0  -0.618719 4.627039 -17.550564  0.382680 -0.652838 -0.653726  0.000000 0.000000 0
c_invasion_wrangler_laser
0  0.000000 4.808135 -17.369223  -0.202803 -0.254083 0.945681  0.000000 0.000000 0
0  0.000000 5.226317 -17.256866  -0.202803 -0.254083 0.945681  0.000000 0.000000 0
0  -0.883884 4.967608 -17.515926  -0.202803 -0.254083 0.945681  0.000000 0.000000 0
c_invasion_wrangler_laser
0  -0.883884 4.967608 -17.515926  -0.489606 0.743361 -0.455742  0.000000 0.000000 0
0  -0.618719 4.933432 -17.856543  -0.489606 0.743361 -0.455742  0.000000 0.000000 0
0  -0.875000 4.496229 -18.294338  -0.489606 0.743361 -0.455742  0.000000 0.000000 0
c_invasion_wrangler_laser
0  -0.618719 4.933432 -17.856543  0.923880 -0.270415 -0.270781  0.000000 0.000000 0
0  -0.618719 4.627039 -17.550564  0.923880 -0.270415 -0.270781  0.000000 0.000000 0
0  -0.875000 4.189835 -17.988359  0.923880 -0.270415 -0.270781  0.000000 0.000000 0
c_invasion_wrangler_laser
0  -0.618719 4.627039 -17.550564  -0.489606 -0.456748 0.742743  0.000000 0.000000 0
0  -0.883884 4.967608 -17.515926  -0.489606 -0.456748 0.742743  0.000000 0.000000 0
0  -1.250000 4.343032 -18.141350  -0.489606 -0.456748 0.742743  0.000000 0.000000 0
c_invasion_wrangler_laser
0  -1.250000 4.343032 -18.141350  -0.489611 0.456746 -0.742741  0.000000 0.000000 0
0  -0.875000 4.496229 -18.294338  -0.489611 0.456746 -0.742741  0.000000 0.000000 0
0  -0.618719 4.059025 -18.732134  -0.489611 0.456746 -0.742741  0.000000 0.000000 0
c_invasion_wrangler_laser
0  -0.875000 4.496229 -18.294338  0.923879 0.270415 0.270783  0.000000 0.000000 0
0  -0.875000 4.189835 -17.988359  0.923879 0.270415 0.270783  0.000000 0.000000 0
0  -0.618719 3.752632 -18.426155  0.923879 0.270415 0.270783  0.000000 0.000000 0
c_invasion_wrangler_laser
0  -0.875000 4.189835 -17.988359  -0.489610 -0.743359 0.455741  0.000000 0.000000 0
0  -1.250000 4.343032 -18.141350  -0.489610 -0.743359 0.455741  0.000000 0.000000 0
0  -0.883884 3.718455 -18.766771  -0.489610 -0.743359 0.455741  0.000000 0.000000 0
c_invasion_wrangler_laser
0  -0.883884 3.718455 -18.766771  -0.202800 0.254082 -0.945682  0.000000 0.000000 0
0  -0.618719 4.059025 -18.732134  -0.202800 0.254082 -0.945682  0.000000 0.000000 0
0  0.000000 3.877929 -18.913475  -0.202800 0.254082 -0.945682  0.000000 0.000000 0
c_invasion_wrangler_laser
0  -0.618719 4.059025 -18.732134  0.382683 0.652839 0.653724  0.000000 0.000000 0
0  -0.618719 3.752632 -18.426155  0.382683 0.652839 0.653724  0.000000 0.000000 0
0  0.000000 3.571536 -18.607496  0.382683 0.652839 0.653724  0.000000 0.000000 0
c_invasion_wrangler_laser
0  -0.618719 3.752632 -18.426155  -0.202801 -0.946026 0.252799  0.000000 0.000000 0
0  -0.883884 3.718455 -18.766771  -0.202801 -0.946026 0.252799  0.000000 0.000000 0
0  0.000000 3.459747 -19.025831  -0.202801 -0.946026 0.252799  0.000000 0.000000 0
c_invasion_wrangler_laser
0  0.000000 6.896746 -18.203773  -0.202803 0.965821 0.161431  0.000000 0.000000 0
0  0.000000 6.968130 -18.630863  -0.202803 0.965821 0.161431  0.000000 0.000000 0
0  -0.618719 6.878331 -18.870895  -0.202803 0.965821 0.161431  0.000000 0.000000 0
c_invasion_wrangler_laser
0  0.000000 6.968130 -18.630863  0.382685 -0.323718 -0.865308  0.000000 0.000000 0
0  0.000000 6.562569 -18.479139  0.382685 -0.323718 -0.865308  0.000000 0.000000 0
0  -0.618719 6.472770 -18.719173  0.382685 -0.323718 -0.865308  0.000000 0.000000 0
c_invasion_wrangler_laser
0  0.000000 6.562569 -18.479139  -0.202800 -0.622714 0.755711  0.000000 0.000000 0
0  0.000000 6.896746 -18.203773  -0.202800 -0.622714 0.755711  0.000000 0.000000 0
0  -0.883884 6.768462 -18.546680  -0.202800 -0.622714 0.755711  0.000000 0.000000 0
c_invasion_wrangler_laser
0  -0.883884 6.768462 -18.546680  -0.489612 0.865326 -0.107197  0.000000 0.000000 0
0  -0.618719 6.878331 -18.870895  -0.489612 0.865326 -0.107197  0.000000 0.000000 0
0  -0.875000 6.661537 -19.450390  -0.489612 0.865326 -0.107197  0.000000 0.000000 0
c_invasion_wrangler_laser
0  -0.618719 6.878331 -18.870895  0.923880 -0.134087 -0.358421  0.000000 0.000000 0
0  -0.618719 6.472770 -18.719173  0.923880 -0.134087 -0.358421  0.000000 0.000000 0
0  -0.875000 6.255976 -19.298666  0.923880 -0.134087 -0.358421  0.000000 0.000000 0
c_invasion_wrangler_laser
0  -0.618719 6.472770 -18.719173  -0.489609 -0.723207 0.487089  0.000000 0.000000 0
0  -0.883884 6.768462 -18.546680  -0.489609 -0.723207 0.487089  0.000000 0.000000 0
0  -1.250000 6.458757 -19.374529  -0.489609 -0.723207 0.487089  0.000000 0.000000 0
c_invasion_wrangler_laser
0  -1.250000 6.458757 -19.374529  -0.489603 0.723209 -0.487091  0.000000 0.000000 0
0  -0.875000 6.661537 -19.450390  -0.489603 0.723209 -0.487091  0.000000 0.000000 0
0  -0.618719 6.444743 -20.029882  -0.489603 0.723209 -0.487091  0.000000 0.000000 0
c_invasion_wrangler_laser
0  -0.875000 6.661537 -19.450390  0.923881 0.134088 0.358420  0.000000 0.000000 0
0  -0.875000 6.255976 -19.298666  0.923881 0.134088 0.358420  0.000000 0.000000 0
0  -0.618719 6.039182 -19.878160  0.923881 0.134088 0.358420  0.000000 0.000000 0
c_invasion_wrangler_laser
0  -0.875000 6.255976 -19.298666  -0.489610 -0.865327 0.107198  0.000000 0.000000 0
0  -1.250000 6.458757 -19.374529  -0.489610 -0.865327 0.107198  0.000000 0.000000 0
0  -0.883884 6.149051 -20.202375  -0.489610 -0.865327 0.107198  0.000000 0.000000 0
c_invasion_wrangler_laser
0  -0.883884 6.149051 -20.202375  -0.202800 0.622711 -0.755714  0.000000 0.000000 0
0  -0.618719 6.444743 -20.029882  -0.202800 0.622711 -0.755714  0.000000 0.000000 0
0  0.000000 6.354944 -20.269917  -0.202800 0.622711 -0.755714  0.000000 0.000000 0
c_invasion_wrangler_laser
0  -0.618719 6.444743 -20.029882  0.382689 0.323715 0.865308  0.000000 0.000000 0
0  -0.618719 6.039182 -19.878160  0.382689 0.323715 0.865308  0.000000 0.000000 0
0  0.000000 5.949383 -20.118195  0.382689 0.323715 0.865308  0.000000 0.000000 0
c_invasion_wrangler_laser
0  -0.618719 6.039182 -19.878160  -0.202803 -0.965822 -0.161429  0.000000 0.000000 0
0  -0.883884 6.149051 -20.202375  -0.202803 -0.965822 -0.161429  0.000000 0.000000 0
0  0.000000 6.020767 -20.545282  -0.202803 -0.965822 -0.161429  0.000000 0.000000 0
c_invasion_wrangler_laser
0  0.000000 9.272460 -19.097878  -0.202803 0.965822 0.161428  0.000000 0.000000 0
0  0.000000 9.343844 -19.524967  -0.202803 0.965822 0.161428  0.000000 0.000000 0
0  -0.618719 9.254045 -19.764999  -0.202803 0.965822 0.161428  0.000000 0.000000 0
c_invasion_wrangler_laser
0  0.000000 9.343844 -19.524967  0.382688 -0.323719 -0.865307  0.000000 0.000000 0
0  0.000000 8.938283 -19.373243  0.382688 -0.323719 -0.865307  0.000000 0.000000 0
0  -0.618719 8.848485 -19.613277  0.382688 -0.323719 -0.865307  0.000000 0.000000 0
c_invasion_wrangler_laser
0  0.000000 8.938283 -19.373243  -0.202800 -0.622713 0.755712  0.000000 0.000000 0
0  0.000000 9.272460 -19.097878  -0.202800 -0.622713 0.755712  0.000000 0.000000 0
0  -0.883884 9.144176 -19.440784  -0.202800 -0.622713 0.755712  0.000000 0.000000 0
c_invasion_wrangler_laser
0  -0.883884 9.144176 -19.440784  -0.489612 0.865326 -0.107195  0.000000 0.000000 0
0  -0.618719 9.254045 -19.764999  -0.489612 0.865326 -0.107195  0.000000 0.000000 0
0  -0.875000 9.037251 -20.344494  -0.489612 0.865326 -0.107195  0.000000 0.000000 0
c_invasion_wrangler_laser
0  -0.618719 9.254045 -19.764999  0.923881 -0.134087 -0.358420  0.000000 0.000000 0
0  -0.618719 8.848485 -19.613277  0.923881 -0.134087 -0.358420  0.000000 0.000000 0
0  -0.875000 8.631690 -20.192770  0.923881 -0.134087 -0.358420  0.000000 0.000000 0
c_invasion_wrangler_laser
0  -0.618719 8.848485 -19.613277  -0.489610 -0.723207 0.487087  0.000000 0.000000 0
0  -0.883884 9.144176 -19.440784  -0.489610 -0.723207 0.487087  0.000000 0.000000 0
0  -1.250000 8.834471 -20.268633  -0.489610 -0.723207 0.487087  0.000000 0.000000 0
c_invasion_wrangler_laser
0  -1.250000 8.834471 -20.268633  -0.489605 0.723206 -0.487093  0.000000 0.000000 0
0  -0.875000 9.037251 -20.344494  -0.489605 0.723206 -0.487093  0.000000 0.000000 0
0  -0.618719 8.820457 -20.923986  -0.489605 0.723206 -0.487093  0.000000 0.000000 0
c_invasion_wrangler_laser
0  -0.875000 9.037251 -20.344494  0.923881 0.134088 0.358420  0.000000 0.000000 0
0  -0.875000 8.631690 -20.192770  0.923881 0.134088 0.358420  0.000000 0.000000 0
0  -0.618719 8.414896 -20.772264  0.923881 0.134088 0.358420  0.000000 0.000000 0
c_invasion_wrangler_laser
0  -0.875000 8.631690 -20.192770  -0.489610 -0.865327 0.107197  0.000000 0.000000 0
0  -1.250000 8.834471 -20.268633  -0.489610 -0.865327 0.107197  0.000000 0.000000 0
0  -0.883884 8.524765 -21.096479  -0.489610 -0.865327 0.107197  0.000000 0.000000 0
c_invasion_wrangler_laser
0  -0.883884 8.524765 -21.096479  -0.202799 0.622717 -0.755709  0.000000 0.000000 0
0  -0.618719 8.820457 -20.923986  -0.202799 0.622717 -0.755709  0.000000 0.000000 0
0  0.000000 8.730659 -21.164021  -0.202799 0.622717 -0.755709  0.000000 0.000000 0
c_invasion_wrangler_laser
0  -0.618719 8.820457 -20.923986  0.382684 0.323716 0.865310  0.000000 0.000000 0
0  -0.618719 8.414896 -20.772264  0.382684 0.323716 0.865310  0.000000 0.000000 0
0  0.000000 8.325098 -21.012299  0.382684 0.323716 0.865310  0.000000 0.000000 0
c_invasion_wrangler_laser
0  -0.618719 8.414896 -20.772264  -0.202804 -0.965822 -0.161424  0.000000 0.000000 0
0  -0.883884 8.524765 -21.096479  -0.202804 -0.965822 -0.161424  0.000000 0.000000 0
0  0.000000 8.396482 -21.439386  -0.202804 -0.965822 -0.161424  0.000000 0.000000 0
painted_wood_01
0  3.387505 0.927346 -2.875000  -0.175569 0.983057 0.052673  0.297985 0.540026 0
0  2.480859 0.837606 -5.013293  -0.175573 0.983057 0.052669  0.297985 0.540026 0
0  1.637505 0.728645 -5.000000  -0.175577 0.983056 0.052664  0.297985 0.540026 0
painted_wood_01
0  1.637505 0.728645 -5.000000  0.049345 0.996520 0.067183  0.297985 0.540026 0
0  2.480859 0.837606 -5.013293  0.049342 0.996519 0.067201  0.297985 0.540026 0
0  2.012505 0.878645 -7.500000  0.049345 0.996520 0.067185  0.297985 0.540026 0
gold_player
0  3.259901 -1.708855 -1.414583  -0.649408 -0.755570 -0.085924  0.297770 0.539834 0
0  2.637505 -1.175521 -1.483333  -0.649408 -0.755570 -0.085924  0.297770 0.539834 0
0  2.455214 -0.833855 -3.027083  -0.649408 -0.755570 -0.085924  0.297770 0.539834 0
painted_wood_01
0  2.480859 -0.880315 -5.013293  -0.173295 -0.980872 -0.088655  0.297985 0.540026 0
0  3.392714 -1.032555 -3.027083  -0.173297 -0.980871 -0.088656  0.297985 0.540026 0
0  2.455214 -0.833855 -3.027083  -0.173306 -0.980869 -0.088659  0.297985 0.540026 0
painted_wood_01
0  3.392714 -1.032555 -3.027083  -0.173270 -0.980876 -0.088654  0.297985 0.540026 0
0  3.075005 -1.425521 -2.591667  -0.173274 -0.980875 -0.088654  0.297985 0.540026 0
0  2.455214 -0.833855 -3.027083  -0.173339 -0.980864 -0.088651  0.297985 0.540026 0
painted_wood_01
0  1.637505 -0.771355 -5.000000  -0.036410 -0.997855 0.054405  0.297985 0.540026 0
0  0.711255 -0.921355 -6.950000  -0.036412 -0.997854 0.054414  0.297985 0.540026 0
0  2.012505 -0.921355 -7.500000  -0.036411 -0.997855 0.054409  0.297985 0.540026 0
painted_wood_01
0  2.637505 -1.175521 -1.483333  -0.994934 0.042089 0.091290  0.297985 0.540026 0
0  2.668755 -0.904688 0.000000  -0.994933 0.042100 0.091299  0.297985 0.540026 0
0  2.845839 0.645312 -0.000000  -0.994933 0.042097 0.091297  0.297985 0.540026 0
painted_wood_01
0  2.845839 0.645312 -0.000000  -0.994930 0.042039 0.091359  0.297985 0.540026 0
0  2.512505 0.728645 -2.875000  -0.994930 0.042040 0.091359  0.297985 0.540026 0
0  2.637505 -1.175521 -1.483333  -0.994930 0.042041 0.091360  0.297985 0.540026 0
painted_wood_01
0  2.012505 -0.021355 -7.500000  0.980953 -0.023386 -0.192830  0.297985 0.540026 0
0  2.472947 -0.021355 -5.266616  0.980953 -0.023385 -0.192832  0.297985 0.540026 0
0  2.480859 -0.880315 -5.013293  0.980953 -0.023385 -0.192832  0.297985 0.540026 0
painted_wood_01
0  2.512505 0.728645 -2.875000  -0.924267 -0.001646 0.381743  0.297985 0.540026 0
0  1.637505 0.728645 -5.000000  -0.924267 -0.001646 0.381743  0.297985 0.540026 0
0  1.637505 -0.771355 -5.000000  -0.924267 -0.001646 0.381742  0.297985 0.540026 0
painted_wood_01
0  1.637505 -0.771355 -5.000000  -0.910196 -0.018345 0.413772  0.297985 0.540026 0
0  1.637505 0.728645 -5.000000  -0.910196 -0.018348 0.413771  0.297985 0.540026 0
0  0.700005 -0.021355 -7.187500  -0.910196 -0.018346 0.413772  0.297985 0.540026 0
painted_wood_01
0  1.637505 0.728645 -5.000000  -0.910199 -0.018382 0.413764  0.297985 0.540026 0
0  0.714084 1.045014 -6.790635  -0.910195 -0.018380 0.413772  0.297985 0.540026 0
0  0.700005 -0.021355 -7.187500  -0.910198 -0.018381 0.413764  0.297985 0.540026 0
painted_wood_01
0  0.700005 -0.021355 -7.187500  -0.310842 -0.126207 -0.942045  0.297985 0.540026 0
0  2.012505 -0.021355 -7.500000  -0.310842 -0.126207 -0.942045  0.297985 0.540026 0
0  2.012505 -0.921355 -7.500000  -0.310843 -0.126207 -0.942045  0.297985 0.540026 0
painted_wood_01
0  0.714084 1.045014 -6.790635  -0.347584 0.187867 -0.918636  0.297985 0.540026 0
0  2.012505 0.878645 -7.500000  -0.347583 0.187866 -0.918636  0.297985 0.540026 0
0  2.012505 -0.021355 -7.500000  -0.347591 0.187873 -0.918632  0.297985 0.540026 0
painted_wood_01
0  2.012505 0.878645 -7.500000  0.980955 0.023351 -0.192828  0.297985 0.540026 0
0  2.480859 0.837606 -5.013293  0.980955 0.023350 -0.192826  0.297985 0.540026 0
0  2.472947 -0.021355 -5.266616  0.980955 0.023351 -0.192828  0.297985 0.540026 0
painted_wood_01
0  2.012505 0.878645 -7.500000  0.991579 0.113949 -0.061531  0.297985 0.540026 0
0  2.012505 -0.021355 -7.500000  0.991579 0.113947 -0.061534  0.297985 0.540026 0
0  2.012505 -0.021355 -9.166667  0.991579 0.113953 -0.061522  0.297985 0.540026 0
painted_wood_01
0  2.012505 -0.921355 -7.500000  -0.991579 0.113953 0.061523  0.297985 0.540026 0
0  2.012505 -0.021355 -7.500000  -0.991579 0.113950 0.061529  0.297985 0.540026 0
0  2.012505 -0.021355 -9.166667  -0.991579 0.113953 0.061522  0.297985 0.540026 0
painted_wood_01
0  2.012505 -0.021355 -7.500000  0.805668 0.247881 0.538009  0.297985 0.540026 0
0  2.845839 -0.021355 -8.333334  0.805666 0.247879 0.538013  0.297985 0.540026 0
0  2.784818 0.618857 -8.951455  0.805665 0.247879 0.538015  0.297985 0.540026 0
painted_wood_01
0  2.012505 -0.021355 -7.500000  0.807338 -0.254575 0.532351  0.297985 0.540026 0
0  2.012505 -0.921355 -7.500000  0.807342 -0.254578 0.532342  0.297985 0.540026 0
0  2.784772 -0.624283 -8.959509  0.807345 -0.254581 0.532337  0.297985 0.540026 0
painted_wood_01
0  2.183056 0.028357 -13.200748  0.989938 0.001925 -0.141487  0.297985 0.540026 0
0  2.282311 0.873520 -12.213814  0.989938 0.001929 -0.141487  0.297985 0.540026 0
0  2.282129 -0.767094 -12.246031  0.989938 0.001924 -0.141487  0.297985 0.540026 0
painted_wood_01
0  2.282311 0.873520 -12.213814  0.989940 0.002053 -0.141474  0.297985 0.540026 0
0  2.784818 0.618857 -8.951455  0.989939 0.001925 -0.141484  0.297985 0.540026 0
0  2.282129 -0.767094 -12.246031  0.989939 0.001927 -0.141484  0.297985 0.540026 0
painted_wood_01
0  0.512505 -0.021355 -7.833333  -0.085768 0.000404 -0.996315  0.297985 0.540026 0
0  0.635942 -0.896355 -8.062500  -0.085778 0.000395 -0.996314  0.297985 0.540026 0
0  0.000000 -0.688022 -7.833333  -0.085767 0.000405 -0.996315  0.297985 0.540026 0
painted_wood_01
0  0.000000 -0.688022 -7.833333  -0.085689 0.000344 -0.996322  0.297985 0.540026 0
0  0.000000 0.778794 -7.916151  -0.085694 0.000328 -0.996321  0.297985 0.540026 0
0  0.512505 -0.021355 -7.833333  -0.085697 0.000321 -0.996321  0.297985 0.540026 0
painted_wood_01
0  0.000000 0.778794 -7.916151  -0.085767 0.000372 -0.996315  0.297985 0.540026 0
0  0.265241 1.112127 -7.916151  -0.085756 0.000379 -0.996316  0.297985 0.540026 0
0  0.647666 0.958734 -7.999691  -0.085749 0.000383 -0.996317  0.297985 0.540026 0
painted_wood_01
0  0.711255 -0.921355 -6.950000  -0.986440 -0.074126 0.146427  0.297985 0.540026 0
0  0.700005 -0.021355 -7.187500  -0.986439 -0.074132 0.146432  0.297985 0.540026 0
0  0.512505 -0.021355 -7.833333  -0.986440 -0.074129 0.146429  0.297985 0.540026 0
painted_wood_01
0  0.700005 -0.021355 -7.187500  -0.989498 0.057181 0.132758  0.297985 0.540026 0
0  0.714084 1.045014 -6.790635  -0.989498 0.057180 0.132759  0.297985 0.540026 0
0  0.647666 0.958734 -7.999691  -0.989498 0.057180 0.132759  0.297985 0.540026 0
painted_wood_01
0  0.647666 0.958734 -7.999691  -0.715898 0.014416 -0.698057  0.297985 0.540026 0
0  1.793755 0.854166 -9.402347  -0.715912 0.014422 -0.698041  0.297985 0.540026 0
0  2.012505 -0.021355 -9.166667  -0.715892 0.014414 -0.698062  0.297985 0.540026 0
painted_wood_01
0  2.012505 -0.021355 -9.166667  -0.715896 0.014474 -0.698057  0.297985 0.540026 0
0  1.793755 -0.896876 -9.402347  -0.715900 0.014473 -0.698053  0.297985 0.540026 0
0  0.635942 -0.896355 -8.062500  -0.715907 0.014471 -0.698045  0.297985 0.540026 0
painted_wood_01
0  0.635942 -0.896355 -8.062500  -0.715895 0.014457 -0.698058  0.297985 0.540026 0
0  0.512505 -0.021355 -7.833333  -0.715889 0.014450 -0.698065  0.297985 0.540026 0
0  2.012505 -0.021355 -9.166667  -0.715899 0.014461 -0.698054  0.297985 0.540026 0
painted_wood_01
0  2.012505 0.878645 -7.500000  0.073936 0.996368 -0.042254  0.297985 0.540026 0
0  1.793755 0.854166 -9.402347  0.073938 0.996367 -0.042253  0.297985 0.540026 0
0  0.647666 0.958734 -7.999691  0.073938 0.996367 -0.042253  0.297985 0.540026 0
painted_wood_01
0  2.012505 -0.921355 -7.500000  -0.011934 -0.999813 -0.015230  0.297985 0.540026 0
0  0.711255 -0.921355 -6.950000  -0.011934 -0.999813 -0.015230  0.297985 0.540026 0
0  0.635942 -0.896355 -8.062500  -0.011935 -0.999813 -0.015230  0.297985 0.540026 0
painted_wood_01
0  2.282129 -0.767094 -12.246031  -0.272465 -0.721380 -0.636690  0.297985 0.540026 0
0  1.861639 -0.827343 -12.093597  -0.272458 -0.721390 -0.636681  0.297985 0.540026 0
0  1.818061 -0.021355 -12.892387  -0.272462 -0.721384 -0.636686  0.297985 0.540026 0
painted_wood_01
0  2.183056 0.028357 -13.200748  -0.416294 0.676545 -0.607442  0.297985 0.540026 0
0  1.818061 -0.021355 -12.892387  -0.416295 0.676546 -0.607441  0.297985 0.540026 0
0  1.861700 0.834345 -12.082859  -0.416293 0.676541 -0.607447  0.297985 0.540026 0
painted_wood_01
0  2.012505 -0.021355 -9.166667  -0.999790 0.000008 0.020495  0.297985 0.540026 0
0  1.793755 0.854166 -9.402347  -0.999790 0.000012 0.020475  0.297985 0.540026 0
0  1.861700 0.834345 -12.082859  -0.999790 0.000009 0.020491  0.297985 0.540026 0
painted_wood_01
0  1.861700 0.834345 -12.082859  -0.999790 0.000047 0.020485  0.297985 0.540026 0
0  1.818061 -0.021355 -12.892387  -0.999790 0.000044 0.020485  0.297985 0.540026 0
0  1.861639 -0.827343 -12.093597  -0.999790 0.000045 0.020485  0.297985 0.540026 0
painted_wood_01
0  1.861639 -0.827343 -12.093597  -0.999790 0.000105 0.020486  0.297985 0.540026 0
0  1.793755 -0.896876 -9.402347  -0.999790 0.000106 0.020492  0.297985 0.540026 0
0  2.012505 -0.021355 -9.166667  -0.999790 0.000104 0.020475  0.297985 0.540026 0
painted_wood_01
0  1.793755 -0.896876 -9.402347  0.246687 -0.968945 -0.017051  0.297985 0.540026 0
0  1.861639 -0.827343 -12.093597  0.246686 -0.968945 -0.017044  0.297985 0.540026 0
0  2.282129 -0.767094 -12.246031  0.246686 -0.968946 -0.017030  0.297985 0.540026 0
painted_wood_01
0  2.282129 -0.767094 -12.246031  0.246724 -0.968936 -0.017042  0.297985 0.540026 0
0  2.784772 -0.624283 -8.959509  0.246724 -0.968936 -0.017041  0.297985 0.540026 0
0  1.793755 -0.896876 -9.402347  0.246725 -0.968936 -0.017042  0.297985 0.540026 0
painted_wood_01
0  0.711255 -0.921355 -6.950000  0.154303 -0.179786 0.971529  0.297985 0.540026 0
0  0.700005 -0.021355 -7.187500  0.154282 -0.179804 0.971529  0.297985 0.540026 0
0  0.000000 -0.688022 -7.166667  0.154252 -0.179829 0.971529  0.297985 0.540026 0
painted_wood_01
0  0.700005 -0.021355 -7.187500  0.154268 -0.179832 0.971526  0.297985 0.540026 0
0  0.714084 1.045014 -6.790635  0.154271 -0.179831 0.971525  0.297985 0.540026 0
0  0.000000 0.944715 -6.664604  0.154246 -0.179840 0.971528  0.297985 0.540026 0
painted_wood_01
0  1.861700 0.834345 -12.082859  0.167378 0.985861 0.007898  0.297985 0.540026 0
0  1.793755 0.854166 -9.402347  0.167377 0.985861 0.007908  0.297985 0.540026 0
0  2.282311 0.873520 -12.213814  0.167378 0.985861 0.007903  0.297985 0.540026 0
painted_wood_01
0  1.793755 0.854166 -9.402347  0.167419 0.985854 0.007914  0.297985 0.540026 0
0  2.012505 0.878645 -7.500000  0.167417 0.985854 0.007911  0.297985 0.540026 0
0  2.784818 0.618857 -8.951455  0.167414 0.985855 0.007906  0.297985 0.540026 0
painted_wood_01
0  2.845839 0.645312 -0.000000  -0.106354 0.991326 0.077213  0.297985 0.540026 0
0  4.121283 0.677346 -0.000000  -0.106353 0.991327 0.077206  0.297985 0.540026 0
0  3.387505 0.927346 -2.875000  -0.106354 0.991326 0.077214  0.297985 0.540026 0
painted_wood_01
0  0.670826 3.978645 -1.987621  0.994962 0.000000 -0.100255  0.297985 0.540026 0
0  0.670826 2.978645 -1.987621  0.994962 0.000000 -0.100255  0.297985 0.540026 0
0  0.570064 3.053748 -2.987621  0.994962 0.000000 -0.100255  0.297985 0.540026 0
painted_wood_01
0  0.670826 2.978645 -1.987621  0.000000 -0.997192 -0.074892  0.297985 0.540026 0
0  0.000000 2.978645 -1.987621  0.000000 -0.997192 -0.074892  0.297985 0.540026 0
0  0.000000 3.053748 -2.987621  0.000000 -0.997192 -0.074892  0.297985 0.540026 0
painted_wood_01
0  0.570064 3.903542 -2.987621  0.986882 0.065382 0.147608  0.297985 0.540026 0
0  0.570064 3.053748 -2.987621  0.986883 0.065379 0.147603  0.297985 0.540026 0
0  0.943955 2.775068 -4.987620  0.986884 0.065377 0.147600  0.297985 0.540026 0
painted_wood_01
0  0.570064 3.053748 -2.987621  0.000000 -0.990431 0.138007  0.297985 0.540026 0
0  0.000000 3.053748 -2.987621  0.000000 -0.990431 0.138007  0.297985 0.540026 0
0  0.000000 2.775068 -4.987620  0.000000 -0.990431 0.138007  0.297985 0.540026 0
painted_wood_01
0  0.943955 2.775068 -4.987620  0.096125 -0.698905 0.708726  0.297985 0.540026 0
0  0.000000 2.775068 -4.987620  0.096121 -0.698913 0.708718  0.297985 0.540026 0
0  0.000000 0.944715 -6.664604  0.096119 -0.698915 0.708716  0.297985 0.540026 0
painted_wood_01
0  0.714084 1.045014 -6.790635  0.994045 -0.031003 -0.104465  0.297985 0.540026 0
0  0.647666 0.958734 -7.999691  0.994045 -0.031002 -0.104467  0.297985 0.540026 0
0  0.620368 1.779539 -7.496905  0.994046 -0.031005 -0.104460  0.297985 0.540026 0
painted_wood_01
0  0.714084 1.045014 -6.790635  0.994039 -0.031048 -0.104512  0.297985 0.540026 0
0  0.620368 1.779539 -7.496905  0.994039 -0.031049 -0.104512  0.297985 0.540026 0
0  0.728230 2.580434 -6.993810  0.994039 -0.031051 -0.104512  0.297985 0.540026 0
painted_wood_01
0  0.943955 4.182222 -5.987621  0.994041 -0.031081 -0.104486  0.297985 0.540026 0
0  0.943955 2.775068 -4.987620  0.994041 -0.031081 -0.104486  0.297985 0.540026 0
0  0.836093 3.381328 -6.490716  0.994041 -0.031080 -0.104482  0.297985 0.540026 0
painted_wood_01
0  0.943955 2.775068 -4.987620  0.994041 -0.031061 -0.104486  0.297985 0.540026 0
0  0.714084 1.045014 -6.790635  0.994041 -0.031060 -0.104486  0.297985 0.540026 0
0  0.728230 2.580434 -6.993810  0.994041 -0.031061 -0.104486  0.297985 0.540026 0
painted_wood_01
0  0.728230 2.580434 -6.993810  0.000000 0.531926 -0.846791  0.297985 0.540026 0
0  0.620368 1.779539 -7.496905  0.000000 0.531926 -0.846791  0.297985 0.540026 0
0  0.310184 1.779539 -7.496905  0.000000 0.531926 -0.846791  0.297985 0.540026 0
painted_wood_01
0  0.620368 1.779539 -7.496905  0.014098 0.526484 -0.850068  0.297985 0.540026 0
0  0.647666 0.958734 -7.999691  0.014117 0.526518 -0.850047  0.297985 0.540026 0
0  0.265241 1.112127 -7.916151  0.014098 0.526484 -0.850068  0.297985 0.540026 0
painted_wood_01
0  0.943955 4.182222 -5.987621  0.000000 0.531926 -0.846791  0.297985 0.540026 0
0  0.836093 3.381328 -6.490716  0.000000 0.531926 -0.846791  0.297985 0.540026 0
0  0.418047 3.381328 -6.490716  0.000000 0.531926 -0.846791  0.297985 0.540026 0
painted_wood_01
0  0.418047 3.381328 -6.490716  0.000000 0.531926 -0.846791  0.297985 0.540026 0
0  0.836093 3.381328 -6.490716  0.000000 0.531926 -0.846791  0.297985 0.540026 0
0  0.391081 2.980881 -6.742263  0.000000 0.531926 -0.846791  0.297985 0.540026 0
painted_wood_01
0  0.836093 3.381328 -6.490716  0.000001 0.531925 -0.846791  0.297985 0.540026 0
0  0.728230 2.580434 -6.993810  0.000001 0.531925 -0.846791  0.297985 0.540026 0
0  0.391081 2.980881 -6.742263  0.000001 0.531925 -0.846791  0.297985 0.540026 0
gold_player
0  3.918755 -1.085680 -1.487500  0.629963 -0.733330 -0.255683  0.297770 0.539834 0
0  3.259901 -1.708855 -1.414583  0.629964 -0.733330 -0.255682  0.297770 0.539834 0
0  3.075005 -1.425521 -2.591667  0.629963 -0.733330 -0.255683  0.297770 0.539834 0
gold_player
0  4.300971 -0.882555 0.000000  0.709912 -0.694546 -0.116754  0.297770 0.539834 0
0  3.439589 -1.825521 0.000000  0.709910 -0.694548 -0.116757  0.297770 0.539834 0
0  3.259901 -1.708855 -1.414583  0.709908 -0.694549 -0.116759  0.297770 0.539834 0
gold_player
0  3.439589 -1.825521 0.000000  -0.721311 -0.686864 0.089042  0.297770 0.539834 0
0  2.668755 -0.904688 0.000000  -0.721306 -0.686868 0.089051  0.297770 0.539834 0
0  2.637505 -1.175521 -1.483333  -0.721309 -0.686866 0.089046  0.297770 0.539834 0
painted_wood_01
0  0.000000 -0.688022 -7.166667  -0.311574 -0.950222 -0.000201  0.297985 0.540026 0
0  0.000000 -0.688022 -7.833333  -0.311574 -0.950222 -0.000201  0.297985 0.540026 0
0  0.635942 -0.896355 -8.062500  -0.311574 -0.950222 -0.000201  0.297985 0.540026 0
painted_wood_01
0  0.000000 3.903542 -2.987621  0.000000 0.997192 -0.074892  0.297985 0.540026 0
0  0.000000 3.978645 -1.987621  0.000000 0.997192 -0.074892  0.297985 0.540026 0
0  0.670826 3.978645 -1.987621  0.000000 0.997192 -0.074892  0.297985 0.540026 0
painted_wood_01
0  0.471977 4.182222 -5.987621  0.000000 0.995713 0.092495  0.297985 0.540026 0
0  0.000000 4.182222 -5.987621  0.000000 0.995713 0.092495  0.297985 0.540026 0
0  0.000000 3.903542 -2.987621  0.000000 0.995713 0.092495  0.297985 0.540026 0
painted_wood_01
0  0.000000 3.903542 -2.987621  0.000000 0.995713 0.092495  0.297985 0.540026 0
0  0.570064 3.903542 -2.987621  0.000000 0.995713 0.092495  0.297985 0.540026 0
0  0.471977 4.182222 -5.987621  0.000000 0.995713 0.092495  0.297985 0.540026 0
painted_wood_01
0  0.670826 2.978646 -0.000000  0.000000 -1.000000 0.000000  0.297985 0.540026 0
0  0.000000 2.978646 -0.000000  0.000000 -1.000000 0.000000  0.297985 0.540026 0
0  0.000000 2.978645 -1.987621  0.000000 -1.000000 0.000000  0.297985 0.540026 0
painted_wood_01
0  0.000000 3.978645 -1.987621  0.000000 1.000000 -0.000000  0.297985 0.540026 0
0  0.000000 3.978646 -0.000000  0.000000 1.000000 -0.000000  0.297985 0.540026 0
0  0.670826 3.978646 -0.000000  0.000000 1.000000 -0.000000  0.297985 0.540026 0
painted_wood_01
0  0.670826 2.978646 -0.000000  1.000000 -0.000000 0.000000  0.297985 0.540026 0
0  0.670826 2.978645 -1.987621  1.000000 -0.000000 0.000000  0.297985 0.540026 0
0  0.670826 3.978645 -1.987621  1.000000 -0.000000 0.000000  0.297985 0.540026 0
painted_wood_01
0  0.000000 0.778794 -7.916151  -0.254713 0.439756 -0.861241  0.297985 0.540026 0
0  0.000000 1.779539 -7.496905  -0.254720 0.439735 -0.861250  0.297985 0.540026 0
0  0.310184 1.779539 -7.496905  -0.254718 0.439741 -0.861247  0.297985 0.540026 0
painted_wood_01
0  4.394749 0.501679 -0.708227  0.516944 0.852923 -0.072740  0.297985 0.540026 0
0  3.645416 0.716896 -2.918450  0.516940 0.852925 -0.072749  0.297985 0.540026 0
0  3.387505 0.927346 -2.875000  0.516937 0.852926 -0.072754  0.297985 0.540026 0
painted_wood_01
0  3.645416 0.716896 -2.918450  0.593606 0.751967 -0.286668  0.297985 0.540026 0
0  2.921625 0.666884 -4.522981  0.593605 0.751967 -0.286668  0.297985 0.540026 0
0  2.480859 0.837606 -5.013293  0.593605 0.751967 -0.286669  0.297985 0.540026 0
painted_wood_01
0  4.198238 -0.565172 -1.635876  0.810251 -0.563746 -0.160258  0.297985 0.540026 0
0  4.545433 -0.446622 -0.566948  0.810252 -0.563747 -0.160256  0.297985 0.540026 0
0  4.300971 -0.882555 0.000000  0.810251 -0.563745 -0.160261  0.297985 0.540026 0
painted_wood_01
0  3.009807 -0.428818 -4.569202  0.766905 -0.509690 -0.389965  0.297985 0.540026 0
0  3.687321 -0.526207 -3.103505  0.766905 -0.509690 -0.389964  0.297985 0.540026 0
0  3.392714 -1.032555 -3.027083  0.766906 -0.509690 -0.389964  0.297985 0.540026 0
painted_wood_01
0  2.863658 0.119033 -4.750208  0.752469 -0.117628 -0.648039  0.297985 0.540026 0
0  3.009807 -0.428818 -4.569202  0.752465 -0.117638 -0.648042  0.297985 0.540026 0
0  2.480859 -0.880315 -5.013293  0.752467 -0.117631 -0.648040  0.297985 0.540026 0
painted_wood_01
0  4.545433 -0.446622 -0.566948  0.906721 0.141820 0.397171  0.297985 0.540026 0
0  4.394749 0.501679 -0.708227  0.906720 0.141822 0.397172  0.297985 0.540026 0
0  4.121283 0.677346 -0.000000  0.906720 0.141821 0.397171  0.297985 0.540026 0
painted_wood_01
0  2.921625 0.666884 -4.522981  0.761357 0.177428 -0.623582  0.297985 0.540026 0
0  2.863658 0.119033 -4.750208  0.761357 0.177429 -0.623582  0.297985 0.540026 0
0  2.472947 -0.021355 -5.266616  0.761357 0.177428 -0.623582  0.297985 0.540026 0
painted_wood_01
0  3.687321 -0.526207 -3.103505  0.805599 -0.514629 -0.293541  0.297985 0.540026 0
0  4.198238 -0.565172 -1.635876  0.805599 -0.514629 -0.293541  0.297985 0.540026 0
0  3.918755 -1.085680 -1.487500  0.805599 -0.514629 -0.293541  0.297985 0.540026 0
painted_wood_01
0  0.000000 4.182222 -5.987621  0.000000 1.000000 0.000000  0.297985 0.540026 0
0  0.471977 4.182222 -5.987621  0.000000 1.000000 0.000000  0.297985 0.540026 0
0  0.471977 4.182222 -6.415844  0.000000 1.000000 0.000000  0.297985 0.540026 0
painted_wood_01
0  0.471977 4.182222 -5.987621  0.997741 -0.067185 0.000000  0.297985 0.540026 0
0  0.418047 3.381328 -6.490716  0.997741 -0.067185 0.000000  0.297985 0.540026 0
0  0.418047 3.381328 -6.918939  0.997741 -0.067185 0.000000  0.297985 0.540026 0
painted_wood_01
0  0.418047 3.381328 -6.490716  0.997740 -0.067188 0.000000  0.297985 0.540026 0
0  0.391081 2.980881 -6.742263  0.997740 -0.067188 0.000000  0.297985 0.540026 0
0  0.391081 2.980881 -7.170486  0.997740 -0.067188 0.000000  0.297985 0.540026 0
painted_wood_01
0  0.310184 1.779539 -7.496905  0.000000 -1.000000 -0.000000  0.297985 0.540026 0
0  0.000000 1.779539 -7.496905  0.000000 -1.000000 -0.000000  0.297985 0.540026 0
0  0.000000 1.779539 -7.925128  0.000000 -1.000000 -0.000000  0.297985 0.540026 0
painted_wood_01
0  0.364115 2.580434 -6.993810  0.997741 -0.067185 0.000000  0.297985 0.540026 0
0  0.310184 1.779539 -7.496905  0.997741 -0.067185 0.000000  0.297985 0.540026 0
0  0.310184 1.779539 -7.925128  0.997741 -0.067185 0.000000  0.297985 0.540026 0
painted_wood_01
0  0.391081 2.980881 -6.742263  0.997740 -0.067187 0.000000  0.297985 0.540026 0
0  0.364115 2.580434 -6.993810  0.997740 -0.067187 0.000000  0.297985 0.540026 0
0  0.364115 2.580434 -7.422033  0.997740 -0.067187 0.000000  0.297985 0.540026 0
painted_wood_01
0  0.418047 3.381328 -6.918939  0.746046 -0.389506 0.540093  0.297985 0.540026 0
0  0.391081 2.980881 -7.170486  0.746046 -0.389506 0.540093  0.297985 0.540026 0
0  0.798587 2.980881 -7.733386  0.746046 -0.389506 0.540093  0.297985 0.540026 0
painted_wood_01
0  0.000000 4.182222 -6.415844  0.000000 1.000000 0.000000  0.297985 0.540026 0
0  0.471977 4.182222 -6.415844  0.000000 1.000000 0.000000  0.297985 0.540026 0
0  0.879483 4.182222 -6.978744  0.000000 1.000000 0.000000  0.297985 0.540026 0
painted_wood_01
0  0.471977 4.182222 -6.415844  0.746047 -0.389505 0.540093  0.297985 0.540026 0
0  0.418047 3.381328 -6.918939  0.746047 -0.389505 0.540093  0.297985 0.540026 0
0  0.825553 3.381328 -7.481839  0.746047 -0.389505 0.540093  0.297985 0.540026 0
painted_wood_01
0  0.364115 2.580434 -7.422033  0.746046 -0.389506 0.540094  0.297985 0.540026 0
0  0.310184 1.779539 -7.925128  0.746046 -0.389506 0.540094  0.297985 0.540026 0
0  0.717691 1.779539 -8.488029  0.746046 -0.389506 0.540094  0.297985 0.540026 0
painted_wood_01
0  0.391081 2.980881 -7.170486  0.746046 -0.389507 0.540092  0.297985 0.540026 0
0  0.364115 2.580434 -7.422033  0.746046 -0.389507 0.540092  0.297985 0.540026 0
0  0.771621 2.580434 -7.984934  0.746046 -0.389507 0.540092  0.297985 0.540026 0
painted_wood_01
0  0.717691 1.779539 -8.488029  0.775698 -0.288003 0.561558  0.297985 0.540026 0
0  0.310184 1.779539 -7.925128  0.775698 -0.288003 0.561558  0.297985 0.540026 0
0  0.310184 -2.786393 -10.266833  0.775698 -0.288003 0.561558  0.297985 0.540026 0
painted_wood_01
0  0.717691 -2.786394 -12.004841  1.000000 0.000000 0.000000  0.297985 0.540026 0
0  0.717691 -2.786393 -10.829734  1.000000 0.000000 0.000000  0.297985 0.540026 0
0  0.717691 -3.547149 -11.251204  1.000000 0.000000 0.000000  0.297985 0.540026 0
painted_wood_01
0  0.825553 3.381328 -7.481839  0.997740 -0.067188 0.000000  0.297985 0.540026 0
0  0.798587 2.980881 -7.733386  0.997740 -0.067188 0.000000  0.297985 0.540026 0
0  0.798587 2.980881 -8.487022  0.997740 -0.067188 0.000000  0.297985 0.540026 0
painted_wood_01
0  0.310184 1.779539 -7.925128  0.000000 -0.456348 0.889802  0.297985 0.540026 0
0  0.000000 1.779539 -7.925128  0.000000 -0.456348 0.889802  0.297985 0.540026 0
0  0.000000 -2.786393 -10.266833  0.000000 -0.456348 0.889802  0.297985 0.540026 0
painted_wood_01
0  0.000000 -2.786394 -12.004841  0.000000 0.000000 -1.000000  0.297985 0.540026 0
0  0.717691 -2.786394 -12.004841  0.000000 0.000000 -1.000000  0.297985 0.540026 0
0  0.717691 -3.547149 -12.004841  0.000000 0.000000 -1.000000  0.297985 0.540026 0
painted_wood_01
0  0.000000 4.182222 -7.732380  0.000000 0.000000 -1.000000  0.000000 0.000000 0
0  0.000000 4.640937 -7.732380  0.000000 0.000000 -1.000000  0.297985 0.540026 0
0  0.879483 4.640937 -7.732380  0.000000 0.000000 -1.000000  0.297985 0.540026 0
painted_wood_01
0  0.879483 4.182222 -6.978744  0.997740 -0.067186 0.000000  0.297985 0.540026 0
0  0.825553 3.381328 -7.481839  0.997740 -0.067186 0.000000  0.297985 0.540026 0
0  0.825553 3.381328 -8.235475  0.997740 -0.067186 0.000000  0.297985 0.540026 0
painted_wood_01
0  0.717691 1.779539 -8.488029  1.000000 0.000000 0.000000  0.297985 0.540026 0
0  0.717691 -2.786393 -10.829734  1.000000 0.000000 0.000000  0.297985 0.540026 0
0  0.717691 -2.786394 -12.004841  1.000000 0.000000 0.000000  0.297985 0.540026 0
painted_wood_01
0  0.771621 2.580434 -7.984934  0.997741 -0.067185 0.000000  0.297985 0.540026 0
0  0.717691 1.779539 -8.488029  0.997741 -0.067185 0.000000  0.297985 0.540026 0
0  0.717691 1.779539 -9.241665  0.997741 -0.067185 0.000000  0.297985 0.540026 0
painted_wood_01
0  0.798587 2.980881 -7.733386  0.997740 -0.067188 0.000000  0.297985 0.540026 0
0  0.771621 2.580434 -7.984934  0.997740 -0.067188 0.000000  0.297985 0.540026 0
0  0.771621 2.580434 -8.738570  0.997740 -0.067188 0.000000  0.297985 0.540026 0
painted_wood_01
0  0.000000 4.640937 -6.978744  0.000000 1.000000 0.000000  0.297985 0.540026 0
0  0.879483 4.640937 -6.978744  0.000000 1.000000 0.000000  0.297985 0.540026 0
0  0.879483 4.640937 -7.732380  0.000000 1.000000 0.000000  0.297985 0.540026 0
painted_wood_01
0  0.879483 4.182222 -6.978744  1.000000 0.000000 0.000000  0.297985 0.540026 0
0  0.879483 4.182222 -7.732380  1.000000 0.000000 0.000000  0.297985 0.540026 0
0  0.879483 4.640937 -7.732380  1.000000 0.000000 0.000000  0.297985 0.540026 0
painted_wood_01
0  0.000000 4.182222 -6.978744  0.000000 0.000000 1.000000  0.297985 0.540026 0
0  0.879483 4.182222 -6.978744  0.000000 0.000000 1.000000  0.297985 0.540026 0
0  0.879483 4.640937 -6.978744  0.000000 0.000000 1.000000  0.297985 0.540026 0
painted_wood_01
0  0.879483 4.182222 -7.732380  0.582061 0.404067 -0.705645  0.297985 0.540026 0
0  0.825553 3.381328 -8.235475  0.582061 0.404067 -0.705645  0.297985 0.540026 0
0  0.000000 1.779539 -9.833665  0.582061 0.404067 -0.705645  0.000000 0.000000 0
painted_wood_01
0  0.825553 3.381328 -8.235475  0.582063 0.404066 -0.705644  0.297985 0.540026 0
0  0.798587 2.980881 -8.487022  0.582063 0.404066 -0.705644  0.297985 0.540026 0
0  0.000000 1.779539 -9.833665  0.582063 0.404066 -0.705644  0.000000 0.000000 0
painted_wood_01
0  0.771621 2.580434 -8.738570  0.582062 0.404067 -0.705644  0.297985 0.540026 0
0  0.717691 1.779539 -9.241665  0.582062 0.404067 -0.705644  0.297985 0.540026 0
0  0.000000 1.779539 -9.833665  0.582062 0.404067 -0.705644  0.000000 0.000000 0
painted_wood_01
0  0.308368 -0.503427 -11.298902  0.992006 -0.116591 -0.048268  0.000000 0.000000 0
0  0.000000 -2.786394 -12.004841  0.992006 -0.116591 -0.048268  0.297985 0.540026 0
0  0.000000 -1.372622 -15.536958  0.992006 -0.116591 -0.048268  0.297985 0.540026 0
gold_player
0  0.000000 -0.503427 -11.298902  0.000000 0.920031 0.391846  0.000000 0.000000 0
0  0.308368 -0.503427 -11.298902  0.000000 0.920031 0.391846  0.000000 0.000000 0
0  0.308368 1.250243 -15.416418  0.000000 0.920031 0.391846  0.000000 0.000000 0
painted_wood_01
0  0.308368 1.250243 -15.416418  0.986901 -0.111093 -0.116984  0.000000 0.000000 0
0  0.000000 -1.372622 -15.536958  0.986901 -0.111093 -0.116984  0.297985 0.540026 0
0  0.000000 3.970484 -20.601133  0.986901 -0.111093 -0.116984  0.297985 0.540026 0
gold_player
0  0.000000 1.250243 -15.416418  0.000000 0.689640 0.724153  0.000000 0.000000 0
0  0.308368 1.250243 -15.416418  0.000000 0.689640 0.724153  0.000000 0.000000 0
0  0.308368 5.362860 -19.333027  0.000000 0.689640 0.724153  0.000000 0.000000 0
painted_wood_01
0  0.308368 5.362860 -19.333027  0.985836 -0.052182 -0.159385  0.000000 0.000000 0
0  0.000000 3.970484 -20.601133  0.985836 -0.052182 -0.159385  0.297985 0.540026 0
0  0.000000 9.721879 -22.667513  0.985837 -0.052183 -0.159384  0.297985 0.540026 0
gold_player
0  0.000000 5.362860 -19.333027  0.000000 0.350751 0.936469  0.000000 0.000000 0
0  0.308368 5.362860 -19.333027  0.000000 0.350751 0.936469  0.000000 0.000000 0
0  0.244019 9.912113 -21.036934  0.000000 0.350751 0.936469  0.000000 0.000000 0
painted_wood_01
0  0.310184 -3.547148 -10.688304  0.000000 -1.000000 0.000001  0.297985 0.540026 0
0  0.000000 -3.547148 -10.688304  0.000000 -1.000000 0.000001  0.297985 0.540026 0
0  0.000000 -3.547149 -11.251204  0.000000 -1.000000 0.000001  0.297985 0.540026 0
painted_wood_01
0  0.717691 -3.547149 -11.251204  0.000000 -1.000000 0.000000  0.297985 0.540026 0
0  0.000000 -3.547149 -11.251204  0.000000 -1.000000 0.000000  0.297985 0.540026 0
0  0.000000 -3.547149 -12.004841  0.000000 -1.000000 0.000000  0.297985 0.540026 0
painted_wood_01
0  0.717691 -2.786393 -10.829734  0.770383 -0.308981 0.557710  0.297985 0.540026 0
0  0.310184 -2.786393 -10.266833  0.770383 -0.308981 0.557710  0.297985 0.540026 0
0  0.310184 -3.547148 -10.688304  0.770383 -0.308981 0.557710  0.297985 0.540026 0
painted_wood_01
0  0.310184 -2.786393 -10.266833  0.000000 -0.484614 0.874728  0.297985 0.540026 0
0  0.000000 -2.786393 -10.266833  0.000000 -0.484614 0.874728  0.297985 0.540026 0
0  0.000000 -3.547148 -10.688304  0.000000 -0.484614 0.874728  0.297985 0.540026 0
painted_wood_01
0  4.394749 0.501679 -0.708227  0.928855 0.091821 -0.358884  0.297985 0.540026 0
0  4.545433 -0.446622 -0.566948  0.928854 0.091824 -0.358885  0.297985 0.540026 0
0  4.198238 -0.565172 -1.635876  0.928854 0.091825 -0.358885  0.297985 0.540026 0
painted_wood_01
0  4.198238 -0.565172 -1.635876  0.928852 0.091821 -0.358892  0.297985 0.540026 0
0  3.687321 -0.526207 -3.103505  0.928852 0.091824 -0.358891  0.297985 0.540026 0
0  3.645416 0.716896 -2.918450  0.928852 0.091824 -0.358891  0.297985 0.540026 0
painted_wood_01
0  3.687321 -0.526207 -3.103505  0.928852 0.091820 -0.358892  0.297985 0.540026 0
0  3.009807 -0.428818 -4.569202  0.928852 0.091819 -0.358892  0.297985 0.540026 0
0  2.921625 0.666884 -4.522981  0.928851 0.091824 -0.358892  0.297985 0.540026 0
painted_wood_01
0  3.645416 0.716896 -2.918450  0.928853 0.091822 -0.358889  0.297985 0.540026 0
0  3.687321 -0.526207 -3.103505  0.928853 0.091819 -0.358889  0.297985 0.540026 0
0  2.921625 0.666884 -4.522981  0.928853 0.091820 -0.358889  0.297985 0.540026 0
painted_wood_01
0  3.009807 -0.428818 -4.569202  0.928847 0.091822 -0.358905  0.297985 0.540026 0
0  2.863658 0.119033 -4.750208  0.928846 0.091824 -0.358905  0.297985 0.540026 0
0  2.921625 0.666884 -4.522981  0.928847 0.091815 -0.358905  0.297985 0.540026 0
c_invasion_wrangler_laser
0  0.000000 1.160283 -11.954980  0.202803 0.769949 -0.605021  0.000000 0.000000 0
0  0.883884 0.820443 -12.091182  0.202803 0.769949 -0.605021  0.000000 0.000000 0
0  0.618719 0.654854 -12.390794  0.202803 0.769949 -0.605021  0.000000 0.000000 0
c_invasion_wrangler_laser
0  0.000000 0.892741 -12.295453  -0.382683 -0.857569 -0.343698  0.000000 0.000000 0
0  0.618719 0.654854 -12.390794  -0.382683 -0.857569 -0.343698  0.000000 0.000000 0
0  0.618719 0.493766 -11.988860  -0.382683 -0.857569 -0.343698  0.000000 0.000000 0
c_invasion_wrangler_laser
0  0.000000 0.731654 -11.893519  0.202802 0.138989 0.969306  0.000000 0.000000 0
0  0.618719 0.493766 -11.988860  0.202802 0.138989 0.969306  0.000000 0.000000 0
0  0.883884 0.820443 -12.091182  0.202802 0.138989 0.969306  0.000000 0.000000 0
c_invasion_wrangler_laser
0  0.883884 0.820443 -12.091182  0.489607 0.503728 -0.711718  0.000000 0.000000 0
0  1.250000 -0.000000 -12.420000  0.489607 0.503728 -0.711718  0.000000 0.000000 0
0  0.875000 0.080543 -12.620967  0.489607 0.503728 -0.711718  0.000000 0.000000 0
c_invasion_wrangler_laser
0  0.618719 0.654854 -12.390794  -0.923879 -0.355217 -0.142364  0.000000 0.000000 0
0  0.875000 0.080543 -12.620967  -0.923879 -0.355217 -0.142364  0.000000 0.000000 0
0  0.875000 -0.080544 -12.219033  -0.923879 -0.355217 -0.142364  0.000000 0.000000 0
c_invasion_wrangler_laser
0  0.618719 0.493766 -11.988860  0.489610 -0.127233 0.862608  0.000000 0.000000 0
0  0.875000 -0.080544 -12.219033  0.489610 -0.127233 0.862608  0.000000 0.000000 0
0  1.250000 -0.000000 -12.420000  0.489610 -0.127233 0.862608  0.000000 0.000000 0
c_invasion_wrangler_laser
0  1.250000 -0.000000 -12.420000  0.489608 0.127233 -0.862610  0.000000 0.000000 0
0  0.883884 -0.820444 -12.748818  0.489608 0.127233 -0.862610  0.000000 0.000000 0
0  0.618719 -0.493767 -12.851140  0.489608 0.127233 -0.862610  0.000000 0.000000 0
c_invasion_wrangler_laser
0  0.875000 0.080543 -12.620967  -0.923880 0.355217 0.142364  0.000000 0.000000 0
0  0.618719 -0.493767 -12.851140  -0.923880 0.355217 0.142364  0.000000 0.000000 0
0  0.618719 -0.654855 -12.449206  -0.923880 0.355217 0.142364  0.000000 0.000000 0
c_invasion_wrangler_laser
0  0.875000 -0.080544 -12.219033  0.489608 -0.503727 0.711718  0.000000 0.000000 0
0  0.618719 -0.654855 -12.449206  0.489608 -0.503727 0.711718  0.000000 0.000000 0
0  0.883884 -0.820444 -12.748818  0.489608 -0.503727 0.711718  0.000000 0.000000 0
c_invasion_wrangler_laser
0  0.883884 -0.820444 -12.748818  0.202805 -0.138987 -0.969305  0.000000 0.000000 0
0  0.000000 -1.160283 -12.885020  0.202805 -0.138987 -0.969305  0.000000 0.000000 0
0  0.000000 -0.731655 -12.946481  0.202805 -0.138987 -0.969305  0.000000 0.000000 0
c_invasion_wrangler_laser
0  0.618719 -0.493767 -12.851140  -0.382684 0.857569 0.343698  0.000000 0.000000 0
0  0.000000 -0.731655 -12.946481  -0.382684 0.857569 0.343698  0.000000 0.000000 0
0  0.000000 -0.892742 -12.544547  -0.382684 0.857569 0.343698  0.000000 0.000000 0
c_invasion_wrangler_laser
0  0.618719 -0.654855 -12.449206  0.202803 -0.769949 0.605020  0.000000 0.000000 0
0  0.000000 -0.892742 -12.544547  0.202803 -0.769949 0.605020  0.000000 0.000000 0
0  0.000000 -1.160283 -12.885020  0.202803 -0.769949 0.605020  0.000000 0.000000 0
c_invasion_wrangler_laser
0  0.000000 1.816624 -13.571524  0.202803 0.769949 -0.605021  0.000000 0.000000 0
0  0.883884 1.476784 -13.707726  0.202803 0.769949 -0.605021  0.000000 0.000000 0
0  0.618719 1.311195 -14.007338  0.202803 0.769949 -0.605021  0.000000 0.000000 0
c_invasion_wrangler_laser
0  0.000000 1.549082 -13.911997  -0.382683 -0.857570 -0.343698  0.000000 0.000000 0
0  0.618719 1.311195 -14.007338  -0.382683 -0.857570 -0.343698  0.000000 0.000000 0
0  0.618719 1.150107 -13.605404  -0.382683 -0.857570 -0.343698  0.000000 0.000000 0
c_invasion_wrangler_laser
0  0.000000 1.387995 -13.510063  0.202803 0.138989 0.969305  0.000000 0.000000 0
0  0.618719 1.150107 -13.605404  0.202803 0.138989 0.969305  0.000000 0.000000 0
0  0.883884 1.476784 -13.707726  0.202803 0.138989 0.969305  0.000000 0.000000 0
c_invasion_wrangler_laser
0  0.883884 1.476784 -13.707726  0.489611 0.503727 -0.711717  0.000000 0.000000 0
0  1.250000 0.656341 -14.036544  0.489611 0.503727 -0.711717  0.000000 0.000000 0
0  0.875000 0.736884 -14.237511  0.489611 0.503727 -0.711717  0.000000 0.000000 0
c_invasion_wrangler_laser
0  0.618719 1.311195 -14.007338  -0.923879 -0.355217 -0.142365  0.000000 0.000000 0
0  0.875000 0.736884 -14.237511  -0.923879 -0.355217 -0.142365  0.000000 0.000000 0
0  0.875000 0.575797 -13.835577  -0.923879 -0.355217 -0.142365  0.000000 0.000000 0
c_invasion_wrangler_laser
0  0.618719 1.150107 -13.605404  0.489612 -0.127233 0.862608  0.000000 0.000000 0
0  0.875000 0.575797 -13.835577  0.489612 -0.127233 0.862608  0.000000 0.000000 0
0  1.250000 0.656341 -14.036544  0.489612 -0.127233 0.862608  0.000000 0.000000 0
c_invasion_wrangler_laser
0  1.250000 0.656341 -14.036544  0.489610 0.127233 -0.862609  0.000000 0.000000 0
0  0.883884 -0.164103 -14.365362  0.489610 0.127233 -0.862609  0.000000 0.000000 0
0  0.618719 0.162574 -14.467684  0.489610 0.127233 -0.862609  0.000000 0.000000 0
c_invasion_wrangler_laser
0  0.875000 0.736884 -14.237511  -0.923879 0.355219 0.142365  0.000000 0.000000 0
0  0.618719 0.162574 -14.467684  -0.923879 0.355219 0.142365  0.000000 0.000000 0
0  0.618719 0.001486 -14.065750  -0.923879 0.355219 0.142365  0.000000 0.000000 0
c_invasion_wrangler_laser
0  0.875000 0.575797 -13.835577  0.489610 -0.503727 0.711717  0.000000 0.000000 0
0  0.618719 0.001486 -14.065750  0.489610 -0.503727 0.711717  0.000000 0.000000 0
0  0.883884 -0.164103 -14.365362  0.489610 -0.503727 0.711717  0.000000 0.000000 0
c_invasion_wrangler_laser
0  0.883884 -0.164103 -14.365362  0.202803 -0.138987 -0.969306  0.000000 0.000000 0
0  0.000000 -0.503942 -14.501564  0.202803 -0.138987 -0.969306  0.000000 0.000000 0
0  0.000000 -0.075314 -14.563025  0.202803 -0.138987 -0.969306  0.000000 0.000000 0
c_invasion_wrangler_laser
0  0.618719 0.162574 -14.467684  -0.382684 0.857569 0.343698  0.000000 0.000000 0
0  0.000000 -0.075314 -14.563025  -0.382684 0.857569 0.343698  0.000000 0.000000 0
0  0.000000 -0.236401 -14.161091  -0.382684 0.857569 0.343698  0.000000 0.000000 0
c_invasion_wrangler_laser
0  0.618719 0.001486 -14.065750  0.202803 -0.769949 0.605020  0.000000 0.000000 0
0  0.000000 -0.236401 -14.161091  0.202803 -0.769949 0.605020  0.000000 0.000000 0
0  0.000000 -0.503942 -14.501564  0.202803 -0.769949 0.605020  0.000000 0.000000 0
c_invasion_wrangler_laser
0  0.000000 3.056017 -15.051561  0.202803 0.946025 -0.252800  0.000000 0.000000 0
0  0.883884 2.797308 -15.310621  0.202803 0.946025 -0.252800  0.000000 0.000000 0
0  0.618719 2.763132 -15.651237  0.202803 0.946025 -0.252800  0.000000 0.000000 0
c_invasion_wrangler_laser
0  0.000000 2.944228 -15.469896  -0.382684 -0.652839 -0.653723  0.000000 0.000000 0
0  0.618719 2.763132 -15.651237  -0.382684 -0.652839 -0.653723  0.000000 0.000000 0
0  0.618719 2.456738 -15.345259  -0.382684 -0.652839 -0.653723  0.000000 0.000000 0
c_invasion_wrangler_laser
0  0.000000 2.637834 -15.163918  0.202804 -0.254081 0.945681  0.000000 0.000000 0
0  0.618719 2.456738 -15.345259  0.202804 -0.254081 0.945681  0.000000 0.000000 0
0  0.883884 2.797308 -15.310621  0.202804 -0.254081 0.945681  0.000000 0.000000 0
c_invasion_wrangler_laser
0  0.883884 2.797308 -15.310621  0.489609 0.743359 -0.455741  0.000000 0.000000 0
0  1.250000 2.172732 -15.936045  0.489609 0.743359 -0.455741  0.000000 0.000000 0
0  0.875000 2.325928 -16.089033  0.489609 0.743359 -0.455741  0.000000 0.000000 0
c_invasion_wrangler_laser
0  0.618719 2.763132 -15.651237  -0.923879 -0.270415 -0.270782  0.000000 0.000000 0
0  0.875000 2.325928 -16.089033  -0.923879 -0.270415 -0.270782  0.000000 0.000000 0
0  0.875000 2.019535 -15.783054  -0.923879 -0.270415 -0.270782  0.000000 0.000000 0
c_invasion_wrangler_laser
0  0.618719 2.456738 -15.345259  0.489610 -0.456745 0.742742  0.000000 0.000000 0
0  0.875000 2.019535 -15.783054  0.489610 -0.456745 0.742742  0.000000 0.000000 0
0  1.250000 2.172732 -15.936045  0.489610 -0.456745 0.742742  0.000000 0.000000 0
c_invasion_wrangler_laser
0  1.250000 2.172732 -15.936045  0.489608 0.456747 -0.742743  0.000000 0.000000 0
0  0.883884 1.548155 -16.561466  0.489608 0.456747 -0.742743  0.000000 0.000000 0
0  0.618719 1.888724 -16.526829  0.489608 0.456747 -0.742743  0.000000 0.000000 0
c_invasion_wrangler_laser
0  0.875000 2.325928 -16.089033  -0.923879 0.270415 0.270782  0.000000 0.000000 0
0  0.618719 1.888724 -16.526829  -0.923879 0.270415 0.270782  0.000000 0.000000 0
0  0.618719 1.582331 -16.220850  -0.923879 0.270415 0.270782  0.000000 0.000000 0
c_invasion_wrangler_laser
0  0.875000 2.019535 -15.783054  0.489607 -0.743360 0.455742  0.000000 0.000000 0
0  0.618719 1.582331 -16.220850  0.489607 -0.743360 0.455742  0.000000 0.000000 0
0  0.883884 1.548155 -16.561466  0.489607 -0.743360 0.455742  0.000000 0.000000 0
c_invasion_wrangler_laser
0  0.883884 1.548155 -16.561466  0.202801 0.254084 -0.945682  0.000000 0.000000 0
0  0.000000 1.289446 -16.820526  0.202801 0.254084 -0.945682  0.000000 0.000000 0
0  0.000000 1.707628 -16.708170  0.202801 0.254084 -0.945682  0.000000 0.000000 0
c_invasion_wrangler_laser
0  0.618719 1.888724 -16.526829  -0.382684 0.652839 0.653723  0.000000 0.000000 0
0  0.000000 1.707628 -16.708170  -0.382684 0.652839 0.653723  0.000000 0.000000 0
0  0.000000 1.401235 -16.402191  -0.382684 0.652839 0.653723  0.000000 0.000000 0
c_invasion_wrangler_laser
0  0.618719 1.582331 -16.220850  0.202802 -0.946025 0.252800  0.000000 0.000000 0
0  0.000000 1.401235 -16.402191  0.202802 -0.946025 0.252800  0.000000 0.000000 0
0  0.000000 1.289446 -16.820526  0.202802 -0.946025 0.252800  0.000000 0.000000 0
c_invasion_wrangler_laser
0  0.000000 5.226317 -17.256866  0.202804 0.946024 -0.252801  0.000000 0.000000 0
0  0.883884 4.967608 -17.515926  0.202804 0.946024 -0.252801  0.000000 0.000000 0
0  0.618719 4.933432 -17.856543  0.202804 0.946024 -0.252801  0.000000 0.000000 0
c_invasion_wrangler_laser
0  0.000000 5.114528 -17.675201  -0.382688 -0.652839 -0.653721  0.000000 0.000000 0
0  0.618719 4.933432 -17.856543  -0.382688 -0.652839 -0.653721  0.000000 0.000000 0
0  0.618719 4.627039 -17.550564  -0.382688 -0.652839 -0.653721  0.000000 0.000000 0
c_invasion_wrangler_laser
0  0.000000 4.808135 -17.369223  0.202810 -0.254080 0.945680  0.000000 0.000000 0
0  0.618719 4.627039 -17.550564  0.202810 -0.254080 0.945680  0.000000 0.000000 0
0  0.883884 4.967608 -17.515926  0.202810 -0.254080 0.945680  0.000000 0.000000 0
c_invasion_wrangler_laser
0  0.883884 4.967608 -17.515926  0.489611 0.743359 -0.455741  0.000000 0.000000 0
0  1.250000 4.343032 -18.141350  0.489611 0.743359 -0.455741  0.000000 0.000000 0
0  0.875000 4.496229 -18.294338  0.489611 0.743359 -0.455741  0.000000 0.000000 0
c_invasion_wrangler_laser
0  0.618719 4.933432 -17.856543  -0.923879 -0.270415 -0.270782  0.000000 0.000000 0
0  0.875000 4.496229 -18.294338  -0.923879 -0.270415 -0.270782  0.000000 0.000000 0
0  0.875000 4.189835 -17.988359  -0.923879 -0.270415 -0.270782  0.000000 0.000000 0
c_invasion_wrangler_laser
0  0.618719 4.627039 -17.550564  0.489609 -0.456746 0.742742  0.000000 0.000000 0
0  0.875000 4.189835 -17.988359  0.489609 -0.456746 0.742742  0.000000 0.000000 0
0  1.250000 4.343032 -18.141350  0.489609 -0.456746 0.742742  0.000000 0.000000 0
c_invasion_wrangler_laser
0  1.250000 4.343032 -18.141350  0.489610 0.456746 -0.742742  0.000000 0.000000 0
0  0.883884 3.718455 -18.766771  0.489610 0.456746 -0.742742  0.000000 0.000000 0
0  0.618719 4.059025 -18.732134  0.489610 0.456746 -0.742742  0.000000 0.000000 0
c_invasion_wrangler_laser
0  0.875000 4.496229 -18.294338  -0.923879 0.270415 0.270782  0.000000 0.000000 0
0  0.618719 4.059025 -18.732134  -0.923879 0.270415 0.270782  0.000000 0.000000 0
0  0.618719 3.752632 -18.426155  -0.923879 0.270415 0.270782  0.000000 0.000000 0
c_invasion_wrangler_laser
0  0.875000 4.189835 -17.988359  0.489611 -0.743359 0.455740  0.000000 0.000000 0
0  0.618719 3.752632 -18.426155  0.489611 -0.743359 0.455740  0.000000 0.000000 0
0  0.883884 3.718455 -18.766771  0.489611 -0.743359 0.455740  0.000000 0.000000 0
c_invasion_wrangler_laser
0  0.883884 3.718455 -18.766771  0.202803 0.254083 -0.945681  0.000000 0.000000 0
0  0.000000 3.459747 -19.025831  0.202803 0.254083 -0.945681  0.000000 0.000000 0
0  0.000000 3.877929 -18.913475  0.202803 0.254083 -0.945681  0.000000 0.000000 0
c_invasion_wrangler_laser
0  0.618719 4.059025 -18.732134  -0.382684 0.652839 0.653724  0.000000 0.000000 0
0  0.000000 3.877929 -18.913475  -0.382684 0.652839 0.653724  0.000000 0.000000 0
0  0.000000 3.571536 -18.607496  -0.382684 0.652839 0.653724  0.000000 0.000000 0
c_invasion_wrangler_laser
0  0.618719 3.752632 -18.426155  0.202805 -0.946025 0.252799  0.000000 0.000000 0
0  0.000000 3.571536 -18.607496  0.202805 -0.946025 0.252799  0.000000 0.000000 0
0  0.000000 3.459747 -19.025831  0.202805 -0.946025 0.252799  0.000000 0.000000 0
c_invasion_wrangler_laser
0  0.000000 6.896746 -18.203773  0.202804 0.965822 0.161428  0.000000 0.000000 0
0  0.883884 6.768462 -18.546680  0.202804 0.965822 0.161428  0.000000 0.000000 0
0  0.618719 6.878331 -18.870895  0.202804 0.965822 0.161428  0.000000 0.000000 0
c_invasion_wrangler_laser
0  0.000000 6.968130 -18.630863  -0.382682 -0.323716 -0.865310  0.000000 0.000000 0
0  0.618719 6.878331 -18.870895  -0.382682 -0.323716 -0.865310  0.000000 0.000000 0
0  0.618719 6.472770 -18.719173  -0.382682 -0.323716 -0.865310  0.000000 0.000000 0
c_invasion_wrangler_laser
0  0.000000 6.562569 -18.479139  0.202803 -0.622713 0.755711  0.000000 0.000000 0
0  0.618719 6.472770 -18.719173  0.202803 -0.622713 0.755711  0.000000 0.000000 0
0  0.883884 6.768462 -18.546680  0.202803 -0.622713 0.755711  0.000000 0.000000 0
c_invasion_wrangler_laser
0  0.883884 6.768462 -18.546680  0.489609 0.865328 -0.107197  0.000000 0.000000 0
0  1.250000 6.458757 -19.374529  0.489609 0.865328 -0.107197  0.000000 0.000000 0
0  0.875000 6.661537 -19.450390  0.489609 0.865328 -0.107197  0.000000 0.000000 0
c_invasion_wrangler_laser
0  0.618719 6.878331 -18.870895  -0.923879 -0.134090 -0.358425  0.000000 0.000000 0
0  0.875000 6.661537 -19.450390  -0.923879 -0.134090 -0.358425  0.000000 0.000000 0
0  0.875000 6.255976 -19.298666  -0.923879 -0.134090 -0.358425  0.000000 0.000000 0
c_invasion_wrangler_laser
0  0.618719 6.472770 -18.719173  0.489614 -0.723205 0.487087  0.000000 0.000000 0
0  0.875000 6.255976 -19.298666  0.489614 -0.723205 0.487087  0.000000 0.000000 0
0  1.250000 6.458757 -19.374529  0.489614 -0.723205 0.487087  0.000000 0.000000 0
c_invasion_wrangler_laser
0  1.250000 6.458757 -19.374529  0.489610 0.723206 -0.487088  0.000000 0.000000 0
0  0.883884 6.149051 -20.202375  0.489610 0.723206 -0.487088  0.000000 0.000000 0
0  0.618719 6.444743 -20.029882  0.489610 0.723206 -0.487088  0.000000 0.000000 0
c_invasion_wrangler_laser
0  0.875000 6.661537 -19.450390  -0.923878 0.134089 0.358426  0.000000 0.000000 0
0  0.618719 6.444743 -20.029882  -0.923878 0.134089 0.358426  0.000000 0.000000 0
0  0.618719 6.039182 -19.878160  -0.923878 0.134089 0.358426  0.000000 0.000000 0
c_invasion_wrangler_laser
0  0.875000 6.255976 -19.298666  0.489610 -0.865327 0.107197  0.000000 0.000000 0
0  0.618719 6.039182 -19.878160  0.489610 -0.865327 0.107197  0.000000 0.000000 0
0  0.883884 6.149051 -20.202375  0.489610 -0.865327 0.107197  0.000000 0.000000 0
c_invasion_wrangler_laser
0  0.883884 6.149051 -20.202375  0.202808 0.622714 -0.755709  0.000000 0.000000 0
0  0.000000 6.020767 -20.545282  0.202808 0.622714 -0.755709  0.000000 0.000000 0
0  0.000000 6.354944 -20.269917  0.202808 0.622714 -0.755709  0.000000 0.000000 0
c_invasion_wrangler_laser
0  0.618719 6.444743 -20.029882  -0.382679 0.323716 0.865312  0.000000 0.000000 0
0  0.000000 6.354944 -20.269917  -0.382679 0.323716 0.865312  0.000000 0.000000 0
0  0.000000 5.949383 -20.118195  -0.382679 0.323716 0.865312  0.000000 0.000000 0
c_invasion_wrangler_laser
0  0.618719 6.039182 -19.878160  0.202803 -0.965822 -0.161429  0.000000 0.000000 0
0  0.000000 5.949383 -20.118195  0.202803 -0.965822 -0.161429  0.000000 0.000000 0
0  0.000000 6.020767 -20.545282  0.202803 -0.965822 -0.161429  0.000000 0.000000 0
c_invasion_wrangler_laser
0  0.000000 9.272460 -19.097878  0.202804 0.965822 0.161425  0.000000 0.000000 0
0  0.883884 9.144176 -19.440784  0.202804 0.965822 0.161425  0.000000 0.000000 0
0  0.618719 9.254045 -19.764999  0.202804 0.965822 0.161425  0.000000 0.000000 0
c_invasion_wrangler_laser
0  0.000000 9.343844 -19.524967  -0.382677 -0.323718 -0.865312  0.000000 0.000000 0
0  0.618719 9.254045 -19.764999  -0.382677 -0.323718 -0.865312  0.000000 0.000000 0
0  0.618719 8.848485 -19.613277  -0.382677 -0.323718 -0.865312  0.000000 0.000000 0
c_invasion_wrangler_laser
0  0.000000 8.938283 -19.373243  0.202807 -0.622714 0.755709  0.000000 0.000000 0
0  0.618719 8.848485 -19.613277  0.202807 -0.622714 0.755709  0.000000 0.000000 0
0  0.883884 9.144176 -19.440784  0.202807 -0.622714 0.755709  0.000000 0.000000 0
c_invasion_wrangler_laser
0  0.883884 9.144176 -19.440784  0.489610 0.865327 -0.107195  0.000000 0.000000 0
0  1.250000 8.834471 -20.268633  0.489610 0.865327 -0.107195  0.000000 0.000000 0
0  0.875000 9.037251 -20.344494  0.489610 0.865327 -0.107195  0.000000 0.000000 0
c_invasion_wrangler_laser
0  0.618719 9.254045 -19.764999  -0.923878 -0.134089 -0.358426  0.000000 0.000000 0
0  0.875000 9.037251 -20.344494  -0.923878 -0.134089 -0.358426  0.000000 0.000000 0
0  0.875000 8.631690 -20.192770  -0.923878 -0.134089 -0.358426  0.000000 0.000000 0
c_invasion_wrangler_laser
0  0.618719 8.848485 -19.613277  0.489614 -0.723202 0.487090  0.000000 0.000000 0
0  0.875000 8.631690 -20.192770  0.489614 -0.723202 0.487090  0.000000 0.000000 0
0  1.250000 8.834471 -20.268633  0.489614 -0.723202 0.487090  0.000000 0.000000 0
c_invasion_wrangler_laser
0  1.250000 8.834471 -20.268633  0.489610 0.723207 -0.487087  0.000000 0.000000 0
0  0.883884 8.524765 -21.096479  0.489610 0.723207 -0.487087  0.000000 0.000000 0
0  0.618719 8.820457 -20.923986  0.489610 0.723207 -0.487087  0.000000 0.000000 0
c_invasion_wrangler_laser
0  0.875000 9.037251 -20.344494  -0.923878 0.134089 0.358425  0.000000 0.000000 0
0  0.618719 8.820457 -20.923986  -0.923878 0.134089 0.358425  0.000000 0.000000 0
0  0.618719 8.414896 -20.772264  -0.923878 0.134089 0.358425  0.000000 0.000000 0
c_invasion_wrangler_laser
0  0.875000 8.631690 -20.192770  0.489611 -0.865326 0.107195  0.000000 0.000000 0
0  0.618719 8.414896 -20.772264  0.489611 -0.865326 0.107195  0.000000 0.000000 0
0  0.883884 8.524765 -21.096479  0.489611 -0.865326 0.107195  0.000000 0.000000 0
c_invasion_wrangler_laser
0  0.883884 8.524765 -21.096479  0.202804 0.622711 -0.755712  0.000000 0.000000 0
0  0.000000 8.396482 -21.439386  0.202804 0.622711 -0.755712  0.000000 0.000000 0
0  0.000000 8.730659 -21.164021  0.202804 0.622711 -0.755712  0.000000 0.000000 0
c_invasion_wrangler_laser
0  0.618719 8.820457 -20.923986  -0.382679 0.323717 0.865312  0.000000 0.000000 0
0  0.000000 8.730659 -21.164021  -0.382679 0.323717 0.865312  0.000000 0.000000 0
0  0.000000 8.325098 -21.012299  -0.382679 0.323717 0.865312  0.000000 0.000000 0
c_invasion_wrangler_laser
0  0.618719 8.414896 -20.772264  0.202802 -0.965821 -0.161432  0.000000 0.000000 0
0  0.000000 8.325098 -21.012299  0.202802 -0.965821 -0.161432  0.000000 0.000000 0
0  0.000000 8.396482 -21.439386  0.202802 -0.965821 -0.161432  0.000000 0.000000 0
end
