version 1
nodes
0 "weapon_bone" -1
end
skeleton
time 0
0  0.000000 0.000000 0.000000  0.000000 -0.000000 0.000000
end
triangles
gold_player
0  0.000000 1.625002 1.170000  0.098008 -0.012260 0.995110  0.000000 0.000000 1 0 1.000000
0  0.198037 -4.644999 0.995600  0.226966 -0.022802 0.973636  0.000000 0.000000 1 0 1.000000
0  0.228256 1.625002 1.147519  0.195009 -0.012359 0.980724  0.000000 0.000000 1 0 1.000000
gold_player
0  0.228256 1.625002 1.147519  0.195144 -0.012348 0.980697  0.000000 0.000000 1 0 1.000000
0  0.388464 -4.644999 0.937835  0.352097 -0.022807 0.935686  0.000000 0.000000 1 0 1.000000
0  0.447739 1.625002 1.080939  0.382592 -0.012344 0.923835  0.000000 0.000000 1 0 1.000000
painted_wood_01
0  0.636979 -10.645002 0.636982  0.706094 0.053502 0.706094  0.298137 0.539763 1 0 1.000000
0  0.781099 -14.644995 1.169013  0.511926 -0.387182 0.766826  0.298137 0.539763 1 0 1.000000
0  0.994151 -14.644995 0.994166  0.651999 -0.386273 0.652450  0.298137 0.539763 1 0 1.000000
gold_player
0  0.447739 1.625002 1.080939  0.382715 -0.012348 0.923784  0.000000 0.000000 1 0 1.000000
0  0.563962 -4.644999 0.844029  0.555346 -0.024703 0.831253  0.000000 0.000000 1 0 1.000000
0  0.650017 1.625002 0.972820  0.555470 -0.012359 0.831445  0.000000 0.000000 1 0 1.000000
gold_player
0  0.650017 1.625002 0.972820  0.555586 -0.012348 0.831367  0.000000 0.000000 1 0 1.000000
0  0.717787 -4.644999 0.717788  0.706847 -0.024703 0.706935  0.000000 0.000000 1 0 1.000000
0  0.827315 1.625002 0.827315  0.707039 -0.012338 0.707067  0.000000 0.000000 1 0 1.000000
gold_player
0  0.827315 1.625002 0.827315  0.707103 -0.012348 0.707003  0.000000 0.000000 1 0 1.000000
0  0.844029 -4.644999 0.563962  0.831182 -0.024703 0.555452  0.000000 0.000000 1 0 1.000000
0  0.972819 1.625002 0.650017  0.831369 -0.012344 0.555583  0.000000 0.000000 1 0 1.000000
gold_player
0  0.883515 -10.645002 0.175745  0.955581 0.053276 0.289873  0.000000 0.000000 1 0 1.000000
0  1.298921 -14.644995 0.538046  0.884565 -0.381504 0.268326  0.000000 0.000000 1 0 1.000000
0  1.378928 -14.644995 0.274301  0.883583 -0.383984 0.268026  0.000000 0.000000 1 0 1.000000
gold_player
0  0.972819 1.625002 0.650017  0.831442 -0.012348 0.555474  0.000000 0.000000 1 0 1.000000
0  0.937835 -4.644999 0.388464  0.935643 -0.022802 0.352209  0.000000 0.000000 1 0 1.000000
0  1.080939 1.625002 0.447740  0.923782 -0.012358 0.382719  0.000000 0.000000 1 0 1.000000
painted_wood_01
0  0.198037 -4.644999 0.995600  0.226963 -0.022805 0.973636  0.298137 0.539763 1 0 1.000000
0  0.000000 -10.645002 0.900828  0.000000 0.053502 0.998568  0.298137 0.539763 1 0 1.000000
0  0.175742 -10.645002 0.883519  0.289772 0.053251 0.955613  0.298137 0.539763 1 0 1.000000
gold_player
0  1.080939 1.625002 0.447740  0.923835 -0.012348 0.382592  0.000000 0.000000 1 0 1.000000
0  0.995600 -4.644999 0.198037  0.973608 -0.022807 0.227084  0.000000 0.000000 1 0 1.000000
0  1.147519 1.625002 0.228256  0.980697 -0.012344 0.195144  0.000000 0.000000 1 0 1.000000
painted_wood_01
0  0.937835 -4.644999 0.388464  0.935642 -0.022805 0.352212  0.298137 0.539763 1 0 1.000000
0  0.749008 -10.645002 0.500475  0.830279 0.053502 0.554775  0.298137 0.539763 1 0 1.000000
0  0.832253 -10.645002 0.344734  0.955553 0.053250 0.289972  0.298137 0.539763 1 0 1.000000
gold_player
0  1.147519 1.625002 0.228256  0.980724 -0.012348 0.195007  0.000000 0.000000 1 0 1.000000
0  1.015106 -4.644999 0.000000  0.994884 -0.024578 0.097986  0.000000 0.000000 1 0 1.000000
0  1.170000 1.625002 0.000000  0.995110 -0.012260 0.098008  0.000000 0.000000 1 0 1.000000
gold_player
0  0.344730 -10.645002 0.832257  0.289871 0.053278 0.955582  0.000000 0.000000 1 0 1.000000
0  0.274286 -14.644995 1.378942  0.268161 -0.382964 0.883984  0.000000 0.000000 1 0 1.000000
0  0.538031 -14.644995 1.298936  0.267177 -0.391053 0.880735  0.000000 0.000000 1 0 1.000000
painted_wood_01
0  0.563962 -4.644999 0.844029  0.555401 -0.024729 0.831215  0.298137 0.539763 1 0 1.000000
0  0.344730 -10.645002 0.832257  0.289945 0.053251 0.955561  0.298137 0.539763 1 0 1.000000
0  0.500471 -10.645002 0.749012  0.554775 0.053503 0.830278  0.298137 0.539763 1 0 1.000000
painted_wood_01
0  0.749008 -10.645002 0.500475  0.830279 0.053502 0.554775  0.298137 0.539763 1 0 1.000000
0  0.994151 -14.644995 0.994166  0.651999 -0.386273 0.652450  0.298137 0.539763 1 0 1.000000
0  1.168998 -14.644995 0.781114  0.767056 -0.385521 0.512834  0.298137 0.539763 1 0 1.000000
painted_wood_01
0  1.015106 -4.644999 0.000000  0.999912 -0.013291 0.000004  0.298137 0.539763 1 0 1.000000
0  0.883515 -10.645002 0.175745  0.955604 0.053251 0.289802  0.298137 0.539763 1 0 1.000000
0  0.900825 -10.645002 0.000000  0.998568 0.053502 0.000000  0.298137 0.539763 1 0 1.000000
painted_wood_01
0  0.900825 -10.645002 0.000000  0.998568 0.053502 0.000000  0.298137 0.539763 1 0 1.000000
0  1.378928 -14.644995 0.274301  0.883603 -0.383992 0.267947  0.298137 0.539763 1 0 1.000000
0  1.405942 -14.644995 0.000000  0.923126 -0.384498 0.000000  0.298137 0.539763 1 0 1.000000
painted_wood_01
0  0.844029 -4.644999 0.563962  0.831214 -0.024729 0.555402  0.298137 0.539763 1 0 1.000000
0  0.636979 -10.645002 0.636982  0.706094 0.053502 0.706094  0.298137 0.539763 1 0 1.000000
0  0.749008 -10.645002 0.500475  0.830279 0.053502 0.554775  0.298137 0.539763 1 0 1.000000
painted_wood_01
0  0.500471 -10.645002 0.749012  0.554775 0.053503 0.830278  0.298137 0.539763 1 0 1.000000
0  0.538031 -14.644995 1.298936  0.267239 -0.391053 0.880716  0.298137 0.539763 1 0 1.000000
0  0.781099 -14.644995 1.169013  0.511926 -0.387182 0.766826  0.298137 0.539763 1 0 1.000000
gold_player
0  0.388464 -4.644999 0.937835  0.352097 -0.022805 0.935686  0.000000 0.000000 1 0 1.000000
0  0.175742 -10.645002 0.883519  0.289872 0.053218 0.955585  0.000000 0.000000 1 0 1.000000
0  0.344730 -10.645002 0.832257  0.290002 0.053218 0.955545  0.000000 0.000000 1 0 1.000000
painted_wood_01
0  0.832253 -10.645002 0.344734  0.955553 0.053250 0.289972  0.298137 0.539763 1 0 1.000000
0  1.168998 -14.644995 0.781114  0.767056 -0.385521 0.512834  0.298137 0.539763 1 0 1.000000
0  1.298921 -14.644995 0.538046  0.884535 -0.381518 0.268407  0.298137 0.539763 1 0 1.000000
gold_player
0  0.995600 -4.644999 0.198037  0.973609 -0.022806 0.227080  0.000000 0.000000 1 0 1.000000
0  0.832253 -10.645002 0.344734  0.955584 0.053217 0.289873  0.000000 0.000000 1 0 1.000000
0  0.883515 -10.645002 0.175745  0.955624 0.053217 0.289743  0.000000 0.000000 1 0 1.000000
painted_wood_01
0  0.717787 -4.644999 0.717788  0.706890 -0.024729 0.706891  0.298137 0.539763 1 0 1.000000
0  0.500471 -10.645002 0.749012  0.554775 0.053503 0.830278  0.298137 0.539763 1 0 1.000000
0  0.636979 -10.645002 0.636982  0.706094 0.053502 0.706094  0.298137 0.539763 1 0 1.000000
painted_wood_01
0  0.175742 -10.645002 0.883519  0.289772 0.053251 0.955613  0.298137 0.539763 1 0 1.000000
0  0.000000 -14.644995 1.405957  0.000000 -0.389890 0.920861  0.298137 0.539763 1 0 1.000000
0  0.274286 -14.644995 1.378942  0.268071 -0.382961 0.884013  0.298137 0.539763 1 0 1.000000
gold_player
0  0.447739 6.625002 1.080939  0.363656 0.311518 0.877901  0.000000 0.000000 1 0 1.000000
0  0.650017 8.625002 0.972820  0.507188 0.407635 0.759338  0.000000 0.000000 1 0 1.000000
0  0.447739 8.625002 1.080939  0.349239 0.408019 0.843536  0.000000 0.000000 1 0 1.000000
gold_player
0  0.827315 6.625002 0.827315  0.671916 0.311562 0.671907  0.000000 0.000000 1 0 1.000000
0  0.972819 8.625002 0.650017  0.759408 0.407042 0.507560  0.000000 0.000000 1 0 1.000000
0  0.827315 8.625002 0.827315  0.645734 0.407312 0.645852  0.000000 0.000000 1 0 1.000000
painted_wood_01
0  1.341806 4.019003 0.555794  0.750908 -0.582591 0.311006  0.298137 0.539763 1 0 1.000000
0  1.424453 6.231001 0.283341  0.797143 0.582591 0.158590  0.298137 0.539763 1 0 1.000000
0  1.341806 6.231001 0.555794  0.750913 0.582551 0.311068  0.298137 0.539763 1 0 1.000000
gold_player
0  0.447739 6.625002 1.080939  0.363597 0.311692 0.877864  0.000000 0.000000 1 0 1.000000
0  0.228256 6.625002 1.147519  0.213577 0.155071 0.964540  0.000000 0.000000 1 0 1.000000
0  0.555794 6.231001 1.341806  0.351815 0.581938 0.733194  0.000000 0.000000 1 0 1.000000
painted_wood_01
0  0.806888 4.019003 1.207593  0.451546 -0.582591 0.675792  0.298137 0.539763 1 0 1.000000
0  1.026974 6.231001 1.026974  0.574692 0.582591 0.574732  0.298137 0.539763 1 0 1.000000
0  0.806888 6.231001 1.207593  0.451432 0.582591 0.675868  0.298137 0.539763 1 0 1.000000
painted_wood_01
0  1.424453 4.019003 0.283341  0.797154 -0.582591 0.158535  0.298137 0.539763 1 0 1.000000
0  1.452360 6.231001 0.000000  0.803849 0.594834 0.000028  0.298137 0.539763 1 0 1.000000
0  1.424453 6.231001 0.283341  0.797143 0.582591 0.158590  0.298137 0.539763 1 0 1.000000
gold_player
0  0.228256 6.625002 1.147519  0.213618 0.154986 0.964545  0.000000 0.000000 1 0 1.000000
0  0.447739 8.625002 1.080939  0.349221 0.408044 0.843531  0.000000 0.000000 1 0 1.000000
0  0.228256 8.625002 1.147519  0.177948 0.408427 0.895278  0.000000 0.000000 1 0 1.000000
gold_player
0  1.080939 6.625002 0.447740  0.877896 0.311562 0.363632  0.000000 0.000000 1 0 1.000000
0  1.147519 8.625002 0.228256  0.896019 0.406662 0.178260  0.000000 0.000000 1 0 1.000000
0  1.080939 8.625002 0.447740  0.843959 0.406831 0.349602  0.000000 0.000000 1 0 1.000000
gold_player
0  0.650017 6.625002 0.972820  0.527922 0.311562 0.790081  0.000000 0.000000 1 0 1.000000
0  0.827315 8.625002 0.827315  0.645716 0.407310 0.645870  0.000000 0.000000 1 0 1.000000
0  0.650017 8.625002 0.972820  0.507232 0.407623 0.759315  0.000000 0.000000 1 0 1.000000
gold_player
0  0.000000 6.625002 1.170000  0.098016 0.000000 0.995185  0.000000 0.000000 1 0 1.000000
0  0.228256 8.625002 1.147519  0.177949 0.408440 0.895271  0.000000 0.000000 1 0 1.000000
0  0.000000 8.625002 1.170000  0.089153 0.408056 0.908594  0.000000 0.000000 1 0 1.000000
gold_player
0  0.972819 6.625002 0.650017  0.790105 0.311518 0.527912  0.000000 0.000000 1 0 1.000000
0  1.080939 8.625002 0.447740  0.843957 0.406803 0.349641  0.000000 0.000000 1 0 1.000000
0  0.972819 8.625002 0.650017  0.759428 0.407044 0.507528  0.000000 0.000000 1 0 1.000000
painted_wood_01
0  1.026974 4.019003 1.026974  0.574732 -0.582591 0.574692  0.298137 0.539763 1 0 1.000000
0  1.207593 6.231001 0.806888  0.675768 0.582591 0.451581  0.298137 0.539763 1 0 1.000000
0  1.026974 6.231001 1.026974  0.574692 0.582591 0.574732  0.298137 0.539763 1 0 1.000000
gold_player
0  1.378928 -14.644995 0.274301  0.883580 -0.383976 0.268045  0.000000 0.000000 1 0 1.000000
0  1.298921 -14.644995 0.538046  0.884556 -0.381497 0.268368  0.000000 0.000000 1 0 1.000000
0  0.039692 -15.644995 0.000000  0.384571 -0.841605 0.379218  0.000000 0.000000 1 0 1.000000
painted_wood_01
0  1.298921 -14.644995 0.538046  0.884535 -0.381518 0.268407  0.298137 0.539763 1 0 1.000000
0  1.168998 -14.644995 0.781114  0.767056 -0.385521 0.512834  0.298137 0.539763 1 0 1.000000
0  0.039692 -15.644995 0.000000  0.384524 -0.841585 0.379311  0.298137 0.539763 1 0 1.000000
painted_wood_01
0  1.168998 -14.644995 0.781114  0.767056 -0.385521 0.512834  0.298137 0.539763 1 0 1.000000
0  0.994151 -14.644995 0.994166  0.651999 -0.386273 0.652450  0.298137 0.539763 1 0 1.000000
0  0.039692 -15.644995 0.000000  0.384524 -0.841585 0.379311  0.298137 0.539763 1 0 1.000000
painted_wood_01
0  0.994151 -14.644995 0.994166  0.651999 -0.386273 0.652450  0.298137 0.539763 1 0 1.000000
0  0.781099 -14.644995 1.169013  0.511926 -0.387182 0.766826  0.298137 0.539763 1 0 1.000000
0  0.039692 -15.644995 0.000000  0.384524 -0.841585 0.379311  0.298137 0.539763 1 0 1.000000
painted_wood_01
0  0.781099 -14.644995 1.169013  0.511926 -0.387182 0.766826  0.298137 0.539763 1 0 1.000000
0  0.538031 -14.644995 1.298936  0.267239 -0.391053 0.880716  0.298137 0.539763 1 0 1.000000
0  0.039692 -15.644995 0.000000  0.384524 -0.841585 0.379311  0.298137 0.539763 1 0 1.000000
gold_player
0  0.538031 -14.644995 1.298936  0.267170 -0.391052 0.880737  0.000000 0.000000 1 0 1.000000
0  0.274286 -14.644995 1.378942  0.268140 -0.382963 0.883991  0.000000 0.000000 1 0 1.000000
0  0.039692 -15.644995 0.000000  0.384444 -0.841595 0.379368  0.000000 0.000000 1 0 1.000000
painted_wood_01
0  0.274286 -14.644995 1.378942  0.268071 -0.382961 0.884013  0.298137 0.539763 1 0 1.000000
0  0.000000 -14.644995 1.405957  0.000000 -0.389890 0.920861  0.298137 0.539763 1 0 1.000000
0  0.039692 -15.644995 0.000000  0.543724 -0.839264 0.000012  0.298137 0.539763 1 0 1.000000
painted_wood_01
0  1.405942 -14.644995 0.000000  0.923126 -0.384498 0.000000  0.298137 0.539763 1 0 1.000000
0  1.378928 -14.644995 0.274301  0.883603 -0.383992 0.267947  0.298137 0.539763 1 0 1.000000
0  0.039692 -15.644995 0.000000  0.242759 -0.970087 -0.000026  0.298137 0.539763 1 0 1.000000
painted_wood_01
0  0.039692 -15.644995 0.000000  0.543724 -0.839264 0.000012  0.298137 0.539763 1 0 1.000000
0  0.000000 -14.644995 1.405957  0.000000 -0.389890 0.920861  0.298137 0.539763 1 0 1.000000
0  0.000000 -15.644995 0.000000  0.000000 -1.000000 0.000000  0.298137 0.539763 1 0 1.000000
painted_wood_01
0  1.207593 4.019003 0.806888  0.675789 -0.582591 0.451550  0.298137 0.539763 1 0 1.000000
0  1.341806 6.231001 0.555794  0.750913 0.582551 0.311068  0.298137 0.539763 1 0 1.000000
0  1.207593 6.231001 0.806888  0.675768 0.582591 0.451581  0.298137 0.539763 1 0 1.000000
painted_wood_01
0  0.555794 4.019003 1.341806  0.351930 -0.581914 0.733159  0.298137 0.539763 1 0 1.000000
0  0.806888 6.231001 1.207593  0.451432 0.582591 0.675868  0.298137 0.539763 1 0 1.000000
0  0.555794 6.231001 1.341806  0.351906 0.581960 0.733133  0.298137 0.539763 1 0 1.000000
gold_player
0  1.147519 6.625002 0.228256  0.931969 0.311562 0.185374  0.000000 0.000000 1 0 1.000000
0  1.170000 8.625002 0.000000  0.909918 0.404990 0.089620  0.000000 0.000000 1 0 1.000000
0  1.147519 8.625002 0.228256  0.896009 0.406704 0.178212  0.000000 0.000000 1 0 1.000000
gold_player
0  0.972819 1.625002 0.650017  0.831458 -0.012333 0.555451  0.000000 0.000000 1 0 1.000000
0  1.080939 3.625002 0.447740  0.877894 -0.311560 0.363638  0.000000 0.000000 1 0 1.000000
0  0.972819 3.625002 0.650017  0.790121 -0.311528 0.527882  0.000000 0.000000 1 0 1.000000
gold_player
0  0.447739 1.625002 1.080939  0.382740 -0.012333 0.923774  0.000000 0.000000 1 0 1.000000
0  0.650017 3.625002 0.972820  0.527915 -0.311560 0.790086  0.000000 0.000000 1 0 1.000000
0  0.447739 3.625002 1.080939  0.363686 -0.311528 0.877885  0.000000 0.000000 1 0 1.000000
gold_player
0  1.080939 1.625002 0.447740  0.923846 -0.012333 0.382567  0.000000 0.000000 1 0 1.000000
0  1.147519 3.625002 0.228256  0.931968 -0.311560 0.185380  0.000000 0.000000 1 0 1.000000
0  1.080939 3.625002 0.447740  0.877906 -0.311572 0.363600  0.000000 0.000000 1 0 1.000000
gold_player
0  0.650017 1.625002 0.972820  0.555569 -0.012339 0.831379  0.000000 0.000000 1 0 1.000000
0  0.827315 3.625002 0.827315  0.671913 -0.311560 0.671910  0.000000 0.000000 1 0 1.000000
0  0.650017 3.625002 0.972820  0.527948 -0.311572 0.790059  0.000000 0.000000 1 0 1.000000
gold_player
0  0.000000 1.625002 1.170000  0.098009 -0.012272 0.995110  0.000000 0.000000 1 0 1.000000
0  0.228256 3.625002 1.147519  0.213516 -0.154994 0.964566  0.000000 0.000000 1 0 1.000000
0  0.000000 3.625002 1.170000  0.098016 0.000000 0.995185  0.000000 0.000000 1 0 1.000000
gold_player
0  1.147519 1.625002 0.228256  0.980720 -0.012339 0.195027  0.000000 0.000000 1 0 1.000000
0  1.170000 3.625002 0.000000  0.946099 -0.310184 0.093177  0.000000 0.000000 1 0 1.000000
0  1.147519 3.625002 0.228256  0.931972 -0.311572 0.185341  0.000000 0.000000 1 0 1.000000
gold_player
0  0.827315 1.625002 0.827315  0.707122 -0.012333 0.706984  0.000000 0.000000 1 0 1.000000
0  0.972819 3.625002 0.650017  0.790090 -0.311517 0.527935  0.000000 0.000000 1 0 1.000000
0  0.827315 3.625002 0.827315  0.671937 -0.311572 0.671880  0.000000 0.000000 1 0 1.000000
gold_player
0  0.228256 1.625002 1.147519  0.195125 -0.012339 0.980701  0.000000 0.000000 1 0 1.000000
0  0.447739 3.625002 1.080939  0.363631 -0.311517 0.877912  0.000000 0.000000 1 0 1.000000
0  0.228256 3.625002 1.147519  0.213634 -0.154995 0.964540  0.000000 0.000000 1 0 1.000000
gold_player
0  0.447739 3.625002 1.080939  0.363608 -0.311693 0.877859  0.000000 0.000000 1 0 1.000000
0  0.555794 4.019003 1.341806  0.351819 -0.581920 0.733206  0.000000 0.000000 1 0 1.000000
0  0.228256 3.625002 1.147519  0.213589 -0.155067 0.964538  0.000000 0.000000 1 0 1.000000
gold_player
0  0.806888 6.231001 1.207593  0.451602 0.582500 0.675832  0.000000 0.000000 1 0 1.000000
0  0.827315 6.625002 0.827315  0.671872 0.311692 0.671890  0.000000 0.000000 1 0 1.000000
0  0.650017 6.625002 0.972820  0.527905 0.311692 0.790040  0.000000 0.000000 1 0 1.000000
gold_player
0  1.424453 6.231001 0.283341  0.797216 0.582500 0.158555  0.000000 0.000000 1 0 1.000000
0  1.170000 6.625002 0.000000  0.946046 0.310340 0.093195  0.000000 0.000000 1 0 1.000000
0  1.147519 6.625002 0.228256  0.931928 0.311693 0.185357  0.000000 0.000000 1 0 1.000000
gold_player
0  0.555794 6.231001 1.341806  0.351894 0.581928 0.733165  0.000000 0.000000 1 0 1.000000
0  0.650017 6.625002 0.972820  0.527880 0.311694 0.790057  0.000000 0.000000 1 0 1.000000
0  0.447739 6.625002 1.080939  0.363629 0.311694 0.877850  0.000000 0.000000 1 0 1.000000
gold_player
0  1.341806 6.231001 0.555794  0.750964 0.582501 0.311039  0.000000 0.000000 1 0 1.000000
0  1.147519 6.625002 0.228256  0.931922 0.311694 0.185386  0.000000 0.000000 1 0 1.000000
0  1.080939 6.625002 0.447740  0.877859 0.311694 0.363608  0.000000 0.000000 1 0 1.000000
gold_player
0  1.026974 6.231001 1.026974  0.574773 0.582502 0.574741  0.000000 0.000000 1 0 1.000000
0  0.972819 6.625002 0.650017  0.790042 0.311694 0.527902  0.000000 0.000000 1 0 1.000000
0  0.827315 6.625002 0.827315  0.671891 0.311694 0.671870  0.000000 0.000000 1 0 1.000000
painted_wood_01
0  0.555794 6.231001 1.341806  0.351906 0.581960 0.733133  0.298137 0.539763 1 0 1.000000
0  0.000000 6.625002 1.170000  0.000017 -0.010996 0.999940  0.298137 0.539763 1 0 1.000000
0  0.000000 6.231001 1.341806  -0.000001 0.220486 0.975390  0.298137 0.539763 1 0 1.000000
gold_player
0  1.424453 4.019003 0.283341  0.797208 -0.582500 0.158596  0.000000 0.000000 1 0 1.000000
0  1.080939 3.625002 0.447740  0.877860 -0.311692 0.363607  0.000000 0.000000 1 0 1.000000
0  1.147519 3.625002 0.228256  0.931923 -0.311693 0.185385  0.000000 0.000000 1 0 1.000000
gold_player
0  1.207593 4.019003 0.806888  0.675833 -0.582501 0.451599  0.000000 0.000000 1 0 1.000000
0  0.827315 3.625002 0.827315  0.671891 -0.311694 0.671870  0.000000 0.000000 1 0 1.000000
0  0.972819 3.625002 0.650017  0.790042 -0.311694 0.527903  0.000000 0.000000 1 0 1.000000
gold_player
0  0.806888 4.019003 1.207593  0.451565 -0.582500 0.675857  0.000000 0.000000 1 0 1.000000
0  0.447739 3.625002 1.080939  0.363630 -0.311692 0.877850  0.000000 0.000000 1 0 1.000000
0  0.650017 3.625002 0.972820  0.527880 -0.311693 0.790057  0.000000 0.000000 1 0 1.000000
gold_player
0  1.207593 6.231001 0.806888  0.675854 0.582502 0.451568  0.000000 0.000000 1 0 1.000000
0  1.080939 6.625002 0.447740  0.877848 0.311694 0.363633  0.000000 0.000000 1 0 1.000000
0  0.972819 6.625002 0.650017  0.790054 0.311694 0.527883  0.000000 0.000000 1 0 1.000000
gold_player
0  1.452360 4.019003 0.000000  0.810232 -0.580651 0.079801  0.000000 0.000000 1 0 1.000000
0  1.147519 3.625002 0.228256  0.931928 -0.311694 0.185358  0.000000 0.000000 1 0 1.000000
0  1.170000 3.625002 0.000000  0.946048 -0.310341 0.093179  0.000000 0.000000 1 0 1.000000
gold_player
0  1.341806 4.019003 0.555794  0.750948 -0.582501 0.311077  0.000000 0.000000 1 0 1.000000
0  0.972819 3.625002 0.650017  0.790055 -0.311694 0.527884  0.000000 0.000000 1 0 1.000000
0  1.080939 3.625002 0.447740  0.877849 -0.311694 0.363633  0.000000 0.000000 1 0 1.000000
gold_player
0  1.026974 4.019003 1.026974  0.574743 -0.582502 0.574771  0.000000 0.000000 1 0 1.000000
0  0.650017 3.625002 0.972820  0.527905 -0.311694 0.790040  0.000000 0.000000 1 0 1.000000
0  0.827315 3.625002 0.827315  0.671872 -0.311694 0.671889  0.000000 0.000000 1 0 1.000000
gold_player
0  0.000000 15.269157 -0.000569  0.084037 -0.993800 0.072791  0.000000 0.000000 1 0 1.000000
0  1.852501 15.504158 0.000000  -0.350128 -0.936702 -0.000008  0.000000 0.000000 1 0 1.000000
0  1.852500 15.504158 1.068973  0.151208 -0.986836 0.057360  0.000000 0.000000 1 0 1.000000
gold_player
0  0.000000 15.269157 -0.000569  0.084044 -0.993800 0.072792  0.000000 0.000000 1 0 1.000000
0  1.852500 15.504158 1.068973  0.151166 -0.986841 0.057393  0.000000 0.000000 1 0 1.000000
0  0.000000 15.504158 2.138515  -0.816865 -0.566023 0.111130  0.000000 0.000000 1 0 1.000000
gold_player
0  3.704999 18.209158 2.138515  0.510054 -0.000005 0.860142  0.000000 0.000000 1 0 1.000000
0  1.852499 15.739157 3.208056  0.497105 0.003834 0.867682  0.000000 0.000000 1 0 1.000000
0  3.704999 15.739157 2.138515  0.866017 0.000024 0.500014  0.000000 0.000000 1 0 1.000000
painted_wood_01
0  3.704999 20.679157 2.138515  0.865998 -0.000088 0.500048  0.298137 0.539763 1 0 1.000000
0  1.852500 20.914156 1.068972  0.130645 0.988816 0.071938  0.298137 0.539763 1 0 1.000000
0  1.852499 20.679157 3.208056  0.475147 0.294322 0.829223  0.298137 0.539763 1 0 1.000000
gold_player
0  3.704999 20.679157 -0.000569  0.496328 0.457515 0.737793  0.000000 0.000000 1 0 1.000000
0  3.704999 20.679157 2.138515  0.866033 -0.000024 0.499986  0.000000 0.000000 1 0 1.000000
0  3.704999 18.209158 2.138515  0.510040 0.000050 0.860150  0.000000 0.000000 1 0 1.000000
gold_player
0  0.000000 20.679157 4.277596  0.500000 0.000000 0.866025  0.000000 0.000000 1 0 1.000000
0  0.000000 18.209158 4.277596  0.500000 0.000000 0.866025  0.000000 0.000000 1 0 1.000000
0  1.852499 20.679157 3.208056  0.475192 0.294128 0.829265  0.000000 0.000000 1 0 1.000000
gold_player
0  1.852499 20.679157 3.208056  0.475159 0.294128 0.829284  0.000000 0.000000 1 0 1.000000
0  3.704999 18.209158 2.138515  0.510053 -0.000003 0.860143  0.000000 0.000000 1 0 1.000000
0  3.704999 20.679157 2.138515  0.866017 -0.000024 0.500015  0.000000 0.000000 1 0 1.000000
gold_player
0  3.704999 15.739157 -0.000567  0.496245 -0.458055 0.737513  0.000000 0.000000 1 0 1.000000
0  3.704999 18.209158 2.138515  0.510040 0.000060 0.860150  0.000000 0.000000 1 0 1.000000
0  3.704999 15.739157 2.138515  0.866033 0.000024 0.499986  0.000000 0.000000 1 0 1.000000
painted_wood_01
0  3.704999 20.679157 -0.000569  0.496334 0.457511 0.737791  0.298137 0.539763 1 0 1.000000
0  1.852500 20.914156 1.068972  0.130645 0.988816 0.071938  0.298137 0.539763 1 0 1.000000
0  3.704999 20.679157 2.138515  0.865998 -0.000088 0.500048  0.298137 0.539763 1 0 1.000000
gold_player
0  1.852500 20.914156 1.068972  0.130667 0.988813 0.071936  0.000000 0.000000 1 0 1.000000
0  1.856717 20.920296 0.000000  -0.351606 0.936133 0.005335  0.000000 0.000000 1 0 1.000000
0  0.000000 21.149157 -0.000569  0.082843 0.993748 0.074847  0.000000 0.000000 1 0 1.000000
painted_wood_01
0  1.852499 20.679157 3.208056  0.475121 0.294320 0.829238  0.298137 0.539763 1 0 1.000000
0  0.000000 20.914156 2.138515  -0.000048 0.839052 -0.544050  0.298137 0.539763 1 0 1.000000
0  0.000000 20.679157 4.277596  0.000072 -0.016815 0.999859  0.298137 0.539763 1 0 1.000000
gold_player
0  0.000000 20.914156 2.138515  -0.568825 0.812919 0.124904  0.000000 0.000000 1 0 1.000000
0  1.852500 20.914156 1.068972  0.130650 0.988814 0.071954  0.000000 0.000000 1 0 1.000000
0  0.000000 21.149157 -0.000569  0.082841 0.993747 0.074865  0.000000 0.000000 1 0 1.000000
c_invasion_wrangler_laser
0  1.860925 15.239513 3.208057  0.507605 0.008632 0.861546  0.000000 0.000000 1 0 1.000000
0  0.008427 15.004513 2.138515  -0.997968 -0.016871 -0.061448  0.000000 0.000000 1 0 1.000000
0  1.860927 15.004513 1.068973  -0.903267 -0.015218 -0.428808  0.000000 0.000000 1 0 1.000000
c_invasion_wrangler_laser
0  1.860927 15.004513 1.068973  -0.903280 -0.015300 -0.428780  0.000000 0.000000 1 0 1.000000
0  1.860927 15.004513 0.000000  -0.999857 -0.016881 -0.000137  0.000000 0.000000 1 0 1.000000
0  3.713427 15.239513 -0.000569  0.499228 0.008511 0.866429  0.000000 0.000000 1 0 1.000000
painted_wood_01
0  3.704999 15.739157 -0.000567  0.496253 -0.458059 0.737506  0.298137 0.539763 1 0 1.000000
0  3.704999 15.739157 2.138515  0.866053 0.000088 0.499952  0.298137 0.539763 1 0 1.000000
0  1.852500 15.504158 1.068973  0.151179 -0.986841 0.057357  0.298137 0.539763 1 0 1.000000
gold_player
0  1.852499 15.739157 3.208056  0.497098 0.003937 0.867685  0.000000 0.000000 1 0 1.000000
0  0.008427 15.004513 2.138515  -0.997974 -0.016884 -0.061340  0.000000 0.000000 1 0 1.000000
0  1.860925 15.239513 3.208057  0.507641 0.008624 0.861525  0.000000 0.000000 1 0 1.000000
painted_wood_01
0  1.852499 15.739157 3.208056  0.497065 0.003938 0.867705  0.298137 0.539763 1 0 1.000000
0  1.852500 15.504158 1.068973  0.151179 -0.986841 0.057357  0.298137 0.539763 1 0 1.000000
0  3.704999 15.739157 2.138515  0.866053 0.000088 0.499952  0.298137 0.539763 1 0 1.000000
painted_wood_01
0  1.852499 15.739157 3.208056  0.497036 0.003938 0.867721  0.298137 0.539763 1 0 1.000000
0  0.000000 15.739157 4.277596  -0.000072 0.016814 0.999859  0.298137 0.539763 1 0 1.000000
0  0.000000 15.504158 2.138515  0.000065 -0.593476 -0.804851  0.298137 0.539763 1 0 1.000000
gold_player
0  1.852500 15.504158 1.068973  0.151117 -0.986851 0.057341  0.000000 0.000000 1 0 1.000000
0  1.860925 15.239513 3.208057  0.507641 0.008630 0.861526  0.000000 0.000000 1 0 1.000000
0  1.860927 15.004513 1.068973  -0.903334 -0.015261 -0.428667  0.000000 0.000000 1 0 1.000000
gold_player
0  0.000000 15.504158 2.138515  -0.816852 -0.566056 0.111055  0.000000 0.000000 1 0 1.000000
0  1.860927 15.004513 1.068973  -0.903314 -0.015231 -0.428710  0.000000 0.000000 1 0 1.000000
0  0.008427 15.004513 2.138515  -0.997970 -0.016802 -0.061437  0.000000 0.000000 1 0 1.000000
gold_player
0  1.852500 15.504158 1.068973  0.151153 -0.986852 0.057239  0.000000 0.000000 1 0 1.000000
0  1.860927 15.004513 0.000000  -0.999858 -0.016863 0.000000  0.000000 0.000000 1 0 1.000000
0  1.860927 15.004513 1.068973  -0.903301 -0.015235 -0.428737  0.000000 0.000000 1 0 1.000000
gold_player
0  3.704999 15.739157 -0.000567  0.496238 -0.458016 0.737542  0.000000 0.000000 1 0 1.000000
0  1.860927 15.004513 1.068973  -0.903288 -0.015267 -0.428763  0.000000 0.000000 1 0 1.000000
0  3.713427 15.239513 -0.000569  0.499183 0.008417 0.866456  0.000000 0.000000 1 0 1.000000
c_invasion_wrangler_laser
0  1.860930 21.413801 1.068973  -0.895972 0.015147 -0.443852  0.000000 0.000000 1 0 1.000000
0  3.713427 21.178801 -0.000569  0.499226 -0.008518 0.866430  0.000000 0.000000 1 0 1.000000
0  1.865143 21.419941 0.000000  -0.999851 0.016861 -0.003791  0.000000 0.000000 1 0 1.000000
gold_player
0  1.852500 20.914156 1.068972  0.130720 0.988813 0.071837  0.000000 0.000000 1 0 1.000000
0  0.008427 21.413801 2.138514  -0.997976 0.016754 -0.061338  0.000000 0.000000 1 0 1.000000
0  1.860930 21.413801 1.068973  -0.895974 0.015105 -0.443850  0.000000 0.000000 1 0 1.000000
gold_player
0  1.852499 20.679157 3.208056  0.475224 0.294300 0.829186  0.000000 0.000000 1 0 1.000000
0  1.860930 21.413801 1.068973  -0.895994 0.015129 -0.443809  0.000000 0.000000 1 0 1.000000
0  1.860925 21.178801 3.208056  0.507641 -0.008541 0.861527  0.000000 0.000000 1 0 1.000000
gold_player
0  1.856717 20.920296 0.000000  -0.351735 0.936091 0.004052  0.000000 0.000000 1 0 1.000000
0  1.860930 21.413801 1.068973  -0.895935 0.017669 -0.443835  0.000000 0.000000 1 0 1.000000
0  1.865143 21.419941 0.000000  -0.999851 0.016863 -0.003844  0.000000 0.000000 1 0 1.000000
gold_player
0  1.852500 20.914156 1.068972  0.130610 0.988826 0.071858  0.000000 0.000000 1 0 1.000000
0  3.713427 21.178801 -0.000569  0.499181 -0.008424 0.866457  0.000000 0.000000 1 0 1.000000
0  1.860930 21.413801 1.068973  -0.895945 0.015116 -0.443907  0.000000 0.000000 1 0 1.000000
gold_player
0  0.000000 20.914156 2.138515  -0.568758 0.812951 0.124999  0.000000 0.000000 1 0 1.000000
0  1.860925 21.178801 3.208056  0.507602 -0.008657 0.861548  0.000000 0.000000 1 0 1.000000
0  0.008427 21.413801 2.138514  -0.997981 0.016831 -0.061242  0.000000 0.000000 1 0 1.000000
c_invasion_wrangler_laser
0  1.860925 21.178801 3.208056  0.507591 -0.008630 0.861555  0.000000 0.000000 1 0 1.000000
0  1.860930 21.413801 1.068973  -0.895950 0.015111 -0.443898  0.000000 0.000000 1 0 1.000000
0  0.008427 21.413801 2.138514  -0.997977 0.016857 -0.061309  0.000000 0.000000 1 0 1.000000
gold_player
0  3.704999 18.209158 2.138515  0.510124 0.000061 0.860101  0.000000 0.000000 1 0 1.000000
0  3.947838 15.739157 -0.000567  0.274105 -0.629596 0.726963  0.000000 0.000000 1 0 1.000000
0  3.947838 18.209158 2.138515  0.384608 0.000116 0.923080  0.000000 0.000000 1 0 1.000000
gold_player
0  3.704999 20.679157 -0.000569  0.496282 0.457490 0.737839  0.000000 0.000000 1 0 1.000000
0  3.947838 18.209158 2.138515  0.384652 -0.000096 0.923062  0.000000 0.000000 1 0 1.000000
0  3.947839 20.679157 -0.000569  0.274105 0.629570 0.726986  0.000000 0.000000 1 0 1.000000
gold_player
0  4.204999 16.131977 -0.000567  0.707107 -0.462910 0.534522  0.000000 0.000000 1 0 1.000000
0  3.947838 18.209158 2.138515  0.384525 0.000038 0.923114  0.000000 0.000000 1 0 1.000000
0  3.947838 15.739157 -0.000567  0.274220 -0.629528 0.726978  0.000000 0.000000 1 0 1.000000
gold_player
0  4.204999 18.209158 1.798324  0.797705 0.000022 0.603048  0.000000 0.000000 1 0 1.000000
0  3.947839 20.679157 -0.000569  0.274220 0.629580 0.726934  0.000000 0.000000 1 0 1.000000
0  3.947838 18.209158 2.138515  0.384536 -0.000051 0.923110  0.000000 0.000000 1 0 1.000000
painted_wood_01
0  4.204999 20.286337 -0.000567  0.707056 0.462981 0.534529  0.298137 0.539763 1 0 1.000000
0  4.204999 18.209158 1.496259  0.887300 0.000000 -0.461193  0.298137 0.539763 1 0 1.000000
0  4.204999 19.937542 -0.000567  0.839593 -0.355619 -0.410633  0.298137 0.539763 1 0 1.000000
painted_wood_01
0  4.204999 18.209158 1.798324  0.797679 -0.000033 0.603082  0.298137 0.539763 1 0 1.000000
0  4.204999 16.480772 -0.000567  0.839591 0.355620 -0.410635  0.298137 0.539763 1 0 1.000000
0  4.204999 18.209158 1.496259  0.887300 0.000000 -0.461193  0.298137 0.539763 1 0 1.000000
painted_wood_01
0  1.852499 15.739157 3.208056  0.497132 0.003963 0.867666  0.298137 0.539763 1 0 1.000000
0  0.806439 18.209158 4.389869  0.866034 0.000112 -0.499985  0.298137 0.539763 1 0 1.000000
0  0.000000 18.209158 4.277596  0.500045 0.000107 0.865999  0.298137 0.539763 1 0 1.000000
gold_player
0  0.000000 15.739157 4.277596  0.500000 0.000000 0.866025  0.000000 0.000000 1 0 1.000000
0  1.852499 15.739157 3.208056  0.497113 0.003841 0.867678  0.000000 0.000000 1 0 1.000000
0  0.000000 18.209158 4.277596  0.500000 0.000000 0.866025  0.000000 0.000000 1 0 1.000000
gold_player
0  2.102728 19.937542 3.641458  -0.000042 -1.000000 0.000059  0.000000 0.000000 1 0 1.000000
0  0.656439 18.209158 4.130063  0.994833 0.000050 0.101527  0.000000 0.000000 1 0 1.000000
0  1.952728 19.937542 3.381650  0.285027 -0.821557 0.493765  0.000000 0.000000 1 0 1.000000
gold_player
0  0.656439 18.209158 4.130063  0.994842 -0.000000 0.101438  0.000000 0.000000 1 0 1.000000
0  3.249020 18.209158 2.633235  -0.409572 -0.000029 0.912278  0.000000 0.000000 1 0 1.000000
0  1.952728 19.937542 3.381650  0.285141 -0.821530 0.493745  0.000000 0.000000 1 0 1.000000
gold_player
0  3.399020 18.209158 2.893043  -0.866012 0.000077 0.500023  0.000000 0.000000 1 0 1.000000
0  1.952728 19.937542 3.381650  0.285099 -0.821515 0.493793  0.000000 0.000000 1 0 1.000000
0  3.249020 18.209158 2.633235  -0.409566 0.000105 0.912281  0.000000 0.000000 1 0 1.000000
gold_player
0  0.806439 18.209158 4.389869  0.865988 -0.000078 -0.500065  0.000000 0.000000 1 0 1.000000
0  1.952728 16.480772 3.381650  0.285090 0.821517 0.493794  0.000000 0.000000 1 0 1.000000
0  0.656439 18.209158 4.130063  0.994842 -0.000106 0.101441  0.000000 0.000000 1 0 1.000000
gold_player
0  2.102728 16.480772 3.641458  0.000074 1.000000 -0.000007  0.000000 0.000000 1 0 1.000000
0  3.249020 18.209158 2.633235  -0.409491 -0.000050 0.912314  0.000000 0.000000 1 0 1.000000
0  1.952728 16.480772 3.381650  0.285100 0.821557 0.493723  0.000000 0.000000 1 0 1.000000
gold_player
0  0.228256 8.625002 1.147519  0.177904 0.408458 0.895272  0.000000 0.000000 1 0 1.000000
0  0.447739 8.625002 1.080939  0.349217 0.408057 0.843527  0.000000 0.000000 1 0 1.000000
0  0.011947 9.625004 0.000000  0.189985 0.795608 0.575250  0.000000 0.000000 1 0 1.000000
gold_player
0  1.080939 8.625002 0.447740  0.843917 0.406875 0.349654  0.000000 0.000000 1 0 1.000000
0  1.147519 8.625002 0.228256  0.895991 0.406726 0.178255  0.000000 0.000000 1 0 1.000000
0  0.011947 9.625004 0.000000  0.189994 0.795595 0.575266  0.000000 0.000000 1 0 1.000000
gold_player
0  0.000000 8.625002 1.170000  0.089119 0.408133 0.908562  0.000000 0.000000 1 0 1.000000
0  0.011947 9.625004 0.000000  0.189926 0.795590 0.575296  0.000000 0.000000 1 0 1.000000
0  0.000000 9.625002 0.000000  -0.000123 0.760173 0.649721  0.000000 0.000000 1 0 1.000000
gold_player
0  0.827315 8.625002 0.827315  0.645719 0.407330 0.645856  0.000000 0.000000 1 0 1.000000
0  0.972819 8.625002 0.650017  0.759403 0.407080 0.507537  0.000000 0.000000 1 0 1.000000
0  0.011947 9.625004 0.000000  0.190069 0.795630 0.575193  0.000000 0.000000 1 0 1.000000
gold_player
0  0.447739 8.625002 1.080939  0.349266 0.408057 0.843506  0.000000 0.000000 1 0 1.000000
0  0.650017 8.625002 0.972820  0.507161 0.407664 0.759340  0.000000 0.000000 1 0 1.000000
0  0.011947 9.625004 0.000000  0.190041 0.795584 0.575265  0.000000 0.000000 1 0 1.000000
gold_player
0  0.972819 8.625002 0.650017  0.759403 0.407090 0.507527  0.000000 0.000000 1 0 1.000000
0  1.080939 8.625002 0.447740  0.843929 0.406845 0.349659  0.000000 0.000000 1 0 1.000000
0  0.011947 9.625004 0.000000  0.190027 0.795596 0.575254  0.000000 0.000000 1 0 1.000000
gold_player
0  0.650017 8.625002 0.972820  0.507185 0.407668 0.759322  0.000000 0.000000 1 0 1.000000
0  0.827315 8.625002 0.827315  0.645683 0.407363 0.645870  0.000000 0.000000 1 0 1.000000
0  0.011947 9.625004 0.000000  0.190064 0.795615 0.575216  0.000000 0.000000 1 0 1.000000
gold_player
0  1.147519 8.625002 0.228256  0.895990 0.406734 0.178243  0.000000 0.000000 1 0 1.000000
0  1.170000 8.625002 0.000000  0.909888 0.405064 0.089593  0.000000 0.000000 1 0 1.000000
0  0.011947 9.625004 0.000000  0.189878 0.795602 0.575295  0.000000 0.000000 1 0 1.000000
painted_wood_01
0  -0.039692 -15.644995 0.000000  0.000000 -1.000000 0.000000  0.298137 0.539763 1 0 1.000000
0  0.000000 -15.644995 0.000000  0.000000 -1.000000 0.000000  0.298137 0.539763 1 0 1.000000
0  0.000000 -14.644995 1.405957  0.000000 -0.814899 0.579603  0.298137 0.539763 1 0 1.000000
gold_player
0  0.000000 1.625002 1.170000  0.098009 -0.012260 0.995110  0.000000 0.000000 1 0 1.000000
0  0.000000 -4.644999 1.015105  0.097988 -0.024578 0.994884  0.000000 0.000000 1 0 1.000000
0  0.198037 -4.644999 0.995600  0.226968 -0.022809 0.973635  0.000000 0.000000 1 0 1.000000
gold_player
0  0.228256 1.625002 1.147519  0.195140 -0.012348 0.980698  0.000000 0.000000 1 0 1.000000
0  0.198037 -4.644999 0.995600  0.227081 -0.022806 0.973609  0.000000 0.000000 1 0 1.000000
0  0.388464 -4.644999 0.937835  0.352093 -0.022808 0.935687  0.000000 0.000000 1 0 1.000000
painted_wood_01
0  0.636979 -10.645002 0.636982  0.706094 0.053502 0.706094  0.298137 0.539763 1 0 1.000000
0  0.500471 -10.645002 0.749012  0.554775 0.053503 0.830278  0.298137 0.539763 1 0 1.000000
0  0.781099 -14.644995 1.169013  0.511926 -0.387182 0.766826  0.298137 0.539763 1 0 1.000000
gold_player
0  0.447739 1.625002 1.080939  0.382719 -0.012347 0.923782  0.000000 0.000000 1 0 1.000000
0  0.388464 -4.644999 0.937835  0.352208 -0.022810 0.935644  0.000000 0.000000 1 0 1.000000
0  0.563962 -4.644999 0.844029  0.555350 -0.024693 0.831250  0.000000 0.000000 1 0 1.000000
gold_player
0  0.650017 1.625002 0.972820  0.555585 -0.012348 0.831368  0.000000 0.000000 1 0 1.000000
0  0.563962 -4.644999 0.844029  0.555453 -0.024697 0.831181  0.000000 0.000000 1 0 1.000000
0  0.717787 -4.644999 0.717788  0.706880 -0.024694 0.706902  0.000000 0.000000 1 0 1.000000
gold_player
0  0.827315 1.625002 0.827315  0.707100 -0.012348 0.707005  0.000000 0.000000 1 0 1.000000
0  0.717787 -4.644999 0.717788  0.706935 -0.024697 0.706847  0.000000 0.000000 1 0 1.000000
0  0.844029 -4.644999 0.563962  0.831180 -0.024694 0.555454  0.000000 0.000000 1 0 1.000000
gold_player
0  0.883515 -10.645002 0.175745  0.955583 0.053276 0.289868  0.000000 0.000000 1 0 1.000000
0  0.832253 -10.645002 0.344734  0.955326 0.053281 0.290713  0.000000 0.000000 1 0 1.000000
0  1.298921 -14.644995 0.538046  0.884567 -0.381504 0.268320  0.000000 0.000000 1 0 1.000000
gold_player
0  0.972819 1.625002 0.650017  0.831443 -0.012347 0.555472  0.000000 0.000000 1 0 1.000000
0  0.844029 -4.644999 0.563962  0.831250 -0.024697 0.555349  0.000000 0.000000 1 0 1.000000
0  0.937835 -4.644999 0.388464  0.935644 -0.022809 0.352207  0.000000 0.000000 1 0 1.000000
painted_wood_01
0  0.198037 -4.644999 0.995600  0.226963 -0.022805 0.973636  0.298137 0.539763 1 0 1.000000
0  0.000000 -4.644999 1.015105  -0.000000 -0.013151 0.999914  0.298137 0.539763 1 0 1.000000
0  0.000000 -10.645002 0.900828  0.000000 0.053502 0.998568  0.298137 0.539763 1 0 1.000000
gold_player
0  1.080939 1.625002 0.447740  0.923836 -0.012348 0.382589  0.000000 0.000000 1 0 1.000000
0  0.937835 -4.644999 0.388464  0.935687 -0.022806 0.352093  0.000000 0.000000 1 0 1.000000
0  0.995600 -4.644999 0.198037  0.973609 -0.022808 0.227081  0.000000 0.000000 1 0 1.000000
painted_wood_01
0  0.937835 -4.644999 0.388464  0.935642 -0.022805 0.352212  0.298137 0.539763 1 0 1.000000
0  0.844029 -4.644999 0.563962  0.831214 -0.024729 0.555402  0.298137 0.539763 1 0 1.000000
0  0.749008 -10.645002 0.500475  0.830279 0.053502 0.554775  0.298137 0.539763 1 0 1.000000
gold_player
0  1.147519 1.625002 0.228256  0.980723 -0.012347 0.195014  0.000000 0.000000 1 0 1.000000
0  0.995600 -4.644999 0.198037  0.973634 -0.022810 0.226973  0.000000 0.000000 1 0 1.000000
0  1.015106 -4.644999 0.000000  0.994884 -0.024578 0.097993  0.000000 0.000000 1 0 1.000000
gold_player
0  0.344730 -10.645002 0.832257  0.289876 0.053278 0.955580  0.000000 0.000000 1 0 1.000000
0  0.175742 -10.645002 0.883519  0.289030 0.053283 0.955836  0.000000 0.000000 1 0 1.000000
0  0.274286 -14.644995 1.378942  0.268164 -0.382964 0.883983  0.000000 0.000000 1 0 1.000000
painted_wood_01
0  0.563962 -4.644999 0.844029  0.555401 -0.024729 0.831215  0.298137 0.539763 1 0 1.000000
0  0.388464 -4.644999 0.937835  0.352213 -0.022805 0.935642  0.298137 0.539763 1 0 1.000000
0  0.344730 -10.645002 0.832257  0.289945 0.053251 0.955561  0.298137 0.539763 1 0 1.000000
painted_wood_01
0  0.749008 -10.645002 0.500475  0.830279 0.053502 0.554775  0.298137 0.539763 1 0 1.000000
0  0.636979 -10.645002 0.636982  0.706094 0.053502 0.706094  0.298137 0.539763 1 0 1.000000
0  0.994151 -14.644995 0.994166  0.651999 -0.386273 0.652450  0.298137 0.539763 1 0 1.000000
painted_wood_01
0  1.015106 -4.644999 0.000000  0.999912 -0.013291 0.000004  0.298137 0.539763 1 0 1.000000
0  0.995600 -4.644999 0.198037  0.973635 -0.022806 0.226967  0.298137 0.539763 1 0 1.000000
0  0.883515 -10.645002 0.175745  0.955604 0.053251 0.289802  0.298137 0.539763 1 0 1.000000
painted_wood_01
0  0.900825 -10.645002 0.000000  0.998568 0.053502 0.000000  0.298137 0.539763 1 0 1.000000
0  0.883515 -10.645002 0.175745  0.955604 0.053251 0.289802  0.298137 0.539763 1 0 1.000000
0  1.378928 -14.644995 0.274301  0.883603 -0.383992 0.267947  0.298137 0.539763 1 0 1.000000
painted_wood_01
0  0.844029 -4.644999 0.563962  0.831214 -0.024729 0.555402  0.298137 0.539763 1 0 1.000000
0  0.717787 -4.644999 0.717788  0.706890 -0.024729 0.706891  0.298137 0.539763 1 0 1.000000
0  0.636979 -10.645002 0.636982  0.706094 0.053502 0.706094  0.298137 0.539763 1 0 1.000000
painted_wood_01
0  0.500471 -10.645002 0.749012  0.554775 0.053503 0.830278  0.298137 0.539763 1 0 1.000000
0  0.344730 -10.645002 0.832257  0.289945 0.053251 0.955561  0.298137 0.539763 1 0 1.000000
0  0.538031 -14.644995 1.298936  0.267239 -0.391053 0.880716  0.298137 0.539763 1 0 1.000000
gold_player
0  0.388464 -4.644999 0.937835  0.352096 -0.022803 0.935686  0.000000 0.000000 1 0 1.000000
0  0.198037 -4.644999 0.995600  0.227079 -0.022796 0.973610  0.000000 0.000000 1 0 1.000000
0  0.175742 -10.645002 0.883519  0.289876 0.053218 0.955584  0.000000 0.000000 1 0 1.000000
painted_wood_01
0  0.832253 -10.645002 0.344734  0.955553 0.053250 0.289972  0.298137 0.539763 1 0 1.000000
0  0.749008 -10.645002 0.500475  0.830279 0.053502 0.554775  0.298137 0.539763 1 0 1.000000
0  1.168998 -14.644995 0.781114  0.767056 -0.385521 0.512834  0.298137 0.539763 1 0 1.000000
gold_player
0  0.995600 -4.644999 0.198037  0.973609 -0.022804 0.227079  0.000000 0.000000 1 0 1.000000
0  0.937835 -4.644999 0.388464  0.935686 -0.022796 0.352096  0.000000 0.000000 1 0 1.000000
0  0.832253 -10.645002 0.344734  0.955585 0.053217 0.289871  0.000000 0.000000 1 0 1.000000
painted_wood_01
0  0.717787 -4.644999 0.717788  0.706890 -0.024729 0.706891  0.298137 0.539763 1 0 1.000000
0  0.563962 -4.644999 0.844029  0.555401 -0.024729 0.831215  0.298137 0.539763 1 0 1.000000
0  0.500471 -10.645002 0.749012  0.554775 0.053503 0.830278  0.298137 0.539763 1 0 1.000000
painted_wood_01
0  0.175742 -10.645002 0.883519  0.289772 0.053251 0.955613  0.298137 0.539763 1 0 1.000000
0  0.000000 -10.645002 0.900828  0.000000 0.053502 0.998568  0.298137 0.539763 1 0 1.000000
0  0.000000 -14.644995 1.405957  0.000000 -0.389890 0.920861  0.298137 0.539763 1 0 1.000000
gold_player
0  0.447739 6.625002 1.080939  0.363652 0.311517 0.877904  0.000000 0.000000 1 0 1.000000
0  0.650017 6.625002 0.972820  0.527881 0.311572 0.790104  0.000000 0.000000 1 0 1.000000
0  0.650017 8.625002 0.972820  0.507165 0.407641 0.759350  0.000000 0.000000 1 0 1.000000
gold_player
0  0.827315 6.625002 0.827315  0.671913 0.311560 0.671910  0.000000 0.000000 1 0 1.000000
0  0.972819 6.625002 0.650017  0.790065 0.311528 0.527965  0.000000 0.000000 1 0 1.000000
0  0.972819 8.625002 0.650017  0.759423 0.407037 0.507541  0.000000 0.000000 1 0 1.000000
painted_wood_01
0  1.341806 4.019003 0.555794  0.750908 -0.582591 0.311006  0.298137 0.539763 1 0 1.000000
0  1.424453 4.019003 0.283341  0.797154 -0.582591 0.158535  0.298137 0.539763 1 0 1.000000
0  1.424453 6.231001 0.283341  0.797143 0.582591 0.158590  0.298137 0.539763 1 0 1.000000
painted_wood_01
0  0.806888 4.019003 1.207593  0.451546 -0.582591 0.675792  0.298137 0.539763 1 0 1.000000
0  1.026974 4.019003 1.026974  0.574732 -0.582591 0.574692  0.298137 0.539763 1 0 1.000000
0  1.026974 6.231001 1.026974  0.574692 0.582591 0.574732  0.298137 0.539763 1 0 1.000000
painted_wood_01
0  1.424453 4.019003 0.283341  0.797154 -0.582591 0.158535  0.298137 0.539763 1 0 1.000000
0  1.452360 4.019003 0.000000  0.798854 -0.601525 -0.000029  0.298137 0.539763 1 0 1.000000
0  1.452360 6.231001 0.000000  0.803849 0.594834 0.000028  0.298137 0.539763 1 0 1.000000
gold_player
0  0.228256 6.625002 1.147519  0.213618 0.154987 0.964545  0.000000 0.000000 1 0 1.000000
0  0.447739 6.625002 1.080939  0.363593 0.311528 0.877924  0.000000 0.000000 1 0 1.000000
0  0.447739 8.625002 1.080939  0.349236 0.408040 0.843527  0.000000 0.000000 1 0 1.000000
gold_player
0  1.080939 6.625002 0.447740  0.877894 0.311560 0.363637  0.000000 0.000000 1 0 1.000000
0  1.147519 6.625002 0.228256  0.931957 0.311572 0.185417  0.000000 0.000000 1 0 1.000000
0  1.147519 8.625002 0.228256  0.896018 0.406663 0.178263  0.000000 0.000000 1 0 1.000000
gold_player
0  0.650017 6.625002 0.972820  0.527918 0.311560 0.790084  0.000000 0.000000 1 0 1.000000
0  0.827315 6.625002 0.827315  0.671883 0.311572 0.671935  0.000000 0.000000 1 0 1.000000
0  0.827315 8.625002 0.827315  0.645721 0.407309 0.645866  0.000000 0.000000 1 0 1.000000
gold_player
0  0.000000 6.625002 1.170000  0.098016 0.000000 0.995185  0.000000 0.000000 1 0 1.000000
0  0.228256 6.625002 1.147519  0.213537 0.154978 0.964564  0.000000 0.000000 1 0 1.000000
0  0.228256 8.625002 1.147519  0.177872 0.408457 0.895279  0.000000 0.000000 1 0 1.000000
gold_player
0  0.972819 6.625002 0.650017  0.790102 0.311517 0.527916  0.000000 0.000000 1 0 1.000000
0  1.080939 6.625002 0.447740  0.877876 0.311572 0.363672  0.000000 0.000000 1 0 1.000000
0  1.080939 8.625002 0.447740  0.843947 0.406807 0.349658  0.000000 0.000000 1 0 1.000000
painted_wood_01
0  1.026974 4.019003 1.026974  0.574732 -0.582591 0.574692  0.298137 0.539763 1 0 1.000000
0  1.207593 4.019003 0.806888  0.675789 -0.582591 0.451550  0.298137 0.539763 1 0 1.000000
0  1.207593 6.231001 0.806888  0.675768 0.582591 0.451581  0.298137 0.539763 1 0 1.000000
painted_wood_01
0  0.000000 3.625002 1.170000  0.000027 0.010995 0.999940  0.298137 0.539763 1 0 1.000000
0  0.555794 4.019003 1.341806  0.351930 -0.581914 0.733159  0.298137 0.539763 1 0 1.000000
0  0.000000 4.019003 1.341806  0.000000 -0.220474 0.975393  0.298137 0.539763 1 0 1.000000
painted_wood_01
0  1.207593 4.019003 0.806888  0.675789 -0.582591 0.451550  0.298137 0.539763 1 0 1.000000
0  1.341806 4.019003 0.555794  0.750908 -0.582591 0.311006  0.298137 0.539763 1 0 1.000000
0  1.341806 6.231001 0.555794  0.750913 0.582551 0.311068  0.298137 0.539763 1 0 1.000000
painted_wood_01
0  0.555794 4.019003 1.341806  0.351930 -0.581914 0.733159  0.298137 0.539763 1 0 1.000000
0  0.806888 4.019003 1.207593  0.451546 -0.582591 0.675792  0.298137 0.539763 1 0 1.000000
0  0.806888 6.231001 1.207593  0.451432 0.582591 0.675868  0.298137 0.539763 1 0 1.000000
gold_player
0  1.147519 6.625002 0.228256  0.931968 0.311560 0.185379  0.000000 0.000000 1 0 1.000000
0  1.170000 6.625002 0.000000  0.946099 0.310184 0.093181  0.000000 0.000000 1 0 1.000000
0  1.170000 8.625002 0.000000  0.909917 0.404990 0.089632  0.000000 0.000000 1 0 1.000000
gold_player
0  0.972819 1.625002 0.650017  0.831457 -0.012325 0.555452  0.000000 0.000000 1 0 1.000000
0  1.080939 1.625002 0.447740  0.923790 -0.012331 0.382701  0.000000 0.000000 1 0 1.000000
0  1.080939 3.625002 0.447740  0.877892 -0.311562 0.363642  0.000000 0.000000 1 0 1.000000
gold_player
0  0.447739 1.625002 1.080939  0.382739 -0.012325 0.923774  0.000000 0.000000 1 0 1.000000
0  0.650017 1.625002 0.972820  0.555486 -0.012331 0.831434  0.000000 0.000000 1 0 1.000000
0  0.650017 3.625002 0.972820  0.527911 -0.311562 0.790088  0.000000 0.000000 1 0 1.000000
gold_player
0  1.080939 1.625002 0.447740  0.923845 -0.012325 0.382568  0.000000 0.000000 1 0 1.000000
0  1.147519 1.625002 0.228256  0.980692 -0.012325 0.195169  0.000000 0.000000 1 0 1.000000
0  1.147519 3.625002 0.228256  0.931966 -0.311562 0.185385  0.000000 0.000000 1 0 1.000000
gold_player
0  0.650017 1.625002 0.972820  0.555568 -0.012331 0.831380  0.000000 0.000000 1 0 1.000000
0  0.827315 1.625002 0.827315  0.707020 -0.012331 0.707086  0.000000 0.000000 1 0 1.000000
0  0.827315 3.625002 0.827315  0.671909 -0.311562 0.671914  0.000000 0.000000 1 0 1.000000
gold_player
0  0.000000 1.625002 1.170000  0.098009 -0.012272 0.995110  0.000000 0.000000 1 0 1.000000
0  0.228256 1.625002 1.147519  0.195028 -0.012331 0.980720  0.000000 0.000000 1 0 1.000000
0  0.228256 3.625002 1.147519  0.213539 -0.154976 0.964564  0.000000 0.000000 1 0 1.000000
gold_player
0  1.147519 1.625002 0.228256  0.980720 -0.012331 0.195028  0.000000 0.000000 1 0 1.000000
0  1.170000 1.625002 0.000000  0.995110 -0.012272 0.098009  0.000000 0.000000 1 0 1.000000
0  1.170000 3.625002 0.000000  0.946097 -0.310184 0.093199  0.000000 0.000000 1 0 1.000000
gold_player
0  0.827315 1.625002 0.827315  0.707122 -0.012325 0.706984  0.000000 0.000000 1 0 1.000000
0  0.972819 1.625002 0.650017  0.831355 -0.012325 0.555605  0.000000 0.000000 1 0 1.000000
0  0.972819 3.625002 0.650017  0.790087 -0.311518 0.527939  0.000000 0.000000 1 0 1.000000
gold_player
0  0.228256 1.625002 1.147519  0.195123 -0.012331 0.980701  0.000000 0.000000 1 0 1.000000
0  0.447739 1.625002 1.080939  0.382568 -0.012325 0.923845  0.000000 0.000000 1 0 1.000000
0  0.447739 3.625002 1.080939  0.363625 -0.311518 0.877914  0.000000 0.000000 1 0 1.000000
gold_player
0  0.806888 6.231001 1.207593  0.451594 0.582512 0.675827  0.000000 0.000000 1 0 1.000000
0  1.026974 6.231001 1.026974  0.574739 0.582505 0.574772  0.000000 0.000000 1 0 1.000000
0  0.827315 6.625002 0.827315  0.671863 0.311692 0.671899  0.000000 0.000000 1 0 1.000000
gold_player
0  1.424453 6.231001 0.283341  0.797208 0.582512 0.158555  0.000000 0.000000 1 0 1.000000
0  1.452360 6.231001 0.000000  0.810232 0.580651 0.079802  0.000000 0.000000 1 0 1.000000
0  1.170000 6.625002 0.000000  0.946047 0.310340 0.093185  0.000000 0.000000 1 0 1.000000
gold_player
0  0.555794 6.231001 1.341806  0.351897 0.581932 0.733160  0.000000 0.000000 1 0 1.000000
0  0.806888 6.231001 1.207593  0.451567 0.582505 0.675852  0.000000 0.000000 1 0 1.000000
0  0.650017 6.625002 0.972820  0.527876 0.311691 0.790061  0.000000 0.000000 1 0 1.000000
gold_player
0  1.341806 6.231001 0.555794  0.750959 0.582512 0.311031  0.000000 0.000000 1 0 1.000000
0  1.424453 6.231001 0.283341  0.797206 0.582504 0.158591  0.000000 0.000000 1 0 1.000000
0  1.147519 6.625002 0.228256  0.931922 0.311690 0.185390  0.000000 0.000000 1 0 1.000000
gold_player
0  1.026974 6.231001 1.026974  0.574767 0.582513 0.574736  0.000000 0.000000 1 0 1.000000
0  1.207593 6.231001 0.806888  0.675830 0.582506 0.451598  0.000000 0.000000 1 0 1.000000
0  0.972819 6.625002 0.650017  0.790037 0.311692 0.527911  0.000000 0.000000 1 0 1.000000
painted_wood_01
0  0.555794 4.019003 1.341806  0.351930 -0.581914 0.733159  0.298137 0.539763 1 0 1.000000
0  0.000000 6.231001 1.341806  -0.000001 0.220486 0.975390  0.298137 0.539763 1 0 1.000000
0  0.000000 4.019003 1.341806  0.000000 -0.220474 0.975393  0.298137 0.539763 1 0 1.000000
gold_player
0  1.424453 4.019003 0.283341  0.797200 -0.582512 0.158593  0.000000 0.000000 1 0 1.000000
0  1.341806 4.019003 0.555794  0.750963 -0.582505 0.311035  0.000000 0.000000 1 0 1.000000
0  1.080939 3.625002 0.447740  0.877864 -0.311691 0.363597  0.000000 0.000000 1 0 1.000000
gold_player
0  1.207593 4.019003 0.806888  0.675826 -0.582512 0.451595  0.000000 0.000000 1 0 1.000000
0  1.026974 4.019003 1.026974  0.574771 -0.582506 0.574740  0.000000 0.000000 1 0 1.000000
0  0.827315 3.625002 0.827315  0.671898 -0.311692 0.671864  0.000000 0.000000 1 0 1.000000
gold_player
0  0.806888 4.019003 1.207593  0.451568 -0.582503 0.675853  0.000000 0.000000 1 0 1.000000
0  0.555794 4.019003 1.341806  0.351898 -0.581930 0.733161  0.000000 0.000000 1 0 1.000000
0  0.447739 3.625002 1.080939  0.363642 -0.311693 0.877845  0.000000 0.000000 1 0 1.000000
gold_player
0  1.207593 6.231001 0.806888  0.675847 0.582512 0.451564  0.000000 0.000000 1 0 1.000000
0  1.341806 6.231001 0.555794  0.750946 0.582505 0.311075  0.000000 0.000000 1 0 1.000000
0  1.080939 6.625002 0.447740  0.877846 0.311691 0.363641  0.000000 0.000000 1 0 1.000000
gold_player
0  1.452360 4.019003 0.000000  0.810232 -0.580650 0.079802  0.000000 0.000000 1 0 1.000000
0  1.424453 4.019003 0.283341  0.797213 -0.582504 0.158556  0.000000 0.000000 1 0 1.000000
0  1.147519 3.625002 0.228256  0.931931 -0.311690 0.185350  0.000000 0.000000 1 0 1.000000
gold_player
0  1.341806 4.019003 0.555794  0.750941 -0.582513 0.311073  0.000000 0.000000 1 0 1.000000
0  1.207593 4.019003 0.806888  0.675851 -0.582506 0.451566  0.000000 0.000000 1 0 1.000000
0  0.972819 3.625002 0.650017  0.790061 -0.311692 0.527875  0.000000 0.000000 1 0 1.000000
gold_player
0  1.026974 4.019003 1.026974  0.574736 -0.582512 0.574768  0.000000 0.000000 1 0 1.000000
0  0.806888 4.019003 1.207593  0.451598 -0.582504 0.675831  0.000000 0.000000 1 0 1.000000
0  0.650017 3.625002 0.972820  0.527911 -0.311690 0.790037  0.000000 0.000000 1 0 1.000000
gold_player
0  1.852499 15.739157 3.208056  0.497102 0.003800 0.867684  0.000000 0.000000 1 0 1.000000
0  0.000000 15.504158 2.138515  -0.816846 -0.566042 0.111171  0.000000 0.000000 1 0 1.000000
0  0.008427 15.004513 2.138515  -0.997974 -0.016896 -0.061338  0.000000 0.000000 1 0 1.000000
gold_player
0  1.852500 15.504158 1.068973  0.151115 -0.986852 0.057341  0.000000 0.000000 1 0 1.000000
0  1.852499 15.739157 3.208056  0.497110 0.003833 0.867679  0.000000 0.000000 1 0 1.000000
0  1.860925 15.239513 3.208057  0.507642 0.008564 0.861526  0.000000 0.000000 1 0 1.000000
gold_player
0  0.000000 15.504158 2.138515  -0.816828 -0.566093 0.111042  0.000000 0.000000 1 0 1.000000
0  1.852500 15.504158 1.068973  0.151243 -0.986833 0.057326  0.000000 0.000000 1 0 1.000000
0  1.860927 15.004513 1.068973  -0.903314 -0.015248 -0.428710  0.000000 0.000000 1 0 1.000000
gold_player
0  1.852500 15.504158 1.068973  0.151151 -0.986847 0.057326  0.000000 0.000000 1 0 1.000000
0  1.852501 15.504158 0.000000  -0.350237 -0.936661 -0.000000  0.000000 0.000000 1 0 1.000000
0  1.860927 15.004513 0.000000  -0.999858 -0.016862 -0.000001  0.000000 0.000000 1 0 1.000000
gold_player
0  3.704999 15.739157 -0.000567  0.496239 -0.458014 0.737544  0.000000 0.000000 1 0 1.000000
0  1.852500 15.504158 1.068973  0.151160 -0.986847 0.057303  0.000000 0.000000 1 0 1.000000
0  1.860927 15.004513 1.068973  -0.903286 -0.015276 -0.428766  0.000000 0.000000 1 0 1.000000
gold_player
0  1.852500 20.914156 1.068972  0.130557 0.988829 0.071924  0.000000 0.000000 1 0 1.000000
0  0.000000 20.914156 2.138515  -0.568772 0.812944 0.124981  0.000000 0.000000 1 0 1.000000
0  0.008427 21.413801 2.138514  -0.997974 0.016901 -0.061339  0.000000 0.000000 1 0 1.000000
gold_player
0  1.852499 20.679157 3.208056  0.475227 0.294142 0.829241  0.000000 0.000000 1 0 1.000000
0  1.852500 20.914156 1.068972  0.130584 0.988826 0.071914  0.000000 0.000000 1 0 1.000000
0  1.860930 21.413801 1.068973  -0.895995 0.015117 -0.443806  0.000000 0.000000 1 0 1.000000
gold_player
0  1.856717 20.920296 0.000000  -0.351729 0.936094 0.003973  0.000000 0.000000 1 0 1.000000
0  1.852500 20.914156 1.068972  0.130651 0.988818 0.071904  0.000000 0.000000 1 0 1.000000
0  1.860930 21.413801 1.068973  -0.895977 0.015079 -0.443845  0.000000 0.000000 1 0 1.000000
gold_player
0  1.852500 20.914156 1.068972  0.130578 0.988829 0.071874  0.000000 0.000000 1 0 1.000000
0  3.704999 20.679157 -0.000569  0.496304 0.457509 0.737813  0.000000 0.000000 1 0 1.000000
0  3.713427 21.178801 -0.000569  0.499182 -0.008420 0.866456  0.000000 0.000000 1 0 1.000000
gold_player
0  0.000000 20.914156 2.138515  -0.568787 0.812934 0.124982  0.000000 0.000000 1 0 1.000000
0  1.852499 20.679157 3.208056  0.475124 0.294207 0.829277  0.000000 0.000000 1 0 1.000000
0  1.860925 21.178801 3.208056  0.507601 -0.008557 0.861550  0.000000 0.000000 1 0 1.000000
gold_player
0  3.704999 18.209158 2.138515  0.510163 0.000037 0.860078  0.000000 0.000000 1 0 1.000000
0  3.704999 15.739157 -0.000567  0.496250 -0.458067 0.737503  0.000000 0.000000 1 0 1.000000
0  3.947838 15.739157 -0.000567  0.274105 -0.629579 0.726977  0.000000 0.000000 1 0 1.000000
gold_player
0  3.704999 20.679157 -0.000569  0.496287 0.457503 0.737828  0.000000 0.000000 1 0 1.000000
0  3.704999 18.209158 2.138515  0.510060 -0.000104 0.860139  0.000000 0.000000 1 0 1.000000
0  3.947838 18.209158 2.138515  0.384653 -0.000094 0.923061  0.000000 0.000000 1 0 1.000000
gold_player
0  4.204999 16.131977 -0.000567  0.707106 -0.462910 0.534524  0.000000 0.000000 1 0 1.000000
0  4.204999 18.209158 1.798324  0.797723 -0.000022 0.603024  0.000000 0.000000 1 0 1.000000
0  3.947838 18.209158 2.138515  0.384582 0.000101 0.923091  0.000000 0.000000 1 0 1.000000
gold_player
0  4.204999 18.209158 1.798324  0.797705 0.000022 0.603048  0.000000 0.000000 1 0 1.000000
0  4.204999 20.286337 -0.000567  0.707107 0.462910 0.534523  0.000000 0.000000 1 0 1.000000
0  3.947839 20.679157 -0.000569  0.274220 0.629536 0.726972  0.000000 0.000000 1 0 1.000000
painted_wood_01
0  4.204999 20.286337 -0.000567  0.707056 0.462981 0.534529  0.298137 0.539763 1 0 1.000000
0  4.204999 18.209158 1.798324  0.797679 -0.000033 0.603082  0.298137 0.539763 1 0 1.000000
0  4.204999 18.209158 1.496259  0.887300 0.000000 -0.461193  0.298137 0.539763 1 0 1.000000
painted_wood_01
0  4.204999 18.209158 1.798324  0.797679 -0.000033 0.603082  0.298137 0.539763 1 0 1.000000
0  4.204999 16.131977 -0.000567  0.707056 -0.462912 0.534588  0.298137 0.539763 1 0 1.000000
0  4.204999 16.480772 -0.000567  0.839591 0.355620 -0.410635  0.298137 0.539763 1 0 1.000000
painted_wood_01
0  3.704999 18.209158 2.138515  0.509936 0.000007 0.860213  0.298137 0.539763 1 0 1.000000
0  2.102728 16.480772 3.641458  0.000023 1.000000 0.000039  0.298137 0.539763 1 0 1.000000
0  1.852499 15.739157 3.208056  0.497032 0.003898 0.867723  0.298137 0.539763 1 0 1.000000
gold_player
0  2.102728 19.937542 3.641458  -0.000057 -1.000000 0.000035  0.000000 0.000000 1 0 1.000000
0  0.806439 18.209158 4.389869  0.866027 0.000078 -0.499997  0.000000 0.000000 1 0 1.000000
0  0.656439 18.209158 4.130063  0.994831 0.000039 0.101545  0.000000 0.000000 1 0 1.000000
gold_player
0  0.656439 18.209158 4.130063  0.994842 0.000030 0.101438  0.000000 0.000000 1 0 1.000000
0  1.952728 16.480772 3.381650  0.285026 0.821530 0.493811  0.000000 0.000000 1 0 1.000000
0  3.249020 18.209158 2.633235  -0.409572 0.000000 0.912278  0.000000 0.000000 1 0 1.000000
gold_player
0  3.399020 18.209158 2.893043  -0.866026 0.000076 0.499999  0.000000 0.000000 1 0 1.000000
0  2.102728 19.937542 3.641458  0.000058 -1.000000 -0.000035  0.000000 0.000000 1 0 1.000000
0  1.952728 19.937542 3.381650  0.285098 -0.821480 0.493852  0.000000 0.000000 1 0 1.000000
gold_player
0  0.806439 18.209158 4.389869  0.866026 -0.000078 -0.499998  0.000000 0.000000 1 0 1.000000
0  2.102728 16.480772 3.641458  -0.000057 1.000000 0.000034  0.000000 0.000000 1 0 1.000000
0  1.952728 16.480772 3.381650  0.285141 0.821479 0.493829  0.000000 0.000000 1 0 1.000000
gold_player
0  2.102728 16.480772 3.641458  0.000058 1.000000 -0.000033  0.000000 0.000000 1 0 1.000000
0  3.399020 18.209158 2.893043  -0.866025 -0.000078 0.500000  0.000000 0.000000 1 0 1.000000
0  3.249020 18.209158 2.633235  -0.409477 -0.000039 0.912321  0.000000 0.000000 1 0 1.000000
gold_player
0  0.000000 8.625002 1.170000  0.089102 0.408153 0.908555  0.000000 0.000000 1 0 1.000000
0  0.228256 8.625002 1.147519  0.177902 0.408452 0.895275  0.000000 0.000000 1 0 1.000000
0  0.011947 9.625004 0.000000  0.189933 0.795584 0.575301  0.000000 0.000000 1 0 1.000000
gold_player
0  0.000000 8.625002 1.170000  0.089126 0.408132 0.908562  0.000000 0.000000 1 0 1.000000
0  0.000000 9.625002 0.000000  0.000123 0.760173 0.649721  0.000000 0.000000 1 0 1.000000
0  -0.011947 9.625004 0.000000  0.000123 0.760173 0.649721  0.000000 0.000000 1 0 1.000000
c_invasion_wrangler_laser
0  2.413950 11.949177 0.000000  0.999998 -0.001939 -0.000000  0.000000 0.000000 1 0 1.000000
0  1.851672 11.647890 0.201594  -0.463149 -0.878340 -0.118375  0.000000 0.000000 1 0 1.000000
0  1.892105 11.647890 0.000000  -0.409343 -0.912381 0.000000  0.000000 0.000000 1 0 1.000000
c_invasion_wrangler_laser
0  1.892105 11.647890 0.000000  -0.409343 -0.912381 0.000000  0.000000 0.000000 1 0 1.000000
0  1.851672 12.250463 0.201594  -0.464931 0.877697 -0.116132  0.000000 0.000000 1 0 1.000000
0  1.892105 12.250463 0.000000  -0.412349 0.911026 0.000000  0.000000 0.000000 1 0 1.000000
c_invasion_wrangler_laser
0  1.892105 12.250463 0.000000  -0.412349 0.911026 0.000000  0.000000 0.000000 1 0 1.000000
0  2.363490 11.949177 0.303401  0.973619 -0.001154 0.228175  0.000000 0.000000 1 0 1.000000
0  2.413950 11.949177 0.000000  0.999998 -0.001939 -0.000000  0.000000 0.000000 1 0 1.000000
c_invasion_wrangler_laser
0  2.363490 11.949177 0.303401  0.973619 -0.001154 0.228175  0.000000 0.000000 1 0 1.000000
0  1.731931 11.647890 0.596330  -0.422433 -0.889344 -0.174980  0.000000 0.000000 1 0 1.000000
0  1.851672 11.647890 0.201594  -0.463149 -0.878340 -0.118375  0.000000 0.000000 1 0 1.000000
c_invasion_wrangler_laser
0  1.851672 11.647890 0.201594  -0.463149 -0.878340 -0.118375  0.000000 0.000000 1 0 1.000000
0  1.731931 12.250463 0.596330  -0.422434 0.889344 -0.174978  0.000000 0.000000 1 0 1.000000
0  1.851672 12.250463 0.201594  -0.464931 0.877697 -0.116132  0.000000 0.000000 1 0 1.000000
c_invasion_wrangler_laser
0  1.851672 12.250463 0.201594  -0.464931 0.877697 -0.116132  0.000000 0.000000 1 0 1.000000
0  2.214053 11.949177 0.796032  0.923880 -0.000000 0.382683  0.000000 0.000000 1 0 1.000000
0  2.363490 11.949177 0.303401  0.973619 -0.001154 0.228175  0.000000 0.000000 1 0 1.000000
c_invasion_wrangler_laser
0  2.214053 11.949177 0.796032  0.923880 -0.000000 0.382683  0.000000 0.000000 1 0 1.000000
0  1.537480 11.647890 0.960122  -0.380181 -0.889344 -0.254029  0.000000 0.000000 1 0 1.000000
0  1.731931 11.647890 0.596330  -0.422433 -0.889344 -0.174980  0.000000 0.000000 1 0 1.000000
c_invasion_wrangler_laser
0  1.731931 11.647890 0.596330  -0.422433 -0.889344 -0.174980  0.000000 0.000000 1 0 1.000000
0  1.537480 12.250463 0.960122  -0.380183 0.889343 -0.254027  0.000000 0.000000 1 0 1.000000
0  1.731931 12.250463 0.596330  -0.422434 0.889344 -0.174978  0.000000 0.000000 1 0 1.000000
c_invasion_wrangler_laser
0  1.731931 12.250463 0.596330  -0.422434 0.889344 -0.174978  0.000000 0.000000 1 0 1.000000
0  1.971379 11.949177 1.250043  0.831469 -0.000000 0.555570  0.000000 0.000000 1 0 1.000000
0  2.214053 11.949177 0.796032  0.923880 -0.000000 0.382683  0.000000 0.000000 1 0 1.000000
c_invasion_wrangler_laser
0  1.971379 11.949177 1.250043  0.831469 -0.000000 0.555570  0.000000 0.000000 1 0 1.000000
0  1.275794 11.647890 1.278987  -0.323316 -0.889344 -0.323318  0.000000 0.000000 1 0 1.000000
0  1.537480 11.647890 0.960122  -0.380181 -0.889344 -0.254029  0.000000 0.000000 1 0 1.000000
c_invasion_wrangler_laser
0  1.537480 11.647890 0.960122  -0.380181 -0.889344 -0.254029  0.000000 0.000000 1 0 1.000000
0  1.275794 12.250463 1.278987  -0.323318 0.889344 -0.323316  0.000000 0.000000 1 0 1.000000
0  1.537480 12.250463 0.960122  -0.380183 0.889343 -0.254027  0.000000 0.000000 1 0 1.000000
c_invasion_wrangler_laser
0  1.537480 12.250463 0.960122  -0.380183 0.889343 -0.254027  0.000000 0.000000 1 0 1.000000
0  1.644794 11.949177 1.647988  0.707108 -0.000000 0.707106  0.000000 0.000000 1 0 1.000000
0  1.971379 11.949177 1.250043  0.831469 -0.000000 0.555570  0.000000 0.000000 1 0 1.000000
c_invasion_wrangler_laser
0  1.644794 11.949177 1.647988  0.707108 -0.000000 0.707106  0.000000 0.000000 1 0 1.000000
0  0.956928 11.647890 1.540673  -0.254028 -0.889343 -0.380182  0.000000 0.000000 1 0 1.000000
0  1.275794 11.647890 1.278987  -0.323316 -0.889344 -0.323318  0.000000 0.000000 1 0 1.000000
c_invasion_wrangler_laser
0  1.275794 11.647890 1.278987  -0.323316 -0.889344 -0.323318  0.000000 0.000000 1 0 1.000000
0  0.956928 12.250465 1.540673  -0.254029 0.889344 -0.380179  0.000000 0.000000 1 0 1.000000
0  1.275794 12.250463 1.278987  -0.323318 0.889344 -0.323316  0.000000 0.000000 1 0 1.000000
c_invasion_wrangler_laser
0  1.275794 12.250463 1.278987  -0.323318 0.889344 -0.323316  0.000000 0.000000 1 0 1.000000
0  1.246850 11.949177 1.974572  0.555571 -0.000001 0.831469  0.000000 0.000000 1 0 1.000000
0  1.644794 11.949177 1.647988  0.707108 -0.000000 0.707106  0.000000 0.000000 1 0 1.000000
c_invasion_wrangler_laser
0  1.246850 11.949177 1.974572  0.555571 -0.000001 0.831469  0.000000 0.000000 1 0 1.000000
0  0.593138 11.647890 1.735124  -0.174976 -0.889343 -0.422435  0.000000 0.000000 1 0 1.000000
0  0.956928 11.647890 1.540673  -0.254028 -0.889343 -0.380182  0.000000 0.000000 1 0 1.000000
c_invasion_wrangler_laser
0  0.956928 11.647890 1.540673  -0.254028 -0.889343 -0.380182  0.000000 0.000000 1 0 1.000000
0  0.593138 12.250465 1.735124  -0.174980 0.889345 -0.422431  0.000000 0.000000 1 0 1.000000
0  0.956928 12.250465 1.540673  -0.254029 0.889344 -0.380179  0.000000 0.000000 1 0 1.000000
c_invasion_wrangler_laser
0  0.956928 12.250465 1.540673  -0.254029 0.889344 -0.380179  0.000000 0.000000 1 0 1.000000
0  0.792840 11.949177 2.217246  0.382684 -0.000002 0.923879  0.000000 0.000000 1 0 1.000000
0  1.246850 11.949177 1.974572  0.555571 -0.000001 0.831469  0.000000 0.000000 1 0 1.000000
c_invasion_wrangler_laser
0  0.792840 11.949177 2.217246  0.382684 -0.000002 0.923879  0.000000 0.000000 1 0 1.000000
0  0.198402 11.647890 1.854865  -0.117014 -0.877338 -0.465388  0.000000 0.000000 1 0 1.000000
0  0.593138 11.647890 1.735124  -0.174976 -0.889343 -0.422435  0.000000 0.000000 1 0 1.000000
c_invasion_wrangler_laser
0  0.593138 11.647890 1.735124  -0.174976 -0.889343 -0.422435  0.000000 0.000000 1 0 1.000000
0  0.198402 12.250465 1.854865  -0.119325 0.878003 -0.463544  0.000000 0.000000 1 0 1.000000
0  0.593138 12.250465 1.735124  -0.174980 0.889345 -0.422431  0.000000 0.000000 1 0 1.000000
c_invasion_wrangler_laser
0  0.593138 12.250465 1.735124  -0.174980 0.889345 -0.422431  0.000000 0.000000 1 0 1.000000
0  0.300209 11.949177 2.366684  0.229043 0.001188 0.973415  0.000000 0.000000 1 0 1.000000
0  0.792840 11.949177 2.217246  0.382684 -0.000002 0.923879  0.000000 0.000000 1 0 1.000000
c_invasion_wrangler_laser
0  0.300209 11.949177 2.366684  0.229043 0.001188 0.973415  0.000000 0.000000 1 0 1.000000
0  0.000000 11.647890 1.895298  0.000000 -0.911679 -0.410903  0.000000 0.000000 1 0 1.000000
0  0.198402 11.647890 1.854865  -0.117014 -0.877338 -0.465388  0.000000 0.000000 1 0 1.000000
c_invasion_wrangler_laser
0  0.198402 11.647890 1.854865  -0.117014 -0.877338 -0.465388  0.000000 0.000000 1 0 1.000000
0  0.000000 12.250465 1.895298  -0.000000 0.913079 -0.407783  0.000000 0.000000 1 0 1.000000
0  0.198402 12.250465 1.854865  -0.119325 0.878003 -0.463544  0.000000 0.000000 1 0 1.000000
c_invasion_wrangler_laser
0  0.198402 12.250465 1.854865  -0.119325 0.878003 -0.463544  0.000000 0.000000 1 0 1.000000
0  0.000000 11.949177 2.417143  0.000000 0.001996 0.999998  0.000000 0.000000 1 0 1.000000
0  0.300209 11.949177 2.366684  0.229043 0.001188 0.973415  0.000000 0.000000 1 0 1.000000
c_invasion_wrangler_laser
0  2.413950 10.714703 0.000000  0.999998 -0.001940 0.000000  0.000000 0.000000 1 0 1.000000
0  1.851672 10.413417 0.201594  -0.463149 -0.878339 -0.118374  0.000000 0.000000 1 0 1.000000
0  1.892105 10.413417 0.000000  -0.409344 -0.912380 0.000000  0.000000 0.000000 1 0 1.000000
c_invasion_wrangler_laser
0  1.892105 10.413417 0.000000  -0.409344 -0.912380 0.000000  0.000000 0.000000 1 0 1.000000
0  1.851672 11.015989 0.201594  -0.464931 0.877698 -0.116128  0.000000 0.000000 1 0 1.000000
0  1.892105 11.015989 0.000000  -0.412350 0.911026 0.000000  0.000000 0.000000 1 0 1.000000
c_invasion_wrangler_laser
0  1.892105 11.015989 0.000000  -0.412350 0.911026 0.000000  0.000000 0.000000 1 0 1.000000
0  2.363490 10.714703 0.303401  0.973620 -0.001155 0.228174  0.000000 0.000000 1 0 1.000000
0  2.413950 10.714703 0.000000  0.999998 -0.001940 0.000000  0.000000 0.000000 1 0 1.000000
c_invasion_wrangler_laser
0  2.363490 10.714703 0.303401  0.973620 -0.001155 0.228174  0.000000 0.000000 1 0 1.000000
0  1.731931 10.413417 0.596330  -0.422434 -0.889344 -0.174980  0.000000 0.000000 1 0 1.000000
0  1.851672 10.413417 0.201594  -0.463149 -0.878339 -0.118374  0.000000 0.000000 1 0 1.000000
c_invasion_wrangler_laser
0  1.851672 10.413417 0.201594  -0.463149 -0.878339 -0.118374  0.000000 0.000000 1 0 1.000000
0  1.731931 11.015989 0.596330  -0.422435 0.889344 -0.174975  0.000000 0.000000 1 0 1.000000
0  1.851672 11.015989 0.201594  -0.464931 0.877698 -0.116128  0.000000 0.000000 1 0 1.000000
c_invasion_wrangler_laser
0  1.851672 11.015989 0.201594  -0.464931 0.877698 -0.116128  0.000000 0.000000 1 0 1.000000
0  2.214053 10.714703 0.796032  0.923880 -0.000001 0.382684  0.000000 0.000000 1 0 1.000000
0  2.363490 10.714703 0.303401  0.973620 -0.001155 0.228174  0.000000 0.000000 1 0 1.000000
c_invasion_wrangler_laser
0  2.214053 10.714703 0.796032  0.923880 -0.000001 0.382684  0.000000 0.000000 1 0 1.000000
0  1.537480 10.413417 0.960122  -0.380181 -0.889343 -0.254030  0.000000 0.000000 1 0 1.000000
0  1.731931 10.413417 0.596330  -0.422434 -0.889344 -0.174980  0.000000 0.000000 1 0 1.000000
c_invasion_wrangler_laser
0  1.731931 10.413417 0.596330  -0.422434 -0.889344 -0.174980  0.000000 0.000000 1 0 1.000000
0  1.537480 11.015989 0.960122  -0.380182 0.889344 -0.254027  0.000000 0.000000 1 0 1.000000
0  1.731931 11.015989 0.596330  -0.422435 0.889344 -0.174975  0.000000 0.000000 1 0 1.000000
c_invasion_wrangler_laser
0  1.731931 11.015989 0.596330  -0.422435 0.889344 -0.174975  0.000000 0.000000 1 0 1.000000
0  1.971379 10.714703 1.250043  0.831469 -0.000001 0.555571  0.000000 0.000000 1 0 1.000000
0  2.214053 10.714703 0.796032  0.923880 -0.000001 0.382684  0.000000 0.000000 1 0 1.000000
c_invasion_wrangler_laser
0  1.971379 10.714703 1.250043  0.831469 -0.000001 0.555571  0.000000 0.000000 1 0 1.000000
0  1.275794 10.413417 1.278987  -0.323316 -0.889344 -0.323318  0.000000 0.000000 1 0 1.000000
0  1.537480 10.413417 0.960122  -0.380181 -0.889343 -0.254030  0.000000 0.000000 1 0 1.000000
c_invasion_wrangler_laser
0  1.537480 10.413417 0.960122  -0.380181 -0.889343 -0.254030  0.000000 0.000000 1 0 1.000000
0  1.275794 11.015989 1.278987  -0.323317 0.889344 -0.323317  0.000000 0.000000 1 0 1.000000
0  1.537480 11.015989 0.960122  -0.380182 0.889344 -0.254027  0.000000 0.000000 1 0 1.000000
c_invasion_wrangler_laser
0  1.537480 11.015989 0.960122  -0.380182 0.889344 -0.254027  0.000000 0.000000 1 0 1.000000
0  1.644794 10.714703 1.647988  0.707107 -0.000001 0.707106  0.000000 0.000000 1 0 1.000000
0  1.971379 10.714703 1.250043  0.831469 -0.000001 0.555571  0.000000 0.000000 1 0 1.000000
c_invasion_wrangler_laser
0  1.644794 10.714703 1.647988  0.707107 -0.000001 0.707106  0.000000 0.000000 1 0 1.000000
0  0.956928 10.413417 1.540673  -0.254027 -0.889343 -0.380183  0.000000 0.000000 1 0 1.000000
0  1.275794 10.413417 1.278987  -0.323316 -0.889344 -0.323318  0.000000 0.000000 1 0 1.000000
c_invasion_wrangler_laser
0  1.275794 10.413417 1.278987  -0.323316 -0.889344 -0.323318  0.000000 0.000000 1 0 1.000000
0  0.956928 11.015992 1.540673  -0.254027 0.889345 -0.380178  0.000000 0.000000 1 0 1.000000
0  1.275794 11.015989 1.278987  -0.323317 0.889344 -0.323317  0.000000 0.000000 1 0 1.000000
c_invasion_wrangler_laser
0  1.275794 11.015989 1.278987  -0.323317 0.889344 -0.323317  0.000000 0.000000 1 0 1.000000
0  1.246850 10.714703 1.974572  0.555571 -0.000002 0.831469  0.000000 0.000000 1 0 1.000000
0  1.644794 10.714703 1.647988  0.707107 -0.000001 0.707106  0.000000 0.000000 1 0 1.000000
c_invasion_wrangler_laser
0  1.246850 10.714703 1.974572  0.555571 -0.000002 0.831469  0.000000 0.000000 1 0 1.000000
0  0.593138 10.413417 1.735124  -0.174976 -0.889343 -0.422436  0.000000 0.000000 1 0 1.000000
0  0.956928 10.413417 1.540673  -0.254027 -0.889343 -0.380183  0.000000 0.000000 1 0 1.000000
c_invasion_wrangler_laser
0  0.956928 10.413417 1.540673  -0.254027 -0.889343 -0.380183  0.000000 0.000000 1 0 1.000000
0  0.593138 11.015992 1.735124  -0.174979 0.889345 -0.422431  0.000000 0.000000 1 0 1.000000
0  0.956928 11.015992 1.540673  -0.254027 0.889345 -0.380178  0.000000 0.000000 1 0 1.000000
c_invasion_wrangler_laser
0  0.956928 11.015992 1.540673  -0.254027 0.889345 -0.380178  0.000000 0.000000 1 0 1.000000
0  0.792840 10.714703 2.217246  0.382684 -0.000003 0.923879  0.000000 0.000000 1 0 1.000000
0  1.246850 10.714703 1.974572  0.555571 -0.000002 0.831469  0.000000 0.000000 1 0 1.000000
c_invasion_wrangler_laser
0  0.792840 10.714703 2.217246  0.382684 -0.000003 0.923879  0.000000 0.000000 1 0 1.000000
0  0.198402 10.413417 1.854865  -0.117014 -0.877338 -0.465389  0.000000 0.000000 1 0 1.000000
0  0.593138 10.413417 1.735124  -0.174976 -0.889343 -0.422436  0.000000 0.000000 1 0 1.000000
c_invasion_wrangler_laser
0  0.593138 10.413417 1.735124  -0.174976 -0.889343 -0.422436  0.000000 0.000000 1 0 1.000000
0  0.198402 11.015992 1.854865  -0.119325 0.878003 -0.463543  0.000000 0.000000 1 0 1.000000
0  0.593138 11.015992 1.735124  -0.174979 0.889345 -0.422431  0.000000 0.000000 1 0 1.000000
c_invasion_wrangler_laser
0  0.593138 11.015992 1.735124  -0.174979 0.889345 -0.422431  0.000000 0.000000 1 0 1.000000
0  0.300209 10.714703 2.366684  0.229044 0.001187 0.973415  0.000000 0.000000 1 0 1.000000
0  0.792840 10.714703 2.217246  0.382684 -0.000003 0.923879  0.000000 0.000000 1 0 1.000000
c_invasion_wrangler_laser
0  0.300209 10.714703 2.366684  0.229044 0.001187 0.973415  0.000000 0.000000 1 0 1.000000
0  0.000000 10.413417 1.895298  0.000000 -0.911679 -0.410904  0.000000 0.000000 1 0 1.000000
0  0.198402 10.413417 1.854865  -0.117014 -0.877338 -0.465389  0.000000 0.000000 1 0 1.000000
c_invasion_wrangler_laser
0  0.198402 10.413417 1.854865  -0.117014 -0.877338 -0.465389  0.000000 0.000000 1 0 1.000000
0  0.000000 11.015992 1.895298  0.000000 0.913079 -0.407783  0.000000 0.000000 1 0 1.000000
0  0.198402 11.015992 1.854865  -0.119325 0.878003 -0.463543  0.000000 0.000000 1 0 1.000000
c_invasion_wrangler_laser
0  0.198402 11.015992 1.854865  -0.119325 0.878003 -0.463543  0.000000 0.000000 1 0 1.000000
0  0.000000 10.714703 2.417143  0.000000 0.001996 0.999998  0.000000 0.000000 1 0 1.000000
0  0.300209 10.714703 2.366684  0.229044 0.001187 0.973415  0.000000 0.000000 1 0 1.000000
c_invasion_wrangler_laser
0  2.413950 13.183650 0.000000  0.999998 -0.001939 0.000000  0.000000 0.000000 1 0 1.000000
0  1.851672 12.882363 0.201594  -0.463149 -0.878340 -0.118374  0.000000 0.000000 1 0 1.000000
0  1.892105 12.882363 0.000000  -0.409343 -0.912380 0.000000  0.000000 0.000000 1 0 1.000000
c_invasion_wrangler_laser
0  1.892105 12.882363 0.000000  -0.409343 -0.912380 0.000000  0.000000 0.000000 1 0 1.000000
0  1.851672 13.484937 0.201594  -0.464931 0.877697 -0.116130  0.000000 0.000000 1 0 1.000000
0  1.892105 13.484937 0.000000  -0.412349 0.911026 0.000000  0.000000 0.000000 1 0 1.000000
c_invasion_wrangler_laser
0  1.892105 13.484937 0.000000  -0.412349 0.911026 0.000000  0.000000 0.000000 1 0 1.000000
0  2.363490 13.183650 0.303401  0.973619 -0.001154 0.228176  0.000000 0.000000 1 0 1.000000
0  2.413950 13.183650 0.000000  0.999998 -0.001939 0.000000  0.000000 0.000000 1 0 1.000000
c_invasion_wrangler_laser
0  2.363490 13.183650 0.303401  0.973619 -0.001154 0.228176  0.000000 0.000000 1 0 1.000000
0  1.731931 12.882363 0.596330  -0.422433 -0.889344 -0.174979  0.000000 0.000000 1 0 1.000000
0  1.851672 12.882363 0.201594  -0.463149 -0.878340 -0.118374  0.000000 0.000000 1 0 1.000000
c_invasion_wrangler_laser
0  1.851672 12.882363 0.201594  -0.463149 -0.878340 -0.118374  0.000000 0.000000 1 0 1.000000
0  1.731931 13.484937 0.596330  -0.422435 0.889344 -0.174973  0.000000 0.000000 1 0 1.000000
0  1.851672 13.484937 0.201594  -0.464931 0.877697 -0.116130  0.000000 0.000000 1 0 1.000000
c_invasion_wrangler_laser
0  1.851672 13.484937 0.201594  -0.464931 0.877697 -0.116130  0.000000 0.000000 1 0 1.000000
0  2.214053 13.183650 0.796032  0.923879 0.000000 0.382684  0.000000 0.000000 1 0 1.000000
0  2.363490 13.183650 0.303401  0.973619 -0.001154 0.228176  0.000000 0.000000 1 0 1.000000
c_invasion_wrangler_laser
0  2.214053 13.183650 0.796032  0.923879 0.000000 0.382684  0.000000 0.000000 1 0 1.000000
0  1.537480 12.882363 0.960122  -0.380179 -0.889343 -0.254032  0.000000 0.000000 1 0 1.000000
0  1.731931 12.882363 0.596330  -0.422433 -0.889344 -0.174979  0.000000 0.000000 1 0 1.000000
c_invasion_wrangler_laser
0  1.731931 12.882363 0.596330  -0.422433 -0.889344 -0.174979  0.000000 0.000000 1 0 1.000000
0  1.537480 13.484937 0.960122  -0.380183 0.889344 -0.254025  0.000000 0.000000 1 0 1.000000
0  1.731931 13.484937 0.596330  -0.422435 0.889344 -0.174973  0.000000 0.000000 1 0 1.000000
c_invasion_wrangler_laser
0  1.731931 13.484937 0.596330  -0.422435 0.889344 -0.174973  0.000000 0.000000 1 0 1.000000
0  1.971379 13.183650 1.250043  0.831470 0.000000 0.555570  0.000000 0.000000 1 0 1.000000
0  2.214053 13.183650 0.796032  0.923879 0.000000 0.382684  0.000000 0.000000 1 0 1.000000
c_invasion_wrangler_laser
0  1.971379 13.183650 1.250043  0.831470 0.000000 0.555570  0.000000 0.000000 1 0 1.000000
0  1.275794 12.882363 1.278987  -0.323315 -0.889343 -0.323320  0.000000 0.000000 1 0 1.000000
0  1.537480 12.882363 0.960122  -0.380179 -0.889343 -0.254032  0.000000 0.000000 1 0 1.000000
c_invasion_wrangler_laser
0  1.537480 12.882363 0.960122  -0.380179 -0.889343 -0.254032  0.000000 0.000000 1 0 1.000000
0  1.275794 13.484937 1.278987  -0.323318 0.889344 -0.323315  0.000000 0.000000 1 0 1.000000
0  1.537480 13.484937 0.960122  -0.380183 0.889344 -0.254025  0.000000 0.000000 1 0 1.000000
c_invasion_wrangler_laser
0  1.537480 13.484937 0.960122  -0.380183 0.889344 -0.254025  0.000000 0.000000 1 0 1.000000
0  1.644794 13.183650 1.647988  0.707106 0.000000 0.707107  0.000000 0.000000 1 0 1.000000
0  1.971379 13.183650 1.250043  0.831470 0.000000 0.555570  0.000000 0.000000 1 0 1.000000
c_invasion_wrangler_laser
0  1.644794 13.183650 1.647988  0.707106 0.000000 0.707107  0.000000 0.000000 1 0 1.000000
0  0.956928 12.882363 1.540673  -0.254027 -0.889343 -0.380182  0.000000 0.000000 1 0 1.000000
0  1.275794 12.882363 1.278987  -0.323315 -0.889343 -0.323320  0.000000 0.000000 1 0 1.000000
c_invasion_wrangler_laser
0  1.275794 12.882363 1.278987  -0.323315 -0.889343 -0.323320  0.000000 0.000000 1 0 1.000000
0  0.956928 13.484939 1.540673  -0.254029 0.889344 -0.380180  0.000000 0.000000 1 0 1.000000
0  1.275794 13.484937 1.278987  -0.323318 0.889344 -0.323315  0.000000 0.000000 1 0 1.000000
c_invasion_wrangler_laser
0  1.275794 13.484937 1.278987  -0.323318 0.889344 -0.323315  0.000000 0.000000 1 0 1.000000
0  1.246850 13.183650 1.974572  0.555571 -0.000001 0.831469  0.000000 0.000000 1 0 1.000000
0  1.644794 13.183650 1.647988  0.707106 0.000000 0.707107  0.000000 0.000000 1 0 1.000000
c_invasion_wrangler_laser
0  1.246850 13.183650 1.974572  0.555571 -0.000001 0.831469  0.000000 0.000000 1 0 1.000000
0  0.593138 12.882363 1.735124  -0.174976 -0.889344 -0.422435  0.000000 0.000000 1 0 1.000000
0  0.956928 12.882363 1.540673  -0.254027 -0.889343 -0.380182  0.000000 0.000000 1 0 1.000000
c_invasion_wrangler_laser
0  0.956928 12.882363 1.540673  -0.254027 -0.889343 -0.380182  0.000000 0.000000 1 0 1.000000
0  0.593138 13.484939 1.735124  -0.174980 0.889344 -0.422433  0.000000 0.000000 1 0 1.000000
0  0.956928 13.484939 1.540673  -0.254029 0.889344 -0.380180  0.000000 0.000000 1 0 1.000000
c_invasion_wrangler_laser
0  0.956928 13.484939 1.540673  -0.254029 0.889344 -0.380180  0.000000 0.000000 1 0 1.000000
0  0.792840 13.183650 2.217246  0.382684 -0.000001 0.923879  0.000000 0.000000 1 0 1.000000
0  1.246850 13.183650 1.974572  0.555571 -0.000001 0.831469  0.000000 0.000000 1 0 1.000000
c_invasion_wrangler_laser
0  0.792840 13.183650 2.217246  0.382684 -0.000001 0.923879  0.000000 0.000000 1 0 1.000000
0  0.198402 12.882363 1.854865  -0.117014 -0.877338 -0.465388  0.000000 0.000000 1 0 1.000000
0  0.593138 12.882363 1.735124  -0.174976 -0.889344 -0.422435  0.000000 0.000000 1 0 1.000000
c_invasion_wrangler_laser
0  0.593138 12.882363 1.735124  -0.174976 -0.889344 -0.422435  0.000000 0.000000 1 0 1.000000
0  0.198402 13.484939 1.854865  -0.119325 0.878003 -0.463544  0.000000 0.000000 1 0 1.000000
0  0.593138 13.484939 1.735124  -0.174980 0.889344 -0.422433  0.000000 0.000000 1 0 1.000000
c_invasion_wrangler_laser
0  0.593138 13.484939 1.735124  -0.174980 0.889344 -0.422433  0.000000 0.000000 1 0 1.000000
0  0.300209 13.183650 2.366684  0.229043 0.001189 0.973415  0.000000 0.000000 1 0 1.000000
0  0.792840 13.183650 2.217246  0.382684 -0.000001 0.923879  0.000000 0.000000 1 0 1.000000
c_invasion_wrangler_laser
0  0.300209 13.183650 2.366684  0.229043 0.001189 0.973415  0.000000 0.000000 1 0 1.000000
0  0.000000 12.882363 1.895298  0.000000 -0.911679 -0.410903  0.000000 0.000000 1 0 1.000000
0  0.198402 12.882363 1.854865  -0.117014 -0.877338 -0.465388  0.000000 0.000000 1 0 1.000000
c_invasion_wrangler_laser
0  0.198402 12.882363 1.854865  -0.117014 -0.877338 -0.465388  0.000000 0.000000 1 0 1.000000
0  0.000000 13.484939 1.895298  -0.000000 0.913079 -0.407783  0.000000 0.000000 1 0 1.000000
0  0.198402 13.484939 1.854865  -0.119325 0.878003 -0.463544  0.000000 0.000000 1 0 1.000000
c_invasion_wrangler_laser
0  0.198402 13.484939 1.854865  -0.119325 0.878003 -0.463544  0.000000 0.000000 1 0 1.000000
0  0.000000 13.183650 2.417143  0.000000 0.001996 0.999998  0.000000 0.000000 1 0 1.000000
0  0.300209 13.183650 2.366684  0.229043 0.001189 0.973415  0.000000 0.000000 1 0 1.000000
c_invasion_wrangler_laser
0  0.198402 9.781521 1.854865  -0.119325 0.878003 -0.463544  0.000000 0.000000 1 0 1.000000
0  0.000000 9.480232 2.417143  0.000000 0.001998 0.999998  0.000000 0.000000 1 0 1.000000
0  0.300209 9.480232 2.366684  0.229043 0.001189 0.973415  0.000000 0.000000 1 0 1.000000
c_invasion_wrangler_laser
0  0.198402 9.178946 1.854865  -0.117014 -0.877338 -0.465388  0.000000 0.000000 1 0 1.000000
0  0.000000 9.781521 1.895298  -0.000000 0.913079 -0.407783  0.000000 0.000000 1 0 1.000000
0  0.198402 9.781521 1.854865  -0.119325 0.878003 -0.463544  0.000000 0.000000 1 0 1.000000
c_invasion_wrangler_laser
0  0.300209 9.480232 2.366684  0.229043 0.001189 0.973415  0.000000 0.000000 1 0 1.000000
0  0.000000 9.178946 1.895298  0.000000 -0.911679 -0.410904  0.000000 0.000000 1 0 1.000000
0  0.198402 9.178946 1.854865  -0.117014 -0.877338 -0.465388  0.000000 0.000000 1 0 1.000000
c_invasion_wrangler_laser
0  0.593138 9.781521 1.735124  -0.174980 0.889345 -0.422431  0.000000 0.000000 1 0 1.000000
0  0.300209 9.480232 2.366684  0.229043 0.001189 0.973415  0.000000 0.000000 1 0 1.000000
0  0.792840 9.480232 2.217246  0.382683 -0.000002 0.923880  0.000000 0.000000 1 0 1.000000
c_invasion_wrangler_laser
0  0.593138 9.178946 1.735124  -0.174976 -0.889344 -0.422435  0.000000 0.000000 1 0 1.000000
0  0.198402 9.781521 1.854865  -0.119325 0.878003 -0.463544  0.000000 0.000000 1 0 1.000000
0  0.593138 9.781521 1.735124  -0.174980 0.889345 -0.422431  0.000000 0.000000 1 0 1.000000
c_invasion_wrangler_laser
0  0.792840 9.480232 2.217246  0.382683 -0.000002 0.923880  0.000000 0.000000 1 0 1.000000
0  0.198402 9.178946 1.854865  -0.117014 -0.877338 -0.465388  0.000000 0.000000 1 0 1.000000
0  0.593138 9.178946 1.735124  -0.174976 -0.889344 -0.422435  0.000000 0.000000 1 0 1.000000
c_invasion_wrangler_laser
0  0.956928 9.781521 1.540673  -0.254028 0.889344 -0.380180  0.000000 0.000000 1 0 1.000000
0  0.792840 9.480232 2.217246  0.382683 -0.000002 0.923880  0.000000 0.000000 1 0 1.000000
0  1.246850 9.480232 1.974572  0.555572 -0.000001 0.831468  0.000000 0.000000 1 0 1.000000
c_invasion_wrangler_laser
0  0.956928 9.178946 1.540673  -0.254027 -0.889343 -0.380183  0.000000 0.000000 1 0 1.000000
0  0.593138 9.781521 1.735124  -0.174980 0.889345 -0.422431  0.000000 0.000000 1 0 1.000000
0  0.956928 9.781521 1.540673  -0.254028 0.889344 -0.380180  0.000000 0.000000 1 0 1.000000
c_invasion_wrangler_laser
0  1.246850 9.480232 1.974572  0.555572 -0.000001 0.831468  0.000000 0.000000 1 0 1.000000
0  0.593138 9.178946 1.735124  -0.174976 -0.889344 -0.422435  0.000000 0.000000 1 0 1.000000
0  0.956928 9.178946 1.540673  -0.254027 -0.889343 -0.380183  0.000000 0.000000 1 0 1.000000
c_invasion_wrangler_laser
0  1.275794 9.781518 1.278987  -0.323318 0.889343 -0.323317  0.000000 0.000000 1 0 1.000000
0  1.246850 9.480232 1.974572  0.555572 -0.000001 0.831468  0.000000 0.000000 1 0 1.000000
0  1.644794 9.480232 1.647988  0.707107 0.000001 0.707106  0.000000 0.000000 1 0 1.000000
c_invasion_wrangler_laser
0  1.275794 9.178946 1.278987  -0.323315 -0.889344 -0.323319  0.000000 0.000000 1 0 1.000000
0  0.956928 9.781521 1.540673  -0.254028 0.889344 -0.380180  0.000000 0.000000 1 0 1.000000
0  1.275794 9.781518 1.278987  -0.323318 0.889343 -0.323317  0.000000 0.000000 1 0 1.000000
c_invasion_wrangler_laser
0  1.644794 9.480232 1.647988  0.707107 0.000001 0.707106  0.000000 0.000000 1 0 1.000000
0  0.956928 9.178946 1.540673  -0.254027 -0.889343 -0.380183  0.000000 0.000000 1 0 1.000000
0  1.275794 9.178946 1.278987  -0.323315 -0.889344 -0.323319  0.000000 0.000000 1 0 1.000000
c_invasion_wrangler_laser
0  1.537480 9.781518 0.960122  -0.380183 0.889343 -0.254027  0.000000 0.000000 1 0 1.000000
0  1.644794 9.480232 1.647988  0.707107 0.000001 0.707106  0.000000 0.000000 1 0 1.000000
0  1.971379 9.480232 1.250043  0.831470 0.000001 0.555569  0.000000 0.000000 1 0 1.000000
c_invasion_wrangler_laser
0  1.537480 9.178946 0.960122  -0.380179 -0.889343 -0.254032  0.000000 0.000000 1 0 1.000000
0  1.275794 9.781518 1.278987  -0.323318 0.889343 -0.323317  0.000000 0.000000 1 0 1.000000
0  1.537480 9.781518 0.960122  -0.380183 0.889343 -0.254027  0.000000 0.000000 1 0 1.000000
c_invasion_wrangler_laser
0  1.971379 9.480232 1.250043  0.831470 0.000001 0.555569  0.000000 0.000000 1 0 1.000000
0  1.275794 9.178946 1.278987  -0.323315 -0.889344 -0.323319  0.000000 0.000000 1 0 1.000000
0  1.537480 9.178946 0.960122  -0.380179 -0.889343 -0.254032  0.000000 0.000000 1 0 1.000000
c_invasion_wrangler_laser
0  1.731931 9.781518 0.596330  -0.422436 0.889343 -0.174975  0.000000 0.000000 1 0 1.000000
0  1.971379 9.480232 1.250043  0.831470 0.000001 0.555569  0.000000 0.000000 1 0 1.000000
0  2.214053 9.480232 0.796032  0.923880 0.000000 0.382681  0.000000 0.000000 1 0 1.000000
c_invasion_wrangler_laser
0  1.731931 9.178946 0.596330  -0.422433 -0.889344 -0.174981  0.000000 0.000000 1 0 1.000000
0  1.537480 9.781518 0.960122  -0.380183 0.889343 -0.254027  0.000000 0.000000 1 0 1.000000
0  1.731931 9.781518 0.596330  -0.422436 0.889343 -0.174975  0.000000 0.000000 1 0 1.000000
c_invasion_wrangler_laser
0  2.214053 9.480232 0.796032  0.923880 0.000000 0.382681  0.000000 0.000000 1 0 1.000000
0  1.537480 9.178946 0.960122  -0.380179 -0.889343 -0.254032  0.000000 0.000000 1 0 1.000000
0  1.731931 9.178946 0.596330  -0.422433 -0.889344 -0.174981  0.000000 0.000000 1 0 1.000000
c_invasion_wrangler_laser
0  1.851672 9.781518 0.201594  -0.464932 0.877697 -0.116127  0.000000 0.000000 1 0 1.000000
0  2.214053 9.480232 0.796032  0.923880 0.000000 0.382681  0.000000 0.000000 1 0 1.000000
0  2.363490 9.480232 0.303401  0.973620 -0.001153 0.228174  0.000000 0.000000 1 0 1.000000
c_invasion_wrangler_laser
0  1.851672 9.178946 0.201594  -0.463149 -0.878340 -0.118375  0.000000 0.000000 1 0 1.000000
0  1.731931 9.781518 0.596330  -0.422436 0.889343 -0.174975  0.000000 0.000000 1 0 1.000000
0  1.851672 9.781518 0.201594  -0.464932 0.877697 -0.116127  0.000000 0.000000 1 0 1.000000
c_invasion_wrangler_laser
0  2.363490 9.480232 0.303401  0.973620 -0.001153 0.228174  0.000000 0.000000 1 0 1.000000
0  1.731931 9.178946 0.596330  -0.422433 -0.889344 -0.174981  0.000000 0.000000 1 0 1.000000
0  1.851672 9.178946 0.201594  -0.463149 -0.878340 -0.118375  0.000000 0.000000 1 0 1.000000
c_invasion_wrangler_laser
0  1.892105 9.781518 0.000000  -0.412351 0.911025 0.000000  0.000000 0.000000 1 0 1.000000
0  2.363490 9.480232 0.303401  0.973620 -0.001153 0.228174  0.000000 0.000000 1 0 1.000000
0  2.413950 9.480232 0.000000  0.999998 -0.001939 -0.000000  0.000000 0.000000 1 0 1.000000
c_invasion_wrangler_laser
0  1.892105 9.178946 0.000000  -0.409343 -0.912381 0.000000  0.000000 0.000000 1 0 1.000000
0  1.851672 9.781518 0.201594  -0.464932 0.877697 -0.116127  0.000000 0.000000 1 0 1.000000
0  1.892105 9.781518 0.000000  -0.412351 0.911025 0.000000  0.000000 0.000000 1 0 1.000000
c_invasion_wrangler_laser
0  2.413950 9.480232 0.000000  0.999998 -0.001939 -0.000000  0.000000 0.000000 1 0 1.000000
0  1.851672 9.178946 0.201594  -0.463149 -0.878340 -0.118375  0.000000 0.000000 1 0 1.000000
0  1.892105 9.178946 0.000000  -0.409343 -0.912381 0.000000  0.000000 0.000000 1 0 1.000000
c_invasion_wrangler_laser
0  2.413950 14.418124 0.000000  0.999998 -0.001939 0.000000  0.000000 0.000000 1 0 1.000000
0  1.851672 14.116838 0.201594  -0.463148 -0.878340 -0.118377  0.000000 0.000000 1 0 1.000000
0  1.892105 14.116838 0.000000  -0.409342 -0.912381 0.000000  0.000000 0.000000 1 0 1.000000
c_invasion_wrangler_laser
0  1.892105 14.116838 0.000000  -0.409342 -0.912381 0.000000  0.000000 0.000000 1 0 1.000000
0  1.851672 14.719410 0.201594  -0.464932 0.877697 -0.116131  0.000000 0.000000 1 0 1.000000
0  1.892105 14.719410 0.000000  -0.412350 0.911025 0.000000  0.000000 0.000000 1 0 1.000000
c_invasion_wrangler_laser
0  1.892105 14.719410 0.000000  -0.412350 0.911025 0.000000  0.000000 0.000000 1 0 1.000000
0  2.363490 14.418124 0.303401  0.973619 -0.001153 0.228178  0.000000 0.000000 1 0 1.000000
0  2.413950 14.418124 0.000000  0.999998 -0.001939 0.000000  0.000000 0.000000 1 0 1.000000
c_invasion_wrangler_laser
0  2.363490 14.418124 0.303401  0.973619 -0.001153 0.228178  0.000000 0.000000 1 0 1.000000
0  1.731931 14.116838 0.596330  -0.422433 -0.889344 -0.174981  0.000000 0.000000 1 0 1.000000
0  1.851672 14.116838 0.201594  -0.463148 -0.878340 -0.118377  0.000000 0.000000 1 0 1.000000
c_invasion_wrangler_laser
0  1.851672 14.116838 0.201594  -0.463148 -0.878340 -0.118377  0.000000 0.000000 1 0 1.000000
0  1.731931 14.719410 0.596330  -0.422435 0.889343 -0.174977  0.000000 0.000000 1 0 1.000000
0  1.851672 14.719410 0.201594  -0.464932 0.877697 -0.116131  0.000000 0.000000 1 0 1.000000
c_invasion_wrangler_laser
0  1.851672 14.719410 0.201594  -0.464932 0.877697 -0.116131  0.000000 0.000000 1 0 1.000000
0  2.214053 14.418124 0.796032  0.923879 0.000001 0.382685  0.000000 0.000000 1 0 1.000000
0  2.363490 14.418124 0.303401  0.973619 -0.001153 0.228178  0.000000 0.000000 1 0 1.000000
c_invasion_wrangler_laser
0  2.214053 14.418124 0.796032  0.923879 0.000001 0.382685  0.000000 0.000000 1 0 1.000000
0  1.537480 14.116838 0.960122  -0.380180 -0.889344 -0.254030  0.000000 0.000000 1 0 1.000000
0  1.731931 14.116838 0.596330  -0.422433 -0.889344 -0.174981  0.000000 0.000000 1 0 1.000000
c_invasion_wrangler_laser
0  1.731931 14.116838 0.596330  -0.422433 -0.889344 -0.174981  0.000000 0.000000 1 0 1.000000
0  1.537480 14.719410 0.960122  -0.380183 0.889343 -0.254029  0.000000 0.000000 1 0 1.000000
0  1.731931 14.719410 0.596330  -0.422435 0.889343 -0.174977  0.000000 0.000000 1 0 1.000000
c_invasion_wrangler_laser
0  1.731931 14.719410 0.596330  -0.422435 0.889343 -0.174977  0.000000 0.000000 1 0 1.000000
0  1.971379 14.418124 1.250043  0.831468 0.000001 0.555572  0.000000 0.000000 1 0 1.000000
0  2.214053 14.418124 0.796032  0.923879 0.000001 0.382685  0.000000 0.000000 1 0 1.000000
c_invasion_wrangler_laser
0  1.971379 14.418124 1.250043  0.831468 0.000001 0.555572  0.000000 0.000000 1 0 1.000000
0  1.275794 14.116838 1.278987  -0.323315 -0.889343 -0.323320  0.000000 0.000000 1 0 1.000000
0  1.537480 14.116838 0.960122  -0.380180 -0.889344 -0.254030  0.000000 0.000000 1 0 1.000000
c_invasion_wrangler_laser
0  1.537480 14.116838 0.960122  -0.380180 -0.889344 -0.254030  0.000000 0.000000 1 0 1.000000
0  1.275794 14.719410 1.278987  -0.323317 0.889343 -0.323317  0.000000 0.000000 1 0 1.000000
0  1.537480 14.719410 0.960122  -0.380183 0.889343 -0.254029  0.000000 0.000000 1 0 1.000000
c_invasion_wrangler_laser
0  1.537480 14.719410 0.960122  -0.380183 0.889343 -0.254029  0.000000 0.000000 1 0 1.000000
0  1.644794 14.418124 1.647988  0.707107 -0.000000 0.707107  0.000000 0.000000 1 0 1.000000
0  1.971379 14.418124 1.250043  0.831468 0.000001 0.555572  0.000000 0.000000 1 0 1.000000
c_invasion_wrangler_laser
0  1.644794 14.418124 1.647988  0.707107 -0.000000 0.707107  0.000000 0.000000 1 0 1.000000
0  0.956928 14.116838 1.540673  -0.254028 -0.889343 -0.380182  0.000000 0.000000 1 0 1.000000
0  1.275794 14.116838 1.278987  -0.323315 -0.889343 -0.323320  0.000000 0.000000 1 0 1.000000
c_invasion_wrangler_laser
0  1.275794 14.116838 1.278987  -0.323315 -0.889343 -0.323320  0.000000 0.000000 1 0 1.000000
0  0.956928 14.719413 1.540673  -0.254027 0.889345 -0.380179  0.000000 0.000000 1 0 1.000000
0  1.275794 14.719410 1.278987  -0.323317 0.889343 -0.323317  0.000000 0.000000 1 0 1.000000
c_invasion_wrangler_laser
0  1.275794 14.719410 1.278987  -0.323317 0.889343 -0.323317  0.000000 0.000000 1 0 1.000000
0  1.246850 14.418124 1.974572  0.555571 -0.000001 0.831469  0.000000 0.000000 1 0 1.000000
0  1.644794 14.418124 1.647988  0.707107 -0.000000 0.707107  0.000000 0.000000 1 0 1.000000
c_invasion_wrangler_laser
0  1.246850 14.418124 1.974572  0.555571 -0.000001 0.831469  0.000000 0.000000 1 0 1.000000
0  0.593138 14.116838 1.735124  -0.174977 -0.889344 -0.422433  0.000000 0.000000 1 0 1.000000
0  0.956928 14.116838 1.540673  -0.254028 -0.889343 -0.380182  0.000000 0.000000 1 0 1.000000
c_invasion_wrangler_laser
0  0.956928 14.116838 1.540673  -0.254028 -0.889343 -0.380182  0.000000 0.000000 1 0 1.000000
0  0.593138 14.719413 1.735124  -0.174980 0.889344 -0.422432  0.000000 0.000000 1 0 1.000000
0  0.956928 14.719413 1.540673  -0.254027 0.889345 -0.380179  0.000000 0.000000 1 0 1.000000
c_invasion_wrangler_laser
0  0.956928 14.719413 1.540673  -0.254027 0.889345 -0.380179  0.000000 0.000000 1 0 1.000000
0  0.792840 14.418124 2.217246  0.382684 -0.000002 0.923879  0.000000 0.000000 1 0 1.000000
0  1.246850 14.418124 1.974572  0.555571 -0.000001 0.831469  0.000000 0.000000 1 0 1.000000
c_invasion_wrangler_laser
0  0.792840 14.418124 2.217246  0.382684 -0.000002 0.923879  0.000000 0.000000 1 0 1.000000
0  0.198402 14.116838 1.854865  -0.117014 -0.877338 -0.465387  0.000000 0.000000 1 0 1.000000
0  0.593138 14.116838 1.735124  -0.174977 -0.889344 -0.422433  0.000000 0.000000 1 0 1.000000
c_invasion_wrangler_laser
0  0.593138 14.116838 1.735124  -0.174977 -0.889344 -0.422433  0.000000 0.000000 1 0 1.000000
0  0.198402 14.719413 1.854865  -0.119325 0.878003 -0.463544  0.000000 0.000000 1 0 1.000000
0  0.593138 14.719413 1.735124  -0.174980 0.889344 -0.422432  0.000000 0.000000 1 0 1.000000
c_invasion_wrangler_laser
0  0.593138 14.719413 1.735124  -0.174980 0.889344 -0.422432  0.000000 0.000000 1 0 1.000000
0  0.300209 14.418124 2.366684  0.229044 0.001187 0.973415  0.000000 0.000000 1 0 1.000000
0  0.792840 14.418124 2.217246  0.382684 -0.000002 0.923879  0.000000 0.000000 1 0 1.000000
c_invasion_wrangler_laser
0  0.300209 14.418124 2.366684  0.229044 0.001187 0.973415  0.000000 0.000000 1 0 1.000000
0  0.000000 14.116838 1.895298  0.000000 -0.911679 -0.410902  0.000000 0.000000 1 0 1.000000
0  0.198402 14.116838 1.854865  -0.117014 -0.877338 -0.465387  0.000000 0.000000 1 0 1.000000
c_invasion_wrangler_laser
0  0.198402 14.116838 1.854865  -0.117014 -0.877338 -0.465387  0.000000 0.000000 1 0 1.000000
0  0.000000 14.719413 1.895298  -0.000000 0.913079 -0.407783  0.000000 0.000000 1 0 1.000000
0  0.198402 14.719413 1.854865  -0.119325 0.878003 -0.463544  0.000000 0.000000 1 0 1.000000
c_invasion_wrangler_laser
0  0.198402 14.719413 1.854865  -0.119325 0.878003 -0.463544  0.000000 0.000000 1 0 1.000000
0  0.000000 14.418124 2.417143  0.000000 0.001995 0.999998  0.000000 0.000000 1 0 1.000000
0  0.300209 14.418124 2.366684  0.229044 0.001187 0.973415  0.000000 0.000000 1 0 1.000000
c_invasion_wrangler_laser
0  6.395136 21.776711 0.398517  -0.682033 0.241368 0.690342  0.000000 0.000000 1 0 1.000000
0  7.269933 22.361233 0.000000  0.431822 0.901959 0.000000  0.000000 0.000000 1 0 1.000000
0  6.395136 21.776711 0.000000  -0.970026 0.243000 0.000000  0.000000 0.000000 1 0 1.000000
c_invasion_wrangler_laser
0  0.198402 8.547047 1.854865  -0.119324 0.878003 -0.463544  0.000000 0.000000 1 0 1.000000
0  0.000000 8.245758 2.417143  0.000000 0.001997 0.999998  0.000000 0.000000 1 0 1.000000
0  0.300209 8.245758 2.366684  0.229044 0.001188 0.973415  0.000000 0.000000 1 0 1.000000
c_invasion_wrangler_laser
0  0.198402 7.944472 1.854865  -0.117015 -0.877337 -0.465389  0.000000 0.000000 1 0 1.000000
0  0.000000 8.547047 1.895298  -0.000000 0.913079 -0.407784  0.000000 0.000000 1 0 1.000000
0  0.198402 8.547047 1.854865  -0.119324 0.878003 -0.463544  0.000000 0.000000 1 0 1.000000
c_invasion_wrangler_laser
0  0.300209 8.245758 2.366684  0.229044 0.001188 0.973415  0.000000 0.000000 1 0 1.000000
0  0.000000 7.944472 1.895298  0.000000 -0.911678 -0.410904  0.000000 0.000000 1 0 1.000000
0  0.198402 7.944472 1.854865  -0.117015 -0.877337 -0.465389  0.000000 0.000000 1 0 1.000000
c_invasion_wrangler_laser
0  0.593138 8.547047 1.735124  -0.174980 0.889345 -0.422431  0.000000 0.000000 1 0 1.000000
0  0.300209 8.245758 2.366684  0.229044 0.001188 0.973415  0.000000 0.000000 1 0 1.000000
0  0.792840 8.245758 2.217246  0.382683 -0.000002 0.923880  0.000000 0.000000 1 0 1.000000
c_invasion_wrangler_laser
0  0.593138 7.944472 1.735124  -0.174976 -0.889344 -0.422435  0.000000 0.000000 1 0 1.000000
0  0.198402 8.547047 1.854865  -0.119324 0.878003 -0.463544  0.000000 0.000000 1 0 1.000000
0  0.593138 8.547047 1.735124  -0.174980 0.889345 -0.422431  0.000000 0.000000 1 0 1.000000
c_invasion_wrangler_laser
0  0.792840 8.245758 2.217246  0.382683 -0.000002 0.923880  0.000000 0.000000 1 0 1.000000
0  0.198402 7.944472 1.854865  -0.117015 -0.877337 -0.465389  0.000000 0.000000 1 0 1.000000
0  0.593138 7.944472 1.735124  -0.174976 -0.889344 -0.422435  0.000000 0.000000 1 0 1.000000
c_invasion_wrangler_laser
0  0.956928 8.547047 1.540673  -0.254029 0.889344 -0.380179  0.000000 0.000000 1 0 1.000000
0  0.792840 8.245758 2.217246  0.382683 -0.000002 0.923880  0.000000 0.000000 1 0 1.000000
0  1.246850 8.245758 1.974572  0.555571 -0.000001 0.831469  0.000000 0.000000 1 0 1.000000
c_invasion_wrangler_laser
0  0.956928 7.944472 1.540673  -0.254027 -0.889343 -0.380184  0.000000 0.000000 1 0 1.000000
0  0.593138 8.547047 1.735124  -0.174980 0.889345 -0.422431  0.000000 0.000000 1 0 1.000000
0  0.956928 8.547047 1.540673  -0.254029 0.889344 -0.380179  0.000000 0.000000 1 0 1.000000
c_invasion_wrangler_laser
0  1.246850 8.245758 1.974572  0.555571 -0.000001 0.831469  0.000000 0.000000 1 0 1.000000
0  0.593138 7.944472 1.735124  -0.174976 -0.889344 -0.422435  0.000000 0.000000 1 0 1.000000
0  0.956928 7.944472 1.540673  -0.254027 -0.889343 -0.380184  0.000000 0.000000 1 0 1.000000
c_invasion_wrangler_laser
0  1.275794 8.547045 1.278987  -0.323318 0.889344 -0.323316  0.000000 0.000000 1 0 1.000000
0  1.246850 8.245758 1.974572  0.555571 -0.000001 0.831469  0.000000 0.000000 1 0 1.000000
0  1.644794 8.245758 1.647988  0.707106 -0.000000 0.707107  0.000000 0.000000 1 0 1.000000
c_invasion_wrangler_laser
0  1.275794 7.944472 1.278987  -0.323315 -0.889343 -0.323320  0.000000 0.000000 1 0 1.000000
0  0.956928 8.547047 1.540673  -0.254029 0.889344 -0.380179  0.000000 0.000000 1 0 1.000000
0  1.275794 8.547045 1.278987  -0.323318 0.889344 -0.323316  0.000000 0.000000 1 0 1.000000
c_invasion_wrangler_laser
0  1.644794 8.245758 1.647988  0.707106 -0.000000 0.707107  0.000000 0.000000 1 0 1.000000
0  0.956928 7.944472 1.540673  -0.254027 -0.889343 -0.380184  0.000000 0.000000 1 0 1.000000
0  1.275794 7.944472 1.278987  -0.323315 -0.889343 -0.323320  0.000000 0.000000 1 0 1.000000
c_invasion_wrangler_laser
0  1.537480 8.547045 0.960122  -0.380183 0.889343 -0.254026  0.000000 0.000000 1 0 1.000000
0  1.644794 8.245758 1.647988  0.707106 -0.000000 0.707107  0.000000 0.000000 1 0 1.000000
0  1.971379 8.245758 1.250043  0.831469 -0.000000 0.555571  0.000000 0.000000 1 0 1.000000
c_invasion_wrangler_laser
0  1.537480 7.944472 0.960122  -0.380180 -0.889343 -0.254033  0.000000 0.000000 1 0 1.000000
0  1.275794 8.547045 1.278987  -0.323318 0.889344 -0.323316  0.000000 0.000000 1 0 1.000000
0  1.537480 8.547045 0.960122  -0.380183 0.889343 -0.254026  0.000000 0.000000 1 0 1.000000
c_invasion_wrangler_laser
0  1.971379 8.245758 1.250043  0.831469 -0.000000 0.555571  0.000000 0.000000 1 0 1.000000
0  1.275794 7.944472 1.278987  -0.323315 -0.889343 -0.323320  0.000000 0.000000 1 0 1.000000
0  1.537480 7.944472 0.960122  -0.380180 -0.889343 -0.254033  0.000000 0.000000 1 0 1.000000
c_invasion_wrangler_laser
0  1.731931 8.547045 0.596330  -0.422435 0.889344 -0.174976  0.000000 0.000000 1 0 1.000000
0  1.971379 8.245758 1.250043  0.831469 -0.000000 0.555571  0.000000 0.000000 1 0 1.000000
0  2.214053 8.245758 0.796032  0.923879 -0.000000 0.382684  0.000000 0.000000 1 0 1.000000
c_invasion_wrangler_laser
0  1.731931 7.944472 0.596330  -0.422433 -0.889344 -0.174980  0.000000 0.000000 1 0 1.000000
0  1.537480 8.547045 0.960122  -0.380183 0.889343 -0.254026  0.000000 0.000000 1 0 1.000000
0  1.731931 8.547045 0.596330  -0.422435 0.889344 -0.174976  0.000000 0.000000 1 0 1.000000
c_invasion_wrangler_laser
0  2.214053 8.245758 0.796032  0.923879 -0.000000 0.382684  0.000000 0.000000 1 0 1.000000
0  1.537480 7.944472 0.960122  -0.380180 -0.889343 -0.254033  0.000000 0.000000 1 0 1.000000
0  1.731931 7.944472 0.596330  -0.422433 -0.889344 -0.174980  0.000000 0.000000 1 0 1.000000
c_invasion_wrangler_laser
0  1.851672 8.547045 0.201594  -0.464931 0.877698 -0.116130  0.000000 0.000000 1 0 1.000000
0  2.214053 8.245758 0.796032  0.923879 -0.000000 0.382684  0.000000 0.000000 1 0 1.000000
0  2.363490 8.245758 0.303401  0.973620 -0.001155 0.228172  0.000000 0.000000 1 0 1.000000
c_invasion_wrangler_laser
0  1.851672 7.944472 0.201594  -0.463149 -0.878339 -0.118375  0.000000 0.000000 1 0 1.000000
0  1.731931 8.547045 0.596330  -0.422435 0.889344 -0.174976  0.000000 0.000000 1 0 1.000000
0  1.851672 8.547045 0.201594  -0.464931 0.877698 -0.116130  0.000000 0.000000 1 0 1.000000
c_invasion_wrangler_laser
0  2.363490 8.245758 0.303401  0.973620 -0.001155 0.228172  0.000000 0.000000 1 0 1.000000
0  1.731931 7.944472 0.596330  -0.422433 -0.889344 -0.174980  0.000000 0.000000 1 0 1.000000
0  1.851672 7.944472 0.201594  -0.463149 -0.878339 -0.118375  0.000000 0.000000 1 0 1.000000
c_invasion_wrangler_laser
0  1.892105 8.547045 0.000000  -0.412349 0.911026 -0.000000  0.000000 0.000000 1 0 1.000000
0  2.363490 8.245758 0.303401  0.973620 -0.001155 0.228172  0.000000 0.000000 1 0 1.000000
0  2.413950 8.245758 0.000000  0.999998 -0.001940 -0.000000  0.000000 0.000000 1 0 1.000000
c_invasion_wrangler_laser
0  1.892105 7.944472 0.000000  -0.409343 -0.912381 0.000000  0.000000 0.000000 1 0 1.000000
0  1.851672 8.547045 0.201594  -0.464931 0.877698 -0.116130  0.000000 0.000000 1 0 1.000000
0  1.892105 8.547045 0.000000  -0.412349 0.911026 -0.000000  0.000000 0.000000 1 0 1.000000
c_invasion_wrangler_laser
0  2.413950 8.245758 0.000000  0.999998 -0.001940 -0.000000  0.000000 0.000000 1 0 1.000000
0  1.851672 7.944472 0.201594  -0.463149 -0.878339 -0.118375  0.000000 0.000000 1 0 1.000000
0  1.892105 7.944472 0.000000  -0.409343 -0.912381 0.000000  0.000000 0.000000 1 0 1.000000
c_invasion_wrangler_laser
0  7.197533 19.131565 0.398517  -0.522439 0.000002 0.852677  0.000000 0.000000 1 0 1.000000
0  7.106049 20.060417 0.000000  -0.980785 -0.195093 0.000000  0.000000 0.000000 1 0 1.000000
0  7.197533 19.131565 0.000000  -1.000000 -0.000002 0.000000  0.000000 0.000000 1 0 1.000000
c_invasion_wrangler_laser
0  8.137940 20.265675 0.000000  0.985546 0.169405 -0.000000  0.000000 0.000000 1 0 1.000000
0  6.835113 20.953573 0.398517  -0.490909 -0.203341 0.847149  0.000000 0.000000 1 0 1.000000
0  7.106049 20.060417 0.398517  -0.521169 -0.103665 0.847134  0.000000 0.000000 1 0 1.000000
c_invasion_wrangler_laser
0  7.106049 20.060417 0.398517  -0.521169 -0.103665 0.847134  0.000000 0.000000 1 0 1.000000
0  6.835113 20.953573 0.000000  -0.923878 -0.382686 0.000000  0.000000 0.000000 1 0 1.000000
0  7.106049 20.060417 0.000000  -0.980785 -0.195093 0.000000  0.000000 0.000000 1 0 1.000000
c_invasion_wrangler_laser
0  7.807134 21.356197 0.000000  0.923879 0.382684 0.000000  0.000000 0.000000 1 0 1.000000
0  6.395136 21.776711 0.398517  -0.682033 0.241368 0.690342  0.000000 0.000000 1 0 1.000000
0  6.835113 20.953573 0.398517  -0.490909 -0.203341 0.847149  0.000000 0.000000 1 0 1.000000
c_invasion_wrangler_laser
0  6.835113 20.953573 0.398517  -0.490909 -0.203341 0.847149  0.000000 0.000000 1 0 1.000000
0  6.395136 21.776711 0.000000  -0.970026 0.243000 0.000000  0.000000 0.000000 1 0 1.000000
0  6.835113 20.953573 0.000000  -0.923878 -0.382686 0.000000  0.000000 0.000000 1 0 1.000000
c_invasion_wrangler_laser
0  2.436395 13.318319 0.000000  -0.510034 -0.860154 0.000000  0.000000 0.000000 1 0 1.000000
0  3.365245 14.461910 0.398517  -0.103662 0.521146 0.847149  0.000000 0.000000 1 0 1.000000
0  2.436395 14.370426 0.398517  -0.579632 0.432997 0.690319  0.000000 0.000000 1 0 1.000000
c_invasion_wrangler_laser
0  2.436395 14.370426 0.398517  -0.579632 0.432997 0.690319  0.000000 0.000000 1 0 1.000000
0  3.365245 14.461910 0.000000  -0.195093 0.980785 0.000000  0.000000 0.000000 1 0 1.000000
0  2.436395 14.370426 0.000000  -0.740951 0.671559 0.000000  0.000000 0.000000 1 0 1.000000
c_invasion_wrangler_laser
0  3.570500 13.430017 0.000000  0.195091 -0.980785 0.000000  0.000000 0.000000 1 0 1.000000
0  4.258405 14.732848 0.398517  -0.203341 0.490909 0.847149  0.000000 0.000000 1 0 1.000000
0  3.365245 14.461910 0.398517  -0.103662 0.521146 0.847149  0.000000 0.000000 1 0 1.000000
c_invasion_wrangler_laser
0  3.365245 14.461910 0.398517  -0.103662 0.521146 0.847149  0.000000 0.000000 1 0 1.000000
0  4.258405 14.732848 0.000000  -0.382686 0.923878 0.000000  0.000000 0.000000 1 0 1.000000
0  3.365245 14.461910 0.000000  -0.195093 0.980785 0.000000  0.000000 0.000000 1 0 1.000000
c_invasion_wrangler_laser
0  4.661029 13.760826 0.000000  0.382685 -0.923879 0.000000  0.000000 0.000000 1 0 1.000000
0  5.081541 15.172824 0.398517  -0.295205 0.441807 0.847149  0.000000 0.000000 1 0 1.000000
0  4.258405 14.732848 0.398517  -0.203341 0.490909 0.847149  0.000000 0.000000 1 0 1.000000
c_invasion_wrangler_laser
0  4.258405 14.732848 0.398517  -0.203341 0.490909 0.847149  0.000000 0.000000 1 0 1.000000
0  5.081541 15.172824 0.000000  -0.555572 0.831469 0.000000  0.000000 0.000000 1 0 1.000000
0  4.258405 14.732848 0.000000  -0.382686 0.923878 0.000000  0.000000 0.000000 1 0 1.000000
c_invasion_wrangler_laser
0  5.666060 14.298028 0.000000  0.555571 -0.831469 0.000000  0.000000 0.000000 1 0 1.000000
0  5.803026 15.764930 0.398517  -0.375724 0.375725 0.847149  0.000000 0.000000 1 0 1.000000
0  5.081541 15.172824 0.398517  -0.295205 0.441807 0.847149  0.000000 0.000000 1 0 1.000000
c_invasion_wrangler_laser
0  5.081541 15.172824 0.398517  -0.295205 0.441807 0.847149  0.000000 0.000000 1 0 1.000000
0  5.803026 15.764930 0.000000  -0.707108 0.707105 0.000000  0.000000 0.000000 1 0 1.000000
0  5.081541 15.172824 0.000000  -0.555572 0.831469 0.000000  0.000000 0.000000 1 0 1.000000
c_invasion_wrangler_laser
0  6.546979 15.020977 0.000000  0.707107 -0.707106 0.000000  0.000000 0.000000 1 0 1.000000
0  6.395136 16.486420 0.398517  -0.441806 0.295206 0.847148  0.000000 0.000000 1 0 1.000000
0  5.803026 15.764930 0.398517  -0.375724 0.375725 0.847149  0.000000 0.000000 1 0 1.000000
c_invasion_wrangler_laser
0  5.803026 15.764930 0.398517  -0.375724 0.375725 0.847149  0.000000 0.000000 1 0 1.000000
0  6.395136 16.486420 0.000000  -0.831471 0.555568 0.000000  0.000000 0.000000 1 0 1.000000
0  5.803026 15.764930 0.000000  -0.707108 0.707105 0.000000  0.000000 0.000000 1 0 1.000000
c_invasion_wrangler_laser
0  7.269933 15.901899 0.000000  0.831470 -0.555569 -0.000000  0.000000 0.000000 1 0 1.000000
0  6.835113 17.309555 0.398517  -0.490908 0.203342 0.847149  0.000000 0.000000 1 0 1.000000
0  6.395136 16.486420 0.398517  -0.441806 0.295206 0.847148  0.000000 0.000000 1 0 1.000000
c_invasion_wrangler_laser
0  6.395136 16.486420 0.398517  -0.441806 0.295206 0.847148  0.000000 0.000000 1 0 1.000000
0  6.835113 17.309555 0.000000  -0.923880 0.382681 0.000000  0.000000 0.000000 1 0 1.000000
0  6.395136 16.486420 0.000000  -0.831471 0.555568 0.000000  0.000000 0.000000 1 0 1.000000
c_invasion_wrangler_laser
0  7.807133 16.906931 0.000000  0.923880 -0.382682 -0.000000  0.000000 0.000000 1 0 1.000000
0  7.106049 18.202715 0.398517  -0.521146 0.103663 0.847148  0.000000 0.000000 1 0 1.000000
0  6.835113 17.309555 0.398517  -0.490908 0.203342 0.847149  0.000000 0.000000 1 0 1.000000
c_invasion_wrangler_laser
0  6.835113 17.309555 0.398517  -0.490908 0.203342 0.847149  0.000000 0.000000 1 0 1.000000
0  7.106049 18.202715 0.000000  -0.980786 0.195088 0.000000  0.000000 0.000000 1 0 1.000000
0  6.835113 17.309555 0.000000  -0.923880 0.382681 0.000000  0.000000 0.000000 1 0 1.000000
c_invasion_wrangler_laser
0  8.137941 17.997459 0.000000  0.985547 -0.169404 0.000000  0.000000 0.000000 1 0 1.000000
0  7.197533 19.131565 0.398517  -0.522439 0.000002 0.852677  0.000000 0.000000 1 0 1.000000
0  7.106049 18.202715 0.398517  -0.521146 0.103663 0.847148  0.000000 0.000000 1 0 1.000000
c_invasion_wrangler_laser
0  7.106049 18.202715 0.398517  -0.521146 0.103663 0.847148  0.000000 0.000000 1 0 1.000000
0  7.197533 19.131565 0.000000  -1.000000 -0.000002 0.000000  0.000000 0.000000 1 0 1.000000
0  7.106049 18.202715 0.000000  -0.980786 0.195088 0.000000  0.000000 0.000000 1 0 1.000000
c_invasion_wrangler_laser
0  6.546979 15.020977 0.000000  0.707107 -0.707106 0.000000  0.000000 0.000000 1 0 1.000000
0  6.395136 16.486420 0.398517  -0.441806 0.295206 0.847148  0.000000 0.000000 1 0 1.000000
0  5.803026 15.764930 0.398517  -0.375724 0.375725 0.847149  0.000000 0.000000 1 0 1.000000
c_invasion_wrangler_laser
0  2.436395 14.370426 0.398517  -0.579632 0.432997 0.690319  0.000000 0.000000 1 0 1.000000
0  2.436395 14.370426 0.000000  -0.740951 0.671559 0.000000  0.000000 0.000000 1 0 1.000000
0  2.436395 13.318319 0.000000  -0.510034 -0.860154 0.000000  0.000000 0.000000 1 0 1.000000
c_invasion_wrangler_laser
0  6.835113 17.309555 0.398517  -0.490908 0.203342 0.847149  0.000000 0.000000 1 0 1.000000
0  7.106049 18.202715 0.000000  -0.980786 0.195088 0.000000  0.000000 0.000000 1 0 1.000000
0  6.835113 17.309555 0.000000  -0.923880 0.382682 0.000000  0.000000 0.000000 1 0 1.000000
c_invasion_wrangler_laser
0  2.436395 13.318319 0.000000  -0.510034 -0.860154 0.000000  0.000000 0.000000 1 0 1.000000
0  3.365245 14.461910 0.398517  -0.103662 0.521146 0.847149  0.000000 0.000000 1 0 1.000000
0  2.436395 14.370426 0.398517  -0.579632 0.432997 0.690319  0.000000 0.000000 1 0 1.000000
c_invasion_wrangler_laser
0  7.106049 20.060417 0.398517  -0.521169 -0.103665 0.847134  0.000000 0.000000 1 0 1.000000
0  6.835113 20.953573 0.000000  -0.923878 -0.382686 0.000000  0.000000 0.000000 1 0 1.000000
0  7.106049 20.060417 0.000000  -0.980785 -0.195093 0.000000  0.000000 0.000000 1 0 1.000000
c_invasion_wrangler_laser
0  7.197533 19.131565 0.398517  -0.522439 0.000002 0.852677  0.000000 0.000000 1 0 1.000000
0  7.106049 20.060417 0.000000  -0.980785 -0.195093 0.000000  0.000000 0.000000 1 0 1.000000
0  7.197533 19.131565 0.000000  -1.000000 -0.000002 0.000000  0.000000 0.000000 1 0 1.000000
c_invasion_wrangler_laser
0  2.436395 14.370426 0.398517  -0.579632 0.432997 0.690319  0.000000 0.000000 1 0 1.000000
0  2.436395 14.370426 0.000000  -0.740951 0.671559 0.000000  0.000000 0.000000 1 0 1.000000
0  2.436395 13.318319 0.000000  -0.510034 -0.860154 0.000000  0.000000 0.000000 1 0 1.000000
c_invasion_wrangler_laser
0  5.803026 15.764930 0.398517  -0.375724 0.375725 0.847149  0.000000 0.000000 1 0 1.000000
0  6.395136 16.486420 0.000000  -0.831471 0.555568 0.000000  0.000000 0.000000 1 0 1.000000
0  5.803026 15.764930 0.000000  -0.707108 0.707105 0.000000  0.000000 0.000000 1 0 1.000000
c_invasion_wrangler_laser
0  7.197533 19.131565 0.398517  -0.522439 0.000002 0.852677  0.000000 0.000000 1 0 1.000000
0  7.106049 20.060417 0.398517  -0.521169 -0.103665 0.847134  0.000000 0.000000 1 0 1.000000
0  7.106049 20.060417 0.000000  -0.980785 -0.195093 0.000000  0.000000 0.000000 1 0 1.000000
c_invasion_wrangler_laser
0  5.081541 15.172824 0.398517  -0.295205 0.441807 0.847149  0.000000 0.000000 1 0 1.000000
0  5.803026 15.764930 0.000000  -0.707108 0.707105 0.000000  0.000000 0.000000 1 0 1.000000
0  5.081541 15.172824 0.000000  -0.555572 0.831469 0.000000  0.000000 0.000000 1 0 1.000000
c_invasion_wrangler_laser
0  8.137940 20.265675 0.000000  0.985546 0.169405 -0.000000  0.000000 0.000000 1 0 1.000000
0  6.835113 20.953573 0.398517  -0.490909 -0.203341 0.847149  0.000000 0.000000 1 0 1.000000
0  7.106049 20.060417 0.398517  -0.521169 -0.103665 0.847134  0.000000 0.000000 1 0 1.000000
c_invasion_wrangler_laser
0  6.835113 20.953573 0.398517  -0.490909 -0.203341 0.847149  0.000000 0.000000 1 0 1.000000
0  6.395136 21.776711 0.000000  -0.970026 0.243000 0.000000  0.000000 0.000000 1 0 1.000000
0  6.835113 20.953573 0.000000  -0.923878 -0.382686 0.000000  0.000000 0.000000 1 0 1.000000
c_invasion_wrangler_laser
0  3.365245 14.461910 0.398517  -0.103662 0.521146 0.847149  0.000000 0.000000 1 0 1.000000
0  4.258405 14.732848 0.000000  -0.382686 0.923878 0.000000  0.000000 0.000000 1 0 1.000000
0  3.365245 14.461910 0.000000  -0.195093 0.980785 0.000000  0.000000 0.000000 1 0 1.000000
c_invasion_wrangler_laser
0  2.413950 11.949177 0.000000  0.999998 -0.001939 -0.000000  0.000000 0.000000 1 0 1.000000
0  2.363490 11.949177 0.303401  0.973619 -0.001154 0.228175  0.000000 0.000000 1 0 1.000000
0  1.851672 11.647890 0.201594  -0.463149 -0.878340 -0.118375  0.000000 0.000000 1 0 1.000000
c_invasion_wrangler_laser
0  1.892105 11.647890 0.000000  -0.409343 -0.912381 0.000000  0.000000 0.000000 1 0 1.000000
0  1.851672 11.647890 0.201594  -0.463149 -0.878340 -0.118375  0.000000 0.000000 1 0 1.000000
0  1.851672 12.250463 0.201594  -0.464931 0.877697 -0.116132  0.000000 0.000000 1 0 1.000000
c_invasion_wrangler_laser
0  1.892105 12.250463 0.000000  -0.412349 0.911026 0.000000  0.000000 0.000000 1 0 1.000000
0  1.851672 12.250463 0.201594  -0.464931 0.877697 -0.116132  0.000000 0.000000 1 0 1.000000
0  2.363490 11.949177 0.303401  0.973619 -0.001154 0.228175  0.000000 0.000000 1 0 1.000000
c_invasion_wrangler_laser
0  2.363490 11.949177 0.303401  0.973619 -0.001154 0.228175  0.000000 0.000000 1 0 1.000000
0  2.214053 11.949177 0.796032  0.923880 -0.000000 0.382683  0.000000 0.000000 1 0 1.000000
0  1.731931 11.647890 0.596330  -0.422433 -0.889344 -0.174980  0.000000 0.000000 1 0 1.000000
c_invasion_wrangler_laser
0  1.851672 11.647890 0.201594  -0.463149 -0.878340 -0.118375  0.000000 0.000000 1 0 1.000000
0  1.731931 11.647890 0.596330  -0.422433 -0.889344 -0.174980  0.000000 0.000000 1 0 1.000000
0  1.731931 12.250463 0.596330  -0.422434 0.889344 -0.174978  0.000000 0.000000 1 0 1.000000
c_invasion_wrangler_laser
0  1.851672 12.250463 0.201594  -0.464931 0.877697 -0.116132  0.000000 0.000000 1 0 1.000000
0  1.731931 12.250463 0.596330  -0.422434 0.889344 -0.174978  0.000000 0.000000 1 0 1.000000
0  2.214053 11.949177 0.796032  0.923880 -0.000000 0.382683  0.000000 0.000000 1 0 1.000000
c_invasion_wrangler_laser
0  2.214053 11.949177 0.796032  0.923880 -0.000000 0.382683  0.000000 0.000000 1 0 1.000000
0  1.971379 11.949177 1.250043  0.831469 -0.000000 0.555570  0.000000 0.000000 1 0 1.000000
0  1.537480 11.647890 0.960122  -0.380181 -0.889344 -0.254029  0.000000 0.000000 1 0 1.000000
c_invasion_wrangler_laser
0  1.731931 11.647890 0.596330  -0.422433 -0.889344 -0.174980  0.000000 0.000000 1 0 1.000000
0  1.537480 11.647890 0.960122  -0.380181 -0.889344 -0.254029  0.000000 0.000000 1 0 1.000000
0  1.537480 12.250463 0.960122  -0.380183 0.889343 -0.254027  0.000000 0.000000 1 0 1.000000
c_invasion_wrangler_laser
0  1.731931 12.250463 0.596330  -0.422434 0.889344 -0.174978  0.000000 0.000000 1 0 1.000000
0  1.537480 12.250463 0.960122  -0.380183 0.889343 -0.254027  0.000000 0.000000 1 0 1.000000
0  1.971379 11.949177 1.250043  0.831469 -0.000000 0.555570  0.000000 0.000000 1 0 1.000000
c_invasion_wrangler_laser
0  1.971379 11.949177 1.250043  0.831469 -0.000000 0.555570  0.000000 0.000000 1 0 1.000000
0  1.644794 11.949177 1.647988  0.707108 -0.000000 0.707106  0.000000 0.000000 1 0 1.000000
0  1.275794 11.647890 1.278987  -0.323316 -0.889344 -0.323318  0.000000 0.000000 1 0 1.000000
c_invasion_wrangler_laser
0  1.537480 11.647890 0.960122  -0.380181 -0.889344 -0.254029  0.000000 0.000000 1 0 1.000000
0  1.275794 11.647890 1.278987  -0.323316 -0.889344 -0.323318  0.000000 0.000000 1 0 1.000000
0  1.275794 12.250463 1.278987  -0.323318 0.889344 -0.323316  0.000000 0.000000 1 0 1.000000
c_invasion_wrangler_laser
0  1.537480 12.250463 0.960122  -0.380183 0.889343 -0.254027  0.000000 0.000000 1 0 1.000000
0  1.275794 12.250463 1.278987  -0.323318 0.889344 -0.323316  0.000000 0.000000 1 0 1.000000
0  1.644794 11.949177 1.647988  0.707108 -0.000000 0.707106  0.000000 0.000000 1 0 1.000000
c_invasion_wrangler_laser
0  1.644794 11.949177 1.647988  0.707108 -0.000000 0.707106  0.000000 0.000000 1 0 1.000000
0  1.246850 11.949177 1.974572  0.555571 -0.000001 0.831469  0.000000 0.000000 1 0 1.000000
0  0.956928 11.647890 1.540673  -0.254028 -0.889343 -0.380182  0.000000 0.000000 1 0 1.000000
c_invasion_wrangler_laser
0  1.275794 11.647890 1.278987  -0.323316 -0.889344 -0.323318  0.000000 0.000000 1 0 1.000000
0  0.956928 11.647890 1.540673  -0.254028 -0.889343 -0.380182  0.000000 0.000000 1 0 1.000000
0  0.956928 12.250465 1.540673  -0.254029 0.889344 -0.380179  0.000000 0.000000 1 0 1.000000
c_invasion_wrangler_laser
0  1.275794 12.250463 1.278987  -0.323318 0.889344 -0.323316  0.000000 0.000000 1 0 1.000000
0  0.956928 12.250465 1.540673  -0.254029 0.889344 -0.380179  0.000000 0.000000 1 0 1.000000
0  1.246850 11.949177 1.974572  0.555571 -0.000001 0.831469  0.000000 0.000000 1 0 1.000000
c_invasion_wrangler_laser
0  1.246850 11.949177 1.974572  0.555571 -0.000001 0.831469  0.000000 0.000000 1 0 1.000000
0  0.792840 11.949177 2.217246  0.382684 -0.000002 0.923879  0.000000 0.000000 1 0 1.000000
0  0.593138 11.647890 1.735124  -0.174976 -0.889343 -0.422435  0.000000 0.000000 1 0 1.000000
c_invasion_wrangler_laser
0  0.956928 11.647890 1.540673  -0.254028 -0.889343 -0.380182  0.000000 0.000000 1 0 1.000000
0  0.593138 11.647890 1.735124  -0.174976 -0.889343 -0.422435  0.000000 0.000000 1 0 1.000000
0  0.593138 12.250465 1.735124  -0.174980 0.889345 -0.422431  0.000000 0.000000 1 0 1.000000
c_invasion_wrangler_laser
0  0.956928 12.250465 1.540673  -0.254029 0.889344 -0.380179  0.000000 0.000000 1 0 1.000000
0  0.593138 12.250465 1.735124  -0.174980 0.889345 -0.422431  0.000000 0.000000 1 0 1.000000
0  0.792840 11.949177 2.217246  0.382684 -0.000002 0.923879  0.000000 0.000000 1 0 1.000000
c_invasion_wrangler_laser
0  0.792840 11.949177 2.217246  0.382684 -0.000002 0.923879  0.000000 0.000000 1 0 1.000000
0  0.300209 11.949177 2.366684  0.229043 0.001188 0.973415  0.000000 0.000000 1 0 1.000000
0  0.198402 11.647890 1.854865  -0.117014 -0.877338 -0.465388  0.000000 0.000000 1 0 1.000000
c_invasion_wrangler_laser
0  0.593138 11.647890 1.735124  -0.174976 -0.889343 -0.422435  0.000000 0.000000 1 0 1.000000
0  0.198402 11.647890 1.854865  -0.117014 -0.877338 -0.465388  0.000000 0.000000 1 0 1.000000
0  0.198402 12.250465 1.854865  -0.119325 0.878003 -0.463544  0.000000 0.000000 1 0 1.000000
c_invasion_wrangler_laser
0  0.593138 12.250465 1.735124  -0.174980 0.889345 -0.422431  0.000000 0.000000 1 0 1.000000
0  0.198402 12.250465 1.854865  -0.119325 0.878003 -0.463544  0.000000 0.000000 1 0 1.000000
0  0.300209 11.949177 2.366684  0.229043 0.001188 0.973415  0.000000 0.000000 1 0 1.000000
c_invasion_wrangler_laser
0  0.300209 11.949177 2.366684  0.229043 0.001188 0.973415  0.000000 0.000000 1 0 1.000000
0  0.000000 11.949177 2.417143  0.000000 0.001996 0.999998  0.000000 0.000000 1 0 1.000000
0  0.000000 11.647890 1.895298  0.000000 -0.911679 -0.410903  0.000000 0.000000 1 0 1.000000
c_invasion_wrangler_laser
0  0.198402 11.647890 1.854865  -0.117014 -0.877338 -0.465388  0.000000 0.000000 1 0 1.000000
0  0.000000 11.647890 1.895298  0.000000 -0.911679 -0.410903  0.000000 0.000000 1 0 1.000000
0  0.000000 12.250465 1.895298  -0.000000 0.913079 -0.407783  0.000000 0.000000 1 0 1.000000
c_invasion_wrangler_laser
0  0.198402 12.250465 1.854865  -0.119325 0.878003 -0.463544  0.000000 0.000000 1 0 1.000000
0  0.000000 12.250465 1.895298  -0.000000 0.913079 -0.407783  0.000000 0.000000 1 0 1.000000
0  0.000000 11.949177 2.417143  0.000000 0.001996 0.999998  0.000000 0.000000 1 0 1.000000
c_invasion_wrangler_laser
0  2.413950 10.714703 0.000000  0.999998 -0.001940 0.000000  0.000000 0.000000 1 0 1.000000
0  2.363490 10.714703 0.303401  0.973620 -0.001155 0.228174  0.000000 0.000000 1 0 1.000000
0  1.851672 10.413417 0.201594  -0.463149 -0.878339 -0.118374  0.000000 0.000000 1 0 1.000000
c_invasion_wrangler_laser
0  1.892105 10.413417 0.000000  -0.409344 -0.912380 0.000000  0.000000 0.000000 1 0 1.000000
0  1.851672 10.413417 0.201594  -0.463149 -0.878339 -0.118374  0.000000 0.000000 1 0 1.000000
0  1.851672 11.015989 0.201594  -0.464931 0.877698 -0.116128  0.000000 0.000000 1 0 1.000000
c_invasion_wrangler_laser
0  1.892105 11.015989 0.000000  -0.412350 0.911026 0.000000  0.000000 0.000000 1 0 1.000000
0  1.851672 11.015989 0.201594  -0.464931 0.877698 -0.116128  0.000000 0.000000 1 0 1.000000
0  2.363490 10.714703 0.303401  0.973620 -0.001155 0.228174  0.000000 0.000000 1 0 1.000000
c_invasion_wrangler_laser
0  2.363490 10.714703 0.303401  0.973620 -0.001155 0.228174  0.000000 0.000000 1 0 1.000000
0  2.214053 10.714703 0.796032  0.923880 -0.000001 0.382684  0.000000 0.000000 1 0 1.000000
0  1.731931 10.413417 0.596330  -0.422434 -0.889344 -0.174980  0.000000 0.000000 1 0 1.000000
c_invasion_wrangler_laser
0  1.851672 10.413417 0.201594  -0.463149 -0.878339 -0.118374  0.000000 0.000000 1 0 1.000000
0  1.731931 10.413417 0.596330  -0.422434 -0.889344 -0.174980  0.000000 0.000000 1 0 1.000000
0  1.731931 11.015989 0.596330  -0.422435 0.889344 -0.174975  0.000000 0.000000 1 0 1.000000
c_invasion_wrangler_laser
0  1.851672 11.015989 0.201594  -0.464931 0.877698 -0.116128  0.000000 0.000000 1 0 1.000000
0  1.731931 11.015989 0.596330  -0.422435 0.889344 -0.174975  0.000000 0.000000 1 0 1.000000
0  2.214053 10.714703 0.796032  0.923880 -0.000001 0.382684  0.000000 0.000000 1 0 1.000000
c_invasion_wrangler_laser
0  2.214053 10.714703 0.796032  0.923880 -0.000001 0.382684  0.000000 0.000000 1 0 1.000000
0  1.971379 10.714703 1.250043  0.831469 -0.000001 0.555571  0.000000 0.000000 1 0 1.000000
0  1.537480 10.413417 0.960122  -0.380181 -0.889343 -0.254030  0.000000 0.000000 1 0 1.000000
c_invasion_wrangler_laser
0  1.731931 10.413417 0.596330  -0.422434 -0.889344 -0.174980  0.000000 0.000000 1 0 1.000000
0  1.537480 10.413417 0.960122  -0.380181 -0.889343 -0.254030  0.000000 0.000000 1 0 1.000000
0  1.537480 11.015989 0.960122  -0.380182 0.889344 -0.254027  0.000000 0.000000 1 0 1.000000
c_invasion_wrangler_laser
0  1.731931 11.015989 0.596330  -0.422435 0.889344 -0.174975  0.000000 0.000000 1 0 1.000000
0  1.537480 11.015989 0.960122  -0.380182 0.889344 -0.254027  0.000000 0.000000 1 0 1.000000
0  1.971379 10.714703 1.250043  0.831469 -0.000001 0.555571  0.000000 0.000000 1 0 1.000000
c_invasion_wrangler_laser
0  1.971379 10.714703 1.250043  0.831469 -0.000001 0.555571  0.000000 0.000000 1 0 1.000000
0  1.644794 10.714703 1.647988  0.707107 -0.000001 0.707106  0.000000 0.000000 1 0 1.000000
0  1.275794 10.413417 1.278987  -0.323316 -0.889344 -0.323318  0.000000 0.000000 1 0 1.000000
c_invasion_wrangler_laser
0  1.537480 10.413417 0.960122  -0.380181 -0.889343 -0.254030  0.000000 0.000000 1 0 1.000000
0  1.275794 10.413417 1.278987  -0.323316 -0.889344 -0.323318  0.000000 0.000000 1 0 1.000000
0  1.275794 11.015989 1.278987  -0.323317 0.889344 -0.323317  0.000000 0.000000 1 0 1.000000
c_invasion_wrangler_laser
0  1.537480 11.015989 0.960122  -0.380182 0.889344 -0.254027  0.000000 0.000000 1 0 1.000000
0  1.275794 11.015989 1.278987  -0.323317 0.889344 -0.323317  0.000000 0.000000 1 0 1.000000
0  1.644794 10.714703 1.647988  0.707107 -0.000001 0.707106  0.000000 0.000000 1 0 1.000000
c_invasion_wrangler_laser
0  1.644794 10.714703 1.647988  0.707107 -0.000001 0.707106  0.000000 0.000000 1 0 1.000000
0  1.246850 10.714703 1.974572  0.555571 -0.000002 0.831469  0.000000 0.000000 1 0 1.000000
0  0.956928 10.413417 1.540673  -0.254027 -0.889343 -0.380183  0.000000 0.000000 1 0 1.000000
c_invasion_wrangler_laser
0  1.275794 10.413417 1.278987  -0.323316 -0.889344 -0.323318  0.000000 0.000000 1 0 1.000000
0  0.956928 10.413417 1.540673  -0.254027 -0.889343 -0.380183  0.000000 0.000000 1 0 1.000000
0  0.956928 11.015992 1.540673  -0.254027 0.889345 -0.380178  0.000000 0.000000 1 0 1.000000
c_invasion_wrangler_laser
0  1.275794 11.015989 1.278987  -0.323317 0.889344 -0.323317  0.000000 0.000000 1 0 1.000000
0  0.956928 11.015992 1.540673  -0.254027 0.889345 -0.380178  0.000000 0.000000 1 0 1.000000
0  1.246850 10.714703 1.974572  0.555571 -0.000002 0.831469  0.000000 0.000000 1 0 1.000000
c_invasion_wrangler_laser
0  1.246850 10.714703 1.974572  0.555571 -0.000002 0.831469  0.000000 0.000000 1 0 1.000000
0  0.792840 10.714703 2.217246  0.382684 -0.000003 0.923879  0.000000 0.000000 1 0 1.000000
0  0.593138 10.413417 1.735124  -0.174976 -0.889343 -0.422436  0.000000 0.000000 1 0 1.000000
c_invasion_wrangler_laser
0  0.956928 10.413417 1.540673  -0.254027 -0.889343 -0.380183  0.000000 0.000000 1 0 1.000000
0  0.593138 10.413417 1.735124  -0.174976 -0.889343 -0.422436  0.000000 0.000000 1 0 1.000000
0  0.593138 11.015992 1.735124  -0.174979 0.889345 -0.422431  0.000000 0.000000 1 0 1.000000
c_invasion_wrangler_laser
0  0.956928 11.015992 1.540673  -0.254027 0.889345 -0.380178  0.000000 0.000000 1 0 1.000000
0  0.593138 11.015992 1.735124  -0.174979 0.889345 -0.422431  0.000000 0.000000 1 0 1.000000
0  0.792840 10.714703 2.217246  0.382684 -0.000003 0.923879  0.000000 0.000000 1 0 1.000000
c_invasion_wrangler_laser
0  0.792840 10.714703 2.217246  0.382684 -0.000003 0.923879  0.000000 0.000000 1 0 1.000000
0  0.300209 10.714703 2.366684  0.229044 0.001187 0.973415  0.000000 0.000000 1 0 1.000000
0  0.198402 10.413417 1.854865  -0.117014 -0.877338 -0.465389  0.000000 0.000000 1 0 1.000000
c_invasion_wrangler_laser
0  0.593138 10.413417 1.735124  -0.174976 -0.889343 -0.422436  0.000000 0.000000 1 0 1.000000
0  0.198402 10.413417 1.854865  -0.117014 -0.877338 -0.465389  0.000000 0.000000 1 0 1.000000
0  0.198402 11.015992 1.854865  -0.119325 0.878003 -0.463543  0.000000 0.000000 1 0 1.000000
c_invasion_wrangler_laser
0  0.593138 11.015992 1.735124  -0.174979 0.889345 -0.422431  0.000000 0.000000 1 0 1.000000
0  0.198402 11.015992 1.854865  -0.119325 0.878003 -0.463543  0.000000 0.000000 1 0 1.000000
0  0.300209 10.714703 2.366684  0.229044 0.001187 0.973415  0.000000 0.000000 1 0 1.000000
c_invasion_wrangler_laser
0  0.300209 10.714703 2.366684  0.229044 0.001187 0.973415  0.000000 0.000000 1 0 1.000000
0  0.000000 10.714703 2.417143  0.000000 0.001996 0.999998  0.000000 0.000000 1 0 1.000000
0  0.000000 10.413417 1.895298  0.000000 -0.911679 -0.410904  0.000000 0.000000 1 0 1.000000
c_invasion_wrangler_laser
0  0.198402 10.413417 1.854865  -0.117014 -0.877338 -0.465389  0.000000 0.000000 1 0 1.000000
0  0.000000 10.413417 1.895298  0.000000 -0.911679 -0.410904  0.000000 0.000000 1 0 1.000000
0  0.000000 11.015992 1.895298  0.000000 0.913079 -0.407783  0.000000 0.000000 1 0 1.000000
c_invasion_wrangler_laser
0  0.198402 11.015992 1.854865  -0.119325 0.878003 -0.463543  0.000000 0.000000 1 0 1.000000
0  0.000000 11.015992 1.895298  0.000000 0.913079 -0.407783  0.000000 0.000000 1 0 1.000000
0  0.000000 10.714703 2.417143  0.000000 0.001996 0.999998  0.000000 0.000000 1 0 1.000000
c_invasion_wrangler_laser
0  2.413950 13.183650 0.000000  0.999998 -0.001939 0.000000  0.000000 0.000000 1 0 1.000000
0  2.363490 13.183650 0.303401  0.973619 -0.001154 0.228176  0.000000 0.000000 1 0 1.000000
0  1.851672 12.882363 0.201594  -0.463149 -0.878340 -0.118374  0.000000 0.000000 1 0 1.000000
c_invasion_wrangler_laser
0  1.892105 12.882363 0.000000  -0.409343 -0.912380 0.000000  0.000000 0.000000 1 0 1.000000
0  1.851672 12.882363 0.201594  -0.463149 -0.878340 -0.118374  0.000000 0.000000 1 0 1.000000
0  1.851672 13.484937 0.201594  -0.464931 0.877697 -0.116130  0.000000 0.000000 1 0 1.000000
c_invasion_wrangler_laser
0  1.892105 13.484937 0.000000  -0.412349 0.911026 0.000000  0.000000 0.000000 1 0 1.000000
0  1.851672 13.484937 0.201594  -0.464931 0.877697 -0.116130  0.000000 0.000000 1 0 1.000000
0  2.363490 13.183650 0.303401  0.973619 -0.001154 0.228176  0.000000 0.000000 1 0 1.000000
c_invasion_wrangler_laser
0  2.363490 13.183650 0.303401  0.973619 -0.001154 0.228176  0.000000 0.000000 1 0 1.000000
0  2.214053 13.183650 0.796032  0.923879 0.000000 0.382684  0.000000 0.000000 1 0 1.000000
0  1.731931 12.882363 0.596330  -0.422433 -0.889344 -0.174979  0.000000 0.000000 1 0 1.000000
c_invasion_wrangler_laser
0  1.851672 12.882363 0.201594  -0.463149 -0.878340 -0.118374  0.000000 0.000000 1 0 1.000000
0  1.731931 12.882363 0.596330  -0.422433 -0.889344 -0.174979  0.000000 0.000000 1 0 1.000000
0  1.731931 13.484937 0.596330  -0.422435 0.889344 -0.174973  0.000000 0.000000 1 0 1.000000
c_invasion_wrangler_laser
0  1.851672 13.484937 0.201594  -0.464931 0.877697 -0.116130  0.000000 0.000000 1 0 1.000000
0  1.731931 13.484937 0.596330  -0.422435 0.889344 -0.174973  0.000000 0.000000 1 0 1.000000
0  2.214053 13.183650 0.796032  0.923879 0.000000 0.382684  0.000000 0.000000 1 0 1.000000
c_invasion_wrangler_laser
0  2.214053 13.183650 0.796032  0.923879 0.000000 0.382684  0.000000 0.000000 1 0 1.000000
0  1.971379 13.183650 1.250043  0.831470 0.000000 0.555570  0.000000 0.000000 1 0 1.000000
0  1.537480 12.882363 0.960122  -0.380179 -0.889343 -0.254032  0.000000 0.000000 1 0 1.000000
c_invasion_wrangler_laser
0  1.731931 12.882363 0.596330  -0.422433 -0.889344 -0.174979  0.000000 0.000000 1 0 1.000000
0  1.537480 12.882363 0.960122  -0.380179 -0.889343 -0.254032  0.000000 0.000000 1 0 1.000000
0  1.537480 13.484937 0.960122  -0.380183 0.889344 -0.254025  0.000000 0.000000 1 0 1.000000
c_invasion_wrangler_laser
0  1.731931 13.484937 0.596330  -0.422435 0.889344 -0.174973  0.000000 0.000000 1 0 1.000000
0  1.537480 13.484937 0.960122  -0.380183 0.889344 -0.254025  0.000000 0.000000 1 0 1.000000
0  1.971379 13.183650 1.250043  0.831470 0.000000 0.555570  0.000000 0.000000 1 0 1.000000
c_invasion_wrangler_laser
0  1.971379 13.183650 1.250043  0.831470 0.000000 0.555570  0.000000 0.000000 1 0 1.000000
0  1.644794 13.183650 1.647988  0.707106 0.000000 0.707107  0.000000 0.000000 1 0 1.000000
0  1.275794 12.882363 1.278987  -0.323315 -0.889343 -0.323320  0.000000 0.000000 1 0 1.000000
c_invasion_wrangler_laser
0  1.537480 12.882363 0.960122  -0.380179 -0.889343 -0.254032  0.000000 0.000000 1 0 1.000000
0  1.275794 12.882363 1.278987  -0.323315 -0.889343 -0.323320  0.000000 0.000000 1 0 1.000000
0  1.275794 13.484937 1.278987  -0.323318 0.889344 -0.323315  0.000000 0.000000 1 0 1.000000
c_invasion_wrangler_laser
0  1.537480 13.484937 0.960122  -0.380183 0.889344 -0.254025  0.000000 0.000000 1 0 1.000000
0  1.275794 13.484937 1.278987  -0.323318 0.889344 -0.323315  0.000000 0.000000 1 0 1.000000
0  1.644794 13.183650 1.647988  0.707106 0.000000 0.707107  0.000000 0.000000 1 0 1.000000
c_invasion_wrangler_laser
0  1.644794 13.183650 1.647988  0.707106 0.000000 0.707107  0.000000 0.000000 1 0 1.000000
0  1.246850 13.183650 1.974572  0.555571 -0.000001 0.831469  0.000000 0.000000 1 0 1.000000
0  0.956928 12.882363 1.540673  -0.254027 -0.889343 -0.380182  0.000000 0.000000 1 0 1.000000
c_invasion_wrangler_laser
0  1.275794 12.882363 1.278987  -0.323315 -0.889343 -0.323320  0.000000 0.000000 1 0 1.000000
0  0.956928 12.882363 1.540673  -0.254027 -0.889343 -0.380182  0.000000 0.000000 1 0 1.000000
0  0.956928 13.484939 1.540673  -0.254029 0.889344 -0.380180  0.000000 0.000000 1 0 1.000000
c_invasion_wrangler_laser
0  1.275794 13.484937 1.278987  -0.323318 0.889344 -0.323315  0.000000 0.000000 1 0 1.000000
0  0.956928 13.484939 1.540673  -0.254029 0.889344 -0.380180  0.000000 0.000000 1 0 1.000000
0  1.246850 13.183650 1.974572  0.555571 -0.000001 0.831469  0.000000 0.000000 1 0 1.000000
c_invasion_wrangler_laser
0  1.246850 13.183650 1.974572  0.555571 -0.000001 0.831469  0.000000 0.000000 1 0 1.000000
0  0.792840 13.183650 2.217246  0.382684 -0.000001 0.923879  0.000000 0.000000 1 0 1.000000
0  0.593138 12.882363 1.735124  -0.174976 -0.889344 -0.422435  0.000000 0.000000 1 0 1.000000
c_invasion_wrangler_laser
0  0.956928 12.882363 1.540673  -0.254027 -0.889343 -0.380182  0.000000 0.000000 1 0 1.000000
0  0.593138 12.882363 1.735124  -0.174976 -0.889344 -0.422435  0.000000 0.000000 1 0 1.000000
0  0.593138 13.484939 1.735124  -0.174980 0.889344 -0.422433  0.000000 0.000000 1 0 1.000000
c_invasion_wrangler_laser
0  0.956928 13.484939 1.540673  -0.254029 0.889344 -0.380180  0.000000 0.000000 1 0 1.000000
0  0.593138 13.484939 1.735124  -0.174980 0.889344 -0.422433  0.000000 0.000000 1 0 1.000000
0  0.792840 13.183650 2.217246  0.382684 -0.000001 0.923879  0.000000 0.000000 1 0 1.000000
c_invasion_wrangler_laser
0  0.792840 13.183650 2.217246  0.382684 -0.000001 0.923879  0.000000 0.000000 1 0 1.000000
0  0.300209 13.183650 2.366684  0.229043 0.001189 0.973415  0.000000 0.000000 1 0 1.000000
0  0.198402 12.882363 1.854865  -0.117014 -0.877338 -0.465388  0.000000 0.000000 1 0 1.000000
c_invasion_wrangler_laser
0  0.593138 12.882363 1.735124  -0.174976 -0.889344 -0.422435  0.000000 0.000000 1 0 1.000000
0  0.198402 12.882363 1.854865  -0.117014 -0.877338 -0.465388  0.000000 0.000000 1 0 1.000000
0  0.198402 13.484939 1.854865  -0.119325 0.878003 -0.463544  0.000000 0.000000 1 0 1.000000
c_invasion_wrangler_laser
0  0.593138 13.484939 1.735124  -0.174980 0.889344 -0.422433  0.000000 0.000000 1 0 1.000000
0  0.198402 13.484939 1.854865  -0.119325 0.878003 -0.463544  0.000000 0.000000 1 0 1.000000
0  0.300209 13.183650 2.366684  0.229043 0.001189 0.973415  0.000000 0.000000 1 0 1.000000
c_invasion_wrangler_laser
0  0.300209 13.183650 2.366684  0.229043 0.001189 0.973415  0.000000 0.000000 1 0 1.000000
0  0.000000 13.183650 2.417143  0.000000 0.001996 0.999998  0.000000 0.000000 1 0 1.000000
0  0.000000 12.882363 1.895298  0.000000 -0.911679 -0.410903  0.000000 0.000000 1 0 1.000000
c_invasion_wrangler_laser
0  0.198402 12.882363 1.854865  -0.117014 -0.877338 -0.465388  0.000000 0.000000 1 0 1.000000
0  0.000000 12.882363 1.895298  0.000000 -0.911679 -0.410903  0.000000 0.000000 1 0 1.000000
0  0.000000 13.484939 1.895298  -0.000000 0.913079 -0.407783  0.000000 0.000000 1 0 1.000000
c_invasion_wrangler_laser
0  0.198402 13.484939 1.854865  -0.119325 0.878003 -0.463544  0.000000 0.000000 1 0 1.000000
0  0.000000 13.484939 1.895298  -0.000000 0.913079 -0.407783  0.000000 0.000000 1 0 1.000000
0  0.000000 13.183650 2.417143  0.000000 0.001996 0.999998  0.000000 0.000000 1 0 1.000000
c_invasion_wrangler_laser
0  0.198402 9.781521 1.854865  -0.119325 0.878003 -0.463544  0.000000 0.000000 1 0 1.000000
0  0.000000 9.781521 1.895298  -0.000000 0.913079 -0.407783  0.000000 0.000000 1 0 1.000000
0  0.000000 9.480232 2.417143  0.000000 0.001998 0.999998  0.000000 0.000000 1 0 1.000000
c_invasion_wrangler_laser
0  0.198402 9.178946 1.854865  -0.117014 -0.877338 -0.465388  0.000000 0.000000 1 0 1.000000
0  0.000000 9.178946 1.895298  0.000000 -0.911679 -0.410904  0.000000 0.000000 1 0 1.000000
0  0.000000 9.781521 1.895298  -0.000000 0.913079 -0.407783  0.000000 0.000000 1 0 1.000000
c_invasion_wrangler_laser
0  0.300209 9.480232 2.366684  0.229043 0.001189 0.973415  0.000000 0.000000 1 0 1.000000
0  0.000000 9.480232 2.417143  0.000000 0.001998 0.999998  0.000000 0.000000 1 0 1.000000
0  0.000000 9.178946 1.895298  0.000000 -0.911679 -0.410904  0.000000 0.000000 1 0 1.000000
c_invasion_wrangler_laser
0  0.593138 9.781521 1.735124  -0.174980 0.889345 -0.422431  0.000000 0.000000 1 0 1.000000
0  0.198402 9.781521 1.854865  -0.119325 0.878003 -0.463544  0.000000 0.000000 1 0 1.000000
0  0.300209 9.480232 2.366684  0.229043 0.001189 0.973415  0.000000 0.000000 1 0 1.000000
c_invasion_wrangler_laser
0  0.593138 9.178946 1.735124  -0.174976 -0.889344 -0.422435  0.000000 0.000000 1 0 1.000000
0  0.198402 9.178946 1.854865  -0.117014 -0.877338 -0.465388  0.000000 0.000000 1 0 1.000000
0  0.198402 9.781521 1.854865  -0.119325 0.878003 -0.463544  0.000000 0.000000 1 0 1.000000
c_invasion_wrangler_laser
0  0.792840 9.480232 2.217246  0.382683 -0.000002 0.923880  0.000000 0.000000 1 0 1.000000
0  0.300209 9.480232 2.366684  0.229043 0.001189 0.973415  0.000000 0.000000 1 0 1.000000
0  0.198402 9.178946 1.854865  -0.117014 -0.877338 -0.465388  0.000000 0.000000 1 0 1.000000
c_invasion_wrangler_laser
0  0.956928 9.781521 1.540673  -0.254028 0.889344 -0.380180  0.000000 0.000000 1 0 1.000000
0  0.593138 9.781521 1.735124  -0.174980 0.889345 -0.422431  0.000000 0.000000 1 0 1.000000
0  0.792840 9.480232 2.217246  0.382683 -0.000002 0.923880  0.000000 0.000000 1 0 1.000000
c_invasion_wrangler_laser
0  0.956928 9.178946 1.540673  -0.254027 -0.889343 -0.380183  0.000000 0.000000 1 0 1.000000
0  0.593138 9.178946 1.735124  -0.174976 -0.889344 -0.422435  0.000000 0.000000 1 0 1.000000
0  0.593138 9.781521 1.735124  -0.174980 0.889345 -0.422431  0.000000 0.000000 1 0 1.000000
c_invasion_wrangler_laser
0  1.246850 9.480232 1.974572  0.555572 -0.000001 0.831468  0.000000 0.000000 1 0 1.000000
0  0.792840 9.480232 2.217246  0.382683 -0.000002 0.923880  0.000000 0.000000 1 0 1.000000
0  0.593138 9.178946 1.735124  -0.174976 -0.889344 -0.422435  0.000000 0.000000 1 0 1.000000
c_invasion_wrangler_laser
0  1.275794 9.781518 1.278987  -0.323318 0.889343 -0.323317  0.000000 0.000000 1 0 1.000000
0  0.956928 9.781521 1.540673  -0.254028 0.889344 -0.380180  0.000000 0.000000 1 0 1.000000
0  1.246850 9.480232 1.974572  0.555572 -0.000001 0.831468  0.000000 0.000000 1 0 1.000000
c_invasion_wrangler_laser
0  1.275794 9.178946 1.278987  -0.323315 -0.889344 -0.323319  0.000000 0.000000 1 0 1.000000
0  0.956928 9.178946 1.540673  -0.254027 -0.889343 -0.380183  0.000000 0.000000 1 0 1.000000
0  0.956928 9.781521 1.540673  -0.254028 0.889344 -0.380180  0.000000 0.000000 1 0 1.000000
c_invasion_wrangler_laser
0  1.644794 9.480232 1.647988  0.707107 0.000001 0.707106  0.000000 0.000000 1 0 1.000000
0  1.246850 9.480232 1.974572  0.555572 -0.000001 0.831468  0.000000 0.000000 1 0 1.000000
0  0.956928 9.178946 1.540673  -0.254027 -0.889343 -0.380183  0.000000 0.000000 1 0 1.000000
c_invasion_wrangler_laser
0  1.537480 9.781518 0.960122  -0.380183 0.889343 -0.254027  0.000000 0.000000 1 0 1.000000
0  1.275794 9.781518 1.278987  -0.323318 0.889343 -0.323317  0.000000 0.000000 1 0 1.000000
0  1.644794 9.480232 1.647988  0.707107 0.000001 0.707106  0.000000 0.000000 1 0 1.000000
c_invasion_wrangler_laser
0  1.537480 9.178946 0.960122  -0.380179 -0.889343 -0.254032  0.000000 0.000000 1 0 1.000000
0  1.275794 9.178946 1.278987  -0.323315 -0.889344 -0.323319  0.000000 0.000000 1 0 1.000000
0  1.275794 9.781518 1.278987  -0.323318 0.889343 -0.323317  0.000000 0.000000 1 0 1.000000
c_invasion_wrangler_laser
0  1.971379 9.480232 1.250043  0.831470 0.000001 0.555569  0.000000 0.000000 1 0 1.000000
0  1.644794 9.480232 1.647988  0.707107 0.000001 0.707106  0.000000 0.000000 1 0 1.000000
0  1.275794 9.178946 1.278987  -0.323315 -0.889344 -0.323319  0.000000 0.000000 1 0 1.000000
c_invasion_wrangler_laser
0  1.731931 9.781518 0.596330  -0.422436 0.889343 -0.174975  0.000000 0.000000 1 0 1.000000
0  1.537480 9.781518 0.960122  -0.380183 0.889343 -0.254027  0.000000 0.000000 1 0 1.000000
0  1.971379 9.480232 1.250043  0.831470 0.000001 0.555569  0.000000 0.000000 1 0 1.000000
c_invasion_wrangler_laser
0  1.731931 9.178946 0.596330  -0.422433 -0.889344 -0.174981  0.000000 0.000000 1 0 1.000000
0  1.537480 9.178946 0.960122  -0.380179 -0.889343 -0.254032  0.000000 0.000000 1 0 1.000000
0  1.537480 9.781518 0.960122  -0.380183 0.889343 -0.254027  0.000000 0.000000 1 0 1.000000
c_invasion_wrangler_laser
0  2.214053 9.480232 0.796032  0.923880 0.000000 0.382681  0.000000 0.000000 1 0 1.000000
0  1.971379 9.480232 1.250043  0.831470 0.000001 0.555569  0.000000 0.000000 1 0 1.000000
0  1.537480 9.178946 0.960122  -0.380179 -0.889343 -0.254032  0.000000 0.000000 1 0 1.000000
c_invasion_wrangler_laser
0  1.851672 9.781518 0.201594  -0.464932 0.877697 -0.116127  0.000000 0.000000 1 0 1.000000
0  1.731931 9.781518 0.596330  -0.422436 0.889343 -0.174975  0.000000 0.000000 1 0 1.000000
0  2.214053 9.480232 0.796032  0.923880 0.000000 0.382681  0.000000 0.000000 1 0 1.000000
c_invasion_wrangler_laser
0  1.851672 9.178946 0.201594  -0.463149 -0.878340 -0.118375  0.000000 0.000000 1 0 1.000000
0  1.731931 9.178946 0.596330  -0.422433 -0.889344 -0.174981  0.000000 0.000000 1 0 1.000000
0  1.731931 9.781518 0.596330  -0.422436 0.889343 -0.174975  0.000000 0.000000 1 0 1.000000
c_invasion_wrangler_laser
0  2.363490 9.480232 0.303401  0.973620 -0.001153 0.228174  0.000000 0.000000 1 0 1.000000
0  2.214053 9.480232 0.796032  0.923880 0.000000 0.382681  0.000000 0.000000 1 0 1.000000
0  1.731931 9.178946 0.596330  -0.422433 -0.889344 -0.174981  0.000000 0.000000 1 0 1.000000
c_invasion_wrangler_laser
0  1.892105 9.781518 0.000000  -0.412351 0.911025 0.000000  0.000000 0.000000 1 0 1.000000
0  1.851672 9.781518 0.201594  -0.464932 0.877697 -0.116127  0.000000 0.000000 1 0 1.000000
0  2.363490 9.480232 0.303401  0.973620 -0.001153 0.228174  0.000000 0.000000 1 0 1.000000
c_invasion_wrangler_laser
0  1.892105 9.178946 0.000000  -0.409343 -0.912381 0.000000  0.000000 0.000000 1 0 1.000000
0  1.851672 9.178946 0.201594  -0.463149 -0.878340 -0.118375  0.000000 0.000000 1 0 1.000000
0  1.851672 9.781518 0.201594  -0.464932 0.877697 -0.116127  0.000000 0.000000 1 0 1.000000
c_invasion_wrangler_laser
0  2.413950 9.480232 0.000000  0.999998 -0.001939 -0.000000  0.000000 0.000000 1 0 1.000000
0  2.363490 9.480232 0.303401  0.973620 -0.001153 0.228174  0.000000 0.000000 1 0 1.000000
0  1.851672 9.178946 0.201594  -0.463149 -0.878340 -0.118375  0.000000 0.000000 1 0 1.000000
c_invasion_wrangler_laser
0  2.413950 14.418124 0.000000  0.999998 -0.001939 0.000000  0.000000 0.000000 1 0 1.000000
0  2.363490 14.418124 0.303401  0.973619 -0.001153 0.228178  0.000000 0.000000 1 0 1.000000
0  1.851672 14.116838 0.201594  -0.463148 -0.878340 -0.118377  0.000000 0.000000 1 0 1.000000
c_invasion_wrangler_laser
0  1.892105 14.116838 0.000000  -0.409342 -0.912381 0.000000  0.000000 0.000000 1 0 1.000000
0  1.851672 14.116838 0.201594  -0.463148 -0.878340 -0.118377  0.000000 0.000000 1 0 1.000000
0  1.851672 14.719410 0.201594  -0.464932 0.877697 -0.116131  0.000000 0.000000 1 0 1.000000
c_invasion_wrangler_laser
0  1.892105 14.719410 0.000000  -0.412350 0.911025 0.000000  0.000000 0.000000 1 0 1.000000
0  1.851672 14.719410 0.201594  -0.464932 0.877697 -0.116131  0.000000 0.000000 1 0 1.000000
0  2.363490 14.418124 0.303401  0.973619 -0.001153 0.228178  0.000000 0.000000 1 0 1.000000
c_invasion_wrangler_laser
0  2.363490 14.418124 0.303401  0.973619 -0.001153 0.228178  0.000000 0.000000 1 0 1.000000
0  2.214053 14.418124 0.796032  0.923879 0.000001 0.382685  0.000000 0.000000 1 0 1.000000
0  1.731931 14.116838 0.596330  -0.422433 -0.889344 -0.174981  0.000000 0.000000 1 0 1.000000
c_invasion_wrangler_laser
0  1.851672 14.116838 0.201594  -0.463148 -0.878340 -0.118377  0.000000 0.000000 1 0 1.000000
0  1.731931 14.116838 0.596330  -0.422433 -0.889344 -0.174981  0.000000 0.000000 1 0 1.000000
0  1.731931 14.719410 0.596330  -0.422435 0.889343 -0.174977  0.000000 0.000000 1 0 1.000000
c_invasion_wrangler_laser
0  1.851672 14.719410 0.201594  -0.464932 0.877697 -0.116131  0.000000 0.000000 1 0 1.000000
0  1.731931 14.719410 0.596330  -0.422435 0.889343 -0.174977  0.000000 0.000000 1 0 1.000000
0  2.214053 14.418124 0.796032  0.923879 0.000001 0.382685  0.000000 0.000000 1 0 1.000000
c_invasion_wrangler_laser
0  2.214053 14.418124 0.796032  0.923879 0.000001 0.382685  0.000000 0.000000 1 0 1.000000
0  1.971379 14.418124 1.250043  0.831468 0.000001 0.555572  0.000000 0.000000 1 0 1.000000
0  1.537480 14.116838 0.960122  -0.380180 -0.889344 -0.254030  0.000000 0.000000 1 0 1.000000
c_invasion_wrangler_laser
0  1.731931 14.116838 0.596330  -0.422433 -0.889344 -0.174981  0.000000 0.000000 1 0 1.000000
0  1.537480 14.116838 0.960122  -0.380180 -0.889344 -0.254030  0.000000 0.000000 1 0 1.000000
0  1.537480 14.719410 0.960122  -0.380183 0.889343 -0.254029  0.000000 0.000000 1 0 1.000000
c_invasion_wrangler_laser
0  1.731931 14.719410 0.596330  -0.422435 0.889343 -0.174977  0.000000 0.000000 1 0 1.000000
0  1.537480 14.719410 0.960122  -0.380183 0.889343 -0.254029  0.000000 0.000000 1 0 1.000000
0  1.971379 14.418124 1.250043  0.831468 0.000001 0.555572  0.000000 0.000000 1 0 1.000000
c_invasion_wrangler_laser
0  1.971379 14.418124 1.250043  0.831468 0.000001 0.555572  0.000000 0.000000 1 0 1.000000
0  1.644794 14.418124 1.647988  0.707107 -0.000000 0.707107  0.000000 0.000000 1 0 1.000000
0  1.275794 14.116838 1.278987  -0.323315 -0.889343 -0.323320  0.000000 0.000000 1 0 1.000000
c_invasion_wrangler_laser
0  1.537480 14.116838 0.960122  -0.380180 -0.889344 -0.254030  0.000000 0.000000 1 0 1.000000
0  1.275794 14.116838 1.278987  -0.323315 -0.889343 -0.323320  0.000000 0.000000 1 0 1.000000
0  1.275794 14.719410 1.278987  -0.323317 0.889343 -0.323317  0.000000 0.000000 1 0 1.000000
c_invasion_wrangler_laser
0  1.537480 14.719410 0.960122  -0.380183 0.889343 -0.254029  0.000000 0.000000 1 0 1.000000
0  1.275794 14.719410 1.278987  -0.323317 0.889343 -0.323317  0.000000 0.000000 1 0 1.000000
0  1.644794 14.418124 1.647988  0.707107 -0.000000 0.707107  0.000000 0.000000 1 0 1.000000
c_invasion_wrangler_laser
0  1.644794 14.418124 1.647988  0.707107 -0.000000 0.707107  0.000000 0.000000 1 0 1.000000
0  1.246850 14.418124 1.974572  0.555571 -0.000001 0.831469  0.000000 0.000000 1 0 1.000000
0  0.956928 14.116838 1.540673  -0.254028 -0.889343 -0.380182  0.000000 0.000000 1 0 1.000000
c_invasion_wrangler_laser
0  1.275794 14.116838 1.278987  -0.323315 -0.889343 -0.323320  0.000000 0.000000 1 0 1.000000
0  0.956928 14.116838 1.540673  -0.254028 -0.889343 -0.380182  0.000000 0.000000 1 0 1.000000
0  0.956928 14.719413 1.540673  -0.254027 0.889345 -0.380179  0.000000 0.000000 1 0 1.000000
c_invasion_wrangler_laser
0  1.275794 14.719410 1.278987  -0.323317 0.889343 -0.323317  0.000000 0.000000 1 0 1.000000
0  0.956928 14.719413 1.540673  -0.254027 0.889345 -0.380179  0.000000 0.000000 1 0 1.000000
0  1.246850 14.418124 1.974572  0.555571 -0.000001 0.831469  0.000000 0.000000 1 0 1.000000
c_invasion_wrangler_laser
0  1.246850 14.418124 1.974572  0.555571 -0.000001 0.831469  0.000000 0.000000 1 0 1.000000
0  0.792840 14.418124 2.217246  0.382684 -0.000002 0.923879  0.000000 0.000000 1 0 1.000000
0  0.593138 14.116838 1.735124  -0.174977 -0.889344 -0.422433  0.000000 0.000000 1 0 1.000000
c_invasion_wrangler_laser
0  0.956928 14.116838 1.540673  -0.254028 -0.889343 -0.380182  0.000000 0.000000 1 0 1.000000
0  0.593138 14.116838 1.735124  -0.174977 -0.889344 -0.422433  0.000000 0.000000 1 0 1.000000
0  0.593138 14.719413 1.735124  -0.174980 0.889344 -0.422432  0.000000 0.000000 1 0 1.000000
c_invasion_wrangler_laser
0  0.956928 14.719413 1.540673  -0.254027 0.889345 -0.380179  0.000000 0.000000 1 0 1.000000
0  0.593138 14.719413 1.735124  -0.174980 0.889344 -0.422432  0.000000 0.000000 1 0 1.000000
0  0.792840 14.418124 2.217246  0.382684 -0.000002 0.923879  0.000000 0.000000 1 0 1.000000
c_invasion_wrangler_laser
0  0.792840 14.418124 2.217246  0.382684 -0.000002 0.923879  0.000000 0.000000 1 0 1.000000
0  0.300209 14.418124 2.366684  0.229044 0.001187 0.973415  0.000000 0.000000 1 0 1.000000
0  0.198402 14.116838 1.854865  -0.117014 -0.877338 -0.465387  0.000000 0.000000 1 0 1.000000
c_invasion_wrangler_laser
0  0.593138 14.116838 1.735124  -0.174977 -0.889344 -0.422433  0.000000 0.000000 1 0 1.000000
0  0.198402 14.116838 1.854865  -0.117014 -0.877338 -0.465387  0.000000 0.000000 1 0 1.000000
0  0.198402 14.719413 1.854865  -0.119325 0.878003 -0.463544  0.000000 0.000000 1 0 1.000000
c_invasion_wrangler_laser
0  0.593138 14.719413 1.735124  -0.174980 0.889344 -0.422432  0.000000 0.000000 1 0 1.000000
0  0.198402 14.719413 1.854865  -0.119325 0.878003 -0.463544  0.000000 0.000000 1 0 1.000000
0  0.300209 14.418124 2.366684  0.229044 0.001187 0.973415  0.000000 0.000000 1 0 1.000000
c_invasion_wrangler_laser
0  0.300209 14.418124 2.366684  0.229044 0.001187 0.973415  0.000000 0.000000 1 0 1.000000
0  0.000000 14.418124 2.417143  0.000000 0.001995 0.999998  0.000000 0.000000 1 0 1.000000
0  0.000000 14.116838 1.895298  0.000000 -0.911679 -0.410902  0.000000 0.000000 1 0 1.000000
c_invasion_wrangler_laser
0  0.198402 14.116838 1.854865  -0.117014 -0.877338 -0.465387  0.000000 0.000000 1 0 1.000000
0  0.000000 14.116838 1.895298  0.000000 -0.911679 -0.410902  0.000000 0.000000 1 0 1.000000
0  0.000000 14.719413 1.895298  -0.000000 0.913079 -0.407783  0.000000 0.000000 1 0 1.000000
c_invasion_wrangler_laser
0  0.198402 14.719413 1.854865  -0.119325 0.878003 -0.463544  0.000000 0.000000 1 0 1.000000
0  0.000000 14.719413 1.895298  -0.000000 0.913079 -0.407783  0.000000 0.000000 1 0 1.000000
0  0.000000 14.418124 2.417143  0.000000 0.001995 0.999998  0.000000 0.000000 1 0 1.000000
c_invasion_wrangler_laser
0  0.198402 8.547047 1.854865  -0.119324 0.878003 -0.463544  0.000000 0.000000 1 0 1.000000
0  0.000000 8.547047 1.895298  -0.000000 0.913079 -0.407784  0.000000 0.000000 1 0 1.000000
0  0.000000 8.245758 2.417143  0.000000 0.001997 0.999998  0.000000 0.000000 1 0 1.000000
c_invasion_wrangler_laser
0  0.198402 7.944472 1.854865  -0.117015 -0.877337 -0.465389  0.000000 0.000000 1 0 1.000000
0  0.000000 7.944472 1.895298  0.000000 -0.911678 -0.410904  0.000000 0.000000 1 0 1.000000
0  0.000000 8.547047 1.895298  -0.000000 0.913079 -0.407784  0.000000 0.000000 1 0 1.000000
c_invasion_wrangler_laser
0  0.300209 8.245758 2.366684  0.229044 0.001188 0.973415  0.000000 0.000000 1 0 1.000000
0  0.000000 8.245758 2.417143  0.000000 0.001997 0.999998  0.000000 0.000000 1 0 1.000000
0  0.000000 7.944472 1.895298  0.000000 -0.911678 -0.410904  0.000000 0.000000 1 0 1.000000
c_invasion_wrangler_laser
0  0.593138 8.547047 1.735124  -0.174980 0.889345 -0.422431  0.000000 0.000000 1 0 1.000000
0  0.198402 8.547047 1.854865  -0.119324 0.878003 -0.463544  0.000000 0.000000 1 0 1.000000
0  0.300209 8.245758 2.366684  0.229044 0.001188 0.973415  0.000000 0.000000 1 0 1.000000
c_invasion_wrangler_laser
0  0.593138 7.944472 1.735124  -0.174976 -0.889344 -0.422435  0.000000 0.000000 1 0 1.000000
0  0.198402 7.944472 1.854865  -0.117015 -0.877337 -0.465389  0.000000 0.000000 1 0 1.000000
0  0.198402 8.547047 1.854865  -0.119324 0.878003 -0.463544  0.000000 0.000000 1 0 1.000000
c_invasion_wrangler_laser
0  0.792840 8.245758 2.217246  0.382683 -0.000002 0.923880  0.000000 0.000000 1 0 1.000000
0  0.300209 8.245758 2.366684  0.229044 0.001188 0.973415  0.000000 0.000000 1 0 1.000000
0  0.198402 7.944472 1.854865  -0.117015 -0.877337 -0.465389  0.000000 0.000000 1 0 1.000000
c_invasion_wrangler_laser
0  0.956928 8.547047 1.540673  -0.254029 0.889344 -0.380179  0.000000 0.000000 1 0 1.000000
0  0.593138 8.547047 1.735124  -0.174980 0.889345 -0.422431  0.000000 0.000000 1 0 1.000000
0  0.792840 8.245758 2.217246  0.382683 -0.000002 0.923880  0.000000 0.000000 1 0 1.000000
c_invasion_wrangler_laser
0  0.956928 7.944472 1.540673  -0.254027 -0.889343 -0.380184  0.000000 0.000000 1 0 1.000000
0  0.593138 7.944472 1.735124  -0.174976 -0.889344 -0.422435  0.000000 0.000000 1 0 1.000000
0  0.593138 8.547047 1.735124  -0.174980 0.889345 -0.422431  0.000000 0.000000 1 0 1.000000
c_invasion_wrangler_laser
0  1.246850 8.245758 1.974572  0.555571 -0.000001 0.831469  0.000000 0.000000 1 0 1.000000
0  0.792840 8.245758 2.217246  0.382683 -0.000002 0.923880  0.000000 0.000000 1 0 1.000000
0  0.593138 7.944472 1.735124  -0.174976 -0.889344 -0.422435  0.000000 0.000000 1 0 1.000000
c_invasion_wrangler_laser
0  1.275794 8.547045 1.278987  -0.323318 0.889344 -0.323316  0.000000 0.000000 1 0 1.000000
0  0.956928 8.547047 1.540673  -0.254029 0.889344 -0.380179  0.000000 0.000000 1 0 1.000000
0  1.246850 8.245758 1.974572  0.555571 -0.000001 0.831469  0.000000 0.000000 1 0 1.000000
c_invasion_wrangler_laser
0  1.275794 7.944472 1.278987  -0.323315 -0.889343 -0.323320  0.000000 0.000000 1 0 1.000000
0  0.956928 7.944472 1.540673  -0.254027 -0.889343 -0.380184  0.000000 0.000000 1 0 1.000000
0  0.956928 8.547047 1.540673  -0.254029 0.889344 -0.380179  0.000000 0.000000 1 0 1.000000
c_invasion_wrangler_laser
0  1.644794 8.245758 1.647988  0.707106 -0.000000 0.707107  0.000000 0.000000 1 0 1.000000
0  1.246850 8.245758 1.974572  0.555571 -0.000001 0.831469  0.000000 0.000000 1 0 1.000000
0  0.956928 7.944472 1.540673  -0.254027 -0.889343 -0.380184  0.000000 0.000000 1 0 1.000000
c_invasion_wrangler_laser
0  1.537480 8.547045 0.960122  -0.380183 0.889343 -0.254026  0.000000 0.000000 1 0 1.000000
0  1.275794 8.547045 1.278987  -0.323318 0.889344 -0.323316  0.000000 0.000000 1 0 1.000000
0  1.644794 8.245758 1.647988  0.707106 -0.000000 0.707107  0.000000 0.000000 1 0 1.000000
c_invasion_wrangler_laser
0  1.537480 7.944472 0.960122  -0.380180 -0.889343 -0.254033  0.000000 0.000000 1 0 1.000000
0  1.275794 7.944472 1.278987  -0.323315 -0.889343 -0.323320  0.000000 0.000000 1 0 1.000000
0  1.275794 8.547045 1.278987  -0.323318 0.889344 -0.323316  0.000000 0.000000 1 0 1.000000
c_invasion_wrangler_laser
0  1.971379 8.245758 1.250043  0.831469 -0.000000 0.555571  0.000000 0.000000 1 0 1.000000
0  1.644794 8.245758 1.647988  0.707106 -0.000000 0.707107  0.000000 0.000000 1 0 1.000000
0  1.275794 7.944472 1.278987  -0.323315 -0.889343 -0.323320  0.000000 0.000000 1 0 1.000000
c_invasion_wrangler_laser
0  1.731931 8.547045 0.596330  -0.422435 0.889344 -0.174976  0.000000 0.000000 1 0 1.000000
0  1.537480 8.547045 0.960122  -0.380183 0.889343 -0.254026  0.000000 0.000000 1 0 1.000000
0  1.971379 8.245758 1.250043  0.831469 -0.000000 0.555571  0.000000 0.000000 1 0 1.000000
c_invasion_wrangler_laser
0  1.731931 7.944472 0.596330  -0.422433 -0.889344 -0.174980  0.000000 0.000000 1 0 1.000000
0  1.537480 7.944472 0.960122  -0.380180 -0.889343 -0.254033  0.000000 0.000000 1 0 1.000000
0  1.537480 8.547045 0.960122  -0.380183 0.889343 -0.254026  0.000000 0.000000 1 0 1.000000
c_invasion_wrangler_laser
0  2.214053 8.245758 0.796032  0.923879 -0.000000 0.382684  0.000000 0.000000 1 0 1.000000
0  1.971379 8.245758 1.250043  0.831469 -0.000000 0.555571  0.000000 0.000000 1 0 1.000000
0  1.537480 7.944472 0.960122  -0.380180 -0.889343 -0.254033  0.000000 0.000000 1 0 1.000000
c_invasion_wrangler_laser
0  1.851672 8.547045 0.201594  -0.464931 0.877698 -0.116130  0.000000 0.000000 1 0 1.000000
0  1.731931 8.547045 0.596330  -0.422435 0.889344 -0.174976  0.000000 0.000000 1 0 1.000000
0  2.214053 8.245758 0.796032  0.923879 -0.000000 0.382684  0.000000 0.000000 1 0 1.000000
c_invasion_wrangler_laser
0  1.851672 7.944472 0.201594  -0.463149 -0.878339 -0.118375  0.000000 0.000000 1 0 1.000000
0  1.731931 7.944472 0.596330  -0.422433 -0.889344 -0.174980  0.000000 0.000000 1 0 1.000000
0  1.731931 8.547045 0.596330  -0.422435 0.889344 -0.174976  0.000000 0.000000 1 0 1.000000
c_invasion_wrangler_laser
0  2.363490 8.245758 0.303401  0.973620 -0.001155 0.228172  0.000000 0.000000 1 0 1.000000
0  2.214053 8.245758 0.796032  0.923879 -0.000000 0.382684  0.000000 0.000000 1 0 1.000000
0  1.731931 7.944472 0.596330  -0.422433 -0.889344 -0.174980  0.000000 0.000000 1 0 1.000000
c_invasion_wrangler_laser
0  1.892105 8.547045 0.000000  -0.412349 0.911026 -0.000000  0.000000 0.000000 1 0 1.000000
0  1.851672 8.547045 0.201594  -0.464931 0.877698 -0.116130  0.000000 0.000000 1 0 1.000000
0  2.363490 8.245758 0.303401  0.973620 -0.001155 0.228172  0.000000 0.000000 1 0 1.000000
c_invasion_wrangler_laser
0  1.892105 7.944472 0.000000  -0.409343 -0.912381 0.000000  0.000000 0.000000 1 0 1.000000
0  1.851672 7.944472 0.201594  -0.463149 -0.878339 -0.118375  0.000000 0.000000 1 0 1.000000
0  1.851672 8.547045 0.201594  -0.464931 0.877698 -0.116130  0.000000 0.000000 1 0 1.000000
c_invasion_wrangler_laser
0  2.413950 8.245758 0.000000  0.999998 -0.001940 -0.000000  0.000000 0.000000 1 0 1.000000
0  2.363490 8.245758 0.303401  0.973620 -0.001155 0.228172  0.000000 0.000000 1 0 1.000000
0  1.851672 7.944472 0.201594  -0.463149 -0.878339 -0.118375  0.000000 0.000000 1 0 1.000000
c_invasion_wrangler_laser
0  7.197533 19.131565 0.398517  -0.522439 0.000002 0.852677  0.000000 0.000000 1 0 1.000000
0  7.106049 20.060417 0.398517  -0.521169 -0.103665 0.847134  0.000000 0.000000 1 0 1.000000
0  7.106049 20.060417 0.000000  -0.980785 -0.195093 0.000000  0.000000 0.000000 1 0 1.000000
c_invasion_wrangler_laser
0  8.137940 20.265675 0.000000  0.985546 0.169405 -0.000000  0.000000 0.000000 1 0 1.000000
0  7.807134 21.356197 0.000000  0.923879 0.382684 0.000000  0.000000 0.000000 1 0 1.000000
0  6.835113 20.953573 0.398517  -0.490909 -0.203341 0.847149  0.000000 0.000000 1 0 1.000000
c_invasion_wrangler_laser
0  7.106049 20.060417 0.398517  -0.521169 -0.103665 0.847134  0.000000 0.000000 1 0 1.000000
0  6.835113 20.953573 0.398517  -0.490909 -0.203341 0.847149  0.000000 0.000000 1 0 1.000000
0  6.835113 20.953573 0.000000  -0.923878 -0.382686 0.000000  0.000000 0.000000 1 0 1.000000
c_invasion_wrangler_laser
0  7.807134 21.356197 0.000000  0.923879 0.382684 0.000000  0.000000 0.000000 1 0 1.000000
0  7.269933 22.361233 0.000000  0.431822 0.901959 0.000000  0.000000 0.000000 1 0 1.000000
0  6.395136 21.776711 0.398517  -0.682033 0.241368 0.690342  0.000000 0.000000 1 0 1.000000
c_invasion_wrangler_laser
0  6.835113 20.953573 0.398517  -0.490909 -0.203341 0.847149  0.000000 0.000000 1 0 1.000000
0  6.395136 21.776711 0.398517  -0.682033 0.241368 0.690342  0.000000 0.000000 1 0 1.000000
0  6.395136 21.776711 0.000000  -0.970026 0.243000 0.000000  0.000000 0.000000 1 0 1.000000
c_invasion_wrangler_laser
0  2.436395 13.318319 0.000000  -0.510034 -0.860154 0.000000  0.000000 0.000000 1 0 1.000000
0  3.570500 13.430017 0.000000  0.195091 -0.980785 0.000000  0.000000 0.000000 1 0 1.000000
0  3.365245 14.461910 0.398517  -0.103662 0.521146 0.847149  0.000000 0.000000 1 0 1.000000
c_invasion_wrangler_laser
0  2.436395 14.370426 0.398517  -0.579632 0.432997 0.690319  0.000000 0.000000 1 0 1.000000
0  3.365245 14.461910 0.398517  -0.103662 0.521146 0.847149  0.000000 0.000000 1 0 1.000000
0  3.365245 14.461910 0.000000  -0.195093 0.980785 0.000000  0.000000 0.000000 1 0 1.000000
c_invasion_wrangler_laser
0  3.570500 13.430017 0.000000  0.195091 -0.980785 0.000000  0.000000 0.000000 1 0 1.000000
0  4.661029 13.760826 0.000000  0.382685 -0.923879 0.000000  0.000000 0.000000 1 0 1.000000
0  4.258405 14.732848 0.398517  -0.203341 0.490909 0.847149  0.000000 0.000000 1 0 1.000000
c_invasion_wrangler_laser
0  3.365245 14.461910 0.398517  -0.103662 0.521146 0.847149  0.000000 0.000000 1 0 1.000000
0  4.258405 14.732848 0.398517  -0.203341 0.490909 0.847149  0.000000 0.000000 1 0 1.000000
0  4.258405 14.732848 0.000000  -0.382686 0.923878 0.000000  0.000000 0.000000 1 0 1.000000
c_invasion_wrangler_laser
0  4.661029 13.760826 0.000000  0.382685 -0.923879 0.000000  0.000000 0.000000 1 0 1.000000
0  5.666060 14.298028 0.000000  0.555571 -0.831469 0.000000  0.000000 0.000000 1 0 1.000000
0  5.081541 15.172824 0.398517  -0.295205 0.441807 0.847149  0.000000 0.000000 1 0 1.000000
c_invasion_wrangler_laser
0  4.258405 14.732848 0.398517  -0.203341 0.490909 0.847149  0.000000 0.000000 1 0 1.000000
0  5.081541 15.172824 0.398517  -0.295205 0.441807 0.847149  0.000000 0.000000 1 0 1.000000
0  5.081541 15.172824 0.000000  -0.555572 0.831469 0.000000  0.000000 0.000000 1 0 1.000000
c_invasion_wrangler_laser
0  5.666060 14.298028 0.000000  0.555571 -0.831469 0.000000  0.000000 0.000000 1 0 1.000000
0  6.546979 15.020977 0.000000  0.707107 -0.707106 0.000000  0.000000 0.000000 1 0 1.000000
0  5.803026 15.764930 0.398517  -0.375724 0.375725 0.847149  0.000000 0.000000 1 0 1.000000
c_invasion_wrangler_laser
0  5.081541 15.172824 0.398517  -0.295205 0.441807 0.847149  0.000000 0.000000 1 0 1.000000
0  5.803026 15.764930 0.398517  -0.375724 0.375725 0.847149  0.000000 0.000000 1 0 1.000000
0  5.803026 15.764930 0.000000  -0.707108 0.707105 0.000000  0.000000 0.000000 1 0 1.000000
c_invasion_wrangler_laser
0  6.546979 15.020977 0.000000  0.707107 -0.707106 0.000000  0.000000 0.000000 1 0 1.000000
0  7.269933 15.901899 0.000000  0.831470 -0.555569 -0.000000  0.000000 0.000000 1 0 1.000000
0  6.395136 16.486420 0.398517  -0.441806 0.295206 0.847148  0.000000 0.000000 1 0 1.000000
c_invasion_wrangler_laser
0  5.803026 15.764930 0.398517  -0.375724 0.375725 0.847149  0.000000 0.000000 1 0 1.000000
0  6.395136 16.486420 0.398517  -0.441806 0.295206 0.847148  0.000000 0.000000 1 0 1.000000
0  6.395136 16.486420 0.000000  -0.831471 0.555568 0.000000  0.000000 0.000000 1 0 1.000000
c_invasion_wrangler_laser
0  7.269933 15.901899 0.000000  0.831470 -0.555569 -0.000000  0.000000 0.000000 1 0 1.000000
0  7.807133 16.906931 0.000000  0.923880 -0.382682 -0.000000  0.000000 0.000000 1 0 1.000000
0  6.835113 17.309555 0.398517  -0.490908 0.203342 0.847149  0.000000 0.000000 1 0 1.000000
c_invasion_wrangler_laser
0  6.395136 16.486420 0.398517  -0.441806 0.295206 0.847148  0.000000 0.000000 1 0 1.000000
0  6.835113 17.309555 0.398517  -0.490908 0.203342 0.847149  0.000000 0.000000 1 0 1.000000
0  6.835113 17.309555 0.000000  -0.923880 0.382681 0.000000  0.000000 0.000000 1 0 1.000000
c_invasion_wrangler_laser
0  7.807133 16.906931 0.000000  0.923880 -0.382682 -0.000000  0.000000 0.000000 1 0 1.000000
0  8.137941 17.997459 0.000000  0.985547 -0.169404 0.000000  0.000000 0.000000 1 0 1.000000
0  7.106049 18.202715 0.398517  -0.521146 0.103663 0.847148  0.000000 0.000000 1 0 1.000000
c_invasion_wrangler_laser
0  6.835113 17.309555 0.398517  -0.490908 0.203342 0.847149  0.000000 0.000000 1 0 1.000000
0  7.106049 18.202715 0.398517  -0.521146 0.103663 0.847148  0.000000 0.000000 1 0 1.000000
0  7.106049 18.202715 0.000000  -0.980786 0.195088 0.000000  0.000000 0.000000 1 0 1.000000
c_invasion_wrangler_laser
0  7.106049 18.202715 0.398517  -0.521146 0.103663 0.847148  0.000000 0.000000 1 0 1.000000
0  7.197533 19.131565 0.398517  -0.522439 0.000002 0.852677  0.000000 0.000000 1 0 1.000000
0  7.197533 19.131565 0.000000  -1.000000 -0.000002 0.000000  0.000000 0.000000 1 0 1.000000
c_invasion_wrangler_laser
0  7.269933 15.901899 0.000000  0.831470 -0.555569 -0.000000  0.000000 0.000000 1 0 1.000000
0  6.835113 17.309555 0.398517  -0.490908 0.203342 0.847149  0.000000 0.000000 1 0 1.000000
0  6.395136 16.486420 0.398517  -0.441806 0.295206 0.847148  0.000000 0.000000 1 0 1.000000
c_invasion_wrangler_laser
0  7.106049 18.202715 0.398517  -0.521146 0.103663 0.847148  0.000000 0.000000 1 0 1.000000
0  7.197533 19.131565 0.000000  -1.000000 -0.000002 0.000000  0.000000 0.000000 1 0 1.000000
0  7.106049 18.202715 0.000000  -0.980786 0.195088 0.000000  0.000000 0.000000 1 0 1.000000
c_invasion_wrangler_laser
0  7.807133 16.906931 0.000000  0.923880 -0.382682 -0.000000  0.000000 0.000000 1 0 1.000000
0  7.106049 18.202715 0.398517  -0.521146 0.103663 0.847148  0.000000 0.000000 1 0 1.000000
0  6.835113 17.309555 0.398517  -0.490908 0.203342 0.847149  0.000000 0.000000 1 0 1.000000
c_invasion_wrangler_laser
0  2.436395 14.370426 0.398517  -0.579632 0.432997 0.690319  0.000000 0.000000 1 0 1.000000
0  3.365245 14.461910 0.000000  -0.195093 0.980785 0.000000  0.000000 0.000000 1 0 1.000000
0  2.436395 14.370426 0.000000  -0.740951 0.671559 0.000000  0.000000 0.000000 1 0 1.000000
c_invasion_wrangler_laser
0  6.395136 21.776711 0.398517  -0.682033 0.241368 0.690342  0.000000 0.000000 1 0 1.000000
0  7.269933 22.361233 0.000000  0.431822 0.901959 0.000000  0.000000 0.000000 1 0 1.000000
0  6.395136 21.776711 0.000000  -0.970026 0.243000 0.000000  0.000000 0.000000 1 0 1.000000
c_invasion_wrangler_laser
0  4.661029 13.760826 0.000000  0.382685 -0.923879 0.000000  0.000000 0.000000 1 0 1.000000
0  5.081541 15.172824 0.398517  -0.295205 0.441807 0.847149  0.000000 0.000000 1 0 1.000000
0  4.258405 14.732848 0.398517  -0.203341 0.490909 0.847148  0.000000 0.000000 1 0 1.000000
c_invasion_wrangler_laser
0  6.395136 16.486420 0.398517  -0.441806 0.295206 0.847148  0.000000 0.000000 1 0 1.000000
0  6.835113 17.309555 0.000000  -0.923880 0.382682 0.000000  0.000000 0.000000 1 0 1.000000
0  6.395136 16.486420 0.000000  -0.831471 0.555568 0.000000  0.000000 0.000000 1 0 1.000000
c_invasion_wrangler_laser
0  5.666060 14.298028 0.000000  0.555571 -0.831469 0.000000  0.000000 0.000000 1 0 1.000000
0  5.803026 15.764930 0.398517  -0.375724 0.375725 0.847149  0.000000 0.000000 1 0 1.000000
0  5.081541 15.172824 0.398517  -0.295205 0.441807 0.847149  0.000000 0.000000 1 0 1.000000
c_invasion_wrangler_laser
0  7.197533 19.131565 0.398517  -0.522439 0.000002 0.852677  0.000000 0.000000 1 0 1.000000
0  8.137940 20.265675 0.000000  0.985546 0.169405 -0.000000  0.000000 0.000000 1 0 1.000000
0  7.106049 20.060417 0.398517  -0.521169 -0.103665 0.847134  0.000000 0.000000 1 0 1.000000
c_invasion_wrangler_laser
0  8.137941 17.997459 0.000000  0.985547 -0.169404 0.000000  0.000000 0.000000 1 0 1.000000
0  7.197533 19.131565 0.398517  -0.522439 0.000002 0.852677  0.000000 0.000000 1 0 1.000000
0  7.106049 18.202715 0.398517  -0.521146 0.103663 0.847148  0.000000 0.000000 1 0 1.000000
c_invasion_wrangler_laser
0  7.807134 21.356197 0.000000  0.923879 0.382684 0.000000  0.000000 0.000000 1 0 1.000000
0  6.395136 21.776711 0.398517  -0.682033 0.241368 0.690342  0.000000 0.000000 1 0 1.000000
0  6.835113 20.953573 0.398517  -0.490909 -0.203341 0.847149  0.000000 0.000000 1 0 1.000000
c_invasion_wrangler_laser
0  3.570500 13.430017 0.000000  0.195091 -0.980785 0.000000  0.000000 0.000000 1 0 1.000000
0  4.258405 14.732848 0.398517  -0.203341 0.490909 0.847148  0.000000 0.000000 1 0 1.000000
0  3.365245 14.461910 0.398517  -0.103662 0.521146 0.847149  0.000000 0.000000 1 0 1.000000
c_invasion_wrangler_laser
0  4.258405 14.732848 0.398517  -0.203341 0.490909 0.847148  0.000000 0.000000 1 0 1.000000
0  5.081541 15.172824 0.000000  -0.555572 0.831469 0.000000  0.000000 0.000000 1 0 1.000000
0  4.258405 14.732848 0.000000  -0.382686 0.923878 0.000000  0.000000 0.000000 1 0 1.000000
c_invasion_wrangler_laser
0  7.197533 19.131565 0.398517  -0.522439 0.000002 0.852677  0.000000 0.000000 1 0 1.000000
0  8.137941 17.997459 0.000000  0.985547 -0.169404 0.000000  0.000000 0.000000 1 0 1.000000
0  8.137940 20.265675 0.000000  0.985546 0.169405 -0.000000  0.000000 0.000000 1 0 1.000000
gold_player
0  3.812725 16.480772 -0.000567  1.000000 0.000000 0.000000  0.000000 0.000000 1 0 1.000000
0  3.812725 19.937542 -0.000567  1.000000 0.000000 0.000000  0.000000 0.000000 1 0 1.000000
0  3.812725 18.209158 1.496259  1.000000 0.000000 0.000000  0.000000 0.000000 1 0 1.000000
c_invasion_wrangler_laser
0  2.102728 16.480772 3.641458  0.000000 1.000000 0.000000  0.672371 0.193178 1 0 1.000000
0  2.102728 19.937542 3.641458  0.000036 -1.000000 -0.000021  0.511750 0.000000 1 0 1.000000
0  0.806439 18.209158 4.389869  0.866026 0.000116 -0.499999  0.672371 0.026095 1 0 1.000000
c_invasion_wrangler_laser
0  8.137940 20.265675 0.000000  0.985546 0.169405 -0.000000  0.000000 0.000000 1 0 1.000000
0  7.807134 21.356197 0.000000  0.923879 0.382684 0.000000  0.000000 0.000000 1 0 1.000000
0  6.835113 20.953573 0.398517  -0.490909 -0.203341 0.847149  0.000000 0.000000 1 0 1.000000
c_invasion_wrangler_laser
0  7.106049 20.060417 0.398517  -0.521169 -0.103665 0.847134  0.000000 0.000000 1 0 1.000000
0  6.835113 20.953573 0.398517  -0.490909 -0.203341 0.847149  0.000000 0.000000 1 0 1.000000
0  6.835113 20.953573 0.000000  -0.923878 -0.382686 0.000000  0.000000 0.000000 1 0 1.000000
c_invasion_wrangler_laser
0  7.807134 21.356197 0.000000  0.923879 0.382684 0.000000  0.000000 0.000000 1 0 1.000000
0  7.269933 22.361233 0.000000  0.431822 0.901959 0.000000  0.000000 0.000000 1 0 1.000000
0  6.395136 21.776711 0.398517  -0.682033 0.241368 0.690342  0.000000 0.000000 1 0 1.000000
c_invasion_wrangler_laser
0  6.835113 20.953573 0.398517  -0.490909 -0.203341 0.847149  0.000000 0.000000 1 0 1.000000
0  6.395136 21.776711 0.398517  -0.682033 0.241368 0.690342  0.000000 0.000000 1 0 1.000000
0  6.395136 21.776711 0.000000  -0.970026 0.243000 0.000000  0.000000 0.000000 1 0 1.000000
c_invasion_wrangler_laser
0  2.436395 13.318319 0.000000  -0.510034 -0.860154 0.000000  0.000000 0.000000 1 0 1.000000
0  3.570500 13.430017 0.000000  0.195091 -0.980785 0.000000  0.000000 0.000000 1 0 1.000000
0  3.365245 14.461910 0.398517  -0.103662 0.521146 0.847149  0.000000 0.000000 1 0 1.000000
c_invasion_wrangler_laser
0  2.436395 14.370426 0.398517  -0.579632 0.432997 0.690319  0.000000 0.000000 1 0 1.000000
0  3.365245 14.461910 0.398517  -0.103662 0.521146 0.847149  0.000000 0.000000 1 0 1.000000
0  3.365245 14.461910 0.000000  -0.195093 0.980785 0.000000  0.000000 0.000000 1 0 1.000000
c_invasion_wrangler_laser
0  3.570500 13.430017 0.000000  0.195091 -0.980785 0.000000  0.000000 0.000000 1 0 1.000000
0  4.661029 13.760826 0.000000  0.382685 -0.923879 0.000000  0.000000 0.000000 1 0 1.000000
0  4.258405 14.732848 0.398517  -0.203341 0.490909 0.847148  0.000000 0.000000 1 0 1.000000
c_invasion_wrangler_laser
0  3.365245 14.461910 0.398517  -0.103662 0.521146 0.847149  0.000000 0.000000 1 0 1.000000
0  4.258405 14.732848 0.398517  -0.203341 0.490909 0.847148  0.000000 0.000000 1 0 1.000000
0  4.258405 14.732848 0.000000  -0.382686 0.923878 0.000000  0.000000 0.000000 1 0 1.000000
c_invasion_wrangler_laser
0  4.661029 13.760826 0.000000  0.382685 -0.923879 0.000000  0.000000 0.000000 1 0 1.000000
0  5.666060 14.298028 0.000000  0.555571 -0.831469 0.000000  0.000000 0.000000 1 0 1.000000
0  5.081541 15.172824 0.398517  -0.295205 0.441807 0.847149  0.000000 0.000000 1 0 1.000000
c_invasion_wrangler_laser
0  4.258405 14.732848 0.398517  -0.203341 0.490909 0.847148  0.000000 0.000000 1 0 1.000000
0  5.081541 15.172824 0.398517  -0.295205 0.441807 0.847149  0.000000 0.000000 1 0 1.000000
0  5.081541 15.172824 0.000000  -0.555572 0.831469 0.000000  0.000000 0.000000 1 0 1.000000
c_invasion_wrangler_laser
0  5.666060 14.298028 0.000000  0.555571 -0.831469 0.000000  0.000000 0.000000 1 0 1.000000
0  6.546979 15.020977 0.000000  0.707107 -0.707106 0.000000  0.000000 0.000000 1 0 1.000000
0  5.803026 15.764930 0.398517  -0.375724 0.375725 0.847149  0.000000 0.000000 1 0 1.000000
c_invasion_wrangler_laser
0  5.081541 15.172824 0.398517  -0.295205 0.441807 0.847149  0.000000 0.000000 1 0 1.000000
0  5.803026 15.764930 0.398517  -0.375724 0.375725 0.847149  0.000000 0.000000 1 0 1.000000
0  5.803026 15.764930 0.000000  -0.707108 0.707105 0.000000  0.000000 0.000000 1 0 1.000000
c_invasion_wrangler_laser
0  6.546979 15.020977 0.000000  0.707107 -0.707106 0.000000  0.000000 0.000000 1 0 1.000000
0  7.269933 15.901899 0.000000  0.831470 -0.555569 -0.000000  0.000000 0.000000 1 0 1.000000
0  6.395136 16.486420 0.398517  -0.441806 0.295206 0.847148  0.000000 0.000000 1 0 1.000000
c_invasion_wrangler_laser
0  5.803026 15.764930 0.398517  -0.375724 0.375725 0.847149  0.000000 0.000000 1 0 1.000000
0  6.395136 16.486420 0.398517  -0.441806 0.295206 0.847148  0.000000 0.000000 1 0 1.000000
0  6.395136 16.486420 0.000000  -0.831471 0.555568 0.000000  0.000000 0.000000 1 0 1.000000
c_invasion_wrangler_laser
0  7.269933 15.901899 0.000000  0.831470 -0.555569 -0.000000  0.000000 0.000000 1 0 1.000000
0  7.807133 16.906931 0.000000  0.923880 -0.382682 -0.000000  0.000000 0.000000 1 0 1.000000
0  6.835113 17.309555 0.398517  -0.490908 0.203342 0.847149  0.000000 0.000000 1 0 1.000000
c_invasion_wrangler_laser
0  6.395136 16.486420 0.398517  -0.441806 0.295206 0.847148  0.000000 0.000000 1 0 1.000000
0  6.835113 17.309555 0.398517  -0.490908 0.203342 0.847149  0.000000 0.000000 1 0 1.000000
0  6.835113 17.309555 0.000000  -0.923880 0.382682 0.000000  0.000000 0.000000 1 0 1.000000
c_invasion_wrangler_laser
0  7.807133 16.906931 0.000000  0.923880 -0.382682 -0.000000  0.000000 0.000000 1 0 1.000000
0  8.137941 17.997459 0.000000  0.985547 -0.169404 0.000000  0.000000 0.000000 1 0 1.000000
0  7.106049 18.202715 0.398517  -0.521146 0.103663 0.847148  0.000000 0.000000 1 0 1.000000
c_invasion_wrangler_laser
0  6.835113 17.309555 0.398517  -0.490908 0.203342 0.847149  0.000000 0.000000 1 0 1.000000
0  7.106049 18.202715 0.398517  -0.521146 0.103663 0.847148  0.000000 0.000000 1 0 1.000000
0  7.106049 18.202715 0.000000  -0.980786 0.195088 0.000000  0.000000 0.000000 1 0 1.000000
c_invasion_wrangler_laser
0  7.106049 18.202715 0.398517  -0.521146 0.103663 0.847148  0.000000 0.000000 1 0 1.000000
0  7.197533 19.131565 0.398517  -0.522439 0.000002 0.852677  0.000000 0.000000 1 0 1.000000
0  7.197533 19.131565 0.000000  -1.000000 -0.000002 0.000000  0.000000 0.000000 1 0 1.000000
c_invasion_wrangler_laser
0  7.197533 19.131565 0.398517  -0.522439 0.000002 0.852677  0.000000 0.000000 1 0 1.000000
0  8.137940 20.265675 0.000000  0.985546 0.169405 -0.000000  0.000000 0.000000 1 0 1.000000
0  7.106049 20.060417 0.398517  -0.521169 -0.103665 0.847134  0.000000 0.000000 1 0 1.000000
c_invasion_wrangler_laser
0  7.197533 19.131565 0.398517  -0.522439 0.000002 0.852677  0.000000 0.000000 1 0 1.000000
0  8.137941 17.997459 0.000000  0.985547 -0.169404 0.000000  0.000000 0.000000 1 0 1.000000
0  8.137940 20.265675 0.000000  0.985546 0.169405 -0.000000  0.000000 0.000000 1 0 1.000000
c_invasion_wrangler_laser
0  0.000000 15.020952 6.546975  0.000000 -0.707107 0.707107  0.000000 0.000000 1 0 1.000000
0  -0.398516 16.486395 6.395132  -0.847148 0.295207 -0.441807  0.000000 0.000000 1 0 1.000000
0  -0.398516 15.764905 5.803022  -0.847149 0.375726 -0.375725  0.000000 0.000000 1 0 1.000000
c_invasion_wrangler_laser
0  -0.398516 14.370402 2.436390  -0.690319 0.432999 -0.579631  0.000000 0.000000 1 0 1.000000
0  0.000000 14.370402 2.436390  0.000000 0.671560 -0.740951  0.000000 0.000000 1 0 1.000000
0  0.000000 13.318295 2.436390  0.000000 -0.860154 -0.510034  0.000000 0.000000 1 0 1.000000
c_invasion_wrangler_laser
0  -0.398516 17.309530 6.835108  -0.847149 0.203342 -0.490908  0.000000 0.000000 1 0 1.000000
0  0.000000 18.202690 7.106045  0.000000 0.195088 -0.980786  0.000000 0.000000 1 0 1.000000
0  0.000000 17.309530 6.835108  0.000000 0.382681 -0.923880  0.000000 0.000000 1 0 1.000000
c_invasion_wrangler_laser
0  0.000000 13.318295 2.436390  0.000000 -0.860154 -0.510034  0.000000 0.000000 1 0 1.000000
0  -0.398516 14.461885 3.365240  -0.847149 0.521146 -0.103662  0.000000 0.000000 1 0 1.000000
0  -0.398516 14.370402 2.436390  -0.690319 0.432999 -0.579631  0.000000 0.000000 1 0 1.000000
c_invasion_wrangler_laser
0  -0.398516 20.060392 7.106045  -0.847134 -0.103665 -0.521169  0.000000 0.000000 1 0 1.000000
0  0.000000 20.953548 6.835109  0.000000 -0.382686 -0.923878  0.000000 0.000000 1 0 1.000000
0  0.000000 20.060392 7.106045  0.000000 -0.195093 -0.980785  0.000000 0.000000 1 0 1.000000
c_invasion_wrangler_laser
0  -0.398516 19.131540 7.197529  -0.852676 0.000002 -0.522440  0.000000 0.000000 1 0 1.000000
0  0.000000 20.060392 7.106045  0.000000 -0.195093 -0.980785  0.000000 0.000000 1 0 1.000000
0  0.000000 19.131540 7.197529  0.000000 -0.000002 -1.000000  0.000000 0.000000 1 0 1.000000
c_invasion_wrangler_laser
0  -0.398516 15.764905 5.803022  -0.847149 0.375726 -0.375725  0.000000 0.000000 1 0 1.000000
0  0.000000 16.486395 6.395132  0.000000 0.555569 -0.831471  0.000000 0.000000 1 0 1.000000
0  0.000000 15.764905 5.803022  0.000000 0.707105 -0.707108  0.000000 0.000000 1 0 1.000000
c_invasion_wrangler_laser
0  -0.398516 19.131540 7.197529  -0.852676 0.000002 -0.522440  0.000000 0.000000 1 0 1.000000
0  -0.398516 20.060392 7.106045  -0.847134 -0.103665 -0.521169  0.000000 0.000000 1 0 1.000000
0  0.000000 20.060392 7.106045  0.000000 -0.195093 -0.980785  0.000000 0.000000 1 0 1.000000
c_invasion_wrangler_laser
0  -0.398516 15.172799 5.081537  -0.847148 0.441808 -0.295204  0.000000 0.000000 1 0 1.000000
0  0.000000 15.764905 5.803022  0.000000 0.707105 -0.707108  0.000000 0.000000 1 0 1.000000
0  0.000000 15.172799 5.081537  0.000000 0.831469 -0.555571  0.000000 0.000000 1 0 1.000000
c_invasion_wrangler_laser
0  0.000000 20.265650 8.137937  0.000000 0.169405 0.985547  0.000000 0.000000 1 0 1.000000
0  -0.398516 20.953548 6.835109  -0.847148 -0.203340 -0.490910  0.000000 0.000000 1 0 1.000000
0  -0.398516 20.060392 7.106045  -0.847134 -0.103665 -0.521169  0.000000 0.000000 1 0 1.000000
c_invasion_wrangler_laser
0  -0.398516 20.953548 6.835109  -0.847148 -0.203340 -0.490910  0.000000 0.000000 1 0 1.000000
0  0.000000 21.776686 6.395132  0.000000 0.242999 -0.970027  0.000000 0.000000 1 0 1.000000
0  0.000000 20.953548 6.835109  0.000000 -0.382686 -0.923878  0.000000 0.000000 1 0 1.000000
c_invasion_wrangler_laser
0  -0.398516 14.461885 3.365240  -0.847149 0.521146 -0.103662  0.000000 0.000000 1 0 1.000000
0  0.000000 14.732824 4.258400  0.000000 0.923878 -0.382687  0.000000 0.000000 1 0 1.000000
0  0.000000 14.461885 3.365240  0.000000 0.980785 -0.195093  0.000000 0.000000 1 0 1.000000
c_invasion_wrangler_laser
0  0.000000 15.901875 7.269928  0.000000 -0.555569 0.831470  0.000000 0.000000 1 0 1.000000
0  -0.398516 17.309530 6.835108  -0.847149 0.203342 -0.490908  0.000000 0.000000 1 0 1.000000
0  -0.398516 16.486395 6.395132  -0.847148 0.295207 -0.441807  0.000000 0.000000 1 0 1.000000
c_invasion_wrangler_laser
0  -0.398516 18.202690 7.106045  -0.847148 0.103663 -0.521147  0.000000 0.000000 1 0 1.000000
0  0.000000 19.131540 7.197529  0.000000 -0.000002 -1.000000  0.000000 0.000000 1 0 1.000000
0  0.000000 18.202690 7.106045  0.000000 0.195088 -0.980786  0.000000 0.000000 1 0 1.000000
c_invasion_wrangler_laser
0  0.000000 16.906906 7.807128  0.000000 -0.382682 0.923880  0.000000 0.000000 1 0 1.000000
0  -0.398516 18.202690 7.106045  -0.847148 0.103663 -0.521147  0.000000 0.000000 1 0 1.000000
0  -0.398516 17.309530 6.835108  -0.847149 0.203342 -0.490908  0.000000 0.000000 1 0 1.000000
c_invasion_wrangler_laser
0  -0.398516 14.370402 2.436390  -0.690319 0.432999 -0.579631  0.000000 0.000000 1 0 1.000000
0  0.000000 14.461885 3.365240  0.000000 0.980785 -0.195093  0.000000 0.000000 1 0 1.000000
0  0.000000 14.370402 2.436390  0.000000 0.671560 -0.740951  0.000000 0.000000 1 0 1.000000
c_invasion_wrangler_laser
0  -0.398516 21.776686 6.395132  -0.690341 0.241368 -0.682034  0.000000 0.000000 1 0 1.000000
0  0.000000 22.361208 7.269929  0.000000 0.901958 0.431825  0.000000 0.000000 1 0 1.000000
0  0.000000 21.776686 6.395132  0.000000 0.242999 -0.970027  0.000000 0.000000 1 0 1.000000
c_invasion_wrangler_laser
0  0.000000 13.760801 4.661024  -0.000000 -0.923879 0.382685  0.000000 0.000000 1 0 1.000000
0  -0.398516 15.172799 5.081537  -0.847148 0.441808 -0.295204  0.000000 0.000000 1 0 1.000000
0  -0.398516 14.732824 4.258400  -0.847148 0.490910 -0.203341  0.000000 0.000000 1 0 1.000000
c_invasion_wrangler_laser
0  -0.398516 16.486395 6.395132  -0.847148 0.295207 -0.441807  0.000000 0.000000 1 0 1.000000
0  0.000000 17.309530 6.835108  0.000000 0.382681 -0.923880  0.000000 0.000000 1 0 1.000000
0  0.000000 16.486395 6.395132  0.000000 0.555569 -0.831471  0.000000 0.000000 1 0 1.000000
c_invasion_wrangler_laser
0  0.000000 14.298003 5.666056  -0.000000 -0.831469 0.555571  0.000000 0.000000 1 0 1.000000
0  -0.398516 15.764905 5.803022  -0.847149 0.375726 -0.375725  0.000000 0.000000 1 0 1.000000
0  -0.398516 15.172799 5.081537  -0.847148 0.441808 -0.295204  0.000000 0.000000 1 0 1.000000
c_invasion_wrangler_laser
0  0.000000 17.997435 8.137938  0.000000 -0.169403 0.985547  0.000000 0.000000 1 0 1.000000
0  -0.398516 19.131540 7.197529  -0.852676 0.000002 -0.522440  0.000000 0.000000 1 0 1.000000
0  -0.398516 18.202690 7.106045  -0.847148 0.103663 -0.521147  0.000000 0.000000 1 0 1.000000
c_invasion_wrangler_laser
0  0.000000 21.356173 7.807130  -0.000000 0.382684 0.923879  0.000000 0.000000 1 0 1.000000
0  -0.398516 21.776686 6.395132  -0.690341 0.241368 -0.682034  0.000000 0.000000 1 0 1.000000
0  -0.398516 20.953548 6.835109  -0.847148 -0.203340 -0.490910  0.000000 0.000000 1 0 1.000000
c_invasion_wrangler_laser
0  0.000000 13.429993 3.570495  0.000000 -0.980785 0.195090  0.000000 0.000000 1 0 1.000000
0  -0.398516 14.732824 4.258400  -0.847148 0.490910 -0.203341  0.000000 0.000000 1 0 1.000000
0  -0.398516 14.461885 3.365240  -0.847149 0.521146 -0.103662  0.000000 0.000000 1 0 1.000000
c_invasion_wrangler_laser
0  -0.398516 14.732824 4.258400  -0.847148 0.490910 -0.203341  0.000000 0.000000 1 0 1.000000
0  0.000000 15.172799 5.081537  0.000000 0.831469 -0.555571  0.000000 0.000000 1 0 1.000000
0  0.000000 14.732824 4.258400  0.000000 0.923878 -0.382687  0.000000 0.000000 1 0 1.000000
c_invasion_wrangler_laser
0  0.000000 20.265650 8.137937  0.000000 0.169405 0.985547  0.000000 0.000000 1 0 1.000000
0  0.000000 21.356173 7.807130  -0.000000 0.382684 0.923879  0.000000 0.000000 1 0 1.000000
0  -0.398516 20.953548 6.835109  -0.847148 -0.203340 -0.490910  0.000000 0.000000 1 0 1.000000
c_invasion_wrangler_laser
0  -0.398516 20.060392 7.106045  -0.847134 -0.103665 -0.521169  0.000000 0.000000 1 0 1.000000
0  -0.398516 20.953548 6.835109  -0.847148 -0.203340 -0.490910  0.000000 0.000000 1 0 1.000000
0  0.000000 20.953548 6.835109  0.000000 -0.382686 -0.923878  0.000000 0.000000 1 0 1.000000
c_invasion_wrangler_laser
0  0.000000 21.356173 7.807130  -0.000000 0.382684 0.923879  0.000000 0.000000 1 0 1.000000
0  0.000000 22.361208 7.269929  0.000000 0.901958 0.431825  0.000000 0.000000 1 0 1.000000
0  -0.398516 21.776686 6.395132  -0.690341 0.241368 -0.682034  0.000000 0.000000 1 0 1.000000
c_invasion_wrangler_laser
0  -0.398516 20.953548 6.835109  -0.847148 -0.203340 -0.490910  0.000000 0.000000 1 0 1.000000
0  -0.398516 21.776686 6.395132  -0.690341 0.241368 -0.682034  0.000000 0.000000 1 0 1.000000
0  0.000000 21.776686 6.395132  0.000000 0.242999 -0.970027  0.000000 0.000000 1 0 1.000000
c_invasion_wrangler_laser
0  0.000000 13.318295 2.436390  0.000000 -0.860154 -0.510034  0.000000 0.000000 1 0 1.000000
0  0.000000 13.429993 3.570495  0.000000 -0.980785 0.195090  0.000000 0.000000 1 0 1.000000
0  -0.398516 14.461885 3.365240  -0.847149 0.521146 -0.103662  0.000000 0.000000 1 0 1.000000
c_invasion_wrangler_laser
0  -0.398516 14.370402 2.436390  -0.690319 0.432999 -0.579631  0.000000 0.000000 1 0 1.000000
0  -0.398516 14.461885 3.365240  -0.847149 0.521146 -0.103662  0.000000 0.000000 1 0 1.000000
0  0.000000 14.461885 3.365240  0.000000 0.980785 -0.195093  0.000000 0.000000 1 0 1.000000
c_invasion_wrangler_laser
0  0.000000 13.429993 3.570495  0.000000 -0.980785 0.195090  0.000000 0.000000 1 0 1.000000
0  0.000000 13.760801 4.661024  -0.000000 -0.923879 0.382685  0.000000 0.000000 1 0 1.000000
0  -0.398516 14.732824 4.258400  -0.847148 0.490910 -0.203341  0.000000 0.000000 1 0 1.000000
c_invasion_wrangler_laser
0  -0.398516 14.461885 3.365240  -0.847149 0.521146 -0.103662  0.000000 0.000000 1 0 1.000000
0  -0.398516 14.732824 4.258400  -0.847148 0.490910 -0.203341  0.000000 0.000000 1 0 1.000000
0  0.000000 14.732824 4.258400  0.000000 0.923878 -0.382687  0.000000 0.000000 1 0 1.000000
c_invasion_wrangler_laser
0  0.000000 13.760801 4.661024  -0.000000 -0.923879 0.382685  0.000000 0.000000 1 0 1.000000
0  0.000000 14.298003 5.666056  -0.000000 -0.831469 0.555571  0.000000 0.000000 1 0 1.000000
0  -0.398516 15.172799 5.081537  -0.847148 0.441808 -0.295204  0.000000 0.000000 1 0 1.000000
c_invasion_wrangler_laser
0  -0.398516 14.732824 4.258400  -0.847148 0.490910 -0.203341  0.000000 0.000000 1 0 1.000000
0  -0.398516 15.172799 5.081537  -0.847148 0.441808 -0.295204  0.000000 0.000000 1 0 1.000000
0  0.000000 15.172799 5.081537  0.000000 0.831469 -0.555571  0.000000 0.000000 1 0 1.000000
c_invasion_wrangler_laser
0  0.000000 14.298003 5.666056  -0.000000 -0.831469 0.555571  0.000000 0.000000 1 0 1.000000
0  0.000000 15.020952 6.546975  0.000000 -0.707107 0.707107  0.000000 0.000000 1 0 1.000000
0  -0.398516 15.764905 5.803022  -0.847149 0.375726 -0.375725  0.000000 0.000000 1 0 1.000000
c_invasion_wrangler_laser
0  -0.398516 15.172799 5.081537  -0.847148 0.441808 -0.295204  0.000000 0.000000 1 0 1.000000
0  -0.398516 15.764905 5.803022  -0.847149 0.375726 -0.375725  0.000000 0.000000 1 0 1.000000
0  0.000000 15.764905 5.803022  0.000000 0.707105 -0.707108  0.000000 0.000000 1 0 1.000000
c_invasion_wrangler_laser
0  0.000000 15.020952 6.546975  0.000000 -0.707107 0.707107  0.000000 0.000000 1 0 1.000000
0  0.000000 15.901875 7.269928  0.000000 -0.555569 0.831470  0.000000 0.000000 1 0 1.000000
0  -0.398516 16.486395 6.395132  -0.847148 0.295207 -0.441807  0.000000 0.000000 1 0 1.000000
c_invasion_wrangler_laser
0  -0.398516 15.764905 5.803022  -0.847149 0.375726 -0.375725  0.000000 0.000000 1 0 1.000000
0  -0.398516 16.486395 6.395132  -0.847148 0.295207 -0.441807  0.000000 0.000000 1 0 1.000000
0  0.000000 16.486395 6.395132  0.000000 0.555569 -0.831471  0.000000 0.000000 1 0 1.000000
c_invasion_wrangler_laser
0  0.000000 15.901875 7.269928  0.000000 -0.555569 0.831470  0.000000 0.000000 1 0 1.000000
0  0.000000 16.906906 7.807128  0.000000 -0.382682 0.923880  0.000000 0.000000 1 0 1.000000
0  -0.398516 17.309530 6.835108  -0.847149 0.203342 -0.490908  0.000000 0.000000 1 0 1.000000
c_invasion_wrangler_laser
0  -0.398516 16.486395 6.395132  -0.847148 0.295207 -0.441807  0.000000 0.000000 1 0 1.000000
0  -0.398516 17.309530 6.835108  -0.847149 0.203342 -0.490908  0.000000 0.000000 1 0 1.000000
0  0.000000 17.309530 6.835108  0.000000 0.382681 -0.923880  0.000000 0.000000 1 0 1.000000
c_invasion_wrangler_laser
0  0.000000 16.906906 7.807128  0.000000 -0.382682 0.923880  0.000000 0.000000 1 0 1.000000
0  0.000000 17.997435 8.137938  0.000000 -0.169403 0.985547  0.000000 0.000000 1 0 1.000000
0  -0.398516 18.202690 7.106045  -0.847148 0.103663 -0.521147  0.000000 0.000000 1 0 1.000000
c_invasion_wrangler_laser
0  -0.398516 17.309530 6.835108  -0.847149 0.203342 -0.490908  0.000000 0.000000 1 0 1.000000
0  -0.398516 18.202690 7.106045  -0.847148 0.103663 -0.521147  0.000000 0.000000 1 0 1.000000
0  0.000000 18.202690 7.106045  0.000000 0.195088 -0.980786  0.000000 0.000000 1 0 1.000000
c_invasion_wrangler_laser
0  -0.398516 18.202690 7.106045  -0.847148 0.103663 -0.521147  0.000000 0.000000 1 0 1.000000
0  -0.398516 19.131540 7.197529  -0.852676 0.000002 -0.522440  0.000000 0.000000 1 0 1.000000
0  0.000000 19.131540 7.197529  0.000000 -0.000002 -1.000000  0.000000 0.000000 1 0 1.000000
c_invasion_wrangler_laser
0  -0.398516 19.131540 7.197529  -0.852676 0.000002 -0.522440  0.000000 0.000000 1 0 1.000000
0  0.000000 20.265650 8.137937  0.000000 0.169405 0.985547  0.000000 0.000000 1 0 1.000000
0  -0.398516 20.060392 7.106045  -0.847134 -0.103665 -0.521169  0.000000 0.000000 1 0 1.000000
c_invasion_wrangler_laser
0  -0.398516 19.131540 7.197529  -0.852676 0.000002 -0.522440  0.000000 0.000000 1 0 1.000000
0  0.000000 17.997435 8.137938  0.000000 -0.169403 0.985547  0.000000 0.000000 1 0 1.000000
0  0.000000 20.265650 8.137937  0.000000 0.169405 0.985547  0.000000 0.000000 1 0 1.000000
gold_player
0  3.704999 15.739157 -0.000567  0.496224 -0.458064 0.737523  0.000000 0.000000 1 0 1.000000
0  1.852500 15.504158 1.068973  0.151213 -0.986836 0.057356  0.000000 0.000000 1 0 1.000000
0  1.852501 15.504158 0.000000  -0.350129 -0.936701 0.000135  0.000000 0.000000 1 0 1.000000
c_invasion_wrangler_laser
0  3.907722 16.480772 -0.000567  1.000000 0.000000 0.000000  0.298370 0.539680 1 0 1.000000
0  3.907722 19.937542 -0.000567  1.000000 0.000000 0.000000  0.298370 0.539680 1 0 1.000000
0  3.907722 18.209158 1.496259  1.000000 0.000000 0.000000  0.298370 0.539680 1 0 1.000000
painted_wood_01
0  4.204999 18.209158 1.496259  0.887300 0.000000 -0.461193  0.298137 0.539763 1 0 1.000000
0  3.907722 16.480772 -0.000567  0.000000 0.654653 -0.755929  0.298137 0.539763 1 0 1.000000
0  3.907722 18.209158 1.496259  0.000000 -0.000002 -1.000000  0.298137 0.539763 1 0 1.000000
painted_wood_01
0  4.204999 19.937542 -0.000567  0.839593 -0.355619 -0.410633  0.298137 0.539763 1 0 1.000000
0  3.907722 18.209158 1.496259  0.000000 -0.000002 -1.000000  0.298137 0.539763 1 0 1.000000
0  3.907722 19.937542 -0.000567  0.000000 -0.654654 -0.755929  0.298137 0.539763 1 0 1.000000
painted_wood_01
0  3.907722 18.209158 1.496259  0.000000 0.000006 -1.000000  0.298137 0.539763 1 0 1.000000
0  3.812725 16.480772 -0.000567  1.000000 -0.000000 0.000000  0.298137 0.539763 1 0 1.000000
0  3.812725 18.209158 1.496259  1.000000 -0.000048 -0.000034  0.298137 0.539763 1 0 1.000000
painted_wood_01
0  3.907722 19.937542 -0.000567  0.000000 -0.654653 -0.755929  0.298137 0.539763 1 0 1.000000
0  3.812725 18.209158 1.496259  1.000000 -0.000048 -0.000034  0.298137 0.539763 1 0 1.000000
0  3.812725 19.937542 -0.000567  1.000000 0.000000 0.000000  0.298137 0.539763 1 0 1.000000
gold_player
0  1.856717 20.920296 0.000000  -0.351647 0.936124 0.004016  0.000000 0.000000 1 0 1.000000
0  1.852500 20.914156 1.068972  0.130661 0.988813 0.071944  0.000000 0.000000 1 0 1.000000
0  3.704999 20.679157 -0.000569  0.496279 0.457510 0.737829  0.000000 0.000000 1 0 1.000000
gold_player
0  0.000000 20.914156 2.138515  -0.568821 0.812911 0.124972  0.000000 0.000000 1 0 1.000000
0  1.852499 20.679157 3.208056  0.475130 0.294323 0.829232  0.000000 0.000000 1 0 1.000000
0  1.852500 20.914156 1.068972  0.130647 0.988815 0.071949  0.000000 0.000000 1 0 1.000000
painted_wood_01
0  2.102728 19.937542 3.641458  0.000038 -1.000000 0.000005  0.298137 0.539763 1 0 1.000000
0  3.704999 18.209158 2.138515  0.509918 0.000018 0.860223  0.298137 0.539763 1 0 1.000000
0  1.852499 20.679157 3.208056  0.475135 0.294164 0.829286  0.298137 0.539763 1 0 1.000000
painted_wood_01
0  0.000000 18.209158 4.277596  0.500028 -0.000129 0.866009  0.298137 0.539763 1 0 1.000000
0  2.102728 19.937542 3.641458  0.000020 -1.000000 0.000036  0.298137 0.539763 1 0 1.000000
0  1.852499 20.679157 3.208056  0.475211 0.294198 0.829230  0.298137 0.539763 1 0 1.000000
gold_player
0  0.000000 1.625002 1.170000  -0.098008 -0.012260 0.995110  0.000000 0.000000 1 0 1.000000
0  -0.228256 1.625002 1.147519  -0.194962 -0.012365 0.980733  0.000000 0.000000 1 0 1.000000
0  -0.198037 -4.644999 0.995600  -0.226920 -0.022801 0.973647  0.000000 0.000000 1 0 1.000000
gold_player
0  -0.228256 1.625002 1.147519  -0.195191 -0.012351 0.980687  0.000000 0.000000 1 0 1.000000
0  -0.447739 1.625002 1.080939  -0.382548 -0.012351 0.923853  0.000000 0.000000 1 0 1.000000
0  -0.388464 -4.644999 0.937835  -0.352097 -0.022806 0.935686  0.000000 0.000000 1 0 1.000000
painted_wood_01
0  -0.636979 -10.645002 0.636982  -0.706094 0.053502 0.706094  0.298137 0.539763 1 0 1.000000
0  -0.994151 -14.644995 0.994166  -0.651998 -0.386273 0.652450  0.298137 0.539763 1 0 1.000000
0  -0.781099 -14.644995 1.169013  -0.511926 -0.387182 0.766826  0.298137 0.539763 1 0 1.000000
gold_player
0  -0.447739 1.625002 1.080939  -0.382759 -0.012351 0.923766  0.000000 0.000000 1 0 1.000000
0  -0.650017 1.625002 0.972820  -0.555430 -0.012365 0.831471  0.000000 0.000000 1 0 1.000000
0  -0.563962 -4.644999 0.844029  -0.555306 -0.024702 0.831279  0.000000 0.000000 1 0 1.000000
gold_player
0  -0.650017 1.625002 0.972820  -0.555586 -0.012345 0.831367  0.000000 0.000000 1 0 1.000000
0  -0.827315 1.625002 0.827315  -0.706972 -0.012351 0.707134  0.000000 0.000000 1 0 1.000000
0  -0.717787 -4.644999 0.717788  -0.706847 -0.024702 0.706935  0.000000 0.000000 1 0 1.000000
gold_player
0  -0.827315 1.625002 0.827315  -0.707137 -0.012351 0.706969  0.000000 0.000000 1 0 1.000000
0  -0.972819 1.625002 0.650017  -0.831343 -0.012351 0.555623  0.000000 0.000000 1 0 1.000000
0  -0.844029 -4.644999 0.563962  -0.831155 -0.024702 0.555491  0.000000 0.000000 1 0 1.000000
gold_player
0  -0.883515 -10.645002 0.175745  -0.955835 0.053282 0.289033  0.000000 0.000000 1 0 1.000000
0  -1.378928 -14.644995 0.274301  -0.883581 -0.383984 0.268033  0.000000 0.000000 1 0 1.000000
0  -1.298921 -14.644995 0.538046  -0.884559 -0.381504 0.268346  0.000000 0.000000 1 0 1.000000
gold_player
0  -0.972819 1.625002 0.650017  -0.831469 -0.012351 0.555434  0.000000 0.000000 1 0 1.000000
0  -1.080939 1.625002 0.447740  -0.923764 -0.012365 0.382763  0.000000 0.000000 1 0 1.000000
0  -0.937835 -4.644999 0.388464  -0.935627 -0.022801 0.352254  0.000000 0.000000 1 0 1.000000
painted_wood_01
0  -0.198037 -4.644999 0.995600  -0.226916 -0.022804 0.973647  0.298137 0.539763 1 0 1.000000
0  -0.175742 -10.645002 0.883519  -0.289728 0.053253 0.955627  0.298137 0.539763 1 0 1.000000
0  0.000000 -10.645002 0.900828  0.000000 0.053502 0.998568  0.298137 0.539763 1 0 1.000000
gold_player
0  -1.080939 1.625002 0.447740  -0.923853 -0.012351 0.382548  0.000000 0.000000 1 0 1.000000
0  -1.147519 1.625002 0.228256  -0.980688 -0.012351 0.195190  0.000000 0.000000 1 0 1.000000
0  -0.995600 -4.644999 0.198037  -0.973608 -0.022806 0.227084  0.000000 0.000000 1 0 1.000000
painted_wood_01
0  -0.937835 -4.644999 0.388464  -0.935625 -0.022804 0.352257  0.298137 0.539763 1 0 1.000000
0  -0.832253 -10.645002 0.344734  -0.955539 0.053252 0.290016  0.298137 0.539763 1 0 1.000000
0  -0.749008 -10.645002 0.500475  -0.830278 0.053502 0.554775  0.298137 0.539763 1 0 1.000000
gold_player
0  -1.147519 1.625002 0.228256  -0.980724 -0.012345 0.195007  0.000000 0.000000 1 0 1.000000
0  -1.170000 1.625002 0.000000  -0.995110 -0.012260 0.098008  0.000000 0.000000 1 0 1.000000
0  -1.015106 -4.644999 0.000000  -0.994884 -0.024578 0.097986  0.000000 0.000000 1 0 1.000000
gold_player
0  -0.344730 -10.645002 0.832257  -0.290714 0.053283 0.955325  0.000000 0.000000 1 0 1.000000
0  -0.538031 -14.644995 1.298936  -0.267170 -0.391053 0.880737  0.000000 0.000000 1 0 1.000000
0  -0.274286 -14.644995 1.378942  -0.268141 -0.382964 0.883990  0.000000 0.000000 1 0 1.000000
painted_wood_01
0  -0.563962 -4.644999 0.844029  -0.555401 -0.024729 0.831215  0.298137 0.539763 1 0 1.000000
0  -0.500471 -10.645002 0.749012  -0.554775 0.053503 0.830278  0.298137 0.539763 1 0 1.000000
0  -0.344730 -10.645002 0.832257  -0.289989 0.053250 0.955547  0.298137 0.539763 1 0 1.000000
painted_wood_01
0  -0.749008 -10.645002 0.500475  -0.830278 0.053502 0.554775  0.298137 0.539763 1 0 1.000000
0  -1.168998 -14.644995 0.781114  -0.767056 -0.385521 0.512834  0.298137 0.539763 1 0 1.000000
0  -0.994151 -14.644995 0.994166  -0.651998 -0.386273 0.652450  0.298137 0.539763 1 0 1.000000
painted_wood_01
0  -1.015106 -4.644999 0.000000  -0.999912 -0.013291 -0.000000  0.298137 0.539763 1 0 1.000000
0  -0.900825 -10.645002 0.000000  -0.998568 0.053502 0.000000  0.298137 0.539763 1 0 1.000000
0  -0.883515 -10.645002 0.175745  -0.955617 0.053248 0.289758  0.298137 0.539763 1 0 1.000000
painted_wood_01
0  -0.900825 -10.645002 0.000000  -0.998568 0.053502 0.000000  0.298137 0.539763 1 0 1.000000
0  -1.405942 -14.644995 0.000000  -0.923126 -0.384498 0.000000  0.298137 0.539763 1 0 1.000000
0  -1.378928 -14.644995 0.274301  -0.883622 -0.383989 0.267889  0.298137 0.539763 1 0 1.000000
painted_wood_01
0  -0.844029 -4.644999 0.563962  -0.831215 -0.024680 0.555403  0.298137 0.539763 1 0 1.000000
0  -0.749008 -10.645002 0.500475  -0.830278 0.053502 0.554775  0.298137 0.539763 1 0 1.000000
0  -0.636979 -10.645002 0.636982  -0.706094 0.053502 0.706094  0.298137 0.539763 1 0 1.000000
painted_wood_01
0  -0.500471 -10.645002 0.749012  -0.554775 0.053503 0.830278  0.298137 0.539763 1 0 1.000000
0  -0.781099 -14.644995 1.169013  -0.511926 -0.387182 0.766826  0.298137 0.539763 1 0 1.000000
0  -0.538031 -14.644995 1.298936  -0.267297 -0.391047 0.880701  0.298137 0.539763 1 0 1.000000
gold_player
0  -0.388464 -4.644999 0.937835  -0.352097 -0.022805 0.935686  0.000000 0.000000 1 0 1.000000
0  -0.344730 -10.645002 0.832257  -0.290002 0.053218 0.955545  0.000000 0.000000 1 0 1.000000
0  -0.175742 -10.645002 0.883519  -0.289874 0.053218 0.955584  0.000000 0.000000 1 0 1.000000
painted_wood_01
0  -0.832253 -10.645002 0.344734  -0.955539 0.053252 0.290016  0.298137 0.539763 1 0 1.000000
0  -1.298921 -14.644995 0.538046  -0.884515 -0.381526 0.268462  0.298137 0.539763 1 0 1.000000
0  -1.168998 -14.644995 0.781114  -0.767056 -0.385521 0.512834  0.298137 0.539763 1 0 1.000000
gold_player
0  -0.995600 -4.644999 0.198037  -0.973609 -0.022805 0.227080  0.000000 0.000000 1 0 1.000000
0  -0.883515 -10.645002 0.175745  -0.955624 0.053217 0.289744  0.000000 0.000000 1 0 1.000000
0  -0.832253 -10.645002 0.344734  -0.955585 0.053217 0.289871  0.000000 0.000000 1 0 1.000000
painted_wood_01
0  -0.717787 -4.644999 0.717788  -0.706891 -0.024680 0.706892  0.298137 0.539763 1 0 1.000000
0  -0.636979 -10.645002 0.636982  -0.706094 0.053502 0.706094  0.298137 0.539763 1 0 1.000000
0  -0.500471 -10.645002 0.749012  -0.554775 0.053503 0.830278  0.298137 0.539763 1 0 1.000000
painted_wood_01
0  -0.175742 -10.645002 0.883519  -0.289728 0.053253 0.955627  0.298137 0.539763 1 0 1.000000
0  -0.274286 -14.644995 1.378942  -0.268015 -0.382969 0.884026  0.298137 0.539763 1 0 1.000000
0  0.000000 -14.644995 1.405957  0.000000 -0.389890 0.920861  0.298137 0.539763 1 0 1.000000
gold_player
0  -0.447739 6.625002 1.080939  -0.363667 0.311472 0.877913  0.000000 0.000000 1 0 1.000000
0  -0.447739 8.625002 1.080939  -0.349239 0.408019 0.843536  0.000000 0.000000 1 0 1.000000
0  -0.650017 8.625002 0.972820  -0.507203 0.407631 0.759330  0.000000 0.000000 1 0 1.000000
gold_player
0  -0.827315 6.625002 0.827315  -0.671931 0.311515 0.671913  0.000000 0.000000 1 0 1.000000
0  -0.827315 8.625002 0.827315  -0.645734 0.407312 0.645852  0.000000 0.000000 1 0 1.000000
0  -0.972819 8.625002 0.650017  -0.759418 0.407038 0.507547  0.000000 0.000000 1 0 1.000000
painted_wood_01
0  -1.341806 4.019003 0.555794  -0.750881 -0.582632 0.310995  0.298137 0.539763 1 0 1.000000
0  -1.341806 6.231001 0.555794  -0.750891 0.582591 0.311047  0.298137 0.539763 1 0 1.000000
0  -1.424453 6.231001 0.283341  -0.797115 0.582631 0.158584  0.298137 0.539763 1 0 1.000000
gold_player
0  -0.447739 6.625002 1.080939  -0.363554 0.311729 0.877869  0.000000 0.000000 1 0 1.000000
0  -0.555794 6.231001 1.341806  -0.351771 0.581942 0.733213  0.000000 0.000000 1 0 1.000000
0  -0.228256 6.625002 1.147519  -0.213590 0.155070 0.964538  0.000000 0.000000 1 0 1.000000
painted_wood_01
0  -0.806888 4.019003 1.207593  -0.451534 -0.582631 0.675765  0.298137 0.539763 1 0 1.000000
0  -0.806888 6.231001 1.207593  -0.451416 0.582631 0.675844  0.298137 0.539763 1 0 1.000000
0  -1.026974 6.231001 1.026974  -0.574671 0.582632 0.574711  0.298137 0.539763 1 0 1.000000
painted_wood_01
0  -1.424453 4.019003 0.283341  -0.797126 -0.582631 0.158529  0.298137 0.539763 1 0 1.000000
0  -1.424453 6.231001 0.283341  -0.797115 0.582631 0.158584  0.298137 0.539763 1 0 1.000000
0  -1.452360 6.231001 0.000000  -0.803819 0.594873 -0.000028  0.298137 0.539763 1 0 1.000000
gold_player
0  -0.228256 6.625002 1.147519  -0.213636 0.154942 0.964548  0.000000 0.000000 1 0 1.000000
0  -0.228256 8.625002 1.147519  -0.177948 0.408427 0.895278  0.000000 0.000000 1 0 1.000000
0  -0.447739 8.625002 1.080939  -0.349237 0.408041 0.843526  0.000000 0.000000 1 0 1.000000
gold_player
0  -1.080939 6.625002 0.447740  -0.877912 0.311515 0.363633  0.000000 0.000000 1 0 1.000000
0  -1.080939 8.625002 0.447740  -0.843981 0.406789 0.349598  0.000000 0.000000 1 0 1.000000
0  -1.147519 8.625002 0.228256  -0.896023 0.406658 0.178244  0.000000 0.000000 1 0 1.000000
gold_player
0  -0.650017 6.625002 0.972820  -0.527935 0.311515 0.790090  0.000000 0.000000 1 0 1.000000
0  -0.650017 8.625002 0.972820  -0.507232 0.407623 0.759315  0.000000 0.000000 1 0 1.000000
0  -0.827315 8.625002 0.827315  -0.645729 0.407307 0.645860  0.000000 0.000000 1 0 1.000000
gold_player
0  0.000000 6.625002 1.170000  -0.098016 0.000000 0.995185  0.000000 0.000000 1 0 1.000000
0  0.000000 8.625002 1.170000  -0.089155 0.408012 0.908613  0.000000 0.000000 1 0 1.000000
0  -0.228256 8.625002 1.147519  -0.177965 0.408437 0.895270  0.000000 0.000000 1 0 1.000000
gold_player
0  -0.972819 6.625002 0.650017  -0.790121 0.311472 0.527915  0.000000 0.000000 1 0 1.000000
0  -0.972819 8.625002 0.650017  -0.759428 0.407044 0.507528  0.000000 0.000000 1 0 1.000000
0  -1.080939 8.625002 0.447740  -0.843964 0.406799 0.349627  0.000000 0.000000 1 0 1.000000
painted_wood_01
0  -1.026974 4.019003 1.026974  -0.574711 -0.582632 0.574672  0.298137 0.539763 1 0 1.000000
0  -1.026974 6.231001 1.026974  -0.574671 0.582632 0.574711  0.298137 0.539763 1 0 1.000000
0  -1.207593 6.231001 0.806888  -0.675757 0.582631 0.451546  0.298137 0.539763 1 0 1.000000
gold_player
0  -1.378928 -14.644995 0.274301  -0.883587 -0.383976 0.268023  0.000000 0.000000 1 0 1.000000
0  -0.039692 -15.644995 0.000000  -0.384599 -0.841610 0.379178  0.000000 0.000000 1 0 1.000000
0  -1.298921 -14.644995 0.538046  -0.884562 -0.381497 0.268346  0.000000 0.000000 1 0 1.000000
painted_wood_01
0  -1.298921 -14.644995 0.538046  -0.884515 -0.381526 0.268462  0.298137 0.539763 1 0 1.000000
0  -0.039692 -15.644995 0.000000  -0.384523 -0.841585 0.379312  0.298137 0.539763 1 0 1.000000
0  -1.168998 -14.644995 0.781114  -0.767056 -0.385521 0.512834  0.298137 0.539763 1 0 1.000000
painted_wood_01
0  -1.168998 -14.644995 0.781114  -0.767056 -0.385521 0.512834  0.298137 0.539763 1 0 1.000000
0  -0.039692 -15.644995 0.000000  -0.384523 -0.841585 0.379312  0.298137 0.539763 1 0 1.000000
0  -0.994151 -14.644995 0.994166  -0.651998 -0.386273 0.652450  0.298137 0.539763 1 0 1.000000
painted_wood_01
0  -0.994151 -14.644995 0.994166  -0.651998 -0.386273 0.652450  0.298137 0.539763 1 0 1.000000
0  -0.039692 -15.644995 0.000000  -0.384523 -0.841585 0.379312  0.298137 0.539763 1 0 1.000000
0  -0.781099 -14.644995 1.169013  -0.511926 -0.387182 0.766826  0.298137 0.539763 1 0 1.000000
painted_wood_01
0  -0.781099 -14.644995 1.169013  -0.511926 -0.387182 0.766826  0.298137 0.539763 1 0 1.000000
0  -0.039692 -15.644995 0.000000  -0.384523 -0.841585 0.379312  0.298137 0.539763 1 0 1.000000
0  -0.538031 -14.644995 1.298936  -0.267297 -0.391047 0.880701  0.298137 0.539763 1 0 1.000000
gold_player
0  -0.538031 -14.644995 1.298936  -0.267191 -0.391052 0.880731  0.000000 0.000000 1 0 1.000000
0  -0.039692 -15.644995 0.000000  -0.384415 -0.841590 0.379408  0.000000 0.000000 1 0 1.000000
0  -0.274286 -14.644995 1.378942  -0.268161 -0.382963 0.883985  0.000000 0.000000 1 0 1.000000
painted_wood_01
0  -0.274286 -14.644995 1.378942  -0.268015 -0.382969 0.884026  0.298137 0.539763 1 0 1.000000
0  -0.039692 -15.644995 0.000000  -0.543724 -0.839264 -0.000012  0.298137 0.539763 1 0 1.000000
0  0.000000 -14.644995 1.405957  0.000000 -0.389890 0.920861  0.298137 0.539763 1 0 1.000000
painted_wood_01
0  -1.405942 -14.644995 0.000000  -0.923126 -0.384498 0.000000  0.298137 0.539763 1 0 1.000000
0  -0.039692 -15.644995 0.000000  -0.242806 -0.970075 0.000026  0.298137 0.539763 1 0 1.000000
0  -1.378928 -14.644995 0.274301  -0.883622 -0.383989 0.267889  0.298137 0.539763 1 0 1.000000
painted_wood_01
0  -0.039692 -15.644995 0.000000  -0.543724 -0.839264 -0.000012  0.298137 0.539763 1 0 1.000000
0  0.000000 -15.644995 0.000000  0.000000 -1.000000 0.000000  0.298137 0.539763 1 0 1.000000
0  0.000000 -14.644995 1.405957  0.000000 -0.389890 0.920861  0.298137 0.539763 1 0 1.000000
painted_wood_01
0  -1.207593 4.019003 0.806888  -0.675768 -0.582631 0.451530  0.298137 0.539763 1 0 1.000000
0  -1.207593 6.231001 0.806888  -0.675757 0.582631 0.451546  0.298137 0.539763 1 0 1.000000
0  -1.341806 6.231001 0.555794  -0.750891 0.582591 0.311047  0.298137 0.539763 1 0 1.000000
painted_wood_01
0  -0.555794 4.019003 1.341806  -0.351932 -0.581913 0.733158  0.298137 0.539763 1 0 1.000000
0  -0.555794 6.231001 1.341806  -0.351936 0.581948 0.733128  0.298137 0.539763 1 0 1.000000
0  -0.806888 6.231001 1.207593  -0.451416 0.582631 0.675844  0.298137 0.539763 1 0 1.000000
gold_player
0  -1.147519 6.625002 0.228256  -0.931985 0.311515 0.185372  0.000000 0.000000 1 0 1.000000
0  -1.147519 8.625002 0.228256  -0.896009 0.406704 0.178212  0.000000 0.000000 1 0 1.000000
0  -1.170000 8.625002 0.000000  -0.909939 0.404946 0.089606  0.000000 0.000000 1 0 1.000000
gold_player
0  -0.972819 1.625002 0.650017  -0.831485 -0.012330 0.555411  0.000000 0.000000 1 0 1.000000
0  -0.972819 3.625002 0.650017  -0.790141 -0.311485 0.527878  0.000000 0.000000 1 0 1.000000
0  -1.080939 3.625002 0.447740  -0.877896 -0.311520 0.363668  0.000000 0.000000 1 0 1.000000
gold_player
0  -0.447739 1.625002 1.080939  -0.382784 -0.012330 0.923755  0.000000 0.000000 1 0 1.000000
0  -0.447739 3.625002 1.080939  -0.363704 -0.311485 0.877893  0.000000 0.000000 1 0 1.000000
0  -0.650017 3.625002 0.972820  -0.527900 -0.311520 0.790112  0.000000 0.000000 1 0 1.000000
gold_player
0  -1.080939 1.625002 0.447740  -0.923864 -0.012330 0.382522  0.000000 0.000000 1 0 1.000000
0  -1.080939 3.625002 0.447740  -0.877924 -0.311528 0.363592  0.000000 0.000000 1 0 1.000000
0  -1.147519 3.625002 0.228256  -0.931976 -0.311520 0.185409  0.000000 0.000000 1 0 1.000000
gold_player
0  -0.650017 1.625002 0.972820  -0.555609 -0.012336 0.831352  0.000000 0.000000 1 0 1.000000
0  -0.650017 3.625002 0.972820  -0.527968 -0.311528 0.790063  0.000000 0.000000 1 0 1.000000
0  -0.827315 3.625002 0.827315  -0.671903 -0.311520 0.671938  0.000000 0.000000 1 0 1.000000
gold_player
0  0.000000 1.625002 1.170000  -0.098009 -0.012272 0.995110  0.000000 0.000000 1 0 1.000000
0  0.000000 3.625002 1.170000  -0.098016 0.000000 0.995185  0.000000 0.000000 1 0 1.000000
0  -0.228256 3.625002 1.147519  -0.213506 -0.154944 0.964576  0.000000 0.000000 1 0 1.000000
gold_player
0  -1.147519 1.625002 0.228256  -0.980720 -0.012342 0.195027  0.000000 0.000000 1 0 1.000000
0  -1.147519 3.625002 0.228256  -0.931989 -0.311528 0.185329  0.000000 0.000000 1 0 1.000000
0  -1.170000 3.625002 0.000000  -0.946113 -0.310138 0.093191  0.000000 0.000000 1 0 1.000000
gold_player
0  -0.827315 1.625002 0.827315  -0.707156 -0.012330 0.706950  0.000000 0.000000 1 0 1.000000
0  -0.827315 3.625002 0.827315  -0.671958 -0.311528 0.671880  0.000000 0.000000 1 0 1.000000
0  -0.972819 3.625002 0.650017  -0.790086 -0.311477 0.527965  0.000000 0.000000 1 0 1.000000
gold_player
0  -0.228256 1.625002 1.147519  -0.195172 -0.012336 0.980691  0.000000 0.000000 1 0 1.000000
0  -0.228256 3.625002 1.147519  -0.213656 -0.154952 0.964542  0.000000 0.000000 1 0 1.000000
0  -0.447739 3.625002 1.080939  -0.363611 -0.311477 0.877934  0.000000 0.000000 1 0 1.000000
gold_player
0  -0.447739 3.625002 1.080939  -0.363617 -0.311745 0.877837  0.000000 0.000000 1 0 1.000000
0  -0.228256 3.625002 1.147519  -0.213576 -0.155069 0.964541  0.000000 0.000000 1 0 1.000000
0  -0.555794 4.019003 1.341806  -0.351776 -0.581919 0.733228  0.000000 0.000000 1 0 1.000000
gold_player
0  -0.806888 6.231001 1.207593  -0.451603 0.582498 0.675833  0.000000 0.000000 1 0 1.000000
0  -0.650017 6.625002 0.972820  -0.527882 0.311744 0.790036  0.000000 0.000000 1 0 1.000000
0  -0.827315 6.625002 0.827315  -0.671858 0.311738 0.671882  0.000000 0.000000 1 0 1.000000
gold_player
0  -1.424453 6.231001 0.283341  -0.797217 0.582499 0.158555  0.000000 0.000000 1 0 1.000000
0  -1.147519 6.625002 0.228256  -0.931908 0.311745 0.185371  0.000000 0.000000 1 0 1.000000
0  -1.170000 6.625002 0.000000  -0.946033 0.310385 0.093185  0.000000 0.000000 1 0 1.000000
gold_player
0  -0.555794 6.231001 1.341806  -0.351895 0.581927 0.733165  0.000000 0.000000 1 0 1.000000
0  -0.447739 6.625002 1.080939  -0.363607 0.311746 0.877841  0.000000 0.000000 1 0 1.000000
0  -0.650017 6.625002 0.972820  -0.527868 0.311741 0.790046  0.000000 0.000000 1 0 1.000000
gold_player
0  -1.341806 6.231001 0.555794  -0.750965 0.582500 0.311039  0.000000 0.000000 1 0 1.000000
0  -1.080939 6.625002 0.447740  -0.877837 0.311745 0.363617  0.000000 0.000000 1 0 1.000000
0  -1.147519 6.625002 0.228256  -0.931906 0.311740 0.185387  0.000000 0.000000 1 0 1.000000
gold_player
0  -1.026974 6.231001 1.026974  -0.574774 0.582500 0.574742  0.000000 0.000000 1 0 1.000000
0  -0.827315 6.625002 0.827315  -0.671867 0.311746 0.671870  0.000000 0.000000 1 0 1.000000
0  -0.972819 6.625002 0.650017  -0.790027 0.311740 0.527897  0.000000 0.000000 1 0 1.000000
painted_wood_01
0  -0.555794 6.231001 1.341806  -0.351936 0.581948 0.733128  0.298137 0.539763 1 0 1.000000
0  0.000000 6.625002 1.170000  0.000017 -0.010996 0.999940  0.298137 0.539763 1 0 1.000000
0  -0.228256 6.625002 1.147519  -0.213562 0.155161 0.964529  0.298137 0.539763 1 0 1.000000
gold_player
0  -1.424453 4.019003 0.283341  -0.797209 -0.582499 0.158596  0.000000 0.000000 1 0 1.000000
0  -1.147519 3.625002 0.228256  -0.931910 -0.311744 0.185364  0.000000 0.000000 1 0 1.000000
0  -1.080939 3.625002 0.447740  -0.877847 -0.311739 0.363597  0.000000 0.000000 1 0 1.000000
gold_player
0  -1.207593 4.019003 0.806888  -0.675834 -0.582500 0.451600  0.000000 0.000000 1 0 1.000000
0  -0.972819 3.625002 0.650017  -0.790037 -0.311746 0.527879  0.000000 0.000000 1 0 1.000000
0  -0.827315 3.625002 0.827315  -0.671883 -0.311740 0.671856  0.000000 0.000000 1 0 1.000000
gold_player
0  -0.806888 4.019003 1.207593  -0.451566 -0.582499 0.675858  0.000000 0.000000 1 0 1.000000
0  -0.650017 3.625002 0.972820  -0.527886 -0.311744 0.790033  0.000000 0.000000 1 0 1.000000
0  -0.447739 3.625002 1.080939  -0.363628 -0.311739 0.877835  0.000000 0.000000 1 0 1.000000
gold_player
0  -1.207593 6.231001 0.806888  -0.675855 0.582500 0.451569  0.000000 0.000000 1 0 1.000000
0  -0.972819 6.625002 0.650017  -0.790031 0.311746 0.527888  0.000000 0.000000 1 0 1.000000
0  -1.080939 6.625002 0.447740  -0.877833 0.311741 0.363631  0.000000 0.000000 1 0 1.000000
gold_player
0  -1.452360 4.019003 0.000000  -0.810232 -0.580651 0.079801  0.000000 0.000000 1 0 1.000000
0  -1.170000 3.625002 0.000000  -0.946033 -0.310386 0.093175  0.000000 0.000000 1 0 1.000000
0  -1.147519 3.625002 0.228256  -0.931914 -0.311740 0.185351  0.000000 0.000000 1 0 1.000000
gold_player
0  -1.341806 4.019003 0.555794  -0.750949 -0.582500 0.311078  0.000000 0.000000 1 0 1.000000
0  -1.080939 3.625002 0.447740  -0.877840 -0.311745 0.363610  0.000000 0.000000 1 0 1.000000
0  -0.972819 3.625002 0.650017  -0.790044 -0.311740 0.527872  0.000000 0.000000 1 0 1.000000
gold_player
0  -1.026974 4.019003 1.026974  -0.574744 -0.582500 0.574772  0.000000 0.000000 1 0 1.000000
0  -0.827315 3.625002 0.827315  -0.671872 -0.311746 0.671865  0.000000 0.000000 1 0 1.000000
0  -0.650017 3.625002 0.972820  -0.527900 -0.311741 0.790025  0.000000 0.000000 1 0 1.000000
gold_player
0  0.000000 15.269157 -0.000569  -0.084037 -0.993800 0.072791  0.000000 0.000000 1 0 1.000000
0  -1.852500 15.504158 1.068973  -0.151206 -0.986837 0.057360  0.000000 0.000000 1 0 1.000000
0  -1.852501 15.504158 0.000000  0.350128 -0.936702 -0.000142  0.000000 0.000000 1 0 1.000000
gold_player
0  0.000000 15.269157 -0.000569  -0.084045 -0.993800 0.072793  0.000000 0.000000 1 0 1.000000
0  0.000000 15.504158 2.138515  0.816866 -0.566025 0.111114  0.000000 0.000000 1 0 1.000000
0  -1.852500 15.504158 1.068973  -0.151126 -0.986845 0.057419  0.000000 0.000000 1 0 1.000000
gold_player
0  -3.704999 18.209158 2.138515  -0.510054 -0.000005 0.860142  0.000000 0.000000 1 0 1.000000
0  -3.704999 15.739157 2.138515  -0.866017 0.000024 0.500014  0.000000 0.000000 1 0 1.000000
0  -1.852499 15.739157 3.208056  -0.497078 0.003870 0.867697  0.000000 0.000000 1 0 1.000000
painted_wood_01
0  -3.704999 20.679157 2.138515  -0.865990 -0.000137 0.500062  0.298137 0.539763 1 0 1.000000
0  -1.852499 20.679157 3.208056  -0.475155 0.294367 0.829202  0.298137 0.539763 1 0 1.000000
0  -1.852500 20.914156 1.068972  -0.130645 0.988816 0.071936  0.298137 0.539763 1 0 1.000000
gold_player
0  -3.704999 20.679157 -0.000569  -0.496328 0.457542 0.737776  0.000000 0.000000 1 0 1.000000
0  -3.704999 18.209158 2.138515  -0.510040 0.000086 0.860150  0.000000 0.000000 1 0 1.000000
0  -3.704999 20.679157 2.138515  -0.866033 -0.000024 0.499986  0.000000 0.000000 1 0 1.000000
gold_player
0  0.000000 20.679157 4.277596  -0.500000 0.000000 0.866025  0.000000 0.000000 1 0 1.000000
0  -1.852499 20.679157 3.208056  -0.475209 0.294082 0.829272  0.000000 0.000000 1 0 1.000000
0  0.000000 18.209158 4.277596  -0.500000 0.000000 0.866025  0.000000 0.000000 1 0 1.000000
gold_player
0  -1.852499 20.679157 3.208056  -0.475176 0.294082 0.829291  0.000000 0.000000 1 0 1.000000
0  -3.704999 20.679157 2.138515  -0.866017 -0.000024 0.500015  0.000000 0.000000 1 0 1.000000
0  -3.704999 18.209158 2.138515  -0.510053 -0.000003 0.860143  0.000000 0.000000 1 0 1.000000
gold_player
0  -3.704999 15.739157 -0.000567  -0.496245 -0.458028 0.737530  0.000000 0.000000 1 0 1.000000
0  -3.704999 15.739157 2.138515  -0.866033 0.000024 0.499986  0.000000 0.000000 1 0 1.000000
0  -3.704999 18.209158 2.138515  -0.510040 0.000096 0.860150  0.000000 0.000000 1 0 1.000000
painted_wood_01
0  -3.704999 20.679157 -0.000569  -0.496348 0.457509 0.737783  0.298137 0.539763 1 0 1.000000
0  -3.704999 20.679157 2.138515  -0.865990 -0.000137 0.500062  0.298137 0.539763 1 0 1.000000
0  -1.852500 20.914156 1.068972  -0.130645 0.988816 0.071936  0.298137 0.539763 1 0 1.000000
gold_player
0  -1.852500 20.914156 1.068972  -0.130668 0.988813 0.071935  0.000000 0.000000 1 0 1.000000
0  0.000000 21.149157 -0.000569  -0.082843 0.993748 0.074847  0.000000 0.000000 1 0 1.000000
0  -1.856717 20.920296 0.000000  0.351606 0.936133 0.005334  0.000000 0.000000 1 0 1.000000
painted_wood_01
0  -1.852499 20.679157 3.208056  -0.475129 0.294366 0.829217  0.298137 0.539763 1 0 1.000000
0  0.000000 20.679157 4.277596  0.000072 -0.016815 0.999859  0.298137 0.539763 1 0 1.000000
0  0.000000 20.914156 2.138515  -0.000048 0.839052 -0.544050  0.298137 0.539763 1 0 1.000000
gold_player
0  0.000000 20.914156 2.138515  0.568864 0.812890 0.124915  0.000000 0.000000 1 0 1.000000
0  0.000000 21.149157 -0.000569  -0.082841 0.993747 0.074865  0.000000 0.000000 1 0 1.000000
0  -1.852500 20.914156 1.068972  -0.130649 0.988814 0.071953  0.000000 0.000000 1 0 1.000000
c_invasion_wrangler_laser
0  -1.860925 15.239513 3.208057  -0.507592 0.008679 0.861554  0.000000 0.000000 1 0 1.000000
0  -1.860927 15.004513 1.068973  0.903259 -0.015219 -0.428825  0.000000 0.000000 1 0 1.000000
0  -0.008427 15.004513 2.138515  0.997967 -0.016873 -0.061467  0.000000 0.000000 1 0 1.000000
c_invasion_wrangler_laser
0  -1.860927 15.004513 1.068973  0.903272 -0.015299 -0.428797  0.000000 0.000000 1 0 1.000000
0  -3.713427 15.239513 -0.000569  -0.499223 0.008559 0.866431  0.000000 0.000000 1 0 1.000000
0  -1.860927 15.004513 0.000000  0.999858 -0.016881 0.000006  0.000000 0.000000 1 0 1.000000
painted_wood_01
0  -3.704999 15.739157 -0.000567  -0.496239 -0.458061 0.737514  0.298137 0.539763 1 0 1.000000
0  -1.852500 15.504158 1.068973  -0.151179 -0.986841 0.057352  0.298137 0.539763 1 0 1.000000
0  -3.704999 15.739157 2.138515  -0.866061 0.000137 0.499938  0.298137 0.539763 1 0 1.000000
gold_player
0  -1.852499 15.739157 3.208056  -0.497098 0.003971 0.867685  0.000000 0.000000 1 0 1.000000
0  -1.860925 15.239513 3.208057  -0.507641 0.008662 0.861525  0.000000 0.000000 1 0 1.000000
0  -0.008427 15.004513 2.138515  0.997976 -0.016923 -0.061292  0.000000 0.000000 1 0 1.000000
painted_wood_01
0  -1.852499 15.739157 3.208056  -0.497048 0.003986 0.867714  0.298137 0.539763 1 0 1.000000
0  -3.704999 15.739157 2.138515  -0.866061 0.000137 0.499938  0.298137 0.539763 1 0 1.000000
0  -1.852500 15.504158 1.068973  -0.151179 -0.986841 0.057352  0.298137 0.539763 1 0 1.000000
painted_wood_01
0  -1.852499 15.739157 3.208056  -0.497019 0.003986 0.867730  0.298137 0.539763 1 0 1.000000
0  0.000000 15.504158 2.138515  0.000065 -0.593476 -0.804851  0.298137 0.539763 1 0 1.000000
0  0.000000 15.739157 4.277596  -0.000072 0.016814 0.999859  0.298137 0.539763 1 0 1.000000
gold_player
0  -1.852500 15.504158 1.068973  -0.151070 -0.986859 0.057335  0.000000 0.000000 1 0 1.000000
0  -1.860927 15.004513 1.068973  0.903333 -0.015279 -0.428667  0.000000 0.000000 1 0 1.000000
0  -1.860925 15.239513 3.208057  -0.507641 0.008592 0.861526  0.000000 0.000000 1 0 1.000000
gold_player
0  0.000000 15.504158 2.138515  0.816873 -0.566035 0.111013  0.000000 0.000000 1 0 1.000000
0  -0.008427 15.004513 2.138515  0.997970 -0.016788 -0.061437  0.000000 0.000000 1 0 1.000000
0  -1.860927 15.004513 1.068973  0.903314 -0.015206 -0.428710  0.000000 0.000000 1 0 1.000000
gold_player
0  -1.852500 15.504158 1.068973  -0.151153 -0.986850 0.057278  0.000000 0.000000 1 0 1.000000
0  -1.860927 15.004513 1.068973  0.903301 -0.015235 -0.428737  0.000000 0.000000 1 0 1.000000
0  -1.860927 15.004513 0.000000  0.999858 -0.016863 0.000000  0.000000 0.000000 1 0 1.000000
gold_player
0  -3.704999 15.739157 -0.000567  -0.496254 -0.458014 0.737533  0.000000 0.000000 1 0 1.000000
0  -3.713427 15.239513 -0.000569  -0.499183 0.008417 0.866456  0.000000 0.000000 1 0 1.000000
0  -1.860927 15.004513 1.068973  0.903287 -0.015292 -0.428763  0.000000 0.000000 1 0 1.000000
c_invasion_wrangler_laser
0  -1.860930 21.413801 1.068973  0.895980 0.015148 -0.443836  0.000000 0.000000 1 0 1.000000
0  -1.865143 21.419941 0.000000  0.999851 0.016861 -0.003786  0.000000 0.000000 1 0 1.000000
0  -3.713427 21.178801 -0.000569  -0.499221 -0.008565 0.866432  0.000000 0.000000 1 0 1.000000
gold_player
0  -1.852500 20.914156 1.068972  -0.130723 0.988813 0.071835  0.000000 0.000000 1 0 1.000000
0  -1.860930 21.413801 1.068973  0.895974 0.015096 -0.443850  0.000000 0.000000 1 0 1.000000
0  -0.008427 21.413801 2.138514  0.997976 0.016791 -0.061338  0.000000 0.000000 1 0 1.000000
gold_player
0  -1.852499 20.679157 3.208056  -0.475268 0.294385 0.829131  0.000000 0.000000 1 0 1.000000
0  -1.860925 21.178801 3.208056  -0.507640 -0.008577 0.861527  0.000000 0.000000 1 0 1.000000
0  -1.860930 21.413801 1.068973  0.895994 0.015149 -0.443809  0.000000 0.000000 1 0 1.000000
gold_player
0  -1.856717 20.920296 0.000000  0.351759 0.936090 -0.001413  0.000000 0.000000 1 0 1.000000
0  -1.865143 21.419941 0.000000  0.999851 0.016863 -0.003844  0.000000 0.000000 1 0 1.000000
0  -1.860930 21.413801 1.068973  0.895935 0.017648 -0.443835  0.000000 0.000000 1 0 1.000000
gold_player
0  -1.852500 20.914156 1.068972  -0.130576 0.988833 0.071823  0.000000 0.000000 1 0 1.000000
0  -1.860930 21.413801 1.068973  0.895945 0.015140 -0.443907  0.000000 0.000000 1 0 1.000000
0  -3.713427 21.178801 -0.000569  -0.499181 -0.008424 0.866457  0.000000 0.000000 1 0 1.000000
gold_player
0  0.000000 20.914156 2.138515  0.568750 0.812949 0.125054  0.000000 0.000000 1 0 1.000000
0  -0.008427 21.413801 2.138514  0.997983 0.016870 -0.061194  0.000000 0.000000 1 0 1.000000
0  -1.860925 21.178801 3.208056  -0.507603 -0.008618 0.861548  0.000000 0.000000 1 0 1.000000
c_invasion_wrangler_laser
0  -1.860925 21.178801 3.208056  -0.507605 -0.008678 0.861546  0.000000 0.000000 1 0 1.000000
0  -0.008427 21.413801 2.138514  0.997978 0.016855 -0.061290  0.000000 0.000000 1 0 1.000000
0  -1.860930 21.413801 1.068973  0.895958 0.015110 -0.443881  0.000000 0.000000 1 0 1.000000
gold_player
0  -3.704999 18.209158 2.138515  -0.510088 0.000141 0.860122  0.000000 0.000000 1 0 1.000000
0  -3.947838 18.209158 2.138515  -0.384626 0.000160 0.923073  0.000000 0.000000 1 0 1.000000
0  -3.947838 15.739157 -0.000567  -0.274059 -0.629601 0.726976  0.000000 0.000000 1 0 1.000000
gold_player
0  -3.704999 20.679157 -0.000569  -0.496301 0.457542 0.737794  0.000000 0.000000 1 0 1.000000
0  -3.947839 20.679157 -0.000569  -0.274059 0.629579 0.726996  0.000000 0.000000 1 0 1.000000
0  -3.947838 18.209158 2.138515  -0.384682 -0.000134 0.923049  0.000000 0.000000 1 0 1.000000
gold_player
0  -4.204999 16.131977 -0.000567  -0.707107 -0.462910 0.534522  0.000000 0.000000 1 0 1.000000
0  -3.947838 15.739157 -0.000567  -0.274220 -0.629517 0.726988  0.000000 0.000000 1 0 1.000000
0  -3.947838 18.209158 2.138515  -0.384482 0.000059 0.923133  0.000000 0.000000 1 0 1.000000
gold_player
0  -4.204999 18.209158 1.798324  -0.797693 0.000022 0.603063  0.000000 0.000000 1 0 1.000000
0  -3.947838 18.209158 2.138515  -0.384509 -0.000090 0.923121  0.000000 0.000000 1 0 1.000000
0  -3.947839 20.679157 -0.000569  -0.274220 0.629569 0.726943  0.000000 0.000000 1 0 1.000000
painted_wood_01
0  -4.204999 20.286337 -0.000567  -0.707022 0.463025 0.534535  0.298137 0.539763 1 0 1.000000
0  -4.204999 19.937542 -0.000567  -0.839593 -0.355619 -0.410633  0.298137 0.539763 1 0 1.000000
0  -4.204999 18.209158 1.496259  -0.887300 0.000000 -0.461193  0.298137 0.539763 1 0 1.000000
painted_wood_01
0  -4.204999 18.209158 1.798324  -0.797650 -0.000051 0.603121  0.298137 0.539763 1 0 1.000000
0  -4.204999 18.209158 1.496259  -0.887300 0.000000 -0.461193  0.298137 0.539763 1 0 1.000000
0  -4.204999 16.480772 -0.000567  -0.839591 0.355620 -0.410635  0.298137 0.539763 1 0 1.000000
painted_wood_01
0  -1.852499 15.739157 3.208056  -0.497201 0.003942 0.867626  0.298137 0.539763 1 0 1.000000
0  -0.806439 18.209158 4.389869  -0.866010 0.000039 -0.500027  0.298137 0.539763 1 0 1.000000
0  -2.102728 16.480772 3.641458  -0.000043 1.000000 0.000039  0.298137 0.539763 1 0 1.000000
gold_player
0  0.000000 15.739157 4.277596  -0.500000 0.000000 0.866025  0.000000 0.000000 1 0 1.000000
0  0.000000 18.209158 4.277596  -0.500000 0.000000 0.866025  0.000000 0.000000 1 0 1.000000
0  -1.852499 15.739157 3.208056  -0.497113 0.003841 0.867677  0.000000 0.000000 1 0 1.000000
gold_player
0  -2.102728 19.937542 3.641458  0.000070 -1.000000 0.000106  0.000000 0.000000 1 0 1.000000
0  -1.952728 19.937542 3.381650  -0.285118 -0.821495 0.493816  0.000000 0.000000 1 0 1.000000
0  -0.656439 18.209158 4.130063  -0.994828 0.000076 0.101575  0.000000 0.000000 1 0 1.000000
gold_player
0  -0.656439 18.209158 4.130063  -0.994842 -0.000030 0.101438  0.000000 0.000000 1 0 1.000000
0  -1.952728 19.937542 3.381650  -0.285058 -0.821530 0.493793  0.000000 0.000000 1 0 1.000000
0  -3.249020 18.209158 2.633235  0.409572 -0.000000 0.912278  0.000000 0.000000 1 0 1.000000
gold_player
0  -3.399020 18.209158 2.893043  0.866001 0.000125 0.500043  0.000000 0.000000 1 0 1.000000
0  -3.249020 18.209158 2.633235  0.409455 0.000081 0.912330  0.000000 0.000000 1 0 1.000000
0  -1.952728 19.937542 3.381650  -0.285099 -0.821501 0.493817  0.000000 0.000000 1 0 1.000000
gold_player
0  -0.806439 18.209158 4.389869  -0.865999 -0.000126 -0.500046  0.000000 0.000000 1 0 1.000000
0  -0.656439 18.209158 4.130063  -0.994829 -0.000082 0.101561  0.000000 0.000000 1 0 1.000000
0  -1.952728 16.480772 3.381650  -0.285110 0.821503 0.493806  0.000000 0.000000 1 0 1.000000
gold_player
0  -2.102728 16.480772 3.641458  -0.000128 1.000000 -0.000008  0.000000 0.000000 1 0 1.000000
0  -1.952728 16.480772 3.381650  -0.285098 0.821495 0.493827  0.000000 0.000000 1 0 1.000000
0  -3.249020 18.209158 2.633235  0.409447 -0.000076 0.912334  0.000000 0.000000 1 0 1.000000
gold_player
0  -0.228256 8.625002 1.147519  -0.177947 0.408452 0.895266  0.000000 0.000000 1 0 1.000000
0  -0.011947 9.625004 0.000000  -0.189983 0.795609 0.575251  0.000000 0.000000 1 0 1.000000
0  -0.447739 8.625002 1.080939  -0.349200 0.408054 0.843535  0.000000 0.000000 1 0 1.000000
gold_player
0  -1.080939 8.625002 0.447740  -0.843936 0.406869 0.349615  0.000000 0.000000 1 0 1.000000
0  -0.011947 9.625004 0.000000  -0.190004 0.795584 0.575278  0.000000 0.000000 1 0 1.000000
0  -1.147519 8.625002 0.228256  -0.895988 0.406723 0.178273  0.000000 0.000000 1 0 1.000000
gold_player
0  0.000000 8.625002 1.170000  -0.089076 0.408127 0.908569  0.000000 0.000000 1 0 1.000000
0  0.000000 9.625002 0.000000  0.000123 0.760173 0.649721  0.000000 0.000000 1 0 1.000000
0  -0.011947 9.625004 0.000000  -0.189884 0.795584 0.575317  0.000000 0.000000 1 0 1.000000
gold_player
0  -0.827315 8.625002 0.827315  -0.645751 0.407324 0.645827  0.000000 0.000000 1 0 1.000000
0  -0.011947 9.625004 0.000000  -0.190117 0.795624 0.575185  0.000000 0.000000 1 0 1.000000
0  -0.972819 8.625002 0.650017  -0.759393 0.407078 0.507553  0.000000 0.000000 1 0 1.000000
gold_player
0  -0.447739 8.625002 1.080939  -0.349307 0.408051 0.843492  0.000000 0.000000 1 0 1.000000
0  -0.011947 9.625004 0.000000  -0.190086 0.795569 0.575271  0.000000 0.000000 1 0 1.000000
0  -0.650017 8.625002 0.972820  -0.507146 0.407662 0.759352  0.000000 0.000000 1 0 1.000000
gold_player
0  -0.972819 8.625002 0.650017  -0.759430 0.407084 0.507493  0.000000 0.000000 1 0 1.000000
0  -0.011947 9.625004 0.000000  -0.190034 0.795586 0.575266  0.000000 0.000000 1 0 1.000000
0  -1.080939 8.625002 0.447740  -0.843923 0.406842 0.349677  0.000000 0.000000 1 0 1.000000
gold_player
0  -0.650017 8.625002 0.972820  -0.507222 0.407662 0.759301  0.000000 0.000000 1 0 1.000000
0  -0.011947 9.625004 0.000000  -0.190112 0.795606 0.575211  0.000000 0.000000 1 0 1.000000
0  -0.827315 8.625002 0.827315  -0.645671 0.407360 0.645884  0.000000 0.000000 1 0 1.000000
gold_player
0  -1.147519 8.625002 0.228256  -0.896001 0.406728 0.178201  0.000000 0.000000 1 0 1.000000
0  -0.011947 9.625004 0.000000  -0.189854 0.795578 0.575336  0.000000 0.000000 1 0 1.000000
0  -1.170000 8.625002 0.000000  -0.909886 0.405064 0.089612  0.000000 0.000000 1 0 1.000000
painted_wood_01
0  0.039692 -15.644995 0.000000  0.000000 -1.000000 0.000000  0.298137 0.539763 1 0 1.000000
0  0.000000 -14.644995 1.405957  0.000000 -0.814899 0.579603  0.298137 0.539763 1 0 1.000000
0  0.000000 -15.644995 0.000000  0.000000 -1.000000 0.000000  0.298137 0.539763 1 0 1.000000
gold_player
0  0.000000 1.625002 1.170000  -0.098009 -0.012260 0.995110  0.000000 0.000000 1 0 1.000000
0  -0.198037 -4.644999 0.995600  -0.226921 -0.022814 0.973646  0.000000 0.000000 1 0 1.000000
0  0.000000 -4.644999 1.015105  -0.097988 -0.024578 0.994884  0.000000 0.000000 1 0 1.000000
gold_player
0  -0.228256 1.625002 1.147519  -0.195187 -0.012355 0.980688  0.000000 0.000000 1 0 1.000000
0  -0.388464 -4.644999 0.937835  -0.352093 -0.022810 0.935687  0.000000 0.000000 1 0 1.000000
0  -0.198037 -4.644999 0.995600  -0.227081 -0.022806 0.973609  0.000000 0.000000 1 0 1.000000
painted_wood_01
0  -0.636979 -10.645002 0.636982  -0.706094 0.053502 0.706094  0.298137 0.539763 1 0 1.000000
0  -0.781099 -14.644995 1.169013  -0.511926 -0.387182 0.766826  0.298137 0.539763 1 0 1.000000
0  -0.500471 -10.645002 0.749012  -0.554775 0.053503 0.830278  0.298137 0.539763 1 0 1.000000
gold_player
0  -0.447739 1.625002 1.080939  -0.382763 -0.012354 0.923764  0.000000 0.000000 1 0 1.000000
0  -0.563962 -4.644999 0.844029  -0.555310 -0.024697 0.831277  0.000000 0.000000 1 0 1.000000
0  -0.388464 -4.644999 0.937835  -0.352252 -0.022811 0.935627  0.000000 0.000000 1 0 1.000000
gold_player
0  -0.650017 1.625002 0.972820  -0.555624 -0.012355 0.831342  0.000000 0.000000 1 0 1.000000
0  -0.717787 -4.644999 0.717788  -0.706846 -0.024697 0.706936  0.000000 0.000000 1 0 1.000000
0  -0.563962 -4.644999 0.844029  -0.555493 -0.024698 0.831154  0.000000 0.000000 1 0 1.000000
gold_player
0  -0.827315 1.625002 0.827315  -0.707134 -0.012355 0.706972  0.000000 0.000000 1 0 1.000000
0  -0.844029 -4.644999 0.563962  -0.831154 -0.024697 0.555494  0.000000 0.000000 1 0 1.000000
0  -0.717787 -4.644999 0.717788  -0.706969 -0.024698 0.706813  0.000000 0.000000 1 0 1.000000
gold_player
0  -0.883515 -10.645002 0.175745  -0.955582 0.053276 0.289871  0.000000 0.000000 1 0 1.000000
0  -1.298921 -14.644995 0.538046  -0.884569 -0.381504 0.268314  0.000000 0.000000 1 0 1.000000
0  -0.832253 -10.645002 0.344734  -0.955326 0.053281 0.290712  0.000000 0.000000 1 0 1.000000
gold_player
0  -0.972819 1.625002 0.650017  -0.831470 -0.012355 0.555433  0.000000 0.000000 1 0 1.000000
0  -0.937835 -4.644999 0.388464  -0.935627 -0.022814 0.352252  0.000000 0.000000 1 0 1.000000
0  -0.844029 -4.644999 0.563962  -0.831277 -0.024697 0.555310  0.000000 0.000000 1 0 1.000000
painted_wood_01
0  -0.198037 -4.644999 0.995600  -0.226916 -0.022804 0.973647  0.298137 0.539763 1 0 1.000000
0  0.000000 -10.645002 0.900828  0.000000 0.053502 0.998568  0.298137 0.539763 1 0 1.000000
0  0.000000 -4.644999 1.015105  -0.000000 -0.013151 0.999914  0.298137 0.539763 1 0 1.000000
gold_player
0  -1.080939 1.625002 0.447740  -0.923854 -0.012354 0.382546  0.000000 0.000000 1 0 1.000000
0  -0.995600 -4.644999 0.198037  -0.973609 -0.022810 0.227081  0.000000 0.000000 1 0 1.000000
0  -0.937835 -4.644999 0.388464  -0.935687 -0.022806 0.352093  0.000000 0.000000 1 0 1.000000
painted_wood_01
0  -0.937835 -4.644999 0.388464  -0.935625 -0.022804 0.352257  0.298137 0.539763 1 0 1.000000
0  -0.749008 -10.645002 0.500475  -0.830278 0.053502 0.554775  0.298137 0.539763 1 0 1.000000
0  -0.844029 -4.644999 0.563962  -0.831215 -0.024680 0.555403  0.298137 0.539763 1 0 1.000000
gold_player
0  -1.147519 1.625002 0.228256  -0.980732 -0.012355 0.194967  0.000000 0.000000 1 0 1.000000
0  -1.015106 -4.644999 0.000000  -0.994884 -0.024578 0.097993  0.000000 0.000000 1 0 1.000000
0  -0.995600 -4.644999 0.198037  -0.973645 -0.022811 0.226926  0.000000 0.000000 1 0 1.000000
gold_player
0  -0.344730 -10.645002 0.832257  -0.289873 0.053278 0.955581  0.000000 0.000000 1 0 1.000000
0  -0.274286 -14.644995 1.378942  -0.268170 -0.382964 0.883981  0.000000 0.000000 1 0 1.000000
0  -0.175742 -10.645002 0.883519  -0.289031 0.053283 0.955836  0.000000 0.000000 1 0 1.000000
painted_wood_01
0  -0.563962 -4.644999 0.844029  -0.555401 -0.024729 0.831215  0.298137 0.539763 1 0 1.000000
0  -0.344730 -10.645002 0.832257  -0.289989 0.053250 0.955547  0.298137 0.539763 1 0 1.000000
0  -0.388464 -4.644999 0.937835  -0.352258 -0.022804 0.935625  0.298137 0.539763 1 0 1.000000
painted_wood_01
0  -0.749008 -10.645002 0.500475  -0.830278 0.053502 0.554775  0.298137 0.539763 1 0 1.000000
0  -0.994151 -14.644995 0.994166  -0.651998 -0.386273 0.652450  0.298137 0.539763 1 0 1.000000
0  -0.636979 -10.645002 0.636982  -0.706094 0.053502 0.706094  0.298137 0.539763 1 0 1.000000
painted_wood_01
0  -1.015106 -4.644999 0.000000  -0.999912 -0.013291 -0.000000  0.298137 0.539763 1 0 1.000000
0  -0.883515 -10.645002 0.175745  -0.955617 0.053248 0.289758  0.298137 0.539763 1 0 1.000000
0  -0.995600 -4.644999 0.198037  -0.973646 -0.022804 0.226921  0.298137 0.539763 1 0 1.000000
painted_wood_01
0  -0.900825 -10.645002 0.000000  -0.998568 0.053502 0.000000  0.298137 0.539763 1 0 1.000000
0  -1.378928 -14.644995 0.274301  -0.883622 -0.383989 0.267889  0.298137 0.539763 1 0 1.000000
0  -0.883515 -10.645002 0.175745  -0.955617 0.053248 0.289758  0.298137 0.539763 1 0 1.000000
painted_wood_01
0  -0.844029 -4.644999 0.563962  -0.831215 -0.024680 0.555403  0.298137 0.539763 1 0 1.000000
0  -0.636979 -10.645002 0.636982  -0.706094 0.053502 0.706094  0.298137 0.539763 1 0 1.000000
0  -0.717787 -4.644999 0.717788  -0.706891 -0.024680 0.706892  0.298137 0.539763 1 0 1.000000
painted_wood_01
0  -0.500471 -10.645002 0.749012  -0.554775 0.053503 0.830278  0.298137 0.539763 1 0 1.000000
0  -0.538031 -14.644995 1.298936  -0.267297 -0.391047 0.880701  0.298137 0.539763 1 0 1.000000
0  -0.344730 -10.645002 0.832257  -0.289989 0.053250 0.955547  0.298137 0.539763 1 0 1.000000
gold_player
0  -0.388464 -4.644999 0.937835  -0.352096 -0.022805 0.935686  0.000000 0.000000 1 0 1.000000
0  -0.175742 -10.645002 0.883519  -0.289743 0.053218 0.955624  0.000000 0.000000 1 0 1.000000
0  -0.198037 -4.644999 0.995600  -0.227079 -0.022795 0.973610  0.000000 0.000000 1 0 1.000000
painted_wood_01
0  -0.832253 -10.645002 0.344734  -0.955539 0.053252 0.290016  0.298137 0.539763 1 0 1.000000
0  -1.168998 -14.644995 0.781114  -0.767056 -0.385521 0.512834  0.298137 0.539763 1 0 1.000000
0  -0.749008 -10.645002 0.500475  -0.830278 0.053502 0.554775  0.298137 0.539763 1 0 1.000000
gold_player
0  -0.995600 -4.644999 0.198037  -0.973609 -0.022806 0.227079  0.000000 0.000000 1 0 1.000000
0  -0.832253 -10.645002 0.344734  -0.955546 0.053217 0.290000  0.000000 0.000000 1 0 1.000000
0  -0.937835 -4.644999 0.388464  -0.935686 -0.022796 0.352096  0.000000 0.000000 1 0 1.000000
painted_wood_01
0  -0.717787 -4.644999 0.717788  -0.706891 -0.024680 0.706892  0.298137 0.539763 1 0 1.000000
0  -0.500471 -10.645002 0.749012  -0.554775 0.053503 0.830278  0.298137 0.539763 1 0 1.000000
0  -0.563962 -4.644999 0.844029  -0.555401 -0.024729 0.831215  0.298137 0.539763 1 0 1.000000
painted_wood_01
0  -0.175742 -10.645002 0.883519  -0.289728 0.053253 0.955627  0.298137 0.539763 1 0 1.000000
0  0.000000 -14.644995 1.405957  0.000000 -0.389890 0.920861  0.298137 0.539763 1 0 1.000000
0  0.000000 -10.645002 0.900828  0.000000 0.053502 0.998568  0.298137 0.539763 1 0 1.000000
gold_player
0  -0.447739 6.625002 1.080939  -0.363682 0.311477 0.877905  0.000000 0.000000 1 0 1.000000
0  -0.650017 8.625002 0.972820  -0.507155 0.407643 0.759356  0.000000 0.000000 1 0 1.000000
0  -0.650017 6.625002 0.972820  -0.527877 0.311528 0.790124  0.000000 0.000000 1 0 1.000000
gold_player
0  -0.827315 6.625002 0.827315  -0.671941 0.311520 0.671901  0.000000 0.000000 1 0 1.000000
0  -0.972819 8.625002 0.650017  -0.759425 0.406997 0.507570  0.000000 0.000000 1 0 1.000000
0  -0.972819 6.625002 0.650017  -0.790069 0.311485 0.527985  0.000000 0.000000 1 0 1.000000
painted_wood_01
0  -1.341806 4.019003 0.555794  -0.750881 -0.582632 0.310995  0.298137 0.539763 1 0 1.000000
0  -1.424453 6.231001 0.283341  -0.797115 0.582631 0.158584  0.298137 0.539763 1 0 1.000000
0  -1.424453 4.019003 0.283341  -0.797126 -0.582631 0.158529  0.298137 0.539763 1 0 1.000000
painted_wood_01
0  -0.806888 4.019003 1.207593  -0.451534 -0.582631 0.675765  0.298137 0.539763 1 0 1.000000
0  -1.026974 6.231001 1.026974  -0.574671 0.582632 0.574711  0.298137 0.539763 1 0 1.000000
0  -1.026974 4.019003 1.026974  -0.574711 -0.582632 0.574672  0.298137 0.539763 1 0 1.000000
painted_wood_01
0  -1.424453 4.019003 0.283341  -0.797126 -0.582631 0.158529  0.298137 0.539763 1 0 1.000000
0  -1.452360 6.231001 0.000000  -0.803819 0.594873 -0.000028  0.298137 0.539763 1 0 1.000000
0  -1.452360 4.019003 0.000000  -0.798824 -0.601565 0.000029  0.298137 0.539763 1 0 1.000000
gold_player
0  -0.228256 6.625002 1.147519  -0.213646 0.154948 0.964545  0.000000 0.000000 1 0 1.000000
0  -0.447739 8.625002 1.080939  -0.349225 0.408043 0.843530  0.000000 0.000000 1 0 1.000000
0  -0.447739 6.625002 1.080939  -0.363585 0.311485 0.877943  0.000000 0.000000 1 0 1.000000
gold_player
0  -1.080939 6.625002 0.447740  -0.877917 0.311520 0.363617  0.000000 0.000000 1 0 1.000000
0  -1.147519 8.625002 0.228256  -0.896014 0.406665 0.178274  0.000000 0.000000 1 0 1.000000
0  -1.147519 6.625002 0.228256  -0.931968 0.311528 0.185434  0.000000 0.000000 1 0 1.000000
gold_player
0  -0.650017 6.625002 0.972820  -0.527947 0.311520 0.790080  0.000000 0.000000 1 0 1.000000
0  -0.827315 8.625002 0.827315  -0.645712 0.407311 0.645874  0.000000 0.000000 1 0 1.000000
0  -0.827315 6.625002 0.827315  -0.671882 0.311528 0.671956  0.000000 0.000000 1 0 1.000000
gold_player
0  0.000000 6.625002 1.170000  -0.098016 0.000000 0.995185  0.000000 0.000000 1 0 1.000000
0  -0.228256 8.625002 1.147519  -0.177861 0.408459 0.895280  0.000000 0.000000 1 0 1.000000
0  -0.228256 6.625002 1.147519  -0.213510 0.154940 0.964576  0.000000 0.000000 1 0 1.000000
gold_player
0  -0.972819 6.625002 0.650017  -0.790128 0.311477 0.527901  0.000000 0.000000 1 0 1.000000
0  -1.080939 8.625002 0.447740  -0.843942 0.406810 0.349669  0.000000 0.000000 1 0 1.000000
0  -1.080939 6.625002 0.447740  -0.877883 0.311528 0.363691  0.000000 0.000000 1 0 1.000000
painted_wood_01
0  -1.026974 4.019003 1.026974  -0.574711 -0.582632 0.574672  0.298137 0.539763 1 0 1.000000
0  -1.207593 6.231001 0.806888  -0.675757 0.582631 0.451546  0.298137 0.539763 1 0 1.000000
0  -1.207593 4.019003 0.806888  -0.675768 -0.582631 0.451530  0.298137 0.539763 1 0 1.000000
painted_wood_01
0  0.000000 3.625002 1.170000  0.000027 0.010995 0.999940  0.298137 0.539763 1 0 1.000000
0  -0.555794 4.019003 1.341806  -0.351932 -0.581913 0.733158  0.298137 0.539763 1 0 1.000000
0  -0.228256 3.625002 1.147519  -0.213560 -0.155161 0.964530  0.298137 0.539763 1 0 1.000000
painted_wood_01
0  -1.207593 4.019003 0.806888  -0.675768 -0.582631 0.451530  0.298137 0.539763 1 0 1.000000
0  -1.341806 6.231001 0.555794  -0.750891 0.582591 0.311047  0.298137 0.539763 1 0 1.000000
0  -1.341806 4.019003 0.555794  -0.750881 -0.582632 0.310995  0.298137 0.539763 1 0 1.000000
painted_wood_01
0  -0.555794 4.019003 1.341806  -0.351932 -0.581913 0.733158  0.298137 0.539763 1 0 1.000000
0  -0.806888 6.231001 1.207593  -0.451416 0.582631 0.675844  0.298137 0.539763 1 0 1.000000
0  -0.806888 4.019003 1.207593  -0.451534 -0.582631 0.675765  0.298137 0.539763 1 0 1.000000
gold_player
0  -1.147519 6.625002 0.228256  -0.931986 0.311520 0.185356  0.000000 0.000000 1 0 1.000000
0  -1.170000 8.625002 0.000000  -0.909935 0.404946 0.089645  0.000000 0.000000 1 0 1.000000
0  -1.170000 6.625002 0.000000  -0.946114 0.310138 0.093183  0.000000 0.000000 1 0 1.000000
gold_player
0  -0.972819 1.625002 0.650017  -0.831484 -0.012315 0.555413  0.000000 0.000000 1 0 1.000000
0  -1.080939 3.625002 0.447740  -0.877903 -0.311515 0.363653  0.000000 0.000000 1 0 1.000000
0  -1.080939 1.625002 0.447740  -0.923790 -0.012331 0.382701  0.000000 0.000000 1 0 1.000000
gold_player
0  -0.447739 1.625002 1.080939  -0.382783 -0.012315 0.923756  0.000000 0.000000 1 0 1.000000
0  -0.650017 3.625002 0.972820  -0.527915 -0.311515 0.790104  0.000000 0.000000 1 0 1.000000
0  -0.650017 1.625002 0.972820  -0.555447 -0.012325 0.831461  0.000000 0.000000 1 0 1.000000
gold_player
0  -1.080939 1.625002 0.447740  -0.923845 -0.012321 0.382568  0.000000 0.000000 1 0 1.000000
0  -1.147519 3.625002 0.228256  -0.931980 -0.311515 0.185393  0.000000 0.000000 1 0 1.000000
0  -1.147519 1.625002 0.228256  -0.980692 -0.012325 0.195169  0.000000 0.000000 1 0 1.000000
gold_player
0  -0.650017 1.625002 0.972820  -0.555607 -0.012321 0.831354  0.000000 0.000000 1 0 1.000000
0  -0.827315 3.625002 0.827315  -0.671915 -0.311515 0.671928  0.000000 0.000000 1 0 1.000000
0  -0.827315 1.625002 0.827315  -0.706987 -0.012325 0.707119  0.000000 0.000000 1 0 1.000000
gold_player
0  0.000000 1.625002 1.170000  -0.098008 -0.012272 0.995110  0.000000 0.000000 1 0 1.000000
0  -0.228256 3.625002 1.147519  -0.213516 -0.154936 0.964575  0.000000 0.000000 1 0 1.000000
0  -0.228256 1.625002 1.147519  -0.194981 -0.012325 0.980730  0.000000 0.000000 1 0 1.000000
gold_player
0  -1.147519 1.625002 0.228256  -0.980720 -0.012327 0.195028  0.000000 0.000000 1 0 1.000000
0  -1.170000 3.625002 0.000000  -0.946114 -0.310138 0.093183  0.000000 0.000000 1 0 1.000000
0  -1.170000 1.625002 0.000000  -0.995110 -0.012272 0.098009  0.000000 0.000000 1 0 1.000000
gold_player
0  -0.827315 1.625002 0.827315  -0.707155 -0.012315 0.706951  0.000000 0.000000 1 0 1.000000
0  -0.972819 3.625002 0.650017  -0.790096 -0.311472 0.527952  0.000000 0.000000 1 0 1.000000
0  -0.972819 1.625002 0.650017  -0.831329 -0.012319 0.555644  0.000000 0.000000 1 0 1.000000
gold_player
0  -0.228256 1.625002 1.147519  -0.195170 -0.012321 0.980692  0.000000 0.000000 1 0 1.000000
0  -0.447739 3.625002 1.080939  -0.363626 -0.311472 0.877930  0.000000 0.000000 1 0 1.000000
0  -0.447739 1.625002 1.080939  -0.382524 -0.012319 0.923863  0.000000 0.000000 1 0 1.000000
gold_player
0  -0.806888 6.231001 1.207593  -0.451595 0.582510 0.675828  0.000000 0.000000 1 0 1.000000
0  -0.827315 6.625002 0.827315  -0.671843 0.311735 0.671899  0.000000 0.000000 1 0 1.000000
0  -1.026974 6.231001 1.026974  -0.574740 0.582503 0.574773  0.000000 0.000000 1 0 1.000000
gold_player
0  -1.424453 6.231001 0.283341  -0.797209 0.582510 0.158555  0.000000 0.000000 1 0 1.000000
0  -1.170000 6.625002 0.000000  -0.946034 0.310386 0.093171  0.000000 0.000000 1 0 1.000000
0  -1.452360 6.231001 0.000000  -0.810232 0.580651 0.079802  0.000000 0.000000 1 0 1.000000
gold_player
0  -0.555794 6.231001 1.341806  -0.351897 0.581931 0.733161  0.000000 0.000000 1 0 1.000000
0  -0.650017 6.625002 0.972820  -0.527856 0.311734 0.790057  0.000000 0.000000 1 0 1.000000
0  -0.806888 6.231001 1.207593  -0.451568 0.582502 0.675853  0.000000 0.000000 1 0 1.000000
gold_player
0  -1.341806 6.231001 0.555794  -0.750960 0.582510 0.311032  0.000000 0.000000 1 0 1.000000
0  -1.147519 6.625002 0.228256  -0.931906 0.311734 0.185402  0.000000 0.000000 1 0 1.000000
0  -1.424453 6.231001 0.283341  -0.797208 0.582502 0.158592  0.000000 0.000000 1 0 1.000000
gold_player
0  -1.026974 6.231001 1.026974  -0.574768 0.582511 0.574737  0.000000 0.000000 1 0 1.000000
0  -0.972819 6.625002 0.650017  -0.790017 0.311735 0.527915  0.000000 0.000000 1 0 1.000000
0  -1.207593 6.231001 0.806888  -0.675832 0.582503 0.451599  0.000000 0.000000 1 0 1.000000
painted_wood_01
0  -0.555794 4.019003 1.341806  -0.351932 -0.581913 0.733158  0.298137 0.539763 1 0 1.000000
0  0.000000 6.231001 1.341806  -0.000001 0.220486 0.975390  0.298137 0.539763 1 0 1.000000
0  -0.555794 6.231001 1.341806  -0.351936 0.581948 0.733128  0.298137 0.539763 1 0 1.000000
gold_player
0  -1.424453 4.019003 0.283341  -0.797201 -0.582510 0.158593  0.000000 0.000000 1 0 1.000000
0  -1.080939 3.625002 0.447740  -0.877857 -0.311735 0.363578  0.000000 0.000000 1 0 1.000000
0  -1.341806 4.019003 0.555794  -0.750964 -0.582503 0.311036  0.000000 0.000000 1 0 1.000000
gold_player
0  -1.207593 4.019003 0.806888  -0.675827 -0.582511 0.451596  0.000000 0.000000 1 0 1.000000
0  -0.827315 3.625002 0.827315  -0.671898 -0.311735 0.671844  0.000000 0.000000 1 0 1.000000
0  -1.026974 4.019003 1.026974  -0.574772 -0.582503 0.574741  0.000000 0.000000 1 0 1.000000
gold_player
0  -0.806888 4.019003 1.207593  -0.451569 -0.582501 0.675854  0.000000 0.000000 1 0 1.000000
0  -0.447739 3.625002 1.080939  -0.363650 -0.311736 0.877827  0.000000 0.000000 1 0 1.000000
0  -0.555794 4.019003 1.341806  -0.351898 -0.581929 0.733162  0.000000 0.000000 1 0 1.000000
gold_player
0  -1.207593 6.231001 0.806888  -0.675849 0.582510 0.451564  0.000000 0.000000 1 0 1.000000
0  -1.080939 6.625002 0.447740  -0.877827 0.311735 0.363649  0.000000 0.000000 1 0 1.000000
0  -1.341806 6.231001 0.555794  -0.750948 0.582503 0.311076  0.000000 0.000000 1 0 1.000000
gold_player
0  -1.452360 4.019003 0.000000  -0.810232 -0.580650 0.079802  0.000000 0.000000 1 0 1.000000
0  -1.147519 3.625002 0.228256  -0.931919 -0.311734 0.185333  0.000000 0.000000 1 0 1.000000
0  -1.424453 4.019003 0.283341  -0.797215 -0.582502 0.158556  0.000000 0.000000 1 0 1.000000
gold_player
0  -1.341806 4.019003 0.555794  -0.750942 -0.582511 0.311074  0.000000 0.000000 1 0 1.000000
0  -0.972819 3.625002 0.650017  -0.790057 -0.311735 0.527856  0.000000 0.000000 1 0 1.000000
0  -1.207593 4.019003 0.806888  -0.675853 -0.582503 0.451567  0.000000 0.000000 1 0 1.000000
gold_player
0  -1.026974 4.019003 1.026974  -0.574737 -0.582510 0.574769  0.000000 0.000000 1 0 1.000000
0  -0.650017 3.625002 0.972820  -0.527915 -0.311734 0.790017  0.000000 0.000000 1 0 1.000000
0  -0.806888 4.019003 1.207593  -0.451599 -0.582502 0.675833  0.000000 0.000000 1 0 1.000000
gold_player
0  -1.852499 15.739157 3.208056  -0.497101 0.003838 0.867684  0.000000 0.000000 1 0 1.000000
0  -0.008427 15.004513 2.138515  0.997976 -0.016931 -0.061290  0.000000 0.000000 1 0 1.000000
0  0.000000 15.504158 2.138515  0.816825 -0.566071 0.111183  0.000000 0.000000 1 0 1.000000
gold_player
0  -1.852500 15.504158 1.068973  -0.151068 -0.986862 0.057297  0.000000 0.000000 1 0 1.000000
0  -1.860925 15.239513 3.208057  -0.507641 0.008596 0.861526  0.000000 0.000000 1 0 1.000000
0  -1.852499 15.739157 3.208056  -0.497109 0.003869 0.867680  0.000000 0.000000 1 0 1.000000
gold_player
0  0.000000 15.504158 2.138515  0.816862 -0.566051 0.111009  0.000000 0.000000 1 0 1.000000
0  -1.860927 15.004513 1.068973  0.903314 -0.015239 -0.428710  0.000000 0.000000 1 0 1.000000
0  -1.852500 15.504158 1.068973  -0.151229 -0.986835 0.057334  0.000000 0.000000 1 0 1.000000
gold_player
0  -1.852500 15.504158 1.068973  -0.151151 -0.986846 0.057348  0.000000 0.000000 1 0 1.000000
0  -1.860927 15.004513 0.000000  0.999858 -0.016862 -0.000001  0.000000 0.000000 1 0 1.000000
0  -1.852501 15.504158 0.000000  0.350282 -0.936644 -0.000000  0.000000 0.000000 1 0 1.000000
gold_player
0  -3.704999 15.739157 -0.000567  -0.496256 -0.458011 0.737534  0.000000 0.000000 1 0 1.000000
0  -1.860927 15.004513 1.068973  0.903286 -0.015298 -0.428766  0.000000 0.000000 1 0 1.000000
0  -1.852500 15.504158 1.068973  -0.151130 -0.986854 0.057265  0.000000 0.000000 1 0 1.000000
gold_player
0  -1.852500 20.914156 1.068972  -0.130595 0.988825 0.071902  0.000000 0.000000 1 0 1.000000
0  -0.008427 21.413801 2.138514  0.997974 0.016905 -0.061339  0.000000 0.000000 1 0 1.000000
0  0.000000 20.914156 2.138515  0.568784 0.812935 0.124988  0.000000 0.000000 1 0 1.000000
gold_player
0  -1.852499 20.679157 3.208056  -0.475268 0.294097 0.829233  0.000000 0.000000 1 0 1.000000
0  -1.860930 21.413801 1.068973  0.895995 0.015135 -0.443806  0.000000 0.000000 1 0 1.000000
0  -1.852500 20.914156 1.068972  -0.130536 0.988825 0.072006  0.000000 0.000000 1 0 1.000000
gold_player
0  -1.856717 20.920296 0.000000  0.351774 0.936077 0.003953  0.000000 0.000000 1 0 1.000000
0  -1.860930 21.413801 1.068973  0.895977 0.015061 -0.443845  0.000000 0.000000 1 0 1.000000
0  -1.852500 20.914156 1.068972  -0.130651 0.988817 0.071911  0.000000 0.000000 1 0 1.000000
gold_player
0  -1.852500 20.914156 1.068972  -0.130516 0.988839 0.071855  0.000000 0.000000 1 0 1.000000
0  -3.713427 21.178801 -0.000569  -0.499182 -0.008420 0.866456  0.000000 0.000000 1 0 1.000000
0  -3.704999 20.679157 -0.000569  -0.496321 0.457506 0.737803  0.000000 0.000000 1 0 1.000000
gold_player
0  0.000000 20.914156 2.138515  0.568832 0.812898 0.125007  0.000000 0.000000 1 0 1.000000
0  -1.860925 21.178801 3.208056  -0.507600 -0.008585 0.861550  0.000000 0.000000 1 0 1.000000
0  -1.852499 20.679157 3.208056  -0.475135 0.294171 0.829283  0.000000 0.000000 1 0 1.000000
gold_player
0  -3.704999 18.209158 2.138515  -0.510173 0.000086 0.860072  0.000000 0.000000 1 0 1.000000
0  -3.947838 15.739157 -0.000567  -0.274059 -0.629597 0.726979  0.000000 0.000000 1 0 1.000000
0  -3.704999 15.739157 -0.000567  -0.496231 -0.458013 0.737550  0.000000 0.000000 1 0 1.000000
gold_player
0  -3.704999 20.679157 -0.000569  -0.496290 0.457510 0.737822  0.000000 0.000000 1 0 1.000000
0  -3.947838 18.209158 2.138515  -0.384644 -0.000150 0.923065  0.000000 0.000000 1 0 1.000000
0  -3.704999 18.209158 2.138515  -0.510081 -0.000146 0.860127  0.000000 0.000000 1 0 1.000000
gold_player
0  -4.204999 16.131977 -0.000567  -0.707106 -0.462910 0.534524  0.000000 0.000000 1 0 1.000000
0  -3.947838 18.209158 2.138515  -0.384563 0.000147 0.923099  0.000000 0.000000 1 0 1.000000
0  -4.204999 18.209158 1.798324  -0.797725 -0.000022 0.603021  0.000000 0.000000 1 0 1.000000
gold_player
0  -4.204999 18.209158 1.798324  -0.797713 0.000022 0.603037  0.000000 0.000000 1 0 1.000000
0  -3.947839 20.679157 -0.000569  -0.274220 0.629553 0.726957  0.000000 0.000000 1 0 1.000000
0  -4.204999 20.286337 -0.000567  -0.707107 0.462910 0.534523  0.000000 0.000000 1 0 1.000000
painted_wood_01
0  -4.204999 20.286337 -0.000567  -0.707022 0.463025 0.534535  0.298137 0.539763 1 0 1.000000
0  -4.204999 18.209158 1.496259  -0.887300 0.000000 -0.461193  0.298137 0.539763 1 0 1.000000
0  -4.204999 18.209158 1.798324  -0.797650 -0.000051 0.603121  0.298137 0.539763 1 0 1.000000
painted_wood_01
0  -4.204999 18.209158 1.798324  -0.797650 -0.000051 0.603121  0.298137 0.539763 1 0 1.000000
0  -4.204999 16.480772 -0.000567  -0.839591 0.355620 -0.410635  0.298137 0.539763 1 0 1.000000
0  -4.204999 16.131977 -0.000567  -0.707022 -0.462912 0.534633  0.298137 0.539763 1 0 1.000000
painted_wood_01
0  -3.704999 18.209158 2.138515  -0.509945 0.000087 0.860207  0.298137 0.539763 1 0 1.000000
0  -2.102728 16.480772 3.641458  0.000018 1.000000 0.000147  0.298137 0.539763 1 0 1.000000
0  -3.399020 18.209158 2.893043  0.866026 0.000076 0.499999  0.298137 0.539763 1 0 1.000000
gold_player
0  -2.102728 19.937542 3.641458  0.000123 -1.000000 0.000017  0.000000 0.000000 1 0 1.000000
0  -0.656439 18.209158 4.130063  -0.994836 0.000133 0.101492  0.000000 0.000000 1 0 1.000000
0  -0.806439 18.209158 4.389869  -0.866027 0.000126 -0.499997  0.000000 0.000000 1 0 1.000000
gold_player
0  -0.656439 18.209158 4.130063  -0.994842 0.000000 0.101438  0.000000 0.000000 1 0 1.000000
0  -3.249020 18.209158 2.633235  0.409572 0.000029 0.912278  0.000000 0.000000 1 0 1.000000
0  -1.952728 16.480772 3.381650  -0.285110 0.821530 0.493763  0.000000 0.000000 1 0 1.000000
gold_player
0  -3.399020 18.209158 2.893043  0.866047 0.000124 0.499963  0.000000 0.000000 1 0 1.000000
0  -1.952728 19.937542 3.381650  -0.285099 -0.821533 0.493763  0.000000 0.000000 1 0 1.000000
0  -2.102728 19.937542 3.641458  -0.000100 -1.000000 -0.000059  0.000000 0.000000 1 0 1.000000
gold_player
0  -0.806439 18.209158 4.389869  -0.866006 -0.000126 -0.500035  0.000000 0.000000 1 0 1.000000
0  -1.952728 16.480772 3.381650  -0.285063 0.821532 0.493786  0.000000 0.000000 1 0 1.000000
0  -2.102728 16.480772 3.641458  0.000098 1.000000 0.000058  0.000000 0.000000 1 0 1.000000
gold_player
0  -2.102728 16.480772 3.641458  -0.000076 1.000000 -0.000099  0.000000 0.000000 1 0 1.000000
0  -3.249020 18.209158 2.633235  0.409525 -0.000133 0.912299  0.000000 0.000000 1 0 1.000000
0  -3.399020 18.209158 2.893043  0.866025 -0.000125 0.500000  0.000000 0.000000 1 0 1.000000
gold_player
0  0.000000 8.625002 1.170000  -0.089083 0.408154 0.908557  0.000000 0.000000 1 0 1.000000
0  -0.011947 9.625004 0.000000  -0.189891 0.795578 0.575324  0.000000 0.000000 1 0 1.000000
0  -0.228256 8.625002 1.147519  -0.177884 0.408449 0.895280  0.000000 0.000000 1 0 1.000000
gold_player
0  0.000000 8.625002 1.170000  -0.089084 0.408126 0.908569  0.000000 0.000000 1 0 1.000000
0  0.011947 9.625004 0.000000  -0.000123 0.760173 0.649721  0.000000 0.000000 1 0 1.000000
0  0.000000 9.625002 0.000000  -0.000123 0.760173 0.649721  0.000000 0.000000 1 0 1.000000
c_invasion_wrangler_laser
0  -2.413950 11.949177 0.000000  -0.999998 -0.001939 0.000000  0.000000 0.000000 1 0 1.000000
0  -1.892105 11.647890 0.000000  0.409343 -0.912381 0.000000  0.000000 0.000000 1 0 1.000000
0  -1.851672 11.647890 0.201594  0.463149 -0.878340 -0.118375  0.000000 0.000000 1 0 1.000000
c_invasion_wrangler_laser
0  -1.892105 11.647890 0.000000  0.409343 -0.912381 0.000000  0.000000 0.000000 1 0 1.000000
0  -1.892105 12.250463 0.000000  0.412349 0.911026 0.000000  0.000000 0.000000 1 0 1.000000
0  -1.851672 12.250463 0.201594  0.464931 0.877697 -0.116132  0.000000 0.000000 1 0 1.000000
c_invasion_wrangler_laser
0  -1.892105 12.250463 0.000000  0.412349 0.911026 0.000000  0.000000 0.000000 1 0 1.000000
0  -2.413950 11.949177 0.000000  -0.999998 -0.001939 0.000000  0.000000 0.000000 1 0 1.000000
0  -2.363490 11.949177 0.303401  -0.973619 -0.001154 0.228175  0.000000 0.000000 1 0 1.000000
c_invasion_wrangler_laser
0  -2.363490 11.949177 0.303401  -0.973619 -0.001154 0.228175  0.000000 0.000000 1 0 1.000000
0  -1.851672 11.647890 0.201594  0.463149 -0.878340 -0.118375  0.000000 0.000000 1 0 1.000000
0  -1.731931 11.647890 0.596330  0.422433 -0.889344 -0.174980  0.000000 0.000000 1 0 1.000000
c_invasion_wrangler_laser
0  -1.851672 11.647890 0.201594  0.463149 -0.878340 -0.118375  0.000000 0.000000 1 0 1.000000
0  -1.851672 12.250463 0.201594  0.464931 0.877697 -0.116132  0.000000 0.000000 1 0 1.000000
0  -1.731931 12.250463 0.596330  0.422434 0.889344 -0.174978  0.000000 0.000000 1 0 1.000000
c_invasion_wrangler_laser
0  -1.851672 12.250463 0.201594  0.464931 0.877697 -0.116132  0.000000 0.000000 1 0 1.000000
0  -2.363490 11.949177 0.303401  -0.973619 -0.001154 0.228175  0.000000 0.000000 1 0 1.000000
0  -2.214053 11.949177 0.796032  -0.923880 -0.000000 0.382683  0.000000 0.000000 1 0 1.000000
c_invasion_wrangler_laser
0  -2.214053 11.949177 0.796032  -0.923880 -0.000000 0.382683  0.000000 0.000000 1 0 1.000000
0  -1.731931 11.647890 0.596330  0.422433 -0.889344 -0.174980  0.000000 0.000000 1 0 1.000000
0  -1.537480 11.647890 0.960122  0.380181 -0.889344 -0.254029  0.000000 0.000000 1 0 1.000000
c_invasion_wrangler_laser
0  -1.731931 11.647890 0.596330  0.422433 -0.889344 -0.174980  0.000000 0.000000 1 0 1.000000
0  -1.731931 12.250463 0.596330  0.422434 0.889344 -0.174978  0.000000 0.000000 1 0 1.000000
0  -1.537480 12.250463 0.960122  0.380182 0.889343 -0.254027  0.000000 0.000000 1 0 1.000000
c_invasion_wrangler_laser
0  -1.731931 12.250463 0.596330  0.422434 0.889344 -0.174978  0.000000 0.000000 1 0 1.000000
0  -2.214053 11.949177 0.796032  -0.923880 -0.000000 0.382683  0.000000 0.000000 1 0 1.000000
0  -1.971379 11.949177 1.250043  -0.831469 -0.000000 0.555570  0.000000 0.000000 1 0 1.000000
c_invasion_wrangler_laser
0  -1.971379 11.949177 1.250043  -0.831469 -0.000000 0.555570  0.000000 0.000000 1 0 1.000000
0  -1.537480 11.647890 0.960122  0.380181 -0.889344 -0.254029  0.000000 0.000000 1 0 1.000000
0  -1.275794 11.647890 1.278987  0.323316 -0.889344 -0.323318  0.000000 0.000000 1 0 1.000000
c_invasion_wrangler_laser
0  -1.537480 11.647890 0.960122  0.380181 -0.889344 -0.254029  0.000000 0.000000 1 0 1.000000
0  -1.537480 12.250463 0.960122  0.380182 0.889343 -0.254027  0.000000 0.000000 1 0 1.000000
0  -1.275794 12.250463 1.278987  0.323318 0.889344 -0.323316  0.000000 0.000000 1 0 1.000000
c_invasion_wrangler_laser
0  -1.537480 12.250463 0.960122  0.380182 0.889343 -0.254027  0.000000 0.000000 1 0 1.000000
0  -1.971379 11.949177 1.250043  -0.831469 -0.000000 0.555570  0.000000 0.000000 1 0 1.000000
0  -1.644794 11.949177 1.647988  -0.707108 -0.000001 0.707106  0.000000 0.000000 1 0 1.000000
c_invasion_wrangler_laser
0  -1.644794 11.949177 1.647988  -0.707108 -0.000001 0.707106  0.000000 0.000000 1 0 1.000000
0  -1.275794 11.647890 1.278987  0.323316 -0.889344 -0.323318  0.000000 0.000000 1 0 1.000000
0  -0.956928 11.647890 1.540673  0.254028 -0.889343 -0.380182  0.000000 0.000000 1 0 1.000000
c_invasion_wrangler_laser
0  -1.275794 11.647890 1.278987  0.323316 -0.889344 -0.323318  0.000000 0.000000 1 0 1.000000
0  -1.275794 12.250463 1.278987  0.323318 0.889344 -0.323316  0.000000 0.000000 1 0 1.000000
0  -0.956928 12.250465 1.540673  0.254029 0.889344 -0.380179  0.000000 0.000000 1 0 1.000000
c_invasion_wrangler_laser
0  -1.275794 12.250463 1.278987  0.323318 0.889344 -0.323316  0.000000 0.000000 1 0 1.000000
0  -1.644794 11.949177 1.647988  -0.707108 -0.000001 0.707106  0.000000 0.000000 1 0 1.000000
0  -1.246850 11.949177 1.974572  -0.555571 -0.000001 0.831469  0.000000 0.000000 1 0 1.000000
c_invasion_wrangler_laser
0  -1.246850 11.949177 1.974572  -0.555571 -0.000001 0.831469  0.000000 0.000000 1 0 1.000000
0  -0.956928 11.647890 1.540673  0.254028 -0.889343 -0.380182  0.000000 0.000000 1 0 1.000000
0  -0.593138 11.647890 1.735124  0.174976 -0.889343 -0.422435  0.000000 0.000000 1 0 1.000000
c_invasion_wrangler_laser
0  -0.956928 11.647890 1.540673  0.254028 -0.889343 -0.380182  0.000000 0.000000 1 0 1.000000
0  -0.956928 12.250465 1.540673  0.254029 0.889344 -0.380179  0.000000 0.000000 1 0 1.000000
0  -0.593138 12.250465 1.735124  0.174980 0.889345 -0.422431  0.000000 0.000000 1 0 1.000000
c_invasion_wrangler_laser
0  -0.956928 12.250465 1.540673  0.254029 0.889344 -0.380179  0.000000 0.000000 1 0 1.000000
0  -1.246850 11.949177 1.974572  -0.555571 -0.000001 0.831469  0.000000 0.000000 1 0 1.000000
0  -0.792840 11.949177 2.217246  -0.382684 -0.000002 0.923879  0.000000 0.000000 1 0 1.000000
c_invasion_wrangler_laser
0  -0.792840 11.949177 2.217246  -0.382684 -0.000002 0.923879  0.000000 0.000000 1 0 1.000000
0  -0.593138 11.647890 1.735124  0.174976 -0.889343 -0.422435  0.000000 0.000000 1 0 1.000000
0  -0.198402 11.647890 1.854865  0.117014 -0.877338 -0.465388  0.000000 0.000000 1 0 1.000000
c_invasion_wrangler_laser
0  -0.593138 11.647890 1.735124  0.174976 -0.889343 -0.422435  0.000000 0.000000 1 0 1.000000
0  -0.593138 12.250465 1.735124  0.174980 0.889345 -0.422431  0.000000 0.000000 1 0 1.000000
0  -0.198402 12.250465 1.854865  0.119325 0.878003 -0.463543  0.000000 0.000000 1 0 1.000000
c_invasion_wrangler_laser
0  -0.593138 12.250465 1.735124  0.174980 0.889345 -0.422431  0.000000 0.000000 1 0 1.000000
0  -0.792840 11.949177 2.217246  -0.382684 -0.000002 0.923879  0.000000 0.000000 1 0 1.000000
0  -0.300209 11.949177 2.366684  -0.229043 0.001188 0.973415  0.000000 0.000000 1 0 1.000000
c_invasion_wrangler_laser
0  -0.300209 11.949177 2.366684  -0.229043 0.001188 0.973415  0.000000 0.000000 1 0 1.000000
0  -0.198402 11.647890 1.854865  0.117014 -0.877338 -0.465388  0.000000 0.000000 1 0 1.000000
0  0.000000 11.647890 1.895298  0.000000 -0.911679 -0.410903  0.000000 0.000000 1 0 1.000000
c_invasion_wrangler_laser
0  -0.198402 11.647890 1.854865  0.117014 -0.877338 -0.465388  0.000000 0.000000 1 0 1.000000
0  -0.198402 12.250465 1.854865  0.119325 0.878003 -0.463543  0.000000 0.000000 1 0 1.000000
0  0.000000 12.250465 1.895298  -0.000000 0.913079 -0.407783  0.000000 0.000000 1 0 1.000000
c_invasion_wrangler_laser
0  -0.198402 12.250465 1.854865  0.119325 0.878003 -0.463543  0.000000 0.000000 1 0 1.000000
0  -0.300209 11.949177 2.366684  -0.229043 0.001188 0.973415  0.000000 0.000000 1 0 1.000000
0  0.000000 11.949177 2.417143  0.000000 0.001996 0.999998  0.000000 0.000000 1 0 1.000000
c_invasion_wrangler_laser
0  -2.413950 10.714703 0.000000  -0.999998 -0.001940 0.000000  0.000000 0.000000 1 0 1.000000
0  -1.892105 10.413417 0.000000  0.409344 -0.912380 0.000000  0.000000 0.000000 1 0 1.000000
0  -1.851672 10.413417 0.201594  0.463149 -0.878339 -0.118374  0.000000 0.000000 1 0 1.000000
c_invasion_wrangler_laser
0  -1.892105 10.413417 0.000000  0.409344 -0.912380 0.000000  0.000000 0.000000 1 0 1.000000
0  -1.892105 11.015989 0.000000  0.412350 0.911026 0.000000  0.000000 0.000000 1 0 1.000000
0  -1.851672 11.015989 0.201594  0.464931 0.877698 -0.116128  0.000000 0.000000 1 0 1.000000
c_invasion_wrangler_laser
0  -1.892105 11.015989 0.000000  0.412350 0.911026 0.000000  0.000000 0.000000 1 0 1.000000
0  -2.413950 10.714703 0.000000  -0.999998 -0.001940 0.000000  0.000000 0.000000 1 0 1.000000
0  -2.363490 10.714703 0.303401  -0.973620 -0.001155 0.228174  0.000000 0.000000 1 0 1.000000
c_invasion_wrangler_laser
0  -2.363490 10.714703 0.303401  -0.973620 -0.001155 0.228174  0.000000 0.000000 1 0 1.000000
0  -1.851672 10.413417 0.201594  0.463149 -0.878339 -0.118374  0.000000 0.000000 1 0 1.000000
0  -1.731931 10.413417 0.596330  0.422433 -0.889344 -0.174980  0.000000 0.000000 1 0 1.000000
c_invasion_wrangler_laser
0  -1.851672 10.413417 0.201594  0.463149 -0.878339 -0.118374  0.000000 0.000000 1 0 1.000000
0  -1.851672 11.015989 0.201594  0.464931 0.877698 -0.116128  0.000000 0.000000 1 0 1.000000
0  -1.731931 11.015989 0.596330  0.422435 0.889344 -0.174975  0.000000 0.000000 1 0 1.000000
c_invasion_wrangler_laser
0  -1.851672 11.015989 0.201594  0.464931 0.877698 -0.116128  0.000000 0.000000 1 0 1.000000
0  -2.363490 10.714703 0.303401  -0.973620 -0.001155 0.228174  0.000000 0.000000 1 0 1.000000
0  -2.214053 10.714703 0.796032  -0.923879 -0.000001 0.382684  0.000000 0.000000 1 0 1.000000
c_invasion_wrangler_laser
0  -2.214053 10.714703 0.796032  -0.923879 -0.000001 0.382684  0.000000 0.000000 1 0 1.000000
0  -1.731931 10.413417 0.596330  0.422433 -0.889344 -0.174980  0.000000 0.000000 1 0 1.000000
0  -1.537480 10.413417 0.960122  0.380181 -0.889343 -0.254030  0.000000 0.000000 1 0 1.000000
c_invasion_wrangler_laser
0  -1.731931 10.413417 0.596330  0.422433 -0.889344 -0.174980  0.000000 0.000000 1 0 1.000000
0  -1.731931 11.015989 0.596330  0.422435 0.889344 -0.174975  0.000000 0.000000 1 0 1.000000
0  -1.537480 11.015989 0.960122  0.380182 0.889344 -0.254027  0.000000 0.000000 1 0 1.000000
c_invasion_wrangler_laser
0  -1.731931 11.015989 0.596330  0.422435 0.889344 -0.174975  0.000000 0.000000 1 0 1.000000
0  -2.214053 10.714703 0.796032  -0.923879 -0.000001 0.382684  0.000000 0.000000 1 0 1.000000
0  -1.971379 10.714703 1.250043  -0.831469 -0.000001 0.555571  0.000000 0.000000 1 0 1.000000
c_invasion_wrangler_laser
0  -1.971379 10.714703 1.250043  -0.831469 -0.000001 0.555571  0.000000 0.000000 1 0 1.000000
0  -1.537480 10.413417 0.960122  0.380181 -0.889343 -0.254030  0.000000 0.000000 1 0 1.000000
0  -1.275794 10.413417 1.278987  0.323316 -0.889344 -0.323318  0.000000 0.000000 1 0 1.000000
c_invasion_wrangler_laser
0  -1.537480 10.413417 0.960122  0.380181 -0.889343 -0.254030  0.000000 0.000000 1 0 1.000000
0  -1.537480 11.015989 0.960122  0.380182 0.889344 -0.254027  0.000000 0.000000 1 0 1.000000
0  -1.275794 11.015989 1.278987  0.323317 0.889344 -0.323317  0.000000 0.000000 1 0 1.000000
c_invasion_wrangler_laser
0  -1.537480 11.015989 0.960122  0.380182 0.889344 -0.254027  0.000000 0.000000 1 0 1.000000
0  -1.971379 10.714703 1.250043  -0.831469 -0.000001 0.555571  0.000000 0.000000 1 0 1.000000
0  -1.644794 10.714703 1.647988  -0.707107 -0.000001 0.707106  0.000000 0.000000 1 0 1.000000
c_invasion_wrangler_laser
0  -1.644794 10.714703 1.647988  -0.707107 -0.000001 0.707106  0.000000 0.000000 1 0 1.000000
0  -1.275794 10.413417 1.278987  0.323316 -0.889344 -0.323318  0.000000 0.000000 1 0 1.000000
0  -0.956928 10.413417 1.540673  0.254027 -0.889343 -0.380183  0.000000 0.000000 1 0 1.000000
c_invasion_wrangler_laser
0  -1.275794 10.413417 1.278987  0.323316 -0.889344 -0.323318  0.000000 0.000000 1 0 1.000000
0  -1.275794 11.015989 1.278987  0.323317 0.889344 -0.323317  0.000000 0.000000 1 0 1.000000
0  -0.956928 11.015992 1.540673  0.254028 0.889345 -0.380178  0.000000 0.000000 1 0 1.000000
c_invasion_wrangler_laser
0  -1.275794 11.015989 1.278987  0.323317 0.889344 -0.323317  0.000000 0.000000 1 0 1.000000
0  -1.644794 10.714703 1.647988  -0.707107 -0.000001 0.707106  0.000000 0.000000 1 0 1.000000
0  -1.246850 10.714703 1.974572  -0.555571 -0.000002 0.831469  0.000000 0.000000 1 0 1.000000
c_invasion_wrangler_laser
0  -1.246850 10.714703 1.974572  -0.555571 -0.000002 0.831469  0.000000 0.000000 1 0 1.000000
0  -0.956928 10.413417 1.540673  0.254027 -0.889343 -0.380183  0.000000 0.000000 1 0 1.000000
0  -0.593138 10.413417 1.735124  0.174976 -0.889343 -0.422436  0.000000 0.000000 1 0 1.000000
c_invasion_wrangler_laser
0  -0.956928 10.413417 1.540673  0.254027 -0.889343 -0.380183  0.000000 0.000000 1 0 1.000000
0  -0.956928 11.015992 1.540673  0.254028 0.889345 -0.380178  0.000000 0.000000 1 0 1.000000
0  -0.593138 11.015992 1.735124  0.174979 0.889345 -0.422431  0.000000 0.000000 1 0 1.000000
c_invasion_wrangler_laser
0  -0.956928 11.015992 1.540673  0.254028 0.889345 -0.380178  0.000000 0.000000 1 0 1.000000
0  -1.246850 10.714703 1.974572  -0.555571 -0.000002 0.831469  0.000000 0.000000 1 0 1.000000
0  -0.792840 10.714703 2.217246  -0.382684 -0.000003 0.923879  0.000000 0.000000 1 0 1.000000
c_invasion_wrangler_laser
0  -0.792840 10.714703 2.217246  -0.382684 -0.000003 0.923879  0.000000 0.000000 1 0 1.000000
0  -0.593138 10.413417 1.735124  0.174976 -0.889343 -0.422436  0.000000 0.000000 1 0 1.000000
0  -0.198402 10.413417 1.854865  0.117014 -0.877338 -0.465389  0.000000 0.000000 1 0 1.000000
c_invasion_wrangler_laser
0  -0.593138 10.413417 1.735124  0.174976 -0.889343 -0.422436  0.000000 0.000000 1 0 1.000000
0  -0.593138 11.015992 1.735124  0.174979 0.889345 -0.422431  0.000000 0.000000 1 0 1.000000
0  -0.198402 11.015992 1.854865  0.119325 0.878003 -0.463543  0.000000 0.000000 1 0 1.000000
c_invasion_wrangler_laser
0  -0.593138 11.015992 1.735124  0.174979 0.889345 -0.422431  0.000000 0.000000 1 0 1.000000
0  -0.792840 10.714703 2.217246  -0.382684 -0.000003 0.923879  0.000000 0.000000 1 0 1.000000
0  -0.300209 10.714703 2.366684  -0.229044 0.001187 0.973415  0.000000 0.000000 1 0 1.000000
c_invasion_wrangler_laser
0  -0.300209 10.714703 2.366684  -0.229044 0.001187 0.973415  0.000000 0.000000 1 0 1.000000
0  -0.198402 10.413417 1.854865  0.117014 -0.877338 -0.465389  0.000000 0.000000 1 0 1.000000
0  0.000000 10.413417 1.895298  0.000000 -0.911679 -0.410904  0.000000 0.000000 1 0 1.000000
c_invasion_wrangler_laser
0  -0.198402 10.413417 1.854865  0.117014 -0.877338 -0.465389  0.000000 0.000000 1 0 1.000000
0  -0.198402 11.015992 1.854865  0.119325 0.878003 -0.463543  0.000000 0.000000 1 0 1.000000
0  0.000000 11.015992 1.895298  0.000000 0.913079 -0.407783  0.000000 0.000000 1 0 1.000000
c_invasion_wrangler_laser
0  -0.198402 11.015992 1.854865  0.119325 0.878003 -0.463543  0.000000 0.000000 1 0 1.000000
0  -0.300209 10.714703 2.366684  -0.229044 0.001187 0.973415  0.000000 0.000000 1 0 1.000000
0  0.000000 10.714703 2.417143  0.000000 0.001996 0.999998  0.000000 0.000000 1 0 1.000000
c_invasion_wrangler_laser
0  -2.413950 13.183650 0.000000  -0.999998 -0.001939 0.000000  0.000000 0.000000 1 0 1.000000
0  -1.892105 12.882363 0.000000  0.409343 -0.912380 0.000000  0.000000 0.000000 1 0 1.000000
0  -1.851672 12.882363 0.201594  0.463149 -0.878340 -0.118374  0.000000 0.000000 1 0 1.000000
c_invasion_wrangler_laser
0  -1.892105 12.882363 0.000000  0.409343 -0.912380 0.000000  0.000000 0.000000 1 0 1.000000
0  -1.892105 13.484937 0.000000  0.412349 0.911026 -0.000000  0.000000 0.000000 1 0 1.000000
0  -1.851672 13.484937 0.201594  0.464931 0.877698 -0.116130  0.000000 0.000000 1 0 1.000000
c_invasion_wrangler_laser
0  -1.892105 13.484937 0.000000  0.412349 0.911026 -0.000000  0.000000 0.000000 1 0 1.000000
0  -2.413950 13.183650 0.000000  -0.999998 -0.001939 0.000000  0.000000 0.000000 1 0 1.000000
0  -2.363490 13.183650 0.303401  -0.973619 -0.001154 0.228176  0.000000 0.000000 1 0 1.000000
c_invasion_wrangler_laser
0  -2.363490 13.183650 0.303401  -0.973619 -0.001154 0.228176  0.000000 0.000000 1 0 1.000000
0  -1.851672 12.882363 0.201594  0.463149 -0.878340 -0.118374  0.000000 0.000000 1 0 1.000000
0  -1.731931 12.882363 0.596330  0.422433 -0.889344 -0.174979  0.000000 0.000000 1 0 1.000000
c_invasion_wrangler_laser
0  -1.851672 12.882363 0.201594  0.463149 -0.878340 -0.118374  0.000000 0.000000 1 0 1.000000
0  -1.851672 13.484937 0.201594  0.464931 0.877698 -0.116130  0.000000 0.000000 1 0 1.000000
0  -1.731931 13.484937 0.596330  0.422436 0.889344 -0.174973  0.000000 0.000000 1 0 1.000000
c_invasion_wrangler_laser
0  -1.851672 13.484937 0.201594  0.464931 0.877698 -0.116130  0.000000 0.000000 1 0 1.000000
0  -2.363490 13.183650 0.303401  -0.973619 -0.001154 0.228176  0.000000 0.000000 1 0 1.000000
0  -2.214053 13.183650 0.796032  -0.923879 0.000000 0.382684  0.000000 0.000000 1 0 1.000000
c_invasion_wrangler_laser
0  -2.214053 13.183650 0.796032  -0.923879 0.000000 0.382684  0.000000 0.000000 1 0 1.000000
0  -1.731931 12.882363 0.596330  0.422433 -0.889344 -0.174979  0.000000 0.000000 1 0 1.000000
0  -1.537480 12.882363 0.960122  0.380180 -0.889343 -0.254032  0.000000 0.000000 1 0 1.000000
c_invasion_wrangler_laser
0  -1.731931 12.882363 0.596330  0.422433 -0.889344 -0.174979  0.000000 0.000000 1 0 1.000000
0  -1.731931 13.484937 0.596330  0.422436 0.889344 -0.174973  0.000000 0.000000 1 0 1.000000
0  -1.537480 13.484937 0.960122  0.380183 0.889344 -0.254025  0.000000 0.000000 1 0 1.000000
c_invasion_wrangler_laser
0  -1.731931 13.484937 0.596330  0.422436 0.889344 -0.174973  0.000000 0.000000 1 0 1.000000
0  -2.214053 13.183650 0.796032  -0.923879 0.000000 0.382684  0.000000 0.000000 1 0 1.000000
0  -1.971379 13.183650 1.250043  -0.831470 0.000000 0.555570  0.000000 0.000000 1 0 1.000000
c_invasion_wrangler_laser
0  -1.971379 13.183650 1.250043  -0.831470 0.000000 0.555570  0.000000 0.000000 1 0 1.000000
0  -1.537480 12.882363 0.960122  0.380180 -0.889343 -0.254032  0.000000 0.000000 1 0 1.000000
0  -1.275794 12.882363 1.278987  0.323315 -0.889343 -0.323320  0.000000 0.000000 1 0 1.000000
c_invasion_wrangler_laser
0  -1.537480 12.882363 0.960122  0.380180 -0.889343 -0.254032  0.000000 0.000000 1 0 1.000000
0  -1.537480 13.484937 0.960122  0.380183 0.889344 -0.254025  0.000000 0.000000 1 0 1.000000
0  -1.275794 13.484937 1.278987  0.323318 0.889344 -0.323315  0.000000 0.000000 1 0 1.000000
c_invasion_wrangler_laser
0  -1.537480 13.484937 0.960122  0.380183 0.889344 -0.254025  0.000000 0.000000 1 0 1.000000
0  -1.971379 13.183650 1.250043  -0.831470 0.000000 0.555570  0.000000 0.000000 1 0 1.000000
0  -1.644794 13.183650 1.647988  -0.707106 0.000000 0.707107  0.000000 0.000000 1 0 1.000000
c_invasion_wrangler_laser
0  -1.644794 13.183650 1.647988  -0.707106 0.000000 0.707107  0.000000 0.000000 1 0 1.000000
0  -1.275794 12.882363 1.278987  0.323315 -0.889343 -0.323320  0.000000 0.000000 1 0 1.000000
0  -0.956928 12.882363 1.540673  0.254027 -0.889343 -0.380182  0.000000 0.000000 1 0 1.000000
c_invasion_wrangler_laser
0  -1.275794 12.882363 1.278987  0.323315 -0.889343 -0.323320  0.000000 0.000000 1 0 1.000000
0  -1.275794 13.484937 1.278987  0.323318 0.889344 -0.323315  0.000000 0.000000 1 0 1.000000
0  -0.956928 13.484939 1.540673  0.254029 0.889344 -0.380180  0.000000 0.000000 1 0 1.000000
c_invasion_wrangler_laser
0  -1.275794 13.484937 1.278987  0.323318 0.889344 -0.323315  0.000000 0.000000 1 0 1.000000
0  -1.644794 13.183650 1.647988  -0.707106 0.000000 0.707107  0.000000 0.000000 1 0 1.000000
0  -1.246850 13.183650 1.974572  -0.555571 -0.000001 0.831469  0.000000 0.000000 1 0 1.000000
c_invasion_wrangler_laser
0  -1.246850 13.183650 1.974572  -0.555571 -0.000001 0.831469  0.000000 0.000000 1 0 1.000000
0  -0.956928 12.882363 1.540673  0.254027 -0.889343 -0.380182  0.000000 0.000000 1 0 1.000000
0  -0.593138 12.882363 1.735124  0.174976 -0.889344 -0.422435  0.000000 0.000000 1 0 1.000000
c_invasion_wrangler_laser
0  -0.956928 12.882363 1.540673  0.254027 -0.889343 -0.380182  0.000000 0.000000 1 0 1.000000
0  -0.956928 13.484939 1.540673  0.254029 0.889344 -0.380180  0.000000 0.000000 1 0 1.000000
0  -0.593138 13.484939 1.735124  0.174980 0.889344 -0.422433  0.000000 0.000000 1 0 1.000000
c_invasion_wrangler_laser
0  -0.956928 13.484939 1.540673  0.254029 0.889344 -0.380180  0.000000 0.000000 1 0 1.000000
0  -1.246850 13.183650 1.974572  -0.555571 -0.000001 0.831469  0.000000 0.000000 1 0 1.000000
0  -0.792840 13.183650 2.217246  -0.382684 -0.000001 0.923879  0.000000 0.000000 1 0 1.000000
c_invasion_wrangler_laser
0  -0.792840 13.183650 2.217246  -0.382684 -0.000001 0.923879  0.000000 0.000000 1 0 1.000000
0  -0.593138 12.882363 1.735124  0.174976 -0.889344 -0.422435  0.000000 0.000000 1 0 1.000000
0  -0.198402 12.882363 1.854865  0.117014 -0.877338 -0.465388  0.000000 0.000000 1 0 1.000000
c_invasion_wrangler_laser
0  -0.593138 12.882363 1.735124  0.174976 -0.889344 -0.422435  0.000000 0.000000 1 0 1.000000
0  -0.593138 13.484939 1.735124  0.174980 0.889344 -0.422433  0.000000 0.000000 1 0 1.000000
0  -0.198402 13.484939 1.854865  0.119325 0.878003 -0.463544  0.000000 0.000000 1 0 1.000000
c_invasion_wrangler_laser
0  -0.593138 13.484939 1.735124  0.174980 0.889344 -0.422433  0.000000 0.000000 1 0 1.000000
0  -0.792840 13.183650 2.217246  -0.382684 -0.000001 0.923879  0.000000 0.000000 1 0 1.000000
0  -0.300209 13.183650 2.366684  -0.229043 0.001189 0.973415  0.000000 0.000000 1 0 1.000000
c_invasion_wrangler_laser
0  -0.300209 13.183650 2.366684  -0.229043 0.001189 0.973415  0.000000 0.000000 1 0 1.000000
0  -0.198402 12.882363 1.854865  0.117014 -0.877338 -0.465388  0.000000 0.000000 1 0 1.000000
0  0.000000 12.882363 1.895298  0.000000 -0.911679 -0.410903  0.000000 0.000000 1 0 1.000000
c_invasion_wrangler_laser
0  -0.198402 12.882363 1.854865  0.117014 -0.877338 -0.465388  0.000000 0.000000 1 0 1.000000
0  -0.198402 13.484939 1.854865  0.119325 0.878003 -0.463544  0.000000 0.000000 1 0 1.000000
0  0.000000 13.484939 1.895298  -0.000000 0.913079 -0.407783  0.000000 0.000000 1 0 1.000000
c_invasion_wrangler_laser
0  -0.198402 13.484939 1.854865  0.119325 0.878003 -0.463544  0.000000 0.000000 1 0 1.000000
0  -0.300209 13.183650 2.366684  -0.229043 0.001189 0.973415  0.000000 0.000000 1 0 1.000000
0  0.000000 13.183650 2.417143  0.000000 0.001996 0.999998  0.000000 0.000000 1 0 1.000000
c_invasion_wrangler_laser
0  -0.198402 9.781521 1.854865  0.119325 0.878003 -0.463544  0.000000 0.000000 1 0 1.000000
0  -0.300209 9.480232 2.366684  -0.229043 0.001189 0.973415  0.000000 0.000000 1 0 1.000000
0  0.000000 9.480232 2.417143  0.000000 0.001998 0.999998  0.000000 0.000000 1 0 1.000000
c_invasion_wrangler_laser
0  -0.198402 9.178946 1.854865  0.117014 -0.877338 -0.465388  0.000000 0.000000 1 0 1.000000
0  -0.198402 9.781521 1.854865  0.119325 0.878003 -0.463544  0.000000 0.000000 1 0 1.000000
0  0.000000 9.781521 1.895298  -0.000000 0.913079 -0.407783  0.000000 0.000000 1 0 1.000000
c_invasion_wrangler_laser
0  -0.300209 9.480232 2.366684  -0.229043 0.001189 0.973415  0.000000 0.000000 1 0 1.000000
0  -0.198402 9.178946 1.854865  0.117014 -0.877338 -0.465388  0.000000 0.000000 1 0 1.000000
0  0.000000 9.178946 1.895298  0.000000 -0.911679 -0.410904  0.000000 0.000000 1 0 1.000000
c_invasion_wrangler_laser
0  -0.593138 9.781521 1.735124  0.174980 0.889345 -0.422431  0.000000 0.000000 1 0 1.000000
0  -0.792840 9.480232 2.217246  -0.382683 -0.000002 0.923880  0.000000 0.000000 1 0 1.000000
0  -0.300209 9.480232 2.366684  -0.229043 0.001189 0.973415  0.000000 0.000000 1 0 1.000000
c_invasion_wrangler_laser
0  -0.593138 9.178946 1.735124  0.174976 -0.889344 -0.422435  0.000000 0.000000 1 0 1.000000
0  -0.593138 9.781521 1.735124  0.174980 0.889345 -0.422431  0.000000 0.000000 1 0 1.000000
0  -0.198402 9.781521 1.854865  0.119325 0.878003 -0.463544  0.000000 0.000000 1 0 1.000000
c_invasion_wrangler_laser
0  -0.792840 9.480232 2.217246  -0.382683 -0.000002 0.923880  0.000000 0.000000 1 0 1.000000
0  -0.593138 9.178946 1.735124  0.174976 -0.889344 -0.422435  0.000000 0.000000 1 0 1.000000
0  -0.198402 9.178946 1.854865  0.117014 -0.877338 -0.465388  0.000000 0.000000 1 0 1.000000
c_invasion_wrangler_laser
0  -0.956928 9.781521 1.540673  0.254028 0.889344 -0.380180  0.000000 0.000000 1 0 1.000000
0  -1.246850 9.480232 1.974572  -0.555572 -0.000001 0.831468  0.000000 0.000000 1 0 1.000000
0  -0.792840 9.480232 2.217246  -0.382683 -0.000002 0.923880  0.000000 0.000000 1 0 1.000000
c_invasion_wrangler_laser
0  -0.956928 9.178946 1.540673  0.254027 -0.889343 -0.380183  0.000000 0.000000 1 0 1.000000
0  -0.956928 9.781521 1.540673  0.254028 0.889344 -0.380180  0.000000 0.000000 1 0 1.000000
0  -0.593138 9.781521 1.735124  0.174980 0.889345 -0.422431  0.000000 0.000000 1 0 1.000000
c_invasion_wrangler_laser
0  -1.246850 9.480232 1.974572  -0.555572 -0.000001 0.831468  0.000000 0.000000 1 0 1.000000
0  -0.956928 9.178946 1.540673  0.254027 -0.889343 -0.380183  0.000000 0.000000 1 0 1.000000
0  -0.593138 9.178946 1.735124  0.174976 -0.889344 -0.422435  0.000000 0.000000 1 0 1.000000
c_invasion_wrangler_laser
0  -1.275794 9.781518 1.278987  0.323318 0.889343 -0.323317  0.000000 0.000000 1 0 1.000000
0  -1.644794 9.480232 1.647988  -0.707107 0.000001 0.707106  0.000000 0.000000 1 0 1.000000
0  -1.246850 9.480232 1.974572  -0.555572 -0.000001 0.831468  0.000000 0.000000 1 0 1.000000
c_invasion_wrangler_laser
0  -1.275794 9.178946 1.278987  0.323315 -0.889344 -0.323319  0.000000 0.000000 1 0 1.000000
0  -1.275794 9.781518 1.278987  0.323318 0.889343 -0.323317  0.000000 0.000000 1 0 1.000000
0  -0.956928 9.781521 1.540673  0.254028 0.889344 -0.380180  0.000000 0.000000 1 0 1.000000
c_invasion_wrangler_laser
0  -1.644794 9.480232 1.647988  -0.707107 0.000001 0.707106  0.000000 0.000000 1 0 1.000000
0  -1.275794 9.178946 1.278987  0.323315 -0.889344 -0.323319  0.000000 0.000000 1 0 1.000000
0  -0.956928 9.178946 1.540673  0.254027 -0.889343 -0.380183  0.000000 0.000000 1 0 1.000000
c_invasion_wrangler_laser
0  -1.537480 9.781518 0.960122  0.380183 0.889343 -0.254027  0.000000 0.000000 1 0 1.000000
0  -1.971379 9.480232 1.250043  -0.831470 0.000001 0.555569  0.000000 0.000000 1 0 1.000000
0  -1.644794 9.480232 1.647988  -0.707107 0.000001 0.707106  0.000000 0.000000 1 0 1.000000
c_invasion_wrangler_laser
0  -1.537480 9.178946 0.960122  0.380179 -0.889343 -0.254032  0.000000 0.000000 1 0 1.000000
0  -1.537480 9.781518 0.960122  0.380183 0.889343 -0.254027  0.000000 0.000000 1 0 1.000000
0  -1.275794 9.781518 1.278987  0.323318 0.889343 -0.323317  0.000000 0.000000 1 0 1.000000
c_invasion_wrangler_laser
0  -1.971379 9.480232 1.250043  -0.831470 0.000001 0.555569  0.000000 0.000000 1 0 1.000000
0  -1.537480 9.178946 0.960122  0.380179 -0.889343 -0.254032  0.000000 0.000000 1 0 1.000000
0  -1.275794 9.178946 1.278987  0.323315 -0.889344 -0.323319  0.000000 0.000000 1 0 1.000000
c_invasion_wrangler_laser
0  -1.731931 9.781518 0.596330  0.422436 0.889343 -0.174975  0.000000 0.000000 1 0 1.000000
0  -2.214053 9.480232 0.796032  -0.923880 0.000000 0.382681  0.000000 0.000000 1 0 1.000000
0  -1.971379 9.480232 1.250043  -0.831470 0.000001 0.555569  0.000000 0.000000 1 0 1.000000
c_invasion_wrangler_laser
0  -1.731931 9.178946 0.596330  0.422433 -0.889344 -0.174981  0.000000 0.000000 1 0 1.000000
0  -1.731931 9.781518 0.596330  0.422436 0.889343 -0.174975  0.000000 0.000000 1 0 1.000000
0  -1.537480 9.781518 0.960122  0.380183 0.889343 -0.254027  0.000000 0.000000 1 0 1.000000
c_invasion_wrangler_laser
0  -2.214053 9.480232 0.796032  -0.923880 0.000000 0.382681  0.000000 0.000000 1 0 1.000000
0  -1.731931 9.178946 0.596330  0.422433 -0.889344 -0.174981  0.000000 0.000000 1 0 1.000000
0  -1.537480 9.178946 0.960122  0.380179 -0.889343 -0.254032  0.000000 0.000000 1 0 1.000000
c_invasion_wrangler_laser
0  -1.851672 9.781518 0.201594  0.464932 0.877697 -0.116127  0.000000 0.000000 1 0 1.000000
0  -2.363490 9.480232 0.303401  -0.973620 -0.001153 0.228174  0.000000 0.000000 1 0 1.000000
0  -2.214053 9.480232 0.796032  -0.923880 0.000000 0.382681  0.000000 0.000000 1 0 1.000000
c_invasion_wrangler_laser
0  -1.851672 9.178946 0.201594  0.463149 -0.878340 -0.118375  0.000000 0.000000 1 0 1.000000
0  -1.851672 9.781518 0.201594  0.464932 0.877697 -0.116127  0.000000 0.000000 1 0 1.000000
0  -1.731931 9.781518 0.596330  0.422436 0.889343 -0.174975  0.000000 0.000000 1 0 1.000000
c_invasion_wrangler_laser
0  -2.363490 9.480232 0.303401  -0.973620 -0.001153 0.228174  0.000000 0.000000 1 0 1.000000
0  -1.851672 9.178946 0.201594  0.463149 -0.878340 -0.118375  0.000000 0.000000 1 0 1.000000
0  -1.731931 9.178946 0.596330  0.422433 -0.889344 -0.174981  0.000000 0.000000 1 0 1.000000
c_invasion_wrangler_laser
0  -1.892105 9.781518 0.000000  0.412351 0.911025 -0.000000  0.000000 0.000000 1 0 1.000000
0  -2.413950 9.480232 0.000000  -0.999998 -0.001939 0.000000  0.000000 0.000000 1 0 1.000000
0  -2.363490 9.480232 0.303401  -0.973620 -0.001153 0.228174  0.000000 0.000000 1 0 1.000000
c_invasion_wrangler_laser
0  -1.892105 9.178946 0.000000  0.409343 -0.912381 0.000000  0.000000 0.000000 1 0 1.000000
0  -1.892105 9.781518 0.000000  0.412351 0.911025 -0.000000  0.000000 0.000000 1 0 1.000000
0  -1.851672 9.781518 0.201594  0.464932 0.877697 -0.116127  0.000000 0.000000 1 0 1.000000
c_invasion_wrangler_laser
0  -2.413950 9.480232 0.000000  -0.999998 -0.001939 0.000000  0.000000 0.000000 1 0 1.000000
0  -1.892105 9.178946 0.000000  0.409343 -0.912381 0.000000  0.000000 0.000000 1 0 1.000000
0  -1.851672 9.178946 0.201594  0.463149 -0.878340 -0.118375  0.000000 0.000000 1 0 1.000000
c_invasion_wrangler_laser
0  -2.413950 14.418124 0.000000  -0.999998 -0.001939 0.000000  0.000000 0.000000 1 0 1.000000
0  -1.892105 14.116838 0.000000  0.409342 -0.912381 0.000000  0.000000 0.000000 1 0 1.000000
0  -1.851672 14.116838 0.201594  0.463148 -0.878340 -0.118377  0.000000 0.000000 1 0 1.000000
c_invasion_wrangler_laser
0  -1.892105 14.116838 0.000000  0.409342 -0.912381 0.000000  0.000000 0.000000 1 0 1.000000
0  -1.892105 14.719410 0.000000  0.412350 0.911025 0.000000  0.000000 0.000000 1 0 1.000000
0  -1.851672 14.719410 0.201594  0.464932 0.877697 -0.116131  0.000000 0.000000 1 0 1.000000
c_invasion_wrangler_laser
0  -1.892105 14.719410 0.000000  0.412350 0.911025 0.000000  0.000000 0.000000 1 0 1.000000
0  -2.413950 14.418124 0.000000  -0.999998 -0.001939 0.000000  0.000000 0.000000 1 0 1.000000
0  -2.363490 14.418124 0.303401  -0.973619 -0.001153 0.228178  0.000000 0.000000 1 0 1.000000
c_invasion_wrangler_laser
0  -2.363490 14.418124 0.303401  -0.973619 -0.001153 0.228178  0.000000 0.000000 1 0 1.000000
0  -1.851672 14.116838 0.201594  0.463148 -0.878340 -0.118377  0.000000 0.000000 1 0 1.000000
0  -1.731931 14.116838 0.596330  0.422433 -0.889344 -0.174981  0.000000 0.000000 1 0 1.000000
c_invasion_wrangler_laser
0  -1.851672 14.116838 0.201594  0.463148 -0.878340 -0.118377  0.000000 0.000000 1 0 1.000000
0  -1.851672 14.719410 0.201594  0.464932 0.877697 -0.116131  0.000000 0.000000 1 0 1.000000
0  -1.731931 14.719410 0.596330  0.422435 0.889343 -0.174977  0.000000 0.000000 1 0 1.000000
c_invasion_wrangler_laser
0  -1.851672 14.719410 0.201594  0.464932 0.877697 -0.116131  0.000000 0.000000 1 0 1.000000
0  -2.363490 14.418124 0.303401  -0.973619 -0.001153 0.228178  0.000000 0.000000 1 0 1.000000
0  -2.214053 14.418124 0.796032  -0.923879 0.000001 0.382685  0.000000 0.000000 1 0 1.000000
c_invasion_wrangler_laser
0  -2.214053 14.418124 0.796032  -0.923879 0.000001 0.382685  0.000000 0.000000 1 0 1.000000
0  -1.731931 14.116838 0.596330  0.422433 -0.889344 -0.174981  0.000000 0.000000 1 0 1.000000
0  -1.537480 14.116838 0.960122  0.380180 -0.889344 -0.254030  0.000000 0.000000 1 0 1.000000
c_invasion_wrangler_laser
0  -1.731931 14.116838 0.596330  0.422433 -0.889344 -0.174981  0.000000 0.000000 1 0 1.000000
0  -1.731931 14.719410 0.596330  0.422435 0.889343 -0.174977  0.000000 0.000000 1 0 1.000000
0  -1.537480 14.719410 0.960122  0.380183 0.889343 -0.254029  0.000000 0.000000 1 0 1.000000
c_invasion_wrangler_laser
0  -1.731931 14.719410 0.596330  0.422435 0.889343 -0.174977  0.000000 0.000000 1 0 1.000000
0  -2.214053 14.418124 0.796032  -0.923879 0.000001 0.382685  0.000000 0.000000 1 0 1.000000
0  -1.971379 14.418124 1.250043  -0.831469 0.000001 0.555572  0.000000 0.000000 1 0 1.000000
c_invasion_wrangler_laser
0  -1.971379 14.418124 1.250043  -0.831469 0.000001 0.555572  0.000000 0.000000 1 0 1.000000
0  -1.537480 14.116838 0.960122  0.380180 -0.889344 -0.254030  0.000000 0.000000 1 0 1.000000
0  -1.275794 14.116838 1.278987  0.323315 -0.889343 -0.323320  0.000000 0.000000 1 0 1.000000
c_invasion_wrangler_laser
0  -1.537480 14.116838 0.960122  0.380180 -0.889344 -0.254030  0.000000 0.000000 1 0 1.000000
0  -1.537480 14.719410 0.960122  0.380183 0.889343 -0.254029  0.000000 0.000000 1 0 1.000000
0  -1.275794 14.719410 1.278987  0.323317 0.889344 -0.323317  0.000000 0.000000 1 0 1.000000
c_invasion_wrangler_laser
0  -1.537480 14.719410 0.960122  0.380183 0.889343 -0.254029  0.000000 0.000000 1 0 1.000000
0  -1.971379 14.418124 1.250043  -0.831469 0.000001 0.555572  0.000000 0.000000 1 0 1.000000
0  -1.644794 14.418124 1.647988  -0.707107 -0.000000 0.707107  0.000000 0.000000 1 0 1.000000
c_invasion_wrangler_laser
0  -1.644794 14.418124 1.647988  -0.707107 -0.000000 0.707107  0.000000 0.000000 1 0 1.000000
0  -1.275794 14.116838 1.278987  0.323315 -0.889343 -0.323320  0.000000 0.000000 1 0 1.000000
0  -0.956928 14.116838 1.540673  0.254028 -0.889343 -0.380182  0.000000 0.000000 1 0 1.000000
c_invasion_wrangler_laser
0  -1.275794 14.116838 1.278987  0.323315 -0.889343 -0.323320  0.000000 0.000000 1 0 1.000000
0  -1.275794 14.719410 1.278987  0.323317 0.889344 -0.323317  0.000000 0.000000 1 0 1.000000
0  -0.956928 14.719413 1.540673  0.254027 0.889344 -0.380179  0.000000 0.000000 1 0 1.000000
c_invasion_wrangler_laser
0  -1.275794 14.719410 1.278987  0.323317 0.889344 -0.323317  0.000000 0.000000 1 0 1.000000
0  -1.644794 14.418124 1.647988  -0.707107 -0.000000 0.707107  0.000000 0.000000 1 0 1.000000
0  -1.246850 14.418124 1.974572  -0.555571 -0.000001 0.831469  0.000000 0.000000 1 0 1.000000
c_invasion_wrangler_laser
0  -1.246850 14.418124 1.974572  -0.555571 -0.000001 0.831469  0.000000 0.000000 1 0 1.000000
0  -0.956928 14.116838 1.540673  0.254028 -0.889343 -0.380182  0.000000 0.000000 1 0 1.000000
0  -0.593138 14.116838 1.735124  0.174977 -0.889344 -0.422433  0.000000 0.000000 1 0 1.000000
c_invasion_wrangler_laser
0  -0.956928 14.116838 1.540673  0.254028 -0.889343 -0.380182  0.000000 0.000000 1 0 1.000000
0  -0.956928 14.719413 1.540673  0.254027 0.889344 -0.380179  0.000000 0.000000 1 0 1.000000
0  -0.593138 14.719413 1.735124  0.174980 0.889344 -0.422432  0.000000 0.000000 1 0 1.000000
c_invasion_wrangler_laser
0  -0.956928 14.719413 1.540673  0.254027 0.889344 -0.380179  0.000000 0.000000 1 0 1.000000
0  -1.246850 14.418124 1.974572  -0.555571 -0.000001 0.831469  0.000000 0.000000 1 0 1.000000
0  -0.792840 14.418124 2.217246  -0.382684 -0.000002 0.923879  0.000000 0.000000 1 0 1.000000
c_invasion_wrangler_laser
0  -0.792840 14.418124 2.217246  -0.382684 -0.000002 0.923879  0.000000 0.000000 1 0 1.000000
0  -0.593138 14.116838 1.735124  0.174977 -0.889344 -0.422433  0.000000 0.000000 1 0 1.000000
0  -0.198402 14.116838 1.854865  0.117014 -0.877338 -0.465387  0.000000 0.000000 1 0 1.000000
c_invasion_wrangler_laser
0  -0.593138 14.116838 1.735124  0.174977 -0.889344 -0.422433  0.000000 0.000000 1 0 1.000000
0  -0.593138 14.719413 1.735124  0.174980 0.889344 -0.422432  0.000000 0.000000 1 0 1.000000
0  -0.198402 14.719413 1.854865  0.119325 0.878003 -0.463544  0.000000 0.000000 1 0 1.000000
c_invasion_wrangler_laser
0  -0.593138 14.719413 1.735124  0.174980 0.889344 -0.422432  0.000000 0.000000 1 0 1.000000
0  -0.792840 14.418124 2.217246  -0.382684 -0.000002 0.923879  0.000000 0.000000 1 0 1.000000
0  -0.300209 14.418124 2.366684  -0.229044 0.001187 0.973415  0.000000 0.000000 1 0 1.000000
c_invasion_wrangler_laser
0  -0.300209 14.418124 2.366684  -0.229044 0.001187 0.973415  0.000000 0.000000 1 0 1.000000
0  -0.198402 14.116838 1.854865  0.117014 -0.877338 -0.465387  0.000000 0.000000 1 0 1.000000
0  0.000000 14.116838 1.895298  0.000000 -0.911679 -0.410902  0.000000 0.000000 1 0 1.000000
c_invasion_wrangler_laser
0  -0.198402 14.116838 1.854865  0.117014 -0.877338 -0.465387  0.000000 0.000000 1 0 1.000000
0  -0.198402 14.719413 1.854865  0.119325 0.878003 -0.463544  0.000000 0.000000 1 0 1.000000
0  0.000000 14.719413 1.895298  -0.000000 0.913079 -0.407783  0.000000 0.000000 1 0 1.000000
c_invasion_wrangler_laser
0  -0.198402 14.719413 1.854865  0.119325 0.878003 -0.463544  0.000000 0.000000 1 0 1.000000
0  -0.300209 14.418124 2.366684  -0.229044 0.001187 0.973415  0.000000 0.000000 1 0 1.000000
0  0.000000 14.418124 2.417143  0.000000 0.001995 0.999998  0.000000 0.000000 1 0 1.000000
c_invasion_wrangler_laser
0  -6.395136 21.776711 0.398517  0.682033 0.241368 0.690342  0.000000 0.000000 1 0 1.000000
0  -6.395136 21.776711 0.000000  0.970026 0.243000 0.000000  0.000000 0.000000 1 0 1.000000
0  -7.269933 22.361233 0.000000  -0.431822 0.901959 0.000000  0.000000 0.000000 1 0 1.000000
c_invasion_wrangler_laser
0  -0.198402 8.547047 1.854865  0.119324 0.878003 -0.463544  0.000000 0.000000 1 0 1.000000
0  -0.300209 8.245758 2.366684  -0.229044 0.001188 0.973415  0.000000 0.000000 1 0 1.000000
0  0.000000 8.245758 2.417143  0.000000 0.001997 0.999998  0.000000 0.000000 1 0 1.000000
c_invasion_wrangler_laser
0  -0.198402 7.944472 1.854865  0.117015 -0.877337 -0.465389  0.000000 0.000000 1 0 1.000000
0  -0.198402 8.547047 1.854865  0.119324 0.878003 -0.463544  0.000000 0.000000 1 0 1.000000
0  0.000000 8.547047 1.895298  -0.000000 0.913079 -0.407784  0.000000 0.000000 1 0 1.000000
c_invasion_wrangler_laser
0  -0.300209 8.245758 2.366684  -0.229044 0.001188 0.973415  0.000000 0.000000 1 0 1.000000
0  -0.198402 7.944472 1.854865  0.117015 -0.877337 -0.465389  0.000000 0.000000 1 0 1.000000
0  0.000000 7.944472 1.895298  0.000000 -0.911678 -0.410904  0.000000 0.000000 1 0 1.000000
c_invasion_wrangler_laser
0  -0.593138 8.547047 1.735124  0.174980 0.889345 -0.422431  0.000000 0.000000 1 0 1.000000
0  -0.792840 8.245758 2.217246  -0.382683 -0.000002 0.923880  0.000000 0.000000 1 0 1.000000
0  -0.300209 8.245758 2.366684  -0.229044 0.001188 0.973415  0.000000 0.000000 1 0 1.000000
c_invasion_wrangler_laser
0  -0.593138 7.944472 1.735124  0.174976 -0.889344 -0.422435  0.000000 0.000000 1 0 1.000000
0  -0.593138 8.547047 1.735124  0.174980 0.889345 -0.422431  0.000000 0.000000 1 0 1.000000
0  -0.198402 8.547047 1.854865  0.119324 0.878003 -0.463544  0.000000 0.000000 1 0 1.000000
c_invasion_wrangler_laser
0  -0.792840 8.245758 2.217246  -0.382683 -0.000002 0.923880  0.000000 0.000000 1 0 1.000000
0  -0.593138 7.944472 1.735124  0.174976 -0.889344 -0.422435  0.000000 0.000000 1 0 1.000000
0  -0.198402 7.944472 1.854865  0.117015 -0.877337 -0.465389  0.000000 0.000000 1 0 1.000000
c_invasion_wrangler_laser
0  -0.956928 8.547047 1.540673  0.254029 0.889344 -0.380179  0.000000 0.000000 1 0 1.000000
0  -1.246850 8.245758 1.974572  -0.555571 -0.000001 0.831469  0.000000 0.000000 1 0 1.000000
0  -0.792840 8.245758 2.217246  -0.382683 -0.000002 0.923880  0.000000 0.000000 1 0 1.000000
c_invasion_wrangler_laser
0  -0.956928 7.944472 1.540673  0.254027 -0.889343 -0.380184  0.000000 0.000000 1 0 1.000000
0  -0.956928 8.547047 1.540673  0.254029 0.889344 -0.380179  0.000000 0.000000 1 0 1.000000
0  -0.593138 8.547047 1.735124  0.174980 0.889345 -0.422431  0.000000 0.000000 1 0 1.000000
c_invasion_wrangler_laser
0  -1.246850 8.245758 1.974572  -0.555571 -0.000001 0.831469  0.000000 0.000000 1 0 1.000000
0  -0.956928 7.944472 1.540673  0.254027 -0.889343 -0.380184  0.000000 0.000000 1 0 1.000000
0  -0.593138 7.944472 1.735124  0.174976 -0.889344 -0.422435  0.000000 0.000000 1 0 1.000000
c_invasion_wrangler_laser
0  -1.275794 8.547045 1.278987  0.323318 0.889344 -0.323316  0.000000 0.000000 1 0 1.000000
0  -1.644794 8.245758 1.647988  -0.707106 -0.000000 0.707107  0.000000 0.000000 1 0 1.000000
0  -1.246850 8.245758 1.974572  -0.555571 -0.000001 0.831469  0.000000 0.000000 1 0 1.000000
c_invasion_wrangler_laser
0  -1.275794 7.944472 1.278987  0.323315 -0.889343 -0.323320  0.000000 0.000000 1 0 1.000000
0  -1.275794 8.547045 1.278987  0.323318 0.889344 -0.323316  0.000000 0.000000 1 0 1.000000
0  -0.956928 8.547047 1.540673  0.254029 0.889344 -0.380179  0.000000 0.000000 1 0 1.000000
c_invasion_wrangler_laser
0  -1.644794 8.245758 1.647988  -0.707106 -0.000000 0.707107  0.000000 0.000000 1 0 1.000000
0  -1.275794 7.944472 1.278987  0.323315 -0.889343 -0.323320  0.000000 0.000000 1 0 1.000000
0  -0.956928 7.944472 1.540673  0.254027 -0.889343 -0.380184  0.000000 0.000000 1 0 1.000000
c_invasion_wrangler_laser
0  -1.537480 8.547045 0.960122  0.380183 0.889343 -0.254026  0.000000 0.000000 1 0 1.000000
0  -1.971379 8.245758 1.250043  -0.831469 -0.000000 0.555571  0.000000 0.000000 1 0 1.000000
0  -1.644794 8.245758 1.647988  -0.707106 -0.000000 0.707107  0.000000 0.000000 1 0 1.000000
c_invasion_wrangler_laser
0  -1.537480 7.944472 0.960122  0.380180 -0.889343 -0.254033  0.000000 0.000000 1 0 1.000000
0  -1.537480 8.547045 0.960122  0.380183 0.889343 -0.254026  0.000000 0.000000 1 0 1.000000
0  -1.275794 8.547045 1.278987  0.323318 0.889344 -0.323316  0.000000 0.000000 1 0 1.000000
c_invasion_wrangler_laser
0  -1.971379 8.245758 1.250043  -0.831469 -0.000000 0.555571  0.000000 0.000000 1 0 1.000000
0  -1.537480 7.944472 0.960122  0.380180 -0.889343 -0.254033  0.000000 0.000000 1 0 1.000000
0  -1.275794 7.944472 1.278987  0.323315 -0.889343 -0.323320  0.000000 0.000000 1 0 1.000000
c_invasion_wrangler_laser
0  -1.731931 8.547045 0.596330  0.422435 0.889344 -0.174976  0.000000 0.000000 1 0 1.000000
0  -2.214053 8.245758 0.796032  -0.923879 -0.000000 0.382684  0.000000 0.000000 1 0 1.000000
0  -1.971379 8.245758 1.250043  -0.831469 -0.000000 0.555571  0.000000 0.000000 1 0 1.000000
c_invasion_wrangler_laser
0  -1.731931 7.944472 0.596330  0.422433 -0.889344 -0.174981  0.000000 0.000000 1 0 1.000000
0  -1.731931 8.547045 0.596330  0.422435 0.889344 -0.174976  0.000000 0.000000 1 0 1.000000
0  -1.537480 8.547045 0.960122  0.380183 0.889343 -0.254026  0.000000 0.000000 1 0 1.000000
c_invasion_wrangler_laser
0  -2.214053 8.245758 0.796032  -0.923879 -0.000000 0.382684  0.000000 0.000000 1 0 1.000000
0  -1.731931 7.944472 0.596330  0.422433 -0.889344 -0.174981  0.000000 0.000000 1 0 1.000000
0  -1.537480 7.944472 0.960122  0.380180 -0.889343 -0.254033  0.000000 0.000000 1 0 1.000000
c_invasion_wrangler_laser
0  -1.851672 8.547045 0.201594  0.464931 0.877697 -0.116130  0.000000 0.000000 1 0 1.000000
0  -2.363490 8.245758 0.303401  -0.973620 -0.001155 0.228172  0.000000 0.000000 1 0 1.000000
0  -2.214053 8.245758 0.796032  -0.923879 -0.000000 0.382684  0.000000 0.000000 1 0 1.000000
c_invasion_wrangler_laser
0  -1.851672 7.944472 0.201594  0.463149 -0.878339 -0.118375  0.000000 0.000000 1 0 1.000000
0  -1.851672 8.547045 0.201594  0.464931 0.877697 -0.116130  0.000000 0.000000 1 0 1.000000
0  -1.731931 8.547045 0.596330  0.422435 0.889344 -0.174976  0.000000 0.000000 1 0 1.000000
c_invasion_wrangler_laser
0  -2.363490 8.245758 0.303401  -0.973620 -0.001155 0.228172  0.000000 0.000000 1 0 1.000000
0  -1.851672 7.944472 0.201594  0.463149 -0.878339 -0.118375  0.000000 0.000000 1 0 1.000000
0  -1.731931 7.944472 0.596330  0.422433 -0.889344 -0.174981  0.000000 0.000000 1 0 1.000000
c_invasion_wrangler_laser
0  -1.892105 8.547045 0.000000  0.412349 0.911026 0.000000  0.000000 0.000000 1 0 1.000000
0  -2.413950 8.245758 0.000000  -0.999998 -0.001940 0.000000  0.000000 0.000000 1 0 1.000000
0  -2.363490 8.245758 0.303401  -0.973620 -0.001155 0.228172  0.000000 0.000000 1 0 1.000000
c_invasion_wrangler_laser
0  -1.892105 7.944472 0.000000  0.409343 -0.912381 0.000000  0.000000 0.000000 1 0 1.000000
0  -1.892105 8.547045 0.000000  0.412349 0.911026 0.000000  0.000000 0.000000 1 0 1.000000
0  -1.851672 8.547045 0.201594  0.464931 0.877697 -0.116130  0.000000 0.000000 1 0 1.000000
c_invasion_wrangler_laser
0  -2.413950 8.245758 0.000000  -0.999998 -0.001940 0.000000  0.000000 0.000000 1 0 1.000000
0  -1.892105 7.944472 0.000000  0.409343 -0.912381 0.000000  0.000000 0.000000 1 0 1.000000
0  -1.851672 7.944472 0.201594  0.463149 -0.878339 -0.118375  0.000000 0.000000 1 0 1.000000
c_invasion_wrangler_laser
0  -7.197533 19.131565 0.398517  0.522439 0.000002 0.852677  0.000000 0.000000 1 0 1.000000
0  -7.197533 19.131565 0.000000  1.000000 -0.000002 0.000000  0.000000 0.000000 1 0 1.000000
0  -7.106049 20.060417 0.000000  0.980785 -0.195093 0.000000  0.000000 0.000000 1 0 1.000000
c_invasion_wrangler_laser
0  -8.137940 20.265675 0.000000  -0.985546 0.169405 0.000000  0.000000 0.000000 1 0 1.000000
0  -7.106049 20.060417 0.398517  0.521169 -0.103665 0.847134  0.000000 0.000000 1 0 1.000000
0  -6.835113 20.953573 0.398517  0.490909 -0.203341 0.847149  0.000000 0.000000 1 0 1.000000
c_invasion_wrangler_laser
0  -7.106049 20.060417 0.398517  0.521169 -0.103665 0.847134  0.000000 0.000000 1 0 1.000000
0  -7.106049 20.060417 0.000000  0.980785 -0.195093 0.000000  0.000000 0.000000 1 0 1.000000
0  -6.835113 20.953573 0.000000  0.923878 -0.382686 0.000000  0.000000 0.000000 1 0 1.000000
c_invasion_wrangler_laser
0  -7.807134 21.356197 0.000000  -0.923879 0.382684 0.000000  0.000000 0.000000 1 0 1.000000
0  -6.835113 20.953573 0.398517  0.490909 -0.203341 0.847149  0.000000 0.000000 1 0 1.000000
0  -6.395136 21.776711 0.398517  0.682033 0.241368 0.690342  0.000000 0.000000 1 0 1.000000
c_invasion_wrangler_laser
0  -6.835113 20.953573 0.398517  0.490909 -0.203341 0.847149  0.000000 0.000000 1 0 1.000000
0  -6.835113 20.953573 0.000000  0.923878 -0.382686 0.000000  0.000000 0.000000 1 0 1.000000
0  -6.395136 21.776711 0.000000  0.970026 0.243000 0.000000  0.000000 0.000000 1 0 1.000000
c_invasion_wrangler_laser
0  -2.436395 13.318319 0.000000  0.510034 -0.860154 0.000000  0.000000 0.000000 1 0 1.000000
0  -2.436395 14.370426 0.398517  0.579632 0.432997 0.690319  0.000000 0.000000 1 0 1.000000
0  -3.365245 14.461910 0.398517  0.103662 0.521146 0.847149  0.000000 0.000000 1 0 1.000000
c_invasion_wrangler_laser
0  -2.436395 14.370426 0.398517  0.579632 0.432997 0.690319  0.000000 0.000000 1 0 1.000000
0  -2.436395 14.370426 0.000000  0.740951 0.671559 0.000000  0.000000 0.000000 1 0 1.000000
0  -3.365245 14.461910 0.000000  0.195093 0.980785 0.000000  0.000000 0.000000 1 0 1.000000
c_invasion_wrangler_laser
0  -3.570500 13.430017 0.000000  -0.195091 -0.980785 0.000000  0.000000 0.000000 1 0 1.000000
0  -3.365245 14.461910 0.398517  0.103662 0.521146 0.847149  0.000000 0.000000 1 0 1.000000
0  -4.258405 14.732848 0.398517  0.203341 0.490909 0.847148  0.000000 0.000000 1 0 1.000000
c_invasion_wrangler_laser
0  -3.365245 14.461910 0.398517  0.103662 0.521146 0.847149  0.000000 0.000000 1 0 1.000000
0  -3.365245 14.461910 0.000000  0.195093 0.980785 0.000000  0.000000 0.000000 1 0 1.000000
0  -4.258405 14.732848 0.000000  0.382686 0.923878 0.000000  0.000000 0.000000 1 0 1.000000
c_invasion_wrangler_laser
0  -4.661029 13.760826 0.000000  -0.382685 -0.923879 -0.000000  0.000000 0.000000 1 0 1.000000
0  -4.258405 14.732848 0.398517  0.203341 0.490909 0.847148  0.000000 0.000000 1 0 1.000000
0  -5.081541 15.172824 0.398517  0.295205 0.441807 0.847149  0.000000 0.000000 1 0 1.000000
c_invasion_wrangler_laser
0  -4.258405 14.732848 0.398517  0.203341 0.490909 0.847148  0.000000 0.000000 1 0 1.000000
0  -4.258405 14.732848 0.000000  0.382686 0.923878 0.000000  0.000000 0.000000 1 0 1.000000
0  -5.081541 15.172824 0.000000  0.555572 0.831469 0.000000  0.000000 0.000000 1 0 1.000000
c_invasion_wrangler_laser
0  -5.666060 14.298028 0.000000  -0.555571 -0.831469 0.000000  0.000000 0.000000 1 0 1.000000
0  -5.081541 15.172824 0.398517  0.295205 0.441807 0.847149  0.000000 0.000000 1 0 1.000000
0  -5.803026 15.764930 0.398517  0.375724 0.375725 0.847149  0.000000 0.000000 1 0 1.000000
c_invasion_wrangler_laser
0  -5.081541 15.172824 0.398517  0.295205 0.441807 0.847149  0.000000 0.000000 1 0 1.000000
0  -5.081541 15.172824 0.000000  0.555572 0.831469 0.000000  0.000000 0.000000 1 0 1.000000
0  -5.803026 15.764930 0.000000  0.707108 0.707105 0.000000  0.000000 0.000000 1 0 1.000000
c_invasion_wrangler_laser
0  -6.546979 15.020977 0.000000  -0.707107 -0.707106 0.000000  0.000000 0.000000 1 0 1.000000
0  -5.803026 15.764930 0.398517  0.375724 0.375725 0.847149  0.000000 0.000000 1 0 1.000000
0  -6.395136 16.486420 0.398517  0.441806 0.295206 0.847148  0.000000 0.000000 1 0 1.000000
c_invasion_wrangler_laser
0  -5.803026 15.764930 0.398517  0.375724 0.375725 0.847149  0.000000 0.000000 1 0 1.000000
0  -5.803026 15.764930 0.000000  0.707108 0.707105 0.000000  0.000000 0.000000 1 0 1.000000
0  -6.395136 16.486420 0.000000  0.831471 0.555568 0.000000  0.000000 0.000000 1 0 1.000000
c_invasion_wrangler_laser
0  -7.269933 15.901899 0.000000  -0.831470 -0.555569 0.000000  0.000000 0.000000 1 0 1.000000
0  -6.395136 16.486420 0.398517  0.441806 0.295206 0.847148  0.000000 0.000000 1 0 1.000000
0  -6.835113 17.309555 0.398517  0.490908 0.203342 0.847149  0.000000 0.000000 1 0 1.000000
c_invasion_wrangler_laser
0  -6.395136 16.486420 0.398517  0.441806 0.295206 0.847148  0.000000 0.000000 1 0 1.000000
0  -6.395136 16.486420 0.000000  0.831471 0.555568 0.000000  0.000000 0.000000 1 0 1.000000
0  -6.835113 17.309555 0.000000  0.923880 0.382681 0.000000  0.000000 0.000000 1 0 1.000000
c_invasion_wrangler_laser
0  -7.807133 16.906931 0.000000  -0.923880 -0.382682 0.000000  0.000000 0.000000 1 0 1.000000
0  -6.835113 17.309555 0.398517  0.490908 0.203342 0.847149  0.000000 0.000000 1 0 1.000000
0  -7.106049 18.202715 0.398517  0.521146 0.103663 0.847148  0.000000 0.000000 1 0 1.000000
c_invasion_wrangler_laser
0  -6.835113 17.309555 0.398517  0.490908 0.203342 0.847149  0.000000 0.000000 1 0 1.000000
0  -6.835113 17.309555 0.000000  0.923880 0.382681 0.000000  0.000000 0.000000 1 0 1.000000
0  -7.106049 18.202715 0.000000  0.980786 0.195088 0.000000  0.000000 0.000000 1 0 1.000000
c_invasion_wrangler_laser
0  -8.137941 17.997459 0.000000  -0.985547 -0.169404 0.000000  0.000000 0.000000 1 0 1.000000
0  -7.106049 18.202715 0.398517  0.521146 0.103663 0.847148  0.000000 0.000000 1 0 1.000000
0  -7.197533 19.131565 0.398517  0.522439 0.000002 0.852677  0.000000 0.000000 1 0 1.000000
c_invasion_wrangler_laser
0  -7.106049 18.202715 0.398517  0.521146 0.103663 0.847148  0.000000 0.000000 1 0 1.000000
0  -7.106049 18.202715 0.000000  0.980786 0.195088 0.000000  0.000000 0.000000 1 0 1.000000
0  -7.197533 19.131565 0.000000  1.000000 -0.000002 0.000000  0.000000 0.000000 1 0 1.000000
c_invasion_wrangler_laser
0  -6.546979 15.020977 0.000000  -0.707107 -0.707106 0.000000  0.000000 0.000000 1 0 1.000000
0  -5.803026 15.764930 0.398517  0.375724 0.375725 0.847149  0.000000 0.000000 1 0 1.000000
0  -6.395136 16.486420 0.398517  0.441806 0.295206 0.847148  0.000000 0.000000 1 0 1.000000
c_invasion_wrangler_laser
0  -2.436395 14.370426 0.398517  0.579632 0.432997 0.690319  0.000000 0.000000 1 0 1.000000
0  -2.436395 13.318319 0.000000  0.510034 -0.860154 0.000000  0.000000 0.000000 1 0 1.000000
0  -2.436395 14.370426 0.000000  0.740951 0.671559 0.000000  0.000000 0.000000 1 0 1.000000
c_invasion_wrangler_laser
0  -6.835113 17.309555 0.398517  0.490908 0.203342 0.847149  0.000000 0.000000 1 0 1.000000
0  -6.835113 17.309555 0.000000  0.923880 0.382682 0.000000  0.000000 0.000000 1 0 1.000000
0  -7.106049 18.202715 0.000000  0.980786 0.195088 0.000000  0.000000 0.000000 1 0 1.000000
c_invasion_wrangler_laser
0  -2.436395 13.318319 0.000000  0.510034 -0.860154 0.000000  0.000000 0.000000 1 0 1.000000
0  -2.436395 14.370426 0.398517  0.579632 0.432997 0.690319  0.000000 0.000000 1 0 1.000000
0  -3.365245 14.461910 0.398517  0.103662 0.521146 0.847149  0.000000 0.000000 1 0 1.000000
c_invasion_wrangler_laser
0  -7.106049 20.060417 0.398517  0.521169 -0.103665 0.847134  0.000000 0.000000 1 0 1.000000
0  -7.106049 20.060417 0.000000  0.980785 -0.195093 0.000000  0.000000 0.000000 1 0 1.000000
0  -6.835113 20.953573 0.000000  0.923878 -0.382686 0.000000  0.000000 0.000000 1 0 1.000000
c_invasion_wrangler_laser
0  -7.197533 19.131565 0.398517  0.522439 0.000002 0.852677  0.000000 0.000000 1 0 1.000000
0  -7.197533 19.131565 0.000000  1.000000 -0.000002 0.000000  0.000000 0.000000 1 0 1.000000
0  -7.106049 20.060417 0.000000  0.980785 -0.195093 0.000000  0.000000 0.000000 1 0 1.000000
c_invasion_wrangler_laser
0  -2.436395 14.370426 0.398517  0.579632 0.432997 0.690319  0.000000 0.000000 1 0 1.000000
0  -2.436395 13.318319 0.000000  0.510034 -0.860154 0.000000  0.000000 0.000000 1 0 1.000000
0  -2.436395 14.370426 0.000000  0.740951 0.671559 0.000000  0.000000 0.000000 1 0 1.000000
c_invasion_wrangler_laser
0  -5.803026 15.764930 0.398517  0.375724 0.375725 0.847149  0.000000 0.000000 1 0 1.000000
0  -5.803026 15.764930 0.000000  0.707108 0.707105 0.000000  0.000000 0.000000 1 0 1.000000
0  -6.395136 16.486420 0.000000  0.831471 0.555568 0.000000  0.000000 0.000000 1 0 1.000000
c_invasion_wrangler_laser
0  -7.197533 19.131565 0.398517  0.522439 0.000002 0.852677  0.000000 0.000000 1 0 1.000000
0  -7.106049 20.060417 0.000000  0.980785 -0.195093 0.000000  0.000000 0.000000 1 0 1.000000
0  -7.106049 20.060417 0.398517  0.521169 -0.103665 0.847134  0.000000 0.000000 1 0 1.000000
c_invasion_wrangler_laser
0  -5.081541 15.172824 0.398517  0.295205 0.441807 0.847149  0.000000 0.000000 1 0 1.000000
0  -5.081541 15.172824 0.000000  0.555572 0.831469 0.000000  0.000000 0.000000 1 0 1.000000
0  -5.803026 15.764930 0.000000  0.707108 0.707105 0.000000  0.000000 0.000000 1 0 1.000000
c_invasion_wrangler_laser
0  -8.137940 20.265675 0.000000  -0.985546 0.169405 0.000000  0.000000 0.000000 1 0 1.000000
0  -7.106049 20.060417 0.398517  0.521169 -0.103665 0.847134  0.000000 0.000000 1 0 1.000000
0  -6.835113 20.953573 0.398517  0.490909 -0.203341 0.847149  0.000000 0.000000 1 0 1.000000
c_invasion_wrangler_laser
0  -6.835113 20.953573 0.398517  0.490909 -0.203341 0.847149  0.000000 0.000000 1 0 1.000000
0  -6.835113 20.953573 0.000000  0.923878 -0.382686 0.000000  0.000000 0.000000 1 0 1.000000
0  -6.395136 21.776711 0.000000  0.970026 0.243000 0.000000  0.000000 0.000000 1 0 1.000000
c_invasion_wrangler_laser
0  -3.365245 14.461910 0.398517  0.103662 0.521146 0.847149  0.000000 0.000000 1 0 1.000000
0  -3.365245 14.461910 0.000000  0.195093 0.980785 0.000000  0.000000 0.000000 1 0 1.000000
0  -4.258405 14.732848 0.000000  0.382686 0.923878 0.000000  0.000000 0.000000 1 0 1.000000
c_invasion_wrangler_laser
0  -2.413950 11.949177 0.000000  -0.999998 -0.001939 0.000000  0.000000 0.000000 1 0 1.000000
0  -1.851672 11.647890 0.201594  0.463149 -0.878340 -0.118375  0.000000 0.000000 1 0 1.000000
0  -2.363490 11.949177 0.303401  -0.973619 -0.001154 0.228175  0.000000 0.000000 1 0 1.000000
c_invasion_wrangler_laser
0  -1.892105 11.647890 0.000000  0.409343 -0.912381 0.000000  0.000000 0.000000 1 0 1.000000
0  -1.851672 12.250463 0.201594  0.464931 0.877697 -0.116132  0.000000 0.000000 1 0 1.000000
0  -1.851672 11.647890 0.201594  0.463149 -0.878340 -0.118375  0.000000 0.000000 1 0 1.000000
c_invasion_wrangler_laser
0  -1.892105 12.250463 0.000000  0.412349 0.911026 0.000000  0.000000 0.000000 1 0 1.000000
0  -2.363490 11.949177 0.303401  -0.973619 -0.001154 0.228175  0.000000 0.000000 1 0 1.000000
0  -1.851672 12.250463 0.201594  0.464931 0.877697 -0.116132  0.000000 0.000000 1 0 1.000000
c_invasion_wrangler_laser
0  -2.363490 11.949177 0.303401  -0.973619 -0.001154 0.228175  0.000000 0.000000 1 0 1.000000
0  -1.731931 11.647890 0.596330  0.422433 -0.889344 -0.174980  0.000000 0.000000 1 0 1.000000
0  -2.214053 11.949177 0.796032  -0.923880 -0.000000 0.382683  0.000000 0.000000 1 0 1.000000
c_invasion_wrangler_laser
0  -1.851672 11.647890 0.201594  0.463149 -0.878340 -0.118375  0.000000 0.000000 1 0 1.000000
0  -1.731931 12.250463 0.596330  0.422434 0.889344 -0.174978  0.000000 0.000000 1 0 1.000000
0  -1.731931 11.647890 0.596330  0.422433 -0.889344 -0.174980  0.000000 0.000000 1 0 1.000000
c_invasion_wrangler_laser
0  -1.851672 12.250463 0.201594  0.464931 0.877697 -0.116132  0.000000 0.000000 1 0 1.000000
0  -2.214053 11.949177 0.796032  -0.923880 -0.000000 0.382683  0.000000 0.000000 1 0 1.000000
0  -1.731931 12.250463 0.596330  0.422434 0.889344 -0.174978  0.000000 0.000000 1 0 1.000000
c_invasion_wrangler_laser
0  -2.214053 11.949177 0.796032  -0.923880 -0.000000 0.382683  0.000000 0.000000 1 0 1.000000
0  -1.537480 11.647890 0.960122  0.380181 -0.889344 -0.254029  0.000000 0.000000 1 0 1.000000
0  -1.971379 11.949177 1.250043  -0.831469 -0.000000 0.555570  0.000000 0.000000 1 0 1.000000
c_invasion_wrangler_laser
0  -1.731931 11.647890 0.596330  0.422433 -0.889344 -0.174980  0.000000 0.000000 1 0 1.000000
0  -1.537480 12.250463 0.960122  0.380182 0.889343 -0.254027  0.000000 0.000000 1 0 1.000000
0  -1.537480 11.647890 0.960122  0.380181 -0.889344 -0.254029  0.000000 0.000000 1 0 1.000000
c_invasion_wrangler_laser
0  -1.731931 12.250463 0.596330  0.422434 0.889344 -0.174978  0.000000 0.000000 1 0 1.000000
0  -1.971379 11.949177 1.250043  -0.831469 -0.000000 0.555570  0.000000 0.000000 1 0 1.000000
0  -1.537480 12.250463 0.960122  0.380182 0.889343 -0.254027  0.000000 0.000000 1 0 1.000000
c_invasion_wrangler_laser
0  -1.971379 11.949177 1.250043  -0.831469 -0.000000 0.555570  0.000000 0.000000 1 0 1.000000
0  -1.275794 11.647890 1.278987  0.323316 -0.889344 -0.323318  0.000000 0.000000 1 0 1.000000
0  -1.644794 11.949177 1.647988  -0.707108 -0.000001 0.707106  0.000000 0.000000 1 0 1.000000
c_invasion_wrangler_laser
0  -1.537480 11.647890 0.960122  0.380181 -0.889344 -0.254029  0.000000 0.000000 1 0 1.000000
0  -1.275794 12.250463 1.278987  0.323318 0.889344 -0.323316  0.000000 0.000000 1 0 1.000000
0  -1.275794 11.647890 1.278987  0.323316 -0.889344 -0.323318  0.000000 0.000000 1 0 1.000000
c_invasion_wrangler_laser
0  -1.537480 12.250463 0.960122  0.380182 0.889343 -0.254027  0.000000 0.000000 1 0 1.000000
0  -1.644794 11.949177 1.647988  -0.707108 -0.000001 0.707106  0.000000 0.000000 1 0 1.000000
0  -1.275794 12.250463 1.278987  0.323318 0.889344 -0.323316  0.000000 0.000000 1 0 1.000000
c_invasion_wrangler_laser
0  -1.644794 11.949177 1.647988  -0.707108 -0.000001 0.707106  0.000000 0.000000 1 0 1.000000
0  -0.956928 11.647890 1.540673  0.254028 -0.889343 -0.380182  0.000000 0.000000 1 0 1.000000
0  -1.246850 11.949177 1.974572  -0.555571 -0.000001 0.831469  0.000000 0.000000 1 0 1.000000
c_invasion_wrangler_laser
0  -1.275794 11.647890 1.278987  0.323316 -0.889344 -0.323318  0.000000 0.000000 1 0 1.000000
0  -0.956928 12.250465 1.540673  0.254029 0.889344 -0.380179  0.000000 0.000000 1 0 1.000000
0  -0.956928 11.647890 1.540673  0.254028 -0.889343 -0.380182  0.000000 0.000000 1 0 1.000000
c_invasion_wrangler_laser
0  -1.275794 12.250463 1.278987  0.323318 0.889344 -0.323316  0.000000 0.000000 1 0 1.000000
0  -1.246850 11.949177 1.974572  -0.555571 -0.000001 0.831469  0.000000 0.000000 1 0 1.000000
0  -0.956928 12.250465 1.540673  0.254029 0.889344 -0.380179  0.000000 0.000000 1 0 1.000000
c_invasion_wrangler_laser
0  -1.246850 11.949177 1.974572  -0.555571 -0.000001 0.831469  0.000000 0.000000 1 0 1.000000
0  -0.593138 11.647890 1.735124  0.174976 -0.889343 -0.422435  0.000000 0.000000 1 0 1.000000
0  -0.792840 11.949177 2.217246  -0.382684 -0.000002 0.923879  0.000000 0.000000 1 0 1.000000
c_invasion_wrangler_laser
0  -0.956928 11.647890 1.540673  0.254028 -0.889343 -0.380182  0.000000 0.000000 1 0 1.000000
0  -0.593138 12.250465 1.735124  0.174980 0.889345 -0.422431  0.000000 0.000000 1 0 1.000000
0  -0.593138 11.647890 1.735124  0.174976 -0.889343 -0.422435  0.000000 0.000000 1 0 1.000000
c_invasion_wrangler_laser
0  -0.956928 12.250465 1.540673  0.254029 0.889344 -0.380179  0.000000 0.000000 1 0 1.000000
0  -0.792840 11.949177 2.217246  -0.382684 -0.000002 0.923879  0.000000 0.000000 1 0 1.000000
0  -0.593138 12.250465 1.735124  0.174980 0.889345 -0.422431  0.000000 0.000000 1 0 1.000000
c_invasion_wrangler_laser
0  -0.792840 11.949177 2.217246  -0.382684 -0.000002 0.923879  0.000000 0.000000 1 0 1.000000
0  -0.198402 11.647890 1.854865  0.117014 -0.877338 -0.465388  0.000000 0.000000 1 0 1.000000
0  -0.300209 11.949177 2.366684  -0.229043 0.001188 0.973415  0.000000 0.000000 1 0 1.000000
c_invasion_wrangler_laser
0  -0.593138 11.647890 1.735124  0.174976 -0.889343 -0.422435  0.000000 0.000000 1 0 1.000000
0  -0.198402 12.250465 1.854865  0.119325 0.878003 -0.463543  0.000000 0.000000 1 0 1.000000
0  -0.198402 11.647890 1.854865  0.117014 -0.877338 -0.465388  0.000000 0.000000 1 0 1.000000
c_invasion_wrangler_laser
0  -0.593138 12.250465 1.735124  0.174980 0.889345 -0.422431  0.000000 0.000000 1 0 1.000000
0  -0.300209 11.949177 2.366684  -0.229043 0.001188 0.973415  0.000000 0.000000 1 0 1.000000
0  -0.198402 12.250465 1.854865  0.119325 0.878003 -0.463543  0.000000 0.000000 1 0 1.000000
c_invasion_wrangler_laser
0  -0.300209 11.949177 2.366684  -0.229043 0.001188 0.973415  0.000000 0.000000 1 0 1.000000
0  0.000000 11.647890 1.895298  0.000000 -0.911679 -0.410903  0.000000 0.000000 1 0 1.000000
0  0.000000 11.949177 2.417143  0.000000 0.001996 0.999998  0.000000 0.000000 1 0 1.000000
c_invasion_wrangler_laser
0  -0.198402 11.647890 1.854865  0.117014 -0.877338 -0.465388  0.000000 0.000000 1 0 1.000000
0  0.000000 12.250465 1.895298  -0.000000 0.913079 -0.407783  0.000000 0.000000 1 0 1.000000
0  0.000000 11.647890 1.895298  0.000000 -0.911679 -0.410903  0.000000 0.000000 1 0 1.000000
c_invasion_wrangler_laser
0  -0.198402 12.250465 1.854865  0.119325 0.878003 -0.463543  0.000000 0.000000 1 0 1.000000
0  0.000000 11.949177 2.417143  0.000000 0.001996 0.999998  0.000000 0.000000 1 0 1.000000
0  0.000000 12.250465 1.895298  -0.000000 0.913079 -0.407783  0.000000 0.000000 1 0 1.000000
c_invasion_wrangler_laser
0  -2.413950 10.714703 0.000000  -0.999998 -0.001940 0.000000  0.000000 0.000000 1 0 1.000000
0  -1.851672 10.413417 0.201594  0.463149 -0.878339 -0.118374  0.000000 0.000000 1 0 1.000000
0  -2.363490 10.714703 0.303401  -0.973620 -0.001155 0.228174  0.000000 0.000000 1 0 1.000000
c_invasion_wrangler_laser
0  -1.892105 10.413417 0.000000  0.409344 -0.912380 0.000000  0.000000 0.000000 1 0 1.000000
0  -1.851672 11.015989 0.201594  0.464931 0.877698 -0.116128  0.000000 0.000000 1 0 1.000000
0  -1.851672 10.413417 0.201594  0.463149 -0.878339 -0.118374  0.000000 0.000000 1 0 1.000000
c_invasion_wrangler_laser
0  -1.892105 11.015989 0.000000  0.412350 0.911026 0.000000  0.000000 0.000000 1 0 1.000000
0  -2.363490 10.714703 0.303401  -0.973620 -0.001155 0.228174  0.000000 0.000000 1 0 1.000000
0  -1.851672 11.015989 0.201594  0.464931 0.877698 -0.116128  0.000000 0.000000 1 0 1.000000
c_invasion_wrangler_laser
0  -2.363490 10.714703 0.303401  -0.973620 -0.001155 0.228174  0.000000 0.000000 1 0 1.000000
0  -1.731931 10.413417 0.596330  0.422433 -0.889344 -0.174980  0.000000 0.000000 1 0 1.000000
0  -2.214053 10.714703 0.796032  -0.923879 -0.000001 0.382684  0.000000 0.000000 1 0 1.000000
c_invasion_wrangler_laser
0  -1.851672 10.413417 0.201594  0.463149 -0.878339 -0.118374  0.000000 0.000000 1 0 1.000000
0  -1.731931 11.015989 0.596330  0.422435 0.889344 -0.174975  0.000000 0.000000 1 0 1.000000
0  -1.731931 10.413417 0.596330  0.422433 -0.889344 -0.174980  0.000000 0.000000 1 0 1.000000
c_invasion_wrangler_laser
0  -1.851672 11.015989 0.201594  0.464931 0.877698 -0.116128  0.000000 0.000000 1 0 1.000000
0  -2.214053 10.714703 0.796032  -0.923879 -0.000001 0.382684  0.000000 0.000000 1 0 1.000000
0  -1.731931 11.015989 0.596330  0.422435 0.889344 -0.174975  0.000000 0.000000 1 0 1.000000
c_invasion_wrangler_laser
0  -2.214053 10.714703 0.796032  -0.923879 -0.000001 0.382684  0.000000 0.000000 1 0 1.000000
0  -1.537480 10.413417 0.960122  0.380181 -0.889343 -0.254030  0.000000 0.000000 1 0 1.000000
0  -1.971379 10.714703 1.250043  -0.831469 -0.000001 0.555571  0.000000 0.000000 1 0 1.000000
c_invasion_wrangler_laser
0  -1.731931 10.413417 0.596330  0.422433 -0.889344 -0.174980  0.000000 0.000000 1 0 1.000000
0  -1.537480 11.015989 0.960122  0.380182 0.889344 -0.254027  0.000000 0.000000 1 0 1.000000
0  -1.537480 10.413417 0.960122  0.380181 -0.889343 -0.254030  0.000000 0.000000 1 0 1.000000
c_invasion_wrangler_laser
0  -1.731931 11.015989 0.596330  0.422435 0.889344 -0.174975  0.000000 0.000000 1 0 1.000000
0  -1.971379 10.714703 1.250043  -0.831469 -0.000001 0.555571  0.000000 0.000000 1 0 1.000000
0  -1.537480 11.015989 0.960122  0.380182 0.889344 -0.254027  0.000000 0.000000 1 0 1.000000
c_invasion_wrangler_laser
0  -1.971379 10.714703 1.250043  -0.831469 -0.000001 0.555571  0.000000 0.000000 1 0 1.000000
0  -1.275794 10.413417 1.278987  0.323316 -0.889344 -0.323318  0.000000 0.000000 1 0 1.000000
0  -1.644794 10.714703 1.647988  -0.707107 -0.000001 0.707106  0.000000 0.000000 1 0 1.000000
c_invasion_wrangler_laser
0  -1.537480 10.413417 0.960122  0.380181 -0.889343 -0.254030  0.000000 0.000000 1 0 1.000000
0  -1.275794 11.015989 1.278987  0.323317 0.889344 -0.323317  0.000000 0.000000 1 0 1.000000
0  -1.275794 10.413417 1.278987  0.323316 -0.889344 -0.323318  0.000000 0.000000 1 0 1.000000
c_invasion_wrangler_laser
0  -1.537480 11.015989 0.960122  0.380182 0.889344 -0.254027  0.000000 0.000000 1 0 1.000000
0  -1.644794 10.714703 1.647988  -0.707107 -0.000001 0.707106  0.000000 0.000000 1 0 1.000000
0  -1.275794 11.015989 1.278987  0.323317 0.889344 -0.323317  0.000000 0.000000 1 0 1.000000
c_invasion_wrangler_laser
0  -1.644794 10.714703 1.647988  -0.707107 -0.000001 0.707106  0.000000 0.000000 1 0 1.000000
0  -0.956928 10.413417 1.540673  0.254027 -0.889343 -0.380183  0.000000 0.000000 1 0 1.000000
0  -1.246850 10.714703 1.974572  -0.555571 -0.000002 0.831469  0.000000 0.000000 1 0 1.000000
c_invasion_wrangler_laser
0  -1.275794 10.413417 1.278987  0.323316 -0.889344 -0.323318  0.000000 0.000000 1 0 1.000000
0  -0.956928 11.015992 1.540673  0.254028 0.889345 -0.380178  0.000000 0.000000 1 0 1.000000
0  -0.956928 10.413417 1.540673  0.254027 -0.889343 -0.380183  0.000000 0.000000 1 0 1.000000
c_invasion_wrangler_laser
0  -1.275794 11.015989 1.278987  0.323317 0.889344 -0.323317  0.000000 0.000000 1 0 1.000000
0  -1.246850 10.714703 1.974572  -0.555571 -0.000002 0.831469  0.000000 0.000000 1 0 1.000000
0  -0.956928 11.015992 1.540673  0.254028 0.889345 -0.380178  0.000000 0.000000 1 0 1.000000
c_invasion_wrangler_laser
0  -1.246850 10.714703 1.974572  -0.555571 -0.000002 0.831469  0.000000 0.000000 1 0 1.000000
0  -0.593138 10.413417 1.735124  0.174976 -0.889343 -0.422436  0.000000 0.000000 1 0 1.000000
0  -0.792840 10.714703 2.217246  -0.382684 -0.000003 0.923879  0.000000 0.000000 1 0 1.000000
c_invasion_wrangler_laser
0  -0.956928 10.413417 1.540673  0.254027 -0.889343 -0.380183  0.000000 0.000000 1 0 1.000000
0  -0.593138 11.015992 1.735124  0.174979 0.889345 -0.422431  0.000000 0.000000 1 0 1.000000
0  -0.593138 10.413417 1.735124  0.174976 -0.889343 -0.422436  0.000000 0.000000 1 0 1.000000
c_invasion_wrangler_laser
0  -0.956928 11.015992 1.540673  0.254028 0.889345 -0.380178  0.000000 0.000000 1 0 1.000000
0  -0.792840 10.714703 2.217246  -0.382684 -0.000003 0.923879  0.000000 0.000000 1 0 1.000000
0  -0.593138 11.015992 1.735124  0.174979 0.889345 -0.422431  0.000000 0.000000 1 0 1.000000
c_invasion_wrangler_laser
0  -0.792840 10.714703 2.217246  -0.382684 -0.000003 0.923879  0.000000 0.000000 1 0 1.000000
0  -0.198402 10.413417 1.854865  0.117014 -0.877338 -0.465389  0.000000 0.000000 1 0 1.000000
0  -0.300209 10.714703 2.366684  -0.229044 0.001187 0.973415  0.000000 0.000000 1 0 1.000000
c_invasion_wrangler_laser
0  -0.593138 10.413417 1.735124  0.174976 -0.889343 -0.422436  0.000000 0.000000 1 0 1.000000
0  -0.198402 11.015992 1.854865  0.119325 0.878003 -0.463543  0.000000 0.000000 1 0 1.000000
0  -0.198402 10.413417 1.854865  0.117014 -0.877338 -0.465389  0.000000 0.000000 1 0 1.000000
c_invasion_wrangler_laser
0  -0.593138 11.015992 1.735124  0.174979 0.889345 -0.422431  0.000000 0.000000 1 0 1.000000
0  -0.300209 10.714703 2.366684  -0.229044 0.001187 0.973415  0.000000 0.000000 1 0 1.000000
0  -0.198402 11.015992 1.854865  0.119325 0.878003 -0.463543  0.000000 0.000000 1 0 1.000000
c_invasion_wrangler_laser
0  -0.300209 10.714703 2.366684  -0.229044 0.001187 0.973415  0.000000 0.000000 1 0 1.000000
0  0.000000 10.413417 1.895298  0.000000 -0.911679 -0.410904  0.000000 0.000000 1 0 1.000000
0  0.000000 10.714703 2.417143  0.000000 0.001996 0.999998  0.000000 0.000000 1 0 1.000000
c_invasion_wrangler_laser
0  -0.198402 10.413417 1.854865  0.117014 -0.877338 -0.465389  0.000000 0.000000 1 0 1.000000
0  0.000000 11.015992 1.895298  0.000000 0.913079 -0.407783  0.000000 0.000000 1 0 1.000000
0  0.000000 10.413417 1.895298  0.000000 -0.911679 -0.410904  0.000000 0.000000 1 0 1.000000
c_invasion_wrangler_laser
0  -0.198402 11.015992 1.854865  0.119325 0.878003 -0.463543  0.000000 0.000000 1 0 1.000000
0  0.000000 10.714703 2.417143  0.000000 0.001996 0.999998  0.000000 0.000000 1 0 1.000000
0  0.000000 11.015992 1.895298  0.000000 0.913079 -0.407783  0.000000 0.000000 1 0 1.000000
c_invasion_wrangler_laser
0  -2.413950 13.183650 0.000000  -0.999998 -0.001939 0.000000  0.000000 0.000000 1 0 1.000000
0  -1.851672 12.882363 0.201594  0.463149 -0.878340 -0.118374  0.000000 0.000000 1 0 1.000000
0  -2.363490 13.183650 0.303401  -0.973619 -0.001154 0.228176  0.000000 0.000000 1 0 1.000000
c_invasion_wrangler_laser
0  -1.892105 12.882363 0.000000  0.409343 -0.912380 0.000000  0.000000 0.000000 1 0 1.000000
0  -1.851672 13.484937 0.201594  0.464931 0.877698 -0.116130  0.000000 0.000000 1 0 1.000000
0  -1.851672 12.882363 0.201594  0.463149 -0.878340 -0.118374  0.000000 0.000000 1 0 1.000000
c_invasion_wrangler_laser
0  -1.892105 13.484937 0.000000  0.412349 0.911026 -0.000000  0.000000 0.000000 1 0 1.000000
0  -2.363490 13.183650 0.303401  -0.973619 -0.001154 0.228176  0.000000 0.000000 1 0 1.000000
0  -1.851672 13.484937 0.201594  0.464931 0.877698 -0.116130  0.000000 0.000000 1 0 1.000000
c_invasion_wrangler_laser
0  -2.363490 13.183650 0.303401  -0.973619 -0.001154 0.228176  0.000000 0.000000 1 0 1.000000
0  -1.731931 12.882363 0.596330  0.422433 -0.889344 -0.174979  0.000000 0.000000 1 0 1.000000
0  -2.214053 13.183650 0.796032  -0.923879 0.000000 0.382684  0.000000 0.000000 1 0 1.000000
c_invasion_wrangler_laser
0  -1.851672 12.882363 0.201594  0.463149 -0.878340 -0.118374  0.000000 0.000000 1 0 1.000000
0  -1.731931 13.484937 0.596330  0.422436 0.889344 -0.174973  0.000000 0.000000 1 0 1.000000
0  -1.731931 12.882363 0.596330  0.422433 -0.889344 -0.174979  0.000000 0.000000 1 0 1.000000
c_invasion_wrangler_laser
0  -1.851672 13.484937 0.201594  0.464931 0.877698 -0.116130  0.000000 0.000000 1 0 1.000000
0  -2.214053 13.183650 0.796032  -0.923879 0.000000 0.382684  0.000000 0.000000 1 0 1.000000
0  -1.731931 13.484937 0.596330  0.422436 0.889344 -0.174973  0.000000 0.000000 1 0 1.000000
c_invasion_wrangler_laser
0  -2.214053 13.183650 0.796032  -0.923879 0.000000 0.382684  0.000000 0.000000 1 0 1.000000
0  -1.537480 12.882363 0.960122  0.380180 -0.889343 -0.254032  0.000000 0.000000 1 0 1.000000
0  -1.971379 13.183650 1.250043  -0.831470 0.000000 0.555570  0.000000 0.000000 1 0 1.000000
c_invasion_wrangler_laser
0  -1.731931 12.882363 0.596330  0.422433 -0.889344 -0.174979  0.000000 0.000000 1 0 1.000000
0  -1.537480 13.484937 0.960122  0.380183 0.889344 -0.254025  0.000000 0.000000 1 0 1.000000
0  -1.537480 12.882363 0.960122  0.380180 -0.889343 -0.254032  0.000000 0.000000 1 0 1.000000
c_invasion_wrangler_laser
0  -1.731931 13.484937 0.596330  0.422436 0.889344 -0.174973  0.000000 0.000000 1 0 1.000000
0  -1.971379 13.183650 1.250043  -0.831470 0.000000 0.555570  0.000000 0.000000 1 0 1.000000
0  -1.537480 13.484937 0.960122  0.380183 0.889344 -0.254025  0.000000 0.000000 1 0 1.000000
c_invasion_wrangler_laser
0  -1.971379 13.183650 1.250043  -0.831470 0.000000 0.555570  0.000000 0.000000 1 0 1.000000
0  -1.275794 12.882363 1.278987  0.323315 -0.889343 -0.323320  0.000000 0.000000 1 0 1.000000
0  -1.644794 13.183650 1.647988  -0.707106 0.000000 0.707107  0.000000 0.000000 1 0 1.000000
c_invasion_wrangler_laser
0  -1.537480 12.882363 0.960122  0.380180 -0.889343 -0.254032  0.000000 0.000000 1 0 1.000000
0  -1.275794 13.484937 1.278987  0.323318 0.889344 -0.323315  0.000000 0.000000 1 0 1.000000
0  -1.275794 12.882363 1.278987  0.323315 -0.889343 -0.323320  0.000000 0.000000 1 0 1.000000
c_invasion_wrangler_laser
0  -1.537480 13.484937 0.960122  0.380183 0.889344 -0.254025  0.000000 0.000000 1 0 1.000000
0  -1.644794 13.183650 1.647988  -0.707106 0.000000 0.707107  0.000000 0.000000 1 0 1.000000
0  -1.275794 13.484937 1.278987  0.323318 0.889344 -0.323315  0.000000 0.000000 1 0 1.000000
c_invasion_wrangler_laser
0  -1.644794 13.183650 1.647988  -0.707106 0.000000 0.707107  0.000000 0.000000 1 0 1.000000
0  -0.956928 12.882363 1.540673  0.254027 -0.889343 -0.380182  0.000000 0.000000 1 0 1.000000
0  -1.246850 13.183650 1.974572  -0.555571 -0.000001 0.831469  0.000000 0.000000 1 0 1.000000
c_invasion_wrangler_laser
0  -1.275794 12.882363 1.278987  0.323315 -0.889343 -0.323320  0.000000 0.000000 1 0 1.000000
0  -0.956928 13.484939 1.540673  0.254029 0.889344 -0.380180  0.000000 0.000000 1 0 1.000000
0  -0.956928 12.882363 1.540673  0.254027 -0.889343 -0.380182  0.000000 0.000000 1 0 1.000000
c_invasion_wrangler_laser
0  -1.275794 13.484937 1.278987  0.323318 0.889344 -0.323315  0.000000 0.000000 1 0 1.000000
0  -1.246850 13.183650 1.974572  -0.555571 -0.000001 0.831469  0.000000 0.000000 1 0 1.000000
0  -0.956928 13.484939 1.540673  0.254029 0.889344 -0.380180  0.000000 0.000000 1 0 1.000000
c_invasion_wrangler_laser
0  -1.246850 13.183650 1.974572  -0.555571 -0.000001 0.831469  0.000000 0.000000 1 0 1.000000
0  -0.593138 12.882363 1.735124  0.174976 -0.889344 -0.422435  0.000000 0.000000 1 0 1.000000
0  -0.792840 13.183650 2.217246  -0.382684 -0.000001 0.923879  0.000000 0.000000 1 0 1.000000
c_invasion_wrangler_laser
0  -0.956928 12.882363 1.540673  0.254027 -0.889343 -0.380182  0.000000 0.000000 1 0 1.000000
0  -0.593138 13.484939 1.735124  0.174980 0.889344 -0.422433  0.000000 0.000000 1 0 1.000000
0  -0.593138 12.882363 1.735124  0.174976 -0.889344 -0.422435  0.000000 0.000000 1 0 1.000000
c_invasion_wrangler_laser
0  -0.956928 13.484939 1.540673  0.254029 0.889344 -0.380180  0.000000 0.000000 1 0 1.000000
0  -0.792840 13.183650 2.217246  -0.382684 -0.000001 0.923879  0.000000 0.000000 1 0 1.000000
0  -0.593138 13.484939 1.735124  0.174980 0.889344 -0.422433  0.000000 0.000000 1 0 1.000000
c_invasion_wrangler_laser
0  -0.792840 13.183650 2.217246  -0.382684 -0.000001 0.923879  0.000000 0.000000 1 0 1.000000
0  -0.198402 12.882363 1.854865  0.117014 -0.877338 -0.465388  0.000000 0.000000 1 0 1.000000
0  -0.300209 13.183650 2.366684  -0.229043 0.001189 0.973415  0.000000 0.000000 1 0 1.000000
c_invasion_wrangler_laser
0  -0.593138 12.882363 1.735124  0.174976 -0.889344 -0.422435  0.000000 0.000000 1 0 1.000000
0  -0.198402 13.484939 1.854865  0.119325 0.878003 -0.463544  0.000000 0.000000 1 0 1.000000
0  -0.198402 12.882363 1.854865  0.117014 -0.877338 -0.465388  0.000000 0.000000 1 0 1.000000
c_invasion_wrangler_laser
0  -0.593138 13.484939 1.735124  0.174980 0.889344 -0.422433  0.000000 0.000000 1 0 1.000000
0  -0.300209 13.183650 2.366684  -0.229043 0.001189 0.973415  0.000000 0.000000 1 0 1.000000
0  -0.198402 13.484939 1.854865  0.119325 0.878003 -0.463544  0.000000 0.000000 1 0 1.000000
c_invasion_wrangler_laser
0  -0.300209 13.183650 2.366684  -0.229043 0.001189 0.973415  0.000000 0.000000 1 0 1.000000
0  0.000000 12.882363 1.895298  0.000000 -0.911679 -0.410903  0.000000 0.000000 1 0 1.000000
0  0.000000 13.183650 2.417143  0.000000 0.001996 0.999998  0.000000 0.000000 1 0 1.000000
c_invasion_wrangler_laser
0  -0.198402 12.882363 1.854865  0.117014 -0.877338 -0.465388  0.000000 0.000000 1 0 1.000000
0  0.000000 13.484939 1.895298  -0.000000 0.913079 -0.407783  0.000000 0.000000 1 0 1.000000
0  0.000000 12.882363 1.895298  0.000000 -0.911679 -0.410903  0.000000 0.000000 1 0 1.000000
c_invasion_wrangler_laser
0  -0.198402 13.484939 1.854865  0.119325 0.878003 -0.463544  0.000000 0.000000 1 0 1.000000
0  0.000000 13.183650 2.417143  0.000000 0.001996 0.999998  0.000000 0.000000 1 0 1.000000
0  0.000000 13.484939 1.895298  -0.000000 0.913079 -0.407783  0.000000 0.000000 1 0 1.000000
c_invasion_wrangler_laser
0  -0.198402 9.781521 1.854865  0.119325 0.878003 -0.463544  0.000000 0.000000 1 0 1.000000
0  0.000000 9.480232 2.417143  0.000000 0.001998 0.999998  0.000000 0.000000 1 0 1.000000
0  0.000000 9.781521 1.895298  -0.000000 0.913079 -0.407783  0.000000 0.000000 1 0 1.000000
c_invasion_wrangler_laser
0  -0.198402 9.178946 1.854865  0.117014 -0.877338 -0.465388  0.000000 0.000000 1 0 1.000000
0  0.000000 9.781521 1.895298  -0.000000 0.913079 -0.407783  0.000000 0.000000 1 0 1.000000
0  0.000000 9.178946 1.895298  0.000000 -0.911679 -0.410904  0.000000 0.000000 1 0 1.000000
c_invasion_wrangler_laser
0  -0.300209 9.480232 2.366684  -0.229043 0.001189 0.973415  0.000000 0.000000 1 0 1.000000
0  0.000000 9.178946 1.895298  0.000000 -0.911679 -0.410904  0.000000 0.000000 1 0 1.000000
0  0.000000 9.480232 2.417143  0.000000 0.001998 0.999998  0.000000 0.000000 1 0 1.000000
c_invasion_wrangler_laser
0  -0.593138 9.781521 1.735124  0.174980 0.889345 -0.422431  0.000000 0.000000 1 0 1.000000
0  -0.300209 9.480232 2.366684  -0.229043 0.001189 0.973415  0.000000 0.000000 1 0 1.000000
0  -0.198402 9.781521 1.854865  0.119325 0.878003 -0.463544  0.000000 0.000000 1 0 1.000000
c_invasion_wrangler_laser
0  -0.593138 9.178946 1.735124  0.174976 -0.889344 -0.422435  0.000000 0.000000 1 0 1.000000
0  -0.198402 9.781521 1.854865  0.119325 0.878003 -0.463544  0.000000 0.000000 1 0 1.000000
0  -0.198402 9.178946 1.854865  0.117014 -0.877338 -0.465388  0.000000 0.000000 1 0 1.000000
c_invasion_wrangler_laser
0  -0.792840 9.480232 2.217246  -0.382683 -0.000002 0.923880  0.000000 0.000000 1 0 1.000000
0  -0.198402 9.178946 1.854865  0.117014 -0.877338 -0.465388  0.000000 0.000000 1 0 1.000000
0  -0.300209 9.480232 2.366684  -0.229043 0.001189 0.973415  0.000000 0.000000 1 0 1.000000
c_invasion_wrangler_laser
0  -0.956928 9.781521 1.540673  0.254028 0.889344 -0.380180  0.000000 0.000000 1 0 1.000000
0  -0.792840 9.480232 2.217246  -0.382683 -0.000002 0.923880  0.000000 0.000000 1 0 1.000000
0  -0.593138 9.781521 1.735124  0.174980 0.889345 -0.422431  0.000000 0.000000 1 0 1.000000
c_invasion_wrangler_laser
0  -0.956928 9.178946 1.540673  0.254027 -0.889343 -0.380183  0.000000 0.000000 1 0 1.000000
0  -0.593138 9.781521 1.735124  0.174980 0.889345 -0.422431  0.000000 0.000000 1 0 1.000000
0  -0.593138 9.178946 1.735124  0.174976 -0.889344 -0.422435  0.000000 0.000000 1 0 1.000000
c_invasion_wrangler_laser
0  -1.246850 9.480232 1.974572  -0.555572 -0.000001 0.831468  0.000000 0.000000 1 0 1.000000
0  -0.593138 9.178946 1.735124  0.174976 -0.889344 -0.422435  0.000000 0.000000 1 0 1.000000
0  -0.792840 9.480232 2.217246  -0.382683 -0.000002 0.923880  0.000000 0.000000 1 0 1.000000
c_invasion_wrangler_laser
0  -1.275794 9.781518 1.278987  0.323318 0.889343 -0.323317  0.000000 0.000000 1 0 1.000000
0  -1.246850 9.480232 1.974572  -0.555572 -0.000001 0.831468  0.000000 0.000000 1 0 1.000000
0  -0.956928 9.781521 1.540673  0.254028 0.889344 -0.380180  0.000000 0.000000 1 0 1.000000
c_invasion_wrangler_laser
0  -1.275794 9.178946 1.278987  0.323315 -0.889344 -0.323319  0.000000 0.000000 1 0 1.000000
0  -0.956928 9.781521 1.540673  0.254028 0.889344 -0.380180  0.000000 0.000000 1 0 1.000000
0  -0.956928 9.178946 1.540673  0.254027 -0.889343 -0.380183  0.000000 0.000000 1 0 1.000000
c_invasion_wrangler_laser
0  -1.644794 9.480232 1.647988  -0.707107 0.000001 0.707106  0.000000 0.000000 1 0 1.000000
0  -0.956928 9.178946 1.540673  0.254027 -0.889343 -0.380183  0.000000 0.000000 1 0 1.000000
0  -1.246850 9.480232 1.974572  -0.555572 -0.000001 0.831468  0.000000 0.000000 1 0 1.000000
c_invasion_wrangler_laser
0  -1.537480 9.781518 0.960122  0.380183 0.889343 -0.254027  0.000000 0.000000 1 0 1.000000
0  -1.644794 9.480232 1.647988  -0.707107 0.000001 0.707106  0.000000 0.000000 1 0 1.000000
0  -1.275794 9.781518 1.278987  0.323318 0.889343 -0.323317  0.000000 0.000000 1 0 1.000000
c_invasion_wrangler_laser
0  -1.537480 9.178946 0.960122  0.380179 -0.889343 -0.254032  0.000000 0.000000 1 0 1.000000
0  -1.275794 9.781518 1.278987  0.323318 0.889343 -0.323317  0.000000 0.000000 1 0 1.000000
0  -1.275794 9.178946 1.278987  0.323315 -0.889344 -0.323319  0.000000 0.000000 1 0 1.000000
c_invasion_wrangler_laser
0  -1.971379 9.480232 1.250043  -0.831470 0.000001 0.555569  0.000000 0.000000 1 0 1.000000
0  -1.275794 9.178946 1.278987  0.323315 -0.889344 -0.323319  0.000000 0.000000 1 0 1.000000
0  -1.644794 9.480232 1.647988  -0.707107 0.000001 0.707106  0.000000 0.000000 1 0 1.000000
c_invasion_wrangler_laser
0  -1.731931 9.781518 0.596330  0.422436 0.889343 -0.174975  0.000000 0.000000 1 0 1.000000
0  -1.971379 9.480232 1.250043  -0.831470 0.000001 0.555569  0.000000 0.000000 1 0 1.000000
0  -1.537480 9.781518 0.960122  0.380183 0.889343 -0.254027  0.000000 0.000000 1 0 1.000000
c_invasion_wrangler_laser
0  -1.731931 9.178946 0.596330  0.422433 -0.889344 -0.174981  0.000000 0.000000 1 0 1.000000
0  -1.537480 9.781518 0.960122  0.380183 0.889343 -0.254027  0.000000 0.000000 1 0 1.000000
0  -1.537480 9.178946 0.960122  0.380179 -0.889343 -0.254032  0.000000 0.000000 1 0 1.000000
c_invasion_wrangler_laser
0  -2.214053 9.480232 0.796032  -0.923880 0.000000 0.382681  0.000000 0.000000 1 0 1.000000
0  -1.537480 9.178946 0.960122  0.380179 -0.889343 -0.254032  0.000000 0.000000 1 0 1.000000
0  -1.971379 9.480232 1.250043  -0.831470 0.000001 0.555569  0.000000 0.000000 1 0 1.000000
c_invasion_wrangler_laser
0  -1.851672 9.781518 0.201594  0.464932 0.877697 -0.116127  0.000000 0.000000 1 0 1.000000
0  -2.214053 9.480232 0.796032  -0.923880 0.000000 0.382681  0.000000 0.000000 1 0 1.000000
0  -1.731931 9.781518 0.596330  0.422436 0.889343 -0.174975  0.000000 0.000000 1 0 1.000000
c_invasion_wrangler_laser
0  -1.851672 9.178946 0.201594  0.463149 -0.878340 -0.118375  0.000000 0.000000 1 0 1.000000
0  -1.731931 9.781518 0.596330  0.422436 0.889343 -0.174975  0.000000 0.000000 1 0 1.000000
0  -1.731931 9.178946 0.596330  0.422433 -0.889344 -0.174981  0.000000 0.000000 1 0 1.000000
c_invasion_wrangler_laser
0  -2.363490 9.480232 0.303401  -0.973620 -0.001153 0.228174  0.000000 0.000000 1 0 1.000000
0  -1.731931 9.178946 0.596330  0.422433 -0.889344 -0.174981  0.000000 0.000000 1 0 1.000000
0  -2.214053 9.480232 0.796032  -0.923880 0.000000 0.382681  0.000000 0.000000 1 0 1.000000
c_invasion_wrangler_laser
0  -1.892105 9.781518 0.000000  0.412351 0.911025 -0.000000  0.000000 0.000000 1 0 1.000000
0  -2.363490 9.480232 0.303401  -0.973620 -0.001153 0.228174  0.000000 0.000000 1 0 1.000000
0  -1.851672 9.781518 0.201594  0.464932 0.877697 -0.116127  0.000000 0.000000 1 0 1.000000
c_invasion_wrangler_laser
0  -1.892105 9.178946 0.000000  0.409343 -0.912381 0.000000  0.000000 0.000000 1 0 1.000000
0  -1.851672 9.781518 0.201594  0.464932 0.877697 -0.116127  0.000000 0.000000 1 0 1.000000
0  -1.851672 9.178946 0.201594  0.463149 -0.878340 -0.118375  0.000000 0.000000 1 0 1.000000
c_invasion_wrangler_laser
0  -2.413950 9.480232 0.000000  -0.999998 -0.001939 0.000000  0.000000 0.000000 1 0 1.000000
0  -1.851672 9.178946 0.201594  0.463149 -0.878340 -0.118375  0.000000 0.000000 1 0 1.000000
0  -2.363490 9.480232 0.303401  -0.973620 -0.001153 0.228174  0.000000 0.000000 1 0 1.000000
c_invasion_wrangler_laser
0  -2.413950 14.418124 0.000000  -0.999998 -0.001939 0.000000  0.000000 0.000000 1 0 1.000000
0  -1.851672 14.116838 0.201594  0.463148 -0.878340 -0.118377  0.000000 0.000000 1 0 1.000000
0  -2.363490 14.418124 0.303401  -0.973619 -0.001153 0.228178  0.000000 0.000000 1 0 1.000000
c_invasion_wrangler_laser
0  -1.892105 14.116838 0.000000  0.409342 -0.912381 0.000000  0.000000 0.000000 1 0 1.000000
0  -1.851672 14.719410 0.201594  0.464932 0.877697 -0.116131  0.000000 0.000000 1 0 1.000000
0  -1.851672 14.116838 0.201594  0.463148 -0.878340 -0.118377  0.000000 0.000000 1 0 1.000000
c_invasion_wrangler_laser
0  -1.892105 14.719410 0.000000  0.412350 0.911025 0.000000  0.000000 0.000000 1 0 1.000000
0  -2.363490 14.418124 0.303401  -0.973619 -0.001153 0.228178  0.000000 0.000000 1 0 1.000000
0  -1.851672 14.719410 0.201594  0.464932 0.877697 -0.116131  0.000000 0.000000 1 0 1.000000
c_invasion_wrangler_laser
0  -2.363490 14.418124 0.303401  -0.973619 -0.001153 0.228178  0.000000 0.000000 1 0 1.000000
0  -1.731931 14.116838 0.596330  0.422433 -0.889344 -0.174981  0.000000 0.000000 1 0 1.000000
0  -2.214053 14.418124 0.796032  -0.923879 0.000001 0.382685  0.000000 0.000000 1 0 1.000000
c_invasion_wrangler_laser
0  -1.851672 14.116838 0.201594  0.463148 -0.878340 -0.118377  0.000000 0.000000 1 0 1.000000
0  -1.731931 14.719410 0.596330  0.422435 0.889343 -0.174977  0.000000 0.000000 1 0 1.000000
0  -1.731931 14.116838 0.596330  0.422433 -0.889344 -0.174981  0.000000 0.000000 1 0 1.000000
c_invasion_wrangler_laser
0  -1.851672 14.719410 0.201594  0.464932 0.877697 -0.116131  0.000000 0.000000 1 0 1.000000
0  -2.214053 14.418124 0.796032  -0.923879 0.000001 0.382685  0.000000 0.000000 1 0 1.000000
0  -1.731931 14.719410 0.596330  0.422435 0.889343 -0.174977  0.000000 0.000000 1 0 1.000000
c_invasion_wrangler_laser
0  -2.214053 14.418124 0.796032  -0.923879 0.000001 0.382685  0.000000 0.000000 1 0 1.000000
0  -1.537480 14.116838 0.960122  0.380180 -0.889344 -0.254030  0.000000 0.000000 1 0 1.000000
0  -1.971379 14.418124 1.250043  -0.831469 0.000001 0.555572  0.000000 0.000000 1 0 1.000000
c_invasion_wrangler_laser
0  -1.731931 14.116838 0.596330  0.422433 -0.889344 -0.174981  0.000000 0.000000 1 0 1.000000
0  -1.537480 14.719410 0.960122  0.380183 0.889343 -0.254029  0.000000 0.000000 1 0 1.000000
0  -1.537480 14.116838 0.960122  0.380180 -0.889344 -0.254030  0.000000 0.000000 1 0 1.000000
c_invasion_wrangler_laser
0  -1.731931 14.719410 0.596330  0.422435 0.889343 -0.174977  0.000000 0.000000 1 0 1.000000
0  -1.971379 14.418124 1.250043  -0.831469 0.000001 0.555572  0.000000 0.000000 1 0 1.000000
0  -1.537480 14.719410 0.960122  0.380183 0.889343 -0.254029  0.000000 0.000000 1 0 1.000000
c_invasion_wrangler_laser
0  -1.971379 14.418124 1.250043  -0.831469 0.000001 0.555572  0.000000 0.000000 1 0 1.000000
0  -1.275794 14.116838 1.278987  0.323315 -0.889343 -0.323320  0.000000 0.000000 1 0 1.000000
0  -1.644794 14.418124 1.647988  -0.707107 -0.000000 0.707107  0.000000 0.000000 1 0 1.000000
c_invasion_wrangler_laser
0  -1.537480 14.116838 0.960122  0.380180 -0.889344 -0.254030  0.000000 0.000000 1 0 1.000000
0  -1.275794 14.719410 1.278987  0.323317 0.889344 -0.323317  0.000000 0.000000 1 0 1.000000
0  -1.275794 14.116838 1.278987  0.323315 -0.889343 -0.323320  0.000000 0.000000 1 0 1.000000
c_invasion_wrangler_laser
0  -1.537480 14.719410 0.960122  0.380183 0.889343 -0.254029  0.000000 0.000000 1 0 1.000000
0  -1.644794 14.418124 1.647988  -0.707107 -0.000000 0.707107  0.000000 0.000000 1 0 1.000000
0  -1.275794 14.719410 1.278987  0.323317 0.889344 -0.323317  0.000000 0.000000 1 0 1.000000
c_invasion_wrangler_laser
0  -1.644794 14.418124 1.647988  -0.707107 -0.000000 0.707107  0.000000 0.000000 1 0 1.000000
0  -0.956928 14.116838 1.540673  0.254028 -0.889343 -0.380182  0.000000 0.000000 1 0 1.000000
0  -1.246850 14.418124 1.974572  -0.555571 -0.000001 0.831469  0.000000 0.000000 1 0 1.000000
c_invasion_wrangler_laser
0  -1.275794 14.116838 1.278987  0.323315 -0.889343 -0.323320  0.000000 0.000000 1 0 1.000000
0  -0.956928 14.719413 1.540673  0.254027 0.889344 -0.380179  0.000000 0.000000 1 0 1.000000
0  -0.956928 14.116838 1.540673  0.254028 -0.889343 -0.380182  0.000000 0.000000 1 0 1.000000
c_invasion_wrangler_laser
0  -1.275794 14.719410 1.278987  0.323317 0.889344 -0.323317  0.000000 0.000000 1 0 1.000000
0  -1.246850 14.418124 1.974572  -0.555571 -0.000001 0.831469  0.000000 0.000000 1 0 1.000000
0  -0.956928 14.719413 1.540673  0.254027 0.889344 -0.380179  0.000000 0.000000 1 0 1.000000
c_invasion_wrangler_laser
0  -1.246850 14.418124 1.974572  -0.555571 -0.000001 0.831469  0.000000 0.000000 1 0 1.000000
0  -0.593138 14.116838 1.735124  0.174977 -0.889344 -0.422433  0.000000 0.000000 1 0 1.000000
0  -0.792840 14.418124 2.217246  -0.382684 -0.000002 0.923879  0.000000 0.000000 1 0 1.000000
c_invasion_wrangler_laser
0  -0.956928 14.116838 1.540673  0.254028 -0.889343 -0.380182  0.000000 0.000000 1 0 1.000000
0  -0.593138 14.719413 1.735124  0.174980 0.889344 -0.422432  0.000000 0.000000 1 0 1.000000
0  -0.593138 14.116838 1.735124  0.174977 -0.889344 -0.422433  0.000000 0.000000 1 0 1.000000
c_invasion_wrangler_laser
0  -0.956928 14.719413 1.540673  0.254027 0.889344 -0.380179  0.000000 0.000000 1 0 1.000000
0  -0.792840 14.418124 2.217246  -0.382684 -0.000002 0.923879  0.000000 0.000000 1 0 1.000000
0  -0.593138 14.719413 1.735124  0.174980 0.889344 -0.422432  0.000000 0.000000 1 0 1.000000
c_invasion_wrangler_laser
0  -0.792840 14.418124 2.217246  -0.382684 -0.000002 0.923879  0.000000 0.000000 1 0 1.000000
0  -0.198402 14.116838 1.854865  0.117014 -0.877338 -0.465387  0.000000 0.000000 1 0 1.000000
0  -0.300209 14.418124 2.366684  -0.229044 0.001187 0.973415  0.000000 0.000000 1 0 1.000000
c_invasion_wrangler_laser
0  -0.593138 14.116838 1.735124  0.174977 -0.889344 -0.422433  0.000000 0.000000 1 0 1.000000
0  -0.198402 14.719413 1.854865  0.119325 0.878003 -0.463544  0.000000 0.000000 1 0 1.000000
0  -0.198402 14.116838 1.854865  0.117014 -0.877338 -0.465387  0.000000 0.000000 1 0 1.000000
c_invasion_wrangler_laser
0  -0.593138 14.719413 1.735124  0.174980 0.889344 -0.422432  0.000000 0.000000 1 0 1.000000
0  -0.300209 14.418124 2.366684  -0.229044 0.001187 0.973415  0.000000 0.000000 1 0 1.000000
0  -0.198402 14.719413 1.854865  0.119325 0.878003 -0.463544  0.000000 0.000000 1 0 1.000000
c_invasion_wrangler_laser
0  -0.300209 14.418124 2.366684  -0.229044 0.001187 0.973415  0.000000 0.000000 1 0 1.000000
0  0.000000 14.116838 1.895298  0.000000 -0.911679 -0.410902  0.000000 0.000000 1 0 1.000000
0  0.000000 14.418124 2.417143  0.000000 0.001995 0.999998  0.000000 0.000000 1 0 1.000000
c_invasion_wrangler_laser
0  -0.198402 14.116838 1.854865  0.117014 -0.877338 -0.465387  0.000000 0.000000 1 0 1.000000
0  0.000000 14.719413 1.895298  -0.000000 0.913079 -0.407783  0.000000 0.000000 1 0 1.000000
0  0.000000 14.116838 1.895298  0.000000 -0.911679 -0.410902  0.000000 0.000000 1 0 1.000000
c_invasion_wrangler_laser
0  -0.198402 14.719413 1.854865  0.119325 0.878003 -0.463544  0.000000 0.000000 1 0 1.000000
0  0.000000 14.418124 2.417143  0.000000 0.001995 0.999998  0.000000 0.000000 1 0 1.000000
0  0.000000 14.719413 1.895298  -0.000000 0.913079 -0.407783  0.000000 0.000000 1 0 1.000000
c_invasion_wrangler_laser
0  -0.198402 8.547047 1.854865  0.119324 0.878003 -0.463544  0.000000 0.000000 1 0 1.000000
0  0.000000 8.245758 2.417143  0.000000 0.001997 0.999998  0.000000 0.000000 1 0 1.000000
0  0.000000 8.547047 1.895298  -0.000000 0.913079 -0.407784  0.000000 0.000000 1 0 1.000000
c_invasion_wrangler_laser
0  -0.198402 7.944472 1.854865  0.117015 -0.877337 -0.465389  0.000000 0.000000 1 0 1.000000
0  0.000000 8.547047 1.895298  -0.000000 0.913079 -0.407784  0.000000 0.000000 1 0 1.000000
0  0.000000 7.944472 1.895298  0.000000 -0.911678 -0.410904  0.000000 0.000000 1 0 1.000000
c_invasion_wrangler_laser
0  -0.300209 8.245758 2.366684  -0.229044 0.001188 0.973415  0.000000 0.000000 1 0 1.000000
0  0.000000 7.944472 1.895298  0.000000 -0.911678 -0.410904  0.000000 0.000000 1 0 1.000000
0  0.000000 8.245758 2.417143  0.000000 0.001997 0.999998  0.000000 0.000000 1 0 1.000000
c_invasion_wrangler_laser
0  -0.593138 8.547047 1.735124  0.174980 0.889345 -0.422431  0.000000 0.000000 1 0 1.000000
0  -0.300209 8.245758 2.366684  -0.229044 0.001188 0.973415  0.000000 0.000000 1 0 1.000000
0  -0.198402 8.547047 1.854865  0.119324 0.878003 -0.463544  0.000000 0.000000 1 0 1.000000
c_invasion_wrangler_laser
0  -0.593138 7.944472 1.735124  0.174976 -0.889344 -0.422435  0.000000 0.000000 1 0 1.000000
0  -0.198402 8.547047 1.854865  0.119324 0.878003 -0.463544  0.000000 0.000000 1 0 1.000000
0  -0.198402 7.944472 1.854865  0.117015 -0.877337 -0.465389  0.000000 0.000000 1 0 1.000000
c_invasion_wrangler_laser
0  -0.792840 8.245758 2.217246  -0.382683 -0.000002 0.923880  0.000000 0.000000 1 0 1.000000
0  -0.198402 7.944472 1.854865  0.117015 -0.877337 -0.465389  0.000000 0.000000 1 0 1.000000
0  -0.300209 8.245758 2.366684  -0.229044 0.001188 0.973415  0.000000 0.000000 1 0 1.000000
c_invasion_wrangler_laser
0  -0.956928 8.547047 1.540673  0.254029 0.889344 -0.380179  0.000000 0.000000 1 0 1.000000
0  -0.792840 8.245758 2.217246  -0.382683 -0.000002 0.923880  0.000000 0.000000 1 0 1.000000
0  -0.593138 8.547047 1.735124  0.174980 0.889345 -0.422431  0.000000 0.000000 1 0 1.000000
c_invasion_wrangler_laser
0  -0.956928 7.944472 1.540673  0.254027 -0.889343 -0.380184  0.000000 0.000000 1 0 1.000000
0  -0.593138 8.547047 1.735124  0.174980 0.889345 -0.422431  0.000000 0.000000 1 0 1.000000
0  -0.593138 7.944472 1.735124  0.174976 -0.889344 -0.422435  0.000000 0.000000 1 0 1.000000
c_invasion_wrangler_laser
0  -1.246850 8.245758 1.974572  -0.555571 -0.000001 0.831469  0.000000 0.000000 1 0 1.000000
0  -0.593138 7.944472 1.735124  0.174976 -0.889344 -0.422435  0.000000 0.000000 1 0 1.000000
0  -0.792840 8.245758 2.217246  -0.382683 -0.000002 0.923880  0.000000 0.000000 1 0 1.000000
c_invasion_wrangler_laser
0  -1.275794 8.547045 1.278987  0.323318 0.889344 -0.323316  0.000000 0.000000 1 0 1.000000
0  -1.246850 8.245758 1.974572  -0.555571 -0.000001 0.831469  0.000000 0.000000 1 0 1.000000
0  -0.956928 8.547047 1.540673  0.254029 0.889344 -0.380179  0.000000 0.000000 1 0 1.000000
c_invasion_wrangler_laser
0  -1.275794 7.944472 1.278987  0.323315 -0.889343 -0.323320  0.000000 0.000000 1 0 1.000000
0  -0.956928 8.547047 1.540673  0.254029 0.889344 -0.380179  0.000000 0.000000 1 0 1.000000
0  -0.956928 7.944472 1.540673  0.254027 -0.889343 -0.380184  0.000000 0.000000 1 0 1.000000
c_invasion_wrangler_laser
0  -1.644794 8.245758 1.647988  -0.707106 -0.000000 0.707107  0.000000 0.000000 1 0 1.000000
0  -0.956928 7.944472 1.540673  0.254027 -0.889343 -0.380184  0.000000 0.000000 1 0 1.000000
0  -1.246850 8.245758 1.974572  -0.555571 -0.000001 0.831469  0.000000 0.000000 1 0 1.000000
c_invasion_wrangler_laser
0  -1.537480 8.547045 0.960122  0.380183 0.889343 -0.254026  0.000000 0.000000 1 0 1.000000
0  -1.644794 8.245758 1.647988  -0.707106 -0.000000 0.707107  0.000000 0.000000 1 0 1.000000
0  -1.275794 8.547045 1.278987  0.323318 0.889344 -0.323316  0.000000 0.000000 1 0 1.000000
c_invasion_wrangler_laser
0  -1.537480 7.944472 0.960122  0.380180 -0.889343 -0.254033  0.000000 0.000000 1 0 1.000000
0  -1.275794 8.547045 1.278987  0.323318 0.889344 -0.323316  0.000000 0.000000 1 0 1.000000
0  -1.275794 7.944472 1.278987  0.323315 -0.889343 -0.323320  0.000000 0.000000 1 0 1.000000
c_invasion_wrangler_laser
0  -1.971379 8.245758 1.250043  -0.831469 -0.000000 0.555571  0.000000 0.000000 1 0 1.000000
0  -1.275794 7.944472 1.278987  0.323315 -0.889343 -0.323320  0.000000 0.000000 1 0 1.000000
0  -1.644794 8.245758 1.647988  -0.707106 -0.000000 0.707107  0.000000 0.000000 1 0 1.000000
c_invasion_wrangler_laser
0  -1.731931 8.547045 0.596330  0.422435 0.889344 -0.174976  0.000000 0.000000 1 0 1.000000
0  -1.971379 8.245758 1.250043  -0.831469 -0.000000 0.555571  0.000000 0.000000 1 0 1.000000
0  -1.537480 8.547045 0.960122  0.380183 0.889343 -0.254026  0.000000 0.000000 1 0 1.000000
c_invasion_wrangler_laser
0  -1.731931 7.944472 0.596330  0.422433 -0.889344 -0.174981  0.000000 0.000000 1 0 1.000000
0  -1.537480 8.547045 0.960122  0.380183 0.889343 -0.254026  0.000000 0.000000 1 0 1.000000
0  -1.537480 7.944472 0.960122  0.380180 -0.889343 -0.254033  0.000000 0.000000 1 0 1.000000
c_invasion_wrangler_laser
0  -2.214053 8.245758 0.796032  -0.923879 -0.000000 0.382684  0.000000 0.000000 1 0 1.000000
0  -1.537480 7.944472 0.960122  0.380180 -0.889343 -0.254033  0.000000 0.000000 1 0 1.000000
0  -1.971379 8.245758 1.250043  -0.831469 -0.000000 0.555571  0.000000 0.000000 1 0 1.000000
c_invasion_wrangler_laser
0  -1.851672 8.547045 0.201594  0.464931 0.877697 -0.116130  0.000000 0.000000 1 0 1.000000
0  -2.214053 8.245758 0.796032  -0.923879 -0.000000 0.382684  0.000000 0.000000 1 0 1.000000
0  -1.731931 8.547045 0.596330  0.422435 0.889344 -0.174976  0.000000 0.000000 1 0 1.000000
c_invasion_wrangler_laser
0  -1.851672 7.944472 0.201594  0.463149 -0.878339 -0.118375  0.000000 0.000000 1 0 1.000000
0  -1.731931 8.547045 0.596330  0.422435 0.889344 -0.174976  0.000000 0.000000 1 0 1.000000
0  -1.731931 7.944472 0.596330  0.422433 -0.889344 -0.174981  0.000000 0.000000 1 0 1.000000
c_invasion_wrangler_laser
0  -2.363490 8.245758 0.303401  -0.973620 -0.001155 0.228172  0.000000 0.000000 1 0 1.000000
0  -1.731931 7.944472 0.596330  0.422433 -0.889344 -0.174981  0.000000 0.000000 1 0 1.000000
0  -2.214053 8.245758 0.796032  -0.923879 -0.000000 0.382684  0.000000 0.000000 1 0 1.000000
c_invasion_wrangler_laser
0  -1.892105 8.547045 0.000000  0.412349 0.911026 0.000000  0.000000 0.000000 1 0 1.000000
0  -2.363490 8.245758 0.303401  -0.973620 -0.001155 0.228172  0.000000 0.000000 1 0 1.000000
0  -1.851672 8.547045 0.201594  0.464931 0.877697 -0.116130  0.000000 0.000000 1 0 1.000000
c_invasion_wrangler_laser
0  -1.892105 7.944472 0.000000  0.409343 -0.912381 0.000000  0.000000 0.000000 1 0 1.000000
0  -1.851672 8.547045 0.201594  0.464931 0.877697 -0.116130  0.000000 0.000000 1 0 1.000000
0  -1.851672 7.944472 0.201594  0.463149 -0.878339 -0.118375  0.000000 0.000000 1 0 1.000000
c_invasion_wrangler_laser
0  -2.413950 8.245758 0.000000  -0.999998 -0.001940 0.000000  0.000000 0.000000 1 0 1.000000
0  -1.851672 7.944472 0.201594  0.463149 -0.878339 -0.118375  0.000000 0.000000 1 0 1.000000
0  -2.363490 8.245758 0.303401  -0.973620 -0.001155 0.228172  0.000000 0.000000 1 0 1.000000
c_invasion_wrangler_laser
0  -7.197533 19.131565 0.398517  0.522439 0.000002 0.852677  0.000000 0.000000 1 0 1.000000
0  -7.106049 20.060417 0.000000  0.980785 -0.195093 0.000000  0.000000 0.000000 1 0 1.000000
0  -7.106049 20.060417 0.398517  0.521169 -0.103665 0.847134  0.000000 0.000000 1 0 1.000000
c_invasion_wrangler_laser
0  -8.137940 20.265675 0.000000  -0.985546 0.169405 0.000000  0.000000 0.000000 1 0 1.000000
0  -6.835113 20.953573 0.398517  0.490909 -0.203341 0.847149  0.000000 0.000000 1 0 1.000000
0  -7.807134 21.356197 0.000000  -0.923879 0.382684 0.000000  0.000000 0.000000 1 0 1.000000
c_invasion_wrangler_laser
0  -7.106049 20.060417 0.398517  0.521169 -0.103665 0.847134  0.000000 0.000000 1 0 1.000000
0  -6.835113 20.953573 0.000000  0.923878 -0.382686 0.000000  0.000000 0.000000 1 0 1.000000
0  -6.835113 20.953573 0.398517  0.490909 -0.203341 0.847149  0.000000 0.000000 1 0 1.000000
c_invasion_wrangler_laser
0  -7.807134 21.356197 0.000000  -0.923879 0.382684 0.000000  0.000000 0.000000 1 0 1.000000
0  -6.395136 21.776711 0.398517  0.682033 0.241368 0.690342  0.000000 0.000000 1 0 1.000000
0  -7.269933 22.361233 0.000000  -0.431822 0.901959 0.000000  0.000000 0.000000 1 0 1.000000
c_invasion_wrangler_laser
0  -6.835113 20.953573 0.398517  0.490909 -0.203341 0.847149  0.000000 0.000000 1 0 1.000000
0  -6.395136 21.776711 0.000000  0.970026 0.243000 0.000000  0.000000 0.000000 1 0 1.000000
0  -6.395136 21.776711 0.398517  0.682033 0.241368 0.690342  0.000000 0.000000 1 0 1.000000
c_invasion_wrangler_laser
0  -2.436395 13.318319 0.000000  0.510034 -0.860154 0.000000  0.000000 0.000000 1 0 1.000000
0  -3.365245 14.461910 0.398517  0.103662 0.521146 0.847149  0.000000 0.000000 1 0 1.000000
0  -3.570500 13.430017 0.000000  -0.195091 -0.980785 0.000000  0.000000 0.000000 1 0 1.000000
c_invasion_wrangler_laser
0  -2.436395 14.370426 0.398517  0.579632 0.432997 0.690319  0.000000 0.000000 1 0 1.000000
0  -3.365245 14.461910 0.000000  0.195093 0.980785 0.000000  0.000000 0.000000 1 0 1.000000
0  -3.365245 14.461910 0.398517  0.103662 0.521146 0.847149  0.000000 0.000000 1 0 1.000000
c_invasion_wrangler_laser
0  -3.570500 13.430017 0.000000  -0.195091 -0.980785 0.000000  0.000000 0.000000 1 0 1.000000
0  -4.258405 14.732848 0.398517  0.203341 0.490909 0.847148  0.000000 0.000000 1 0 1.000000
0  -4.661029 13.760826 0.000000  -0.382685 -0.923879 -0.000000  0.000000 0.000000 1 0 1.000000
c_invasion_wrangler_laser
0  -3.365245 14.461910 0.398517  0.103662 0.521146 0.847149  0.000000 0.000000 1 0 1.000000
0  -4.258405 14.732848 0.000000  0.382686 0.923878 0.000000  0.000000 0.000000 1 0 1.000000
0  -4.258405 14.732848 0.398517  0.203341 0.490909 0.847148  0.000000 0.000000 1 0 1.000000
c_invasion_wrangler_laser
0  -4.661029 13.760826 0.000000  -0.382685 -0.923879 -0.000000  0.000000 0.000000 1 0 1.000000
0  -5.081541 15.172824 0.398517  0.295205 0.441807 0.847149  0.000000 0.000000 1 0 1.000000
0  -5.666060 14.298028 0.000000  -0.555571 -0.831469 0.000000  0.000000 0.000000 1 0 1.000000
c_invasion_wrangler_laser
0  -4.258405 14.732848 0.398517  0.203341 0.490909 0.847148  0.000000 0.000000 1 0 1.000000
0  -5.081541 15.172824 0.000000  0.555572 0.831469 0.000000  0.000000 0.000000 1 0 1.000000
0  -5.081541 15.172824 0.398517  0.295205 0.441807 0.847149  0.000000 0.000000 1 0 1.000000
c_invasion_wrangler_laser
0  -5.666060 14.298028 0.000000  -0.555571 -0.831469 0.000000  0.000000 0.000000 1 0 1.000000
0  -5.803026 15.764930 0.398517  0.375724 0.375725 0.847149  0.000000 0.000000 1 0 1.000000
0  -6.546979 15.020977 0.000000  -0.707107 -0.707106 0.000000  0.000000 0.000000 1 0 1.000000
c_invasion_wrangler_laser
0  -5.081541 15.172824 0.398517  0.295205 0.441807 0.847149  0.000000 0.000000 1 0 1.000000
0  -5.803026 15.764930 0.000000  0.707108 0.707105 0.000000  0.000000 0.000000 1 0 1.000000
0  -5.803026 15.764930 0.398517  0.375724 0.375725 0.847149  0.000000 0.000000 1 0 1.000000
c_invasion_wrangler_laser
0  -6.546979 15.020977 0.000000  -0.707107 -0.707106 0.000000  0.000000 0.000000 1 0 1.000000
0  -6.395136 16.486420 0.398517  0.441806 0.295206 0.847148  0.000000 0.000000 1 0 1.000000
0  -7.269933 15.901899 0.000000  -0.831470 -0.555569 0.000000  0.000000 0.000000 1 0 1.000000
c_invasion_wrangler_laser
0  -5.803026 15.764930 0.398517  0.375724 0.375725 0.847149  0.000000 0.000000 1 0 1.000000
0  -6.395136 16.486420 0.000000  0.831471 0.555568 0.000000  0.000000 0.000000 1 0 1.000000
0  -6.395136 16.486420 0.398517  0.441806 0.295206 0.847148  0.000000 0.000000 1 0 1.000000
c_invasion_wrangler_laser
0  -7.269933 15.901899 0.000000  -0.831470 -0.555569 0.000000  0.000000 0.000000 1 0 1.000000
0  -6.835113 17.309555 0.398517  0.490908 0.203342 0.847149  0.000000 0.000000 1 0 1.000000
0  -7.807133 16.906931 0.000000  -0.923880 -0.382682 0.000000  0.000000 0.000000 1 0 1.000000
c_invasion_wrangler_laser
0  -6.395136 16.486420 0.398517  0.441806 0.295206 0.847148  0.000000 0.000000 1 0 1.000000
0  -6.835113 17.309555 0.000000  0.923880 0.382681 0.000000  0.000000 0.000000 1 0 1.000000
0  -6.835113 17.309555 0.398517  0.490908 0.203342 0.847149  0.000000 0.000000 1 0 1.000000
c_invasion_wrangler_laser
0  -7.807133 16.906931 0.000000  -0.923880 -0.382682 0.000000  0.000000 0.000000 1 0 1.000000
0  -7.106049 18.202715 0.398517  0.521146 0.103663 0.847148  0.000000 0.000000 1 0 1.000000
0  -8.137941 17.997459 0.000000  -0.985547 -0.169404 0.000000  0.000000 0.000000 1 0 1.000000
c_invasion_wrangler_laser
0  -6.835113 17.309555 0.398517  0.490908 0.203342 0.847149  0.000000 0.000000 1 0 1.000000
0  -7.106049 18.202715 0.000000  0.980786 0.195088 0.000000  0.000000 0.000000 1 0 1.000000
0  -7.106049 18.202715 0.398517  0.521146 0.103663 0.847148  0.000000 0.000000 1 0 1.000000
c_invasion_wrangler_laser
0  -7.106049 18.202715 0.398517  0.521146 0.103663 0.847148  0.000000 0.000000 1 0 1.000000
0  -7.197533 19.131565 0.000000  1.000000 -0.000002 0.000000  0.000000 0.000000 1 0 1.000000
0  -7.197533 19.131565 0.398517  0.522439 0.000002 0.852677  0.000000 0.000000 1 0 1.000000
c_invasion_wrangler_laser
0  -7.269933 15.901899 0.000000  -0.831470 -0.555569 0.000000  0.000000 0.000000 1 0 1.000000
0  -6.395136 16.486420 0.398517  0.441806 0.295206 0.847148  0.000000 0.000000 1 0 1.000000
0  -6.835113 17.309555 0.398517  0.490908 0.203342 0.847149  0.000000 0.000000 1 0 1.000000
c_invasion_wrangler_laser
0  -7.106049 18.202715 0.398517  0.521146 0.103663 0.847148  0.000000 0.000000 1 0 1.000000
0  -7.106049 18.202715 0.000000  0.980786 0.195088 0.000000  0.000000 0.000000 1 0 1.000000
0  -7.197533 19.131565 0.000000  1.000000 -0.000002 0.000000  0.000000 0.000000 1 0 1.000000
c_invasion_wrangler_laser
0  -7.807133 16.906931 0.000000  -0.923880 -0.382682 0.000000  0.000000 0.000000 1 0 1.000000
0  -6.835113 17.309555 0.398517  0.490908 0.203342 0.847149  0.000000 0.000000 1 0 1.000000
0  -7.106049 18.202715 0.398517  0.521146 0.103663 0.847148  0.000000 0.000000 1 0 1.000000
c_invasion_wrangler_laser
0  -2.436395 14.370426 0.398517  0.579632 0.432997 0.690319  0.000000 0.000000 1 0 1.000000
0  -2.436395 14.370426 0.000000  0.740951 0.671559 0.000000  0.000000 0.000000 1 0 1.000000
0  -3.365245 14.461910 0.000000  0.195093 0.980785 0.000000  0.000000 0.000000 1 0 1.000000
c_invasion_wrangler_laser
0  -6.395136 21.776711 0.398517  0.682033 0.241368 0.690342  0.000000 0.000000 1 0 1.000000
0  -6.395136 21.776711 0.000000  0.970026 0.243000 0.000000  0.000000 0.000000 1 0 1.000000
0  -7.269933 22.361233 0.000000  -0.431822 0.901959 0.000000  0.000000 0.000000 1 0 1.000000
c_invasion_wrangler_laser
0  -4.661029 13.760826 0.000000  -0.382685 -0.923879 -0.000000  0.000000 0.000000 1 0 1.000000
0  -4.258405 14.732848 0.398517  0.203341 0.490909 0.847148  0.000000 0.000000 1 0 1.000000
0  -5.081541 15.172824 0.398517  0.295205 0.441807 0.847149  0.000000 0.000000 1 0 1.000000
c_invasion_wrangler_laser
0  -6.395136 16.486420 0.398517  0.441806 0.295206 0.847148  0.000000 0.000000 1 0 1.000000
0  -6.395136 16.486420 0.000000  0.831471 0.555568 0.000000  0.000000 0.000000 1 0 1.000000
0  -6.835113 17.309555 0.000000  0.923880 0.382682 0.000000  0.000000 0.000000 1 0 1.000000
c_invasion_wrangler_laser
0  -5.666060 14.298028 0.000000  -0.555571 -0.831469 0.000000  0.000000 0.000000 1 0 1.000000
0  -5.081541 15.172824 0.398517  0.295205 0.441807 0.847149  0.000000 0.000000 1 0 1.000000
0  -5.803026 15.764930 0.398517  0.375724 0.375725 0.847149  0.000000 0.000000 1 0 1.000000
c_invasion_wrangler_laser
0  -7.197533 19.131565 0.398517  0.522439 0.000002 0.852677  0.000000 0.000000 1 0 1.000000
0  -7.106049 20.060417 0.398517  0.521169 -0.103665 0.847134  0.000000 0.000000 1 0 1.000000
0  -8.137940 20.265675 0.000000  -0.985546 0.169405 0.000000  0.000000 0.000000 1 0 1.000000
c_invasion_wrangler_laser
0  -8.137941 17.997459 0.000000  -0.985547 -0.169404 0.000000  0.000000 0.000000 1 0 1.000000
0  -7.106049 18.202715 0.398517  0.521146 0.103663 0.847148  0.000000 0.000000 1 0 1.000000
0  -7.197533 19.131565 0.398517  0.522439 0.000002 0.852677  0.000000 0.000000 1 0 1.000000
c_invasion_wrangler_laser
0  -7.807134 21.356197 0.000000  -0.923879 0.382684 0.000000  0.000000 0.000000 1 0 1.000000
0  -6.835113 20.953573 0.398517  0.490909 -0.203341 0.847149  0.000000 0.000000 1 0 1.000000
0  -6.395136 21.776711 0.398517  0.682033 0.241368 0.690342  0.000000 0.000000 1 0 1.000000
c_invasion_wrangler_laser
0  -3.570500 13.430017 0.000000  -0.195091 -0.980785 0.000000  0.000000 0.000000 1 0 1.000000
0  -3.365245 14.461910 0.398517  0.103662 0.521146 0.847149  0.000000 0.000000 1 0 1.000000
0  -4.258405 14.732848 0.398517  0.203341 0.490909 0.847148  0.000000 0.000000 1 0 1.000000
c_invasion_wrangler_laser
0  -4.258405 14.732848 0.398517  0.203341 0.490909 0.847148  0.000000 0.000000 1 0 1.000000
0  -4.258405 14.732848 0.000000  0.382686 0.923878 0.000000  0.000000 0.000000 1 0 1.000000
0  -5.081541 15.172824 0.000000  0.555572 0.831469 0.000000  0.000000 0.000000 1 0 1.000000
c_invasion_wrangler_laser
0  -7.197533 19.131565 0.398517  0.522439 0.000002 0.852677  0.000000 0.000000 1 0 1.000000
0  -8.137940 20.265675 0.000000  -0.985546 0.169405 0.000000  0.000000 0.000000 1 0 1.000000
0  -8.137941 17.997459 0.000000  -0.985547 -0.169404 0.000000  0.000000 0.000000 1 0 1.000000
gold_player
0  -3.812725 16.480772 -0.000567  -1.000000 0.000000 0.000000  0.000000 0.000000 1 0 1.000000
0  -3.812725 18.209158 1.496259  -1.000000 0.000000 0.000000  0.000000 0.000000 1 0 1.000000
0  -3.812725 19.937542 -0.000567  -1.000000 0.000000 0.000000  0.000000 0.000000 1 0 1.000000
c_invasion_wrangler_laser
0  -2.102728 16.480772 3.641458  -0.000000 1.000000 0.000000  0.672371 0.193178 1 0 1.000000
0  -2.102728 19.937542 3.641458  0.000037 -1.000000 0.000021  0.511750 0.000000 1 0 1.000000
0  -3.399020 18.209158 2.893043  0.866025 0.000011 0.500000  0.511750 0.167083 1 0 1.000000
c_invasion_wrangler_laser
0  -8.137940 20.265675 0.000000  -0.985546 0.169405 0.000000  0.000000 0.000000 1 0 1.000000
0  -6.835113 20.953573 0.398517  0.490909 -0.203341 0.847149  0.000000 0.000000 1 0 1.000000
0  -7.807134 21.356197 0.000000  -0.923879 0.382684 0.000000  0.000000 0.000000 1 0 1.000000
c_invasion_wrangler_laser
0  -7.106049 20.060417 0.398517  0.521169 -0.103665 0.847134  0.000000 0.000000 1 0 1.000000
0  -6.835113 20.953573 0.000000  0.923878 -0.382686 0.000000  0.000000 0.000000 1 0 1.000000
0  -6.835113 20.953573 0.398517  0.490909 -0.203341 0.847149  0.000000 0.000000 1 0 1.000000
c_invasion_wrangler_laser
0  -7.807134 21.356197 0.000000  -0.923879 0.382684 0.000000  0.000000 0.000000 1 0 1.000000
0  -6.395136 21.776711 0.398517  0.682033 0.241368 0.690342  0.000000 0.000000 1 0 1.000000
0  -7.269933 22.361233 0.000000  -0.431822 0.901959 0.000000  0.000000 0.000000 1 0 1.000000
c_invasion_wrangler_laser
0  -6.835113 20.953573 0.398517  0.490909 -0.203341 0.847149  0.000000 0.000000 1 0 1.000000
0  -6.395136 21.776711 0.000000  0.970026 0.243000 0.000000  0.000000 0.000000 1 0 1.000000
0  -6.395136 21.776711 0.398517  0.682033 0.241368 0.690342  0.000000 0.000000 1 0 1.000000
c_invasion_wrangler_laser
0  -2.436395 13.318319 0.000000  0.510034 -0.860154 0.000000  0.000000 0.000000 1 0 1.000000
0  -3.365245 14.461910 0.398517  0.103662 0.521146 0.847149  0.000000 0.000000 1 0 1.000000
0  -3.570500 13.430017 0.000000  -0.195091 -0.980785 0.000000  0.000000 0.000000 1 0 1.000000
c_invasion_wrangler_laser
0  -2.436395 14.370426 0.398517  0.579632 0.432997 0.690319  0.000000 0.000000 1 0 1.000000
0  -3.365245 14.461910 0.000000  0.195093 0.980785 0.000000  0.000000 0.000000 1 0 1.000000
0  -3.365245 14.461910 0.398517  0.103662 0.521146 0.847149  0.000000 0.000000 1 0 1.000000
c_invasion_wrangler_laser
0  -3.570500 13.430017 0.000000  -0.195091 -0.980785 0.000000  0.000000 0.000000 1 0 1.000000
0  -4.258405 14.732848 0.398517  0.203341 0.490909 0.847148  0.000000 0.000000 1 0 1.000000
0  -4.661029 13.760826 0.000000  -0.382685 -0.923879 -0.000000  0.000000 0.000000 1 0 1.000000
c_invasion_wrangler_laser
0  -3.365245 14.461910 0.398517  0.103662 0.521146 0.847149  0.000000 0.000000 1 0 1.000000
0  -4.258405 14.732848 0.000000  0.382686 0.923878 0.000000  0.000000 0.000000 1 0 1.000000
0  -4.258405 14.732848 0.398517  0.203341 0.490909 0.847148  0.000000 0.000000 1 0 1.000000
c_invasion_wrangler_laser
0  -4.661029 13.760826 0.000000  -0.382685 -0.923879 -0.000000  0.000000 0.000000 1 0 1.000000
0  -5.081541 15.172824 0.398517  0.295205 0.441807 0.847149  0.000000 0.000000 1 0 1.000000
0  -5.666060 14.298028 0.000000  -0.555571 -0.831469 0.000000  0.000000 0.000000 1 0 1.000000
c_invasion_wrangler_laser
0  -4.258405 14.732848 0.398517  0.203341 0.490909 0.847148  0.000000 0.000000 1 0 1.000000
0  -5.081541 15.172824 0.000000  0.555572 0.831469 0.000000  0.000000 0.000000 1 0 1.000000
0  -5.081541 15.172824 0.398517  0.295205 0.441807 0.847149  0.000000 0.000000 1 0 1.000000
c_invasion_wrangler_laser
0  -5.666060 14.298028 0.000000  -0.555571 -0.831469 0.000000  0.000000 0.000000 1 0 1.000000
0  -5.803026 15.764930 0.398517  0.375724 0.375725 0.847149  0.000000 0.000000 1 0 1.000000
0  -6.546979 15.020977 0.000000  -0.707107 -0.707106 0.000000  0.000000 0.000000 1 0 1.000000
c_invasion_wrangler_laser
0  -5.081541 15.172824 0.398517  0.295205 0.441807 0.847149  0.000000 0.000000 1 0 1.000000
0  -5.803026 15.764930 0.000000  0.707108 0.707105 0.000000  0.000000 0.000000 1 0 1.000000
0  -5.803026 15.764930 0.398517  0.375724 0.375725 0.847149  0.000000 0.000000 1 0 1.000000
c_invasion_wrangler_laser
0  -6.546979 15.020977 0.000000  -0.707107 -0.707106 0.000000  0.000000 0.000000 1 0 1.000000
0  -6.395136 16.486420 0.398517  0.441806 0.295206 0.847148  0.000000 0.000000 1 0 1.000000
0  -7.269933 15.901899 0.000000  -0.831470 -0.555569 0.000000  0.000000 0.000000 1 0 1.000000
c_invasion_wrangler_laser
0  -5.803026 15.764930 0.398517  0.375724 0.375725 0.847149  0.000000 0.000000 1 0 1.000000
0  -6.395136 16.486420 0.000000  0.831471 0.555568 0.000000  0.000000 0.000000 1 0 1.000000
0  -6.395136 16.486420 0.398517  0.441806 0.295206 0.847148  0.000000 0.000000 1 0 1.000000
c_invasion_wrangler_laser
0  -7.269933 15.901899 0.000000  -0.831470 -0.555569 0.000000  0.000000 0.000000 1 0 1.000000
0  -6.835113 17.309555 0.398517  0.490908 0.203342 0.847149  0.000000 0.000000 1 0 1.000000
0  -7.807133 16.906931 0.000000  -0.923880 -0.382682 0.000000  0.000000 0.000000 1 0 1.000000
c_invasion_wrangler_laser
0  -6.395136 16.486420 0.398517  0.441806 0.295206 0.847148  0.000000 0.000000 1 0 1.000000
0  -6.835113 17.309555 0.000000  0.923880 0.382682 0.000000  0.000000 0.000000 1 0 1.000000
0  -6.835113 17.309555 0.398517  0.490908 0.203342 0.847149  0.000000 0.000000 1 0 1.000000
c_invasion_wrangler_laser
0  -7.807133 16.906931 0.000000  -0.923880 -0.382682 0.000000  0.000000 0.000000 1 0 1.000000
0  -7.106049 18.202715 0.398517  0.521146 0.103663 0.847148  0.000000 0.000000 1 0 1.000000
0  -8.137941 17.997459 0.000000  -0.985547 -0.169404 0.000000  0.000000 0.000000 1 0 1.000000
c_invasion_wrangler_laser
0  -6.835113 17.309555 0.398517  0.490908 0.203342 0.847149  0.000000 0.000000 1 0 1.000000
0  -7.106049 18.202715 0.000000  0.980786 0.195088 0.000000  0.000000 0.000000 1 0 1.000000
0  -7.106049 18.202715 0.398517  0.521146 0.103663 0.847148  0.000000 0.000000 1 0 1.000000
c_invasion_wrangler_laser
0  -7.106049 18.202715 0.398517  0.521146 0.103663 0.847148  0.000000 0.000000 1 0 1.000000
0  -7.197533 19.131565 0.000000  1.000000 -0.000002 0.000000  0.000000 0.000000 1 0 1.000000
0  -7.197533 19.131565 0.398517  0.522439 0.000002 0.852677  0.000000 0.000000 1 0 1.000000
c_invasion_wrangler_laser
0  -7.197533 19.131565 0.398517  0.522439 0.000002 0.852677  0.000000 0.000000 1 0 1.000000
0  -7.106049 20.060417 0.398517  0.521169 -0.103665 0.847134  0.000000 0.000000 1 0 1.000000
0  -8.137940 20.265675 0.000000  -0.985546 0.169405 0.000000  0.000000 0.000000 1 0 1.000000
c_invasion_wrangler_laser
0  -7.197533 19.131565 0.398517  0.522439 0.000002 0.852677  0.000000 0.000000 1 0 1.000000
0  -8.137940 20.265675 0.000000  -0.985546 0.169405 0.000000  0.000000 0.000000 1 0 1.000000
0  -8.137941 17.997459 0.000000  -0.985547 -0.169404 0.000000  0.000000 0.000000 1 0 1.000000
c_invasion_wrangler_laser
0  0.000000 15.020952 6.546975  0.000000 -0.707107 0.707107  0.000000 0.000000 1 0 1.000000
0  0.398516 15.764905 5.803022  0.847149 0.375726 -0.375725  0.000000 0.000000 1 0 1.000000
0  0.398516 16.486395 6.395132  0.847148 0.295207 -0.441807  0.000000 0.000000 1 0 1.000000
c_invasion_wrangler_laser
0  0.398516 14.370402 2.436390  0.690319 0.432999 -0.579631  0.000000 0.000000 1 0 1.000000
0  0.000000 13.318295 2.436390  0.000000 -0.860154 -0.510034  0.000000 0.000000 1 0 1.000000
0  0.000000 14.370402 2.436390  0.000000 0.671560 -0.740951  0.000000 0.000000 1 0 1.000000
c_invasion_wrangler_laser
0  0.398516 17.309530 6.835108  0.847149 0.203342 -0.490908  0.000000 0.000000 1 0 1.000000
0  0.000000 17.309530 6.835108  0.000000 0.382681 -0.923880  0.000000 0.000000 1 0 1.000000
0  0.000000 18.202690 7.106045  0.000000 0.195088 -0.980786  0.000000 0.000000 1 0 1.000000
c_invasion_wrangler_laser
0  0.000000 13.318295 2.436390  0.000000 -0.860154 -0.510034  0.000000 0.000000 1 0 1.000000
0  0.398516 14.370402 2.436390  0.690319 0.432999 -0.579631  0.000000 0.000000 1 0 1.000000
0  0.398516 14.461885 3.365240  0.847149 0.521146 -0.103662  0.000000 0.000000 1 0 1.000000
c_invasion_wrangler_laser
0  0.398516 20.060392 7.106045  0.847134 -0.103665 -0.521169  0.000000 0.000000 1 0 1.000000
0  0.000000 20.060392 7.106045  0.000000 -0.195093 -0.980785  0.000000 0.000000 1 0 1.000000
0  0.000000 20.953548 6.835109  0.000000 -0.382686 -0.923878  0.000000 0.000000 1 0 1.000000
c_invasion_wrangler_laser
0  0.398516 19.131540 7.197529  0.852676 0.000002 -0.522440  0.000000 0.000000 1 0 1.000000
0  0.000000 19.131540 7.197529  0.000000 -0.000002 -1.000000  0.000000 0.000000 1 0 1.000000
0  0.000000 20.060392 7.106045  0.000000 -0.195093 -0.980785  0.000000 0.000000 1 0 1.000000
c_invasion_wrangler_laser
0  0.398516 15.764905 5.803022  0.847149 0.375726 -0.375725  0.000000 0.000000 1 0 1.000000
0  0.000000 15.764905 5.803022  0.000000 0.707105 -0.707108  0.000000 0.000000 1 0 1.000000
0  0.000000 16.486395 6.395132  0.000000 0.555569 -0.831471  0.000000 0.000000 1 0 1.000000
c_invasion_wrangler_laser
0  0.398516 19.131540 7.197529  0.852676 0.000002 -0.522440  0.000000 0.000000 1 0 1.000000
0  0.000000 20.060392 7.106045  0.000000 -0.195093 -0.980785  0.000000 0.000000 1 0 1.000000
0  0.398516 20.060392 7.106045  0.847134 -0.103665 -0.521169  0.000000 0.000000 1 0 1.000000
c_invasion_wrangler_laser
0  0.398516 15.172799 5.081537  0.847148 0.441808 -0.295204  0.000000 0.000000 1 0 1.000000
0  0.000000 15.172799 5.081537  0.000000 0.831469 -0.555571  0.000000 0.000000 1 0 1.000000
0  0.000000 15.764905 5.803022  0.000000 0.707105 -0.707108  0.000000 0.000000 1 0 1.000000
c_invasion_wrangler_laser
0  0.000000 20.265650 8.137937  0.000000 0.169405 0.985547  0.000000 0.000000 1 0 1.000000
0  0.398516 20.060392 7.106045  0.847134 -0.103665 -0.521169  0.000000 0.000000 1 0 1.000000
0  0.398516 20.953548 6.835109  0.847148 -0.203340 -0.490910  0.000000 0.000000 1 0 1.000000
c_invasion_wrangler_laser
0  0.398516 20.953548 6.835109  0.847148 -0.203340 -0.490910  0.000000 0.000000 1 0 1.000000
0  0.000000 20.953548 6.835109  0.000000 -0.382686 -0.923878  0.000000 0.000000 1 0 1.000000
0  0.000000 21.776686 6.395132  0.000000 0.242999 -0.970027  0.000000 0.000000 1 0 1.000000
c_invasion_wrangler_laser
0  0.398516 14.461885 3.365240  0.847149 0.521146 -0.103662  0.000000 0.000000 1 0 1.000000
0  0.000000 14.461885 3.365240  0.000000 0.980785 -0.195093  0.000000 0.000000 1 0 1.000000
0  0.000000 14.732824 4.258400  0.000000 0.923878 -0.382687  0.000000 0.000000 1 0 1.000000
c_invasion_wrangler_laser
0  0.000000 15.901875 7.269928  0.000000 -0.555569 0.831470  0.000000 0.000000 1 0 1.000000
0  0.398516 16.486395 6.395132  0.847148 0.295207 -0.441807  0.000000 0.000000 1 0 1.000000
0  0.398516 17.309530 6.835108  0.847149 0.203342 -0.490908  0.000000 0.000000 1 0 1.000000
c_invasion_wrangler_laser
0  0.398516 18.202690 7.106045  0.847148 0.103663 -0.521147  0.000000 0.000000 1 0 1.000000
0  0.000000 18.202690 7.106045  0.000000 0.195088 -0.980786  0.000000 0.000000 1 0 1.000000
0  0.000000 19.131540 7.197529  0.000000 -0.000002 -1.000000  0.000000 0.000000 1 0 1.000000
c_invasion_wrangler_laser
0  0.000000 16.906906 7.807128  0.000000 -0.382682 0.923880  0.000000 0.000000 1 0 1.000000
0  0.398516 17.309530 6.835108  0.847149 0.203342 -0.490908  0.000000 0.000000 1 0 1.000000
0  0.398516 18.202690 7.106045  0.847148 0.103663 -0.521147  0.000000 0.000000 1 0 1.000000
c_invasion_wrangler_laser
0  0.398516 14.370402 2.436390  0.690319 0.432999 -0.579631  0.000000 0.000000 1 0 1.000000
0  0.000000 14.370402 2.436390  0.000000 0.671560 -0.740951  0.000000 0.000000 1 0 1.000000
0  0.000000 14.461885 3.365240  0.000000 0.980785 -0.195093  0.000000 0.000000 1 0 1.000000
c_invasion_wrangler_laser
0  0.398516 21.776686 6.395132  0.690341 0.241368 -0.682034  0.000000 0.000000 1 0 1.000000
0  0.000000 21.776686 6.395132  0.000000 0.242999 -0.970027  0.000000 0.000000 1 0 1.000000
0  0.000000 22.361208 7.269929  0.000000 0.901958 0.431825  0.000000 0.000000 1 0 1.000000
c_invasion_wrangler_laser
0  0.000000 13.760801 4.661024  -0.000000 -0.923879 0.382685  0.000000 0.000000 1 0 1.000000
0  0.398516 14.732824 4.258400  0.847148 0.490910 -0.203341  0.000000 0.000000 1 0 1.000000
0  0.398516 15.172799 5.081537  0.847148 0.441808 -0.295204  0.000000 0.000000 1 0 1.000000
c_invasion_wrangler_laser
0  0.398516 16.486395 6.395132  0.847148 0.295207 -0.441807  0.000000 0.000000 1 0 1.000000
0  0.000000 16.486395 6.395132  0.000000 0.555569 -0.831471  0.000000 0.000000 1 0 1.000000
0  0.000000 17.309530 6.835108  0.000000 0.382681 -0.923880  0.000000 0.000000 1 0 1.000000
c_invasion_wrangler_laser
0  0.000000 14.298003 5.666056  -0.000000 -0.831469 0.555571  0.000000 0.000000 1 0 1.000000
0  0.398516 15.172799 5.081537  0.847148 0.441808 -0.295204  0.000000 0.000000 1 0 1.000000
0  0.398516 15.764905 5.803022  0.847149 0.375726 -0.375725  0.000000 0.000000 1 0 1.000000
c_invasion_wrangler_laser
0  0.000000 17.997435 8.137938  0.000000 -0.169403 0.985547  0.000000 0.000000 1 0 1.000000
0  0.398516 18.202690 7.106045  0.847148 0.103663 -0.521147  0.000000 0.000000 1 0 1.000000
0  0.398516 19.131540 7.197529  0.852676 0.000002 -0.522440  0.000000 0.000000 1 0 1.000000
c_invasion_wrangler_laser
0  0.000000 21.356173 7.807130  -0.000000 0.382684 0.923879  0.000000 0.000000 1 0 1.000000
0  0.398516 20.953548 6.835109  0.847148 -0.203340 -0.490910  0.000000 0.000000 1 0 1.000000
0  0.398516 21.776686 6.395132  0.690341 0.241368 -0.682034  0.000000 0.000000 1 0 1.000000
c_invasion_wrangler_laser
0  0.000000 13.429993 3.570495  0.000000 -0.980785 0.195090  0.000000 0.000000 1 0 1.000000
0  0.398516 14.461885 3.365240  0.847149 0.521146 -0.103662  0.000000 0.000000 1 0 1.000000
0  0.398516 14.732824 4.258400  0.847148 0.490910 -0.203341  0.000000 0.000000 1 0 1.000000
c_invasion_wrangler_laser
0  0.398516 14.732824 4.258400  0.847148 0.490910 -0.203341  0.000000 0.000000 1 0 1.000000
0  0.000000 14.732824 4.258400  0.000000 0.923878 -0.382687  0.000000 0.000000 1 0 1.000000
0  0.000000 15.172799 5.081537  0.000000 0.831469 -0.555571  0.000000 0.000000 1 0 1.000000
c_invasion_wrangler_laser
0  0.000000 20.265650 8.137937  0.000000 0.169405 0.985547  0.000000 0.000000 1 0 1.000000
0  0.398516 20.953548 6.835109  0.847148 -0.203340 -0.490910  0.000000 0.000000 1 0 1.000000
0  0.000000 21.356173 7.807130  -0.000000 0.382684 0.923879  0.000000 0.000000 1 0 1.000000
c_invasion_wrangler_laser
0  0.398516 20.060392 7.106045  0.847134 -0.103665 -0.521169  0.000000 0.000000 1 0 1.000000
0  0.000000 20.953548 6.835109  0.000000 -0.382686 -0.923878  0.000000 0.000000 1 0 1.000000
0  0.398516 20.953548 6.835109  0.847148 -0.203340 -0.490910  0.000000 0.000000 1 0 1.000000
c_invasion_wrangler_laser
0  0.000000 21.356173 7.807130  -0.000000 0.382684 0.923879  0.000000 0.000000 1 0 1.000000
0  0.398516 21.776686 6.395132  0.690341 0.241368 -0.682034  0.000000 0.000000 1 0 1.000000
0  0.000000 22.361208 7.269929  0.000000 0.901958 0.431825  0.000000 0.000000 1 0 1.000000
c_invasion_wrangler_laser
0  0.398516 20.953548 6.835109  0.847148 -0.203340 -0.490910  0.000000 0.000000 1 0 1.000000
0  0.000000 21.776686 6.395132  0.000000 0.242999 -0.970027  0.000000 0.000000 1 0 1.000000
0  0.398516 21.776686 6.395132  0.690341 0.241368 -0.682034  0.000000 0.000000 1 0 1.000000
c_invasion_wrangler_laser
0  0.000000 13.318295 2.436390  0.000000 -0.860154 -0.510034  0.000000 0.000000 1 0 1.000000
0  0.398516 14.461885 3.365240  0.847149 0.521146 -0.103662  0.000000 0.000000 1 0 1.000000
0  0.000000 13.429993 3.570495  0.000000 -0.980785 0.195090  0.000000 0.000000 1 0 1.000000
c_invasion_wrangler_laser
0  0.398516 14.370402 2.436390  0.690319 0.432999 -0.579631  0.000000 0.000000 1 0 1.000000
0  0.000000 14.461885 3.365240  0.000000 0.980785 -0.195093  0.000000 0.000000 1 0 1.000000
0  0.398516 14.461885 3.365240  0.847149 0.521146 -0.103662  0.000000 0.000000 1 0 1.000000
c_invasion_wrangler_laser
0  0.000000 13.429993 3.570495  0.000000 -0.980785 0.195090  0.000000 0.000000 1 0 1.000000
0  0.398516 14.732824 4.258400  0.847148 0.490910 -0.203341  0.000000 0.000000 1 0 1.000000
0  0.000000 13.760801 4.661024  -0.000000 -0.923879 0.382685  0.000000 0.000000 1 0 1.000000
c_invasion_wrangler_laser
0  0.398516 14.461885 3.365240  0.847149 0.521146 -0.103662  0.000000 0.000000 1 0 1.000000
0  0.000000 14.732824 4.258400  0.000000 0.923878 -0.382687  0.000000 0.000000 1 0 1.000000
0  0.398516 14.732824 4.258400  0.847148 0.490910 -0.203341  0.000000 0.000000 1 0 1.000000
c_invasion_wrangler_laser
0  0.000000 13.760801 4.661024  -0.000000 -0.923879 0.382685  0.000000 0.000000 1 0 1.000000
0  0.398516 15.172799 5.081537  0.847148 0.441808 -0.295204  0.000000 0.000000 1 0 1.000000
0  0.000000 14.298003 5.666056  -0.000000 -0.831469 0.555571  0.000000 0.000000 1 0 1.000000
c_invasion_wrangler_laser
0  0.398516 14.732824 4.258400  0.847148 0.490910 -0.203341  0.000000 0.000000 1 0 1.000000
0  0.000000 15.172799 5.081537  0.000000 0.831469 -0.555571  0.000000 0.000000 1 0 1.000000
0  0.398516 15.172799 5.081537  0.847148 0.441808 -0.295204  0.000000 0.000000 1 0 1.000000
c_invasion_wrangler_laser
0  0.000000 14.298003 5.666056  -0.000000 -0.831469 0.555571  0.000000 0.000000 1 0 1.000000
0  0.398516 15.764905 5.803022  0.847149 0.375726 -0.375725  0.000000 0.000000 1 0 1.000000
0  0.000000 15.020952 6.546975  0.000000 -0.707107 0.707107  0.000000 0.000000 1 0 1.000000
c_invasion_wrangler_laser
0  0.398516 15.172799 5.081537  0.847148 0.441808 -0.295204  0.000000 0.000000 1 0 1.000000
0  0.000000 15.764905 5.803022  0.000000 0.707105 -0.707108  0.000000 0.000000 1 0 1.000000
0  0.398516 15.764905 5.803022  0.847149 0.375726 -0.375725  0.000000 0.000000 1 0 1.000000
c_invasion_wrangler_laser
0  0.000000 15.020952 6.546975  0.000000 -0.707107 0.707107  0.000000 0.000000 1 0 1.000000
0  0.398516 16.486395 6.395132  0.847148 0.295207 -0.441807  0.000000 0.000000 1 0 1.000000
0  0.000000 15.901875 7.269928  0.000000 -0.555569 0.831470  0.000000 0.000000 1 0 1.000000
c_invasion_wrangler_laser
0  0.398516 15.764905 5.803022  0.847149 0.375726 -0.375725  0.000000 0.000000 1 0 1.000000
0  0.000000 16.486395 6.395132  0.000000 0.555569 -0.831471  0.000000 0.000000 1 0 1.000000
0  0.398516 16.486395 6.395132  0.847148 0.295207 -0.441807  0.000000 0.000000 1 0 1.000000
c_invasion_wrangler_laser
0  0.000000 15.901875 7.269928  0.000000 -0.555569 0.831470  0.000000 0.000000 1 0 1.000000
0  0.398516 17.309530 6.835108  0.847149 0.203342 -0.490908  0.000000 0.000000 1 0 1.000000
0  0.000000 16.906906 7.807128  0.000000 -0.382682 0.923880  0.000000 0.000000 1 0 1.000000
c_invasion_wrangler_laser
0  0.398516 16.486395 6.395132  0.847148 0.295207 -0.441807  0.000000 0.000000 1 0 1.000000
0  0.000000 17.309530 6.835108  0.000000 0.382681 -0.923880  0.000000 0.000000 1 0 1.000000
0  0.398516 17.309530 6.835108  0.847149 0.203342 -0.490908  0.000000 0.000000 1 0 1.000000
c_invasion_wrangler_laser
0  0.000000 16.906906 7.807128  0.000000 -0.382682 0.923880  0.000000 0.000000 1 0 1.000000
0  0.398516 18.202690 7.106045  0.847148 0.103663 -0.521147  0.000000 0.000000 1 0 1.000000
0  0.000000 17.997435 8.137938  0.000000 -0.169403 0.985547  0.000000 0.000000 1 0 1.000000
c_invasion_wrangler_laser
0  0.398516 17.309530 6.835108  0.847149 0.203342 -0.490908  0.000000 0.000000 1 0 1.000000
0  0.000000 18.202690 7.106045  0.000000 0.195088 -0.980786  0.000000 0.000000 1 0 1.000000
0  0.398516 18.202690 7.106045  0.847148 0.103663 -0.521147  0.000000 0.000000 1 0 1.000000
c_invasion_wrangler_laser
0  0.398516 18.202690 7.106045  0.847148 0.103663 -0.521147  0.000000 0.000000 1 0 1.000000
0  0.000000 19.131540 7.197529  0.000000 -0.000002 -1.000000  0.000000 0.000000 1 0 1.000000
0  0.398516 19.131540 7.197529  0.852676 0.000002 -0.522440  0.000000 0.000000 1 0 1.000000
c_invasion_wrangler_laser
0  0.398516 19.131540 7.197529  0.852676 0.000002 -0.522440  0.000000 0.000000 1 0 1.000000
0  0.398516 20.060392 7.106045  0.847134 -0.103665 -0.521169  0.000000 0.000000 1 0 1.000000
0  0.000000 20.265650 8.137937  0.000000 0.169405 0.985547  0.000000 0.000000 1 0 1.000000
c_invasion_wrangler_laser
0  0.398516 19.131540 7.197529  0.852676 0.000002 -0.522440  0.000000 0.000000 1 0 1.000000
0  0.000000 20.265650 8.137937  0.000000 0.169405 0.985547  0.000000 0.000000 1 0 1.000000
0  0.000000 17.997435 8.137938  0.000000 -0.169403 0.985547  0.000000 0.000000 1 0 1.000000
gold_player
0  -3.704999 15.739157 -0.000567  -0.496224 -0.458064 0.737523  0.000000 0.000000 1 0 1.000000
0  -1.852501 15.504158 0.000000  0.350129 -0.936701 0.000135  0.000000 0.000000 1 0 1.000000
0  -1.852500 15.504158 1.068973  -0.151212 -0.986836 0.057356  0.000000 0.000000 1 0 1.000000
c_invasion_wrangler_laser
0  -3.907722 16.480772 -0.000567  -1.000000 0.000000 0.000000  0.298370 0.539680 1 0 1.000000
0  -3.907722 18.209158 1.496259  -1.000000 0.000000 0.000000  0.298370 0.539680 1 0 1.000000
0  -3.907722 19.937542 -0.000567  -1.000000 0.000000 0.000000  0.298370 0.539680 1 0 1.000000
painted_wood_01
0  -4.204999 18.209158 1.496259  -0.887300 0.000000 -0.461193  0.298137 0.539763 1 0 1.000000
0  -3.907722 16.480772 -0.000567  0.000000 0.654653 -0.755929  0.298137 0.539763 1 0 1.000000
0  -4.204999 16.480772 -0.000567  -0.839591 0.355620 -0.410635  0.298137 0.539763 1 0 1.000000
painted_wood_01
0  -4.204999 19.937542 -0.000567  -0.839593 -0.355619 -0.410633  0.298137 0.539763 1 0 1.000000
0  -3.907722 18.209158 1.496259  0.000000 -0.000002 -1.000000  0.298137 0.539763 1 0 1.000000
0  -4.204999 18.209158 1.496259  -0.887300 0.000000 -0.461193  0.298137 0.539763 1 0 1.000000
painted_wood_01
0  -3.907722 18.209158 1.496259  0.000000 0.000006 -1.000000  0.298137 0.539763 1 0 1.000000
0  -3.812725 16.480772 -0.000567  -1.000000 -0.000000 0.000000  0.298137 0.539763 1 0 1.000000
0  -3.907722 16.480772 -0.000567  0.000000 0.654653 -0.755929  0.298137 0.539763 1 0 1.000000
painted_wood_01
0  -3.907722 19.937542 -0.000567  0.000000 -0.654653 -0.755929  0.298137 0.539763 1 0 1.000000
0  -3.812725 18.209158 1.496259  -1.000000 -0.000048 -0.000034  0.298137 0.539763 1 0 1.000000
0  -3.907722 18.209158 1.496259  0.000000 0.000006 -1.000000  0.298137 0.539763 1 0 1.000000
gold_player
0  -1.856717 20.920296 0.000000  0.351647 0.936124 0.004018  0.000000 0.000000 1 0 1.000000
0  -3.704999 20.679157 -0.000569  -0.496279 0.457510 0.737829  0.000000 0.000000 1 0 1.000000
0  -1.852500 20.914156 1.068972  -0.130662 0.988813 0.071944  0.000000 0.000000 1 0 1.000000
gold_player
0  0.000000 20.914156 2.138515  0.568860 0.812882 0.124983  0.000000 0.000000 1 0 1.000000
0  -1.852500 20.914156 1.068972  -0.130647 0.988815 0.071948  0.000000 0.000000 1 0 1.000000
0  -1.852499 20.679157 3.208056  -0.475135 0.294368 0.829213  0.000000 0.000000 1 0 1.000000
painted_wood_01
0  -2.102728 19.937542 3.641458  0.000003 -1.000000 0.000111  0.298137 0.539763 1 0 1.000000
0  -3.704999 18.209158 2.138515  -0.509927 -0.000062 0.860217  0.298137 0.539763 1 0 1.000000
0  -3.399020 18.209158 2.893043  0.866028 -0.000068 0.499995  0.298137 0.539763 1 0 1.000000
painted_wood_01
0  0.000000 18.209158 4.277596  -0.500062 -0.000157 0.865990  0.298137 0.539763 1 0 1.000000
0  -2.102728 19.937542 3.641458  -0.000135 -1.000000 0.000052  0.298137 0.539763 1 0 1.000000
0  -0.806439 18.209158 4.389869  -0.866022 -0.000074 -0.500006  0.298137 0.539763 1 0 1.000000
gold_player
0  0.000000 1.625002 -1.170000  0.098008 -0.012260 -0.995110  0.000000 0.000000 1 0 1.000000
0  0.228256 1.625002 -1.147519  0.194962 -0.012365 -0.980733  0.000000 0.000000 1 0 1.000000
0  0.198037 -4.644999 -0.995600  0.226920 -0.022801 -0.973647  0.000000 0.000000 1 0 1.000000
gold_player
0  0.228256 1.625002 -1.147519  0.195191 -0.012351 -0.980687  0.000000 0.000000 1 0 1.000000
0  0.447739 1.625002 -1.080939  0.382548 -0.012351 -0.923853  0.000000 0.000000 1 0 1.000000
0  0.388464 -4.644999 -0.937835  0.352097 -0.022806 -0.935686  0.000000 0.000000 1 0 1.000000
painted_wood_01
0  0.636979 -10.645002 -0.636982  0.706094 0.053502 -0.706094  0.298137 0.539763 1 0 1.000000
0  0.994151 -14.644995 -0.994166  0.651998 -0.386273 -0.652450  0.298137 0.539763 1 0 1.000000
0  0.781099 -14.644995 -1.169013  0.511926 -0.387182 -0.766826  0.298137 0.539763 1 0 1.000000
gold_player
0  0.447739 1.625002 -1.080939  0.382759 -0.012351 -0.923766  0.000000 0.000000 1 0 1.000000
0  0.650017 1.625002 -0.972820  0.555430 -0.012365 -0.831471  0.000000 0.000000 1 0 1.000000
0  0.563962 -4.644999 -0.844029  0.555306 -0.024702 -0.831279  0.000000 0.000000 1 0 1.000000
gold_player
0  0.650017 1.625002 -0.972820  0.555586 -0.012345 -0.831367  0.000000 0.000000 1 0 1.000000
0  0.827315 1.625002 -0.827315  0.706972 -0.012351 -0.707134  0.000000 0.000000 1 0 1.000000
0  0.717787 -4.644999 -0.717788  0.706847 -0.024702 -0.706935  0.000000 0.000000 1 0 1.000000
gold_player
0  0.827315 1.625002 -0.827315  0.707137 -0.012351 -0.706969  0.000000 0.000000 1 0 1.000000
0  0.972819 1.625002 -0.650017  0.831343 -0.012351 -0.555623  0.000000 0.000000 1 0 1.000000
0  0.844029 -4.644999 -0.563962  0.831155 -0.024702 -0.555491  0.000000 0.000000 1 0 1.000000
gold_player
0  0.883515 -10.645002 -0.175745  0.955835 0.053282 -0.289033  0.000000 0.000000 1 0 1.000000
0  1.378928 -14.644995 -0.274301  0.883581 -0.383984 -0.268033  0.000000 0.000000 1 0 1.000000
0  1.298921 -14.644995 -0.538046  0.884559 -0.381504 -0.268346  0.000000 0.000000 1 0 1.000000
gold_player
0  0.972819 1.625002 -0.650017  0.831469 -0.012351 -0.555434  0.000000 0.000000 1 0 1.000000
0  1.080939 1.625002 -0.447740  0.923764 -0.012365 -0.382763  0.000000 0.000000 1 0 1.000000
0  0.937835 -4.644999 -0.388464  0.935627 -0.022801 -0.352254  0.000000 0.000000 1 0 1.000000
painted_wood_01
0  0.198037 -4.644999 -0.995600  0.226916 -0.022804 -0.973647  0.298137 0.539763 1 0 1.000000
0  0.175742 -10.645002 -0.883519  0.289728 0.053253 -0.955627  0.298137 0.539763 1 0 1.000000
0  0.000000 -10.645002 -0.900828  0.000000 0.053502 -0.998568  0.298137 0.539763 1 0 1.000000
gold_player
0  1.080939 1.625002 -0.447740  0.923853 -0.012351 -0.382548  0.000000 0.000000 1 0 1.000000
0  1.147519 1.625002 -0.228256  0.980688 -0.012351 -0.195190  0.000000 0.000000 1 0 1.000000
0  0.995600 -4.644999 -0.198037  0.973608 -0.022806 -0.227084  0.000000 0.000000 1 0 1.000000
painted_wood_01
0  0.937835 -4.644999 -0.388464  0.935625 -0.022804 -0.352257  0.298137 0.539763 1 0 1.000000
0  0.832253 -10.645002 -0.344734  0.955539 0.053252 -0.290016  0.298137 0.539763 1 0 1.000000
0  0.749008 -10.645002 -0.500475  0.830278 0.053502 -0.554775  0.298137 0.539763 1 0 1.000000
gold_player
0  1.147519 1.625002 -0.228256  0.980724 -0.012345 -0.195007  0.000000 0.000000 1 0 1.000000
0  1.170000 1.625002 0.000000  0.995110 -0.012260 -0.098008  0.000000 0.000000 1 0 1.000000
0  1.015106 -4.644999 0.000000  0.994884 -0.024578 -0.097986  0.000000 0.000000 1 0 1.000000
gold_player
0  0.344730 -10.645002 -0.832257  0.290714 0.053283 -0.955325  0.000000 0.000000 1 0 1.000000
0  0.538031 -14.644995 -1.298936  0.267170 -0.391053 -0.880737  0.000000 0.000000 1 0 1.000000
0  0.274286 -14.644995 -1.378942  0.268141 -0.382964 -0.883990  0.000000 0.000000 1 0 1.000000
painted_wood_01
0  0.563962 -4.644999 -0.844029  0.555401 -0.024729 -0.831215  0.298137 0.539763 1 0 1.000000
0  0.500471 -10.645002 -0.749012  0.554775 0.053503 -0.830278  0.298137 0.539763 1 0 1.000000
0  0.344730 -10.645002 -0.832257  0.289989 0.053250 -0.955547  0.298137 0.539763 1 0 1.000000
painted_wood_01
0  0.749008 -10.645002 -0.500475  0.830278 0.053502 -0.554775  0.298137 0.539763 1 0 1.000000
0  1.168998 -14.644995 -0.781114  0.767056 -0.385521 -0.512834  0.298137 0.539763 1 0 1.000000
0  0.994151 -14.644995 -0.994166  0.651998 -0.386273 -0.652450  0.298137 0.539763 1 0 1.000000
painted_wood_01
0  1.015106 -4.644999 0.000000  0.999912 -0.013291 0.000004  0.298137 0.539763 1 0 1.000000
0  0.900825 -10.645002 0.000000  0.998568 0.053502 0.000000  0.298137 0.539763 1 0 1.000000
0  0.883515 -10.645002 -0.175745  0.955617 0.053248 -0.289758  0.298137 0.539763 1 0 1.000000
painted_wood_01
0  0.900825 -10.645002 0.000000  0.998568 0.053502 0.000000  0.298137 0.539763 1 0 1.000000
0  1.405942 -14.644995 0.000000  0.923126 -0.384498 0.000000  0.298137 0.539763 1 0 1.000000
0  1.378928 -14.644995 -0.274301  0.883622 -0.383989 -0.267889  0.298137 0.539763 1 0 1.000000
painted_wood_01
0  0.844029 -4.644999 -0.563962  0.831215 -0.024680 -0.555403  0.298137 0.539763 1 0 1.000000
0  0.749008 -10.645002 -0.500475  0.830278 0.053502 -0.554775  0.298137 0.539763 1 0 1.000000
0  0.636979 -10.645002 -0.636982  0.706094 0.053502 -0.706094  0.298137 0.539763 1 0 1.000000
painted_wood_01
0  0.500471 -10.645002 -0.749012  0.554775 0.053503 -0.830278  0.298137 0.539763 1 0 1.000000
0  0.781099 -14.644995 -1.169013  0.511926 -0.387182 -0.766826  0.298137 0.539763 1 0 1.000000
0  0.538031 -14.644995 -1.298936  0.267297 -0.391047 -0.880701  0.298137 0.539763 1 0 1.000000
gold_player
0  0.388464 -4.644999 -0.937835  0.352097 -0.022805 -0.935686  0.000000 0.000000 1 0 1.000000
0  0.344730 -10.645002 -0.832257  0.290002 0.053218 -0.955545  0.000000 0.000000 1 0 1.000000
0  0.175742 -10.645002 -0.883519  0.289874 0.053218 -0.955584  0.000000 0.000000 1 0 1.000000
painted_wood_01
0  0.832253 -10.645002 -0.344734  0.955539 0.053252 -0.290016  0.298137 0.539763 1 0 1.000000
0  1.298921 -14.644995 -0.538046  0.884515 -0.381526 -0.268462  0.298137 0.539763 1 0 1.000000
0  1.168998 -14.644995 -0.781114  0.767056 -0.385521 -0.512834  0.298137 0.539763 1 0 1.000000
gold_player
0  0.995600 -4.644999 -0.198037  0.973609 -0.022805 -0.227080  0.000000 0.000000 1 0 1.000000
0  0.883515 -10.645002 -0.175745  0.955624 0.053217 -0.289744  0.000000 0.000000 1 0 1.000000
0  0.832253 -10.645002 -0.344734  0.955585 0.053217 -0.289871  0.000000 0.000000 1 0 1.000000
painted_wood_01
0  0.717787 -4.644999 -0.717788  0.706891 -0.024680 -0.706892  0.298137 0.539763 1 0 1.000000
0  0.636979 -10.645002 -0.636982  0.706094 0.053502 -0.706094  0.298137 0.539763 1 0 1.000000
0  0.500471 -10.645002 -0.749012  0.554775 0.053503 -0.830278  0.298137 0.539763 1 0 1.000000
painted_wood_01
0  0.175742 -10.645002 -0.883519  0.289728 0.053253 -0.955627  0.298137 0.539763 1 0 1.000000
0  0.274286 -14.644995 -1.378942  0.268015 -0.382969 -0.884026  0.298137 0.539763 1 0 1.000000
0  0.000000 -14.644995 -1.405957  -0.000000 -0.389890 -0.920861  0.298137 0.539763 1 0 1.000000
gold_player
0  0.447739 6.625002 -1.080939  0.363667 0.311472 -0.877913  0.000000 0.000000 1 0 1.000000
0  0.447739 8.625002 -1.080939  0.349239 0.408019 -0.843536  0.000000 0.000000 1 0 1.000000
0  0.650017 8.625002 -0.972820  0.507203 0.407631 -0.759330  0.000000 0.000000 1 0 1.000000
gold_player
0  0.827315 6.625002 -0.827315  0.671931 0.311515 -0.671913  0.000000 0.000000 1 0 1.000000
0  0.827315 8.625002 -0.827315  0.645734 0.407312 -0.645852  0.000000 0.000000 1 0 1.000000
0  0.972819 8.625002 -0.650017  0.759418 0.407038 -0.507547  0.000000 0.000000 1 0 1.000000
painted_wood_01
0  1.341806 4.019003 -0.555794  0.750881 -0.582632 -0.310995  0.298137 0.539763 1 0 1.000000
0  1.341806 6.231001 -0.555794  0.750891 0.582591 -0.311047  0.298137 0.539763 1 0 1.000000
0  1.424453 6.231001 -0.283341  0.797115 0.582631 -0.158584  0.298137 0.539763 1 0 1.000000
gold_player
0  0.447739 6.625002 -1.080939  0.363554 0.311729 -0.877869  0.000000 0.000000 1 0 1.000000
0  0.555794 6.231001 -1.341806  0.351771 0.581942 -0.733213  0.000000 0.000000 1 0 1.000000
0  0.228256 6.625002 -1.147519  0.213590 0.155070 -0.964538  0.000000 0.000000 1 0 1.000000
painted_wood_01
0  0.806888 4.019003 -1.207593  0.451534 -0.582631 -0.675765  0.298137 0.539763 1 0 1.000000
0  0.806888 6.231001 -1.207593  0.451416 0.582631 -0.675844  0.298137 0.539763 1 0 1.000000
0  1.026974 6.231001 -1.026974  0.574671 0.582632 -0.574711  0.298137 0.539763 1 0 1.000000
painted_wood_01
0  1.424453 4.019003 -0.283341  0.797126 -0.582631 -0.158529  0.298137 0.539763 1 0 1.000000
0  1.424453 6.231001 -0.283341  0.797115 0.582631 -0.158584  0.298137 0.539763 1 0 1.000000
0  1.452360 6.231001 0.000000  0.803849 0.594834 0.000028  0.298137 0.539763 1 0 1.000000
gold_player
0  0.228256 6.625002 -1.147519  0.213636 0.154942 -0.964548  0.000000 0.000000 1 0 1.000000
0  0.228256 8.625002 -1.147519  0.177948 0.408427 -0.895278  0.000000 0.000000 1 0 1.000000
0  0.447739 8.625002 -1.080939  0.349237 0.408041 -0.843526  0.000000 0.000000 1 0 1.000000
gold_player
0  1.080939 6.625002 -0.447740  0.877912 0.311515 -0.363633  0.000000 0.000000 1 0 1.000000
0  1.080939 8.625002 -0.447740  0.843981 0.406789 -0.349598  0.000000 0.000000 1 0 1.000000
0  1.147519 8.625002 -0.228256  0.896023 0.406658 -0.178244  0.000000 0.000000 1 0 1.000000
gold_player
0  0.650017 6.625002 -0.972820  0.527935 0.311515 -0.790090  0.000000 0.000000 1 0 1.000000
0  0.650017 8.625002 -0.972820  0.507232 0.407623 -0.759315  0.000000 0.000000 1 0 1.000000
0  0.827315 8.625002 -0.827315  0.645729 0.407307 -0.645860  0.000000 0.000000 1 0 1.000000
gold_player
0  0.000000 6.625002 -1.170000  0.098016 0.000000 -0.995185  0.000000 0.000000 1 0 1.000000
0  0.000000 8.625002 -1.170000  0.089155 0.408012 -0.908613  0.000000 0.000000 1 0 1.000000
0  0.228256 8.625002 -1.147519  0.177965 0.408437 -0.895270  0.000000 0.000000 1 0 1.000000
gold_player
0  0.972819 6.625002 -0.650017  0.790121 0.311472 -0.527915  0.000000 0.000000 1 0 1.000000
0  0.972819 8.625002 -0.650017  0.759428 0.407044 -0.507528  0.000000 0.000000 1 0 1.000000
0  1.080939 8.625002 -0.447740  0.843964 0.406799 -0.349627  0.000000 0.000000 1 0 1.000000
painted_wood_01
0  1.026974 4.019003 -1.026974  0.574711 -0.582632 -0.574672  0.298137 0.539763 1 0 1.000000
0  1.026974 6.231001 -1.026974  0.574671 0.582632 -0.574711  0.298137 0.539763 1 0 1.000000
0  1.207593 6.231001 -0.806888  0.675757 0.582631 -0.451546  0.298137 0.539763 1 0 1.000000
gold_player
0  1.378928 -14.644995 -0.274301  0.883587 -0.383976 -0.268023  0.000000 0.000000 1 0 1.000000
0  0.039692 -15.644995 0.000000  0.384599 -0.841610 -0.379178  0.000000 0.000000 1 0 1.000000
0  1.298921 -14.644995 -0.538046  0.884562 -0.381497 -0.268346  0.000000 0.000000 1 0 1.000000
painted_wood_01
0  1.298921 -14.644995 -0.538046  0.884515 -0.381526 -0.268462  0.298137 0.539763 1 0 1.000000
0  0.039692 -15.644995 0.000000  0.384523 -0.841585 -0.379312  0.298137 0.539763 1 0 1.000000
0  1.168998 -14.644995 -0.781114  0.767056 -0.385521 -0.512834  0.298137 0.539763 1 0 1.000000
painted_wood_01
0  1.168998 -14.644995 -0.781114  0.767056 -0.385521 -0.512834  0.298137 0.539763 1 0 1.000000
0  0.039692 -15.644995 0.000000  0.384523 -0.841585 -0.379312  0.298137 0.539763 1 0 1.000000
0  0.994151 -14.644995 -0.994166  0.651998 -0.386273 -0.652450  0.298137 0.539763 1 0 1.000000
painted_wood_01
0  0.994151 -14.644995 -0.994166  0.651998 -0.386273 -0.652450  0.298137 0.539763 1 0 1.000000
0  0.039692 -15.644995 0.000000  0.384523 -0.841585 -0.379312  0.298137 0.539763 1 0 1.000000
0  0.781099 -14.644995 -1.169013  0.511926 -0.387182 -0.766826  0.298137 0.539763 1 0 1.000000
painted_wood_01
0  0.781099 -14.644995 -1.169013  0.511926 -0.387182 -0.766826  0.298137 0.539763 1 0 1.000000
0  0.039692 -15.644995 0.000000  0.384523 -0.841585 -0.379312  0.298137 0.539763 1 0 1.000000
0  0.538031 -14.644995 -1.298936  0.267297 -0.391047 -0.880701  0.298137 0.539763 1 0 1.000000
gold_player
0  0.538031 -14.644995 -1.298936  0.267191 -0.391052 -0.880731  0.000000 0.000000 1 0 1.000000
0  0.039692 -15.644995 0.000000  0.384415 -0.841590 -0.379408  0.000000 0.000000 1 0 1.000000
0  0.274286 -14.644995 -1.378942  0.268161 -0.382963 -0.883985  0.000000 0.000000 1 0 1.000000
painted_wood_01
0  0.274286 -14.644995 -1.378942  0.268015 -0.382969 -0.884026  0.298137 0.539763 1 0 1.000000
0  0.039692 -15.644995 0.000000  0.543724 -0.839264 0.000012  0.298137 0.539763 1 0 1.000000
0  0.000000 -14.644995 -1.405957  -0.000000 -0.389890 -0.920861  0.298137 0.539763 1 0 1.000000
painted_wood_01
0  1.405942 -14.644995 0.000000  0.923126 -0.384498 0.000000  0.298137 0.539763 1 0 1.000000
0  0.039692 -15.644995 0.000000  0.242759 -0.970087 -0.000026  0.298137 0.539763 1 0 1.000000
0  1.378928 -14.644995 -0.274301  0.883622 -0.383989 -0.267889  0.298137 0.539763 1 0 1.000000
painted_wood_01
0  0.039692 -15.644995 0.000000  0.543724 -0.839264 0.000012  0.298137 0.539763 1 0 1.000000
0  0.000000 -15.644995 0.000000  0.000000 -1.000000 0.000000  0.298137 0.539763 1 0 1.000000
0  0.000000 -14.644995 -1.405957  -0.000000 -0.389890 -0.920861  0.298137 0.539763 1 0 1.000000
painted_wood_01
0  1.207593 4.019003 -0.806888  0.675768 -0.582631 -0.451530  0.298137 0.539763 1 0 1.000000
0  1.207593 6.231001 -0.806888  0.675757 0.582631 -0.451546  0.298137 0.539763 1 0 1.000000
0  1.341806 6.231001 -0.555794  0.750891 0.582591 -0.311047  0.298137 0.539763 1 0 1.000000
painted_wood_01
0  0.555794 4.019003 -1.341806  0.351932 -0.581913 -0.733158  0.298137 0.539763 1 0 1.000000
0  0.555794 6.231001 -1.341806  0.351936 0.581948 -0.733128  0.298137 0.539763 1 0 1.000000
0  0.806888 6.231001 -1.207593  0.451416 0.582631 -0.675844  0.298137 0.539763 1 0 1.000000
gold_player
0  1.147519 6.625002 -0.228256  0.931985 0.311515 -0.185372  0.000000 0.000000 1 0 1.000000
0  1.147519 8.625002 -0.228256  0.896009 0.406704 -0.178212  0.000000 0.000000 1 0 1.000000
0  1.170000 8.625002 0.000000  0.909939 0.404946 -0.089606  0.000000 0.000000 1 0 1.000000
gold_player
0  0.972819 1.625002 -0.650017  0.831485 -0.012330 -0.555411  0.000000 0.000000 1 0 1.000000
0  0.972819 3.625002 -0.650017  0.790141 -0.311485 -0.527878  0.000000 0.000000 1 0 1.000000
0  1.080939 3.625002 -0.447740  0.877896 -0.311520 -0.363668  0.000000 0.000000 1 0 1.000000
gold_player
0  0.447739 1.625002 -1.080939  0.382784 -0.012330 -0.923755  0.000000 0.000000 1 0 1.000000
0  0.447739 3.625002 -1.080939  0.363704 -0.311485 -0.877893  0.000000 0.000000 1 0 1.000000
0  0.650017 3.625002 -0.972820  0.527900 -0.311520 -0.790112  0.000000 0.000000 1 0 1.000000
gold_player
0  1.080939 1.625002 -0.447740  0.923864 -0.012330 -0.382522  0.000000 0.000000 1 0 1.000000
0  1.080939 3.625002 -0.447740  0.877924 -0.311528 -0.363592  0.000000 0.000000 1 0 1.000000
0  1.147519 3.625002 -0.228256  0.931976 -0.311520 -0.185409  0.000000 0.000000 1 0 1.000000
gold_player
0  0.650017 1.625002 -0.972820  0.555609 -0.012336 -0.831352  0.000000 0.000000 1 0 1.000000
0  0.650017 3.625002 -0.972820  0.527968 -0.311528 -0.790063  0.000000 0.000000 1 0 1.000000
0  0.827315 3.625002 -0.827315  0.671903 -0.311520 -0.671938  0.000000 0.000000 1 0 1.000000
gold_player
0  0.000000 1.625002 -1.170000  0.098009 -0.012272 -0.995110  0.000000 0.000000 1 0 1.000000
0  0.000000 3.625002 -1.170000  0.098016 0.000000 -0.995185  0.000000 0.000000 1 0 1.000000
0  0.228256 3.625002 -1.147519  0.213506 -0.154944 -0.964576  0.000000 0.000000 1 0 1.000000
gold_player
0  1.147519 1.625002 -0.228256  0.980720 -0.012342 -0.195027  0.000000 0.000000 1 0 1.000000
0  1.147519 3.625002 -0.228256  0.931989 -0.311528 -0.185329  0.000000 0.000000 1 0 1.000000
0  1.170000 3.625002 0.000000  0.946113 -0.310138 -0.093191  0.000000 0.000000 1 0 1.000000
gold_player
0  0.827315 1.625002 -0.827315  0.707156 -0.012330 -0.706950  0.000000 0.000000 1 0 1.000000
0  0.827315 3.625002 -0.827315  0.671958 -0.311528 -0.671880  0.000000 0.000000 1 0 1.000000
0  0.972819 3.625002 -0.650017  0.790086 -0.311477 -0.527965  0.000000 0.000000 1 0 1.000000
gold_player
0  0.228256 1.625002 -1.147519  0.195172 -0.012336 -0.980691  0.000000 0.000000 1 0 1.000000
0  0.228256 3.625002 -1.147519  0.213656 -0.154952 -0.964542  0.000000 0.000000 1 0 1.000000
0  0.447739 3.625002 -1.080939  0.363611 -0.311477 -0.877934  0.000000 0.000000 1 0 1.000000
gold_player
0  0.447739 3.625002 -1.080939  0.363617 -0.311745 -0.877837  0.000000 0.000000 1 0 1.000000
0  0.228256 3.625002 -1.147519  0.213576 -0.155069 -0.964541  0.000000 0.000000 1 0 1.000000
0  0.555794 4.019003 -1.341806  0.351776 -0.581919 -0.733228  0.000000 0.000000 1 0 1.000000
gold_player
0  0.806888 6.231001 -1.207593  0.451603 0.582498 -0.675833  0.000000 0.000000 1 0 1.000000
0  0.650017 6.625002 -0.972820  0.527882 0.311744 -0.790036  0.000000 0.000000 1 0 1.000000
0  0.827315 6.625002 -0.827315  0.671858 0.311738 -0.671882  0.000000 0.000000 1 0 1.000000
gold_player
0  1.424453 6.231001 -0.283341  0.797217 0.582499 -0.158555  0.000000 0.000000 1 0 1.000000
0  1.147519 6.625002 -0.228256  0.931908 0.311745 -0.185371  0.000000 0.000000 1 0 1.000000
0  1.170000 6.625002 0.000000  0.946033 0.310385 -0.093185  0.000000 0.000000 1 0 1.000000
gold_player
0  0.555794 6.231001 -1.341806  0.351895 0.581927 -0.733165  0.000000 0.000000 1 0 1.000000
0  0.447739 6.625002 -1.080939  0.363607 0.311746 -0.877841  0.000000 0.000000 1 0 1.000000
0  0.650017 6.625002 -0.972820  0.527868 0.311741 -0.790046  0.000000 0.000000 1 0 1.000000
gold_player
0  1.341806 6.231001 -0.555794  0.750965 0.582500 -0.311039  0.000000 0.000000 1 0 1.000000
0  1.080939 6.625002 -0.447740  0.877837 0.311745 -0.363617  0.000000 0.000000 1 0 1.000000
0  1.147519 6.625002 -0.228256  0.931906 0.311740 -0.185387  0.000000 0.000000 1 0 1.000000
gold_player
0  1.026974 6.231001 -1.026974  0.574774 0.582500 -0.574742  0.000000 0.000000 1 0 1.000000
0  0.827315 6.625002 -0.827315  0.671867 0.311746 -0.671870  0.000000 0.000000 1 0 1.000000
0  0.972819 6.625002 -0.650017  0.790027 0.311740 -0.527897  0.000000 0.000000 1 0 1.000000
painted_wood_01
0  0.555794 6.231001 -1.341806  0.351936 0.581948 -0.733128  0.298137 0.539763 1 0 1.000000
0  0.000000 6.625002 -1.170000  0.000027 -0.010996 -0.999940  0.298137 0.539763 1 0 1.000000
0  0.228256 6.625002 -1.147519  0.213562 0.155161 -0.964529  0.298137 0.539763 1 0 1.000000
gold_player
0  1.424453 4.019003 -0.283341  0.797209 -0.582499 -0.158596  0.000000 0.000000 1 0 1.000000
0  1.147519 3.625002 -0.228256  0.931910 -0.311744 -0.185364  0.000000 0.000000 1 0 1.000000
0  1.080939 3.625002 -0.447740  0.877847 -0.311739 -0.363597  0.000000 0.000000 1 0 1.000000
gold_player
0  1.207593 4.019003 -0.806888  0.675834 -0.582500 -0.451600  0.000000 0.000000 1 0 1.000000
0  0.972819 3.625002 -0.650017  0.790037 -0.311746 -0.527879  0.000000 0.000000 1 0 1.000000
0  0.827315 3.625002 -0.827315  0.671883 -0.311740 -0.671856  0.000000 0.000000 1 0 1.000000
gold_player
0  0.806888 4.019003 -1.207593  0.451566 -0.582499 -0.675858  0.000000 0.000000 1 0 1.000000
0  0.650017 3.625002 -0.972820  0.527886 -0.311744 -0.790033  0.000000 0.000000 1 0 1.000000
0  0.447739 3.625002 -1.080939  0.363628 -0.311739 -0.877835  0.000000 0.000000 1 0 1.000000
gold_player
0  1.207593 6.231001 -0.806888  0.675855 0.582500 -0.451569  0.000000 0.000000 1 0 1.000000
0  0.972819 6.625002 -0.650017  0.790031 0.311746 -0.527888  0.000000 0.000000 1 0 1.000000
0  1.080939 6.625002 -0.447740  0.877833 0.311741 -0.363631  0.000000 0.000000 1 0 1.000000
gold_player
0  1.452360 4.019003 0.000000  0.810232 -0.580651 -0.079801  0.000000 0.000000 1 0 1.000000
0  1.170000 3.625002 0.000000  0.946033 -0.310386 -0.093175  0.000000 0.000000 1 0 1.000000
0  1.147519 3.625002 -0.228256  0.931914 -0.311740 -0.185351  0.000000 0.000000 1 0 1.000000
gold_player
0  1.341806 4.019003 -0.555794  0.750949 -0.582500 -0.311078  0.000000 0.000000 1 0 1.000000
0  1.080939 3.625002 -0.447740  0.877840 -0.311745 -0.363610  0.000000 0.000000 1 0 1.000000
0  0.972819 3.625002 -0.650017  0.790044 -0.311740 -0.527872  0.000000 0.000000 1 0 1.000000
gold_player
0  1.026974 4.019003 -1.026974  0.574744 -0.582500 -0.574772  0.000000 0.000000 1 0 1.000000
0  0.827315 3.625002 -0.827315  0.671872 -0.311746 -0.671865  0.000000 0.000000 1 0 1.000000
0  0.650017 3.625002 -0.972820  0.527900 -0.311741 -0.790025  0.000000 0.000000 1 0 1.000000
gold_player
0  0.000000 15.269157 0.000569  0.084037 -0.993800 -0.072791  0.000000 0.000000 1 0 1.000000
0  1.852500 15.504158 -1.068973  0.151206 -0.986837 -0.057360  0.000000 0.000000 1 0 1.000000
0  1.852501 15.504158 0.000000  -0.350128 -0.936702 0.000142  0.000000 0.000000 1 0 1.000000
gold_player
0  0.000000 15.269157 0.000569  0.084045 -0.993800 -0.072793  0.000000 0.000000 1 0 1.000000
0  0.000000 15.504158 -2.138515  -0.816866 -0.566025 -0.111114  0.000000 0.000000 1 0 1.000000
0  1.852500 15.504158 -1.068973  0.151126 -0.986845 -0.057419  0.000000 0.000000 1 0 1.000000
gold_player
0  3.704999 18.209158 -2.138515  0.510054 -0.000005 -0.860142  0.000000 0.000000 1 0 1.000000
0  3.704999 15.739157 -2.138515  0.866017 0.000024 -0.500014  0.000000 0.000000 1 0 1.000000
0  1.852499 15.739157 -3.208056  0.497078 0.003870 -0.867697  0.000000 0.000000 1 0 1.000000
painted_wood_01
0  3.704999 20.679157 -2.138515  0.865990 -0.000137 -0.500062  0.298137 0.539763 1 0 1.000000
0  1.852499 20.679157 -3.208056  0.475155 0.294367 -0.829202  0.298137 0.539763 1 0 1.000000
0  1.852500 20.914156 -1.068972  0.130645 0.988816 -0.071936  0.298137 0.539763 1 0 1.000000
gold_player
0  3.704999 20.679157 0.000569  0.496328 0.457542 -0.737776  0.000000 0.000000 1 0 1.000000
0  3.704999 18.209158 -2.138515  0.510040 0.000086 -0.860150  0.000000 0.000000 1 0 1.000000
0  3.704999 20.679157 -2.138515  0.866033 -0.000024 -0.499986  0.000000 0.000000 1 0 1.000000
gold_player
0  0.000000 20.679157 -4.277596  0.500000 0.000000 -0.866025  0.000000 0.000000 1 0 1.000000
0  1.852499 20.679157 -3.208056  0.475209 0.294082 -0.829272  0.000000 0.000000 1 0 1.000000
0  0.000000 18.209158 -4.277596  0.500000 0.000000 -0.866025  0.000000 0.000000 1 0 1.000000
gold_player
0  1.852499 20.679157 -3.208056  0.475176 0.294082 -0.829291  0.000000 0.000000 1 0 1.000000
0  3.704999 20.679157 -2.138515  0.866017 -0.000024 -0.500015  0.000000 0.000000 1 0 1.000000
0  3.704999 18.209158 -2.138515  0.510053 -0.000003 -0.860143  0.000000 0.000000 1 0 1.000000
gold_player
0  3.704999 15.739157 0.000567  0.496245 -0.458028 -0.737530  0.000000 0.000000 1 0 1.000000
0  3.704999 15.739157 -2.138515  0.866033 0.000024 -0.499986  0.000000 0.000000 1 0 1.000000
0  3.704999 18.209158 -2.138515  0.510040 0.000096 -0.860150  0.000000 0.000000 1 0 1.000000
painted_wood_01
0  3.704999 20.679157 0.000569  0.496348 0.457509 -0.737783  0.298137 0.539763 1 0 1.000000
0  3.704999 20.679157 -2.138515  0.865990 -0.000137 -0.500062  0.298137 0.539763 1 0 1.000000
0  1.852500 20.914156 -1.068972  0.130645 0.988816 -0.071936  0.298137 0.539763 1 0 1.000000
gold_player
0  1.852500 20.914156 -1.068972  0.130668 0.988813 -0.071935  0.000000 0.000000 1 0 1.000000
0  0.000000 21.149157 0.000569  0.082843 0.993748 -0.074847  0.000000 0.000000 1 0 1.000000
0  1.856717 20.920296 0.000000  -0.351606 0.936133 -0.005334  0.000000 0.000000 1 0 1.000000
painted_wood_01
0  1.852499 20.679157 -3.208056  0.475129 0.294366 -0.829217  0.298137 0.539763 1 0 1.000000
0  0.000000 20.679157 -4.277596  0.000056 -0.016864 -0.999858  0.298137 0.539763 1 0 1.000000
0  0.000000 20.914156 -2.138515  -0.000034 0.839026 0.544092  0.298137 0.539763 1 0 1.000000
gold_player
0  0.000000 20.914156 -2.138515  -0.568864 0.812890 -0.124915  0.000000 0.000000 1 0 1.000000
0  0.000000 21.149157 0.000569  0.082841 0.993747 -0.074865  0.000000 0.000000 1 0 1.000000
0  1.852500 20.914156 -1.068972  0.130649 0.988814 -0.071953  0.000000 0.000000 1 0 1.000000
c_invasion_wrangler_laser
0  1.860925 15.239513 -3.208057  0.507592 0.008679 -0.861554  0.000000 0.000000 1 0 1.000000
0  1.860927 15.004513 -1.068973  -0.903259 -0.015219 0.428825  0.000000 0.000000 1 0 1.000000
0  0.008427 15.004513 -2.138515  -0.997967 -0.016873 0.061467  0.000000 0.000000 1 0 1.000000
c_invasion_wrangler_laser
0  1.860927 15.004513 -1.068973  -0.903272 -0.015299 0.428797  0.000000 0.000000 1 0 1.000000
0  3.713427 15.239513 0.000569  0.499223 0.008559 -0.866431  0.000000 0.000000 1 0 1.000000
0  1.860927 15.004513 0.000000  -0.999858 -0.016881 -0.000006  0.000000 0.000000 1 0 1.000000
painted_wood_01
0  3.704999 15.739157 0.000567  0.496239 -0.458061 -0.737514  0.298137 0.539763 1 0 1.000000
0  1.852500 15.504158 -1.068973  0.151179 -0.986841 -0.057352  0.298137 0.539763 1 0 1.000000
0  3.704999 15.739157 -2.138515  0.866061 0.000137 -0.499938  0.298137 0.539763 1 0 1.000000
gold_player
0  1.852499 15.739157 -3.208056  0.497098 0.003971 -0.867685  0.000000 0.000000 1 0 1.000000
0  1.860925 15.239513 -3.208057  0.507641 0.008662 -0.861525  0.000000 0.000000 1 0 1.000000
0  0.008427 15.004513 -2.138515  -0.997976 -0.016923 0.061292  0.000000 0.000000 1 0 1.000000
painted_wood_01
0  1.852499 15.739157 -3.208056  0.497048 0.003986 -0.867714  0.298137 0.539763 1 0 1.000000
0  3.704999 15.739157 -2.138515  0.866061 0.000137 -0.499938  0.298137 0.539763 1 0 1.000000
0  1.852500 15.504158 -1.068973  0.151179 -0.986841 -0.057352  0.298137 0.539763 1 0 1.000000
painted_wood_01
0  1.852499 15.739157 -3.208056  0.497019 0.003986 -0.867730  0.298137 0.539763 1 0 1.000000
0  0.000000 15.504158 -2.138515  0.000046 -0.593476 0.804851  0.298137 0.539763 1 0 1.000000
0  0.000000 15.739157 -4.277596  -0.000056 0.016863 -0.999858  0.298137 0.539763 1 0 1.000000
gold_player
0  1.852500 15.504158 -1.068973  0.151070 -0.986859 -0.057335  0.000000 0.000000 1 0 1.000000
0  1.860927 15.004513 -1.068973  -0.903333 -0.015279 0.428667  0.000000 0.000000 1 0 1.000000
0  1.860925 15.239513 -3.208057  0.507641 0.008592 -0.861526  0.000000 0.000000 1 0 1.000000
gold_player
0  0.000000 15.504158 -2.138515  -0.816873 -0.566035 -0.111013  0.000000 0.000000 1 0 1.000000
0  0.008427 15.004513 -2.138515  -0.997970 -0.016788 0.061437  0.000000 0.000000 1 0 1.000000
0  1.860927 15.004513 -1.068973  -0.903314 -0.015206 0.428710  0.000000 0.000000 1 0 1.000000
gold_player
0  1.852500 15.504158 -1.068973  0.151153 -0.986850 -0.057278  0.000000 0.000000 1 0 1.000000
0  1.860927 15.004513 -1.068973  -0.903301 -0.015235 0.428737  0.000000 0.000000 1 0 1.000000
0  1.860927 15.004513 0.000000  -0.999858 -0.016863 0.000000  0.000000 0.000000 1 0 1.000000
gold_player
0  3.704999 15.739157 0.000567  0.496254 -0.458014 -0.737533  0.000000 0.000000 1 0 1.000000
0  3.713427 15.239513 0.000569  0.499183 0.008417 -0.866456  0.000000 0.000000 1 0 1.000000
0  1.860927 15.004513 -1.068973  -0.903287 -0.015292 0.428763  0.000000 0.000000 1 0 1.000000
c_invasion_wrangler_laser
0  1.860930 21.413801 -1.068973  -0.895980 0.015148 0.443836  0.000000 0.000000 1 0 1.000000
0  1.865143 21.419941 0.000000  -0.999851 0.016861 0.003786  0.000000 0.000000 1 0 1.000000
0  3.713427 21.178801 0.000569  0.499221 -0.008565 -0.866432  0.000000 0.000000 1 0 1.000000
gold_player
0  1.852500 20.914156 -1.068972  0.130723 0.988813 -0.071835  0.000000 0.000000 1 0 1.000000
0  1.860930 21.413801 -1.068973  -0.895974 0.015096 0.443850  0.000000 0.000000 1 0 1.000000
0  0.008427 21.413801 -2.138514  -0.997976 0.016791 0.061338  0.000000 0.000000 1 0 1.000000
gold_player
0  1.852499 20.679157 -3.208056  0.475268 0.294385 -0.829131  0.000000 0.000000 1 0 1.000000
0  1.860925 21.178801 -3.208056  0.507640 -0.008577 -0.861527  0.000000 0.000000 1 0 1.000000
0  1.860930 21.413801 -1.068973  -0.895994 0.015149 0.443809  0.000000 0.000000 1 0 1.000000
gold_player
0  1.856717 20.920296 0.000000  -0.351759 0.936090 0.001413  0.000000 0.000000 1 0 1.000000
0  1.865143 21.419941 0.000000  -0.999851 0.016863 0.003844  0.000000 0.000000 1 0 1.000000
0  1.860930 21.413801 -1.068973  -0.895935 0.017648 0.443835  0.000000 0.000000 1 0 1.000000
gold_player
0  1.852500 20.914156 -1.068972  0.130576 0.988833 -0.071823  0.000000 0.000000 1 0 1.000000
0  1.860930 21.413801 -1.068973  -0.895945 0.015140 0.443907  0.000000 0.000000 1 0 1.000000
0  3.713427 21.178801 0.000569  0.499181 -0.008424 -0.866457  0.000000 0.000000 1 0 1.000000
gold_player
0  0.000000 20.914156 -2.138515  -0.568750 0.812949 -0.125054  0.000000 0.000000 1 0 1.000000
0  0.008427 21.413801 -2.138514  -0.997983 0.016870 0.061194  0.000000 0.000000 1 0 1.000000
0  1.860925 21.178801 -3.208056  0.507603 -0.008618 -0.861548  0.000000 0.000000 1 0 1.000000
c_invasion_wrangler_laser
0  1.860925 21.178801 -3.208056  0.507605 -0.008678 -0.861546  0.000000 0.000000 1 0 1.000000
0  0.008427 21.413801 -2.138514  -0.997978 0.016855 0.061290  0.000000 0.000000 1 0 1.000000
0  1.860930 21.413801 -1.068973  -0.895958 0.015110 0.443881  0.000000 0.000000 1 0 1.000000
gold_player
0  3.704999 18.209158 -2.138515  0.510088 0.000141 -0.860122  0.000000 0.000000 1 0 1.000000
0  3.947838 18.209158 -2.138515  0.384626 0.000160 -0.923073  0.000000 0.000000 1 0 1.000000
0  3.947838 15.739157 0.000567  0.274059 -0.629601 -0.726976  0.000000 0.000000 1 0 1.000000
gold_player
0  3.704999 20.679157 0.000569  0.496301 0.457542 -0.737794  0.000000 0.000000 1 0 1.000000
0  3.947839 20.679157 0.000569  0.274059 0.629579 -0.726996  0.000000 0.000000 1 0 1.000000
0  3.947838 18.209158 -2.138515  0.384682 -0.000134 -0.923049  0.000000 0.000000 1 0 1.000000
gold_player
0  4.204999 16.131977 0.000567  0.707107 -0.462910 -0.534522  0.000000 0.000000 1 0 1.000000
0  3.947838 15.739157 0.000567  0.274220 -0.629517 -0.726988  0.000000 0.000000 1 0 1.000000
0  3.947838 18.209158 -2.138515  0.384482 0.000059 -0.923133  0.000000 0.000000 1 0 1.000000
gold_player
0  4.204999 18.209158 -1.798324  0.797693 0.000022 -0.603063  0.000000 0.000000 1 0 1.000000
0  3.947838 18.209158 -2.138515  0.384509 -0.000090 -0.923121  0.000000 0.000000 1 0 1.000000
0  3.947839 20.679157 0.000569  0.274220 0.629569 -0.726943  0.000000 0.000000 1 0 1.000000
painted_wood_01
0  4.204999 20.286337 0.000567  0.707022 0.463025 -0.534535  0.298137 0.539763 1 0 1.000000
0  4.204999 19.937542 0.000567  0.839593 -0.355619 0.410633  0.298137 0.539763 1 0 1.000000
0  4.204999 18.209158 -1.496259  0.887300 0.000000 0.461193  0.298137 0.539763 1 0 1.000000
painted_wood_01
0  4.204999 18.209158 -1.798324  0.797650 -0.000051 -0.603121  0.298137 0.539763 1 0 1.000000
0  4.204999 18.209158 -1.496259  0.887300 0.000000 0.461193  0.298137 0.539763 1 0 1.000000
0  4.204999 16.480772 0.000567  0.839591 0.355620 0.410635  0.298137 0.539763 1 0 1.000000
painted_wood_01
0  1.852499 15.739157 -3.208056  0.497201 0.003942 -0.867626  0.298137 0.539763 1 0 1.000000
0  0.806439 18.209158 -4.389869  0.866010 0.000039 0.500027  0.298137 0.539763 1 0 1.000000
0  2.102728 16.480772 -3.641458  0.000043 1.000000 -0.000039  0.298137 0.539763 1 0 1.000000
gold_player
0  0.000000 15.739157 -4.277596  0.500000 0.000000 -0.866025  0.000000 0.000000 1 0 1.000000
0  0.000000 18.209158 -4.277596  0.500000 0.000000 -0.866025  0.000000 0.000000 1 0 1.000000
0  1.852499 15.739157 -3.208056  0.497113 0.003841 -0.867677  0.000000 0.000000 1 0 1.000000
gold_player
0  2.102728 19.937542 -3.641458  -0.000070 -1.000000 -0.000106  0.000000 0.000000 1 0 1.000000
0  1.952728 19.937542 -3.381650  0.285118 -0.821495 -0.493816  0.000000 0.000000 1 0 1.000000
0  0.656439 18.209158 -4.130063  0.994828 0.000076 -0.101575  0.000000 0.000000 1 0 1.000000
gold_player
0  0.656439 18.209158 -4.130063  0.994842 -0.000030 -0.101438  0.000000 0.000000 1 0 1.000000
0  1.952728 19.937542 -3.381650  0.285058 -0.821530 -0.493793  0.000000 0.000000 1 0 1.000000
0  3.249020 18.209158 -2.633235  -0.409572 -0.000000 -0.912278  0.000000 0.000000 1 0 1.000000
gold_player
0  3.399020 18.209158 -2.893043  -0.866001 0.000125 -0.500043  0.000000 0.000000 1 0 1.000000
0  3.249020 18.209158 -2.633235  -0.409455 0.000081 -0.912330  0.000000 0.000000 1 0 1.000000
0  1.952728 19.937542 -3.381650  0.285099 -0.821501 -0.493817  0.000000 0.000000 1 0 1.000000
gold_player
0  0.806439 18.209158 -4.389869  0.865999 -0.000126 0.500046  0.000000 0.000000 1 0 1.000000
0  0.656439 18.209158 -4.130063  0.994829 -0.000082 -0.101561  0.000000 0.000000 1 0 1.000000
0  1.952728 16.480772 -3.381650  0.285110 0.821503 -0.493806  0.000000 0.000000 1 0 1.000000
gold_player
0  2.102728 16.480772 -3.641458  0.000128 1.000000 0.000008  0.000000 0.000000 1 0 1.000000
0  1.952728 16.480772 -3.381650  0.285098 0.821495 -0.493827  0.000000 0.000000 1 0 1.000000
0  3.249020 18.209158 -2.633235  -0.409447 -0.000076 -0.912334  0.000000 0.000000 1 0 1.000000
gold_player
0  0.228256 8.625002 -1.147519  0.177947 0.408452 -0.895266  0.000000 0.000000 1 0 1.000000
0  0.011947 9.625004 0.000000  0.189983 0.795609 -0.575251  0.000000 0.000000 1 0 1.000000
0  0.447739 8.625002 -1.080939  0.349200 0.408054 -0.843535  0.000000 0.000000 1 0 1.000000
gold_player
0  1.080939 8.625002 -0.447740  0.843936 0.406869 -0.349615  0.000000 0.000000 1 0 1.000000
0  0.011947 9.625004 0.000000  0.190004 0.795584 -0.575278  0.000000 0.000000 1 0 1.000000
0  1.147519 8.625002 -0.228256  0.895988 0.406723 -0.178273  0.000000 0.000000 1 0 1.000000
gold_player
0  0.000000 8.625002 -1.170000  0.089076 0.408127 -0.908569  0.000000 0.000000 1 0 1.000000
0  0.000000 9.625002 0.000000  -0.000123 0.760173 -0.649721  0.000000 0.000000 1 0 1.000000
0  0.011947 9.625004 0.000000  0.189884 0.795584 -0.575317  0.000000 0.000000 1 0 1.000000
gold_player
0  0.827315 8.625002 -0.827315  0.645751 0.407324 -0.645827  0.000000 0.000000 1 0 1.000000
0  0.011947 9.625004 0.000000  0.190117 0.795624 -0.575185  0.000000 0.000000 1 0 1.000000
0  0.972819 8.625002 -0.650017  0.759393 0.407078 -0.507553  0.000000 0.000000 1 0 1.000000
gold_player
0  0.447739 8.625002 -1.080939  0.349307 0.408051 -0.843492  0.000000 0.000000 1 0 1.000000
0  0.011947 9.625004 0.000000  0.190086 0.795569 -0.575271  0.000000 0.000000 1 0 1.000000
0  0.650017 8.625002 -0.972820  0.507146 0.407662 -0.759352  0.000000 0.000000 1 0 1.000000
gold_player
0  0.972819 8.625002 -0.650017  0.759430 0.407084 -0.507493  0.000000 0.000000 1 0 1.000000
0  0.011947 9.625004 0.000000  0.190034 0.795586 -0.575266  0.000000 0.000000 1 0 1.000000
0  1.080939 8.625002 -0.447740  0.843923 0.406842 -0.349677  0.000000 0.000000 1 0 1.000000
gold_player
0  0.650017 8.625002 -0.972820  0.507222 0.407662 -0.759301  0.000000 0.000000 1 0 1.000000
0  0.011947 9.625004 0.000000  0.190112 0.795606 -0.575211  0.000000 0.000000 1 0 1.000000
0  0.827315 8.625002 -0.827315  0.645671 0.407360 -0.645884  0.000000 0.000000 1 0 1.000000
gold_player
0  1.147519 8.625002 -0.228256  0.896001 0.406728 -0.178201  0.000000 0.000000 1 0 1.000000
0  0.011947 9.625004 0.000000  0.189854 0.795578 -0.575336  0.000000 0.000000 1 0 1.000000
0  1.170000 8.625002 0.000000  0.909886 0.405064 -0.089612  0.000000 0.000000 1 0 1.000000
painted_wood_01
0  -0.039692 -15.644995 0.000000  0.000000 -1.000000 0.000000  0.298137 0.539763 1 0 1.000000
0  0.000000 -14.644995 -1.405957  0.000000 -0.814899 -0.579603  0.298137 0.539763 1 0 1.000000
0  0.000000 -15.644995 0.000000  0.000000 -1.000000 0.000000  0.298137 0.539763 1 0 1.000000
gold_player
0  0.000000 1.625002 -1.170000  0.098009 -0.012260 -0.995110  0.000000 0.000000 1 0 1.000000
0  0.198037 -4.644999 -0.995600  0.226921 -0.022814 -0.973646  0.000000 0.000000 1 0 1.000000
0  0.000000 -4.644999 -1.015105  0.097988 -0.024578 -0.994884  0.000000 0.000000 1 0 1.000000
gold_player
0  0.228256 1.625002 -1.147519  0.195187 -0.012355 -0.980688  0.000000 0.000000 1 0 1.000000
0  0.388464 -4.644999 -0.937835  0.352093 -0.022810 -0.935687  0.000000 0.000000 1 0 1.000000
0  0.198037 -4.644999 -0.995600  0.227081 -0.022806 -0.973609  0.000000 0.000000 1 0 1.000000
painted_wood_01
0  0.636979 -10.645002 -0.636982  0.706094 0.053502 -0.706094  0.298137 0.539763 1 0 1.000000
0  0.781099 -14.644995 -1.169013  0.511926 -0.387182 -0.766826  0.298137 0.539763 1 0 1.000000
0  0.500471 -10.645002 -0.749012  0.554775 0.053503 -0.830278  0.298137 0.539763 1 0 1.000000
gold_player
0  0.447739 1.625002 -1.080939  0.382763 -0.012354 -0.923764  0.000000 0.000000 1 0 1.000000
0  0.563962 -4.644999 -0.844029  0.555310 -0.024697 -0.831277  0.000000 0.000000 1 0 1.000000
0  0.388464 -4.644999 -0.937835  0.352252 -0.022811 -0.935627  0.000000 0.000000 1 0 1.000000
gold_player
0  0.650017 1.625002 -0.972820  0.555624 -0.012355 -0.831342  0.000000 0.000000 1 0 1.000000
0  0.717787 -4.644999 -0.717788  0.706846 -0.024697 -0.706936  0.000000 0.000000 1 0 1.000000
0  0.563962 -4.644999 -0.844029  0.555493 -0.024698 -0.831154  0.000000 0.000000 1 0 1.000000
gold_player
0  0.827315 1.625002 -0.827315  0.707134 -0.012355 -0.706972  0.000000 0.000000 1 0 1.000000
0  0.844029 -4.644999 -0.563962  0.831154 -0.024697 -0.555494  0.000000 0.000000 1 0 1.000000
0  0.717787 -4.644999 -0.717788  0.706969 -0.024698 -0.706813  0.000000 0.000000 1 0 1.000000
gold_player
0  0.883515 -10.645002 -0.175745  0.955582 0.053276 -0.289871  0.000000 0.000000 1 0 1.000000
0  1.298921 -14.644995 -0.538046  0.884569 -0.381504 -0.268314  0.000000 0.000000 1 0 1.000000
0  0.832253 -10.645002 -0.344734  0.955326 0.053281 -0.290712  0.000000 0.000000 1 0 1.000000
gold_player
0  0.972819 1.625002 -0.650017  0.831470 -0.012355 -0.555433  0.000000 0.000000 1 0 1.000000
0  0.937835 -4.644999 -0.388464  0.935627 -0.022814 -0.352252  0.000000 0.000000 1 0 1.000000
0  0.844029 -4.644999 -0.563962  0.831277 -0.024697 -0.555310  0.000000 0.000000 1 0 1.000000
painted_wood_01
0  0.198037 -4.644999 -0.995600  0.226916 -0.022804 -0.973647  0.298137 0.539763 1 0 1.000000
0  0.000000 -10.645002 -0.900828  0.000000 0.053502 -0.998568  0.298137 0.539763 1 0 1.000000
0  0.000000 -4.644999 -1.015105  -0.000000 -0.013151 -0.999914  0.298137 0.539763 1 0 1.000000
gold_player
0  1.080939 1.625002 -0.447740  0.923854 -0.012354 -0.382546  0.000000 0.000000 1 0 1.000000
0  0.995600 -4.644999 -0.198037  0.973609 -0.022810 -0.227081  0.000000 0.000000 1 0 1.000000
0  0.937835 -4.644999 -0.388464  0.935687 -0.022806 -0.352093  0.000000 0.000000 1 0 1.000000
painted_wood_01
0  0.937835 -4.644999 -0.388464  0.935625 -0.022804 -0.352257  0.298137 0.539763 1 0 1.000000
0  0.749008 -10.645002 -0.500475  0.830278 0.053502 -0.554775  0.298137 0.539763 1 0 1.000000
0  0.844029 -4.644999 -0.563962  0.831215 -0.024680 -0.555403  0.298137 0.539763 1 0 1.000000
gold_player
0  1.147519 1.625002 -0.228256  0.980732 -0.012355 -0.194967  0.000000 0.000000 1 0 1.000000
0  1.015106 -4.644999 0.000000  0.994884 -0.024578 -0.097993  0.000000 0.000000 1 0 1.000000
0  0.995600 -4.644999 -0.198037  0.973645 -0.022811 -0.226926  0.000000 0.000000 1 0 1.000000
gold_player
0  0.344730 -10.645002 -0.832257  0.289873 0.053278 -0.955581  0.000000 0.000000 1 0 1.000000
0  0.274286 -14.644995 -1.378942  0.268170 -0.382964 -0.883981  0.000000 0.000000 1 0 1.000000
0  0.175742 -10.645002 -0.883519  0.289031 0.053283 -0.955836  0.000000 0.000000 1 0 1.000000
painted_wood_01
0  0.563962 -4.644999 -0.844029  0.555401 -0.024729 -0.831215  0.298137 0.539763 1 0 1.000000
0  0.344730 -10.645002 -0.832257  0.289989 0.053250 -0.955547  0.298137 0.539763 1 0 1.000000
0  0.388464 -4.644999 -0.937835  0.352258 -0.022804 -0.935625  0.298137 0.539763 1 0 1.000000
painted_wood_01
0  0.749008 -10.645002 -0.500475  0.830278 0.053502 -0.554775  0.298137 0.539763 1 0 1.000000
0  0.994151 -14.644995 -0.994166  0.651998 -0.386273 -0.652450  0.298137 0.539763 1 0 1.000000
0  0.636979 -10.645002 -0.636982  0.706094 0.053502 -0.706094  0.298137 0.539763 1 0 1.000000
painted_wood_01
0  1.015106 -4.644999 0.000000  0.999912 -0.013291 0.000004  0.298137 0.539763 1 0 1.000000
0  0.883515 -10.645002 -0.175745  0.955617 0.053248 -0.289758  0.298137 0.539763 1 0 1.000000
0  0.995600 -4.644999 -0.198037  0.973646 -0.022804 -0.226921  0.298137 0.539763 1 0 1.000000
painted_wood_01
0  0.900825 -10.645002 0.000000  0.998568 0.053502 0.000000  0.298137 0.539763 1 0 1.000000
0  1.378928 -14.644995 -0.274301  0.883622 -0.383989 -0.267889  0.298137 0.539763 1 0 1.000000
0  0.883515 -10.645002 -0.175745  0.955617 0.053248 -0.289758  0.298137 0.539763 1 0 1.000000
painted_wood_01
0  0.844029 -4.644999 -0.563962  0.831215 -0.024680 -0.555403  0.298137 0.539763 1 0 1.000000
0  0.636979 -10.645002 -0.636982  0.706094 0.053502 -0.706094  0.298137 0.539763 1 0 1.000000
0  0.717787 -4.644999 -0.717788  0.706891 -0.024680 -0.706892  0.298137 0.539763 1 0 1.000000
painted_wood_01
0  0.500471 -10.645002 -0.749012  0.554775 0.053503 -0.830278  0.298137 0.539763 1 0 1.000000
0  0.538031 -14.644995 -1.298936  0.267297 -0.391047 -0.880701  0.298137 0.539763 1 0 1.000000
0  0.344730 -10.645002 -0.832257  0.289989 0.053250 -0.955547  0.298137 0.539763 1 0 1.000000
gold_player
0  0.388464 -4.644999 -0.937835  0.352096 -0.022805 -0.935686  0.000000 0.000000 1 0 1.000000
0  0.175742 -10.645002 -0.883519  0.289743 0.053218 -0.955624  0.000000 0.000000 1 0 1.000000
0  0.198037 -4.644999 -0.995600  0.227079 -0.022795 -0.973610  0.000000 0.000000 1 0 1.000000
painted_wood_01
0  0.832253 -10.645002 -0.344734  0.955539 0.053252 -0.290016  0.298137 0.539763 1 0 1.000000
0  1.168998 -14.644995 -0.781114  0.767056 -0.385521 -0.512834  0.298137 0.539763 1 0 1.000000
0  0.749008 -10.645002 -0.500475  0.830278 0.053502 -0.554775  0.298137 0.539763 1 0 1.000000
gold_player
0  0.995600 -4.644999 -0.198037  0.973609 -0.022806 -0.227079  0.000000 0.000000 1 0 1.000000
0  0.832253 -10.645002 -0.344734  0.955546 0.053217 -0.290000  0.000000 0.000000 1 0 1.000000
0  0.937835 -4.644999 -0.388464  0.935686 -0.022796 -0.352096  0.000000 0.000000 1 0 1.000000
painted_wood_01
0  0.717787 -4.644999 -0.717788  0.706891 -0.024680 -0.706892  0.298137 0.539763 1 0 1.000000
0  0.500471 -10.645002 -0.749012  0.554775 0.053503 -0.830278  0.298137 0.539763 1 0 1.000000
0  0.563962 -4.644999 -0.844029  0.555401 -0.024729 -0.831215  0.298137 0.539763 1 0 1.000000
painted_wood_01
0  0.175742 -10.645002 -0.883519  0.289728 0.053253 -0.955627  0.298137 0.539763 1 0 1.000000
0  0.000000 -14.644995 -1.405957  -0.000000 -0.389890 -0.920861  0.298137 0.539763 1 0 1.000000
0  0.000000 -10.645002 -0.900828  0.000000 0.053502 -0.998568  0.298137 0.539763 1 0 1.000000
gold_player
0  0.447739 6.625002 -1.080939  0.363682 0.311477 -0.877905  0.000000 0.000000 1 0 1.000000
0  0.650017 8.625002 -0.972820  0.507155 0.407643 -0.759356  0.000000 0.000000 1 0 1.000000
0  0.650017 6.625002 -0.972820  0.527877 0.311528 -0.790124  0.000000 0.000000 1 0 1.000000
gold_player
0  0.827315 6.625002 -0.827315  0.671941 0.311520 -0.671901  0.000000 0.000000 1 0 1.000000
0  0.972819 8.625002 -0.650017  0.759425 0.406997 -0.507570  0.000000 0.000000 1 0 1.000000
0  0.972819 6.625002 -0.650017  0.790069 0.311485 -0.527985  0.000000 0.000000 1 0 1.000000
painted_wood_01
0  1.341806 4.019003 -0.555794  0.750881 -0.582632 -0.310995  0.298137 0.539763 1 0 1.000000
0  1.424453 6.231001 -0.283341  0.797115 0.582631 -0.158584  0.298137 0.539763 1 0 1.000000
0  1.424453 4.019003 -0.283341  0.797126 -0.582631 -0.158529  0.298137 0.539763 1 0 1.000000
painted_wood_01
0  0.806888 4.019003 -1.207593  0.451534 -0.582631 -0.675765  0.298137 0.539763 1 0 1.000000
0  1.026974 6.231001 -1.026974  0.574671 0.582632 -0.574711  0.298137 0.539763 1 0 1.000000
0  1.026974 4.019003 -1.026974  0.574711 -0.582632 -0.574672  0.298137 0.539763 1 0 1.000000
painted_wood_01
0  1.424453 4.019003 -0.283341  0.797126 -0.582631 -0.158529  0.298137 0.539763 1 0 1.000000
0  1.452360 6.231001 0.000000  0.803849 0.594834 0.000028  0.298137 0.539763 1 0 1.000000
0  1.452360 4.019003 0.000000  0.798854 -0.601525 -0.000029  0.298137 0.539763 1 0 1.000000
gold_player
0  0.228256 6.625002 -1.147519  0.213646 0.154948 -0.964545  0.000000 0.000000 1 0 1.000000
0  0.447739 8.625002 -1.080939  0.349225 0.408043 -0.843530  0.000000 0.000000 1 0 1.000000
0  0.447739 6.625002 -1.080939  0.363585 0.311485 -0.877943  0.000000 0.000000 1 0 1.000000
gold_player
0  1.080939 6.625002 -0.447740  0.877917 0.311520 -0.363617  0.000000 0.000000 1 0 1.000000
0  1.147519 8.625002 -0.228256  0.896014 0.406665 -0.178274  0.000000 0.000000 1 0 1.000000
0  1.147519 6.625002 -0.228256  0.931968 0.311528 -0.185434  0.000000 0.000000 1 0 1.000000
gold_player
0  0.650017 6.625002 -0.972820  0.527947 0.311520 -0.790080  0.000000 0.000000 1 0 1.000000
0  0.827315 8.625002 -0.827315  0.645712 0.407311 -0.645874  0.000000 0.000000 1 0 1.000000
0  0.827315 6.625002 -0.827315  0.671882 0.311528 -0.671956  0.000000 0.000000 1 0 1.000000
gold_player
0  0.000000 6.625002 -1.170000  0.098016 0.000000 -0.995185  0.000000 0.000000 1 0 1.000000
0  0.228256 8.625002 -1.147519  0.177861 0.408459 -0.895280  0.000000 0.000000 1 0 1.000000
0  0.228256 6.625002 -1.147519  0.213510 0.154940 -0.964576  0.000000 0.000000 1 0 1.000000
gold_player
0  0.972819 6.625002 -0.650017  0.790128 0.311477 -0.527901  0.000000 0.000000 1 0 1.000000
0  1.080939 8.625002 -0.447740  0.843942 0.406810 -0.349669  0.000000 0.000000 1 0 1.000000
0  1.080939 6.625002 -0.447740  0.877883 0.311528 -0.363691  0.000000 0.000000 1 0 1.000000
painted_wood_01
0  1.026974 4.019003 -1.026974  0.574711 -0.582632 -0.574672  0.298137 0.539763 1 0 1.000000
0  1.207593 6.231001 -0.806888  0.675757 0.582631 -0.451546  0.298137 0.539763 1 0 1.000000
0  1.207593 4.019003 -0.806888  0.675768 -0.582631 -0.451530  0.298137 0.539763 1 0 1.000000
painted_wood_01
0  0.000000 3.625002 -1.170000  0.000017 0.010995 -0.999940  0.298137 0.539763 1 0 1.000000
0  0.555794 4.019003 -1.341806  0.351932 -0.581913 -0.733158  0.298137 0.539763 1 0 1.000000
0  0.228256 3.625002 -1.147519  0.213560 -0.155161 -0.964530  0.298137 0.539763 1 0 1.000000
painted_wood_01
0  1.207593 4.019003 -0.806888  0.675768 -0.582631 -0.451530  0.298137 0.539763 1 0 1.000000
0  1.341806 6.231001 -0.555794  0.750891 0.582591 -0.311047  0.298137 0.539763 1 0 1.000000
0  1.341806 4.019003 -0.555794  0.750881 -0.582632 -0.310995  0.298137 0.539763 1 0 1.000000
painted_wood_01
0  0.555794 4.019003 -1.341806  0.351932 -0.581913 -0.733158  0.298137 0.539763 1 0 1.000000
0  0.806888 6.231001 -1.207593  0.451416 0.582631 -0.675844  0.298137 0.539763 1 0 1.000000
0  0.806888 4.019003 -1.207593  0.451534 -0.582631 -0.675765  0.298137 0.539763 1 0 1.000000
gold_player
0  1.147519 6.625002 -0.228256  0.931986 0.311520 -0.185356  0.000000 0.000000 1 0 1.000000
0  1.170000 8.625002 0.000000  0.909935 0.404946 -0.089645  0.000000 0.000000 1 0 1.000000
0  1.170000 6.625002 0.000000  0.946114 0.310138 -0.093183  0.000000 0.000000 1 0 1.000000
gold_player
0  0.972819 1.625002 -0.650017  0.831484 -0.012315 -0.555413  0.000000 0.000000 1 0 1.000000
0  1.080939 3.625002 -0.447740  0.877903 -0.311515 -0.363653  0.000000 0.000000 1 0 1.000000
0  1.080939 1.625002 -0.447740  0.923790 -0.012331 -0.382701  0.000000 0.000000 1 0 1.000000
gold_player
0  0.447739 1.625002 -1.080939  0.382783 -0.012315 -0.923756  0.000000 0.000000 1 0 1.000000
0  0.650017 3.625002 -0.972820  0.527915 -0.311515 -0.790104  0.000000 0.000000 1 0 1.000000
0  0.650017 1.625002 -0.972820  0.555447 -0.012325 -0.831461  0.000000 0.000000 1 0 1.000000
gold_player
0  1.080939 1.625002 -0.447740  0.923845 -0.012321 -0.382568  0.000000 0.000000 1 0 1.000000
0  1.147519 3.625002 -0.228256  0.931980 -0.311515 -0.185393  0.000000 0.000000 1 0 1.000000
0  1.147519 1.625002 -0.228256  0.980692 -0.012325 -0.195169  0.000000 0.000000 1 0 1.000000
gold_player
0  0.650017 1.625002 -0.972820  0.555607 -0.012321 -0.831354  0.000000 0.000000 1 0 1.000000
0  0.827315 3.625002 -0.827315  0.671915 -0.311515 -0.671928  0.000000 0.000000 1 0 1.000000
0  0.827315 1.625002 -0.827315  0.706987 -0.012325 -0.707119  0.000000 0.000000 1 0 1.000000
gold_player
0  0.000000 1.625002 -1.170000  0.098008 -0.012272 -0.995110  0.000000 0.000000 1 0 1.000000
0  0.228256 3.625002 -1.147519  0.213516 -0.154936 -0.964575  0.000000 0.000000 1 0 1.000000
0  0.228256 1.625002 -1.147519  0.194981 -0.012325 -0.980730  0.000000 0.000000 1 0 1.000000
gold_player
0  1.147519 1.625002 -0.228256  0.980720 -0.012327 -0.195028  0.000000 0.000000 1 0 1.000000
0  1.170000 3.625002 0.000000  0.946114 -0.310138 -0.093183  0.000000 0.000000 1 0 1.000000
0  1.170000 1.625002 0.000000  0.995110 -0.012272 -0.098009  0.000000 0.000000 1 0 1.000000
gold_player
0  0.827315 1.625002 -0.827315  0.707155 -0.012315 -0.706951  0.000000 0.000000 1 0 1.000000
0  0.972819 3.625002 -0.650017  0.790096 -0.311472 -0.527952  0.000000 0.000000 1 0 1.000000
0  0.972819 1.625002 -0.650017  0.831329 -0.012319 -0.555644  0.000000 0.000000 1 0 1.000000
gold_player
0  0.228256 1.625002 -1.147519  0.195170 -0.012321 -0.980692  0.000000 0.000000 1 0 1.000000
0  0.447739 3.625002 -1.080939  0.363626 -0.311472 -0.877930  0.000000 0.000000 1 0 1.000000
0  0.447739 1.625002 -1.080939  0.382524 -0.012319 -0.923863  0.000000 0.000000 1 0 1.000000
gold_player
0  0.806888 6.231001 -1.207593  0.451595 0.582510 -0.675828  0.000000 0.000000 1 0 1.000000
0  0.827315 6.625002 -0.827315  0.671843 0.311735 -0.671899  0.000000 0.000000 1 0 1.000000
0  1.026974 6.231001 -1.026974  0.574740 0.582503 -0.574773  0.000000 0.000000 1 0 1.000000
gold_player
0  1.424453 6.231001 -0.283341  0.797209 0.582510 -0.158555  0.000000 0.000000 1 0 1.000000
0  1.170000 6.625002 0.000000  0.946034 0.310386 -0.093171  0.000000 0.000000 1 0 1.000000
0  1.452360 6.231001 0.000000  0.810232 0.580651 -0.079802  0.000000 0.000000 1 0 1.000000
gold_player
0  0.555794 6.231001 -1.341806  0.351897 0.581931 -0.733161  0.000000 0.000000 1 0 1.000000
0  0.650017 6.625002 -0.972820  0.527856 0.311734 -0.790057  0.000000 0.000000 1 0 1.000000
0  0.806888 6.231001 -1.207593  0.451568 0.582502 -0.675853  0.000000 0.000000 1 0 1.000000
gold_player
0  1.341806 6.231001 -0.555794  0.750960 0.582510 -0.311032  0.000000 0.000000 1 0 1.000000
0  1.147519 6.625002 -0.228256  0.931906 0.311734 -0.185402  0.000000 0.000000 1 0 1.000000
0  1.424453 6.231001 -0.283341  0.797208 0.582502 -0.158592  0.000000 0.000000 1 0 1.000000
gold_player
0  1.026974 6.231001 -1.026974  0.574768 0.582511 -0.574737  0.000000 0.000000 1 0 1.000000
0  0.972819 6.625002 -0.650017  0.790017 0.311735 -0.527915  0.000000 0.000000 1 0 1.000000
0  1.207593 6.231001 -0.806888  0.675832 0.582503 -0.451599  0.000000 0.000000 1 0 1.000000
painted_wood_01
0  0.555794 4.019003 -1.341806  0.351932 -0.581913 -0.733158  0.298137 0.539763 1 0 1.000000
0  0.000000 6.231001 -1.341806  -0.000001 0.220486 -0.975390  0.298137 0.539763 1 0 1.000000
0  0.555794 6.231001 -1.341806  0.351936 0.581948 -0.733128  0.298137 0.539763 1 0 1.000000
gold_player
0  1.424453 4.019003 -0.283341  0.797201 -0.582510 -0.158593  0.000000 0.000000 1 0 1.000000
0  1.080939 3.625002 -0.447740  0.877857 -0.311735 -0.363578  0.000000 0.000000 1 0 1.000000
0  1.341806 4.019003 -0.555794  0.750964 -0.582503 -0.311036  0.000000 0.000000 1 0 1.000000
gold_player
0  1.207593 4.019003 -0.806888  0.675827 -0.582511 -0.451596  0.000000 0.000000 1 0 1.000000
0  0.827315 3.625002 -0.827315  0.671898 -0.311735 -0.671844  0.000000 0.000000 1 0 1.000000
0  1.026974 4.019003 -1.026974  0.574772 -0.582503 -0.574741  0.000000 0.000000 1 0 1.000000
gold_player
0  0.806888 4.019003 -1.207593  0.451569 -0.582501 -0.675854  0.000000 0.000000 1 0 1.000000
0  0.447739 3.625002 -1.080939  0.363650 -0.311736 -0.877827  0.000000 0.000000 1 0 1.000000
0  0.555794 4.019003 -1.341806  0.351898 -0.581929 -0.733162  0.000000 0.000000 1 0 1.000000
gold_player
0  1.207593 6.231001 -0.806888  0.675849 0.582510 -0.451564  0.000000 0.000000 1 0 1.000000
0  1.080939 6.625002 -0.447740  0.877827 0.311735 -0.363649  0.000000 0.000000 1 0 1.000000
0  1.341806 6.231001 -0.555794  0.750948 0.582503 -0.311076  0.000000 0.000000 1 0 1.000000
gold_player
0  1.452360 4.019003 0.000000  0.810232 -0.580650 -0.079802  0.000000 0.000000 1 0 1.000000
0  1.147519 3.625002 -0.228256  0.931919 -0.311734 -0.185333  0.000000 0.000000 1 0 1.000000
0  1.424453 4.019003 -0.283341  0.797215 -0.582502 -0.158556  0.000000 0.000000 1 0 1.000000
gold_player
0  1.341806 4.019003 -0.555794  0.750942 -0.582511 -0.311074  0.000000 0.000000 1 0 1.000000
0  0.972819 3.625002 -0.650017  0.790057 -0.311735 -0.527856  0.000000 0.000000 1 0 1.000000
0  1.207593 4.019003 -0.806888  0.675853 -0.582503 -0.451567  0.000000 0.000000 1 0 1.000000
gold_player
0  1.026974 4.019003 -1.026974  0.574737 -0.582510 -0.574769  0.000000 0.000000 1 0 1.000000
0  0.650017 3.625002 -0.972820  0.527915 -0.311734 -0.790017  0.000000 0.000000 1 0 1.000000
0  0.806888 4.019003 -1.207593  0.451599 -0.582502 -0.675833  0.000000 0.000000 1 0 1.000000
gold_player
0  1.852499 15.739157 -3.208056  0.497101 0.003838 -0.867684  0.000000 0.000000 1 0 1.000000
0  0.008427 15.004513 -2.138515  -0.997976 -0.016931 0.061290  0.000000 0.000000 1 0 1.000000
0  0.000000 15.504158 -2.138515  -0.816825 -0.566071 -0.111183  0.000000 0.000000 1 0 1.000000
gold_player
0  1.852500 15.504158 -1.068973  0.151068 -0.986862 -0.057297  0.000000 0.000000 1 0 1.000000
0  1.860925 15.239513 -3.208057  0.507641 0.008596 -0.861526  0.000000 0.000000 1 0 1.000000
0  1.852499 15.739157 -3.208056  0.497109 0.003869 -0.867680  0.000000 0.000000 1 0 1.000000
gold_player
0  0.000000 15.504158 -2.138515  -0.816862 -0.566051 -0.111009  0.000000 0.000000 1 0 1.000000
0  1.860927 15.004513 -1.068973  -0.903314 -0.015239 0.428710  0.000000 0.000000 1 0 1.000000
0  1.852500 15.504158 -1.068973  0.151229 -0.986835 -0.057334  0.000000 0.000000 1 0 1.000000
gold_player
0  1.852500 15.504158 -1.068973  0.151151 -0.986846 -0.057348  0.000000 0.000000 1 0 1.000000
0  1.860927 15.004513 0.000000  -0.999858 -0.016862 0.000001  0.000000 0.000000 1 0 1.000000
0  1.852501 15.504158 0.000000  -0.350282 -0.936644 0.000000  0.000000 0.000000 1 0 1.000000
gold_player
0  3.704999 15.739157 0.000567  0.496256 -0.458011 -0.737534  0.000000 0.000000 1 0 1.000000
0  1.860927 15.004513 -1.068973  -0.903286 -0.015298 0.428766  0.000000 0.000000 1 0 1.000000
0  1.852500 15.504158 -1.068973  0.151130 -0.986854 -0.057265  0.000000 0.000000 1 0 1.000000
gold_player
0  1.852500 20.914156 -1.068972  0.130595 0.988825 -0.071902  0.000000 0.000000 1 0 1.000000
0  0.008427 21.413801 -2.138514  -0.997974 0.016905 0.061339  0.000000 0.000000 1 0 1.000000
0  0.000000 20.914156 -2.138515  -0.568784 0.812935 -0.124988  0.000000 0.000000 1 0 1.000000
gold_player
0  1.852499 20.679157 -3.208056  0.475268 0.294097 -0.829233  0.000000 0.000000 1 0 1.000000
0  1.860930 21.413801 -1.068973  -0.895995 0.015135 0.443806  0.000000 0.000000 1 0 1.000000
0  1.852500 20.914156 -1.068972  0.130536 0.988825 -0.072006  0.000000 0.000000 1 0 1.000000
gold_player
0  1.856717 20.920296 0.000000  -0.351774 0.936077 -0.003953  0.000000 0.000000 1 0 1.000000
0  1.860930 21.413801 -1.068973  -0.895977 0.015061 0.443845  0.000000 0.000000 1 0 1.000000
0  1.852500 20.914156 -1.068972  0.130651 0.988817 -0.071911  0.000000 0.000000 1 0 1.000000
gold_player
0  1.852500 20.914156 -1.068972  0.130516 0.988839 -0.071855  0.000000 0.000000 1 0 1.000000
0  3.713427 21.178801 0.000569  0.499182 -0.008420 -0.866456  0.000000 0.000000 1 0 1.000000
0  3.704999 20.679157 0.000569  0.496321 0.457506 -0.737803  0.000000 0.000000 1 0 1.000000
gold_player
0  0.000000 20.914156 -2.138515  -0.568832 0.812898 -0.125007  0.000000 0.000000 1 0 1.000000
0  1.860925 21.178801 -3.208056  0.507600 -0.008585 -0.861550  0.000000 0.000000 1 0 1.000000
0  1.852499 20.679157 -3.208056  0.475135 0.294171 -0.829283  0.000000 0.000000 1 0 1.000000
gold_player
0  3.704999 18.209158 -2.138515  0.510173 0.000086 -0.860072  0.000000 0.000000 1 0 1.000000
0  3.947838 15.739157 0.000567  0.274059 -0.629597 -0.726979  0.000000 0.000000 1 0 1.000000
0  3.704999 15.739157 0.000567  0.496231 -0.458013 -0.737550  0.000000 0.000000 1 0 1.000000
gold_player
0  3.704999 20.679157 0.000569  0.496290 0.457510 -0.737822  0.000000 0.000000 1 0 1.000000
0  3.947838 18.209158 -2.138515  0.384644 -0.000150 -0.923065  0.000000 0.000000 1 0 1.000000
0  3.704999 18.209158 -2.138515  0.510081 -0.000146 -0.860127  0.000000 0.000000 1 0 1.000000
gold_player
0  4.204999 16.131977 0.000567  0.707106 -0.462910 -0.534524  0.000000 0.000000 1 0 1.000000
0  3.947838 18.209158 -2.138515  0.384563 0.000147 -0.923099  0.000000 0.000000 1 0 1.000000
0  4.204999 18.209158 -1.798324  0.797725 -0.000022 -0.603021  0.000000 0.000000 1 0 1.000000
gold_player
0  4.204999 18.209158 -1.798324  0.797713 0.000022 -0.603037  0.000000 0.000000 1 0 1.000000
0  3.947839 20.679157 0.000569  0.274220 0.629553 -0.726957  0.000000 0.000000 1 0 1.000000
0  4.204999 20.286337 0.000567  0.707107 0.462910 -0.534523  0.000000 0.000000 1 0 1.000000
painted_wood_01
0  4.204999 20.286337 0.000567  0.707022 0.463025 -0.534535  0.298137 0.539763 1 0 1.000000
0  4.204999 18.209158 -1.496259  0.887300 0.000000 0.461193  0.298137 0.539763 1 0 1.000000
0  4.204999 18.209158 -1.798324  0.797650 -0.000051 -0.603121  0.298137 0.539763 1 0 1.000000
painted_wood_01
0  4.204999 18.209158 -1.798324  0.797650 -0.000051 -0.603121  0.298137 0.539763 1 0 1.000000
0  4.204999 16.480772 0.000567  0.839591 0.355620 0.410635  0.298137 0.539763 1 0 1.000000
0  4.204999 16.131977 0.000567  0.707022 -0.462912 -0.534633  0.298137 0.539763 1 0 1.000000
painted_wood_01
0  3.704999 18.209158 -2.138515  0.509945 0.000087 -0.860207  0.298137 0.539763 1 0 1.000000
0  2.102728 16.480772 -3.641458  -0.000018 1.000000 -0.000147  0.298137 0.539763 1 0 1.000000
0  3.399020 18.209158 -2.893043  -0.866026 0.000076 -0.499999  0.298137 0.539763 1 0 1.000000
gold_player
0  2.102728 19.937542 -3.641458  -0.000123 -1.000000 -0.000017  0.000000 0.000000 1 0 1.000000
0  0.656439 18.209158 -4.130063  0.994836 0.000133 -0.101492  0.000000 0.000000 1 0 1.000000
0  0.806439 18.209158 -4.389869  0.866027 0.000126 0.499997  0.000000 0.000000 1 0 1.000000
gold_player
0  0.656439 18.209158 -4.130063  0.994842 0.000000 -0.101438  0.000000 0.000000 1 0 1.000000
0  3.249020 18.209158 -2.633235  -0.409572 0.000029 -0.912278  0.000000 0.000000 1 0 1.000000
0  1.952728 16.480772 -3.381650  0.285110 0.821530 -0.493763  0.000000 0.000000 1 0 1.000000
gold_player
0  3.399020 18.209158 -2.893043  -0.866047 0.000124 -0.499963  0.000000 0.000000 1 0 1.000000
0  1.952728 19.937542 -3.381650  0.285099 -0.821533 -0.493763  0.000000 0.000000 1 0 1.000000
0  2.102728 19.937542 -3.641458  0.000100 -1.000000 0.000059  0.000000 0.000000 1 0 1.000000
gold_player
0  0.806439 18.209158 -4.389869  0.866006 -0.000126 0.500035  0.000000 0.000000 1 0 1.000000
0  1.952728 16.480772 -3.381650  0.285063 0.821532 -0.493786  0.000000 0.000000 1 0 1.000000
0  2.102728 16.480772 -3.641458  -0.000098 1.000000 -0.000058  0.000000 0.000000 1 0 1.000000
gold_player
0  2.102728 16.480772 -3.641458  0.000076 1.000000 0.000099  0.000000 0.000000 1 0 1.000000
0  3.249020 18.209158 -2.633235  -0.409525 -0.000133 -0.912299  0.000000 0.000000 1 0 1.000000
0  3.399020 18.209158 -2.893043  -0.866025 -0.000125 -0.500000  0.000000 0.000000 1 0 1.000000
gold_player
0  0.000000 8.625002 -1.170000  0.089083 0.408154 -0.908557  0.000000 0.000000 1 0 1.000000
0  0.011947 9.625004 0.000000  0.189891 0.795578 -0.575324  0.000000 0.000000 1 0 1.000000
0  0.228256 8.625002 -1.147519  0.177884 0.408449 -0.895280  0.000000 0.000000 1 0 1.000000
gold_player
0  0.000000 8.625002 -1.170000  0.089084 0.408126 -0.908569  0.000000 0.000000 1 0 1.000000
0  -0.011947 9.625004 0.000000  0.000123 0.760173 -0.649721  0.000000 0.000000 1 0 1.000000
0  0.000000 9.625002 0.000000  0.000123 0.760173 -0.649721  0.000000 0.000000 1 0 1.000000
c_invasion_wrangler_laser
0  2.413950 11.949177 0.000000  0.999998 -0.001939 -0.000000  0.000000 0.000000 1 0 1.000000
0  1.892105 11.647890 0.000000  -0.409343 -0.912381 0.000000  0.000000 0.000000 1 0 1.000000
0  1.851672 11.647890 -0.201594  -0.463149 -0.878340 0.118375  0.000000 0.000000 1 0 1.000000
c_invasion_wrangler_laser
0  1.892105 11.647890 0.000000  -0.409343 -0.912381 0.000000  0.000000 0.000000 1 0 1.000000
0  1.892105 12.250463 0.000000  -0.412349 0.911026 0.000000  0.000000 0.000000 1 0 1.000000
0  1.851672 12.250463 -0.201594  -0.464931 0.877697 0.116132  0.000000 0.000000 1 0 1.000000
c_invasion_wrangler_laser
0  1.892105 12.250463 0.000000  -0.412349 0.911026 0.000000  0.000000 0.000000 1 0 1.000000
0  2.413950 11.949177 0.000000  0.999998 -0.001939 -0.000000  0.000000 0.000000 1 0 1.000000
0  2.363490 11.949177 -0.303401  0.973619 -0.001154 -0.228175  0.000000 0.000000 1 0 1.000000
c_invasion_wrangler_laser
0  2.363490 11.949177 -0.303401  0.973619 -0.001154 -0.228175  0.000000 0.000000 1 0 1.000000
0  1.851672 11.647890 -0.201594  -0.463149 -0.878340 0.118375  0.000000 0.000000 1 0 1.000000
0  1.731931 11.647890 -0.596330  -0.422433 -0.889344 0.174980  0.000000 0.000000 1 0 1.000000
c_invasion_wrangler_laser
0  1.851672 11.647890 -0.201594  -0.463149 -0.878340 0.118375  0.000000 0.000000 1 0 1.000000
0  1.851672 12.250463 -0.201594  -0.464931 0.877697 0.116132  0.000000 0.000000 1 0 1.000000
0  1.731931 12.250463 -0.596330  -0.422434 0.889344 0.174978  0.000000 0.000000 1 0 1.000000
c_invasion_wrangler_laser
0  1.851672 12.250463 -0.201594  -0.464931 0.877697 0.116132  0.000000 0.000000 1 0 1.000000
0  2.363490 11.949177 -0.303401  0.973619 -0.001154 -0.228175  0.000000 0.000000 1 0 1.000000
0  2.214053 11.949177 -0.796032  0.923880 -0.000000 -0.382683  0.000000 0.000000 1 0 1.000000
c_invasion_wrangler_laser
0  2.214053 11.949177 -0.796032  0.923880 -0.000000 -0.382683  0.000000 0.000000 1 0 1.000000
0  1.731931 11.647890 -0.596330  -0.422433 -0.889344 0.174980  0.000000 0.000000 1 0 1.000000
0  1.537480 11.647890 -0.960122  -0.380181 -0.889344 0.254029  0.000000 0.000000 1 0 1.000000
c_invasion_wrangler_laser
0  1.731931 11.647890 -0.596330  -0.422433 -0.889344 0.174980  0.000000 0.000000 1 0 1.000000
0  1.731931 12.250463 -0.596330  -0.422434 0.889344 0.174978  0.000000 0.000000 1 0 1.000000
0  1.537480 12.250463 -0.960122  -0.380182 0.889343 0.254027  0.000000 0.000000 1 0 1.000000
c_invasion_wrangler_laser
0  1.731931 12.250463 -0.596330  -0.422434 0.889344 0.174978  0.000000 0.000000 1 0 1.000000
0  2.214053 11.949177 -0.796032  0.923880 -0.000000 -0.382683  0.000000 0.000000 1 0 1.000000
0  1.971379 11.949177 -1.250043  0.831469 -0.000000 -0.555570  0.000000 0.000000 1 0 1.000000
c_invasion_wrangler_laser
0  1.971379 11.949177 -1.250043  0.831469 -0.000000 -0.555570  0.000000 0.000000 1 0 1.000000
0  1.537480 11.647890 -0.960122  -0.380181 -0.889344 0.254029  0.000000 0.000000 1 0 1.000000
0  1.275794 11.647890 -1.278987  -0.323316 -0.889344 0.323318  0.000000 0.000000 1 0 1.000000
c_invasion_wrangler_laser
0  1.537480 11.647890 -0.960122  -0.380181 -0.889344 0.254029  0.000000 0.000000 1 0 1.000000
0  1.537480 12.250463 -0.960122  -0.380182 0.889343 0.254027  0.000000 0.000000 1 0 1.000000
0  1.275794 12.250463 -1.278987  -0.323318 0.889344 0.323316  0.000000 0.000000 1 0 1.000000
c_invasion_wrangler_laser
0  1.537480 12.250463 -0.960122  -0.380182 0.889343 0.254027  0.000000 0.000000 1 0 1.000000
0  1.971379 11.949177 -1.250043  0.831469 -0.000000 -0.555570  0.000000 0.000000 1 0 1.000000
0  1.644794 11.949177 -1.647988  0.707108 -0.000001 -0.707106  0.000000 0.000000 1 0 1.000000
c_invasion_wrangler_laser
0  1.644794 11.949177 -1.647988  0.707108 -0.000001 -0.707106  0.000000 0.000000 1 0 1.000000
0  1.275794 11.647890 -1.278987  -0.323316 -0.889344 0.323318  0.000000 0.000000 1 0 1.000000
0  0.956928 11.647890 -1.540673  -0.254028 -0.889343 0.380182  0.000000 0.000000 1 0 1.000000
c_invasion_wrangler_laser
0  1.275794 11.647890 -1.278987  -0.323316 -0.889344 0.323318  0.000000 0.000000 1 0 1.000000
0  1.275794 12.250463 -1.278987  -0.323318 0.889344 0.323316  0.000000 0.000000 1 0 1.000000
0  0.956928 12.250465 -1.540673  -0.254029 0.889344 0.380179  0.000000 0.000000 1 0 1.000000
c_invasion_wrangler_laser
0  1.275794 12.250463 -1.278987  -0.323318 0.889344 0.323316  0.000000 0.000000 1 0 1.000000
0  1.644794 11.949177 -1.647988  0.707108 -0.000001 -0.707106  0.000000 0.000000 1 0 1.000000
0  1.246850 11.949177 -1.974572  0.555571 -0.000001 -0.831469  0.000000 0.000000 1 0 1.000000
c_invasion_wrangler_laser
0  1.246850 11.949177 -1.974572  0.555571 -0.000001 -0.831469  0.000000 0.000000 1 0 1.000000
0  0.956928 11.647890 -1.540673  -0.254028 -0.889343 0.380182  0.000000 0.000000 1 0 1.000000
0  0.593138 11.647890 -1.735124  -0.174976 -0.889343 0.422435  0.000000 0.000000 1 0 1.000000
c_invasion_wrangler_laser
0  0.956928 11.647890 -1.540673  -0.254028 -0.889343 0.380182  0.000000 0.000000 1 0 1.000000
0  0.956928 12.250465 -1.540673  -0.254029 0.889344 0.380179  0.000000 0.000000 1 0 1.000000
0  0.593138 12.250465 -1.735124  -0.174980 0.889345 0.422431  0.000000 0.000000 1 0 1.000000
c_invasion_wrangler_laser
0  0.956928 12.250465 -1.540673  -0.254029 0.889344 0.380179  0.000000 0.000000 1 0 1.000000
0  1.246850 11.949177 -1.974572  0.555571 -0.000001 -0.831469  0.000000 0.000000 1 0 1.000000
0  0.792840 11.949177 -2.217246  0.382684 -0.000002 -0.923879  0.000000 0.000000 1 0 1.000000
c_invasion_wrangler_laser
0  0.792840 11.949177 -2.217246  0.382684 -0.000002 -0.923879  0.000000 0.000000 1 0 1.000000
0  0.593138 11.647890 -1.735124  -0.174976 -0.889343 0.422435  0.000000 0.000000 1 0 1.000000
0  0.198402 11.647890 -1.854865  -0.117014 -0.877338 0.465388  0.000000 0.000000 1 0 1.000000
c_invasion_wrangler_laser
0  0.593138 11.647890 -1.735124  -0.174976 -0.889343 0.422435  0.000000 0.000000 1 0 1.000000
0  0.593138 12.250465 -1.735124  -0.174980 0.889345 0.422431  0.000000 0.000000 1 0 1.000000
0  0.198402 12.250465 -1.854865  -0.119325 0.878003 0.463543  0.000000 0.000000 1 0 1.000000
c_invasion_wrangler_laser
0  0.593138 12.250465 -1.735124  -0.174980 0.889345 0.422431  0.000000 0.000000 1 0 1.000000
0  0.792840 11.949177 -2.217246  0.382684 -0.000002 -0.923879  0.000000 0.000000 1 0 1.000000
0  0.300209 11.949177 -2.366684  0.229043 0.001188 -0.973415  0.000000 0.000000 1 0 1.000000
c_invasion_wrangler_laser
0  0.300209 11.949177 -2.366684  0.229043 0.001188 -0.973415  0.000000 0.000000 1 0 1.000000
0  0.198402 11.647890 -1.854865  -0.117014 -0.877338 0.465388  0.000000 0.000000 1 0 1.000000
0  0.000000 11.647890 -1.895298  0.000000 -0.911679 0.410903  0.000000 0.000000 1 0 1.000000
c_invasion_wrangler_laser
0  0.198402 11.647890 -1.854865  -0.117014 -0.877338 0.465388  0.000000 0.000000 1 0 1.000000
0  0.198402 12.250465 -1.854865  -0.119325 0.878003 0.463543  0.000000 0.000000 1 0 1.000000
0  0.000000 12.250465 -1.895298  0.000000 0.913079 0.407783  0.000000 0.000000 1 0 1.000000
c_invasion_wrangler_laser
0  0.198402 12.250465 -1.854865  -0.119325 0.878003 0.463543  0.000000 0.000000 1 0 1.000000
0  0.300209 11.949177 -2.366684  0.229043 0.001188 -0.973415  0.000000 0.000000 1 0 1.000000
0  0.000000 11.949177 -2.417143  0.000000 0.001996 -0.999998  0.000000 0.000000 1 0 1.000000
c_invasion_wrangler_laser
0  2.413950 10.714703 0.000000  0.999998 -0.001940 0.000000  0.000000 0.000000 1 0 1.000000
0  1.892105 10.413417 0.000000  -0.409344 -0.912380 0.000000  0.000000 0.000000 1 0 1.000000
0  1.851672 10.413417 -0.201594  -0.463149 -0.878339 0.118374  0.000000 0.000000 1 0 1.000000
c_invasion_wrangler_laser
0  1.892105 10.413417 0.000000  -0.409344 -0.912380 0.000000  0.000000 0.000000 1 0 1.000000
0  1.892105 11.015989 0.000000  -0.412350 0.911026 0.000000  0.000000 0.000000 1 0 1.000000
0  1.851672 11.015989 -0.201594  -0.464931 0.877698 0.116128  0.000000 0.000000 1 0 1.000000
c_invasion_wrangler_laser
0  1.892105 11.015989 0.000000  -0.412350 0.911026 0.000000  0.000000 0.000000 1 0 1.000000
0  2.413950 10.714703 0.000000  0.999998 -0.001940 0.000000  0.000000 0.000000 1 0 1.000000
0  2.363490 10.714703 -0.303401  0.973620 -0.001155 -0.228174  0.000000 0.000000 1 0 1.000000
c_invasion_wrangler_laser
0  2.363490 10.714703 -0.303401  0.973620 -0.001155 -0.228174  0.000000 0.000000 1 0 1.000000
0  1.851672 10.413417 -0.201594  -0.463149 -0.878339 0.118374  0.000000 0.000000 1 0 1.000000
0  1.731931 10.413417 -0.596330  -0.422433 -0.889344 0.174980  0.000000 0.000000 1 0 1.000000
c_invasion_wrangler_laser
0  1.851672 10.413417 -0.201594  -0.463149 -0.878339 0.118374  0.000000 0.000000 1 0 1.000000
0  1.851672 11.015989 -0.201594  -0.464931 0.877698 0.116128  0.000000 0.000000 1 0 1.000000
0  1.731931 11.015989 -0.596330  -0.422435 0.889344 0.174975  0.000000 0.000000 1 0 1.000000
c_invasion_wrangler_laser
0  1.851672 11.015989 -0.201594  -0.464931 0.877698 0.116128  0.000000 0.000000 1 0 1.000000
0  2.363490 10.714703 -0.303401  0.973620 -0.001155 -0.228174  0.000000 0.000000 1 0 1.000000
0  2.214053 10.714703 -0.796032  0.923879 -0.000001 -0.382684  0.000000 0.000000 1 0 1.000000
c_invasion_wrangler_laser
0  2.214053 10.714703 -0.796032  0.923879 -0.000001 -0.382684  0.000000 0.000000 1 0 1.000000
0  1.731931 10.413417 -0.596330  -0.422433 -0.889344 0.174980  0.000000 0.000000 1 0 1.000000
0  1.537480 10.413417 -0.960122  -0.380181 -0.889343 0.254030  0.000000 0.000000 1 0 1.000000
c_invasion_wrangler_laser
0  1.731931 10.413417 -0.596330  -0.422433 -0.889344 0.174980  0.000000 0.000000 1 0 1.000000
0  1.731931 11.015989 -0.596330  -0.422435 0.889344 0.174975  0.000000 0.000000 1 0 1.000000
0  1.537480 11.015989 -0.960122  -0.380182 0.889344 0.254027  0.000000 0.000000 1 0 1.000000
c_invasion_wrangler_laser
0  1.731931 11.015989 -0.596330  -0.422435 0.889344 0.174975  0.000000 0.000000 1 0 1.000000
0  2.214053 10.714703 -0.796032  0.923879 -0.000001 -0.382684  0.000000 0.000000 1 0 1.000000
0  1.971379 10.714703 -1.250043  0.831469 -0.000001 -0.555571  0.000000 0.000000 1 0 1.000000
c_invasion_wrangler_laser
0  1.971379 10.714703 -1.250043  0.831469 -0.000001 -0.555571  0.000000 0.000000 1 0 1.000000
0  1.537480 10.413417 -0.960122  -0.380181 -0.889343 0.254030  0.000000 0.000000 1 0 1.000000
0  1.275794 10.413417 -1.278987  -0.323316 -0.889344 0.323318  0.000000 0.000000 1 0 1.000000
c_invasion_wrangler_laser
0  1.537480 10.413417 -0.960122  -0.380181 -0.889343 0.254030  0.000000 0.000000 1 0 1.000000
0  1.537480 11.015989 -0.960122  -0.380182 0.889344 0.254027  0.000000 0.000000 1 0 1.000000
0  1.275794 11.015989 -1.278987  -0.323317 0.889344 0.323317  0.000000 0.000000 1 0 1.000000
c_invasion_wrangler_laser
0  1.537480 11.015989 -0.960122  -0.380182 0.889344 0.254027  0.000000 0.000000 1 0 1.000000
0  1.971379 10.714703 -1.250043  0.831469 -0.000001 -0.555571  0.000000 0.000000 1 0 1.000000
0  1.644794 10.714703 -1.647988  0.707107 -0.000001 -0.707106  0.000000 0.000000 1 0 1.000000
c_invasion_wrangler_laser
0  1.644794 10.714703 -1.647988  0.707107 -0.000001 -0.707106  0.000000 0.000000 1 0 1.000000
0  1.275794 10.413417 -1.278987  -0.323316 -0.889344 0.323318  0.000000 0.000000 1 0 1.000000
0  0.956928 10.413417 -1.540673  -0.254027 -0.889343 0.380183  0.000000 0.000000 1 0 1.000000
c_invasion_wrangler_laser
0  1.275794 10.413417 -1.278987  -0.323316 -0.889344 0.323318  0.000000 0.000000 1 0 1.000000
0  1.275794 11.015989 -1.278987  -0.323317 0.889344 0.323317  0.000000 0.000000 1 0 1.000000
0  0.956928 11.015992 -1.540673  -0.254028 0.889345 0.380178  0.000000 0.000000 1 0 1.000000
c_invasion_wrangler_laser
0  1.275794 11.015989 -1.278987  -0.323317 0.889344 0.323317  0.000000 0.000000 1 0 1.000000
0  1.644794 10.714703 -1.647988  0.707107 -0.000001 -0.707106  0.000000 0.000000 1 0 1.000000
0  1.246850 10.714703 -1.974572  0.555571 -0.000002 -0.831469  0.000000 0.000000 1 0 1.000000
c_invasion_wrangler_laser
0  1.246850 10.714703 -1.974572  0.555571 -0.000002 -0.831469  0.000000 0.000000 1 0 1.000000
0  0.956928 10.413417 -1.540673  -0.254027 -0.889343 0.380183  0.000000 0.000000 1 0 1.000000
0  0.593138 10.413417 -1.735124  -0.174976 -0.889343 0.422436  0.000000 0.000000 1 0 1.000000
c_invasion_wrangler_laser
0  0.956928 10.413417 -1.540673  -0.254027 -0.889343 0.380183  0.000000 0.000000 1 0 1.000000
0  0.956928 11.015992 -1.540673  -0.254028 0.889345 0.380178  0.000000 0.000000 1 0 1.000000
0  0.593138 11.015992 -1.735124  -0.174979 0.889345 0.422431  0.000000 0.000000 1 0 1.000000
c_invasion_wrangler_laser
0  0.956928 11.015992 -1.540673  -0.254028 0.889345 0.380178  0.000000 0.000000 1 0 1.000000
0  1.246850 10.714703 -1.974572  0.555571 -0.000002 -0.831469  0.000000 0.000000 1 0 1.000000
0  0.792840 10.714703 -2.217246  0.382684 -0.000003 -0.923879  0.000000 0.000000 1 0 1.000000
c_invasion_wrangler_laser
0  0.792840 10.714703 -2.217246  0.382684 -0.000003 -0.923879  0.000000 0.000000 1 0 1.000000
0  0.593138 10.413417 -1.735124  -0.174976 -0.889343 0.422436  0.000000 0.000000 1 0 1.000000
0  0.198402 10.413417 -1.854865  -0.117014 -0.877338 0.465389  0.000000 0.000000 1 0 1.000000
c_invasion_wrangler_laser
0  0.593138 10.413417 -1.735124  -0.174976 -0.889343 0.422436  0.000000 0.000000 1 0 1.000000
0  0.593138 11.015992 -1.735124  -0.174979 0.889345 0.422431  0.000000 0.000000 1 0 1.000000
0  0.198402 11.015992 -1.854865  -0.119325 0.878003 0.463543  0.000000 0.000000 1 0 1.000000
c_invasion_wrangler_laser
0  0.593138 11.015992 -1.735124  -0.174979 0.889345 0.422431  0.000000 0.000000 1 0 1.000000
0  0.792840 10.714703 -2.217246  0.382684 -0.000003 -0.923879  0.000000 0.000000 1 0 1.000000
0  0.300209 10.714703 -2.366684  0.229044 0.001187 -0.973415  0.000000 0.000000 1 0 1.000000
c_invasion_wrangler_laser
0  0.300209 10.714703 -2.366684  0.229044 0.001187 -0.973415  0.000000 0.000000 1 0 1.000000
0  0.198402 10.413417 -1.854865  -0.117014 -0.877338 0.465389  0.000000 0.000000 1 0 1.000000
0  0.000000 10.413417 -1.895298  0.000000 -0.911679 0.410904  0.000000 0.000000 1 0 1.000000
c_invasion_wrangler_laser
0  0.198402 10.413417 -1.854865  -0.117014 -0.877338 0.465389  0.000000 0.000000 1 0 1.000000
0  0.198402 11.015992 -1.854865  -0.119325 0.878003 0.463543  0.000000 0.000000 1 0 1.000000
0  0.000000 11.015992 -1.895298  0.000000 0.913079 0.407783  0.000000 0.000000 1 0 1.000000
c_invasion_wrangler_laser
0  0.198402 11.015992 -1.854865  -0.119325 0.878003 0.463543  0.000000 0.000000 1 0 1.000000
0  0.300209 10.714703 -2.366684  0.229044 0.001187 -0.973415  0.000000 0.000000 1 0 1.000000
0  0.000000 10.714703 -2.417143  0.000000 0.001996 -0.999998  0.000000 0.000000 1 0 1.000000
c_invasion_wrangler_laser
0  2.413950 13.183650 0.000000  0.999998 -0.001939 0.000000  0.000000 0.000000 1 0 1.000000
0  1.892105 12.882363 0.000000  -0.409343 -0.912380 0.000000  0.000000 0.000000 1 0 1.000000
0  1.851672 12.882363 -0.201594  -0.463149 -0.878340 0.118374  0.000000 0.000000 1 0 1.000000
c_invasion_wrangler_laser
0  1.892105 12.882363 0.000000  -0.409343 -0.912380 0.000000  0.000000 0.000000 1 0 1.000000
0  1.892105 13.484937 0.000000  -0.412349 0.911026 0.000000  0.000000 0.000000 1 0 1.000000
0  1.851672 13.484937 -0.201594  -0.464931 0.877698 0.116130  0.000000 0.000000 1 0 1.000000
c_invasion_wrangler_laser
0  1.892105 13.484937 0.000000  -0.412349 0.911026 0.000000  0.000000 0.000000 1 0 1.000000
0  2.413950 13.183650 0.000000  0.999998 -0.001939 0.000000  0.000000 0.000000 1 0 1.000000
0  2.363490 13.183650 -0.303401  0.973619 -0.001154 -0.228176  0.000000 0.000000 1 0 1.000000
c_invasion_wrangler_laser
0  2.363490 13.183650 -0.303401  0.973619 -0.001154 -0.228176  0.000000 0.000000 1 0 1.000000
0  1.851672 12.882363 -0.201594  -0.463149 -0.878340 0.118374  0.000000 0.000000 1 0 1.000000
0  1.731931 12.882363 -0.596330  -0.422433 -0.889344 0.174979  0.000000 0.000000 1 0 1.000000
c_invasion_wrangler_laser
0  1.851672 12.882363 -0.201594  -0.463149 -0.878340 0.118374  0.000000 0.000000 1 0 1.000000
0  1.851672 13.484937 -0.201594  -0.464931 0.877698 0.116130  0.000000 0.000000 1 0 1.000000
0  1.731931 13.484937 -0.596330  -0.422436 0.889344 0.174973  0.000000 0.000000 1 0 1.000000
c_invasion_wrangler_laser
0  1.851672 13.484937 -0.201594  -0.464931 0.877698 0.116130  0.000000 0.000000 1 0 1.000000
0  2.363490 13.183650 -0.303401  0.973619 -0.001154 -0.228176  0.000000 0.000000 1 0 1.000000
0  2.214053 13.183650 -0.796032  0.923879 0.000000 -0.382684  0.000000 0.000000 1 0 1.000000
c_invasion_wrangler_laser
0  2.214053 13.183650 -0.796032  0.923879 0.000000 -0.382684  0.000000 0.000000 1 0 1.000000
0  1.731931 12.882363 -0.596330  -0.422433 -0.889344 0.174979  0.000000 0.000000 1 0 1.000000
0  1.537480 12.882363 -0.960122  -0.380180 -0.889343 0.254032  0.000000 0.000000 1 0 1.000000
c_invasion_wrangler_laser
0  1.731931 12.882363 -0.596330  -0.422433 -0.889344 0.174979  0.000000 0.000000 1 0 1.000000
0  1.731931 13.484937 -0.596330  -0.422436 0.889344 0.174973  0.000000 0.000000 1 0 1.000000
0  1.537480 13.484937 -0.960122  -0.380183 0.889344 0.254025  0.000000 0.000000 1 0 1.000000
c_invasion_wrangler_laser
0  1.731931 13.484937 -0.596330  -0.422436 0.889344 0.174973  0.000000 0.000000 1 0 1.000000
0  2.214053 13.183650 -0.796032  0.923879 0.000000 -0.382684  0.000000 0.000000 1 0 1.000000
0  1.971379 13.183650 -1.250043  0.831470 0.000000 -0.555570  0.000000 0.000000 1 0 1.000000
c_invasion_wrangler_laser
0  1.971379 13.183650 -1.250043  0.831470 0.000000 -0.555570  0.000000 0.000000 1 0 1.000000
0  1.537480 12.882363 -0.960122  -0.380180 -0.889343 0.254032  0.000000 0.000000 1 0 1.000000
0  1.275794 12.882363 -1.278987  -0.323315 -0.889343 0.323320  0.000000 0.000000 1 0 1.000000
c_invasion_wrangler_laser
0  1.537480 12.882363 -0.960122  -0.380180 -0.889343 0.254032  0.000000 0.000000 1 0 1.000000
0  1.537480 13.484937 -0.960122  -0.380183 0.889344 0.254025  0.000000 0.000000 1 0 1.000000
0  1.275794 13.484937 -1.278987  -0.323318 0.889344 0.323315  0.000000 0.000000 1 0 1.000000
c_invasion_wrangler_laser
0  1.537480 13.484937 -0.960122  -0.380183 0.889344 0.254025  0.000000 0.000000 1 0 1.000000
0  1.971379 13.183650 -1.250043  0.831470 0.000000 -0.555570  0.000000 0.000000 1 0 1.000000
0  1.644794 13.183650 -1.647988  0.707106 0.000000 -0.707107  0.000000 0.000000 1 0 1.000000
c_invasion_wrangler_laser
0  1.644794 13.183650 -1.647988  0.707106 0.000000 -0.707107  0.000000 0.000000 1 0 1.000000
0  1.275794 12.882363 -1.278987  -0.323315 -0.889343 0.323320  0.000000 0.000000 1 0 1.000000
0  0.956928 12.882363 -1.540673  -0.254027 -0.889343 0.380182  0.000000 0.000000 1 0 1.000000
c_invasion_wrangler_laser
0  1.275794 12.882363 -1.278987  -0.323315 -0.889343 0.323320  0.000000 0.000000 1 0 1.000000
0  1.275794 13.484937 -1.278987  -0.323318 0.889344 0.323315  0.000000 0.000000 1 0 1.000000
0  0.956928 13.484939 -1.540673  -0.254029 0.889344 0.380180  0.000000 0.000000 1 0 1.000000
c_invasion_wrangler_laser
0  1.275794 13.484937 -1.278987  -0.323318 0.889344 0.323315  0.000000 0.000000 1 0 1.000000
0  1.644794 13.183650 -1.647988  0.707106 0.000000 -0.707107  0.000000 0.000000 1 0 1.000000
0  1.246850 13.183650 -1.974572  0.555571 -0.000001 -0.831469  0.000000 0.000000 1 0 1.000000
c_invasion_wrangler_laser
0  1.246850 13.183650 -1.974572  0.555571 -0.000001 -0.831469  0.000000 0.000000 1 0 1.000000
0  0.956928 12.882363 -1.540673  -0.254027 -0.889343 0.380182  0.000000 0.000000 1 0 1.000000
0  0.593138 12.882363 -1.735124  -0.174976 -0.889344 0.422435  0.000000 0.000000 1 0 1.000000
c_invasion_wrangler_laser
0  0.956928 12.882363 -1.540673  -0.254027 -0.889343 0.380182  0.000000 0.000000 1 0 1.000000
0  0.956928 13.484939 -1.540673  -0.254029 0.889344 0.380180  0.000000 0.000000 1 0 1.000000
0  0.593138 13.484939 -1.735124  -0.174980 0.889344 0.422433  0.000000 0.000000 1 0 1.000000
c_invasion_wrangler_laser
0  0.956928 13.484939 -1.540673  -0.254029 0.889344 0.380180  0.000000 0.000000 1 0 1.000000
0  1.246850 13.183650 -1.974572  0.555571 -0.000001 -0.831469  0.000000 0.000000 1 0 1.000000
0  0.792840 13.183650 -2.217246  0.382684 -0.000001 -0.923879  0.000000 0.000000 1 0 1.000000
c_invasion_wrangler_laser
0  0.792840 13.183650 -2.217246  0.382684 -0.000001 -0.923879  0.000000 0.000000 1 0 1.000000
0  0.593138 12.882363 -1.735124  -0.174976 -0.889344 0.422435  0.000000 0.000000 1 0 1.000000
0  0.198402 12.882363 -1.854865  -0.117014 -0.877338 0.465388  0.000000 0.000000 1 0 1.000000
c_invasion_wrangler_laser
0  0.593138 12.882363 -1.735124  -0.174976 -0.889344 0.422435  0.000000 0.000000 1 0 1.000000
0  0.593138 13.484939 -1.735124  -0.174980 0.889344 0.422433  0.000000 0.000000 1 0 1.000000
0  0.198402 13.484939 -1.854865  -0.119325 0.878003 0.463544  0.000000 0.000000 1 0 1.000000
c_invasion_wrangler_laser
0  0.593138 13.484939 -1.735124  -0.174980 0.889344 0.422433  0.000000 0.000000 1 0 1.000000
0  0.792840 13.183650 -2.217246  0.382684 -0.000001 -0.923879  0.000000 0.000000 1 0 1.000000
0  0.300209 13.183650 -2.366684  0.229043 0.001189 -0.973415  0.000000 0.000000 1 0 1.000000
c_invasion_wrangler_laser
0  0.300209 13.183650 -2.366684  0.229043 0.001189 -0.973415  0.000000 0.000000 1 0 1.000000
0  0.198402 12.882363 -1.854865  -0.117014 -0.877338 0.465388  0.000000 0.000000 1 0 1.000000
0  0.000000 12.882363 -1.895298  0.000000 -0.911679 0.410903  0.000000 0.000000 1 0 1.000000
c_invasion_wrangler_laser
0  0.198402 12.882363 -1.854865  -0.117014 -0.877338 0.465388  0.000000 0.000000 1 0 1.000000
0  0.198402 13.484939 -1.854865  -0.119325 0.878003 0.463544  0.000000 0.000000 1 0 1.000000
0  0.000000 13.484939 -1.895298  0.000000 0.913079 0.407783  0.000000 0.000000 1 0 1.000000
c_invasion_wrangler_laser
0  0.198402 13.484939 -1.854865  -0.119325 0.878003 0.463544  0.000000 0.000000 1 0 1.000000
0  0.300209 13.183650 -2.366684  0.229043 0.001189 -0.973415  0.000000 0.000000 1 0 1.000000
0  0.000000 13.183650 -2.417143  0.000000 0.001996 -0.999998  0.000000 0.000000 1 0 1.000000
c_invasion_wrangler_laser
0  0.198402 9.781521 -1.854865  -0.119325 0.878003 0.463544  0.000000 0.000000 1 0 1.000000
0  0.300209 9.480232 -2.366684  0.229043 0.001189 -0.973415  0.000000 0.000000 1 0 1.000000
0  0.000000 9.480232 -2.417143  0.000000 0.001998 -0.999998  0.000000 0.000000 1 0 1.000000
c_invasion_wrangler_laser
0  0.198402 9.178946 -1.854865  -0.117014 -0.877338 0.465388  0.000000 0.000000 1 0 1.000000
0  0.198402 9.781521 -1.854865  -0.119325 0.878003 0.463544  0.000000 0.000000 1 0 1.000000
0  0.000000 9.781521 -1.895298  0.000000 0.913079 0.407783  0.000000 0.000000 1 0 1.000000
c_invasion_wrangler_laser
0  0.300209 9.480232 -2.366684  0.229043 0.001189 -0.973415  0.000000 0.000000 1 0 1.000000
0  0.198402 9.178946 -1.854865  -0.117014 -0.877338 0.465388  0.000000 0.000000 1 0 1.000000
0  0.000000 9.178946 -1.895298  0.000000 -0.911679 0.410904  0.000000 0.000000 1 0 1.000000
c_invasion_wrangler_laser
0  0.593138 9.781521 -1.735124  -0.174980 0.889345 0.422431  0.000000 0.000000 1 0 1.000000
0  0.792840 9.480232 -2.217246  0.382683 -0.000002 -0.923880  0.000000 0.000000 1 0 1.000000
0  0.300209 9.480232 -2.366684  0.229043 0.001189 -0.973415  0.000000 0.000000 1 0 1.000000
c_invasion_wrangler_laser
0  0.593138 9.178946 -1.735124  -0.174976 -0.889344 0.422435  0.000000 0.000000 1 0 1.000000
0  0.593138 9.781521 -1.735124  -0.174980 0.889345 0.422431  0.000000 0.000000 1 0 1.000000
0  0.198402 9.781521 -1.854865  -0.119325 0.878003 0.463544  0.000000 0.000000 1 0 1.000000
c_invasion_wrangler_laser
0  0.792840 9.480232 -2.217246  0.382683 -0.000002 -0.923880  0.000000 0.000000 1 0 1.000000
0  0.593138 9.178946 -1.735124  -0.174976 -0.889344 0.422435  0.000000 0.000000 1 0 1.000000
0  0.198402 9.178946 -1.854865  -0.117014 -0.877338 0.465388  0.000000 0.000000 1 0 1.000000
c_invasion_wrangler_laser
0  0.956928 9.781521 -1.540673  -0.254028 0.889344 0.380180  0.000000 0.000000 1 0 1.000000
0  1.246850 9.480232 -1.974572  0.555572 -0.000001 -0.831468  0.000000 0.000000 1 0 1.000000
0  0.792840 9.480232 -2.217246  0.382683 -0.000002 -0.923880  0.000000 0.000000 1 0 1.000000
c_invasion_wrangler_laser
0  0.956928 9.178946 -1.540673  -0.254027 -0.889343 0.380183  0.000000 0.000000 1 0 1.000000
0  0.956928 9.781521 -1.540673  -0.254028 0.889344 0.380180  0.000000 0.000000 1 0 1.000000
0  0.593138 9.781521 -1.735124  -0.174980 0.889345 0.422431  0.000000 0.000000 1 0 1.000000
c_invasion_wrangler_laser
0  1.246850 9.480232 -1.974572  0.555572 -0.000001 -0.831468  0.000000 0.000000 1 0 1.000000
0  0.956928 9.178946 -1.540673  -0.254027 -0.889343 0.380183  0.000000 0.000000 1 0 1.000000
0  0.593138 9.178946 -1.735124  -0.174976 -0.889344 0.422435  0.000000 0.000000 1 0 1.000000
c_invasion_wrangler_laser
0  1.275794 9.781518 -1.278987  -0.323318 0.889343 0.323317  0.000000 0.000000 1 0 1.000000
0  1.644794 9.480232 -1.647988  0.707107 0.000001 -0.707106  0.000000 0.000000 1 0 1.000000
0  1.246850 9.480232 -1.974572  0.555572 -0.000001 -0.831468  0.000000 0.000000 1 0 1.000000
c_invasion_wrangler_laser
0  1.275794 9.178946 -1.278987  -0.323315 -0.889344 0.323319  0.000000 0.000000 1 0 1.000000
0  1.275794 9.781518 -1.278987  -0.323318 0.889343 0.323317  0.000000 0.000000 1 0 1.000000
0  0.956928 9.781521 -1.540673  -0.254028 0.889344 0.380180  0.000000 0.000000 1 0 1.000000
c_invasion_wrangler_laser
0  1.644794 9.480232 -1.647988  0.707107 0.000001 -0.707106  0.000000 0.000000 1 0 1.000000
0  1.275794 9.178946 -1.278987  -0.323315 -0.889344 0.323319  0.000000 0.000000 1 0 1.000000
0  0.956928 9.178946 -1.540673  -0.254027 -0.889343 0.380183  0.000000 0.000000 1 0 1.000000
c_invasion_wrangler_laser
0  1.537480 9.781518 -0.960122  -0.380183 0.889343 0.254027  0.000000 0.000000 1 0 1.000000
0  1.971379 9.480232 -1.250043  0.831470 0.000001 -0.555569  0.000000 0.000000 1 0 1.000000
0  1.644794 9.480232 -1.647988  0.707107 0.000001 -0.707106  0.000000 0.000000 1 0 1.000000
c_invasion_wrangler_laser
0  1.537480 9.178946 -0.960122  -0.380179 -0.889343 0.254032  0.000000 0.000000 1 0 1.000000
0  1.537480 9.781518 -0.960122  -0.380183 0.889343 0.254027  0.000000 0.000000 1 0 1.000000
0  1.275794 9.781518 -1.278987  -0.323318 0.889343 0.323317  0.000000 0.000000 1 0 1.000000
c_invasion_wrangler_laser
0  1.971379 9.480232 -1.250043  0.831470 0.000001 -0.555569  0.000000 0.000000 1 0 1.000000
0  1.537480 9.178946 -0.960122  -0.380179 -0.889343 0.254032  0.000000 0.000000 1 0 1.000000
0  1.275794 9.178946 -1.278987  -0.323315 -0.889344 0.323319  0.000000 0.000000 1 0 1.000000
c_invasion_wrangler_laser
0  1.731931 9.781518 -0.596330  -0.422436 0.889343 0.174975  0.000000 0.000000 1 0 1.000000
0  2.214053 9.480232 -0.796032  0.923880 0.000000 -0.382681  0.000000 0.000000 1 0 1.000000
0  1.971379 9.480232 -1.250043  0.831470 0.000001 -0.555569  0.000000 0.000000 1 0 1.000000
c_invasion_wrangler_laser
0  1.731931 9.178946 -0.596330  -0.422433 -0.889344 0.174981  0.000000 0.000000 1 0 1.000000
0  1.731931 9.781518 -0.596330  -0.422436 0.889343 0.174975  0.000000 0.000000 1 0 1.000000
0  1.537480 9.781518 -0.960122  -0.380183 0.889343 0.254027  0.000000 0.000000 1 0 1.000000
c_invasion_wrangler_laser
0  2.214053 9.480232 -0.796032  0.923880 0.000000 -0.382681  0.000000 0.000000 1 0 1.000000
0  1.731931 9.178946 -0.596330  -0.422433 -0.889344 0.174981  0.000000 0.000000 1 0 1.000000
0  1.537480 9.178946 -0.960122  -0.380179 -0.889343 0.254032  0.000000 0.000000 1 0 1.000000
c_invasion_wrangler_laser
0  1.851672 9.781518 -0.201594  -0.464932 0.877697 0.116127  0.000000 0.000000 1 0 1.000000
0  2.363490 9.480232 -0.303401  0.973620 -0.001153 -0.228174  0.000000 0.000000 1 0 1.000000
0  2.214053 9.480232 -0.796032  0.923880 0.000000 -0.382681  0.000000 0.000000 1 0 1.000000
c_invasion_wrangler_laser
0  1.851672 9.178946 -0.201594  -0.463149 -0.878340 0.118375  0.000000 0.000000 1 0 1.000000
0  1.851672 9.781518 -0.201594  -0.464932 0.877697 0.116127  0.000000 0.000000 1 0 1.000000
0  1.731931 9.781518 -0.596330  -0.422436 0.889343 0.174975  0.000000 0.000000 1 0 1.000000
c_invasion_wrangler_laser
0  2.363490 9.480232 -0.303401  0.973620 -0.001153 -0.228174  0.000000 0.000000 1 0 1.000000
0  1.851672 9.178946 -0.201594  -0.463149 -0.878340 0.118375  0.000000 0.000000 1 0 1.000000
0  1.731931 9.178946 -0.596330  -0.422433 -0.889344 0.174981  0.000000 0.000000 1 0 1.000000
c_invasion_wrangler_laser
0  1.892105 9.781518 0.000000  -0.412351 0.911025 0.000000  0.000000 0.000000 1 0 1.000000
0  2.413950 9.480232 0.000000  0.999998 -0.001939 -0.000000  0.000000 0.000000 1 0 1.000000
0  2.363490 9.480232 -0.303401  0.973620 -0.001153 -0.228174  0.000000 0.000000 1 0 1.000000
c_invasion_wrangler_laser
0  1.892105 9.178946 0.000000  -0.409343 -0.912381 0.000000  0.000000 0.000000 1 0 1.000000
0  1.892105 9.781518 0.000000  -0.412351 0.911025 0.000000  0.000000 0.000000 1 0 1.000000
0  1.851672 9.781518 -0.201594  -0.464932 0.877697 0.116127  0.000000 0.000000 1 0 1.000000
c_invasion_wrangler_laser
0  2.413950 9.480232 0.000000  0.999998 -0.001939 -0.000000  0.000000 0.000000 1 0 1.000000
0  1.892105 9.178946 0.000000  -0.409343 -0.912381 0.000000  0.000000 0.000000 1 0 1.000000
0  1.851672 9.178946 -0.201594  -0.463149 -0.878340 0.118375  0.000000 0.000000 1 0 1.000000
c_invasion_wrangler_laser
0  2.413950 14.418124 0.000000  0.999998 -0.001939 0.000000  0.000000 0.000000 1 0 1.000000
0  1.892105 14.116838 0.000000  -0.409342 -0.912381 0.000000  0.000000 0.000000 1 0 1.000000
0  1.851672 14.116838 -0.201594  -0.463148 -0.878340 0.118377  0.000000 0.000000 1 0 1.000000
c_invasion_wrangler_laser
0  1.892105 14.116838 0.000000  -0.409342 -0.912381 0.000000  0.000000 0.000000 1 0 1.000000
0  1.892105 14.719410 0.000000  -0.412350 0.911025 0.000000  0.000000 0.000000 1 0 1.000000
0  1.851672 14.719410 -0.201594  -0.464932 0.877697 0.116131  0.000000 0.000000 1 0 1.000000
c_invasion_wrangler_laser
0  1.892105 14.719410 0.000000  -0.412350 0.911025 0.000000  0.000000 0.000000 1 0 1.000000
0  2.413950 14.418124 0.000000  0.999998 -0.001939 0.000000  0.000000 0.000000 1 0 1.000000
0  2.363490 14.418124 -0.303401  0.973619 -0.001153 -0.228178  0.000000 0.000000 1 0 1.000000
c_invasion_wrangler_laser
0  2.363490 14.418124 -0.303401  0.973619 -0.001153 -0.228178  0.000000 0.000000 1 0 1.000000
0  1.851672 14.116838 -0.201594  -0.463148 -0.878340 0.118377  0.000000 0.000000 1 0 1.000000
0  1.731931 14.116838 -0.596330  -0.422433 -0.889344 0.174981  0.000000 0.000000 1 0 1.000000
c_invasion_wrangler_laser
0  1.851672 14.116838 -0.201594  -0.463148 -0.878340 0.118377  0.000000 0.000000 1 0 1.000000
0  1.851672 14.719410 -0.201594  -0.464932 0.877697 0.116131  0.000000 0.000000 1 0 1.000000
0  1.731931 14.719410 -0.596330  -0.422435 0.889343 0.174977  0.000000 0.000000 1 0 1.000000
c_invasion_wrangler_laser
0  1.851672 14.719410 -0.201594  -0.464932 0.877697 0.116131  0.000000 0.000000 1 0 1.000000
0  2.363490 14.418124 -0.303401  0.973619 -0.001153 -0.228178  0.000000 0.000000 1 0 1.000000
0  2.214053 14.418124 -0.796032  0.923879 0.000001 -0.382685  0.000000 0.000000 1 0 1.000000
c_invasion_wrangler_laser
0  2.214053 14.418124 -0.796032  0.923879 0.000001 -0.382685  0.000000 0.000000 1 0 1.000000
0  1.731931 14.116838 -0.596330  -0.422433 -0.889344 0.174981  0.000000 0.000000 1 0 1.000000
0  1.537480 14.116838 -0.960122  -0.380180 -0.889344 0.254030  0.000000 0.000000 1 0 1.000000
c_invasion_wrangler_laser
0  1.731931 14.116838 -0.596330  -0.422433 -0.889344 0.174981  0.000000 0.000000 1 0 1.000000
0  1.731931 14.719410 -0.596330  -0.422435 0.889343 0.174977  0.000000 0.000000 1 0 1.000000
0  1.537480 14.719410 -0.960122  -0.380183 0.889343 0.254029  0.000000 0.000000 1 0 1.000000
c_invasion_wrangler_laser
0  1.731931 14.719410 -0.596330  -0.422435 0.889343 0.174977  0.000000 0.000000 1 0 1.000000
0  2.214053 14.418124 -0.796032  0.923879 0.000001 -0.382685  0.000000 0.000000 1 0 1.000000
0  1.971379 14.418124 -1.250043  0.831469 0.000001 -0.555572  0.000000 0.000000 1 0 1.000000
c_invasion_wrangler_laser
0  1.971379 14.418124 -1.250043  0.831469 0.000001 -0.555572  0.000000 0.000000 1 0 1.000000
0  1.537480 14.116838 -0.960122  -0.380180 -0.889344 0.254030  0.000000 0.000000 1 0 1.000000
0  1.275794 14.116838 -1.278987  -0.323315 -0.889343 0.323320  0.000000 0.000000 1 0 1.000000
c_invasion_wrangler_laser
0  1.537480 14.116838 -0.960122  -0.380180 -0.889344 0.254030  0.000000 0.000000 1 0 1.000000
0  1.537480 14.719410 -0.960122  -0.380183 0.889343 0.254029  0.000000 0.000000 1 0 1.000000
0  1.275794 14.719410 -1.278987  -0.323317 0.889344 0.323317  0.000000 0.000000 1 0 1.000000
c_invasion_wrangler_laser
0  1.537480 14.719410 -0.960122  -0.380183 0.889343 0.254029  0.000000 0.000000 1 0 1.000000
0  1.971379 14.418124 -1.250043  0.831469 0.000001 -0.555572  0.000000 0.000000 1 0 1.000000
0  1.644794 14.418124 -1.647988  0.707107 -0.000000 -0.707107  0.000000 0.000000 1 0 1.000000
c_invasion_wrangler_laser
0  1.644794 14.418124 -1.647988  0.707107 -0.000000 -0.707107  0.000000 0.000000 1 0 1.000000
0  1.275794 14.116838 -1.278987  -0.323315 -0.889343 0.323320  0.000000 0.000000 1 0 1.000000
0  0.956928 14.116838 -1.540673  -0.254028 -0.889343 0.380182  0.000000 0.000000 1 0 1.000000
c_invasion_wrangler_laser
0  1.275794 14.116838 -1.278987  -0.323315 -0.889343 0.323320  0.000000 0.000000 1 0 1.000000
0  1.275794 14.719410 -1.278987  -0.323317 0.889344 0.323317  0.000000 0.000000 1 0 1.000000
0  0.956928 14.719413 -1.540673  -0.254027 0.889344 0.380179  0.000000 0.000000 1 0 1.000000
c_invasion_wrangler_laser
0  1.275794 14.719410 -1.278987  -0.323317 0.889344 0.323317  0.000000 0.000000 1 0 1.000000
0  1.644794 14.418124 -1.647988  0.707107 -0.000000 -0.707107  0.000000 0.000000 1 0 1.000000
0  1.246850 14.418124 -1.974572  0.555571 -0.000001 -0.831469  0.000000 0.000000 1 0 1.000000
c_invasion_wrangler_laser
0  1.246850 14.418124 -1.974572  0.555571 -0.000001 -0.831469  0.000000 0.000000 1 0 1.000000
0  0.956928 14.116838 -1.540673  -0.254028 -0.889343 0.380182  0.000000 0.000000 1 0 1.000000
0  0.593138 14.116838 -1.735124  -0.174977 -0.889344 0.422433  0.000000 0.000000 1 0 1.000000
c_invasion_wrangler_laser
0  0.956928 14.116838 -1.540673  -0.254028 -0.889343 0.380182  0.000000 0.000000 1 0 1.000000
0  0.956928 14.719413 -1.540673  -0.254027 0.889344 0.380179  0.000000 0.000000 1 0 1.000000
0  0.593138 14.719413 -1.735124  -0.174980 0.889344 0.422432  0.000000 0.000000 1 0 1.000000
c_invasion_wrangler_laser
0  0.956928 14.719413 -1.540673  -0.254027 0.889344 0.380179  0.000000 0.000000 1 0 1.000000
0  1.246850 14.418124 -1.974572  0.555571 -0.000001 -0.831469  0.000000 0.000000 1 0 1.000000
0  0.792840 14.418124 -2.217246  0.382684 -0.000002 -0.923879  0.000000 0.000000 1 0 1.000000
c_invasion_wrangler_laser
0  0.792840 14.418124 -2.217246  0.382684 -0.000002 -0.923879  0.000000 0.000000 1 0 1.000000
0  0.593138 14.116838 -1.735124  -0.174977 -0.889344 0.422433  0.000000 0.000000 1 0 1.000000
0  0.198402 14.116838 -1.854865  -0.117014 -0.877338 0.465387  0.000000 0.000000 1 0 1.000000
c_invasion_wrangler_laser
0  0.593138 14.116838 -1.735124  -0.174977 -0.889344 0.422433  0.000000 0.000000 1 0 1.000000
0  0.593138 14.719413 -1.735124  -0.174980 0.889344 0.422432  0.000000 0.000000 1 0 1.000000
0  0.198402 14.719413 -1.854865  -0.119325 0.878003 0.463544  0.000000 0.000000 1 0 1.000000
c_invasion_wrangler_laser
0  0.593138 14.719413 -1.735124  -0.174980 0.889344 0.422432  0.000000 0.000000 1 0 1.000000
0  0.792840 14.418124 -2.217246  0.382684 -0.000002 -0.923879  0.000000 0.000000 1 0 1.000000
0  0.300209 14.418124 -2.366684  0.229044 0.001187 -0.973415  0.000000 0.000000 1 0 1.000000
c_invasion_wrangler_laser
0  0.300209 14.418124 -2.366684  0.229044 0.001187 -0.973415  0.000000 0.000000 1 0 1.000000
0  0.198402 14.116838 -1.854865  -0.117014 -0.877338 0.465387  0.000000 0.000000 1 0 1.000000
0  0.000000 14.116838 -1.895298  -0.000000 -0.911679 0.410902  0.000000 0.000000 1 0 1.000000
c_invasion_wrangler_laser
0  0.198402 14.116838 -1.854865  -0.117014 -0.877338 0.465387  0.000000 0.000000 1 0 1.000000
0  0.198402 14.719413 -1.854865  -0.119325 0.878003 0.463544  0.000000 0.000000 1 0 1.000000
0  0.000000 14.719413 -1.895298  0.000000 0.913079 0.407783  0.000000 0.000000 1 0 1.000000
c_invasion_wrangler_laser
0  0.198402 14.719413 -1.854865  -0.119325 0.878003 0.463544  0.000000 0.000000 1 0 1.000000
0  0.300209 14.418124 -2.366684  0.229044 0.001187 -0.973415  0.000000 0.000000 1 0 1.000000
0  0.000000 14.418124 -2.417143  0.000000 0.001995 -0.999998  0.000000 0.000000 1 0 1.000000
c_invasion_wrangler_laser
0  6.395136 21.776711 -0.398517  -0.682033 0.241368 -0.690342  0.000000 0.000000 1 0 1.000000
0  6.395136 21.776711 0.000000  -0.970026 0.243000 0.000000  0.000000 0.000000 1 0 1.000000
0  7.269933 22.361233 0.000000  0.431822 0.901959 0.000000  0.000000 0.000000 1 0 1.000000
c_invasion_wrangler_laser
0  0.198402 8.547047 -1.854865  -0.119324 0.878003 0.463544  0.000000 0.000000 1 0 1.000000
0  0.300209 8.245758 -2.366684  0.229044 0.001188 -0.973415  0.000000 0.000000 1 0 1.000000
0  0.000000 8.245758 -2.417143  0.000000 0.001997 -0.999998  0.000000 0.000000 1 0 1.000000
c_invasion_wrangler_laser
0  0.198402 7.944472 -1.854865  -0.117015 -0.877337 0.465389  0.000000 0.000000 1 0 1.000000
0  0.198402 8.547047 -1.854865  -0.119324 0.878003 0.463544  0.000000 0.000000 1 0 1.000000
0  0.000000 8.547047 -1.895298  0.000000 0.913079 0.407784  0.000000 0.000000 1 0 1.000000
c_invasion_wrangler_laser
0  0.300209 8.245758 -2.366684  0.229044 0.001188 -0.973415  0.000000 0.000000 1 0 1.000000
0  0.198402 7.944472 -1.854865  -0.117015 -0.877337 0.465389  0.000000 0.000000 1 0 1.000000
0  0.000000 7.944472 -1.895298  -0.000000 -0.911678 0.410904  0.000000 0.000000 1 0 1.000000
c_invasion_wrangler_laser
0  0.593138 8.547047 -1.735124  -0.174980 0.889345 0.422431  0.000000 0.000000 1 0 1.000000
0  0.792840 8.245758 -2.217246  0.382683 -0.000002 -0.923880  0.000000 0.000000 1 0 1.000000
0  0.300209 8.245758 -2.366684  0.229044 0.001188 -0.973415  0.000000 0.000000 1 0 1.000000
c_invasion_wrangler_laser
0  0.593138 7.944472 -1.735124  -0.174976 -0.889344 0.422435  0.000000 0.000000 1 0 1.000000
0  0.593138 8.547047 -1.735124  -0.174980 0.889345 0.422431  0.000000 0.000000 1 0 1.000000
0  0.198402 8.547047 -1.854865  -0.119324 0.878003 0.463544  0.000000 0.000000 1 0 1.000000
c_invasion_wrangler_laser
0  0.792840 8.245758 -2.217246  0.382683 -0.000002 -0.923880  0.000000 0.000000 1 0 1.000000
0  0.593138 7.944472 -1.735124  -0.174976 -0.889344 0.422435  0.000000 0.000000 1 0 1.000000
0  0.198402 7.944472 -1.854865  -0.117015 -0.877337 0.465389  0.000000 0.000000 1 0 1.000000
c_invasion_wrangler_laser
0  0.956928 8.547047 -1.540673  -0.254029 0.889344 0.380179  0.000000 0.000000 1 0 1.000000
0  1.246850 8.245758 -1.974572  0.555571 -0.000001 -0.831469  0.000000 0.000000 1 0 1.000000
0  0.792840 8.245758 -2.217246  0.382683 -0.000002 -0.923880  0.000000 0.000000 1 0 1.000000
c_invasion_wrangler_laser
0  0.956928 7.944472 -1.540673  -0.254027 -0.889343 0.380184  0.000000 0.000000 1 0 1.000000
0  0.956928 8.547047 -1.540673  -0.254029 0.889344 0.380179  0.000000 0.000000 1 0 1.000000
0  0.593138 8.547047 -1.735124  -0.174980 0.889345 0.422431  0.000000 0.000000 1 0 1.000000
c_invasion_wrangler_laser
0  1.246850 8.245758 -1.974572  0.555571 -0.000001 -0.831469  0.000000 0.000000 1 0 1.000000
0  0.956928 7.944472 -1.540673  -0.254027 -0.889343 0.380184  0.000000 0.000000 1 0 1.000000
0  0.593138 7.944472 -1.735124  -0.174976 -0.889344 0.422435  0.000000 0.000000 1 0 1.000000
c_invasion_wrangler_laser
0  1.275794 8.547045 -1.278987  -0.323318 0.889344 0.323316  0.000000 0.000000 1 0 1.000000
0  1.644794 8.245758 -1.647988  0.707106 -0.000000 -0.707107  0.000000 0.000000 1 0 1.000000
0  1.246850 8.245758 -1.974572  0.555571 -0.000001 -0.831469  0.000000 0.000000 1 0 1.000000
c_invasion_wrangler_laser
0  1.275794 7.944472 -1.278987  -0.323315 -0.889343 0.323320  0.000000 0.000000 1 0 1.000000
0  1.275794 8.547045 -1.278987  -0.323318 0.889344 0.323316  0.000000 0.000000 1 0 1.000000
0  0.956928 8.547047 -1.540673  -0.254029 0.889344 0.380179  0.000000 0.000000 1 0 1.000000
c_invasion_wrangler_laser
0  1.644794 8.245758 -1.647988  0.707106 -0.000000 -0.707107  0.000000 0.000000 1 0 1.000000
0  1.275794 7.944472 -1.278987  -0.323315 -0.889343 0.323320  0.000000 0.000000 1 0 1.000000
0  0.956928 7.944472 -1.540673  -0.254027 -0.889343 0.380184  0.000000 0.000000 1 0 1.000000
c_invasion_wrangler_laser
0  1.537480 8.547045 -0.960122  -0.380183 0.889343 0.254026  0.000000 0.000000 1 0 1.000000
0  1.971379 8.245758 -1.250043  0.831469 -0.000000 -0.555571  0.000000 0.000000 1 0 1.000000
0  1.644794 8.245758 -1.647988  0.707106 -0.000000 -0.707107  0.000000 0.000000 1 0 1.000000
c_invasion_wrangler_laser
0  1.537480 7.944472 -0.960122  -0.380180 -0.889343 0.254033  0.000000 0.000000 1 0 1.000000
0  1.537480 8.547045 -0.960122  -0.380183 0.889343 0.254026  0.000000 0.000000 1 0 1.000000
0  1.275794 8.547045 -1.278987  -0.323318 0.889344 0.323316  0.000000 0.000000 1 0 1.000000
c_invasion_wrangler_laser
0  1.971379 8.245758 -1.250043  0.831469 -0.000000 -0.555571  0.000000 0.000000 1 0 1.000000
0  1.537480 7.944472 -0.960122  -0.380180 -0.889343 0.254033  0.000000 0.000000 1 0 1.000000
0  1.275794 7.944472 -1.278987  -0.323315 -0.889343 0.323320  0.000000 0.000000 1 0 1.000000
c_invasion_wrangler_laser
0  1.731931 8.547045 -0.596330  -0.422435 0.889344 0.174976  0.000000 0.000000 1 0 1.000000
0  2.214053 8.245758 -0.796032  0.923879 -0.000000 -0.382684  0.000000 0.000000 1 0 1.000000
0  1.971379 8.245758 -1.250043  0.831469 -0.000000 -0.555571  0.000000 0.000000 1 0 1.000000
c_invasion_wrangler_laser
0  1.731931 7.944472 -0.596330  -0.422433 -0.889344 0.174981  0.000000 0.000000 1 0 1.000000
0  1.731931 8.547045 -0.596330  -0.422435 0.889344 0.174976  0.000000 0.000000 1 0 1.000000
0  1.537480 8.547045 -0.960122  -0.380183 0.889343 0.254026  0.000000 0.000000 1 0 1.000000
c_invasion_wrangler_laser
0  2.214053 8.245758 -0.796032  0.923879 -0.000000 -0.382684  0.000000 0.000000 1 0 1.000000
0  1.731931 7.944472 -0.596330  -0.422433 -0.889344 0.174981  0.000000 0.000000 1 0 1.000000
0  1.537480 7.944472 -0.960122  -0.380180 -0.889343 0.254033  0.000000 0.000000 1 0 1.000000
c_invasion_wrangler_laser
0  1.851672 8.547045 -0.201594  -0.464931 0.877697 0.116130  0.000000 0.000000 1 0 1.000000
0  2.363490 8.245758 -0.303401  0.973620 -0.001155 -0.228172  0.000000 0.000000 1 0 1.000000
0  2.214053 8.245758 -0.796032  0.923879 -0.000000 -0.382684  0.000000 0.000000 1 0 1.000000
c_invasion_wrangler_laser
0  1.851672 7.944472 -0.201594  -0.463149 -0.878339 0.118375  0.000000 0.000000 1 0 1.000000
0  1.851672 8.547045 -0.201594  -0.464931 0.877697 0.116130  0.000000 0.000000 1 0 1.000000
0  1.731931 8.547045 -0.596330  -0.422435 0.889344 0.174976  0.000000 0.000000 1 0 1.000000
c_invasion_wrangler_laser
0  2.363490 8.245758 -0.303401  0.973620 -0.001155 -0.228172  0.000000 0.000000 1 0 1.000000
0  1.851672 7.944472 -0.201594  -0.463149 -0.878339 0.118375  0.000000 0.000000 1 0 1.000000
0  1.731931 7.944472 -0.596330  -0.422433 -0.889344 0.174981  0.000000 0.000000 1 0 1.000000
c_invasion_wrangler_laser
0  1.892105 8.547045 0.000000  -0.412349 0.911026 -0.000000  0.000000 0.000000 1 0 1.000000
0  2.413950 8.245758 0.000000  0.999998 -0.001940 -0.000000  0.000000 0.000000 1 0 1.000000
0  2.363490 8.245758 -0.303401  0.973620 -0.001155 -0.228172  0.000000 0.000000 1 0 1.000000
c_invasion_wrangler_laser
0  1.892105 7.944472 0.000000  -0.409343 -0.912381 0.000000  0.000000 0.000000 1 0 1.000000
0  1.892105 8.547045 0.000000  -0.412349 0.911026 -0.000000  0.000000 0.000000 1 0 1.000000
0  1.851672 8.547045 -0.201594  -0.464931 0.877697 0.116130  0.000000 0.000000 1 0 1.000000
c_invasion_wrangler_laser
0  2.413950 8.245758 0.000000  0.999998 -0.001940 -0.000000  0.000000 0.000000 1 0 1.000000
0  1.892105 7.944472 0.000000  -0.409343 -0.912381 0.000000  0.000000 0.000000 1 0 1.000000
0  1.851672 7.944472 -0.201594  -0.463149 -0.878339 0.118375  0.000000 0.000000 1 0 1.000000
c_invasion_wrangler_laser
0  7.197533 19.131565 -0.398517  -0.522439 0.000002 -0.852677  0.000000 0.000000 1 0 1.000000
0  7.197533 19.131565 0.000000  -1.000000 -0.000002 0.000000  0.000000 0.000000 1 0 1.000000
0  7.106049 20.060417 0.000000  -0.980785 -0.195093 0.000000  0.000000 0.000000 1 0 1.000000
c_invasion_wrangler_laser
0  8.137940 20.265675 0.000000  0.985546 0.169405 -0.000000  0.000000 0.000000 1 0 1.000000
0  7.106049 20.060417 -0.398517  -0.521169 -0.103665 -0.847134  0.000000 0.000000 1 0 1.000000
0  6.835113 20.953573 -0.398517  -0.490909 -0.203341 -0.847149  0.000000 0.000000 1 0 1.000000
c_invasion_wrangler_laser
0  7.106049 20.060417 -0.398517  -0.521169 -0.103665 -0.847134  0.000000 0.000000 1 0 1.000000
0  7.106049 20.060417 0.000000  -0.980785 -0.195093 0.000000  0.000000 0.000000 1 0 1.000000
0  6.835113 20.953573 0.000000  -0.923878 -0.382686 0.000000  0.000000 0.000000 1 0 1.000000
c_invasion_wrangler_laser
0  7.807134 21.356197 0.000000  0.923879 0.382684 0.000000  0.000000 0.000000 1 0 1.000000
0  6.835113 20.953573 -0.398517  -0.490909 -0.203341 -0.847149  0.000000 0.000000 1 0 1.000000
0  6.395136 21.776711 -0.398517  -0.682033 0.241368 -0.690342  0.000000 0.000000 1 0 1.000000
c_invasion_wrangler_laser
0  6.835113 20.953573 -0.398517  -0.490909 -0.203341 -0.847149  0.000000 0.000000 1 0 1.000000
0  6.835113 20.953573 0.000000  -0.923878 -0.382686 0.000000  0.000000 0.000000 1 0 1.000000
0  6.395136 21.776711 0.000000  -0.970026 0.243000 0.000000  0.000000 0.000000 1 0 1.000000
c_invasion_wrangler_laser
0  2.436395 13.318319 0.000000  -0.510034 -0.860154 0.000000  0.000000 0.000000 1 0 1.000000
0  2.436395 14.370426 -0.398517  -0.579632 0.432997 -0.690319  0.000000 0.000000 1 0 1.000000
0  3.365245 14.461910 -0.398517  -0.103662 0.521146 -0.847149  0.000000 0.000000 1 0 1.000000
c_invasion_wrangler_laser
0  2.436395 14.370426 -0.398517  -0.579632 0.432997 -0.690319  0.000000 0.000000 1 0 1.000000
0  2.436395 14.370426 0.000000  -0.740951 0.671559 0.000000  0.000000 0.000000 1 0 1.000000
0  3.365245 14.461910 0.000000  -0.195093 0.980785 0.000000  0.000000 0.000000 1 0 1.000000
c_invasion_wrangler_laser
0  3.570500 13.430017 0.000000  0.195091 -0.980785 0.000000  0.000000 0.000000 1 0 1.000000
0  3.365245 14.461910 -0.398517  -0.103662 0.521146 -0.847149  0.000000 0.000000 1 0 1.000000
0  4.258405 14.732848 -0.398517  -0.203341 0.490909 -0.847148  0.000000 0.000000 1 0 1.000000
c_invasion_wrangler_laser
0  3.365245 14.461910 -0.398517  -0.103662 0.521146 -0.847149  0.000000 0.000000 1 0 1.000000
0  3.365245 14.461910 0.000000  -0.195093 0.980785 0.000000  0.000000 0.000000 1 0 1.000000
0  4.258405 14.732848 0.000000  -0.382686 0.923878 0.000000  0.000000 0.000000 1 0 1.000000
c_invasion_wrangler_laser
0  4.661029 13.760826 0.000000  0.382685 -0.923879 0.000000  0.000000 0.000000 1 0 1.000000
0  4.258405 14.732848 -0.398517  -0.203341 0.490909 -0.847148  0.000000 0.000000 1 0 1.000000
0  5.081541 15.172824 -0.398517  -0.295205 0.441807 -0.847149  0.000000 0.000000 1 0 1.000000
c_invasion_wrangler_laser
0  4.258405 14.732848 -0.398517  -0.203341 0.490909 -0.847148  0.000000 0.000000 1 0 1.000000
0  4.258405 14.732848 0.000000  -0.382686 0.923878 0.000000  0.000000 0.000000 1 0 1.000000
0  5.081541 15.172824 0.000000  -0.555572 0.831469 0.000000  0.000000 0.000000 1 0 1.000000
c_invasion_wrangler_laser
0  5.666060 14.298028 0.000000  0.555571 -0.831469 0.000000  0.000000 0.000000 1 0 1.000000
0  5.081541 15.172824 -0.398517  -0.295205 0.441807 -0.847149  0.000000 0.000000 1 0 1.000000
0  5.803026 15.764930 -0.398517  -0.375724 0.375725 -0.847149  0.000000 0.000000 1 0 1.000000
c_invasion_wrangler_laser
0  5.081541 15.172824 -0.398517  -0.295205 0.441807 -0.847149  0.000000 0.000000 1 0 1.000000
0  5.081541 15.172824 0.000000  -0.555572 0.831469 0.000000  0.000000 0.000000 1 0 1.000000
0  5.803026 15.764930 0.000000  -0.707108 0.707105 0.000000  0.000000 0.000000 1 0 1.000000
c_invasion_wrangler_laser
0  6.546979 15.020977 0.000000  0.707107 -0.707106 0.000000  0.000000 0.000000 1 0 1.000000
0  5.803026 15.764930 -0.398517  -0.375724 0.375725 -0.847149  0.000000 0.000000 1 0 1.000000
0  6.395136 16.486420 -0.398517  -0.441806 0.295206 -0.847148  0.000000 0.000000 1 0 1.000000
c_invasion_wrangler_laser
0  5.803026 15.764930 -0.398517  -0.375724 0.375725 -0.847149  0.000000 0.000000 1 0 1.000000
0  5.803026 15.764930 0.000000  -0.707108 0.707105 0.000000  0.000000 0.000000 1 0 1.000000
0  6.395136 16.486420 0.000000  -0.831471 0.555568 0.000000  0.000000 0.000000 1 0 1.000000
c_invasion_wrangler_laser
0  7.269933 15.901899 0.000000  0.831470 -0.555569 -0.000000  0.000000 0.000000 1 0 1.000000
0  6.395136 16.486420 -0.398517  -0.441806 0.295206 -0.847148  0.000000 0.000000 1 0 1.000000
0  6.835113 17.309555 -0.398517  -0.490908 0.203342 -0.847149  0.000000 0.000000 1 0 1.000000
c_invasion_wrangler_laser
0  6.395136 16.486420 -0.398517  -0.441806 0.295206 -0.847148  0.000000 0.000000 1 0 1.000000
0  6.395136 16.486420 0.000000  -0.831471 0.555568 0.000000  0.000000 0.000000 1 0 1.000000
0  6.835113 17.309555 0.000000  -0.923880 0.382681 0.000000  0.000000 0.000000 1 0 1.000000
c_invasion_wrangler_laser
0  7.807133 16.906931 0.000000  0.923880 -0.382682 -0.000000  0.000000 0.000000 1 0 1.000000
0  6.835113 17.309555 -0.398517  -0.490908 0.203342 -0.847149  0.000000 0.000000 1 0 1.000000
0  7.106049 18.202715 -0.398517  -0.521146 0.103663 -0.847148  0.000000 0.000000 1 0 1.000000
c_invasion_wrangler_laser
0  6.835113 17.309555 -0.398517  -0.490908 0.203342 -0.847149  0.000000 0.000000 1 0 1.000000
0  6.835113 17.309555 0.000000  -0.923880 0.382681 0.000000  0.000000 0.000000 1 0 1.000000
0  7.106049 18.202715 0.000000  -0.980786 0.195088 0.000000  0.000000 0.000000 1 0 1.000000
c_invasion_wrangler_laser
0  8.137941 17.997459 0.000000  0.985547 -0.169404 0.000000  0.000000 0.000000 1 0 1.000000
0  7.106049 18.202715 -0.398517  -0.521146 0.103663 -0.847148  0.000000 0.000000 1 0 1.000000
0  7.197533 19.131565 -0.398517  -0.522439 0.000002 -0.852677  0.000000 0.000000 1 0 1.000000
c_invasion_wrangler_laser
0  7.106049 18.202715 -0.398517  -0.521146 0.103663 -0.847148  0.000000 0.000000 1 0 1.000000
0  7.106049 18.202715 0.000000  -0.980786 0.195088 0.000000  0.000000 0.000000 1 0 1.000000
0  7.197533 19.131565 0.000000  -1.000000 -0.000002 0.000000  0.000000 0.000000 1 0 1.000000
c_invasion_wrangler_laser
0  6.546979 15.020977 0.000000  0.707107 -0.707106 0.000000  0.000000 0.000000 1 0 1.000000
0  5.803026 15.764930 -0.398517  -0.375724 0.375725 -0.847149  0.000000 0.000000 1 0 1.000000
0  6.395136 16.486420 -0.398517  -0.441806 0.295206 -0.847148  0.000000 0.000000 1 0 1.000000
c_invasion_wrangler_laser
0  2.436395 14.370426 -0.398517  -0.579632 0.432997 -0.690319  0.000000 0.000000 1 0 1.000000
0  2.436395 13.318319 0.000000  -0.510034 -0.860154 0.000000  0.000000 0.000000 1 0 1.000000
0  2.436395 14.370426 0.000000  -0.740951 0.671559 0.000000  0.000000 0.000000 1 0 1.000000
c_invasion_wrangler_laser
0  6.835113 17.309555 -0.398517  -0.490908 0.203342 -0.847149  0.000000 0.000000 1 0 1.000000
0  6.835113 17.309555 0.000000  -0.923880 0.382682 0.000000  0.000000 0.000000 1 0 1.000000
0  7.106049 18.202715 0.000000  -0.980786 0.195088 0.000000  0.000000 0.000000 1 0 1.000000
c_invasion_wrangler_laser
0  2.436395 13.318319 0.000000  -0.510034 -0.860154 0.000000  0.000000 0.000000 1 0 1.000000
0  2.436395 14.370426 -0.398517  -0.579632 0.432997 -0.690319  0.000000 0.000000 1 0 1.000000
0  3.365245 14.461910 -0.398517  -0.103662 0.521146 -0.847149  0.000000 0.000000 1 0 1.000000
c_invasion_wrangler_laser
0  7.106049 20.060417 -0.398517  -0.521169 -0.103665 -0.847134  0.000000 0.000000 1 0 1.000000
0  7.106049 20.060417 0.000000  -0.980785 -0.195093 0.000000  0.000000 0.000000 1 0 1.000000
0  6.835113 20.953573 0.000000  -0.923878 -0.382686 0.000000  0.000000 0.000000 1 0 1.000000
c_invasion_wrangler_laser
0  7.197533 19.131565 -0.398517  -0.522439 0.000002 -0.852677  0.000000 0.000000 1 0 1.000000
0  7.197533 19.131565 0.000000  -1.000000 -0.000002 0.000000  0.000000 0.000000 1 0 1.000000
0  7.106049 20.060417 0.000000  -0.980785 -0.195093 0.000000  0.000000 0.000000 1 0 1.000000
c_invasion_wrangler_laser
0  2.436395 14.370426 -0.398517  -0.579632 0.432997 -0.690319  0.000000 0.000000 1 0 1.000000
0  2.436395 13.318319 0.000000  -0.510034 -0.860154 0.000000  0.000000 0.000000 1 0 1.000000
0  2.436395 14.370426 0.000000  -0.740951 0.671559 0.000000  0.000000 0.000000 1 0 1.000000
c_invasion_wrangler_laser
0  5.803026 15.764930 -0.398517  -0.375724 0.375725 -0.847149  0.000000 0.000000 1 0 1.000000
0  5.803026 15.764930 0.000000  -0.707108 0.707105 0.000000  0.000000 0.000000 1 0 1.000000
0  6.395136 16.486420 0.000000  -0.831471 0.555568 0.000000  0.000000 0.000000 1 0 1.000000
c_invasion_wrangler_laser
0  7.197533 19.131565 -0.398517  -0.522439 0.000002 -0.852677  0.000000 0.000000 1 0 1.000000
0  7.106049 20.060417 0.000000  -0.980785 -0.195093 0.000000  0.000000 0.000000 1 0 1.000000
0  7.106049 20.060417 -0.398517  -0.521169 -0.103665 -0.847134  0.000000 0.000000 1 0 1.000000
c_invasion_wrangler_laser
0  5.081541 15.172824 -0.398517  -0.295205 0.441807 -0.847149  0.000000 0.000000 1 0 1.000000
0  5.081541 15.172824 0.000000  -0.555572 0.831469 0.000000  0.000000 0.000000 1 0 1.000000
0  5.803026 15.764930 0.000000  -0.707108 0.707105 0.000000  0.000000 0.000000 1 0 1.000000
c_invasion_wrangler_laser
0  8.137940 20.265675 0.000000  0.985546 0.169405 -0.000000  0.000000 0.000000 1 0 1.000000
0  7.106049 20.060417 -0.398517  -0.521169 -0.103665 -0.847134  0.000000 0.000000 1 0 1.000000
0  6.835113 20.953573 -0.398517  -0.490909 -0.203341 -0.847149  0.000000 0.000000 1 0 1.000000
c_invasion_wrangler_laser
0  6.835113 20.953573 -0.398517  -0.490909 -0.203341 -0.847149  0.000000 0.000000 1 0 1.000000
0  6.835113 20.953573 0.000000  -0.923878 -0.382686 0.000000  0.000000 0.000000 1 0 1.000000
0  6.395136 21.776711 0.000000  -0.970026 0.243000 0.000000  0.000000 0.000000 1 0 1.000000
c_invasion_wrangler_laser
0  3.365245 14.461910 -0.398517  -0.103662 0.521146 -0.847149  0.000000 0.000000 1 0 1.000000
0  3.365245 14.461910 0.000000  -0.195093 0.980785 0.000000  0.000000 0.000000 1 0 1.000000
0  4.258405 14.732848 0.000000  -0.382686 0.923878 0.000000  0.000000 0.000000 1 0 1.000000
c_invasion_wrangler_laser
0  2.413950 11.949177 0.000000  0.999998 -0.001939 -0.000000  0.000000 0.000000 1 0 1.000000
0  1.851672 11.647890 -0.201594  -0.463149 -0.878340 0.118375  0.000000 0.000000 1 0 1.000000
0  2.363490 11.949177 -0.303401  0.973619 -0.001154 -0.228175  0.000000 0.000000 1 0 1.000000
c_invasion_wrangler_laser
0  1.892105 11.647890 0.000000  -0.409343 -0.912381 0.000000  0.000000 0.000000 1 0 1.000000
0  1.851672 12.250463 -0.201594  -0.464931 0.877697 0.116132  0.000000 0.000000 1 0 1.000000
0  1.851672 11.647890 -0.201594  -0.463149 -0.878340 0.118375  0.000000 0.000000 1 0 1.000000
c_invasion_wrangler_laser
0  1.892105 12.250463 0.000000  -0.412349 0.911026 0.000000  0.000000 0.000000 1 0 1.000000
0  2.363490 11.949177 -0.303401  0.973619 -0.001154 -0.228175  0.000000 0.000000 1 0 1.000000
0  1.851672 12.250463 -0.201594  -0.464931 0.877697 0.116132  0.000000 0.000000 1 0 1.000000
c_invasion_wrangler_laser
0  2.363490 11.949177 -0.303401  0.973619 -0.001154 -0.228175  0.000000 0.000000 1 0 1.000000
0  1.731931 11.647890 -0.596330  -0.422433 -0.889344 0.174980  0.000000 0.000000 1 0 1.000000
0  2.214053 11.949177 -0.796032  0.923880 -0.000000 -0.382683  0.000000 0.000000 1 0 1.000000
c_invasion_wrangler_laser
0  1.851672 11.647890 -0.201594  -0.463149 -0.878340 0.118375  0.000000 0.000000 1 0 1.000000
0  1.731931 12.250463 -0.596330  -0.422434 0.889344 0.174978  0.000000 0.000000 1 0 1.000000
0  1.731931 11.647890 -0.596330  -0.422433 -0.889344 0.174980  0.000000 0.000000 1 0 1.000000
c_invasion_wrangler_laser
0  1.851672 12.250463 -0.201594  -0.464931 0.877697 0.116132  0.000000 0.000000 1 0 1.000000
0  2.214053 11.949177 -0.796032  0.923880 -0.000000 -0.382683  0.000000 0.000000 1 0 1.000000
0  1.731931 12.250463 -0.596330  -0.422434 0.889344 0.174978  0.000000 0.000000 1 0 1.000000
c_invasion_wrangler_laser
0  2.214053 11.949177 -0.796032  0.923880 -0.000000 -0.382683  0.000000 0.000000 1 0 1.000000
0  1.537480 11.647890 -0.960122  -0.380181 -0.889344 0.254029  0.000000 0.000000 1 0 1.000000
0  1.971379 11.949177 -1.250043  0.831469 -0.000000 -0.555570  0.000000 0.000000 1 0 1.000000
c_invasion_wrangler_laser
0  1.731931 11.647890 -0.596330  -0.422433 -0.889344 0.174980  0.000000 0.000000 1 0 1.000000
0  1.537480 12.250463 -0.960122  -0.380182 0.889343 0.254027  0.000000 0.000000 1 0 1.000000
0  1.537480 11.647890 -0.960122  -0.380181 -0.889344 0.254029  0.000000 0.000000 1 0 1.000000
c_invasion_wrangler_laser
0  1.731931 12.250463 -0.596330  -0.422434 0.889344 0.174978  0.000000 0.000000 1 0 1.000000
0  1.971379 11.949177 -1.250043  0.831469 -0.000000 -0.555570  0.000000 0.000000 1 0 1.000000
0  1.537480 12.250463 -0.960122  -0.380182 0.889343 0.254027  0.000000 0.000000 1 0 1.000000
c_invasion_wrangler_laser
0  1.971379 11.949177 -1.250043  0.831469 -0.000000 -0.555570  0.000000 0.000000 1 0 1.000000
0  1.275794 11.647890 -1.278987  -0.323316 -0.889344 0.323318  0.000000 0.000000 1 0 1.000000
0  1.644794 11.949177 -1.647988  0.707108 -0.000001 -0.707106  0.000000 0.000000 1 0 1.000000
c_invasion_wrangler_laser
0  1.537480 11.647890 -0.960122  -0.380181 -0.889344 0.254029  0.000000 0.000000 1 0 1.000000
0  1.275794 12.250463 -1.278987  -0.323318 0.889344 0.323316  0.000000 0.000000 1 0 1.000000
0  1.275794 11.647890 -1.278987  -0.323316 -0.889344 0.323318  0.000000 0.000000 1 0 1.000000
c_invasion_wrangler_laser
0  1.537480 12.250463 -0.960122  -0.380182 0.889343 0.254027  0.000000 0.000000 1 0 1.000000
0  1.644794 11.949177 -1.647988  0.707108 -0.000001 -0.707106  0.000000 0.000000 1 0 1.000000
0  1.275794 12.250463 -1.278987  -0.323318 0.889344 0.323316  0.000000 0.000000 1 0 1.000000
c_invasion_wrangler_laser
0  1.644794 11.949177 -1.647988  0.707108 -0.000001 -0.707106  0.000000 0.000000 1 0 1.000000
0  0.956928 11.647890 -1.540673  -0.254028 -0.889343 0.380182  0.000000 0.000000 1 0 1.000000
0  1.246850 11.949177 -1.974572  0.555571 -0.000001 -0.831469  0.000000 0.000000 1 0 1.000000
c_invasion_wrangler_laser
0  1.275794 11.647890 -1.278987  -0.323316 -0.889344 0.323318  0.000000 0.000000 1 0 1.000000
0  0.956928 12.250465 -1.540673  -0.254029 0.889344 0.380179  0.000000 0.000000 1 0 1.000000
0  0.956928 11.647890 -1.540673  -0.254028 -0.889343 0.380182  0.000000 0.000000 1 0 1.000000
c_invasion_wrangler_laser
0  1.275794 12.250463 -1.278987  -0.323318 0.889344 0.323316  0.000000 0.000000 1 0 1.000000
0  1.246850 11.949177 -1.974572  0.555571 -0.000001 -0.831469  0.000000 0.000000 1 0 1.000000
0  0.956928 12.250465 -1.540673  -0.254029 0.889344 0.380179  0.000000 0.000000 1 0 1.000000
c_invasion_wrangler_laser
0  1.246850 11.949177 -1.974572  0.555571 -0.000001 -0.831469  0.000000 0.000000 1 0 1.000000
0  0.593138 11.647890 -1.735124  -0.174976 -0.889343 0.422435  0.000000 0.000000 1 0 1.000000
0  0.792840 11.949177 -2.217246  0.382684 -0.000002 -0.923879  0.000000 0.000000 1 0 1.000000
c_invasion_wrangler_laser
0  0.956928 11.647890 -1.540673  -0.254028 -0.889343 0.380182  0.000000 0.000000 1 0 1.000000
0  0.593138 12.250465 -1.735124  -0.174980 0.889345 0.422431  0.000000 0.000000 1 0 1.000000
0  0.593138 11.647890 -1.735124  -0.174976 -0.889343 0.422435  0.000000 0.000000 1 0 1.000000
c_invasion_wrangler_laser
0  0.956928 12.250465 -1.540673  -0.254029 0.889344 0.380179  0.000000 0.000000 1 0 1.000000
0  0.792840 11.949177 -2.217246  0.382684 -0.000002 -0.923879  0.000000 0.000000 1 0 1.000000
0  0.593138 12.250465 -1.735124  -0.174980 0.889345 0.422431  0.000000 0.000000 1 0 1.000000
c_invasion_wrangler_laser
0  0.792840 11.949177 -2.217246  0.382684 -0.000002 -0.923879  0.000000 0.000000 1 0 1.000000
0  0.198402 11.647890 -1.854865  -0.117014 -0.877338 0.465388  0.000000 0.000000 1 0 1.000000
0  0.300209 11.949177 -2.366684  0.229043 0.001188 -0.973415  0.000000 0.000000 1 0 1.000000
c_invasion_wrangler_laser
0  0.593138 11.647890 -1.735124  -0.174976 -0.889343 0.422435  0.000000 0.000000 1 0 1.000000
0  0.198402 12.250465 -1.854865  -0.119325 0.878003 0.463543  0.000000 0.000000 1 0 1.000000
0  0.198402 11.647890 -1.854865  -0.117014 -0.877338 0.465388  0.000000 0.000000 1 0 1.000000
c_invasion_wrangler_laser
0  0.593138 12.250465 -1.735124  -0.174980 0.889345 0.422431  0.000000 0.000000 1 0 1.000000
0  0.300209 11.949177 -2.366684  0.229043 0.001188 -0.973415  0.000000 0.000000 1 0 1.000000
0  0.198402 12.250465 -1.854865  -0.119325 0.878003 0.463543  0.000000 0.000000 1 0 1.000000
c_invasion_wrangler_laser
0  0.300209 11.949177 -2.366684  0.229043 0.001188 -0.973415  0.000000 0.000000 1 0 1.000000
0  0.000000 11.647890 -1.895298  0.000000 -0.911679 0.410903  0.000000 0.000000 1 0 1.000000
0  0.000000 11.949177 -2.417143  0.000000 0.001996 -0.999998  0.000000 0.000000 1 0 1.000000
c_invasion_wrangler_laser
0  0.198402 11.647890 -1.854865  -0.117014 -0.877338 0.465388  0.000000 0.000000 1 0 1.000000
0  0.000000 12.250465 -1.895298  0.000000 0.913079 0.407783  0.000000 0.000000 1 0 1.000000
0  0.000000 11.647890 -1.895298  0.000000 -0.911679 0.410903  0.000000 0.000000 1 0 1.000000
c_invasion_wrangler_laser
0  0.198402 12.250465 -1.854865  -0.119325 0.878003 0.463543  0.000000 0.000000 1 0 1.000000
0  0.000000 11.949177 -2.417143  0.000000 0.001996 -0.999998  0.000000 0.000000 1 0 1.000000
0  0.000000 12.250465 -1.895298  0.000000 0.913079 0.407783  0.000000 0.000000 1 0 1.000000
c_invasion_wrangler_laser
0  2.413950 10.714703 0.000000  0.999998 -0.001940 0.000000  0.000000 0.000000 1 0 1.000000
0  1.851672 10.413417 -0.201594  -0.463149 -0.878339 0.118374  0.000000 0.000000 1 0 1.000000
0  2.363490 10.714703 -0.303401  0.973620 -0.001155 -0.228174  0.000000 0.000000 1 0 1.000000
c_invasion_wrangler_laser
0  1.892105 10.413417 0.000000  -0.409344 -0.912380 0.000000  0.000000 0.000000 1 0 1.000000
0  1.851672 11.015989 -0.201594  -0.464931 0.877698 0.116128  0.000000 0.000000 1 0 1.000000
0  1.851672 10.413417 -0.201594  -0.463149 -0.878339 0.118374  0.000000 0.000000 1 0 1.000000
c_invasion_wrangler_laser
0  1.892105 11.015989 0.000000  -0.412350 0.911026 0.000000  0.000000 0.000000 1 0 1.000000
0  2.363490 10.714703 -0.303401  0.973620 -0.001155 -0.228174  0.000000 0.000000 1 0 1.000000
0  1.851672 11.015989 -0.201594  -0.464931 0.877698 0.116128  0.000000 0.000000 1 0 1.000000
c_invasion_wrangler_laser
0  2.363490 10.714703 -0.303401  0.973620 -0.001155 -0.228174  0.000000 0.000000 1 0 1.000000
0  1.731931 10.413417 -0.596330  -0.422433 -0.889344 0.174980  0.000000 0.000000 1 0 1.000000
0  2.214053 10.714703 -0.796032  0.923879 -0.000001 -0.382684  0.000000 0.000000 1 0 1.000000
c_invasion_wrangler_laser
0  1.851672 10.413417 -0.201594  -0.463149 -0.878339 0.118374  0.000000 0.000000 1 0 1.000000
0  1.731931 11.015989 -0.596330  -0.422435 0.889344 0.174975  0.000000 0.000000 1 0 1.000000
0  1.731931 10.413417 -0.596330  -0.422433 -0.889344 0.174980  0.000000 0.000000 1 0 1.000000
c_invasion_wrangler_laser
0  1.851672 11.015989 -0.201594  -0.464931 0.877698 0.116128  0.000000 0.000000 1 0 1.000000
0  2.214053 10.714703 -0.796032  0.923879 -0.000001 -0.382684  0.000000 0.000000 1 0 1.000000
0  1.731931 11.015989 -0.596330  -0.422435 0.889344 0.174975  0.000000 0.000000 1 0 1.000000
c_invasion_wrangler_laser
0  2.214053 10.714703 -0.796032  0.923879 -0.000001 -0.382684  0.000000 0.000000 1 0 1.000000
0  1.537480 10.413417 -0.960122  -0.380181 -0.889343 0.254030  0.000000 0.000000 1 0 1.000000
0  1.971379 10.714703 -1.250043  0.831469 -0.000001 -0.555571  0.000000 0.000000 1 0 1.000000
c_invasion_wrangler_laser
0  1.731931 10.413417 -0.596330  -0.422433 -0.889344 0.174980  0.000000 0.000000 1 0 1.000000
0  1.537480 11.015989 -0.960122  -0.380182 0.889344 0.254027  0.000000 0.000000 1 0 1.000000
0  1.537480 10.413417 -0.960122  -0.380181 -0.889343 0.254030  0.000000 0.000000 1 0 1.000000
c_invasion_wrangler_laser
0  1.731931 11.015989 -0.596330  -0.422435 0.889344 0.174975  0.000000 0.000000 1 0 1.000000
0  1.971379 10.714703 -1.250043  0.831469 -0.000001 -0.555571  0.000000 0.000000 1 0 1.000000
0  1.537480 11.015989 -0.960122  -0.380182 0.889344 0.254027  0.000000 0.000000 1 0 1.000000
c_invasion_wrangler_laser
0  1.971379 10.714703 -1.250043  0.831469 -0.000001 -0.555571  0.000000 0.000000 1 0 1.000000
0  1.275794 10.413417 -1.278987  -0.323316 -0.889344 0.323318  0.000000 0.000000 1 0 1.000000
0  1.644794 10.714703 -1.647988  0.707107 -0.000001 -0.707106  0.000000 0.000000 1 0 1.000000
c_invasion_wrangler_laser
0  1.537480 10.413417 -0.960122  -0.380181 -0.889343 0.254030  0.000000 0.000000 1 0 1.000000
0  1.275794 11.015989 -1.278987  -0.323317 0.889344 0.323317  0.000000 0.000000 1 0 1.000000
0  1.275794 10.413417 -1.278987  -0.323316 -0.889344 0.323318  0.000000 0.000000 1 0 1.000000
c_invasion_wrangler_laser
0  1.537480 11.015989 -0.960122  -0.380182 0.889344 0.254027  0.000000 0.000000 1 0 1.000000
0  1.644794 10.714703 -1.647988  0.707107 -0.000001 -0.707106  0.000000 0.000000 1 0 1.000000
0  1.275794 11.015989 -1.278987  -0.323317 0.889344 0.323317  0.000000 0.000000 1 0 1.000000
c_invasion_wrangler_laser
0  1.644794 10.714703 -1.647988  0.707107 -0.000001 -0.707106  0.000000 0.000000 1 0 1.000000
0  0.956928 10.413417 -1.540673  -0.254027 -0.889343 0.380183  0.000000 0.000000 1 0 1.000000
0  1.246850 10.714703 -1.974572  0.555571 -0.000002 -0.831469  0.000000 0.000000 1 0 1.000000
c_invasion_wrangler_laser
0  1.275794 10.413417 -1.278987  -0.323316 -0.889344 0.323318  0.000000 0.000000 1 0 1.000000
0  0.956928 11.015992 -1.540673  -0.254028 0.889345 0.380178  0.000000 0.000000 1 0 1.000000
0  0.956928 10.413417 -1.540673  -0.254027 -0.889343 0.380183  0.000000 0.000000 1 0 1.000000
c_invasion_wrangler_laser
0  1.275794 11.015989 -1.278987  -0.323317 0.889344 0.323317  0.000000 0.000000 1 0 1.000000
0  1.246850 10.714703 -1.974572  0.555571 -0.000002 -0.831469  0.000000 0.000000 1 0 1.000000
0  0.956928 11.015992 -1.540673  -0.254028 0.889345 0.380178  0.000000 0.000000 1 0 1.000000
c_invasion_wrangler_laser
0  1.246850 10.714703 -1.974572  0.555571 -0.000002 -0.831469  0.000000 0.000000 1 0 1.000000
0  0.593138 10.413417 -1.735124  -0.174976 -0.889343 0.422436  0.000000 0.000000 1 0 1.000000
0  0.792840 10.714703 -2.217246  0.382684 -0.000003 -0.923879  0.000000 0.000000 1 0 1.000000
c_invasion_wrangler_laser
0  0.956928 10.413417 -1.540673  -0.254027 -0.889343 0.380183  0.000000 0.000000 1 0 1.000000
0  0.593138 11.015992 -1.735124  -0.174979 0.889345 0.422431  0.000000 0.000000 1 0 1.000000
0  0.593138 10.413417 -1.735124  -0.174976 -0.889343 0.422436  0.000000 0.000000 1 0 1.000000
c_invasion_wrangler_laser
0  0.956928 11.015992 -1.540673  -0.254028 0.889345 0.380178  0.000000 0.000000 1 0 1.000000
0  0.792840 10.714703 -2.217246  0.382684 -0.000003 -0.923879  0.000000 0.000000 1 0 1.000000
0  0.593138 11.015992 -1.735124  -0.174979 0.889345 0.422431  0.000000 0.000000 1 0 1.000000
c_invasion_wrangler_laser
0  0.792840 10.714703 -2.217246  0.382684 -0.000003 -0.923879  0.000000 0.000000 1 0 1.000000
0  0.198402 10.413417 -1.854865  -0.117014 -0.877338 0.465389  0.000000 0.000000 1 0 1.000000
0  0.300209 10.714703 -2.366684  0.229044 0.001187 -0.973415  0.000000 0.000000 1 0 1.000000
c_invasion_wrangler_laser
0  0.593138 10.413417 -1.735124  -0.174976 -0.889343 0.422436  0.000000 0.000000 1 0 1.000000
0  0.198402 11.015992 -1.854865  -0.119325 0.878003 0.463543  0.000000 0.000000 1 0 1.000000
0  0.198402 10.413417 -1.854865  -0.117014 -0.877338 0.465389  0.000000 0.000000 1 0 1.000000
c_invasion_wrangler_laser
0  0.593138 11.015992 -1.735124  -0.174979 0.889345 0.422431  0.000000 0.000000 1 0 1.000000
0  0.300209 10.714703 -2.366684  0.229044 0.001187 -0.973415  0.000000 0.000000 1 0 1.000000
0  0.198402 11.015992 -1.854865  -0.119325 0.878003 0.463543  0.000000 0.000000 1 0 1.000000
c_invasion_wrangler_laser
0  0.300209 10.714703 -2.366684  0.229044 0.001187 -0.973415  0.000000 0.000000 1 0 1.000000
0  0.000000 10.413417 -1.895298  0.000000 -0.911679 0.410904  0.000000 0.000000 1 0 1.000000
0  0.000000 10.714703 -2.417143  0.000000 0.001996 -0.999998  0.000000 0.000000 1 0 1.000000
c_invasion_wrangler_laser
0  0.198402 10.413417 -1.854865  -0.117014 -0.877338 0.465389  0.000000 0.000000 1 0 1.000000
0  0.000000 11.015992 -1.895298  0.000000 0.913079 0.407783  0.000000 0.000000 1 0 1.000000
0  0.000000 10.413417 -1.895298  0.000000 -0.911679 0.410904  0.000000 0.000000 1 0 1.000000
c_invasion_wrangler_laser
0  0.198402 11.015992 -1.854865  -0.119325 0.878003 0.463543  0.000000 0.000000 1 0 1.000000
0  0.000000 10.714703 -2.417143  0.000000 0.001996 -0.999998  0.000000 0.000000 1 0 1.000000
0  0.000000 11.015992 -1.895298  0.000000 0.913079 0.407783  0.000000 0.000000 1 0 1.000000
c_invasion_wrangler_laser
0  2.413950 13.183650 0.000000  0.999998 -0.001939 0.000000  0.000000 0.000000 1 0 1.000000
0  1.851672 12.882363 -0.201594  -0.463149 -0.878340 0.118374  0.000000 0.000000 1 0 1.000000
0  2.363490 13.183650 -0.303401  0.973619 -0.001154 -0.228176  0.000000 0.000000 1 0 1.000000
c_invasion_wrangler_laser
0  1.892105 12.882363 0.000000  -0.409343 -0.912380 0.000000  0.000000 0.000000 1 0 1.000000
0  1.851672 13.484937 -0.201594  -0.464931 0.877698 0.116130  0.000000 0.000000 1 0 1.000000
0  1.851672 12.882363 -0.201594  -0.463149 -0.878340 0.118374  0.000000 0.000000 1 0 1.000000
c_invasion_wrangler_laser
0  1.892105 13.484937 0.000000  -0.412349 0.911026 0.000000  0.000000 0.000000 1 0 1.000000
0  2.363490 13.183650 -0.303401  0.973619 -0.001154 -0.228176  0.000000 0.000000 1 0 1.000000
0  1.851672 13.484937 -0.201594  -0.464931 0.877698 0.116130  0.000000 0.000000 1 0 1.000000
c_invasion_wrangler_laser
0  2.363490 13.183650 -0.303401  0.973619 -0.001154 -0.228176  0.000000 0.000000 1 0 1.000000
0  1.731931 12.882363 -0.596330  -0.422433 -0.889344 0.174979  0.000000 0.000000 1 0 1.000000
0  2.214053 13.183650 -0.796032  0.923879 0.000000 -0.382684  0.000000 0.000000 1 0 1.000000
c_invasion_wrangler_laser
0  1.851672 12.882363 -0.201594  -0.463149 -0.878340 0.118374  0.000000 0.000000 1 0 1.000000
0  1.731931 13.484937 -0.596330  -0.422436 0.889344 0.174973  0.000000 0.000000 1 0 1.000000
0  1.731931 12.882363 -0.596330  -0.422433 -0.889344 0.174979  0.000000 0.000000 1 0 1.000000
c_invasion_wrangler_laser
0  1.851672 13.484937 -0.201594  -0.464931 0.877698 0.116130  0.000000 0.000000 1 0 1.000000
0  2.214053 13.183650 -0.796032  0.923879 0.000000 -0.382684  0.000000 0.000000 1 0 1.000000
0  1.731931 13.484937 -0.596330  -0.422436 0.889344 0.174973  0.000000 0.000000 1 0 1.000000
c_invasion_wrangler_laser
0  2.214053 13.183650 -0.796032  0.923879 0.000000 -0.382684  0.000000 0.000000 1 0 1.000000
0  1.537480 12.882363 -0.960122  -0.380180 -0.889343 0.254032  0.000000 0.000000 1 0 1.000000
0  1.971379 13.183650 -1.250043  0.831470 0.000000 -0.555570  0.000000 0.000000 1 0 1.000000
c_invasion_wrangler_laser
0  1.731931 12.882363 -0.596330  -0.422433 -0.889344 0.174979  0.000000 0.000000 1 0 1.000000
0  1.537480 13.484937 -0.960122  -0.380183 0.889344 0.254025  0.000000 0.000000 1 0 1.000000
0  1.537480 12.882363 -0.960122  -0.380180 -0.889343 0.254032  0.000000 0.000000 1 0 1.000000
c_invasion_wrangler_laser
0  1.731931 13.484937 -0.596330  -0.422436 0.889344 0.174973  0.000000 0.000000 1 0 1.000000
0  1.971379 13.183650 -1.250043  0.831470 0.000000 -0.555570  0.000000 0.000000 1 0 1.000000
0  1.537480 13.484937 -0.960122  -0.380183 0.889344 0.254025  0.000000 0.000000 1 0 1.000000
c_invasion_wrangler_laser
0  1.971379 13.183650 -1.250043  0.831470 0.000000 -0.555570  0.000000 0.000000 1 0 1.000000
0  1.275794 12.882363 -1.278987  -0.323315 -0.889343 0.323320  0.000000 0.000000 1 0 1.000000
0  1.644794 13.183650 -1.647988  0.707106 0.000000 -0.707107  0.000000 0.000000 1 0 1.000000
c_invasion_wrangler_laser
0  1.537480 12.882363 -0.960122  -0.380180 -0.889343 0.254032  0.000000 0.000000 1 0 1.000000
0  1.275794 13.484937 -1.278987  -0.323318 0.889344 0.323315  0.000000 0.000000 1 0 1.000000
0  1.275794 12.882363 -1.278987  -0.323315 -0.889343 0.323320  0.000000 0.000000 1 0 1.000000
c_invasion_wrangler_laser
0  1.537480 13.484937 -0.960122  -0.380183 0.889344 0.254025  0.000000 0.000000 1 0 1.000000
0  1.644794 13.183650 -1.647988  0.707106 0.000000 -0.707107  0.000000 0.000000 1 0 1.000000
0  1.275794 13.484937 -1.278987  -0.323318 0.889344 0.323315  0.000000 0.000000 1 0 1.000000
c_invasion_wrangler_laser
0  1.644794 13.183650 -1.647988  0.707106 0.000000 -0.707107  0.000000 0.000000 1 0 1.000000
0  0.956928 12.882363 -1.540673  -0.254027 -0.889343 0.380182  0.000000 0.000000 1 0 1.000000
0  1.246850 13.183650 -1.974572  0.555571 -0.000001 -0.831469  0.000000 0.000000 1 0 1.000000
c_invasion_wrangler_laser
0  1.275794 12.882363 -1.278987  -0.323315 -0.889343 0.323320  0.000000 0.000000 1 0 1.000000
0  0.956928 13.484939 -1.540673  -0.254029 0.889344 0.380180  0.000000 0.000000 1 0 1.000000
0  0.956928 12.882363 -1.540673  -0.254027 -0.889343 0.380182  0.000000 0.000000 1 0 1.000000
c_invasion_wrangler_laser
0  1.275794 13.484937 -1.278987  -0.323318 0.889344 0.323315  0.000000 0.000000 1 0 1.000000
0  1.246850 13.183650 -1.974572  0.555571 -0.000001 -0.831469  0.000000 0.000000 1 0 1.000000
0  0.956928 13.484939 -1.540673  -0.254029 0.889344 0.380180  0.000000 0.000000 1 0 1.000000
c_invasion_wrangler_laser
0  1.246850 13.183650 -1.974572  0.555571 -0.000001 -0.831469  0.000000 0.000000 1 0 1.000000
0  0.593138 12.882363 -1.735124  -0.174976 -0.889344 0.422435  0.000000 0.000000 1 0 1.000000
0  0.792840 13.183650 -2.217246  0.382684 -0.000001 -0.923879  0.000000 0.000000 1 0 1.000000
c_invasion_wrangler_laser
0  0.956928 12.882363 -1.540673  -0.254027 -0.889343 0.380182  0.000000 0.000000 1 0 1.000000
0  0.593138 13.484939 -1.735124  -0.174980 0.889344 0.422433  0.000000 0.000000 1 0 1.000000
0  0.593138 12.882363 -1.735124  -0.174976 -0.889344 0.422435  0.000000 0.000000 1 0 1.000000
c_invasion_wrangler_laser
0  0.956928 13.484939 -1.540673  -0.254029 0.889344 0.380180  0.000000 0.000000 1 0 1.000000
0  0.792840 13.183650 -2.217246  0.382684 -0.000001 -0.923879  0.000000 0.000000 1 0 1.000000
0  0.593138 13.484939 -1.735124  -0.174980 0.889344 0.422433  0.000000 0.000000 1 0 1.000000
c_invasion_wrangler_laser
0  0.792840 13.183650 -2.217246  0.382684 -0.000001 -0.923879  0.000000 0.000000 1 0 1.000000
0  0.198402 12.882363 -1.854865  -0.117014 -0.877338 0.465388  0.000000 0.000000 1 0 1.000000
0  0.300209 13.183650 -2.366684  0.229043 0.001189 -0.973415  0.000000 0.000000 1 0 1.000000
c_invasion_wrangler_laser
0  0.593138 12.882363 -1.735124  -0.174976 -0.889344 0.422435  0.000000 0.000000 1 0 1.000000
0  0.198402 13.484939 -1.854865  -0.119325 0.878003 0.463544  0.000000 0.000000 1 0 1.000000
0  0.198402 12.882363 -1.854865  -0.117014 -0.877338 0.465388  0.000000 0.000000 1 0 1.000000
c_invasion_wrangler_laser
0  0.593138 13.484939 -1.735124  -0.174980 0.889344 0.422433  0.000000 0.000000 1 0 1.000000
0  0.300209 13.183650 -2.366684  0.229043 0.001189 -0.973415  0.000000 0.000000 1 0 1.000000
0  0.198402 13.484939 -1.854865  -0.119325 0.878003 0.463544  0.000000 0.000000 1 0 1.000000
c_invasion_wrangler_laser
0  0.300209 13.183650 -2.366684  0.229043 0.001189 -0.973415  0.000000 0.000000 1 0 1.000000
0  0.000000 12.882363 -1.895298  0.000000 -0.911679 0.410903  0.000000 0.000000 1 0 1.000000
0  0.000000 13.183650 -2.417143  0.000000 0.001996 -0.999998  0.000000 0.000000 1 0 1.000000
c_invasion_wrangler_laser
0  0.198402 12.882363 -1.854865  -0.117014 -0.877338 0.465388  0.000000 0.000000 1 0 1.000000
0  0.000000 13.484939 -1.895298  0.000000 0.913079 0.407783  0.000000 0.000000 1 0 1.000000
0  0.000000 12.882363 -1.895298  0.000000 -0.911679 0.410903  0.000000 0.000000 1 0 1.000000
c_invasion_wrangler_laser
0  0.198402 13.484939 -1.854865  -0.119325 0.878003 0.463544  0.000000 0.000000 1 0 1.000000
0  0.000000 13.183650 -2.417143  0.000000 0.001996 -0.999998  0.000000 0.000000 1 0 1.000000
0  0.000000 13.484939 -1.895298  0.000000 0.913079 0.407783  0.000000 0.000000 1 0 1.000000
c_invasion_wrangler_laser
0  0.198402 9.781521 -1.854865  -0.119325 0.878003 0.463544  0.000000 0.000000 1 0 1.000000
0  0.000000 9.480232 -2.417143  0.000000 0.001998 -0.999998  0.000000 0.000000 1 0 1.000000
0  0.000000 9.781521 -1.895298  0.000000 0.913079 0.407783  0.000000 0.000000 1 0 1.000000
c_invasion_wrangler_laser
0  0.198402 9.178946 -1.854865  -0.117014 -0.877338 0.465388  0.000000 0.000000 1 0 1.000000
0  0.000000 9.781521 -1.895298  0.000000 0.913079 0.407783  0.000000 0.000000 1 0 1.000000
0  0.000000 9.178946 -1.895298  0.000000 -0.911679 0.410904  0.000000 0.000000 1 0 1.000000
c_invasion_wrangler_laser
0  0.300209 9.480232 -2.366684  0.229043 0.001189 -0.973415  0.000000 0.000000 1 0 1.000000
0  0.000000 9.178946 -1.895298  0.000000 -0.911679 0.410904  0.000000 0.000000 1 0 1.000000
0  0.000000 9.480232 -2.417143  0.000000 0.001998 -0.999998  0.000000 0.000000 1 0 1.000000
c_invasion_wrangler_laser
0  0.593138 9.781521 -1.735124  -0.174980 0.889345 0.422431  0.000000 0.000000 1 0 1.000000
0  0.300209 9.480232 -2.366684  0.229043 0.001189 -0.973415  0.000000 0.000000 1 0 1.000000
0  0.198402 9.781521 -1.854865  -0.119325 0.878003 0.463544  0.000000 0.000000 1 0 1.000000
c_invasion_wrangler_laser
0  0.593138 9.178946 -1.735124  -0.174976 -0.889344 0.422435  0.000000 0.000000 1 0 1.000000
0  0.198402 9.781521 -1.854865  -0.119325 0.878003 0.463544  0.000000 0.000000 1 0 1.000000
0  0.198402 9.178946 -1.854865  -0.117014 -0.877338 0.465388  0.000000 0.000000 1 0 1.000000
c_invasion_wrangler_laser
0  0.792840 9.480232 -2.217246  0.382683 -0.000002 -0.923880  0.000000 0.000000 1 0 1.000000
0  0.198402 9.178946 -1.854865  -0.117014 -0.877338 0.465388  0.000000 0.000000 1 0 1.000000
0  0.300209 9.480232 -2.366684  0.229043 0.001189 -0.973415  0.000000 0.000000 1 0 1.000000
c_invasion_wrangler_laser
0  0.956928 9.781521 -1.540673  -0.254028 0.889344 0.380180  0.000000 0.000000 1 0 1.000000
0  0.792840 9.480232 -2.217246  0.382683 -0.000002 -0.923880  0.000000 0.000000 1 0 1.000000
0  0.593138 9.781521 -1.735124  -0.174980 0.889345 0.422431  0.000000 0.000000 1 0 1.000000
c_invasion_wrangler_laser
0  0.956928 9.178946 -1.540673  -0.254027 -0.889343 0.380183  0.000000 0.000000 1 0 1.000000
0  0.593138 9.781521 -1.735124  -0.174980 0.889345 0.422431  0.000000 0.000000 1 0 1.000000
0  0.593138 9.178946 -1.735124  -0.174976 -0.889344 0.422435  0.000000 0.000000 1 0 1.000000
c_invasion_wrangler_laser
0  1.246850 9.480232 -1.974572  0.555572 -0.000001 -0.831468  0.000000 0.000000 1 0 1.000000
0  0.593138 9.178946 -1.735124  -0.174976 -0.889344 0.422435  0.000000 0.000000 1 0 1.000000
0  0.792840 9.480232 -2.217246  0.382683 -0.000002 -0.923880  0.000000 0.000000 1 0 1.000000
c_invasion_wrangler_laser
0  1.275794 9.781518 -1.278987  -0.323318 0.889343 0.323317  0.000000 0.000000 1 0 1.000000
0  1.246850 9.480232 -1.974572  0.555572 -0.000001 -0.831468  0.000000 0.000000 1 0 1.000000
0  0.956928 9.781521 -1.540673  -0.254028 0.889344 0.380180  0.000000 0.000000 1 0 1.000000
c_invasion_wrangler_laser
0  1.275794 9.178946 -1.278987  -0.323315 -0.889344 0.323319  0.000000 0.000000 1 0 1.000000
0  0.956928 9.781521 -1.540673  -0.254028 0.889344 0.380180  0.000000 0.000000 1 0 1.000000
0  0.956928 9.178946 -1.540673  -0.254027 -0.889343 0.380183  0.000000 0.000000 1 0 1.000000
c_invasion_wrangler_laser
0  1.644794 9.480232 -1.647988  0.707107 0.000001 -0.707106  0.000000 0.000000 1 0 1.000000
0  0.956928 9.178946 -1.540673  -0.254027 -0.889343 0.380183  0.000000 0.000000 1 0 1.000000
0  1.246850 9.480232 -1.974572  0.555572 -0.000001 -0.831468  0.000000 0.000000 1 0 1.000000
c_invasion_wrangler_laser
0  1.537480 9.781518 -0.960122  -0.380183 0.889343 0.254027  0.000000 0.000000 1 0 1.000000
0  1.644794 9.480232 -1.647988  0.707107 0.000001 -0.707106  0.000000 0.000000 1 0 1.000000
0  1.275794 9.781518 -1.278987  -0.323318 0.889343 0.323317  0.000000 0.000000 1 0 1.000000
c_invasion_wrangler_laser
0  1.537480 9.178946 -0.960122  -0.380179 -0.889343 0.254032  0.000000 0.000000 1 0 1.000000
0  1.275794 9.781518 -1.278987  -0.323318 0.889343 0.323317  0.000000 0.000000 1 0 1.000000
0  1.275794 9.178946 -1.278987  -0.323315 -0.889344 0.323319  0.000000 0.000000 1 0 1.000000
c_invasion_wrangler_laser
0  1.971379 9.480232 -1.250043  0.831470 0.000001 -0.555569  0.000000 0.000000 1 0 1.000000
0  1.275794 9.178946 -1.278987  -0.323315 -0.889344 0.323319  0.000000 0.000000 1 0 1.000000
0  1.644794 9.480232 -1.647988  0.707107 0.000001 -0.707106  0.000000 0.000000 1 0 1.000000
c_invasion_wrangler_laser
0  1.731931 9.781518 -0.596330  -0.422436 0.889343 0.174975  0.000000 0.000000 1 0 1.000000
0  1.971379 9.480232 -1.250043  0.831470 0.000001 -0.555569  0.000000 0.000000 1 0 1.000000
0  1.537480 9.781518 -0.960122  -0.380183 0.889343 0.254027  0.000000 0.000000 1 0 1.000000
c_invasion_wrangler_laser
0  1.731931 9.178946 -0.596330  -0.422433 -0.889344 0.174981  0.000000 0.000000 1 0 1.000000
0  1.537480 9.781518 -0.960122  -0.380183 0.889343 0.254027  0.000000 0.000000 1 0 1.000000
0  1.537480 9.178946 -0.960122  -0.380179 -0.889343 0.254032  0.000000 0.000000 1 0 1.000000
c_invasion_wrangler_laser
0  2.214053 9.480232 -0.796032  0.923880 0.000000 -0.382681  0.000000 0.000000 1 0 1.000000
0  1.537480 9.178946 -0.960122  -0.380179 -0.889343 0.254032  0.000000 0.000000 1 0 1.000000
0  1.971379 9.480232 -1.250043  0.831470 0.000001 -0.555569  0.000000 0.000000 1 0 1.000000
c_invasion_wrangler_laser
0  1.851672 9.781518 -0.201594  -0.464932 0.877697 0.116127  0.000000 0.000000 1 0 1.000000
0  2.214053 9.480232 -0.796032  0.923880 0.000000 -0.382681  0.000000 0.000000 1 0 1.000000
0  1.731931 9.781518 -0.596330  -0.422436 0.889343 0.174975  0.000000 0.000000 1 0 1.000000
c_invasion_wrangler_laser
0  1.851672 9.178946 -0.201594  -0.463149 -0.878340 0.118375  0.000000 0.000000 1 0 1.000000
0  1.731931 9.781518 -0.596330  -0.422436 0.889343 0.174975  0.000000 0.000000 1 0 1.000000
0  1.731931 9.178946 -0.596330  -0.422433 -0.889344 0.174981  0.000000 0.000000 1 0 1.000000
c_invasion_wrangler_laser
0  2.363490 9.480232 -0.303401  0.973620 -0.001153 -0.228174  0.000000 0.000000 1 0 1.000000
0  1.731931 9.178946 -0.596330  -0.422433 -0.889344 0.174981  0.000000 0.000000 1 0 1.000000
0  2.214053 9.480232 -0.796032  0.923880 0.000000 -0.382681  0.000000 0.000000 1 0 1.000000
c_invasion_wrangler_laser
0  1.892105 9.781518 0.000000  -0.412351 0.911025 0.000000  0.000000 0.000000 1 0 1.000000
0  2.363490 9.480232 -0.303401  0.973620 -0.001153 -0.228174  0.000000 0.000000 1 0 1.000000
0  1.851672 9.781518 -0.201594  -0.464932 0.877697 0.116127  0.000000 0.000000 1 0 1.000000
c_invasion_wrangler_laser
0  1.892105 9.178946 0.000000  -0.409343 -0.912381 0.000000  0.000000 0.000000 1 0 1.000000
0  1.851672 9.781518 -0.201594  -0.464932 0.877697 0.116127  0.000000 0.000000 1 0 1.000000
0  1.851672 9.178946 -0.201594  -0.463149 -0.878340 0.118375  0.000000 0.000000 1 0 1.000000
c_invasion_wrangler_laser
0  2.413950 9.480232 0.000000  0.999998 -0.001939 -0.000000  0.000000 0.000000 1 0 1.000000
0  1.851672 9.178946 -0.201594  -0.463149 -0.878340 0.118375  0.000000 0.000000 1 0 1.000000
0  2.363490 9.480232 -0.303401  0.973620 -0.001153 -0.228174  0.000000 0.000000 1 0 1.000000
c_invasion_wrangler_laser
0  2.413950 14.418124 0.000000  0.999998 -0.001939 0.000000  0.000000 0.000000 1 0 1.000000
0  1.851672 14.116838 -0.201594  -0.463148 -0.878340 0.118377  0.000000 0.000000 1 0 1.000000
0  2.363490 14.418124 -0.303401  0.973619 -0.001153 -0.228178  0.000000 0.000000 1 0 1.000000
c_invasion_wrangler_laser
0  1.892105 14.116838 0.000000  -0.409342 -0.912381 0.000000  0.000000 0.000000 1 0 1.000000
0  1.851672 14.719410 -0.201594  -0.464932 0.877697 0.116131  0.000000 0.000000 1 0 1.000000
0  1.851672 14.116838 -0.201594  -0.463148 -0.878340 0.118377  0.000000 0.000000 1 0 1.000000
c_invasion_wrangler_laser
0  1.892105 14.719410 0.000000  -0.412350 0.911025 0.000000  0.000000 0.000000 1 0 1.000000
0  2.363490 14.418124 -0.303401  0.973619 -0.001153 -0.228178  0.000000 0.000000 1 0 1.000000
0  1.851672 14.719410 -0.201594  -0.464932 0.877697 0.116131  0.000000 0.000000 1 0 1.000000
c_invasion_wrangler_laser
0  2.363490 14.418124 -0.303401  0.973619 -0.001153 -0.228178  0.000000 0.000000 1 0 1.000000
0  1.731931 14.116838 -0.596330  -0.422433 -0.889344 0.174981  0.000000 0.000000 1 0 1.000000
0  2.214053 14.418124 -0.796032  0.923879 0.000001 -0.382685  0.000000 0.000000 1 0 1.000000
c_invasion_wrangler_laser
0  1.851672 14.116838 -0.201594  -0.463148 -0.878340 0.118377  0.000000 0.000000 1 0 1.000000
0  1.731931 14.719410 -0.596330  -0.422435 0.889343 0.174977  0.000000 0.000000 1 0 1.000000
0  1.731931 14.116838 -0.596330  -0.422433 -0.889344 0.174981  0.000000 0.000000 1 0 1.000000
c_invasion_wrangler_laser
0  1.851672 14.719410 -0.201594  -0.464932 0.877697 0.116131  0.000000 0.000000 1 0 1.000000
0  2.214053 14.418124 -0.796032  0.923879 0.000001 -0.382685  0.000000 0.000000 1 0 1.000000
0  1.731931 14.719410 -0.596330  -0.422435 0.889343 0.174977  0.000000 0.000000 1 0 1.000000
c_invasion_wrangler_laser
0  2.214053 14.418124 -0.796032  0.923879 0.000001 -0.382685  0.000000 0.000000 1 0 1.000000
0  1.537480 14.116838 -0.960122  -0.380180 -0.889344 0.254030  0.000000 0.000000 1 0 1.000000
0  1.971379 14.418124 -1.250043  0.831469 0.000001 -0.555572  0.000000 0.000000 1 0 1.000000
c_invasion_wrangler_laser
0  1.731931 14.116838 -0.596330  -0.422433 -0.889344 0.174981  0.000000 0.000000 1 0 1.000000
0  1.537480 14.719410 -0.960122  -0.380183 0.889343 0.254029  0.000000 0.000000 1 0 1.000000
0  1.537480 14.116838 -0.960122  -0.380180 -0.889344 0.254030  0.000000 0.000000 1 0 1.000000
c_invasion_wrangler_laser
0  1.731931 14.719410 -0.596330  -0.422435 0.889343 0.174977  0.000000 0.000000 1 0 1.000000
0  1.971379 14.418124 -1.250043  0.831469 0.000001 -0.555572  0.000000 0.000000 1 0 1.000000
0  1.537480 14.719410 -0.960122  -0.380183 0.889343 0.254029  0.000000 0.000000 1 0 1.000000
c_invasion_wrangler_laser
0  1.971379 14.418124 -1.250043  0.831469 0.000001 -0.555572  0.000000 0.000000 1 0 1.000000
0  1.275794 14.116838 -1.278987  -0.323315 -0.889343 0.323320  0.000000 0.000000 1 0 1.000000
0  1.644794 14.418124 -1.647988  0.707107 -0.000000 -0.707107  0.000000 0.000000 1 0 1.000000
c_invasion_wrangler_laser
0  1.537480 14.116838 -0.960122  -0.380180 -0.889344 0.254030  0.000000 0.000000 1 0 1.000000
0  1.275794 14.719410 -1.278987  -0.323317 0.889344 0.323317  0.000000 0.000000 1 0 1.000000
0  1.275794 14.116838 -1.278987  -0.323315 -0.889343 0.323320  0.000000 0.000000 1 0 1.000000
c_invasion_wrangler_laser
0  1.537480 14.719410 -0.960122  -0.380183 0.889343 0.254029  0.000000 0.000000 1 0 1.000000
0  1.644794 14.418124 -1.647988  0.707107 -0.000000 -0.707107  0.000000 0.000000 1 0 1.000000
0  1.275794 14.719410 -1.278987  -0.323317 0.889344 0.323317  0.000000 0.000000 1 0 1.000000
c_invasion_wrangler_laser
0  1.644794 14.418124 -1.647988  0.707107 -0.000000 -0.707107  0.000000 0.000000 1 0 1.000000
0  0.956928 14.116838 -1.540673  -0.254028 -0.889343 0.380182  0.000000 0.000000 1 0 1.000000
0  1.246850 14.418124 -1.974572  0.555571 -0.000001 -0.831469  0.000000 0.000000 1 0 1.000000
c_invasion_wrangler_laser
0  1.275794 14.116838 -1.278987  -0.323315 -0.889343 0.323320  0.000000 0.000000 1 0 1.000000
0  0.956928 14.719413 -1.540673  -0.254027 0.889344 0.380179  0.000000 0.000000 1 0 1.000000
0  0.956928 14.116838 -1.540673  -0.254028 -0.889343 0.380182  0.000000 0.000000 1 0 1.000000
c_invasion_wrangler_laser
0  1.275794 14.719410 -1.278987  -0.323317 0.889344 0.323317  0.000000 0.000000 1 0 1.000000
0  1.246850 14.418124 -1.974572  0.555571 -0.000001 -0.831469  0.000000 0.000000 1 0 1.000000
0  0.956928 14.719413 -1.540673  -0.254027 0.889344 0.380179  0.000000 0.000000 1 0 1.000000
c_invasion_wrangler_laser
0  1.246850 14.418124 -1.974572  0.555571 -0.000001 -0.831469  0.000000 0.000000 1 0 1.000000
0  0.593138 14.116838 -1.735124  -0.174977 -0.889344 0.422433  0.000000 0.000000 1 0 1.000000
0  0.792840 14.418124 -2.217246  0.382684 -0.000002 -0.923879  0.000000 0.000000 1 0 1.000000
c_invasion_wrangler_laser
0  0.956928 14.116838 -1.540673  -0.254028 -0.889343 0.380182  0.000000 0.000000 1 0 1.000000
0  0.593138 14.719413 -1.735124  -0.174980 0.889344 0.422432  0.000000 0.000000 1 0 1.000000
0  0.593138 14.116838 -1.735124  -0.174977 -0.889344 0.422433  0.000000 0.000000 1 0 1.000000
c_invasion_wrangler_laser
0  0.956928 14.719413 -1.540673  -0.254027 0.889344 0.380179  0.000000 0.000000 1 0 1.000000
0  0.792840 14.418124 -2.217246  0.382684 -0.000002 -0.923879  0.000000 0.000000 1 0 1.000000
0  0.593138 14.719413 -1.735124  -0.174980 0.889344 0.422432  0.000000 0.000000 1 0 1.000000
c_invasion_wrangler_laser
0  0.792840 14.418124 -2.217246  0.382684 -0.000002 -0.923879  0.000000 0.000000 1 0 1.000000
0  0.198402 14.116838 -1.854865  -0.117014 -0.877338 0.465387  0.000000 0.000000 1 0 1.000000
0  0.300209 14.418124 -2.366684  0.229044 0.001187 -0.973415  0.000000 0.000000 1 0 1.000000
c_invasion_wrangler_laser
0  0.593138 14.116838 -1.735124  -0.174977 -0.889344 0.422433  0.000000 0.000000 1 0 1.000000
0  0.198402 14.719413 -1.854865  -0.119325 0.878003 0.463544  0.000000 0.000000 1 0 1.000000
0  0.198402 14.116838 -1.854865  -0.117014 -0.877338 0.465387  0.000000 0.000000 1 0 1.000000
c_invasion_wrangler_laser
0  0.593138 14.719413 -1.735124  -0.174980 0.889344 0.422432  0.000000 0.000000 1 0 1.000000
0  0.300209 14.418124 -2.366684  0.229044 0.001187 -0.973415  0.000000 0.000000 1 0 1.000000
0  0.198402 14.719413 -1.854865  -0.119325 0.878003 0.463544  0.000000 0.000000 1 0 1.000000
c_invasion_wrangler_laser
0  0.300209 14.418124 -2.366684  0.229044 0.001187 -0.973415  0.000000 0.000000 1 0 1.000000
0  0.000000 14.116838 -1.895298  -0.000000 -0.911679 0.410902  0.000000 0.000000 1 0 1.000000
0  0.000000 14.418124 -2.417143  0.000000 0.001995 -0.999998  0.000000 0.000000 1 0 1.000000
c_invasion_wrangler_laser
0  0.198402 14.116838 -1.854865  -0.117014 -0.877338 0.465387  0.000000 0.000000 1 0 1.000000
0  0.000000 14.719413 -1.895298  0.000000 0.913079 0.407783  0.000000 0.000000 1 0 1.000000
0  0.000000 14.116838 -1.895298  -0.000000 -0.911679 0.410902  0.000000 0.000000 1 0 1.000000
c_invasion_wrangler_laser
0  0.198402 14.719413 -1.854865  -0.119325 0.878003 0.463544  0.000000 0.000000 1 0 1.000000
0  0.000000 14.418124 -2.417143  0.000000 0.001995 -0.999998  0.000000 0.000000 1 0 1.000000
0  0.000000 14.719413 -1.895298  0.000000 0.913079 0.407783  0.000000 0.000000 1 0 1.000000
c_invasion_wrangler_laser
0  0.198402 8.547047 -1.854865  -0.119324 0.878003 0.463544  0.000000 0.000000 1 0 1.000000
0  0.000000 8.245758 -2.417143  0.000000 0.001997 -0.999998  0.000000 0.000000 1 0 1.000000
0  0.000000 8.547047 -1.895298  0.000000 0.913079 0.407784  0.000000 0.000000 1 0 1.000000
c_invasion_wrangler_laser
0  0.198402 7.944472 -1.854865  -0.117015 -0.877337 0.465389  0.000000 0.000000 1 0 1.000000
0  0.000000 8.547047 -1.895298  0.000000 0.913079 0.407784  0.000000 0.000000 1 0 1.000000
0  0.000000 7.944472 -1.895298  -0.000000 -0.911678 0.410904  0.000000 0.000000 1 0 1.000000
c_invasion_wrangler_laser
0  0.300209 8.245758 -2.366684  0.229044 0.001188 -0.973415  0.000000 0.000000 1 0 1.000000
0  0.000000 7.944472 -1.895298  -0.000000 -0.911678 0.410904  0.000000 0.000000 1 0 1.000000
0  0.000000 8.245758 -2.417143  0.000000 0.001997 -0.999998  0.000000 0.000000 1 0 1.000000
c_invasion_wrangler_laser
0  0.593138 8.547047 -1.735124  -0.174980 0.889345 0.422431  0.000000 0.000000 1 0 1.000000
0  0.300209 8.245758 -2.366684  0.229044 0.001188 -0.973415  0.000000 0.000000 1 0 1.000000
0  0.198402 8.547047 -1.854865  -0.119324 0.878003 0.463544  0.000000 0.000000 1 0 1.000000
c_invasion_wrangler_laser
0  0.593138 7.944472 -1.735124  -0.174976 -0.889344 0.422435  0.000000 0.000000 1 0 1.000000
0  0.198402 8.547047 -1.854865  -0.119324 0.878003 0.463544  0.000000 0.000000 1 0 1.000000
0  0.198402 7.944472 -1.854865  -0.117015 -0.877337 0.465389  0.000000 0.000000 1 0 1.000000
c_invasion_wrangler_laser
0  0.792840 8.245758 -2.217246  0.382683 -0.000002 -0.923880  0.000000 0.000000 1 0 1.000000
0  0.198402 7.944472 -1.854865  -0.117015 -0.877337 0.465389  0.000000 0.000000 1 0 1.000000
0  0.300209 8.245758 -2.366684  0.229044 0.001188 -0.973415  0.000000 0.000000 1 0 1.000000
c_invasion_wrangler_laser
0  0.956928 8.547047 -1.540673  -0.254029 0.889344 0.380179  0.000000 0.000000 1 0 1.000000
0  0.792840 8.245758 -2.217246  0.382683 -0.000002 -0.923880  0.000000 0.000000 1 0 1.000000
0  0.593138 8.547047 -1.735124  -0.174980 0.889345 0.422431  0.000000 0.000000 1 0 1.000000
c_invasion_wrangler_laser
0  0.956928 7.944472 -1.540673  -0.254027 -0.889343 0.380184  0.000000 0.000000 1 0 1.000000
0  0.593138 8.547047 -1.735124  -0.174980 0.889345 0.422431  0.000000 0.000000 1 0 1.000000
0  0.593138 7.944472 -1.735124  -0.174976 -0.889344 0.422435  0.000000 0.000000 1 0 1.000000
c_invasion_wrangler_laser
0  1.246850 8.245758 -1.974572  0.555571 -0.000001 -0.831469  0.000000 0.000000 1 0 1.000000
0  0.593138 7.944472 -1.735124  -0.174976 -0.889344 0.422435  0.000000 0.000000 1 0 1.000000
0  0.792840 8.245758 -2.217246  0.382683 -0.000002 -0.923880  0.000000 0.000000 1 0 1.000000
c_invasion_wrangler_laser
0  1.275794 8.547045 -1.278987  -0.323318 0.889344 0.323316  0.000000 0.000000 1 0 1.000000
0  1.246850 8.245758 -1.974572  0.555571 -0.000001 -0.831469  0.000000 0.000000 1 0 1.000000
0  0.956928 8.547047 -1.540673  -0.254029 0.889344 0.380179  0.000000 0.000000 1 0 1.000000
c_invasion_wrangler_laser
0  1.275794 7.944472 -1.278987  -0.323315 -0.889343 0.323320  0.000000 0.000000 1 0 1.000000
0  0.956928 8.547047 -1.540673  -0.254029 0.889344 0.380179  0.000000 0.000000 1 0 1.000000
0  0.956928 7.944472 -1.540673  -0.254027 -0.889343 0.380184  0.000000 0.000000 1 0 1.000000
c_invasion_wrangler_laser
0  1.644794 8.245758 -1.647988  0.707106 -0.000000 -0.707107  0.000000 0.000000 1 0 1.000000
0  0.956928 7.944472 -1.540673  -0.254027 -0.889343 0.380184  0.000000 0.000000 1 0 1.000000
0  1.246850 8.245758 -1.974572  0.555571 -0.000001 -0.831469  0.000000 0.000000 1 0 1.000000
c_invasion_wrangler_laser
0  1.537480 8.547045 -0.960122  -0.380183 0.889343 0.254026  0.000000 0.000000 1 0 1.000000
0  1.644794 8.245758 -1.647988  0.707106 -0.000000 -0.707107  0.000000 0.000000 1 0 1.000000
0  1.275794 8.547045 -1.278987  -0.323318 0.889344 0.323316  0.000000 0.000000 1 0 1.000000
c_invasion_wrangler_laser
0  1.537480 7.944472 -0.960122  -0.380180 -0.889343 0.254033  0.000000 0.000000 1 0 1.000000
0  1.275794 8.547045 -1.278987  -0.323318 0.889344 0.323316  0.000000 0.000000 1 0 1.000000
0  1.275794 7.944472 -1.278987  -0.323315 -0.889343 0.323320  0.000000 0.000000 1 0 1.000000
c_invasion_wrangler_laser
0  1.971379 8.245758 -1.250043  0.831469 -0.000000 -0.555571  0.000000 0.000000 1 0 1.000000
0  1.275794 7.944472 -1.278987  -0.323315 -0.889343 0.323320  0.000000 0.000000 1 0 1.000000
0  1.644794 8.245758 -1.647988  0.707106 -0.000000 -0.707107  0.000000 0.000000 1 0 1.000000
c_invasion_wrangler_laser
0  1.731931 8.547045 -0.596330  -0.422435 0.889344 0.174976  0.000000 0.000000 1 0 1.000000
0  1.971379 8.245758 -1.250043  0.831469 -0.000000 -0.555571  0.000000 0.000000 1 0 1.000000
0  1.537480 8.547045 -0.960122  -0.380183 0.889343 0.254026  0.000000 0.000000 1 0 1.000000
c_invasion_wrangler_laser
0  1.731931 7.944472 -0.596330  -0.422433 -0.889344 0.174981  0.000000 0.000000 1 0 1.000000
0  1.537480 8.547045 -0.960122  -0.380183 0.889343 0.254026  0.000000 0.000000 1 0 1.000000
0  1.537480 7.944472 -0.960122  -0.380180 -0.889343 0.254033  0.000000 0.000000 1 0 1.000000
c_invasion_wrangler_laser
0  2.214053 8.245758 -0.796032  0.923879 -0.000000 -0.382684  0.000000 0.000000 1 0 1.000000
0  1.537480 7.944472 -0.960122  -0.380180 -0.889343 0.254033  0.000000 0.000000 1 0 1.000000
0  1.971379 8.245758 -1.250043  0.831469 -0.000000 -0.555571  0.000000 0.000000 1 0 1.000000
c_invasion_wrangler_laser
0  1.851672 8.547045 -0.201594  -0.464931 0.877697 0.116130  0.000000 0.000000 1 0 1.000000
0  2.214053 8.245758 -0.796032  0.923879 -0.000000 -0.382684  0.000000 0.000000 1 0 1.000000
0  1.731931 8.547045 -0.596330  -0.422435 0.889344 0.174976  0.000000 0.000000 1 0 1.000000
c_invasion_wrangler_laser
0  1.851672 7.944472 -0.201594  -0.463149 -0.878339 0.118375  0.000000 0.000000 1 0 1.000000
0  1.731931 8.547045 -0.596330  -0.422435 0.889344 0.174976  0.000000 0.000000 1 0 1.000000
0  1.731931 7.944472 -0.596330  -0.422433 -0.889344 0.174981  0.000000 0.000000 1 0 1.000000
c_invasion_wrangler_laser
0  2.363490 8.245758 -0.303401  0.973620 -0.001155 -0.228172  0.000000 0.000000 1 0 1.000000
0  1.731931 7.944472 -0.596330  -0.422433 -0.889344 0.174981  0.000000 0.000000 1 0 1.000000
0  2.214053 8.245758 -0.796032  0.923879 -0.000000 -0.382684  0.000000 0.000000 1 0 1.000000
c_invasion_wrangler_laser
0  1.892105 8.547045 0.000000  -0.412349 0.911026 -0.000000  0.000000 0.000000 1 0 1.000000
0  2.363490 8.245758 -0.303401  0.973620 -0.001155 -0.228172  0.000000 0.000000 1 0 1.000000
0  1.851672 8.547045 -0.201594  -0.464931 0.877697 0.116130  0.000000 0.000000 1 0 1.000000
c_invasion_wrangler_laser
0  1.892105 7.944472 0.000000  -0.409343 -0.912381 0.000000  0.000000 0.000000 1 0 1.000000
0  1.851672 8.547045 -0.201594  -0.464931 0.877697 0.116130  0.000000 0.000000 1 0 1.000000
0  1.851672 7.944472 -0.201594  -0.463149 -0.878339 0.118375  0.000000 0.000000 1 0 1.000000
c_invasion_wrangler_laser
0  2.413950 8.245758 0.000000  0.999998 -0.001940 -0.000000  0.000000 0.000000 1 0 1.000000
0  1.851672 7.944472 -0.201594  -0.463149 -0.878339 0.118375  0.000000 0.000000 1 0 1.000000
0  2.363490 8.245758 -0.303401  0.973620 -0.001155 -0.228172  0.000000 0.000000 1 0 1.000000
c_invasion_wrangler_laser
0  7.197533 19.131565 -0.398517  -0.522439 0.000002 -0.852677  0.000000 0.000000 1 0 1.000000
0  7.106049 20.060417 0.000000  -0.980785 -0.195093 0.000000  0.000000 0.000000 1 0 1.000000
0  7.106049 20.060417 -0.398517  -0.521169 -0.103665 -0.847134  0.000000 0.000000 1 0 1.000000
c_invasion_wrangler_laser
0  8.137940 20.265675 0.000000  0.985546 0.169405 -0.000000  0.000000 0.000000 1 0 1.000000
0  6.835113 20.953573 -0.398517  -0.490909 -0.203341 -0.847149  0.000000 0.000000 1 0 1.000000
0  7.807134 21.356197 0.000000  0.923879 0.382684 0.000000  0.000000 0.000000 1 0 1.000000
c_invasion_wrangler_laser
0  7.106049 20.060417 -0.398517  -0.521169 -0.103665 -0.847134  0.000000 0.000000 1 0 1.000000
0  6.835113 20.953573 0.000000  -0.923878 -0.382686 0.000000  0.000000 0.000000 1 0 1.000000
0  6.835113 20.953573 -0.398517  -0.490909 -0.203341 -0.847149  0.000000 0.000000 1 0 1.000000
c_invasion_wrangler_laser
0  7.807134 21.356197 0.000000  0.923879 0.382684 0.000000  0.000000 0.000000 1 0 1.000000
0  6.395136 21.776711 -0.398517  -0.682033 0.241368 -0.690342  0.000000 0.000000 1 0 1.000000
0  7.269933 22.361233 0.000000  0.431822 0.901959 0.000000  0.000000 0.000000 1 0 1.000000
c_invasion_wrangler_laser
0  6.835113 20.953573 -0.398517  -0.490909 -0.203341 -0.847149  0.000000 0.000000 1 0 1.000000
0  6.395136 21.776711 0.000000  -0.970026 0.243000 0.000000  0.000000 0.000000 1 0 1.000000
0  6.395136 21.776711 -0.398517  -0.682033 0.241368 -0.690342  0.000000 0.000000 1 0 1.000000
c_invasion_wrangler_laser
0  2.436395 13.318319 0.000000  -0.510034 -0.860154 0.000000  0.000000 0.000000 1 0 1.000000
0  3.365245 14.461910 -0.398517  -0.103662 0.521146 -0.847149  0.000000 0.000000 1 0 1.000000
0  3.570500 13.430017 0.000000  0.195091 -0.980785 0.000000  0.000000 0.000000 1 0 1.000000
c_invasion_wrangler_laser
0  2.436395 14.370426 -0.398517  -0.579632 0.432997 -0.690319  0.000000 0.000000 1 0 1.000000
0  3.365245 14.461910 0.000000  -0.195093 0.980785 0.000000  0.000000 0.000000 1 0 1.000000
0  3.365245 14.461910 -0.398517  -0.103662 0.521146 -0.847149  0.000000 0.000000 1 0 1.000000
c_invasion_wrangler_laser
0  3.570500 13.430017 0.000000  0.195091 -0.980785 0.000000  0.000000 0.000000 1 0 1.000000
0  4.258405 14.732848 -0.398517  -0.203341 0.490909 -0.847148  0.000000 0.000000 1 0 1.000000
0  4.661029 13.760826 0.000000  0.382685 -0.923879 0.000000  0.000000 0.000000 1 0 1.000000
c_invasion_wrangler_laser
0  3.365245 14.461910 -0.398517  -0.103662 0.521146 -0.847149  0.000000 0.000000 1 0 1.000000
0  4.258405 14.732848 0.000000  -0.382686 0.923878 0.000000  0.000000 0.000000 1 0 1.000000
0  4.258405 14.732848 -0.398517  -0.203341 0.490909 -0.847148  0.000000 0.000000 1 0 1.000000
c_invasion_wrangler_laser
0  4.661029 13.760826 0.000000  0.382685 -0.923879 0.000000  0.000000 0.000000 1 0 1.000000
0  5.081541 15.172824 -0.398517  -0.295205 0.441807 -0.847149  0.000000 0.000000 1 0 1.000000
0  5.666060 14.298028 0.000000  0.555571 -0.831469 0.000000  0.000000 0.000000 1 0 1.000000
c_invasion_wrangler_laser
0  4.258405 14.732848 -0.398517  -0.203341 0.490909 -0.847148  0.000000 0.000000 1 0 1.000000
0  5.081541 15.172824 0.000000  -0.555572 0.831469 0.000000  0.000000 0.000000 1 0 1.000000
0  5.081541 15.172824 -0.398517  -0.295205 0.441807 -0.847149  0.000000 0.000000 1 0 1.000000
c_invasion_wrangler_laser
0  5.666060 14.298028 0.000000  0.555571 -0.831469 0.000000  0.000000 0.000000 1 0 1.000000
0  5.803026 15.764930 -0.398517  -0.375724 0.375725 -0.847149  0.000000 0.000000 1 0 1.000000
0  6.546979 15.020977 0.000000  0.707107 -0.707106 0.000000  0.000000 0.000000 1 0 1.000000
c_invasion_wrangler_laser
0  5.081541 15.172824 -0.398517  -0.295205 0.441807 -0.847149  0.000000 0.000000 1 0 1.000000
0  5.803026 15.764930 0.000000  -0.707108 0.707105 0.000000  0.000000 0.000000 1 0 1.000000
0  5.803026 15.764930 -0.398517  -0.375724 0.375725 -0.847149  0.000000 0.000000 1 0 1.000000
c_invasion_wrangler_laser
0  6.546979 15.020977 0.000000  0.707107 -0.707106 0.000000  0.000000 0.000000 1 0 1.000000
0  6.395136 16.486420 -0.398517  -0.441806 0.295206 -0.847148  0.000000 0.000000 1 0 1.000000
0  7.269933 15.901899 0.000000  0.831470 -0.555569 -0.000000  0.000000 0.000000 1 0 1.000000
c_invasion_wrangler_laser
0  5.803026 15.764930 -0.398517  -0.375724 0.375725 -0.847149  0.000000 0.000000 1 0 1.000000
0  6.395136 16.486420 0.000000  -0.831471 0.555568 0.000000  0.000000 0.000000 1 0 1.000000
0  6.395136 16.486420 -0.398517  -0.441806 0.295206 -0.847148  0.000000 0.000000 1 0 1.000000
c_invasion_wrangler_laser
0  7.269933 15.901899 0.000000  0.831470 -0.555569 -0.000000  0.000000 0.000000 1 0 1.000000
0  6.835113 17.309555 -0.398517  -0.490908 0.203342 -0.847149  0.000000 0.000000 1 0 1.000000
0  7.807133 16.906931 0.000000  0.923880 -0.382682 -0.000000  0.000000 0.000000 1 0 1.000000
c_invasion_wrangler_laser
0  6.395136 16.486420 -0.398517  -0.441806 0.295206 -0.847148  0.000000 0.000000 1 0 1.000000
0  6.835113 17.309555 0.000000  -0.923880 0.382681 0.000000  0.000000 0.000000 1 0 1.000000
0  6.835113 17.309555 -0.398517  -0.490908 0.203342 -0.847149  0.000000 0.000000 1 0 1.000000
c_invasion_wrangler_laser
0  7.807133 16.906931 0.000000  0.923880 -0.382682 -0.000000  0.000000 0.000000 1 0 1.000000
0  7.106049 18.202715 -0.398517  -0.521146 0.103663 -0.847148  0.000000 0.000000 1 0 1.000000
0  8.137941 17.997459 0.000000  0.985547 -0.169404 0.000000  0.000000 0.000000 1 0 1.000000
c_invasion_wrangler_laser
0  6.835113 17.309555 -0.398517  -0.490908 0.203342 -0.847149  0.000000 0.000000 1 0 1.000000
0  7.106049 18.202715 0.000000  -0.980786 0.195088 0.000000  0.000000 0.000000 1 0 1.000000
0  7.106049 18.202715 -0.398517  -0.521146 0.103663 -0.847148  0.000000 0.000000 1 0 1.000000
c_invasion_wrangler_laser
0  7.106049 18.202715 -0.398517  -0.521146 0.103663 -0.847148  0.000000 0.000000 1 0 1.000000
0  7.197533 19.131565 0.000000  -1.000000 -0.000002 0.000000  0.000000 0.000000 1 0 1.000000
0  7.197533 19.131565 -0.398517  -0.522439 0.000002 -0.852677  0.000000 0.000000 1 0 1.000000
c_invasion_wrangler_laser
0  7.269933 15.901899 0.000000  0.831470 -0.555569 -0.000000  0.000000 0.000000 1 0 1.000000
0  6.395136 16.486420 -0.398517  -0.441806 0.295206 -0.847148  0.000000 0.000000 1 0 1.000000
0  6.835113 17.309555 -0.398517  -0.490908 0.203342 -0.847149  0.000000 0.000000 1 0 1.000000
c_invasion_wrangler_laser
0  7.106049 18.202715 -0.398517  -0.521146 0.103663 -0.847148  0.000000 0.000000 1 0 1.000000
0  7.106049 18.202715 0.000000  -0.980786 0.195088 0.000000  0.000000 0.000000 1 0 1.000000
0  7.197533 19.131565 0.000000  -1.000000 -0.000002 0.000000  0.000000 0.000000 1 0 1.000000
c_invasion_wrangler_laser
0  7.807133 16.906931 0.000000  0.923880 -0.382682 -0.000000  0.000000 0.000000 1 0 1.000000
0  6.835113 17.309555 -0.398517  -0.490908 0.203342 -0.847149  0.000000 0.000000 1 0 1.000000
0  7.106049 18.202715 -0.398517  -0.521146 0.103663 -0.847148  0.000000 0.000000 1 0 1.000000
c_invasion_wrangler_laser
0  2.436395 14.370426 -0.398517  -0.579632 0.432997 -0.690319  0.000000 0.000000 1 0 1.000000
0  2.436395 14.370426 0.000000  -0.740951 0.671559 0.000000  0.000000 0.000000 1 0 1.000000
0  3.365245 14.461910 0.000000  -0.195093 0.980785 0.000000  0.000000 0.000000 1 0 1.000000
c_invasion_wrangler_laser
0  6.395136 21.776711 -0.398517  -0.682033 0.241368 -0.690342  0.000000 0.000000 1 0 1.000000
0  6.395136 21.776711 0.000000  -0.970026 0.243000 0.000000  0.000000 0.000000 1 0 1.000000
0  7.269933 22.361233 0.000000  0.431822 0.901959 0.000000  0.000000 0.000000 1 0 1.000000
c_invasion_wrangler_laser
0  4.661029 13.760826 0.000000  0.382685 -0.923879 0.000000  0.000000 0.000000 1 0 1.000000
0  4.258405 14.732848 -0.398517  -0.203341 0.490909 -0.847148  0.000000 0.000000 1 0 1.000000
0  5.081541 15.172824 -0.398517  -0.295205 0.441807 -0.847149  0.000000 0.000000 1 0 1.000000
c_invasion_wrangler_laser
0  6.395136 16.486420 -0.398517  -0.441806 0.295206 -0.847148  0.000000 0.000000 1 0 1.000000
0  6.395136 16.486420 0.000000  -0.831471 0.555568 0.000000  0.000000 0.000000 1 0 1.000000
0  6.835113 17.309555 0.000000  -0.923880 0.382682 0.000000  0.000000 0.000000 1 0 1.000000
c_invasion_wrangler_laser
0  5.666060 14.298028 0.000000  0.555571 -0.831469 0.000000  0.000000 0.000000 1 0 1.000000
0  5.081541 15.172824 -0.398517  -0.295205 0.441807 -0.847149  0.000000 0.000000 1 0 1.000000
0  5.803026 15.764930 -0.398517  -0.375724 0.375725 -0.847149  0.000000 0.000000 1 0 1.000000
c_invasion_wrangler_laser
0  7.197533 19.131565 -0.398517  -0.522439 0.000002 -0.852677  0.000000 0.000000 1 0 1.000000
0  7.106049 20.060417 -0.398517  -0.521169 -0.103665 -0.847134  0.000000 0.000000 1 0 1.000000
0  8.137940 20.265675 0.000000  0.985546 0.169405 -0.000000  0.000000 0.000000 1 0 1.000000
c_invasion_wrangler_laser
0  8.137941 17.997459 0.000000  0.985547 -0.169404 0.000000  0.000000 0.000000 1 0 1.000000
0  7.106049 18.202715 -0.398517  -0.521146 0.103663 -0.847148  0.000000 0.000000 1 0 1.000000
0  7.197533 19.131565 -0.398517  -0.522439 0.000002 -0.852677  0.000000 0.000000 1 0 1.000000
c_invasion_wrangler_laser
0  7.807134 21.356197 0.000000  0.923879 0.382684 0.000000  0.000000 0.000000 1 0 1.000000
0  6.835113 20.953573 -0.398517  -0.490909 -0.203341 -0.847149  0.000000 0.000000 1 0 1.000000
0  6.395136 21.776711 -0.398517  -0.682033 0.241368 -0.690342  0.000000 0.000000 1 0 1.000000
c_invasion_wrangler_laser
0  3.570500 13.430017 0.000000  0.195091 -0.980785 0.000000  0.000000 0.000000 1 0 1.000000
0  3.365245 14.461910 -0.398517  -0.103662 0.521146 -0.847149  0.000000 0.000000 1 0 1.000000
0  4.258405 14.732848 -0.398517  -0.203341 0.490909 -0.847148  0.000000 0.000000 1 0 1.000000
c_invasion_wrangler_laser
0  4.258405 14.732848 -0.398517  -0.203341 0.490909 -0.847148  0.000000 0.000000 1 0 1.000000
0  4.258405 14.732848 0.000000  -0.382686 0.923878 0.000000  0.000000 0.000000 1 0 1.000000
0  5.081541 15.172824 0.000000  -0.555572 0.831469 0.000000  0.000000 0.000000 1 0 1.000000
c_invasion_wrangler_laser
0  7.197533 19.131565 -0.398517  -0.522439 0.000002 -0.852677  0.000000 0.000000 1 0 1.000000
0  8.137940 20.265675 0.000000  0.985546 0.169405 -0.000000  0.000000 0.000000 1 0 1.000000
0  8.137941 17.997459 0.000000  0.985547 -0.169404 0.000000  0.000000 0.000000 1 0 1.000000
gold_player
0  3.812725 16.480772 0.000567  1.000000 0.000000 0.000000  0.000000 0.000000 1 0 1.000000
0  3.812725 18.209158 -1.496259  1.000000 0.000000 0.000000  0.000000 0.000000 1 0 1.000000
0  3.812725 19.937542 0.000567  1.000000 0.000000 0.000000  0.000000 0.000000 1 0 1.000000
c_invasion_wrangler_laser
0  2.102728 16.480772 -3.641458  0.000000 1.000000 -0.000000  0.672371 0.193178 1 0 1.000000
0  2.102728 19.937542 -3.641458  -0.000037 -1.000000 -0.000021  0.511750 0.000000 1 0 1.000000
0  3.399020 18.209158 -2.893043  -0.866025 0.000011 -0.500000  0.511750 0.167083 1 0 1.000000
c_invasion_wrangler_laser
0  8.137940 20.265675 0.000000  0.985546 0.169405 -0.000000  0.000000 0.000000 1 0 1.000000
0  6.835113 20.953573 -0.398517  -0.490909 -0.203341 -0.847149  0.000000 0.000000 1 0 1.000000
0  7.807134 21.356197 0.000000  0.923879 0.382684 0.000000  0.000000 0.000000 1 0 1.000000
c_invasion_wrangler_laser
0  7.106049 20.060417 -0.398517  -0.521169 -0.103665 -0.847134  0.000000 0.000000 1 0 1.000000
0  6.835113 20.953573 0.000000  -0.923878 -0.382686 0.000000  0.000000 0.000000 1 0 1.000000
0  6.835113 20.953573 -0.398517  -0.490909 -0.203341 -0.847149  0.000000 0.000000 1 0 1.000000
c_invasion_wrangler_laser
0  7.807134 21.356197 0.000000  0.923879 0.382684 0.000000  0.000000 0.000000 1 0 1.000000
0  6.395136 21.776711 -0.398517  -0.682033 0.241368 -0.690342  0.000000 0.000000 1 0 1.000000
0  7.269933 22.361233 0.000000  0.431822 0.901959 0.000000  0.000000 0.000000 1 0 1.000000
c_invasion_wrangler_laser
0  6.835113 20.953573 -0.398517  -0.490909 -0.203341 -0.847149  0.000000 0.000000 1 0 1.000000
0  6.395136 21.776711 0.000000  -0.970026 0.243000 0.000000  0.000000 0.000000 1 0 1.000000
0  6.395136 21.776711 -0.398517  -0.682033 0.241368 -0.690342  0.000000 0.000000 1 0 1.000000
c_invasion_wrangler_laser
0  2.436395 13.318319 0.000000  -0.510034 -0.860154 0.000000  0.000000 0.000000 1 0 1.000000
0  3.365245 14.461910 -0.398517  -0.103662 0.521146 -0.847149  0.000000 0.000000 1 0 1.000000
0  3.570500 13.430017 0.000000  0.195091 -0.980785 0.000000  0.000000 0.000000 1 0 1.000000
c_invasion_wrangler_laser
0  2.436395 14.370426 -0.398517  -0.579632 0.432997 -0.690319  0.000000 0.000000 1 0 1.000000
0  3.365245 14.461910 0.000000  -0.195093 0.980785 0.000000  0.000000 0.000000 1 0 1.000000
0  3.365245 14.461910 -0.398517  -0.103662 0.521146 -0.847149  0.000000 0.000000 1 0 1.000000
c_invasion_wrangler_laser
0  3.570500 13.430017 0.000000  0.195091 -0.980785 0.000000  0.000000 0.000000 1 0 1.000000
0  4.258405 14.732848 -0.398517  -0.203341 0.490909 -0.847148  0.000000 0.000000 1 0 1.000000
0  4.661029 13.760826 0.000000  0.382685 -0.923879 0.000000  0.000000 0.000000 1 0 1.000000
c_invasion_wrangler_laser
0  3.365245 14.461910 -0.398517  -0.103662 0.521146 -0.847149  0.000000 0.000000 1 0 1.000000
0  4.258405 14.732848 0.000000  -0.382686 0.923878 0.000000  0.000000 0.000000 1 0 1.000000
0  4.258405 14.732848 -0.398517  -0.203341 0.490909 -0.847148  0.000000 0.000000 1 0 1.000000
c_invasion_wrangler_laser
0  4.661029 13.760826 0.000000  0.382685 -0.923879 0.000000  0.000000 0.000000 1 0 1.000000
0  5.081541 15.172824 -0.398517  -0.295205 0.441807 -0.847149  0.000000 0.000000 1 0 1.000000
0  5.666060 14.298028 0.000000  0.555571 -0.831469 0.000000  0.000000 0.000000 1 0 1.000000
c_invasion_wrangler_laser
0  4.258405 14.732848 -0.398517  -0.203341 0.490909 -0.847148  0.000000 0.000000 1 0 1.000000
0  5.081541 15.172824 0.000000  -0.555572 0.831469 0.000000  0.000000 0.000000 1 0 1.000000
0  5.081541 15.172824 -0.398517  -0.295205 0.441807 -0.847149  0.000000 0.000000 1 0 1.000000
c_invasion_wrangler_laser
0  5.666060 14.298028 0.000000  0.555571 -0.831469 0.000000  0.000000 0.000000 1 0 1.000000
0  5.803026 15.764930 -0.398517  -0.375724 0.375725 -0.847149  0.000000 0.000000 1 0 1.000000
0  6.546979 15.020977 0.000000  0.707107 -0.707106 0.000000  0.000000 0.000000 1 0 1.000000
c_invasion_wrangler_laser
0  5.081541 15.172824 -0.398517  -0.295205 0.441807 -0.847149  0.000000 0.000000 1 0 1.000000
0  5.803026 15.764930 0.000000  -0.707108 0.707105 0.000000  0.000000 0.000000 1 0 1.000000
0  5.803026 15.764930 -0.398517  -0.375724 0.375725 -0.847149  0.000000 0.000000 1 0 1.000000
c_invasion_wrangler_laser
0  6.546979 15.020977 0.000000  0.707107 -0.707106 0.000000  0.000000 0.000000 1 0 1.000000
0  6.395136 16.486420 -0.398517  -0.441806 0.295206 -0.847148  0.000000 0.000000 1 0 1.000000
0  7.269933 15.901899 0.000000  0.831470 -0.555569 -0.000000  0.000000 0.000000 1 0 1.000000
c_invasion_wrangler_laser
0  5.803026 15.764930 -0.398517  -0.375724 0.375725 -0.847149  0.000000 0.000000 1 0 1.000000
0  6.395136 16.486420 0.000000  -0.831471 0.555568 0.000000  0.000000 0.000000 1 0 1.000000
0  6.395136 16.486420 -0.398517  -0.441806 0.295206 -0.847148  0.000000 0.000000 1 0 1.000000
c_invasion_wrangler_laser
0  7.269933 15.901899 0.000000  0.831470 -0.555569 -0.000000  0.000000 0.000000 1 0 1.000000
0  6.835113 17.309555 -0.398517  -0.490908 0.203342 -0.847149  0.000000 0.000000 1 0 1.000000
0  7.807133 16.906931 0.000000  0.923880 -0.382682 -0.000000  0.000000 0.000000 1 0 1.000000
c_invasion_wrangler_laser
0  6.395136 16.486420 -0.398517  -0.441806 0.295206 -0.847148  0.000000 0.000000 1 0 1.000000
0  6.835113 17.309555 0.000000  -0.923880 0.382682 0.000000  0.000000 0.000000 1 0 1.000000
0  6.835113 17.309555 -0.398517  -0.490908 0.203342 -0.847149  0.000000 0.000000 1 0 1.000000
c_invasion_wrangler_laser
0  7.807133 16.906931 0.000000  0.923880 -0.382682 -0.000000  0.000000 0.000000 1 0 1.000000
0  7.106049 18.202715 -0.398517  -0.521146 0.103663 -0.847148  0.000000 0.000000 1 0 1.000000
0  8.137941 17.997459 0.000000  0.985547 -0.169404 0.000000  0.000000 0.000000 1 0 1.000000
c_invasion_wrangler_laser
0  6.835113 17.309555 -0.398517  -0.490908 0.203342 -0.847149  0.000000 0.000000 1 0 1.000000
0  7.106049 18.202715 0.000000  -0.980786 0.195088 0.000000  0.000000 0.000000 1 0 1.000000
0  7.106049 18.202715 -0.398517  -0.521146 0.103663 -0.847148  0.000000 0.000000 1 0 1.000000
c_invasion_wrangler_laser
0  7.106049 18.202715 -0.398517  -0.521146 0.103663 -0.847148  0.000000 0.000000 1 0 1.000000
0  7.197533 19.131565 0.000000  -1.000000 -0.000002 0.000000  0.000000 0.000000 1 0 1.000000
0  7.197533 19.131565 -0.398517  -0.522439 0.000002 -0.852677  0.000000 0.000000 1 0 1.000000
c_invasion_wrangler_laser
0  7.197533 19.131565 -0.398517  -0.522439 0.000002 -0.852677  0.000000 0.000000 1 0 1.000000
0  7.106049 20.060417 -0.398517  -0.521169 -0.103665 -0.847134  0.000000 0.000000 1 0 1.000000
0  8.137940 20.265675 0.000000  0.985546 0.169405 -0.000000  0.000000 0.000000 1 0 1.000000
c_invasion_wrangler_laser
0  7.197533 19.131565 -0.398517  -0.522439 0.000002 -0.852677  0.000000 0.000000 1 0 1.000000
0  8.137940 20.265675 0.000000  0.985546 0.169405 -0.000000  0.000000 0.000000 1 0 1.000000
0  8.137941 17.997459 0.000000  0.985547 -0.169404 0.000000  0.000000 0.000000 1 0 1.000000
c_invasion_wrangler_laser
0  0.000000 15.020952 -6.546975  0.000000 -0.707107 -0.707107  0.000000 0.000000 1 0 1.000000
0  -0.398516 15.764905 -5.803022  -0.847149 0.375726 0.375725  0.000000 0.000000 1 0 1.000000
0  -0.398516 16.486395 -6.395132  -0.847148 0.295207 0.441807  0.000000 0.000000 1 0 1.000000
c_invasion_wrangler_laser
0  -0.398516 14.370402 -2.436390  -0.690319 0.432999 0.579631  0.000000 0.000000 1 0 1.000000
0  0.000000 13.318295 -2.436390  -0.000000 -0.860154 0.510034  0.000000 0.000000 1 0 1.000000
0  0.000000 14.370402 -2.436390  0.000000 0.671560 0.740950  0.000000 0.000000 1 0 1.000000
c_invasion_wrangler_laser
0  -0.398516 17.309530 -6.835108  -0.847149 0.203342 0.490908  0.000000 0.000000 1 0 1.000000
0  0.000000 17.309530 -6.835108  0.000000 0.382681 0.923880  0.000000 0.000000 1 0 1.000000
0  0.000000 18.202690 -7.106045  0.000000 0.195088 0.980786  0.000000 0.000000 1 0 1.000000
c_invasion_wrangler_laser
0  0.000000 13.318295 -2.436390  -0.000000 -0.860154 0.510034  0.000000 0.000000 1 0 1.000000
0  -0.398516 14.370402 -2.436390  -0.690319 0.432999 0.579631  0.000000 0.000000 1 0 1.000000
0  -0.398516 14.461885 -3.365240  -0.847149 0.521146 0.103662  0.000000 0.000000 1 0 1.000000
c_invasion_wrangler_laser
0  -0.398516 20.060392 -7.106045  -0.847134 -0.103665 0.521169  0.000000 0.000000 1 0 1.000000
0  0.000000 20.060392 -7.106045  0.000000 -0.195093 0.980785  0.000000 0.000000 1 0 1.000000
0  0.000000 20.953548 -6.835109  0.000000 -0.382686 0.923878  0.000000 0.000000 1 0 1.000000
c_invasion_wrangler_laser
0  -0.398516 19.131540 -7.197529  -0.852676 0.000002 0.522440  0.000000 0.000000 1 0 1.000000
0  0.000000 19.131540 -7.197529  0.000000 -0.000002 1.000000  0.000000 0.000000 1 0 1.000000
0  0.000000 20.060392 -7.106045  0.000000 -0.195093 0.980785  0.000000 0.000000 1 0 1.000000
c_invasion_wrangler_laser
0  -0.398516 15.764905 -5.803022  -0.847149 0.375726 0.375725  0.000000 0.000000 1 0 1.000000
0  0.000000 15.764905 -5.803022  0.000000 0.707105 0.707108  0.000000 0.000000 1 0 1.000000
0  0.000000 16.486395 -6.395132  0.000000 0.555569 0.831471  0.000000 0.000000 1 0 1.000000
c_invasion_wrangler_laser
0  -0.398516 19.131540 -7.197529  -0.852676 0.000002 0.522440  0.000000 0.000000 1 0 1.000000
0  0.000000 20.060392 -7.106045  0.000000 -0.195093 0.980785  0.000000 0.000000 1 0 1.000000
0  -0.398516 20.060392 -7.106045  -0.847134 -0.103665 0.521169  0.000000 0.000000 1 0 1.000000
c_invasion_wrangler_laser
0  -0.398516 15.172799 -5.081537  -0.847148 0.441808 0.295204  0.000000 0.000000 1 0 1.000000
0  0.000000 15.172799 -5.081537  0.000000 0.831469 0.555571  0.000000 0.000000 1 0 1.000000
0  0.000000 15.764905 -5.803022  0.000000 0.707105 0.707108  0.000000 0.000000 1 0 1.000000
c_invasion_wrangler_laser
0  0.000000 20.265650 -8.137937  0.000000 0.169405 -0.985547  0.000000 0.000000 1 0 1.000000
0  -0.398516 20.060392 -7.106045  -0.847134 -0.103665 0.521169  0.000000 0.000000 1 0 1.000000
0  -0.398516 20.953548 -6.835109  -0.847148 -0.203340 0.490910  0.000000 0.000000 1 0 1.000000
c_invasion_wrangler_laser
0  -0.398516 20.953548 -6.835109  -0.847148 -0.203340 0.490910  0.000000 0.000000 1 0 1.000000
0  0.000000 20.953548 -6.835109  0.000000 -0.382686 0.923878  0.000000 0.000000 1 0 1.000000
0  0.000000 21.776686 -6.395132  0.000000 0.242999 0.970027  0.000000 0.000000 1 0 1.000000
c_invasion_wrangler_laser
0  -0.398516 14.461885 -3.365240  -0.847149 0.521146 0.103662  0.000000 0.000000 1 0 1.000000
0  0.000000 14.461885 -3.365240  0.000000 0.980785 0.195093  0.000000 0.000000 1 0 1.000000
0  0.000000 14.732824 -4.258400  0.000000 0.923878 0.382687  0.000000 0.000000 1 0 1.000000
c_invasion_wrangler_laser
0  0.000000 15.901875 -7.269928  0.000000 -0.555569 -0.831470  0.000000 0.000000 1 0 1.000000
0  -0.398516 16.486395 -6.395132  -0.847148 0.295207 0.441807  0.000000 0.000000 1 0 1.000000
0  -0.398516 17.309530 -6.835108  -0.847149 0.203342 0.490908  0.000000 0.000000 1 0 1.000000
c_invasion_wrangler_laser
0  -0.398516 18.202690 -7.106045  -0.847148 0.103663 0.521147  0.000000 0.000000 1 0 1.000000
0  0.000000 18.202690 -7.106045  0.000000 0.195088 0.980786  0.000000 0.000000 1 0 1.000000
0  0.000000 19.131540 -7.197529  0.000000 -0.000002 1.000000  0.000000 0.000000 1 0 1.000000
c_invasion_wrangler_laser
0  0.000000 16.906906 -7.807128  0.000000 -0.382682 -0.923880  0.000000 0.000000 1 0 1.000000
0  -0.398516 17.309530 -6.835108  -0.847149 0.203342 0.490908  0.000000 0.000000 1 0 1.000000
0  -0.398516 18.202690 -7.106045  -0.847148 0.103663 0.521147  0.000000 0.000000 1 0 1.000000
c_invasion_wrangler_laser
0  -0.398516 14.370402 -2.436390  -0.690319 0.432999 0.579631  0.000000 0.000000 1 0 1.000000
0  0.000000 14.370402 -2.436390  0.000000 0.671560 0.740950  0.000000 0.000000 1 0 1.000000
0  0.000000 14.461885 -3.365240  0.000000 0.980785 0.195093  0.000000 0.000000 1 0 1.000000
c_invasion_wrangler_laser
0  -0.398516 21.776686 -6.395132  -0.690341 0.241368 0.682034  0.000000 0.000000 1 0 1.000000
0  0.000000 21.776686 -6.395132  0.000000 0.242999 0.970027  0.000000 0.000000 1 0 1.000000
0  0.000000 22.361208 -7.269929  0.000000 0.901958 -0.431825  0.000000 0.000000 1 0 1.000000
c_invasion_wrangler_laser
0  0.000000 13.760801 -4.661024  0.000000 -0.923879 -0.382685  0.000000 0.000000 1 0 1.000000
0  -0.398516 14.732824 -4.258400  -0.847148 0.490910 0.203341  0.000000 0.000000 1 0 1.000000
0  -0.398516 15.172799 -5.081537  -0.847148 0.441808 0.295204  0.000000 0.000000 1 0 1.000000
c_invasion_wrangler_laser
0  -0.398516 16.486395 -6.395132  -0.847148 0.295207 0.441807  0.000000 0.000000 1 0 1.000000
0  0.000000 16.486395 -6.395132  0.000000 0.555569 0.831471  0.000000 0.000000 1 0 1.000000
0  0.000000 17.309530 -6.835108  0.000000 0.382681 0.923880  0.000000 0.000000 1 0 1.000000
c_invasion_wrangler_laser
0  0.000000 14.298003 -5.666056  0.000000 -0.831469 -0.555571  0.000000 0.000000 1 0 1.000000
0  -0.398516 15.172799 -5.081537  -0.847148 0.441808 0.295204  0.000000 0.000000 1 0 1.000000
0  -0.398516 15.764905 -5.803022  -0.847149 0.375726 0.375725  0.000000 0.000000 1 0 1.000000
c_invasion_wrangler_laser
0  0.000000 17.997435 -8.137938  0.000000 -0.169403 -0.985547  0.000000 0.000000 1 0 1.000000
0  -0.398516 18.202690 -7.106045  -0.847148 0.103663 0.521147  0.000000 0.000000 1 0 1.000000
0  -0.398516 19.131540 -7.197529  -0.852676 0.000002 0.522440  0.000000 0.000000 1 0 1.000000
c_invasion_wrangler_laser
0  0.000000 21.356173 -7.807130  0.000000 0.382684 -0.923879  0.000000 0.000000 1 0 1.000000
0  -0.398516 20.953548 -6.835109  -0.847148 -0.203340 0.490910  0.000000 0.000000 1 0 1.000000
0  -0.398516 21.776686 -6.395132  -0.690341 0.241368 0.682034  0.000000 0.000000 1 0 1.000000
c_invasion_wrangler_laser
0  0.000000 13.429993 -3.570495  0.000000 -0.980785 -0.195090  0.000000 0.000000 1 0 1.000000
0  -0.398516 14.461885 -3.365240  -0.847149 0.521146 0.103662  0.000000 0.000000 1 0 1.000000
0  -0.398516 14.732824 -4.258400  -0.847148 0.490910 0.203341  0.000000 0.000000 1 0 1.000000
c_invasion_wrangler_laser
0  -0.398516 14.732824 -4.258400  -0.847148 0.490910 0.203341  0.000000 0.000000 1 0 1.000000
0  0.000000 14.732824 -4.258400  0.000000 0.923878 0.382687  0.000000 0.000000 1 0 1.000000
0  0.000000 15.172799 -5.081537  0.000000 0.831469 0.555571  0.000000 0.000000 1 0 1.000000
c_invasion_wrangler_laser
0  0.000000 20.265650 -8.137937  0.000000 0.169405 -0.985547  0.000000 0.000000 1 0 1.000000
0  -0.398516 20.953548 -6.835109  -0.847148 -0.203340 0.490910  0.000000 0.000000 1 0 1.000000
0  0.000000 21.356173 -7.807130  0.000000 0.382684 -0.923879  0.000000 0.000000 1 0 1.000000
c_invasion_wrangler_laser
0  -0.398516 20.060392 -7.106045  -0.847134 -0.103665 0.521169  0.000000 0.000000 1 0 1.000000
0  0.000000 20.953548 -6.835109  0.000000 -0.382686 0.923878  0.000000 0.000000 1 0 1.000000
0  -0.398516 20.953548 -6.835109  -0.847148 -0.203340 0.490910  0.000000 0.000000 1 0 1.000000
c_invasion_wrangler_laser
0  0.000000 21.356173 -7.807130  0.000000 0.382684 -0.923879  0.000000 0.000000 1 0 1.000000
0  -0.398516 21.776686 -6.395132  -0.690341 0.241368 0.682034  0.000000 0.000000 1 0 1.000000
0  0.000000 22.361208 -7.269929  0.000000 0.901958 -0.431825  0.000000 0.000000 1 0 1.000000
c_invasion_wrangler_laser
0  -0.398516 20.953548 -6.835109  -0.847148 -0.203340 0.490910  0.000000 0.000000 1 0 1.000000
0  0.000000 21.776686 -6.395132  0.000000 0.242999 0.970027  0.000000 0.000000 1 0 1.000000
0  -0.398516 21.776686 -6.395132  -0.690341 0.241368 0.682034  0.000000 0.000000 1 0 1.000000
c_invasion_wrangler_laser
0  0.000000 13.318295 -2.436390  -0.000000 -0.860154 0.510034  0.000000 0.000000 1 0 1.000000
0  -0.398516 14.461885 -3.365240  -0.847149 0.521146 0.103662  0.000000 0.000000 1 0 1.000000
0  0.000000 13.429993 -3.570495  0.000000 -0.980785 -0.195090  0.000000 0.000000 1 0 1.000000
c_invasion_wrangler_laser
0  -0.398516 14.370402 -2.436390  -0.690319 0.432999 0.579631  0.000000 0.000000 1 0 1.000000
0  0.000000 14.461885 -3.365240  0.000000 0.980785 0.195093  0.000000 0.000000 1 0 1.000000
0  -0.398516 14.461885 -3.365240  -0.847149 0.521146 0.103662  0.000000 0.000000 1 0 1.000000
c_invasion_wrangler_laser
0  0.000000 13.429993 -3.570495  0.000000 -0.980785 -0.195090  0.000000 0.000000 1 0 1.000000
0  -0.398516 14.732824 -4.258400  -0.847148 0.490910 0.203341  0.000000 0.000000 1 0 1.000000
0  0.000000 13.760801 -4.661024  0.000000 -0.923879 -0.382685  0.000000 0.000000 1 0 1.000000
c_invasion_wrangler_laser
0  -0.398516 14.461885 -3.365240  -0.847149 0.521146 0.103662  0.000000 0.000000 1 0 1.000000
0  0.000000 14.732824 -4.258400  0.000000 0.923878 0.382687  0.000000 0.000000 1 0 1.000000
0  -0.398516 14.732824 -4.258400  -0.847148 0.490910 0.203341  0.000000 0.000000 1 0 1.000000
c_invasion_wrangler_laser
0  0.000000 13.760801 -4.661024  0.000000 -0.923879 -0.382685  0.000000 0.000000 1 0 1.000000
0  -0.398516 15.172799 -5.081537  -0.847148 0.441808 0.295204  0.000000 0.000000 1 0 1.000000
0  0.000000 14.298003 -5.666056  0.000000 -0.831469 -0.555571  0.000000 0.000000 1 0 1.000000
c_invasion_wrangler_laser
0  -0.398516 14.732824 -4.258400  -0.847148 0.490910 0.203341  0.000000 0.000000 1 0 1.000000
0  0.000000 15.172799 -5.081537  0.000000 0.831469 0.555571  0.000000 0.000000 1 0 1.000000
0  -0.398516 15.172799 -5.081537  -0.847148 0.441808 0.295204  0.000000 0.000000 1 0 1.000000
c_invasion_wrangler_laser
0  0.000000 14.298003 -5.666056  0.000000 -0.831469 -0.555571  0.000000 0.000000 1 0 1.000000
0  -0.398516 15.764905 -5.803022  -0.847149 0.375726 0.375725  0.000000 0.000000 1 0 1.000000
0  0.000000 15.020952 -6.546975  0.000000 -0.707107 -0.707107  0.000000 0.000000 1 0 1.000000
c_invasion_wrangler_laser
0  -0.398516 15.172799 -5.081537  -0.847148 0.441808 0.295204  0.000000 0.000000 1 0 1.000000
0  0.000000 15.764905 -5.803022  0.000000 0.707105 0.707108  0.000000 0.000000 1 0 1.000000
0  -0.398516 15.764905 -5.803022  -0.847149 0.375726 0.375725  0.000000 0.000000 1 0 1.000000
c_invasion_wrangler_laser
0  0.000000 15.020952 -6.546975  0.000000 -0.707107 -0.707107  0.000000 0.000000 1 0 1.000000
0  -0.398516 16.486395 -6.395132  -0.847148 0.295207 0.441807  0.000000 0.000000 1 0 1.000000
0  0.000000 15.901875 -7.269928  0.000000 -0.555569 -0.831470  0.000000 0.000000 1 0 1.000000
c_invasion_wrangler_laser
0  -0.398516 15.764905 -5.803022  -0.847149 0.375726 0.375725  0.000000 0.000000 1 0 1.000000
0  0.000000 16.486395 -6.395132  0.000000 0.555569 0.831471  0.000000 0.000000 1 0 1.000000
0  -0.398516 16.486395 -6.395132  -0.847148 0.295207 0.441807  0.000000 0.000000 1 0 1.000000
c_invasion_wrangler_laser
0  0.000000 15.901875 -7.269928  0.000000 -0.555569 -0.831470  0.000000 0.000000 1 0 1.000000
0  -0.398516 17.309530 -6.835108  -0.847149 0.203342 0.490908  0.000000 0.000000 1 0 1.000000
0  0.000000 16.906906 -7.807128  0.000000 -0.382682 -0.923880  0.000000 0.000000 1 0 1.000000
c_invasion_wrangler_laser
0  -0.398516 16.486395 -6.395132  -0.847148 0.295207 0.441807  0.000000 0.000000 1 0 1.000000
0  0.000000 17.309530 -6.835108  0.000000 0.382681 0.923880  0.000000 0.000000 1 0 1.000000
0  -0.398516 17.309530 -6.835108  -0.847149 0.203342 0.490908  0.000000 0.000000 1 0 1.000000
c_invasion_wrangler_laser
0  0.000000 16.906906 -7.807128  0.000000 -0.382682 -0.923880  0.000000 0.000000 1 0 1.000000
0  -0.398516 18.202690 -7.106045  -0.847148 0.103663 0.521147  0.000000 0.000000 1 0 1.000000
0  0.000000 17.997435 -8.137938  0.000000 -0.169403 -0.985547  0.000000 0.000000 1 0 1.000000
c_invasion_wrangler_laser
0  -0.398516 17.309530 -6.835108  -0.847149 0.203342 0.490908  0.000000 0.000000 1 0 1.000000
0  0.000000 18.202690 -7.106045  0.000000 0.195088 0.980786  0.000000 0.000000 1 0 1.000000
0  -0.398516 18.202690 -7.106045  -0.847148 0.103663 0.521147  0.000000 0.000000 1 0 1.000000
c_invasion_wrangler_laser
0  -0.398516 18.202690 -7.106045  -0.847148 0.103663 0.521147  0.000000 0.000000 1 0 1.000000
0  0.000000 19.131540 -7.197529  0.000000 -0.000002 1.000000  0.000000 0.000000 1 0 1.000000
0  -0.398516 19.131540 -7.197529  -0.852676 0.000002 0.522440  0.000000 0.000000 1 0 1.000000
c_invasion_wrangler_laser
0  -0.398516 19.131540 -7.197529  -0.852676 0.000002 0.522440  0.000000 0.000000 1 0 1.000000
0  -0.398516 20.060392 -7.106045  -0.847134 -0.103665 0.521169  0.000000 0.000000 1 0 1.000000
0  0.000000 20.265650 -8.137937  0.000000 0.169405 -0.985547  0.000000 0.000000 1 0 1.000000
c_invasion_wrangler_laser
0  -0.398516 19.131540 -7.197529  -0.852676 0.000002 0.522440  0.000000 0.000000 1 0 1.000000
0  0.000000 20.265650 -8.137937  0.000000 0.169405 -0.985547  0.000000 0.000000 1 0 1.000000
0  0.000000 17.997435 -8.137938  0.000000 -0.169403 -0.985547  0.000000 0.000000 1 0 1.000000
gold_player
0  3.704999 15.739157 0.000567  0.496224 -0.458064 -0.737523  0.000000 0.000000 1 0 1.000000
0  1.852501 15.504158 0.000000  -0.350129 -0.936701 -0.000135  0.000000 0.000000 1 0 1.000000
0  1.852500 15.504158 -1.068973  0.151212 -0.986836 -0.057356  0.000000 0.000000 1 0 1.000000
c_invasion_wrangler_laser
0  3.907722 16.480772 0.000567  1.000000 0.000000 0.000000  0.298370 0.539680 1 0 1.000000
0  3.907722 18.209158 -1.496259  1.000000 0.000000 0.000000  0.298370 0.539680 1 0 1.000000
0  3.907722 19.937542 0.000567  1.000000 0.000000 0.000000  0.298370 0.539680 1 0 1.000000
painted_wood_01
0  4.204999 18.209158 -1.496259  0.887300 0.000000 0.461193  0.298137 0.539763 1 0 1.000000
0  3.907722 16.480772 0.000567  0.000000 0.654653 0.755929  0.298137 0.539763 1 0 1.000000
0  4.204999 16.480772 0.000567  0.839591 0.355620 0.410635  0.298137 0.539763 1 0 1.000000
painted_wood_01
0  4.204999 19.937542 0.000567  0.839593 -0.355619 0.410633  0.298137 0.539763 1 0 1.000000
0  3.907722 18.209158 -1.496259  0.000000 -0.000002 1.000000  0.298137 0.539763 1 0 1.000000
0  4.204999 18.209158 -1.496259  0.887300 0.000000 0.461193  0.298137 0.539763 1 0 1.000000
painted_wood_01
0  3.907722 18.209158 -1.496259  0.000000 0.000006 1.000000  0.298137 0.539763 1 0 1.000000
0  3.812725 16.480772 0.000567  1.000000 -0.000000 -0.000000  0.298137 0.539763 1 0 1.000000
0  3.907722 16.480772 0.000567  0.000000 0.654653 0.755929  0.298137 0.539763 1 0 1.000000
painted_wood_01
0  3.907722 19.937542 0.000567  0.000000 -0.654653 0.755929  0.298137 0.539763 1 0 1.000000
0  3.812725 18.209158 -1.496259  1.000000 -0.000048 0.000034  0.298137 0.539763 1 0 1.000000
0  3.907722 18.209158 -1.496259  0.000000 0.000006 1.000000  0.298137 0.539763 1 0 1.000000
gold_player
0  1.856717 20.920296 0.000000  -0.351647 0.936124 -0.004018  0.000000 0.000000 1 0 1.000000
0  3.704999 20.679157 0.000569  0.496279 0.457510 -0.737829  0.000000 0.000000 1 0 1.000000
0  1.852500 20.914156 -1.068972  0.130662 0.988813 -0.071944  0.000000 0.000000 1 0 1.000000
gold_player
0  0.000000 20.914156 -2.138515  -0.568860 0.812882 -0.124983  0.000000 0.000000 1 0 1.000000
0  1.852500 20.914156 -1.068972  0.130647 0.988815 -0.071948  0.000000 0.000000 1 0 1.000000
0  1.852499 20.679157 -3.208056  0.475135 0.294368 -0.829213  0.000000 0.000000 1 0 1.000000
painted_wood_01
0  2.102728 19.937542 -3.641458  -0.000003 -1.000000 -0.000111  0.298137 0.539763 1 0 1.000000
0  3.704999 18.209158 -2.138515  0.509927 -0.000062 -0.860217  0.298137 0.539763 1 0 1.000000
0  3.399020 18.209158 -2.893043  -0.866028 -0.000068 -0.499995  0.298137 0.539763 1 0 1.000000
painted_wood_01
0  0.000000 18.209158 -4.277596  0.500062 -0.000157 -0.865990  0.298137 0.539763 1 0 1.000000
0  2.102728 19.937542 -3.641458  0.000135 -1.000000 -0.000052  0.298137 0.539763 1 0 1.000000
0  0.806439 18.209158 -4.389869  0.866022 -0.000074 0.500006  0.298137 0.539763 1 0 1.000000
gold_player
0  0.000000 1.625002 -1.170000  -0.098008 -0.012260 -0.995110  0.000000 0.000000 1 0 1.000000
0  -0.198037 -4.644999 -0.995600  -0.226873 -0.022804 -0.973657  0.000000 0.000000 1 0 1.000000
0  -0.228256 1.625002 -1.147519  -0.194915 -0.012370 -0.980742  0.000000 0.000000 1 0 1.000000
gold_player
0  -0.228256 1.625002 -1.147519  -0.195237 -0.012360 -0.980678  0.000000 0.000000 1 0 1.000000
0  -0.388464 -4.644999 -0.937835  -0.352097 -0.022807 -0.935686  0.000000 0.000000 1 0 1.000000
0  -0.447739 1.625002 -1.080939  -0.382504 -0.012356 -0.923871  0.000000 0.000000 1 0 1.000000
painted_wood_01
0  -0.636979 -10.645002 -0.636982  -0.706094 0.053502 -0.706094  0.298137 0.539763 1 0 1.000000
0  -0.781099 -14.644995 -1.169013  -0.511926 -0.387182 -0.766826  0.298137 0.539763 1 0 1.000000
0  -0.994151 -14.644995 -0.994166  -0.651999 -0.386273 -0.652450  0.298137 0.539763 1 0 1.000000
gold_player
0  -0.447739 1.625002 -1.080939  -0.382803 -0.012360 -0.923748  0.000000 0.000000 1 0 1.000000
0  -0.563962 -4.644999 -0.844029  -0.555266 -0.024703 -0.831306  0.000000 0.000000 1 0 1.000000
0  -0.650017 1.625002 -0.972820  -0.555391 -0.012370 -0.831498  0.000000 0.000000 1 0 1.000000
gold_player
0  -0.650017 1.625002 -0.972820  -0.555625 -0.012354 -0.831341  0.000000 0.000000 1 0 1.000000
0  -0.717787 -4.644999 -0.717788  -0.706847 -0.024703 -0.706935  0.000000 0.000000 1 0 1.000000
0  -0.827315 1.625002 -0.827315  -0.706938 -0.012356 -0.707168  0.000000 0.000000 1 0 1.000000
gold_player
0  -0.827315 1.625002 -0.827315  -0.707170 -0.012360 -0.706936  0.000000 0.000000 1 0 1.000000
0  -0.844029 -4.644999 -0.563962  -0.831129 -0.024703 -0.555531  0.000000 0.000000 1 0 1.000000
0  -0.972819 1.625002 -0.650017  -0.831316 -0.012356 -0.555662  0.000000 0.000000 1 0 1.000000
gold_player
0  -0.883515 -10.645002 -0.175745  -0.955835 0.053282 -0.289036  0.000000 0.000000 1 0 1.000000
0  -1.298921 -14.644995 -0.538046  -0.884565 -0.381504 -0.268326  0.000000 0.000000 1 0 1.000000
0  -1.378928 -14.644995 -0.274301  -0.883583 -0.383984 -0.268026  0.000000 0.000000 1 0 1.000000
gold_player
0  -0.972819 1.625002 -0.650017  -0.831469 -0.012354 -0.555434  0.000000 0.000000 1 0 1.000000
0  -0.937835 -4.644999 -0.388464  -0.935610 -0.022804 -0.352299  0.000000 0.000000 1 0 1.000000
0  -1.080939 1.625002 -0.447740  -0.923746 -0.012370 -0.382807  0.000000 0.000000 1 0 1.000000
painted_wood_01
0  -0.198037 -4.644999 -0.995600  -0.226870 -0.022802 -0.973658  0.298137 0.539763 1 0 1.000000
0  0.000000 -10.645002 -0.900828  0.000000 0.053502 -0.998568  0.298137 0.539763 1 0 1.000000
0  -0.175742 -10.645002 -0.883519  -0.289683 0.053252 -0.955640  0.298137 0.539763 1 0 1.000000
gold_player
0  -1.080939 1.625002 -0.447740  -0.923871 -0.012360 -0.382504  0.000000 0.000000 1 0 1.000000
0  -0.995600 -4.644999 -0.198037  -0.973608 -0.022807 -0.227084  0.000000 0.000000 1 0 1.000000
0  -1.147519 1.625002 -0.228256  -0.980678 -0.012356 -0.195237  0.000000 0.000000 1 0 1.000000
painted_wood_01
0  -0.937835 -4.644999 -0.388464  -0.935608 -0.022803 -0.352302  0.298137 0.539763 1 0 1.000000
0  -0.749008 -10.645002 -0.500475  -0.830279 0.053502 -0.554775  0.298137 0.539763 1 0 1.000000
0  -0.832253 -10.645002 -0.344734  -0.955526 0.053250 -0.290061  0.298137 0.539763 1 0 1.000000
gold_player
0  -1.147519 1.625002 -0.228256  -0.980724 -0.012348 -0.195007  0.000000 0.000000 1 0 1.000000
0  -1.015106 -4.644999 0.000000  -0.994884 -0.024578 -0.097986  0.000000 0.000000 1 0 1.000000
0  -1.170000 1.625002 0.000000  -0.995110 -0.012260 -0.098008  0.000000 0.000000 1 0 1.000000
gold_player
0  -0.344730 -10.645002 -0.832257  -0.290711 0.053283 -0.955326  0.000000 0.000000 1 0 1.000000
0  -0.274286 -14.644995 -1.378942  -0.268161 -0.382964 -0.883984  0.000000 0.000000 1 0 1.000000
0  -0.538031 -14.644995 -1.298936  -0.267177 -0.391053 -0.880735  0.000000 0.000000 1 0 1.000000
painted_wood_01
0  -0.563962 -4.644999 -0.844029  -0.555401 -0.024729 -0.831215  0.298137 0.539763 1 0 1.000000
0  -0.344730 -10.645002 -0.832257  -0.290034 0.053252 -0.955534  0.298137 0.539763 1 0 1.000000
0  -0.500471 -10.645002 -0.749012  -0.554775 0.053503 -0.830278  0.298137 0.539763 1 0 1.000000
painted_wood_01
0  -0.749008 -10.645002 -0.500475  -0.830279 0.053502 -0.554775  0.298137 0.539763 1 0 1.000000
0  -0.994151 -14.644995 -0.994166  -0.651999 -0.386273 -0.652450  0.298137 0.539763 1 0 1.000000
0  -1.168998 -14.644995 -0.781114  -0.767056 -0.385521 -0.512834  0.298137 0.539763 1 0 1.000000
painted_wood_01
0  -1.015106 -4.644999 0.000000  -0.999912 -0.013291 -0.000000  0.298137 0.539763 1 0 1.000000
0  -0.883515 -10.645002 -0.175745  -0.955631 0.053251 -0.289714  0.298137 0.539763 1 0 1.000000
0  -0.900825 -10.645002 0.000000  -0.998568 0.053502 0.000000  0.298137 0.539763 1 0 1.000000
painted_wood_01
0  -0.900825 -10.645002 0.000000  -0.998568 0.053502 0.000000  0.298137 0.539763 1 0 1.000000
0  -1.378928 -14.644995 -0.274301  -0.883637 -0.383995 -0.267832  0.298137 0.539763 1 0 1.000000
0  -1.405942 -14.644995 0.000000  -0.923126 -0.384498 0.000000  0.298137 0.539763 1 0 1.000000
painted_wood_01
0  -0.844029 -4.644999 -0.563962  -0.831215 -0.024680 -0.555403  0.298137 0.539763 1 0 1.000000
0  -0.636979 -10.645002 -0.636982  -0.706094 0.053502 -0.706094  0.298137 0.539763 1 0 1.000000
0  -0.749008 -10.645002 -0.500475  -0.830279 0.053502 -0.554775  0.298137 0.539763 1 0 1.000000
painted_wood_01
0  -0.500471 -10.645002 -0.749012  -0.554775 0.053503 -0.830278  0.298137 0.539763 1 0 1.000000
0  -0.538031 -14.644995 -1.298936  -0.267354 -0.391051 -0.880682  0.298137 0.539763 1 0 1.000000
0  -0.781099 -14.644995 -1.169013  -0.511926 -0.387182 -0.766826  0.298137 0.539763 1 0 1.000000
gold_player
0  -0.388464 -4.644999 -0.937835  -0.352097 -0.022805 -0.935686  0.000000 0.000000 1 0 1.000000
0  -0.175742 -10.645002 -0.883519  -0.289872 0.053218 -0.955585  0.000000 0.000000 1 0 1.000000
0  -0.344730 -10.645002 -0.832257  -0.290002 0.053218 -0.955545  0.000000 0.000000 1 0 1.000000
painted_wood_01
0  -0.832253 -10.645002 -0.344734  -0.955526 0.053250 -0.290061  0.298137 0.539763 1 0 1.000000
0  -1.168998 -14.644995 -0.781114  -0.767056 -0.385521 -0.512834  0.298137 0.539763 1 0 1.000000
0  -1.298921 -14.644995 -0.538046  -0.884498 -0.381525 -0.268518  0.298137 0.539763 1 0 1.000000
gold_player
0  -0.995600 -4.644999 -0.198037  -0.973609 -0.022806 -0.227080  0.000000 0.000000 1 0 1.000000
0  -0.832253 -10.645002 -0.344734  -0.955584 0.053217 -0.289873  0.000000 0.000000 1 0 1.000000
0  -0.883515 -10.645002 -0.175745  -0.955624 0.053217 -0.289743  0.000000 0.000000 1 0 1.000000
painted_wood_01
0  -0.717787 -4.644999 -0.717788  -0.706891 -0.024680 -0.706892  0.298137 0.539763 1 0 1.000000
0  -0.500471 -10.645002 -0.749012  -0.554775 0.053503 -0.830278  0.298137 0.539763 1 0 1.000000
0  -0.636979 -10.645002 -0.636982  -0.706094 0.053502 -0.706094  0.298137 0.539763 1 0 1.000000
painted_wood_01
0  -0.175742 -10.645002 -0.883519  -0.289683 0.053252 -0.955640  0.298137 0.539763 1 0 1.000000
0  0.000000 -14.644995 -1.405957  -0.000000 -0.389890 -0.920861  0.298137 0.539763 1 0 1.000000
0  -0.274286 -14.644995 -1.378942  -0.267958 -0.382971 -0.884043  0.298137 0.539763 1 0 1.000000
gold_player
0  -0.447739 6.625002 -1.080939  -0.363693 0.311431 -0.877917  0.000000 0.000000 1 0 1.000000
0  -0.650017 8.625002 -0.972820  -0.507188 0.407635 -0.759338  0.000000 0.000000 1 0 1.000000
0  -0.447739 8.625002 -1.080939  -0.349239 0.408019 -0.843536  0.000000 0.000000 1 0 1.000000
gold_player
0  -0.827315 6.625002 -0.827315  -0.671956 0.311475 -0.671906  0.000000 0.000000 1 0 1.000000
0  -0.972819 8.625002 -0.650017  -0.759408 0.407042 -0.507560  0.000000 0.000000 1 0 1.000000
0  -0.827315 8.625002 -0.827315  -0.645734 0.407312 -0.645852  0.000000 0.000000 1 0 1.000000
painted_wood_01
0  -1.341806 4.019003 -0.555794  -0.750855 -0.582672 -0.310984  0.298137 0.539763 1 0 1.000000
0  -1.424453 6.231001 -0.283341  -0.797087 0.582671 -0.158578  0.298137 0.539763 1 0 1.000000
0  -1.341806 6.231001 -0.555794  -0.750860 0.582632 -0.311046  0.298137 0.539763 1 0 1.000000
gold_player
0  -0.447739 6.625002 -1.080939  -0.363563 0.311780 -0.877847  0.000000 0.000000 1 0 1.000000
0  -0.228256 6.625002 -1.147519  -0.213577 0.155071 -0.964540  0.000000 0.000000 1 0 1.000000
0  -0.555794 6.231001 -1.341806  -0.351728 0.581941 -0.733234  0.000000 0.000000 1 0 1.000000
painted_wood_01
0  -0.806888 4.019003 -1.207593  -0.451514 -0.582671 -0.675744  0.298137 0.539763 1 0 1.000000
0  -1.026974 6.231001 -1.026974  -0.574651 0.582672 -0.574691  0.298137 0.539763 1 0 1.000000
0  -0.806888 6.231001 -1.207593  -0.451400 0.582671 -0.675820  0.298137 0.539763 1 0 1.000000
painted_wood_01
0  -1.424453 4.019003 -0.283341  -0.797098 -0.582671 -0.158523  0.298137 0.539763 1 0 1.000000
0  -1.452360 6.231001 0.000000  -0.803819 0.594873 -0.000028  0.298137 0.539763 1 0 1.000000
0  -1.424453 6.231001 -0.283341  -0.797087 0.582671 -0.158578  0.298137 0.539763 1 0 1.000000
gold_player
0  -0.228256 6.625002 -1.147519  -0.213662 0.154902 -0.964549  0.000000 0.000000 1 0 1.000000
0  -0.447739 8.625002 -1.080939  -0.349221 0.408044 -0.843531  0.000000 0.000000 1 0 1.000000
0  -0.228256 8.625002 -1.147519  -0.177948 0.408427 -0.895278  0.000000 0.000000 1 0 1.000000
gold_player
0  -1.080939 6.625002 -0.447740  -0.877933 0.311475 -0.363617  0.000000 0.000000 1 0 1.000000
0  -1.147519 8.625002 -0.228256  -0.896019 0.406662 -0.178260  0.000000 0.000000 1 0 1.000000
0  -1.080939 8.625002 -0.447740  -0.843959 0.406831 -0.349602  0.000000 0.000000 1 0 1.000000
gold_player
0  -0.650017 6.625002 -0.972820  -0.527962 0.311475 -0.790088  0.000000 0.000000 1 0 1.000000
0  -0.827315 8.625002 -0.827315  -0.645716 0.407310 -0.645870  0.000000 0.000000 1 0 1.000000
0  -0.650017 8.625002 -0.972820  -0.507232 0.407623 -0.759315  0.000000 0.000000 1 0 1.000000
gold_player
0  0.000000 6.625002 -1.170000  -0.098016 0.000000 -0.995185  0.000000 0.000000 1 0 1.000000
0  -0.228256 8.625002 -1.147519  -0.177949 0.408440 -0.895271  0.000000 0.000000 1 0 1.000000
0  0.000000 8.625002 -1.170000  -0.089157 0.407968 -0.908632  0.000000 0.000000 1 0 1.000000
gold_player
0  -0.972819 6.625002 -0.650017  -0.790145 0.311431 -0.527904  0.000000 0.000000 1 0 1.000000
0  -1.080939 8.625002 -0.447740  -0.843957 0.406803 -0.349641  0.000000 0.000000 1 0 1.000000
0  -0.972819 8.625002 -0.650017  -0.759428 0.407044 -0.507528  0.000000 0.000000 1 0 1.000000
painted_wood_01
0  -1.026974 4.019003 -1.026974  -0.574691 -0.582672 -0.574651  0.298137 0.539763 1 0 1.000000
0  -1.207593 6.231001 -0.806888  -0.675720 0.582671 -0.451549  0.298137 0.539763 1 0 1.000000
0  -1.026974 6.231001 -1.026974  -0.574651 0.582672 -0.574691  0.298137 0.539763 1 0 1.000000
gold_player
0  -1.378928 -14.644995 -0.274301  -0.883580 -0.383976 -0.268045  0.000000 0.000000 1 0 1.000000
0  -1.298921 -14.644995 -0.538046  -0.884556 -0.381497 -0.268368  0.000000 0.000000 1 0 1.000000
0  -0.039692 -15.644995 0.000000  -0.384639 -0.841604 -0.379151  0.000000 0.000000 1 0 1.000000
painted_wood_01
0  -1.298921 -14.644995 -0.538046  -0.884498 -0.381525 -0.268518  0.298137 0.539763 1 0 1.000000
0  -1.168998 -14.644995 -0.781114  -0.767056 -0.385521 -0.512834  0.298137 0.539763 1 0 1.000000
0  -0.039692 -15.644995 0.000000  -0.384524 -0.841585 -0.379311  0.298137 0.539763 1 0 1.000000
painted_wood_01
0  -1.168998 -14.644995 -0.781114  -0.767056 -0.385521 -0.512834  0.298137 0.539763 1 0 1.000000
0  -0.994151 -14.644995 -0.994166  -0.651999 -0.386273 -0.652450  0.298137 0.539763 1 0 1.000000
0  -0.039692 -15.644995 0.000000  -0.384524 -0.841585 -0.379311  0.298137 0.539763 1 0 1.000000
painted_wood_01
0  -0.994151 -14.644995 -0.994166  -0.651999 -0.386273 -0.652450  0.298137 0.539763 1 0 1.000000
0  -0.781099 -14.644995 -1.169013  -0.511926 -0.387182 -0.766826  0.298137 0.539763 1 0 1.000000
0  -0.039692 -15.644995 0.000000  -0.384524 -0.841585 -0.379311  0.298137 0.539763 1 0 1.000000
painted_wood_01
0  -0.781099 -14.644995 -1.169013  -0.511926 -0.387182 -0.766826  0.298137 0.539763 1 0 1.000000
0  -0.538031 -14.644995 -1.298936  -0.267354 -0.391051 -0.880682  0.298137 0.539763 1 0 1.000000
0  -0.039692 -15.644995 0.000000  -0.384524 -0.841585 -0.379311  0.298137 0.539763 1 0 1.000000
gold_player
0  -0.538031 -14.644995 -1.298936  -0.267170 -0.391052 -0.880737  0.000000 0.000000 1 0 1.000000
0  -0.274286 -14.644995 -1.378942  -0.268140 -0.382963 -0.883991  0.000000 0.000000 1 0 1.000000
0  -0.039692 -15.644995 0.000000  -0.384375 -0.841596 -0.379435  0.000000 0.000000 1 0 1.000000
painted_wood_01
0  -0.274286 -14.644995 -1.378942  -0.267958 -0.382971 -0.884043  0.298137 0.539763 1 0 1.000000
0  0.000000 -14.644995 -1.405957  -0.000000 -0.389890 -0.920861  0.298137 0.539763 1 0 1.000000
0  -0.039692 -15.644995 0.000000  -0.543724 -0.839264 -0.000012  0.298137 0.539763 1 0 1.000000
painted_wood_01
0  -1.405942 -14.644995 0.000000  -0.923126 -0.384498 0.000000  0.298137 0.539763 1 0 1.000000
0  -1.378928 -14.644995 -0.274301  -0.883637 -0.383995 -0.267832  0.298137 0.539763 1 0 1.000000
0  -0.039692 -15.644995 0.000000  -0.242806 -0.970075 0.000026  0.298137 0.539763 1 0 1.000000
painted_wood_01
0  -0.039692 -15.644995 0.000000  -0.543724 -0.839264 -0.000012  0.298137 0.539763 1 0 1.000000
0  0.000000 -14.644995 -1.405957  -0.000000 -0.389890 -0.920861  0.298137 0.539763 1 0 1.000000
0  0.000000 -15.644995 0.000000  0.000000 -1.000000 0.000000  0.298137 0.539763 1 0 1.000000
painted_wood_01
0  -1.207593 4.019003 -0.806888  -0.675741 -0.582671 -0.451518  0.298137 0.539763 1 0 1.000000
0  -1.341806 6.231001 -0.555794  -0.750860 0.582632 -0.311046  0.298137 0.539763 1 0 1.000000
0  -1.207593 6.231001 -0.806888  -0.675720 0.582671 -0.451549  0.298137 0.539763 1 0 1.000000
painted_wood_01
0  -0.555794 4.019003 -1.341806  -0.351962 -0.581901 -0.733154  0.298137 0.539763 1 0 1.000000
0  -0.806888 6.231001 -1.207593  -0.451400 0.582671 -0.675820  0.298137 0.539763 1 0 1.000000
0  -0.555794 6.231001 -1.341806  -0.351939 0.581947 -0.733128  0.298137 0.539763 1 0 1.000000
gold_player
0  -1.147519 6.625002 -0.228256  -0.932002 0.311475 -0.185352  0.000000 0.000000 1 0 1.000000
0  -1.170000 8.625002 0.000000  -0.909957 0.404902 -0.089624  0.000000 0.000000 1 0 1.000000
0  -1.147519 8.625002 -0.228256  -0.896009 0.406704 -0.178212  0.000000 0.000000 1 0 1.000000
gold_player
0  -0.972819 1.625002 -0.650017  -0.831511 -0.012321 -0.555372  0.000000 0.000000 1 0 1.000000
0  -1.080939 3.625002 -0.447740  -0.877909 -0.311473 -0.363676  0.000000 0.000000 1 0 1.000000
0  -0.972819 3.625002 -0.650017  -0.790161 -0.311441 -0.527874  0.000000 0.000000 1 0 1.000000
gold_player
0  -0.447739 1.625002 -1.080939  -0.382784 -0.012327 -0.923756  0.000000 0.000000 1 0 1.000000
0  -0.650017 3.625002 -0.972820  -0.527907 -0.311473 -0.790125  0.000000 0.000000 1 0 1.000000
0  -0.447739 3.625002 -1.080939  -0.363723 -0.311441 -0.877901  0.000000 0.000000 1 0 1.000000
gold_player
0  -1.080939 1.625002 -0.447740  -0.923882 -0.012321 -0.382479  0.000000 0.000000 1 0 1.000000
0  -1.147519 3.625002 -0.228256  -0.931990 -0.311473 -0.185414  0.000000 0.000000 1 0 1.000000
0  -1.080939 3.625002 -0.447740  -0.877943 -0.311485 -0.363584  0.000000 0.000000 1 0 1.000000
gold_player
0  -0.650017 1.625002 -0.972820  -0.555648 -0.012327 -0.831326  0.000000 0.000000 1 0 1.000000
0  -0.827315 3.625002 -0.827315  -0.671913 -0.311473 -0.671951  0.000000 0.000000 1 0 1.000000
0  -0.650017 3.625002 -0.972820  -0.527988 -0.311485 -0.790067  0.000000 0.000000 1 0 1.000000
gold_player
0  0.000000 1.625002 -1.170000  -0.098009 -0.012272 -0.995110  0.000000 0.000000 1 0 1.000000
0  -0.228256 3.625002 -1.147519  -0.213484 -0.154902 -0.964588  0.000000 0.000000 1 0 1.000000
0  0.000000 3.625002 -1.170000  -0.098016 0.000000 -0.995185  0.000000 0.000000 1 0 1.000000
gold_player
0  -1.147519 1.625002 -0.228256  -0.980720 -0.012339 -0.195027  0.000000 0.000000 1 0 1.000000
0  -1.170000 3.625002 0.000000  -0.946129 -0.310093 -0.093180  0.000000 0.000000 1 0 1.000000
0  -1.147519 3.625002 -0.228256  -0.932006 -0.311485 -0.185318  0.000000 0.000000 1 0 1.000000
gold_player
0  -0.827315 1.625002 -0.827315  -0.707190 -0.012321 -0.706917  0.000000 0.000000 1 0 1.000000
0  -0.972819 3.625002 -0.650017  -0.790097 -0.311430 -0.527975  0.000000 0.000000 1 0 1.000000
0  -0.827315 3.625002 -0.827315  -0.671978 -0.311485 -0.671880  0.000000 0.000000 1 0 1.000000
gold_player
0  -0.228256 1.625002 -1.147519  -0.195219 -0.012327 -0.980682  0.000000 0.000000 1 0 1.000000
0  -0.447739 3.625002 -1.080939  -0.363615 -0.311430 -0.877950  0.000000 0.000000 1 0 1.000000
0  -0.228256 3.625002 -1.147519  -0.213678 -0.154910 -0.964544  0.000000 0.000000 1 0 1.000000
gold_player
0  -0.447739 3.625002 -1.080939  -0.363574 -0.311781 -0.877842  0.000000 0.000000 1 0 1.000000
0  -0.555794 4.019003 -1.341806  -0.351732 -0.581923 -0.733246  0.000000 0.000000 1 0 1.000000
0  -0.228256 3.625002 -1.147519  -0.213589 -0.155067 -0.964538  0.000000 0.000000 1 0 1.000000
gold_player
0  -0.806888 6.231001 -1.207593  -0.451602 0.582500 -0.675832  0.000000 0.000000 1 0 1.000000
0  -0.827315 6.625002 -0.827315  -0.671834 0.311780 -0.671887  0.000000 0.000000 1 0 1.000000
0  -0.650017 6.625002 -0.972820  -0.527910 0.311780 -0.790003  0.000000 0.000000 1 0 1.000000
gold_player
0  -1.424453 6.231001 -0.283341  -0.797216 0.582500 -0.158555  0.000000 0.000000 1 0 1.000000
0  -1.170000 6.625002 0.000000  -0.946017 0.310431 -0.093192  0.000000 0.000000 1 0 1.000000
0  -1.147519 6.625002 -0.228256  -0.931905 0.311781 -0.185328  0.000000 0.000000 1 0 1.000000
gold_player
0  -0.555794 6.231001 -1.341806  -0.351894 0.581928 -0.733165  0.000000 0.000000 1 0 1.000000
0  -0.650017 6.625002 -0.972820  -0.527843 0.311782 -0.790046  0.000000 0.000000 1 0 1.000000
0  -0.447739 6.625002 -1.080939  -0.363641 0.311782 -0.877814  0.000000 0.000000 1 0 1.000000
gold_player
0  -1.341806 6.231001 -0.555794  -0.750964 0.582501 -0.311039  0.000000 0.000000 1 0 1.000000
0  -1.147519 6.625002 -0.228256  -0.931889 0.311782 -0.185405  0.000000 0.000000 1 0 1.000000
0  -1.080939 6.625002 -0.447740  -0.877842 0.311782 -0.363574  0.000000 0.000000 1 0 1.000000
gold_player
0  -1.026974 6.231001 -1.026974  -0.574773 0.582502 -0.574741  0.000000 0.000000 1 0 1.000000
0  -0.972819 6.625002 -0.650017  -0.790004 0.311782 -0.527907  0.000000 0.000000 1 0 1.000000
0  -0.827315 6.625002 -0.827315  -0.671888 0.311782 -0.671832  0.000000 0.000000 1 0 1.000000
painted_wood_01
0  -0.555794 6.231001 -1.341806  -0.351939 0.581947 -0.733128  0.298137 0.539763 1 0 1.000000
0  0.000000 6.625002 -1.170000  0.000027 -0.010996 -0.999940  0.298137 0.539763 1 0 1.000000
0  0.000000 6.231001 -1.341806  -0.000001 0.220486 -0.975390  0.298137 0.539763 1 0 1.000000
gold_player
0  -1.424453 4.019003 -0.283341  -0.797208 -0.582500 -0.158596  0.000000 0.000000 1 0 1.000000
0  -1.080939 3.625002 -0.447740  -0.877843 -0.311780 -0.363573  0.000000 0.000000 1 0 1.000000
0  -1.147519 3.625002 -0.228256  -0.931890 -0.311781 -0.185403  0.000000 0.000000 1 0 1.000000
gold_player
0  -1.207593 4.019003 -0.806888  -0.675833 -0.582501 -0.451599  0.000000 0.000000 1 0 1.000000
0  -0.827315 3.625002 -0.827315  -0.671888 -0.311782 -0.671832  0.000000 0.000000 1 0 1.000000
0  -0.972819 3.625002 -0.650017  -0.790004 -0.311782 -0.527907  0.000000 0.000000 1 0 1.000000
gold_player
0  -0.806888 4.019003 -1.207593  -0.451565 -0.582500 -0.675857  0.000000 0.000000 1 0 1.000000
0  -0.447739 3.625002 -1.080939  -0.363642 -0.311780 -0.877814  0.000000 0.000000 1 0 1.000000
0  -0.650017 3.625002 -0.972820  -0.527844 -0.311781 -0.790047  0.000000 0.000000 1 0 1.000000
gold_player
0  -1.207593 6.231001 -0.806888  -0.675854 0.582502 -0.451568  0.000000 0.000000 1 0 1.000000
0  -1.080939 6.625002 -0.447740  -0.877812 0.311782 -0.363645  0.000000 0.000000 1 0 1.000000
0  -0.972819 6.625002 -0.650017  -0.790044 0.311783 -0.527847  0.000000 0.000000 1 0 1.000000
gold_player
0  -1.452360 4.019003 0.000000  -0.810232 -0.580651 -0.079801  0.000000 0.000000 1 0 1.000000
0  -1.147519 3.625002 -0.228256  -0.931904 -0.311782 -0.185328  0.000000 0.000000 1 0 1.000000
0  -1.170000 3.625002 0.000000  -0.946018 -0.310432 -0.093176  0.000000 0.000000 1 0 1.000000
gold_player
0  -1.341806 4.019003 -0.555794  -0.750948 -0.582501 -0.311077  0.000000 0.000000 1 0 1.000000
0  -0.972819 3.625002 -0.650017  -0.790044 -0.311782 -0.527847  0.000000 0.000000 1 0 1.000000
0  -1.080939 3.625002 -0.447740  -0.877812 -0.311782 -0.363645  0.000000 0.000000 1 0 1.000000
gold_player
0  -1.026974 4.019003 -1.026974  -0.574743 -0.582502 -0.574771  0.000000 0.000000 1 0 1.000000
0  -0.650017 3.625002 -0.972820  -0.527910 -0.311782 -0.790002  0.000000 0.000000 1 0 1.000000
0  -0.827315 3.625002 -0.827315  -0.671834 -0.311782 -0.671886  0.000000 0.000000 1 0 1.000000
gold_player
0  0.000000 15.269157 0.000569  -0.084037 -0.993800 -0.072791  0.000000 0.000000 1 0 1.000000
0  -1.852501 15.504158 0.000000  0.350128 -0.936702 0.000142  0.000000 0.000000 1 0 1.000000
0  -1.852500 15.504158 -1.068973  -0.151208 -0.986836 -0.057360  0.000000 0.000000 1 0 1.000000
gold_player
0  0.000000 15.269157 0.000569  -0.084044 -0.993800 -0.072792  0.000000 0.000000 1 0 1.000000
0  -1.852500 15.504158 -1.068973  -0.151084 -0.986851 -0.057442  0.000000 0.000000 1 0 1.000000
0  0.000000 15.504158 -2.138515  0.816865 -0.566023 -0.111130  0.000000 0.000000 1 0 1.000000
gold_player
0  -3.704999 18.209158 -2.138515  -0.510054 -0.000005 -0.860142  0.000000 0.000000 1 0 1.000000
0  -1.852499 15.739157 -3.208056  -0.497078 0.003870 -0.867697  0.000000 0.000000 1 0 1.000000
0  -3.704999 15.739157 -2.138515  -0.866017 0.000024 -0.500014  0.000000 0.000000 1 0 1.000000
painted_wood_01
0  -3.704999 20.679157 -2.138515  -0.865998 -0.000186 -0.500048  0.298137 0.539763 1 0 1.000000
0  -1.852500 20.914156 -1.068972  -0.130644 0.988816 -0.071940  0.298137 0.539763 1 0 1.000000
0  -1.852499 20.679157 -3.208056  -0.475133 0.294413 -0.829198  0.298137 0.539763 1 0 1.000000
gold_player
0  -3.704999 20.679157 0.000569  -0.496328 0.457515 -0.737793  0.000000 0.000000 1 0 1.000000
0  -3.704999 20.679157 -2.138515  -0.866033 -0.000024 -0.499986  0.000000 0.000000 1 0 1.000000
0  -3.704999 18.209158 -2.138515  -0.510040 0.000050 -0.860150  0.000000 0.000000 1 0 1.000000
gold_player
0  0.000000 20.679157 -4.277596  -0.500000 0.000000 -0.866025  0.000000 0.000000 1 0 1.000000
0  0.000000 18.209158 -4.277596  -0.500000 0.000000 -0.866025  0.000000 0.000000 1 0 1.000000
0  -1.852499 20.679157 -3.208056  -0.475207 0.294036 -0.829289  0.000000 0.000000 1 0 1.000000
gold_player
0  -1.852499 20.679157 -3.208056  -0.475174 0.294036 -0.829308  0.000000 0.000000 1 0 1.000000
0  -3.704999 18.209158 -2.138515  -0.510053 -0.000003 -0.860143  0.000000 0.000000 1 0 1.000000
0  -3.704999 20.679157 -2.138515  -0.866017 -0.000024 -0.500015  0.000000 0.000000 1 0 1.000000
gold_player
0  -3.704999 15.739157 0.000567  -0.496245 -0.458055 -0.737513  0.000000 0.000000 1 0 1.000000
0  -3.704999 18.209158 -2.138515  -0.510040 0.000060 -0.860150  0.000000 0.000000 1 0 1.000000
0  -3.704999 15.739157 -2.138515  -0.866033 0.000024 -0.499986  0.000000 0.000000 1 0 1.000000
painted_wood_01
0  -3.704999 20.679157 0.000569  -0.496334 0.457511 -0.737791  0.298137 0.539763 1 0 1.000000
0  -1.852500 20.914156 -1.068972  -0.130644 0.988816 -0.071940  0.298137 0.539763 1 0 1.000000
0  -3.704999 20.679157 -2.138515  -0.865998 -0.000186 -0.500048  0.298137 0.539763 1 0 1.000000
gold_player
0  -1.852500 20.914156 -1.068972  -0.130667 0.988813 -0.071936  0.000000 0.000000 1 0 1.000000
0  -1.856717 20.920296 0.000000  0.351606 0.936133 -0.005335  0.000000 0.000000 1 0 1.000000
0  0.000000 21.149157 0.000569  -0.082843 0.993748 -0.074847  0.000000 0.000000 1 0 1.000000
painted_wood_01
0  -1.852499 20.679157 -3.208056  -0.475107 0.294412 -0.829214  0.298137 0.539763 1 0 1.000000
0  0.000000 20.914156 -2.138515  -0.000034 0.839026 0.544092  0.298137 0.539763 1 0 1.000000
0  0.000000 20.679157 -4.277596  0.000056 -0.016864 -0.999858  0.298137 0.539763 1 0 1.000000
gold_player
0  0.000000 20.914156 -2.138515  0.568904 0.812864 -0.124903  0.000000 0.000000 1 0 1.000000
0  -1.852500 20.914156 -1.068972  -0.130650 0.988814 -0.071954  0.000000 0.000000 1 0 1.000000
0  0.000000 21.149157 0.000569  -0.082841 0.993747 -0.074865  0.000000 0.000000 1 0 1.000000
c_invasion_wrangler_laser
0  -1.860925 15.239513 -3.208057  -0.507605 0.008727 -0.861546  0.000000 0.000000 1 0 1.000000
0  -0.008427 15.004513 -2.138515  0.997968 -0.016871 0.061448  0.000000 0.000000 1 0 1.000000
0  -1.860927 15.004513 -1.068973  0.903267 -0.015218 0.428808  0.000000 0.000000 1 0 1.000000
c_invasion_wrangler_laser
0  -1.860927 15.004513 -1.068973  0.903280 -0.015300 0.428780  0.000000 0.000000 1 0 1.000000
0  -1.860927 15.004513 0.000000  0.999857 -0.016881 0.000280  0.000000 0.000000 1 0 1.000000
0  -3.713427 15.239513 0.000569  -0.499219 0.008606 -0.866433  0.000000 0.000000 1 0 1.000000
painted_wood_01
0  -3.704999 15.739157 0.000567  -0.496253 -0.458059 -0.737506  0.298137 0.539763 1 0 1.000000
0  -3.704999 15.739157 -2.138515  -0.866053 0.000186 -0.499952  0.298137 0.539763 1 0 1.000000
0  -1.852500 15.504158 -1.068973  -0.151179 -0.986841 -0.057357  0.298137 0.539763 1 0 1.000000
gold_player
0  -1.852499 15.739157 -3.208056  -0.497097 0.004070 -0.867686  0.000000 0.000000 1 0 1.000000
0  -0.008427 15.004513 -2.138515  0.997980 -0.016884 0.061245  0.000000 0.000000 1 0 1.000000
0  -1.860925 15.239513 -3.208057  -0.507641 0.008624 -0.861525  0.000000 0.000000 1 0 1.000000
painted_wood_01
0  -1.852499 15.739157 -3.208056  -0.497064 0.004034 -0.867704  0.298137 0.539763 1 0 1.000000
0  -1.852500 15.504158 -1.068973  -0.151179 -0.986841 -0.057357  0.298137 0.539763 1 0 1.000000
0  -3.704999 15.739157 -2.138515  -0.866053 0.000186 -0.499952  0.298137 0.539763 1 0 1.000000
painted_wood_01
0  -1.852499 15.739157 -3.208056  -0.497035 0.004034 -0.867721  0.298137 0.539763 1 0 1.000000
0  0.000000 15.739157 -4.277596  -0.000056 0.016863 -0.999858  0.298137 0.539763 1 0 1.000000
0  0.000000 15.504158 -2.138515  0.000046 -0.593476 0.804851  0.298137 0.539763 1 0 1.000000
gold_player
0  -1.852500 15.504158 -1.068973  -0.151022 -0.986866 -0.057342  0.000000 0.000000 1 0 1.000000
0  -1.860925 15.239513 -3.208057  -0.507641 0.008630 -0.861526  0.000000 0.000000 1 0 1.000000
0  -1.860927 15.004513 -1.068973  0.903334 -0.015261 0.428667  0.000000 0.000000 1 0 1.000000
gold_player
0  0.000000 15.504158 -2.138515  0.816877 -0.566038 -0.110963  0.000000 0.000000 1 0 1.000000
0  -1.860927 15.004513 -1.068973  0.903314 -0.015231 0.428710  0.000000 0.000000 1 0 1.000000
0  -0.008427 15.004513 -2.138515  0.997970 -0.016802 0.061437  0.000000 0.000000 1 0 1.000000
gold_player
0  -1.852500 15.504158 -1.068973  -0.151153 -0.986852 -0.057239  0.000000 0.000000 1 0 1.000000
0  -1.860927 15.004513 0.000000  0.999858 -0.016863 0.000000  0.000000 0.000000 1 0 1.000000
0  -1.860927 15.004513 -1.068973  0.903301 -0.015235 0.428737  0.000000 0.000000 1 0 1.000000
gold_player
0  -3.704999 15.739157 0.000567  -0.496238 -0.458016 -0.737542  0.000000 0.000000 1 0 1.000000
0  -1.860927 15.004513 -1.068973  0.903288 -0.015267 0.428763  0.000000 0.000000 1 0 1.000000
0  -3.713427 15.239513 0.000569  -0.499183 0.008417 -0.866456  0.000000 0.000000 1 0 1.000000
c_invasion_wrangler_laser
0  -1.860930 21.413801 -1.068973  0.895972 0.015147 0.443852  0.000000 0.000000 1 0 1.000000
0  -3.713427 21.178801 0.000569  -0.499216 -0.008613 -0.866435  0.000000 0.000000 1 0 1.000000
0  -1.865143 21.419941 0.000000  0.999851 0.016861 0.003791  0.000000 0.000000 1 0 1.000000
gold_player
0  -1.852500 20.914156 -1.068972  -0.130720 0.988813 -0.071837  0.000000 0.000000 1 0 1.000000
0  -0.008427 21.413801 -2.138514  0.997976 0.016754 0.061338  0.000000 0.000000 1 0 1.000000
0  -1.860930 21.413801 -1.068973  0.895974 0.015105 0.443850  0.000000 0.000000 1 0 1.000000
gold_player
0  -1.852499 20.679157 -3.208056  -0.475311 0.294410 -0.829097  0.000000 0.000000 1 0 1.000000
0  -1.860930 21.413801 -1.068973  0.895994 0.015129 0.443809  0.000000 0.000000 1 0 1.000000
0  -1.860925 21.178801 -3.208056  -0.507641 -0.008541 -0.861527  0.000000 0.000000 1 0 1.000000
gold_player
0  -1.856717 20.920296 0.000000  0.351804 0.936073 0.001343  0.000000 0.000000 1 0 1.000000
0  -1.860930 21.413801 -1.068973  0.895935 0.017669 0.443835  0.000000 0.000000 1 0 1.000000
0  -1.865143 21.419941 0.000000  0.999851 0.016863 0.003844  0.000000 0.000000 1 0 1.000000
gold_player
0  -1.852500 20.914156 -1.068972  -0.130563 0.988838 -0.071776  0.000000 0.000000 1 0 1.000000
0  -3.713427 21.178801 0.000569  -0.499181 -0.008424 -0.866457  0.000000 0.000000 1 0 1.000000
0  -1.860930 21.413801 -1.068973  0.895945 0.015116 0.443907  0.000000 0.000000 1 0 1.000000
gold_player
0  0.000000 20.914156 -2.138515  0.568786 0.812918 -0.125084  0.000000 0.000000 1 0 1.000000
0  -1.860925 21.178801 -3.208056  -0.507602 -0.008657 -0.861548  0.000000 0.000000 1 0 1.000000
0  -0.008427 21.413801 -2.138514  0.997987 0.016831 0.061146  0.000000 0.000000 1 0 1.000000
c_invasion_wrangler_laser
0  -1.860925 21.178801 -3.208056  -0.507591 -0.008726 -0.861554  0.000000 0.000000 1 0 1.000000
0  -1.860930 21.413801 -1.068973  0.895950 0.015111 0.443898  0.000000 0.000000 1 0 1.000000
0  -0.008427 21.413801 -2.138514  0.997977 0.016857 0.061309  0.000000 0.000000 1 0 1.000000
gold_player
0  -3.704999 18.209158 -2.138515  -0.510166 0.000144 -0.860076  0.000000 0.000000 1 0 1.000000
0  -3.947838 15.739157 0.000567  -0.274013 -0.629613 -0.726983  0.000000 0.000000 1 0 1.000000
0  -3.947838 18.209158 -2.138515  -0.384643 0.000204 -0.923065  0.000000 0.000000 1 0 1.000000
gold_player
0  -3.704999 20.679157 0.000569  -0.496282 0.457490 -0.737839  0.000000 0.000000 1 0 1.000000
0  -3.947838 18.209158 -2.138515  -0.384688 -0.000184 -0.923047  0.000000 0.000000 1 0 1.000000
0  -3.947839 20.679157 0.000569  -0.274013 0.629587 -0.727005  0.000000 0.000000 1 0 1.000000
gold_player
0  -4.204999 16.131977 0.000567  -0.707107 -0.462910 -0.534522  0.000000 0.000000 1 0 1.000000
0  -3.947838 18.209158 -2.138515  -0.384464 0.000107 -0.923140  0.000000 0.000000 1 0 1.000000
0  -3.947838 15.739157 0.000567  -0.274220 -0.629528 -0.726978  0.000000 0.000000 1 0 1.000000
gold_player
0  -4.204999 18.209158 -1.798324  -0.797705 0.000022 -0.603048  0.000000 0.000000 1 0 1.000000
0  -3.947839 20.679157 0.000569  -0.274220 0.629580 -0.726934  0.000000 0.000000 1 0 1.000000
0  -3.947838 18.209158 -2.138515  -0.384474 -0.000120 -0.923136  0.000000 0.000000 1 0 1.000000
painted_wood_01
0  -4.204999 20.286337 0.000567  -0.706988 0.463025 -0.534580  0.298137 0.539763 1 0 1.000000
0  -4.204999 18.209158 -1.496259  -0.887300 0.000000 0.461193  0.298137 0.539763 1 0 1.000000
0  -4.204999 19.937542 0.000567  -0.839593 -0.355619 0.410633  0.298137 0.539763 1 0 1.000000
painted_wood_01
0  -4.204999 18.209158 -1.798324  -0.797621 -0.000033 -0.603159  0.298137 0.539763 1 0 1.000000
0  -4.204999 16.480772 0.000567  -0.839591 0.355620 0.410635  0.298137 0.539763 1 0 1.000000
0  -4.204999 18.209158 -1.496259  -0.887300 0.000000 0.461193  0.298137 0.539763 1 0 1.000000
painted_wood_01
0  -1.852499 15.739157 -3.208056  -0.497194 0.004026 -0.867630  0.298137 0.539763 1 0 1.000000
0  -0.806439 18.209158 -4.389869  -0.866034 0.000112 0.499985  0.298137 0.539763 1 0 1.000000
0  0.000000 18.209158 -4.277596  -0.500108 0.000170 -0.865963  0.298137 0.539763 1 0 1.000000
gold_player
0  0.000000 15.739157 -4.277596  -0.500000 0.000000 -0.866025  0.000000 0.000000 1 0 1.000000
0  -1.852499 15.739157 -3.208056  -0.497113 0.003841 -0.867678  0.000000 0.000000 1 0 1.000000
0  0.000000 18.209158 -4.277596  -0.500000 0.000000 -0.866025  0.000000 0.000000 1 0 1.000000
gold_player
0  -2.102728 19.937542 -3.641458  0.000125 -1.000000 -0.000107  0.000000 0.000000 1 0 1.000000
0  -0.656439 18.209158 -4.130063  -0.994827 0.000130 -0.101581  0.000000 0.000000 1 0 1.000000
0  -1.952728 19.937542 -3.381650  -0.285027 -0.821557 -0.493765  0.000000 0.000000 1 0 1.000000
gold_player
0  -0.656439 18.209158 -4.130063  -0.994842 -0.000000 -0.101438  0.000000 0.000000 1 0 1.000000
0  -3.249020 18.209158 -2.633235  0.409572 -0.000029 -0.912278  0.000000 0.000000 1 0 1.000000
0  -1.952728 19.937542 -3.381650  -0.285141 -0.821530 -0.493745  0.000000 0.000000 1 0 1.000000
gold_player
0  -3.399020 18.209158 -2.893043  0.866012 0.000173 -0.500023  0.000000 0.000000 1 0 1.000000
0  -1.952728 19.937542 -3.381650  -0.285099 -0.821515 -0.493793  0.000000 0.000000 1 0 1.000000
0  -3.249020 18.209158 -2.633235  0.409517 0.000184 -0.912303  0.000000 0.000000 1 0 1.000000
gold_player
0  -0.806439 18.209158 -4.389869  -0.865988 -0.000174 0.500065  0.000000 0.000000 1 0 1.000000
0  -1.952728 16.480772 -3.381650  -0.285090 0.821517 -0.493794  0.000000 0.000000 1 0 1.000000
0  -0.656439 18.209158 -4.130063  -0.994836 -0.000186 -0.101494  0.000000 0.000000 1 0 1.000000
gold_player
0  -2.102728 16.480772 -3.641458  -0.000157 1.000000 0.000055  0.000000 0.000000 1 0 1.000000
0  -3.249020 18.209158 -2.633235  0.409442 -0.000130 -0.912336  0.000000 0.000000 1 0 1.000000
0  -1.952728 16.480772 -3.381650  -0.285100 0.821557 -0.493723  0.000000 0.000000 1 0 1.000000
gold_player
0  -0.228256 8.625002 -1.147519  -0.177966 0.408449 -0.895264  0.000000 0.000000 1 0 1.000000
0  -0.447739 8.625002 -1.080939  -0.349161 0.408048 -0.843554  0.000000 0.000000 1 0 1.000000
0  -0.011947 9.625004 0.000000  -0.189985 0.795608 -0.575250  0.000000 0.000000 1 0 1.000000
gold_player
0  -1.080939 8.625002 -0.447740  -0.843944 0.406866 -0.349598  0.000000 0.000000 1 0 1.000000
0  -1.147519 8.625002 -0.228256  -0.895983 0.406717 -0.178316  0.000000 0.000000 1 0 1.000000
0  -0.011947 9.625004 0.000000  -0.189994 0.795595 -0.575266  0.000000 0.000000 1 0 1.000000
gold_player
0  0.000000 8.625002 -1.170000  -0.089037 0.408122 -0.908575  0.000000 0.000000 1 0 1.000000
0  -0.011947 9.625004 0.000000  -0.189840 0.795581 -0.575336  0.000000 0.000000 1 0 1.000000
0  0.000000 9.625002 0.000000  0.000123 0.760173 -0.649721  0.000000 0.000000 1 0 1.000000
gold_player
0  -0.827315 8.625002 -0.827315  -0.645766 0.407321 -0.645815  0.000000 0.000000 1 0 1.000000
0  -0.972819 8.625002 -0.650017  -0.759371 0.407072 -0.507590  0.000000 0.000000 1 0 1.000000
0  -0.011947 9.625004 0.000000  -0.190159 0.795633 -0.575159  0.000000 0.000000 1 0 1.000000
gold_player
0  -0.447739 8.625002 -1.080939  -0.349325 0.408049 -0.843486  0.000000 0.000000 1 0 1.000000
0  -0.650017 8.625002 -0.972820  -0.507111 0.407656 -0.759378  0.000000 0.000000 1 0 1.000000
0  -0.011947 9.625004 0.000000  -0.190134 0.795559 -0.575270  0.000000 0.000000 1 0 1.000000
gold_player
0  -0.972819 8.625002 -0.650017  -0.759441 0.407082 -0.507478  0.000000 0.000000 1 0 1.000000
0  -1.080939 8.625002 -0.447740  -0.843909 0.406836 -0.349717  0.000000 0.000000 1 0 1.000000
0  -0.011947 9.625004 0.000000  -0.190027 0.795596 -0.575254  0.000000 0.000000 1 0 1.000000
gold_player
0  -0.650017 8.625002 -0.972820  -0.507238 0.407660 -0.759291  0.000000 0.000000 1 0 1.000000
0  -0.827315 8.625002 -0.827315  -0.645642 0.407354 -0.645917  0.000000 0.000000 1 0 1.000000
0  -0.011947 9.625004 0.000000  -0.190157 0.795608 -0.575194  0.000000 0.000000 1 0 1.000000
gold_player
0  -1.147519 8.625002 -0.228256  -0.896006 0.406725 -0.178182  0.000000 0.000000 1 0 1.000000
0  -1.170000 8.625002 0.000000  -0.909888 0.405064 -0.089593  0.000000 0.000000 1 0 1.000000
0  -0.011947 9.625004 0.000000  -0.189802 0.795580 -0.575350  0.000000 0.000000 1 0 1.000000
painted_wood_01
0  0.039692 -15.644995 0.000000  0.000000 -1.000000 0.000000  0.298137 0.539763 1 0 1.000000
0  0.000000 -15.644995 0.000000  0.000000 -1.000000 0.000000  0.298137 0.539763 1 0 1.000000
0  0.000000 -14.644995 -1.405957  0.000000 -0.814899 -0.579603  0.298137 0.539763 1 0 1.000000
gold_player
0  0.000000 1.625002 -1.170000  -0.098009 -0.012260 -0.995110  0.000000 0.000000 1 0 1.000000
0  0.000000 -4.644999 -1.015105  -0.097988 -0.024578 -0.994884  0.000000 0.000000 1 0 1.000000
0  -0.198037 -4.644999 -0.995600  -0.226874 -0.022811 -0.973657  0.000000 0.000000 1 0 1.000000
gold_player
0  -0.228256 1.625002 -1.147519  -0.195234 -0.012360 -0.980679  0.000000 0.000000 1 0 1.000000
0  -0.198037 -4.644999 -0.995600  -0.227081 -0.022806 -0.973609  0.000000 0.000000 1 0 1.000000
0  -0.388464 -4.644999 -0.937835  -0.352093 -0.022808 -0.935687  0.000000 0.000000 1 0 1.000000
painted_wood_01
0  -0.636979 -10.645002 -0.636982  -0.706094 0.053502 -0.706094  0.298137 0.539763 1 0 1.000000
0  -0.500471 -10.645002 -0.749012  -0.554775 0.053503 -0.830278  0.298137 0.539763 1 0 1.000000
0  -0.781099 -14.644995 -1.169013  -0.511926 -0.387182 -0.766826  0.298137 0.539763 1 0 1.000000
gold_player
0  -0.447739 1.625002 -1.080939  -0.382807 -0.012359 -0.923746  0.000000 0.000000 1 0 1.000000
0  -0.388464 -4.644999 -0.937835  -0.352297 -0.022811 -0.935610  0.000000 0.000000 1 0 1.000000
0  -0.563962 -4.644999 -0.844029  -0.555270 -0.024693 -0.831304  0.000000 0.000000 1 0 1.000000
gold_player
0  -0.650017 1.625002 -0.972820  -0.555624 -0.012354 -0.831342  0.000000 0.000000 1 0 1.000000
0  -0.563962 -4.644999 -0.844029  -0.555533 -0.024697 -0.831128  0.000000 0.000000 1 0 1.000000
0  -0.717787 -4.644999 -0.717788  -0.706779 -0.024694 -0.707004  0.000000 0.000000 1 0 1.000000
gold_player
0  -0.827315 1.625002 -0.827315  -0.707168 -0.012360 -0.706938  0.000000 0.000000 1 0 1.000000
0  -0.717787 -4.644999 -0.717788  -0.707003 -0.024697 -0.706779  0.000000 0.000000 1 0 1.000000
0  -0.844029 -4.644999 -0.563962  -0.831127 -0.024694 -0.555534  0.000000 0.000000 1 0 1.000000
gold_player
0  -0.883515 -10.645002 -0.175745  -0.955583 0.053276 -0.289868  0.000000 0.000000 1 0 1.000000
0  -0.832253 -10.645002 -0.344734  -0.955326 0.053281 -0.290713  0.000000 0.000000 1 0 1.000000
0  -1.298921 -14.644995 -0.538046  -0.884567 -0.381504 -0.268320  0.000000 0.000000 1 0 1.000000
gold_player
0  -0.972819 1.625002 -0.650017  -0.831496 -0.012359 -0.555393  0.000000 0.000000 1 0 1.000000
0  -0.844029 -4.644999 -0.563962  -0.831304 -0.024697 -0.555270  0.000000 0.000000 1 0 1.000000
0  -0.937835 -4.644999 -0.388464  -0.935610 -0.022811 -0.352297  0.000000 0.000000 1 0 1.000000
painted_wood_01
0  -0.198037 -4.644999 -0.995600  -0.226870 -0.022802 -0.973658  0.298137 0.539763 1 0 1.000000
0  0.000000 -4.644999 -1.015105  -0.000000 -0.013151 -0.999914  0.298137 0.539763 1 0 1.000000
0  0.000000 -10.645002 -0.900828  0.000000 0.053502 -0.998568  0.298137 0.539763 1 0 1.000000
gold_player
0  -1.080939 1.625002 -0.447740  -0.923872 -0.012359 -0.382501  0.000000 0.000000 1 0 1.000000
0  -0.937835 -4.644999 -0.388464  -0.935687 -0.022806 -0.352093  0.000000 0.000000 1 0 1.000000
0  -0.995600 -4.644999 -0.198037  -0.973609 -0.022808 -0.227081  0.000000 0.000000 1 0 1.000000
painted_wood_01
0  -0.937835 -4.644999 -0.388464  -0.935608 -0.022803 -0.352302  0.298137 0.539763 1 0 1.000000
0  -0.844029 -4.644999 -0.563962  -0.831215 -0.024680 -0.555403  0.298137 0.539763 1 0 1.000000
0  -0.749008 -10.645002 -0.500475  -0.830279 0.053502 -0.554775  0.298137 0.539763 1 0 1.000000
gold_player
0  -1.147519 1.625002 -0.228256  -0.980741 -0.012359 -0.194920  0.000000 0.000000 1 0 1.000000
0  -0.995600 -4.644999 -0.198037  -0.973656 -0.022811 -0.226879  0.000000 0.000000 1 0 1.000000
0  -1.015106 -4.644999 0.000000  -0.994884 -0.024578 -0.097993  0.000000 0.000000 1 0 1.000000
gold_player
0  -0.344730 -10.645002 -0.832257  -0.289876 0.053278 -0.955580  0.000000 0.000000 1 0 1.000000
0  -0.175742 -10.645002 -0.883519  -0.289030 0.053283 -0.955836  0.000000 0.000000 1 0 1.000000
0  -0.274286 -14.644995 -1.378942  -0.268164 -0.382964 -0.883983  0.000000 0.000000 1 0 1.000000
painted_wood_01
0  -0.563962 -4.644999 -0.844029  -0.555401 -0.024729 -0.831215  0.298137 0.539763 1 0 1.000000
0  -0.388464 -4.644999 -0.937835  -0.352302 -0.022803 -0.935608  0.298137 0.539763 1 0 1.000000
0  -0.344730 -10.645002 -0.832257  -0.290034 0.053252 -0.955534  0.298137 0.539763 1 0 1.000000
painted_wood_01
0  -0.749008 -10.645002 -0.500475  -0.830279 0.053502 -0.554775  0.298137 0.539763 1 0 1.000000
0  -0.636979 -10.645002 -0.636982  -0.706094 0.053502 -0.706094  0.298137 0.539763 1 0 1.000000
0  -0.994151 -14.644995 -0.994166  -0.651999 -0.386273 -0.652450  0.298137 0.539763 1 0 1.000000
painted_wood_01
0  -1.015106 -4.644999 0.000000  -0.999912 -0.013291 -0.000000  0.298137 0.539763 1 0 1.000000
0  -0.995600 -4.644999 -0.198037  -0.973657 -0.022803 -0.226874  0.298137 0.539763 1 0 1.000000
0  -0.883515 -10.645002 -0.175745  -0.955631 0.053251 -0.289714  0.298137 0.539763 1 0 1.000000
painted_wood_01
0  -0.900825 -10.645002 0.000000  -0.998568 0.053502 0.000000  0.298137 0.539763 1 0 1.000000
0  -0.883515 -10.645002 -0.175745  -0.955631 0.053251 -0.289714  0.298137 0.539763 1 0 1.000000
0  -1.378928 -14.644995 -0.274301  -0.883637 -0.383995 -0.267832  0.298137 0.539763 1 0 1.000000
painted_wood_01
0  -0.844029 -4.644999 -0.563962  -0.831215 -0.024680 -0.555403  0.298137 0.539763 1 0 1.000000
0  -0.717787 -4.644999 -0.717788  -0.706891 -0.024680 -0.706892  0.298137 0.539763 1 0 1.000000
0  -0.636979 -10.645002 -0.636982  -0.706094 0.053502 -0.706094  0.298137 0.539763 1 0 1.000000
painted_wood_01
0  -0.500471 -10.645002 -0.749012  -0.554775 0.053503 -0.830278  0.298137 0.539763 1 0 1.000000
0  -0.344730 -10.645002 -0.832257  -0.290034 0.053252 -0.955534  0.298137 0.539763 1 0 1.000000
0  -0.538031 -14.644995 -1.298936  -0.267354 -0.391051 -0.880682  0.298137 0.539763 1 0 1.000000
gold_player
0  -0.388464 -4.644999 -0.937835  -0.352096 -0.022803 -0.935686  0.000000 0.000000 1 0 1.000000
0  -0.198037 -4.644999 -0.995600  -0.227079 -0.022796 -0.973610  0.000000 0.000000 1 0 1.000000
0  -0.175742 -10.645002 -0.883519  -0.289745 0.053218 -0.955623  0.000000 0.000000 1 0 1.000000
painted_wood_01
0  -0.832253 -10.645002 -0.344734  -0.955526 0.053250 -0.290061  0.298137 0.539763 1 0 1.000000
0  -0.749008 -10.645002 -0.500475  -0.830279 0.053502 -0.554775  0.298137 0.539763 1 0 1.000000
0  -1.168998 -14.644995 -0.781114  -0.767056 -0.385521 -0.512834  0.298137 0.539763 1 0 1.000000
gold_player
0  -0.995600 -4.644999 -0.198037  -0.973609 -0.022804 -0.227079  0.000000 0.000000 1 0 1.000000
0  -0.937835 -4.644999 -0.388464  -0.935686 -0.022796 -0.352096  0.000000 0.000000 1 0 1.000000
0  -0.832253 -10.645002 -0.344734  -0.955546 0.053217 -0.289999  0.000000 0.000000 1 0 1.000000
painted_wood_01
0  -0.717787 -4.644999 -0.717788  -0.706891 -0.024680 -0.706892  0.298137 0.539763 1 0 1.000000
0  -0.563962 -4.644999 -0.844029  -0.555401 -0.024729 -0.831215  0.298137 0.539763 1 0 1.000000
0  -0.500471 -10.645002 -0.749012  -0.554775 0.053503 -0.830278  0.298137 0.539763 1 0 1.000000
painted_wood_01
0  -0.175742 -10.645002 -0.883519  -0.289683 0.053252 -0.955640  0.298137 0.539763 1 0 1.000000
0  0.000000 -10.645002 -0.900828  0.000000 0.053502 -0.998568  0.298137 0.539763 1 0 1.000000
0  0.000000 -14.644995 -1.405957  -0.000000 -0.389890 -0.920861  0.298137 0.539763 1 0 1.000000
gold_player
0  -0.447739 6.625002 -1.080939  -0.363689 0.311430 -0.877919  0.000000 0.000000 1 0 1.000000
0  -0.650017 6.625002 -0.972820  -0.527873 0.311485 -0.790144  0.000000 0.000000 1 0 1.000000
0  -0.650017 8.625002 -0.972820  -0.507165 0.407641 -0.759350  0.000000 0.000000 1 0 1.000000
gold_player
0  -0.827315 6.625002 -0.827315  -0.671953 0.311473 -0.671910  0.000000 0.000000 1 0 1.000000
0  -0.972819 6.625002 -0.650017  -0.790073 0.311441 -0.528005  0.000000 0.000000 1 0 1.000000
0  -0.972819 8.625002 -0.650017  -0.759432 0.406994 -0.507561  0.000000 0.000000 1 0 1.000000
painted_wood_01
0  -1.341806 4.019003 -0.555794  -0.750855 -0.582672 -0.310984  0.298137 0.539763 1 0 1.000000
0  -1.424453 4.019003 -0.283341  -0.797098 -0.582671 -0.158523  0.298137 0.539763 1 0 1.000000
0  -1.424453 6.231001 -0.283341  -0.797087 0.582671 -0.158578  0.298137 0.539763 1 0 1.000000
painted_wood_01
0  -0.806888 4.019003 -1.207593  -0.451514 -0.582671 -0.675744  0.298137 0.539763 1 0 1.000000
0  -1.026974 4.019003 -1.026974  -0.574691 -0.582672 -0.574651  0.298137 0.539763 1 0 1.000000
0  -1.026974 6.231001 -1.026974  -0.574651 0.582672 -0.574691  0.298137 0.539763 1 0 1.000000
painted_wood_01
0  -1.424453 4.019003 -0.283341  -0.797098 -0.582671 -0.158523  0.298137 0.539763 1 0 1.000000
0  -1.452360 4.019003 0.000000  -0.798824 -0.601565 0.000029  0.298137 0.539763 1 0 1.000000
0  -1.452360 6.231001 0.000000  -0.803819 0.594873 -0.000028  0.298137 0.539763 1 0 1.000000
gold_player
0  -0.228256 6.625002 -1.147519  -0.213662 0.154902 -0.964549  0.000000 0.000000 1 0 1.000000
0  -0.447739 6.625002 -1.080939  -0.363577 0.311441 -0.877961  0.000000 0.000000 1 0 1.000000
0  -0.447739 8.625002 -1.080939  -0.349236 0.408040 -0.843527  0.000000 0.000000 1 0 1.000000
gold_player
0  -1.080939 6.625002 -0.447740  -0.877932 0.311473 -0.363621  0.000000 0.000000 1 0 1.000000
0  -1.147519 6.625002 -0.228256  -0.931979 0.311485 -0.185451  0.000000 0.000000 1 0 1.000000
0  -1.147519 8.625002 -0.228256  -0.896018 0.406663 -0.178263  0.000000 0.000000 1 0 1.000000
gold_player
0  -0.650017 6.625002 -0.972820  -0.527958 0.311473 -0.790092  0.000000 0.000000 1 0 1.000000
0  -0.827315 6.625002 -0.827315  -0.671882 0.311485 -0.671976  0.000000 0.000000 1 0 1.000000
0  -0.827315 8.625002 -0.827315  -0.645721 0.407309 -0.645866  0.000000 0.000000 1 0 1.000000
gold_player
0  0.000000 6.625002 -1.170000  -0.098016 0.000000 -0.995185  0.000000 0.000000 1 0 1.000000
0  -0.228256 6.625002 -1.147519  -0.213482 0.154903 -0.964588  0.000000 0.000000 1 0 1.000000
0  -0.228256 8.625002 -1.147519  -0.177872 0.408457 -0.895279  0.000000 0.000000 1 0 1.000000
gold_player
0  -0.972819 6.625002 -0.650017  -0.790142 0.311430 -0.527908  0.000000 0.000000 1 0 1.000000
0  -1.080939 6.625002 -0.447740  -0.877891 0.311485 -0.363710  0.000000 0.000000 1 0 1.000000
0  -1.080939 8.625002 -0.447740  -0.843947 0.406807 -0.349658  0.000000 0.000000 1 0 1.000000
painted_wood_01
0  -1.026974 4.019003 -1.026974  -0.574691 -0.582672 -0.574651  0.298137 0.539763 1 0 1.000000
0  -1.207593 4.019003 -0.806888  -0.675741 -0.582671 -0.451518  0.298137 0.539763 1 0 1.000000
0  -1.207593 6.231001 -0.806888  -0.675720 0.582671 -0.451549  0.298137 0.539763 1 0 1.000000
painted_wood_01
0  0.000000 3.625002 -1.170000  0.000017 0.010995 -0.999940  0.298137 0.539763 1 0 1.000000
0  -0.555794 4.019003 -1.341806  -0.351962 -0.581901 -0.733154  0.298137 0.539763 1 0 1.000000
0  0.000000 4.019003 -1.341806  0.000000 -0.220474 -0.975393  0.298137 0.539763 1 0 1.000000
painted_wood_01
0  -1.207593 4.019003 -0.806888  -0.675741 -0.582671 -0.451518  0.298137 0.539763 1 0 1.000000
0  -1.341806 4.019003 -0.555794  -0.750855 -0.582672 -0.310984  0.298137 0.539763 1 0 1.000000
0  -1.341806 6.231001 -0.555794  -0.750860 0.582632 -0.311046  0.298137 0.539763 1 0 1.000000
painted_wood_01
0  -0.555794 4.019003 -1.341806  -0.351962 -0.581901 -0.733154  0.298137 0.539763 1 0 1.000000
0  -0.806888 4.019003 -1.207593  -0.451514 -0.582671 -0.675744  0.298137 0.539763 1 0 1.000000
0  -0.806888 6.231001 -1.207593  -0.451400 0.582671 -0.675820  0.298137 0.539763 1 0 1.000000
gold_player
0  -1.147519 6.625002 -0.228256  -0.932002 0.311473 -0.185357  0.000000 0.000000 1 0 1.000000
0  -1.170000 6.625002 0.000000  -0.946128 0.310093 -0.093184  0.000000 0.000000 1 0 1.000000
0  -1.170000 8.625002 0.000000  -0.909956 0.404902 -0.089636  0.000000 0.000000 1 0 1.000000
gold_player
0  -0.972819 1.625002 -0.650017  -0.831510 -0.012313 -0.555373  0.000000 0.000000 1 0 1.000000
0  -1.080939 1.625002 -0.447740  -0.923790 -0.012331 -0.382701  0.000000 0.000000 1 0 1.000000
0  -1.080939 3.625002 -0.447740  -0.877907 -0.311475 -0.363680  0.000000 0.000000 1 0 1.000000
gold_player
0  -0.447739 1.625002 -1.080939  -0.382827 -0.012313 -0.923738  0.000000 0.000000 1 0 1.000000
0  -0.650017 1.625002 -0.972820  -0.555407 -0.012319 -0.831487  0.000000 0.000000 1 0 1.000000
0  -0.650017 3.625002 -0.972820  -0.527903 -0.311475 -0.790128  0.000000 0.000000 1 0 1.000000
gold_player
0  -1.080939 1.625002 -0.447740  -0.923845 -0.012325 -0.382568  0.000000 0.000000 1 0 1.000000
0  -1.147519 1.625002 -0.228256  -0.980692 -0.012325 -0.195169  0.000000 0.000000 1 0 1.000000
0  -1.147519 3.625002 -0.228256  -0.931989 -0.311475 -0.185419  0.000000 0.000000 1 0 1.000000
gold_player
0  -0.650017 1.625002 -0.972820  -0.555647 -0.012319 -0.831327  0.000000 0.000000 1 0 1.000000
0  -0.827315 1.625002 -0.827315  -0.706953 -0.012319 -0.707153  0.000000 0.000000 1 0 1.000000
0  -0.827315 3.625002 -0.827315  -0.671908 -0.311475 -0.671954  0.000000 0.000000 1 0 1.000000
gold_player
0  0.000000 1.625002 -1.170000  -0.098009 -0.012272 -0.995110  0.000000 0.000000 1 0 1.000000
0  -0.228256 1.625002 -1.147519  -0.194935 -0.012319 -0.980739  0.000000 0.000000 1 0 1.000000
0  -0.228256 3.625002 -1.147519  -0.213484 -0.154902 -0.964588  0.000000 0.000000 1 0 1.000000
gold_player
0  -1.147519 1.625002 -0.228256  -0.980720 -0.012331 -0.195028  0.000000 0.000000 1 0 1.000000
0  -1.170000 1.625002 0.000000  -0.995110 -0.012272 -0.098009  0.000000 0.000000 1 0 1.000000
0  -1.170000 3.625002 0.000000  -0.946127 -0.310093 -0.093202  0.000000 0.000000 1 0 1.000000
gold_player
0  -0.827315 1.625002 -0.827315  -0.707189 -0.012313 -0.706917  0.000000 0.000000 1 0 1.000000
0  -0.972819 1.625002 -0.650017  -0.831302 -0.012313 -0.555684  0.000000 0.000000 1 0 1.000000
0  -0.972819 3.625002 -0.650017  -0.790094 -0.311431 -0.527979  0.000000 0.000000 1 0 1.000000
gold_player
0  -0.228256 1.625002 -1.147519  -0.195217 -0.012319 -0.980683  0.000000 0.000000 1 0 1.000000
0  -0.447739 1.625002 -1.080939  -0.382480 -0.012313 -0.923882  0.000000 0.000000 1 0 1.000000
0  -0.447739 3.625002 -1.080939  -0.363609 -0.311431 -0.877952  0.000000 0.000000 1 0 1.000000
gold_player
0  -0.806888 6.231001 -1.207593  -0.451594 0.582512 -0.675827  0.000000 0.000000 1 0 1.000000
0  -1.026974 6.231001 -1.026974  -0.574739 0.582505 -0.574772  0.000000 0.000000 1 0 1.000000
0  -0.827315 6.625002 -0.827315  -0.671825 0.311780 -0.671896  0.000000 0.000000 1 0 1.000000
gold_player
0  -1.424453 6.231001 -0.283341  -0.797208 0.582512 -0.158555  0.000000 0.000000 1 0 1.000000
0  -1.452360 6.231001 0.000000  -0.810232 0.580651 -0.079802  0.000000 0.000000 1 0 1.000000
0  -1.170000 6.625002 0.000000  -0.946018 0.310431 -0.093182  0.000000 0.000000 1 0 1.000000
gold_player
0  -0.555794 6.231001 -1.341806  -0.351897 0.581932 -0.733160  0.000000 0.000000 1 0 1.000000
0  -0.806888 6.231001 -1.207593  -0.451567 0.582505 -0.675852  0.000000 0.000000 1 0 1.000000
0  -0.650017 6.625002 -0.972820  -0.527840 0.311779 -0.790050  0.000000 0.000000 1 0 1.000000
gold_player
0  -1.341806 6.231001 -0.555794  -0.750959 0.582512 -0.311031  0.000000 0.000000 1 0 1.000000
0  -1.424453 6.231001 -0.283341  -0.797206 0.582504 -0.158591  0.000000 0.000000 1 0 1.000000
0  -1.147519 6.625002 -0.228256  -0.931889 0.311778 -0.185409  0.000000 0.000000 1 0 1.000000
gold_player
0  -1.026974 6.231001 -1.026974  -0.574767 0.582513 -0.574736  0.000000 0.000000 1 0 1.000000
0  -1.207593 6.231001 -0.806888  -0.675830 0.582506 -0.451598  0.000000 0.000000 1 0 1.000000
0  -0.972819 6.625002 -0.650017  -0.789999 0.311780 -0.527916  0.000000 0.000000 1 0 1.000000
painted_wood_01
0  -0.555794 4.019003 -1.341806  -0.351962 -0.581901 -0.733154  0.298137 0.539763 1 0 1.000000
0  0.000000 6.231001 -1.341806  -0.000001 0.220486 -0.975390  0.298137 0.539763 1 0 1.000000
0  0.000000 4.019003 -1.341806  0.000000 -0.220474 -0.975393  0.298137 0.539763 1 0 1.000000
gold_player
0  -1.424453 4.019003 -0.283341  -0.797200 -0.582512 -0.158593  0.000000 0.000000 1 0 1.000000
0  -1.341806 4.019003 -0.555794  -0.750963 -0.582505 -0.311035  0.000000 0.000000 1 0 1.000000
0  -1.080939 3.625002 -0.447740  -0.877847 -0.311779 -0.363563  0.000000 0.000000 1 0 1.000000
gold_player
0  -1.207593 4.019003 -0.806888  -0.675826 -0.582512 -0.451595  0.000000 0.000000 1 0 1.000000
0  -1.026974 4.019003 -1.026974  -0.574771 -0.582506 -0.574740  0.000000 0.000000 1 0 1.000000
0  -0.827315 3.625002 -0.827315  -0.671895 -0.311780 -0.671826  0.000000 0.000000 1 0 1.000000
gold_player
0  -0.806888 4.019003 -1.207593  -0.451568 -0.582503 -0.675853  0.000000 0.000000 1 0 1.000000
0  -0.555794 4.019003 -1.341806  -0.351898 -0.581930 -0.733161  0.000000 0.000000 1 0 1.000000
0  -0.447739 3.625002 -1.080939  -0.363654 -0.311781 -0.877809  0.000000 0.000000 1 0 1.000000
gold_player
0  -1.207593 6.231001 -0.806888  -0.675847 0.582512 -0.451564  0.000000 0.000000 1 0 1.000000
0  -1.341806 6.231001 -0.555794  -0.750946 0.582505 -0.311075  0.000000 0.000000 1 0 1.000000
0  -1.080939 6.625002 -0.447740  -0.877810 0.311779 -0.363653  0.000000 0.000000 1 0 1.000000
gold_player
0  -1.452360 4.019003 0.000000  -0.810232 -0.580650 -0.079802  0.000000 0.000000 1 0 1.000000
0  -1.424453 4.019003 -0.283341  -0.797213 -0.582504 -0.158556  0.000000 0.000000 1 0 1.000000
0  -1.147519 3.625002 -0.228256  -0.931907 -0.311778 -0.185320  0.000000 0.000000 1 0 1.000000
gold_player
0  -1.341806 4.019003 -0.555794  -0.750941 -0.582513 -0.311073  0.000000 0.000000 1 0 1.000000
0  -1.207593 4.019003 -0.806888  -0.675851 -0.582506 -0.451566  0.000000 0.000000 1 0 1.000000
0  -0.972819 3.625002 -0.650017  -0.790050 -0.311780 -0.527839  0.000000 0.000000 1 0 1.000000
gold_player
0  -1.026974 4.019003 -1.026974  -0.574736 -0.582512 -0.574768  0.000000 0.000000 1 0 1.000000
0  -0.806888 4.019003 -1.207593  -0.451598 -0.582504 -0.675831  0.000000 0.000000 1 0 1.000000
0  -0.650017 3.625002 -0.972820  -0.527916 -0.311778 -0.789999  0.000000 0.000000 1 0 1.000000
gold_player
0  -1.852499 15.739157 -3.208056  -0.497102 0.003800 -0.867684  0.000000 0.000000 1 0 1.000000
0  0.000000 15.504158 -2.138515  0.816846 -0.566042 -0.111171  0.000000 0.000000 1 0 1.000000
0  -0.008427 15.004513 -2.138515  0.997978 -0.017033 0.061242  0.000000 0.000000 1 0 1.000000
gold_player
0  -1.852500 15.504158 -1.068973  -0.151020 -0.986866 -0.057342  0.000000 0.000000 1 0 1.000000
0  -1.852499 15.739157 -3.208056  -0.497110 0.003833 -0.867679  0.000000 0.000000 1 0 1.000000
0  -1.860925 15.239513 -3.208057  -0.507642 0.008564 -0.861526  0.000000 0.000000 1 0 1.000000
gold_player
0  0.000000 15.504158 -2.138515  0.816852 -0.566076 -0.110951  0.000000 0.000000 1 0 1.000000
0  -1.852500 15.504158 -1.068973  -0.151243 -0.986833 -0.057326  0.000000 0.000000 1 0 1.000000
0  -1.860927 15.004513 -1.068973  0.903314 -0.015248 0.428710  0.000000 0.000000 1 0 1.000000
gold_player
0  -1.852500 15.504158 -1.068973  -0.151151 -0.986847 -0.057326  0.000000 0.000000 1 0 1.000000
0  -1.852501 15.504158 0.000000  0.350327 -0.936628 0.000000  0.000000 0.000000 1 0 1.000000
0  -1.860927 15.004513 0.000000  0.999858 -0.016862 0.000001  0.000000 0.000000 1 0 1.000000
gold_player
0  -3.704999 15.739157 0.000567  -0.496239 -0.458014 -0.737544  0.000000 0.000000 1 0 1.000000
0  -1.852500 15.504158 -1.068973  -0.151070 -0.986864 -0.057245  0.000000 0.000000 1 0 1.000000
0  -1.860927 15.004513 -1.068973  0.903285 -0.015363 0.428766  0.000000 0.000000 1 0 1.000000
gold_player
0  -1.852500 20.914156 -1.068972  -0.130557 0.988829 -0.071924  0.000000 0.000000 1 0 1.000000
0  0.000000 20.914156 -2.138515  0.568772 0.812944 -0.124981  0.000000 0.000000 1 0 1.000000
0  -0.008427 21.413801 -2.138514  0.997974 0.016901 0.061339  0.000000 0.000000 1 0 1.000000
gold_player
0  -1.852499 20.679157 -3.208056  -0.475311 0.294126 -0.829198  0.000000 0.000000 1 0 1.000000
0  -1.852500 20.914156 -1.068972  -0.130489 0.988838 -0.071915  0.000000 0.000000 1 0 1.000000
0  -1.860930 21.413801 -1.068973  0.895994 0.015185 0.443806  0.000000 0.000000 1 0 1.000000
gold_player
0  -1.856717 20.920296 0.000000  0.351819 0.936060 -0.003973  0.000000 0.000000 1 0 1.000000
0  -1.852500 20.914156 -1.068972  -0.130651 0.988818 -0.071904  0.000000 0.000000 1 0 1.000000
0  -1.860930 21.413801 -1.068973  0.895977 0.015079 0.443845  0.000000 0.000000 1 0 1.000000
gold_player
0  -1.852500 20.914156 -1.068972  -0.130531 0.988842 -0.071792  0.000000 0.000000 1 0 1.000000
0  -3.704999 20.679157 0.000569  -0.496304 0.457509 -0.737813  0.000000 0.000000 1 0 1.000000
0  -3.713427 21.178801 0.000569  -0.499182 -0.008420 -0.866456  0.000000 0.000000 1 0 1.000000
gold_player
0  0.000000 20.914156 -2.138515  0.568815 0.812901 -0.125068  0.000000 0.000000 1 0 1.000000
0  -1.852499 20.679157 -3.208056  -0.475124 0.294207 -0.829277  0.000000 0.000000 1 0 1.000000
0  -1.860925 21.178801 -3.208056  -0.507601 -0.008557 -0.861550  0.000000 0.000000 1 0 1.000000
gold_player
0  -3.704999 18.209158 -2.138515  -0.510205 0.000119 -0.860053  0.000000 0.000000 1 0 1.000000
0  -3.704999 15.739157 0.000567  -0.496250 -0.458067 -0.737503  0.000000 0.000000 1 0 1.000000
0  -3.947838 15.739157 0.000567  -0.274013 -0.629597 -0.726997  0.000000 0.000000 1 0 1.000000
gold_player
0  -3.704999 20.679157 0.000569  -0.496287 0.457503 -0.737828  0.000000 0.000000 1 0 1.000000
0  -3.704999 18.209158 -2.138515  -0.510102 -0.000187 -0.860114  0.000000 0.000000 1 0 1.000000
0  -3.947838 18.209158 -2.138515  -0.384689 -0.000181 -0.923046  0.000000 0.000000 1 0 1.000000
gold_player
0  -4.204999 16.131977 0.000567  -0.707106 -0.462910 -0.534524  0.000000 0.000000 1 0 1.000000
0  -4.204999 18.209158 -1.798324  -0.797723 -0.000022 -0.603024  0.000000 0.000000 1 0 1.000000
0  -3.947838 18.209158 -2.138515  -0.384521 0.000170 -0.923116  0.000000 0.000000 1 0 1.000000
gold_player
0  -4.204999 18.209158 -1.798324  -0.797705 0.000022 -0.603048  0.000000 0.000000 1 0 1.000000
0  -4.204999 20.286337 0.000567  -0.707107 0.462910 -0.534523  0.000000 0.000000 1 0 1.000000
0  -3.947839 20.679157 0.000569  -0.274220 0.629536 -0.726972  0.000000 0.000000 1 0 1.000000
painted_wood_01
0  -4.204999 20.286337 0.000567  -0.706988 0.463025 -0.534580  0.298137 0.539763 1 0 1.000000
0  -4.204999 18.209158 -1.798324  -0.797621 -0.000033 -0.603159  0.298137 0.539763 1 0 1.000000
0  -4.204999 18.209158 -1.496259  -0.887300 0.000000 0.461193  0.298137 0.539763 1 0 1.000000
painted_wood_01
0  -4.204999 18.209158 -1.798324  -0.797621 -0.000033 -0.603159  0.298137 0.539763 1 0 1.000000
0  -4.204999 16.131977 0.000567  -0.706988 -0.462957 -0.534639  0.298137 0.539763 1 0 1.000000
0  -4.204999 16.480772 0.000567  -0.839591 0.355620 0.410635  0.298137 0.539763 1 0 1.000000
painted_wood_01
0  -3.704999 18.209158 -2.138515  -0.509874 0.000070 -0.860249  0.298137 0.539763 1 0 1.000000
0  -2.102728 16.480772 -3.641458  0.000021 1.000000 -0.000146  0.298137 0.539763 1 0 1.000000
0  -1.852499 15.739157 -3.208056  -0.496969 0.003961 -0.867759  0.298137 0.539763 1 0 1.000000
gold_player
0  -2.102728 19.937542 -3.641458  0.000140 -1.000000 -0.000083  0.000000 0.000000 1 0 1.000000
0  -0.806439 18.209158 -4.389869  -0.866027 0.000174 0.499997  0.000000 0.000000 1 0 1.000000
0  -0.656439 18.209158 -4.130063  -0.994825 0.000119 -0.101598  0.000000 0.000000 1 0 1.000000
gold_player
0  -0.656439 18.209158 -4.130063  -0.994842 0.000030 -0.101438  0.000000 0.000000 1 0 1.000000
0  -1.952728 16.480772 -3.381650  -0.285026 0.821530 -0.493811  0.000000 0.000000 1 0 1.000000
0  -3.249020 18.209158 -2.633235  0.409572 0.000000 -0.912278  0.000000 0.000000 1 0 1.000000
gold_player
0  -3.399020 18.209158 -2.893043  0.866026 0.000172 -0.499999  0.000000 0.000000 1 0 1.000000
0  -2.102728 19.937542 -3.641458  -0.000141 -1.000000 0.000083  0.000000 0.000000 1 0 1.000000
0  -1.952728 19.937542 -3.381650  -0.285098 -0.821480 -0.493852  0.000000 0.000000 1 0 1.000000
gold_player
0  -0.806439 18.209158 -4.389869  -0.866026 -0.000174 0.499998  0.000000 0.000000 1 0 1.000000
0  -2.102728 16.480772 -3.641458  0.000140 1.000000 -0.000082  0.000000 0.000000 1 0 1.000000
0  -1.952728 16.480772 -3.381650  -0.285141 0.821479 -0.493829  0.000000 0.000000 1 0 1.000000
gold_player
0  -2.102728 16.480772 -3.641458  -0.000141 1.000000 0.000081  0.000000 0.000000 1 0 1.000000
0  -3.399020 18.209158 -2.893043  0.866025 -0.000173 -0.500000  0.000000 0.000000 1 0 1.000000
0  -3.249020 18.209158 -2.633235  0.409428 -0.000119 -0.912343  0.000000 0.000000 1 0 1.000000
gold_player
0  0.000000 8.625002 -1.170000  -0.089102 0.408153 -0.908555  0.000000 0.000000 1 0 1.000000
0  -0.228256 8.625002 -1.147519  -0.177842 0.408443 -0.895291  0.000000 0.000000 1 0 1.000000
0  -0.011947 9.625004 0.000000  -0.189854 0.795566 -0.575352  0.000000 0.000000 1 0 1.000000
gold_player
0  0.000000 8.625002 -1.170000  -0.089045 0.408121 -0.908575  0.000000 0.000000 1 0 1.000000
0  0.000000 9.625002 0.000000  -0.000123 0.760173 -0.649721  0.000000 0.000000 1 0 1.000000
0  0.011947 9.625004 0.000000  -0.000123 0.760173 -0.649721  0.000000 0.000000 1 0 1.000000
c_invasion_wrangler_laser
0  -2.413950 11.949177 0.000000  -0.999998 -0.001939 0.000000  0.000000 0.000000 1 0 1.000000
0  -1.851672 11.647890 -0.201594  0.463149 -0.878340 0.118375  0.000000 0.000000 1 0 1.000000
0  -1.892105 11.647890 0.000000  0.409343 -0.912381 0.000000  0.000000 0.000000 1 0 1.000000
c_invasion_wrangler_laser
0  -1.892105 11.647890 0.000000  0.409343 -0.912381 0.000000  0.000000 0.000000 1 0 1.000000
0  -1.851672 12.250463 -0.201594  0.464931 0.877697 0.116132  0.000000 0.000000 1 0 1.000000
0  -1.892105 12.250463 0.000000  0.412349 0.911026 0.000000  0.000000 0.000000 1 0 1.000000
c_invasion_wrangler_laser
0  -1.892105 12.250463 0.000000  0.412349 0.911026 0.000000  0.000000 0.000000 1 0 1.000000
0  -2.363490 11.949177 -0.303401  -0.973619 -0.001154 -0.228175  0.000000 0.000000 1 0 1.000000
0  -2.413950 11.949177 0.000000  -0.999998 -0.001939 0.000000  0.000000 0.000000 1 0 1.000000
c_invasion_wrangler_laser
0  -2.363490 11.949177 -0.303401  -0.973619 -0.001154 -0.228175  0.000000 0.000000 1 0 1.000000
0  -1.731931 11.647890 -0.596330  0.422433 -0.889344 0.174980  0.000000 0.000000 1 0 1.000000
0  -1.851672 11.647890 -0.201594  0.463149 -0.878340 0.118375  0.000000 0.000000 1 0 1.000000
c_invasion_wrangler_laser
0  -1.851672 11.647890 -0.201594  0.463149 -0.878340 0.118375  0.000000 0.000000 1 0 1.000000
0  -1.731931 12.250463 -0.596330  0.422434 0.889344 0.174978  0.000000 0.000000 1 0 1.000000
0  -1.851672 12.250463 -0.201594  0.464931 0.877697 0.116132  0.000000 0.000000 1 0 1.000000
c_invasion_wrangler_laser
0  -1.851672 12.250463 -0.201594  0.464931 0.877697 0.116132  0.000000 0.000000 1 0 1.000000
0  -2.214053 11.949177 -0.796032  -0.923880 -0.000000 -0.382683  0.000000 0.000000 1 0 1.000000
0  -2.363490 11.949177 -0.303401  -0.973619 -0.001154 -0.228175  0.000000 0.000000 1 0 1.000000
c_invasion_wrangler_laser
0  -2.214053 11.949177 -0.796032  -0.923880 -0.000000 -0.382683  0.000000 0.000000 1 0 1.000000
0  -1.537480 11.647890 -0.960122  0.380181 -0.889344 0.254029  0.000000 0.000000 1 0 1.000000
0  -1.731931 11.647890 -0.596330  0.422433 -0.889344 0.174980  0.000000 0.000000 1 0 1.000000
c_invasion_wrangler_laser
0  -1.731931 11.647890 -0.596330  0.422433 -0.889344 0.174980  0.000000 0.000000 1 0 1.000000
0  -1.537480 12.250463 -0.960122  0.380183 0.889343 0.254027  0.000000 0.000000 1 0 1.000000
0  -1.731931 12.250463 -0.596330  0.422434 0.889344 0.174978  0.000000 0.000000 1 0 1.000000
c_invasion_wrangler_laser
0  -1.731931 12.250463 -0.596330  0.422434 0.889344 0.174978  0.000000 0.000000 1 0 1.000000
0  -1.971379 11.949177 -1.250043  -0.831469 -0.000000 -0.555570  0.000000 0.000000 1 0 1.000000
0  -2.214053 11.949177 -0.796032  -0.923880 -0.000000 -0.382683  0.000000 0.000000 1 0 1.000000
c_invasion_wrangler_laser
0  -1.971379 11.949177 -1.250043  -0.831469 -0.000000 -0.555570  0.000000 0.000000 1 0 1.000000
0  -1.275794 11.647890 -1.278987  0.323316 -0.889344 0.323318  0.000000 0.000000 1 0 1.000000
0  -1.537480 11.647890 -0.960122  0.380181 -0.889344 0.254029  0.000000 0.000000 1 0 1.000000
c_invasion_wrangler_laser
0  -1.537480 11.647890 -0.960122  0.380181 -0.889344 0.254029  0.000000 0.000000 1 0 1.000000
0  -1.275794 12.250463 -1.278987  0.323318 0.889344 0.323316  0.000000 0.000000 1 0 1.000000
0  -1.537480 12.250463 -0.960122  0.380183 0.889343 0.254027  0.000000 0.000000 1 0 1.000000
c_invasion_wrangler_laser
0  -1.537480 12.250463 -0.960122  0.380183 0.889343 0.254027  0.000000 0.000000 1 0 1.000000
0  -1.644794 11.949177 -1.647988  -0.707108 -0.000000 -0.707106  0.000000 0.000000 1 0 1.000000
0  -1.971379 11.949177 -1.250043  -0.831469 -0.000000 -0.555570  0.000000 0.000000 1 0 1.000000
c_invasion_wrangler_laser
0  -1.644794 11.949177 -1.647988  -0.707108 -0.000000 -0.707106  0.000000 0.000000 1 0 1.000000
0  -0.956928 11.647890 -1.540673  0.254028 -0.889343 0.380182  0.000000 0.000000 1 0 1.000000
0  -1.275794 11.647890 -1.278987  0.323316 -0.889344 0.323318  0.000000 0.000000 1 0 1.000000
c_invasion_wrangler_laser
0  -1.275794 11.647890 -1.278987  0.323316 -0.889344 0.323318  0.000000 0.000000 1 0 1.000000
0  -0.956928 12.250465 -1.540673  0.254029 0.889344 0.380179  0.000000 0.000000 1 0 1.000000
0  -1.275794 12.250463 -1.278987  0.323318 0.889344 0.323316  0.000000 0.000000 1 0 1.000000
c_invasion_wrangler_laser
0  -1.275794 12.250463 -1.278987  0.323318 0.889344 0.323316  0.000000 0.000000 1 0 1.000000
0  -1.246850 11.949177 -1.974572  -0.555571 -0.000001 -0.831469  0.000000 0.000000 1 0 1.000000
0  -1.644794 11.949177 -1.647988  -0.707108 -0.000000 -0.707106  0.000000 0.000000 1 0 1.000000
c_invasion_wrangler_laser
0  -1.246850 11.949177 -1.974572  -0.555571 -0.000001 -0.831469  0.000000 0.000000 1 0 1.000000
0  -0.593138 11.647890 -1.735124  0.174976 -0.889343 0.422435  0.000000 0.000000 1 0 1.000000
0  -0.956928 11.647890 -1.540673  0.254028 -0.889343 0.380182  0.000000 0.000000 1 0 1.000000
c_invasion_wrangler_laser
0  -0.956928 11.647890 -1.540673  0.254028 -0.889343 0.380182  0.000000 0.000000 1 0 1.000000
0  -0.593138 12.250465 -1.735124  0.174980 0.889345 0.422431  0.000000 0.000000 1 0 1.000000
0  -0.956928 12.250465 -1.540673  0.254029 0.889344 0.380179  0.000000 0.000000 1 0 1.000000
c_invasion_wrangler_laser
0  -0.956928 12.250465 -1.540673  0.254029 0.889344 0.380179  0.000000 0.000000 1 0 1.000000
0  -0.792840 11.949177 -2.217246  -0.382684 -0.000002 -0.923879  0.000000 0.000000 1 0 1.000000
0  -1.246850 11.949177 -1.974572  -0.555571 -0.000001 -0.831469  0.000000 0.000000 1 0 1.000000
c_invasion_wrangler_laser
0  -0.792840 11.949177 -2.217246  -0.382684 -0.000002 -0.923879  0.000000 0.000000 1 0 1.000000
0  -0.198402 11.647890 -1.854865  0.117014 -0.877338 0.465388  0.000000 0.000000 1 0 1.000000
0  -0.593138 11.647890 -1.735124  0.174976 -0.889343 0.422435  0.000000 0.000000 1 0 1.000000
c_invasion_wrangler_laser
0  -0.593138 11.647890 -1.735124  0.174976 -0.889343 0.422435  0.000000 0.000000 1 0 1.000000
0  -0.198402 12.250465 -1.854865  0.119325 0.878003 0.463544  0.000000 0.000000 1 0 1.000000
0  -0.593138 12.250465 -1.735124  0.174980 0.889345 0.422431  0.000000 0.000000 1 0 1.000000
c_invasion_wrangler_laser
0  -0.593138 12.250465 -1.735124  0.174980 0.889345 0.422431  0.000000 0.000000 1 0 1.000000
0  -0.300209 11.949177 -2.366684  -0.229043 0.001188 -0.973415  0.000000 0.000000 1 0 1.000000
0  -0.792840 11.949177 -2.217246  -0.382684 -0.000002 -0.923879  0.000000 0.000000 1 0 1.000000
c_invasion_wrangler_laser
0  -0.300209 11.949177 -2.366684  -0.229043 0.001188 -0.973415  0.000000 0.000000 1 0 1.000000
0  0.000000 11.647890 -1.895298  0.000000 -0.911679 0.410903  0.000000 0.000000 1 0 1.000000
0  -0.198402 11.647890 -1.854865  0.117014 -0.877338 0.465388  0.000000 0.000000 1 0 1.000000
c_invasion_wrangler_laser
0  -0.198402 11.647890 -1.854865  0.117014 -0.877338 0.465388  0.000000 0.000000 1 0 1.000000
0  0.000000 12.250465 -1.895298  0.000000 0.913079 0.407783  0.000000 0.000000 1 0 1.000000
0  -0.198402 12.250465 -1.854865  0.119325 0.878003 0.463544  0.000000 0.000000 1 0 1.000000
c_invasion_wrangler_laser
0  -0.198402 12.250465 -1.854865  0.119325 0.878003 0.463544  0.000000 0.000000 1 0 1.000000
0  0.000000 11.949177 -2.417143  0.000000 0.001996 -0.999998  0.000000 0.000000 1 0 1.000000
0  -0.300209 11.949177 -2.366684  -0.229043 0.001188 -0.973415  0.000000 0.000000 1 0 1.000000
c_invasion_wrangler_laser
0  -2.413950 10.714703 0.000000  -0.999998 -0.001940 0.000000  0.000000 0.000000 1 0 1.000000
0  -1.851672 10.413417 -0.201594  0.463149 -0.878339 0.118374  0.000000 0.000000 1 0 1.000000
0  -1.892105 10.413417 0.000000  0.409344 -0.912380 0.000000  0.000000 0.000000 1 0 1.000000
c_invasion_wrangler_laser
0  -1.892105 10.413417 0.000000  0.409344 -0.912380 0.000000  0.000000 0.000000 1 0 1.000000
0  -1.851672 11.015989 -0.201594  0.464931 0.877698 0.116128  0.000000 0.000000 1 0 1.000000
0  -1.892105 11.015989 0.000000  0.412350 0.911026 0.000000  0.000000 0.000000 1 0 1.000000
c_invasion_wrangler_laser
0  -1.892105 11.015989 0.000000  0.412350 0.911026 0.000000  0.000000 0.000000 1 0 1.000000
0  -2.363490 10.714703 -0.303401  -0.973620 -0.001155 -0.228174  0.000000 0.000000 1 0 1.000000
0  -2.413950 10.714703 0.000000  -0.999998 -0.001940 0.000000  0.000000 0.000000 1 0 1.000000
c_invasion_wrangler_laser
0  -2.363490 10.714703 -0.303401  -0.973620 -0.001155 -0.228174  0.000000 0.000000 1 0 1.000000
0  -1.731931 10.413417 -0.596330  0.422434 -0.889344 0.174980  0.000000 0.000000 1 0 1.000000
0  -1.851672 10.413417 -0.201594  0.463149 -0.878339 0.118374  0.000000 0.000000 1 0 1.000000
c_invasion_wrangler_laser
0  -1.851672 10.413417 -0.201594  0.463149 -0.878339 0.118374  0.000000 0.000000 1 0 1.000000
0  -1.731931 11.015989 -0.596330  0.422435 0.889344 0.174975  0.000000 0.000000 1 0 1.000000
0  -1.851672 11.015989 -0.201594  0.464931 0.877698 0.116128  0.000000 0.000000 1 0 1.000000
c_invasion_wrangler_laser
0  -1.851672 11.015989 -0.201594  0.464931 0.877698 0.116128  0.000000 0.000000 1 0 1.000000
0  -2.214053 10.714703 -0.796032  -0.923880 -0.000001 -0.382684  0.000000 0.000000 1 0 1.000000
0  -2.363490 10.714703 -0.303401  -0.973620 -0.001155 -0.228174  0.000000 0.000000 1 0 1.000000
c_invasion_wrangler_laser
0  -2.214053 10.714703 -0.796032  -0.923880 -0.000001 -0.382684  0.000000 0.000000 1 0 1.000000
0  -1.537480 10.413417 -0.960122  0.380181 -0.889343 0.254030  0.000000 0.000000 1 0 1.000000
0  -1.731931 10.413417 -0.596330  0.422434 -0.889344 0.174980  0.000000 0.000000 1 0 1.000000
c_invasion_wrangler_laser
0  -1.731931 10.413417 -0.596330  0.422434 -0.889344 0.174980  0.000000 0.000000 1 0 1.000000
0  -1.537480 11.015989 -0.960122  0.380182 0.889344 0.254027  0.000000 0.000000 1 0 1.000000
0  -1.731931 11.015989 -0.596330  0.422435 0.889344 0.174975  0.000000 0.000000 1 0 1.000000
c_invasion_wrangler_laser
0  -1.731931 11.015989 -0.596330  0.422435 0.889344 0.174975  0.000000 0.000000 1 0 1.000000
0  -1.971379 10.714703 -1.250043  -0.831469 -0.000001 -0.555571  0.000000 0.000000 1 0 1.000000
0  -2.214053 10.714703 -0.796032  -0.923880 -0.000001 -0.382684  0.000000 0.000000 1 0 1.000000
c_invasion_wrangler_laser
0  -1.971379 10.714703 -1.250043  -0.831469 -0.000001 -0.555571  0.000000 0.000000 1 0 1.000000
0  -1.275794 10.413417 -1.278987  0.323316 -0.889344 0.323318  0.000000 0.000000 1 0 1.000000
0  -1.537480 10.413417 -0.960122  0.380181 -0.889343 0.254030  0.000000 0.000000 1 0 1.000000
c_invasion_wrangler_laser
0  -1.537480 10.413417 -0.960122  0.380181 -0.889343 0.254030  0.000000 0.000000 1 0 1.000000
0  -1.275794 11.015989 -1.278987  0.323317 0.889344 0.323317  0.000000 0.000000 1 0 1.000000
0  -1.537480 11.015989 -0.960122  0.380182 0.889344 0.254027  0.000000 0.000000 1 0 1.000000
c_invasion_wrangler_laser
0  -1.537480 11.015989 -0.960122  0.380182 0.889344 0.254027  0.000000 0.000000 1 0 1.000000
0  -1.644794 10.714703 -1.647988  -0.707107 -0.000001 -0.707106  0.000000 0.000000 1 0 1.000000
0  -1.971379 10.714703 -1.250043  -0.831469 -0.000001 -0.555571  0.000000 0.000000 1 0 1.000000
c_invasion_wrangler_laser
0  -1.644794 10.714703 -1.647988  -0.707107 -0.000001 -0.707106  0.000000 0.000000 1 0 1.000000
0  -0.956928 10.413417 -1.540673  0.254027 -0.889343 0.380183  0.000000 0.000000 1 0 1.000000
0  -1.275794 10.413417 -1.278987  0.323316 -0.889344 0.323318  0.000000 0.000000 1 0 1.000000
c_invasion_wrangler_laser
0  -1.275794 10.413417 -1.278987  0.323316 -0.889344 0.323318  0.000000 0.000000 1 0 1.000000
0  -0.956928 11.015992 -1.540673  0.254027 0.889345 0.380178  0.000000 0.000000 1 0 1.000000
0  -1.275794 11.015989 -1.278987  0.323317 0.889344 0.323317  0.000000 0.000000 1 0 1.000000
c_invasion_wrangler_laser
0  -1.275794 11.015989 -1.278987  0.323317 0.889344 0.323317  0.000000 0.000000 1 0 1.000000
0  -1.246850 10.714703 -1.974572  -0.555571 -0.000002 -0.831469  0.000000 0.000000 1 0 1.000000
0  -1.644794 10.714703 -1.647988  -0.707107 -0.000001 -0.707106  0.000000 0.000000 1 0 1.000000
c_invasion_wrangler_laser
0  -1.246850 10.714703 -1.974572  -0.555571 -0.000002 -0.831469  0.000000 0.000000 1 0 1.000000
0  -0.593138 10.413417 -1.735124  0.174976 -0.889343 0.422436  0.000000 0.000000 1 0 1.000000
0  -0.956928 10.413417 -1.540673  0.254027 -0.889343 0.380183  0.000000 0.000000 1 0 1.000000
c_invasion_wrangler_laser
0  -0.956928 10.413417 -1.540673  0.254027 -0.889343 0.380183  0.000000 0.000000 1 0 1.000000
0  -0.593138 11.015992 -1.735124  0.174979 0.889345 0.422431  0.000000 0.000000 1 0 1.000000
0  -0.956928 11.015992 -1.540673  0.254027 0.889345 0.380178  0.000000 0.000000 1 0 1.000000
c_invasion_wrangler_laser
0  -0.956928 11.015992 -1.540673  0.254027 0.889345 0.380178  0.000000 0.000000 1 0 1.000000
0  -0.792840 10.714703 -2.217246  -0.382684 -0.000003 -0.923879  0.000000 0.000000 1 0 1.000000
0  -1.246850 10.714703 -1.974572  -0.555571 -0.000002 -0.831469  0.000000 0.000000 1 0 1.000000
c_invasion_wrangler_laser
0  -0.792840 10.714703 -2.217246  -0.382684 -0.000003 -0.923879  0.000000 0.000000 1 0 1.000000
0  -0.198402 10.413417 -1.854865  0.117014 -0.877338 0.465389  0.000000 0.000000 1 0 1.000000
0  -0.593138 10.413417 -1.735124  0.174976 -0.889343 0.422436  0.000000 0.000000 1 0 1.000000
c_invasion_wrangler_laser
0  -0.593138 10.413417 -1.735124  0.174976 -0.889343 0.422436  0.000000 0.000000 1 0 1.000000
0  -0.198402 11.015992 -1.854865  0.119325 0.878003 0.463543  0.000000 0.000000 1 0 1.000000
0  -0.593138 11.015992 -1.735124  0.174979 0.889345 0.422431  0.000000 0.000000 1 0 1.000000
c_invasion_wrangler_laser
0  -0.593138 11.015992 -1.735124  0.174979 0.889345 0.422431  0.000000 0.000000 1 0 1.000000
0  -0.300209 10.714703 -2.366684  -0.229044 0.001187 -0.973415  0.000000 0.000000 1 0 1.000000
0  -0.792840 10.714703 -2.217246  -0.382684 -0.000003 -0.923879  0.000000 0.000000 1 0 1.000000
c_invasion_wrangler_laser
0  -0.300209 10.714703 -2.366684  -0.229044 0.001187 -0.973415  0.000000 0.000000 1 0 1.000000
0  0.000000 10.413417 -1.895298  0.000000 -0.911679 0.410904  0.000000 0.000000 1 0 1.000000
0  -0.198402 10.413417 -1.854865  0.117014 -0.877338 0.465389  0.000000 0.000000 1 0 1.000000
c_invasion_wrangler_laser
0  -0.198402 10.413417 -1.854865  0.117014 -0.877338 0.465389  0.000000 0.000000 1 0 1.000000
0  0.000000 11.015992 -1.895298  0.000000 0.913079 0.407783  0.000000 0.000000 1 0 1.000000
0  -0.198402 11.015992 -1.854865  0.119325 0.878003 0.463543  0.000000 0.000000 1 0 1.000000
c_invasion_wrangler_laser
0  -0.198402 11.015992 -1.854865  0.119325 0.878003 0.463543  0.000000 0.000000 1 0 1.000000
0  0.000000 10.714703 -2.417143  0.000000 0.001996 -0.999998  0.000000 0.000000 1 0 1.000000
0  -0.300209 10.714703 -2.366684  -0.229044 0.001187 -0.973415  0.000000 0.000000 1 0 1.000000
c_invasion_wrangler_laser
0  -2.413950 13.183650 0.000000  -0.999998 -0.001939 0.000000  0.000000 0.000000 1 0 1.000000
0  -1.851672 12.882363 -0.201594  0.463149 -0.878340 0.118374  0.000000 0.000000 1 0 1.000000
0  -1.892105 12.882363 0.000000  0.409343 -0.912380 0.000000  0.000000 0.000000 1 0 1.000000
c_invasion_wrangler_laser
0  -1.892105 12.882363 0.000000  0.409343 -0.912380 0.000000  0.000000 0.000000 1 0 1.000000
0  -1.851672 13.484937 -0.201594  0.464931 0.877697 0.116130  0.000000 0.000000 1 0 1.000000
0  -1.892105 13.484937 0.000000  0.412349 0.911026 -0.000000  0.000000 0.000000 1 0 1.000000
c_invasion_wrangler_laser
0  -1.892105 13.484937 0.000000  0.412349 0.911026 -0.000000  0.000000 0.000000 1 0 1.000000
0  -2.363490 13.183650 -0.303401  -0.973619 -0.001154 -0.228176  0.000000 0.000000 1 0 1.000000
0  -2.413950 13.183650 0.000000  -0.999998 -0.001939 0.000000  0.000000 0.000000 1 0 1.000000
c_invasion_wrangler_laser
0  -2.363490 13.183650 -0.303401  -0.973619 -0.001154 -0.228176  0.000000 0.000000 1 0 1.000000
0  -1.731931 12.882363 -0.596330  0.422433 -0.889344 0.174979  0.000000 0.000000 1 0 1.000000
0  -1.851672 12.882363 -0.201594  0.463149 -0.878340 0.118374  0.000000 0.000000 1 0 1.000000
c_invasion_wrangler_laser
0  -1.851672 12.882363 -0.201594  0.463149 -0.878340 0.118374  0.000000 0.000000 1 0 1.000000
0  -1.731931 13.484937 -0.596330  0.422435 0.889344 0.174973  0.000000 0.000000 1 0 1.000000
0  -1.851672 13.484937 -0.201594  0.464931 0.877697 0.116130  0.000000 0.000000 1 0 1.000000
c_invasion_wrangler_laser
0  -1.851672 13.484937 -0.201594  0.464931 0.877697 0.116130  0.000000 0.000000 1 0 1.000000
0  -2.214053 13.183650 -0.796032  -0.923879 0.000000 -0.382684  0.000000 0.000000 1 0 1.000000
0  -2.363490 13.183650 -0.303401  -0.973619 -0.001154 -0.228176  0.000000 0.000000 1 0 1.000000
c_invasion_wrangler_laser
0  -2.214053 13.183650 -0.796032  -0.923879 0.000000 -0.382684  0.000000 0.000000 1 0 1.000000
0  -1.537480 12.882363 -0.960122  0.380179 -0.889343 0.254032  0.000000 0.000000 1 0 1.000000
0  -1.731931 12.882363 -0.596330  0.422433 -0.889344 0.174979  0.000000 0.000000 1 0 1.000000
c_invasion_wrangler_laser
0  -1.731931 12.882363 -0.596330  0.422433 -0.889344 0.174979  0.000000 0.000000 1 0 1.000000
0  -1.537480 13.484937 -0.960122  0.380183 0.889344 0.254025  0.000000 0.000000 1 0 1.000000
0  -1.731931 13.484937 -0.596330  0.422435 0.889344 0.174973  0.000000 0.000000 1 0 1.000000
c_invasion_wrangler_laser
0  -1.731931 13.484937 -0.596330  0.422435 0.889344 0.174973  0.000000 0.000000 1 0 1.000000
0  -1.971379 13.183650 -1.250043  -0.831470 0.000000 -0.555570  0.000000 0.000000 1 0 1.000000
0  -2.214053 13.183650 -0.796032  -0.923879 0.000000 -0.382684  0.000000 0.000000 1 0 1.000000
c_invasion_wrangler_laser
0  -1.971379 13.183650 -1.250043  -0.831470 0.000000 -0.555570  0.000000 0.000000 1 0 1.000000
0  -1.275794 12.882363 -1.278987  0.323315 -0.889343 0.323320  0.000000 0.000000 1 0 1.000000
0  -1.537480 12.882363 -0.960122  0.380179 -0.889343 0.254032  0.000000 0.000000 1 0 1.000000
c_invasion_wrangler_laser
0  -1.537480 12.882363 -0.960122  0.380179 -0.889343 0.254032  0.000000 0.000000 1 0 1.000000
0  -1.275794 13.484937 -1.278987  0.323318 0.889344 0.323315  0.000000 0.000000 1 0 1.000000
0  -1.537480 13.484937 -0.960122  0.380183 0.889344 0.254025  0.000000 0.000000 1 0 1.000000
c_invasion_wrangler_laser
0  -1.537480 13.484937 -0.960122  0.380183 0.889344 0.254025  0.000000 0.000000 1 0 1.000000
0  -1.644794 13.183650 -1.647988  -0.707106 0.000000 -0.707107  0.000000 0.000000 1 0 1.000000
0  -1.971379 13.183650 -1.250043  -0.831470 0.000000 -0.555570  0.000000 0.000000 1 0 1.000000
c_invasion_wrangler_laser
0  -1.644794 13.183650 -1.647988  -0.707106 0.000000 -0.707107  0.000000 0.000000 1 0 1.000000
0  -0.956928 12.882363 -1.540673  0.254027 -0.889343 0.380182  0.000000 0.000000 1 0 1.000000
0  -1.275794 12.882363 -1.278987  0.323315 -0.889343 0.323320  0.000000 0.000000 1 0 1.000000
c_invasion_wrangler_laser
0  -1.275794 12.882363 -1.278987  0.323315 -0.889343 0.323320  0.000000 0.000000 1 0 1.000000
0  -0.956928 13.484939 -1.540673  0.254029 0.889344 0.380180  0.000000 0.000000 1 0 1.000000
0  -1.275794 13.484937 -1.278987  0.323318 0.889344 0.323315  0.000000 0.000000 1 0 1.000000
c_invasion_wrangler_laser
0  -1.275794 13.484937 -1.278987  0.323318 0.889344 0.323315  0.000000 0.000000 1 0 1.000000
0  -1.246850 13.183650 -1.974572  -0.555571 -0.000001 -0.831469  0.000000 0.000000 1 0 1.000000
0  -1.644794 13.183650 -1.647988  -0.707106 0.000000 -0.707107  0.000000 0.000000 1 0 1.000000
c_invasion_wrangler_laser
0  -1.246850 13.183650 -1.974572  -0.555571 -0.000001 -0.831469  0.000000 0.000000 1 0 1.000000
0  -0.593138 12.882363 -1.735124  0.174976 -0.889344 0.422435  0.000000 0.000000 1 0 1.000000
0  -0.956928 12.882363 -1.540673  0.254027 -0.889343 0.380182  0.000000 0.000000 1 0 1.000000
c_invasion_wrangler_laser
0  -0.956928 12.882363 -1.540673  0.254027 -0.889343 0.380182  0.000000 0.000000 1 0 1.000000
0  -0.593138 13.484939 -1.735124  0.174980 0.889344 0.422433  0.000000 0.000000 1 0 1.000000
0  -0.956928 13.484939 -1.540673  0.254029 0.889344 0.380180  0.000000 0.000000 1 0 1.000000
c_invasion_wrangler_laser
0  -0.956928 13.484939 -1.540673  0.254029 0.889344 0.380180  0.000000 0.000000 1 0 1.000000
0  -0.792840 13.183650 -2.217246  -0.382684 -0.000001 -0.923879  0.000000 0.000000 1 0 1.000000
0  -1.246850 13.183650 -1.974572  -0.555571 -0.000001 -0.831469  0.000000 0.000000 1 0 1.000000
c_invasion_wrangler_laser
0  -0.792840 13.183650 -2.217246  -0.382684 -0.000001 -0.923879  0.000000 0.000000 1 0 1.000000
0  -0.198402 12.882363 -1.854865  0.117014 -0.877338 0.465388  0.000000 0.000000 1 0 1.000000
0  -0.593138 12.882363 -1.735124  0.174976 -0.889344 0.422435  0.000000 0.000000 1 0 1.000000
c_invasion_wrangler_laser
0  -0.593138 12.882363 -1.735124  0.174976 -0.889344 0.422435  0.000000 0.000000 1 0 1.000000
0  -0.198402 13.484939 -1.854865  0.119325 0.878003 0.463544  0.000000 0.000000 1 0 1.000000
0  -0.593138 13.484939 -1.735124  0.174980 0.889344 0.422433  0.000000 0.000000 1 0 1.000000
c_invasion_wrangler_laser
0  -0.593138 13.484939 -1.735124  0.174980 0.889344 0.422433  0.000000 0.000000 1 0 1.000000
0  -0.300209 13.183650 -2.366684  -0.229043 0.001189 -0.973415  0.000000 0.000000 1 0 1.000000
0  -0.792840 13.183650 -2.217246  -0.382684 -0.000001 -0.923879  0.000000 0.000000 1 0 1.000000
c_invasion_wrangler_laser
0  -0.300209 13.183650 -2.366684  -0.229043 0.001189 -0.973415  0.000000 0.000000 1 0 1.000000
0  0.000000 12.882363 -1.895298  0.000000 -0.911679 0.410903  0.000000 0.000000 1 0 1.000000
0  -0.198402 12.882363 -1.854865  0.117014 -0.877338 0.465388  0.000000 0.000000 1 0 1.000000
c_invasion_wrangler_laser
0  -0.198402 12.882363 -1.854865  0.117014 -0.877338 0.465388  0.000000 0.000000 1 0 1.000000
0  0.000000 13.484939 -1.895298  0.000000 0.913079 0.407783  0.000000 0.000000 1 0 1.000000
0  -0.198402 13.484939 -1.854865  0.119325 0.878003 0.463544  0.000000 0.000000 1 0 1.000000
c_invasion_wrangler_laser
0  -0.198402 13.484939 -1.854865  0.119325 0.878003 0.463544  0.000000 0.000000 1 0 1.000000
0  0.000000 13.183650 -2.417143  0.000000 0.001996 -0.999998  0.000000 0.000000 1 0 1.000000
0  -0.300209 13.183650 -2.366684  -0.229043 0.001189 -0.973415  0.000000 0.000000 1 0 1.000000
c_invasion_wrangler_laser
0  -0.198402 9.781521 -1.854865  0.119325 0.878003 0.463544  0.000000 0.000000 1 0 1.000000
0  0.000000 9.480232 -2.417143  0.000000 0.001998 -0.999998  0.000000 0.000000 1 0 1.000000
0  -0.300209 9.480232 -2.366684  -0.229043 0.001189 -0.973415  0.000000 0.000000 1 0 1.000000
c_invasion_wrangler_laser
0  -0.198402 9.178946 -1.854865  0.117014 -0.877338 0.465388  0.000000 0.000000 1 0 1.000000
0  0.000000 9.781521 -1.895298  0.000000 0.913079 0.407783  0.000000 0.000000 1 0 1.000000
0  -0.198402 9.781521 -1.854865  0.119325 0.878003 0.463544  0.000000 0.000000 1 0 1.000000
c_invasion_wrangler_laser
0  -0.300209 9.480232 -2.366684  -0.229043 0.001189 -0.973415  0.000000 0.000000 1 0 1.000000
0  0.000000 9.178946 -1.895298  0.000000 -0.911679 0.410904  0.000000 0.000000 1 0 1.000000
0  -0.198402 9.178946 -1.854865  0.117014 -0.877338 0.465388  0.000000 0.000000 1 0 1.000000
c_invasion_wrangler_laser
0  -0.593138 9.781521 -1.735124  0.174980 0.889345 0.422431  0.000000 0.000000 1 0 1.000000
0  -0.300209 9.480232 -2.366684  -0.229043 0.001189 -0.973415  0.000000 0.000000 1 0 1.000000
0  -0.792840 9.480232 -2.217246  -0.382683 -0.000002 -0.923880  0.000000 0.000000 1 0 1.000000
c_invasion_wrangler_laser
0  -0.593138 9.178946 -1.735124  0.174976 -0.889344 0.422435  0.000000 0.000000 1 0 1.000000
0  -0.198402 9.781521 -1.854865  0.119325 0.878003 0.463544  0.000000 0.000000 1 0 1.000000
0  -0.593138 9.781521 -1.735124  0.174980 0.889345 0.422431  0.000000 0.000000 1 0 1.000000
c_invasion_wrangler_laser
0  -0.792840 9.480232 -2.217246  -0.382683 -0.000002 -0.923880  0.000000 0.000000 1 0 1.000000
0  -0.198402 9.178946 -1.854865  0.117014 -0.877338 0.465388  0.000000 0.000000 1 0 1.000000
0  -0.593138 9.178946 -1.735124  0.174976 -0.889344 0.422435  0.000000 0.000000 1 0 1.000000
c_invasion_wrangler_laser
0  -0.956928 9.781521 -1.540673  0.254028 0.889344 0.380180  0.000000 0.000000 1 0 1.000000
0  -0.792840 9.480232 -2.217246  -0.382683 -0.000002 -0.923880  0.000000 0.000000 1 0 1.000000
0  -1.246850 9.480232 -1.974572  -0.555572 -0.000001 -0.831468  0.000000 0.000000 1 0 1.000000
c_invasion_wrangler_laser
0  -0.956928 9.178946 -1.540673  0.254027 -0.889343 0.380183  0.000000 0.000000 1 0 1.000000
0  -0.593138 9.781521 -1.735124  0.174980 0.889345 0.422431  0.000000 0.000000 1 0 1.000000
0  -0.956928 9.781521 -1.540673  0.254028 0.889344 0.380180  0.000000 0.000000 1 0 1.000000
c_invasion_wrangler_laser
0  -1.246850 9.480232 -1.974572  -0.555572 -0.000001 -0.831468  0.000000 0.000000 1 0 1.000000
0  -0.593138 9.178946 -1.735124  0.174976 -0.889344 0.422435  0.000000 0.000000 1 0 1.000000
0  -0.956928 9.178946 -1.540673  0.254027 -0.889343 0.380183  0.000000 0.000000 1 0 1.000000
c_invasion_wrangler_laser
0  -1.275794 9.781518 -1.278987  0.323318 0.889343 0.323317  0.000000 0.000000 1 0 1.000000
0  -1.246850 9.480232 -1.974572  -0.555572 -0.000001 -0.831468  0.000000 0.000000 1 0 1.000000
0  -1.644794 9.480232 -1.647988  -0.707107 0.000001 -0.707106  0.000000 0.000000 1 0 1.000000
c_invasion_wrangler_laser
0  -1.275794 9.178946 -1.278987  0.323315 -0.889344 0.323319  0.000000 0.000000 1 0 1.000000
0  -0.956928 9.781521 -1.540673  0.254028 0.889344 0.380180  0.000000 0.000000 1 0 1.000000
0  -1.275794 9.781518 -1.278987  0.323318 0.889343 0.323317  0.000000 0.000000 1 0 1.000000
c_invasion_wrangler_laser
0  -1.644794 9.480232 -1.647988  -0.707107 0.000001 -0.707106  0.000000 0.000000 1 0 1.000000
0  -0.956928 9.178946 -1.540673  0.254027 -0.889343 0.380183  0.000000 0.000000 1 0 1.000000
0  -1.275794 9.178946 -1.278987  0.323315 -0.889344 0.323319  0.000000 0.000000 1 0 1.000000
c_invasion_wrangler_laser
0  -1.537480 9.781518 -0.960122  0.380183 0.889343 0.254027  0.000000 0.000000 1 0 1.000000
0  -1.644794 9.480232 -1.647988  -0.707107 0.000001 -0.707106  0.000000 0.000000 1 0 1.000000
0  -1.971379 9.480232 -1.250043  -0.831470 0.000001 -0.555569  0.000000 0.000000 1 0 1.000000
c_invasion_wrangler_laser
0  -1.537480 9.178946 -0.960122  0.380179 -0.889343 0.254032  0.000000 0.000000 1 0 1.000000
0  -1.275794 9.781518 -1.278987  0.323318 0.889343 0.323317  0.000000 0.000000 1 0 1.000000
0  -1.537480 9.781518 -0.960122  0.380183 0.889343 0.254027  0.000000 0.000000 1 0 1.000000
c_invasion_wrangler_laser
0  -1.971379 9.480232 -1.250043  -0.831470 0.000001 -0.555569  0.000000 0.000000 1 0 1.000000
0  -1.275794 9.178946 -1.278987  0.323315 -0.889344 0.323319  0.000000 0.000000 1 0 1.000000
0  -1.537480 9.178946 -0.960122  0.380179 -0.889343 0.254032  0.000000 0.000000 1 0 1.000000
c_invasion_wrangler_laser
0  -1.731931 9.781518 -0.596330  0.422436 0.889343 0.174975  0.000000 0.000000 1 0 1.000000
0  -1.971379 9.480232 -1.250043  -0.831470 0.000001 -0.555569  0.000000 0.000000 1 0 1.000000
0  -2.214053 9.480232 -0.796032  -0.923880 0.000000 -0.382681  0.000000 0.000000 1 0 1.000000
c_invasion_wrangler_laser
0  -1.731931 9.178946 -0.596330  0.422433 -0.889344 0.174981  0.000000 0.000000 1 0 1.000000
0  -1.537480 9.781518 -0.960122  0.380183 0.889343 0.254027  0.000000 0.000000 1 0 1.000000
0  -1.731931 9.781518 -0.596330  0.422436 0.889343 0.174975  0.000000 0.000000 1 0 1.000000
c_invasion_wrangler_laser
0  -2.214053 9.480232 -0.796032  -0.923880 0.000000 -0.382681  0.000000 0.000000 1 0 1.000000
0  -1.537480 9.178946 -0.960122  0.380179 -0.889343 0.254032  0.000000 0.000000 1 0 1.000000
0  -1.731931 9.178946 -0.596330  0.422433 -0.889344 0.174981  0.000000 0.000000 1 0 1.000000
c_invasion_wrangler_laser
0  -1.851672 9.781518 -0.201594  0.464932 0.877697 0.116127  0.000000 0.000000 1 0 1.000000
0  -2.214053 9.480232 -0.796032  -0.923880 0.000000 -0.382681  0.000000 0.000000 1 0 1.000000
0  -2.363490 9.480232 -0.303401  -0.973620 -0.001153 -0.228174  0.000000 0.000000 1 0 1.000000
c_invasion_wrangler_laser
0  -1.851672 9.178946 -0.201594  0.463149 -0.878340 0.118375  0.000000 0.000000 1 0 1.000000
0  -1.731931 9.781518 -0.596330  0.422436 0.889343 0.174975  0.000000 0.000000 1 0 1.000000
0  -1.851672 9.781518 -0.201594  0.464932 0.877697 0.116127  0.000000 0.000000 1 0 1.000000
c_invasion_wrangler_laser
0  -2.363490 9.480232 -0.303401  -0.973620 -0.001153 -0.228174  0.000000 0.000000 1 0 1.000000
0  -1.731931 9.178946 -0.596330  0.422433 -0.889344 0.174981  0.000000 0.000000 1 0 1.000000
0  -1.851672 9.178946 -0.201594  0.463149 -0.878340 0.118375  0.000000 0.000000 1 0 1.000000
c_invasion_wrangler_laser
0  -1.892105 9.781518 0.000000  0.412351 0.911025 -0.000000  0.000000 0.000000 1 0 1.000000
0  -2.363490 9.480232 -0.303401  -0.973620 -0.001153 -0.228174  0.000000 0.000000 1 0 1.000000
0  -2.413950 9.480232 0.000000  -0.999998 -0.001939 0.000000  0.000000 0.000000 1 0 1.000000
c_invasion_wrangler_laser
0  -1.892105 9.178946 0.000000  0.409343 -0.912381 0.000000  0.000000 0.000000 1 0 1.000000
0  -1.851672 9.781518 -0.201594  0.464932 0.877697 0.116127  0.000000 0.000000 1 0 1.000000
0  -1.892105 9.781518 0.000000  0.412351 0.911025 -0.000000  0.000000 0.000000 1 0 1.000000
c_invasion_wrangler_laser
0  -2.413950 9.480232 0.000000  -0.999998 -0.001939 0.000000  0.000000 0.000000 1 0 1.000000
0  -1.851672 9.178946 -0.201594  0.463149 -0.878340 0.118375  0.000000 0.000000 1 0 1.000000
0  -1.892105 9.178946 0.000000  0.409343 -0.912381 0.000000  0.000000 0.000000 1 0 1.000000
c_invasion_wrangler_laser
0  -2.413950 14.418124 0.000000  -0.999998 -0.001939 0.000000  0.000000 0.000000 1 0 1.000000
0  -1.851672 14.116838 -0.201594  0.463148 -0.878340 0.118377  0.000000 0.000000 1 0 1.000000
0  -1.892105 14.116838 0.000000  0.409342 -0.912381 0.000000  0.000000 0.000000 1 0 1.000000
c_invasion_wrangler_laser
0  -1.892105 14.116838 0.000000  0.409342 -0.912381 0.000000  0.000000 0.000000 1 0 1.000000
0  -1.851672 14.719410 -0.201594  0.464932 0.877697 0.116131  0.000000 0.000000 1 0 1.000000
0  -1.892105 14.719410 0.000000  0.412350 0.911025 0.000000  0.000000 0.000000 1 0 1.000000
c_invasion_wrangler_laser
0  -1.892105 14.719410 0.000000  0.412350 0.911025 0.000000  0.000000 0.000000 1 0 1.000000
0  -2.363490 14.418124 -0.303401  -0.973619 -0.001153 -0.228178  0.000000 0.000000 1 0 1.000000
0  -2.413950 14.418124 0.000000  -0.999998 -0.001939 0.000000  0.000000 0.000000 1 0 1.000000
c_invasion_wrangler_laser
0  -2.363490 14.418124 -0.303401  -0.973619 -0.001153 -0.228178  0.000000 0.000000 1 0 1.000000
0  -1.731931 14.116838 -0.596330  0.422433 -0.889344 0.174981  0.000000 0.000000 1 0 1.000000
0  -1.851672 14.116838 -0.201594  0.463148 -0.878340 0.118377  0.000000 0.000000 1 0 1.000000
c_invasion_wrangler_laser
0  -1.851672 14.116838 -0.201594  0.463148 -0.878340 0.118377  0.000000 0.000000 1 0 1.000000
0  -1.731931 14.719410 -0.596330  0.422435 0.889343 0.174977  0.000000 0.000000 1 0 1.000000
0  -1.851672 14.719410 -0.201594  0.464932 0.877697 0.116131  0.000000 0.000000 1 0 1.000000
c_invasion_wrangler_laser
0  -1.851672 14.719410 -0.201594  0.464932 0.877697 0.116131  0.000000 0.000000 1 0 1.000000
0  -2.214053 14.418124 -0.796032  -0.923879 0.000001 -0.382685  0.000000 0.000000 1 0 1.000000
0  -2.363490 14.418124 -0.303401  -0.973619 -0.001153 -0.228178  0.000000 0.000000 1 0 1.000000
c_invasion_wrangler_laser
0  -2.214053 14.418124 -0.796032  -0.923879 0.000001 -0.382685  0.000000 0.000000 1 0 1.000000
0  -1.537480 14.116838 -0.960122  0.380180 -0.889344 0.254030  0.000000 0.000000 1 0 1.000000
0  -1.731931 14.116838 -0.596330  0.422433 -0.889344 0.174981  0.000000 0.000000 1 0 1.000000
c_invasion_wrangler_laser
0  -1.731931 14.116838 -0.596330  0.422433 -0.889344 0.174981  0.000000 0.000000 1 0 1.000000
0  -1.537480 14.719410 -0.960122  0.380183 0.889343 0.254029  0.000000 0.000000 1 0 1.000000
0  -1.731931 14.719410 -0.596330  0.422435 0.889343 0.174977  0.000000 0.000000 1 0 1.000000
c_invasion_wrangler_laser
0  -1.731931 14.719410 -0.596330  0.422435 0.889343 0.174977  0.000000 0.000000 1 0 1.000000
0  -1.971379 14.418124 -1.250043  -0.831468 0.000001 -0.555572  0.000000 0.000000 1 0 1.000000
0  -2.214053 14.418124 -0.796032  -0.923879 0.000001 -0.382685  0.000000 0.000000 1 0 1.000000
c_invasion_wrangler_laser
0  -1.971379 14.418124 -1.250043  -0.831468 0.000001 -0.555572  0.000000 0.000000 1 0 1.000000
0  -1.275794 14.116838 -1.278987  0.323315 -0.889343 0.323320  0.000000 0.000000 1 0 1.000000
0  -1.537480 14.116838 -0.960122  0.380180 -0.889344 0.254030  0.000000 0.000000 1 0 1.000000
c_invasion_wrangler_laser
0  -1.537480 14.116838 -0.960122  0.380180 -0.889344 0.254030  0.000000 0.000000 1 0 1.000000
0  -1.275794 14.719410 -1.278987  0.323317 0.889343 0.323317  0.000000 0.000000 1 0 1.000000
0  -1.537480 14.719410 -0.960122  0.380183 0.889343 0.254029  0.000000 0.000000 1 0 1.000000
c_invasion_wrangler_laser
0  -1.537480 14.719410 -0.960122  0.380183 0.889343 0.254029  0.000000 0.000000 1 0 1.000000
0  -1.644794 14.418124 -1.647988  -0.707107 -0.000000 -0.707107  0.000000 0.000000 1 0 1.000000
0  -1.971379 14.418124 -1.250043  -0.831468 0.000001 -0.555572  0.000000 0.000000 1 0 1.000000
c_invasion_wrangler_laser
0  -1.644794 14.418124 -1.647988  -0.707107 -0.000000 -0.707107  0.000000 0.000000 1 0 1.000000
0  -0.956928 14.116838 -1.540673  0.254028 -0.889343 0.380182  0.000000 0.000000 1 0 1.000000
0  -1.275794 14.116838 -1.278987  0.323315 -0.889343 0.323320  0.000000 0.000000 1 0 1.000000
c_invasion_wrangler_laser
0  -1.275794 14.116838 -1.278987  0.323315 -0.889343 0.323320  0.000000 0.000000 1 0 1.000000
0  -0.956928 14.719413 -1.540673  0.254027 0.889345 0.380179  0.000000 0.000000 1 0 1.000000
0  -1.275794 14.719410 -1.278987  0.323317 0.889343 0.323317  0.000000 0.000000 1 0 1.000000
c_invasion_wrangler_laser
0  -1.275794 14.719410 -1.278987  0.323317 0.889343 0.323317  0.000000 0.000000 1 0 1.000000
0  -1.246850 14.418124 -1.974572  -0.555571 -0.000001 -0.831469  0.000000 0.000000 1 0 1.000000
0  -1.644794 14.418124 -1.647988  -0.707107 -0.000000 -0.707107  0.000000 0.000000 1 0 1.000000
c_invasion_wrangler_laser
0  -1.246850 14.418124 -1.974572  -0.555571 -0.000001 -0.831469  0.000000 0.000000 1 0 1.000000
0  -0.593138 14.116838 -1.735124  0.174977 -0.889344 0.422433  0.000000 0.000000 1 0 1.000000
0  -0.956928 14.116838 -1.540673  0.254028 -0.889343 0.380182  0.000000 0.000000 1 0 1.000000
c_invasion_wrangler_laser
0  -0.956928 14.116838 -1.540673  0.254028 -0.889343 0.380182  0.000000 0.000000 1 0 1.000000
0  -0.593138 14.719413 -1.735124  0.174980 0.889344 0.422432  0.000000 0.000000 1 0 1.000000
0  -0.956928 14.719413 -1.540673  0.254027 0.889345 0.380179  0.000000 0.000000 1 0 1.000000
c_invasion_wrangler_laser
0  -0.956928 14.719413 -1.540673  0.254027 0.889345 0.380179  0.000000 0.000000 1 0 1.000000
0  -0.792840 14.418124 -2.217246  -0.382684 -0.000002 -0.923879  0.000000 0.000000 1 0 1.000000
0  -1.246850 14.418124 -1.974572  -0.555571 -0.000001 -0.831469  0.000000 0.000000 1 0 1.000000
c_invasion_wrangler_laser
0  -0.792840 14.418124 -2.217246  -0.382684 -0.000002 -0.923879  0.000000 0.000000 1 0 1.000000
0  -0.198402 14.116838 -1.854865  0.117014 -0.877338 0.465387  0.000000 0.000000 1 0 1.000000
0  -0.593138 14.116838 -1.735124  0.174977 -0.889344 0.422433  0.000000 0.000000 1 0 1.000000
c_invasion_wrangler_laser
0  -0.593138 14.116838 -1.735124  0.174977 -0.889344 0.422433  0.000000 0.000000 1 0 1.000000
0  -0.198402 14.719413 -1.854865  0.119325 0.878003 0.463544  0.000000 0.000000 1 0 1.000000
0  -0.593138 14.719413 -1.735124  0.174980 0.889344 0.422432  0.000000 0.000000 1 0 1.000000
c_invasion_wrangler_laser
0  -0.593138 14.719413 -1.735124  0.174980 0.889344 0.422432  0.000000 0.000000 1 0 1.000000
0  -0.300209 14.418124 -2.366684  -0.229044 0.001187 -0.973415  0.000000 0.000000 1 0 1.000000
0  -0.792840 14.418124 -2.217246  -0.382684 -0.000002 -0.923879  0.000000 0.000000 1 0 1.000000
c_invasion_wrangler_laser
0  -0.300209 14.418124 -2.366684  -0.229044 0.001187 -0.973415  0.000000 0.000000 1 0 1.000000
0  0.000000 14.116838 -1.895298  -0.000000 -0.911679 0.410902  0.000000 0.000000 1 0 1.000000
0  -0.198402 14.116838 -1.854865  0.117014 -0.877338 0.465387  0.000000 0.000000 1 0 1.000000
c_invasion_wrangler_laser
0  -0.198402 14.116838 -1.854865  0.117014 -0.877338 0.465387  0.000000 0.000000 1 0 1.000000
0  0.000000 14.719413 -1.895298  0.000000 0.913079 0.407783  0.000000 0.000000 1 0 1.000000
0  -0.198402 14.719413 -1.854865  0.119325 0.878003 0.463544  0.000000 0.000000 1 0 1.000000
c_invasion_wrangler_laser
0  -0.198402 14.719413 -1.854865  0.119325 0.878003 0.463544  0.000000 0.000000 1 0 1.000000
0  0.000000 14.418124 -2.417143  0.000000 0.001995 -0.999998  0.000000 0.000000 1 0 1.000000
0  -0.300209 14.418124 -2.366684  -0.229044 0.001187 -0.973415  0.000000 0.000000 1 0 1.000000
c_invasion_wrangler_laser
0  -6.395136 21.776711 -0.398517  0.682033 0.241368 -0.690342  0.000000 0.000000 1 0 1.000000
0  -7.269933 22.361233 0.000000  -0.431822 0.901959 0.000000  0.000000 0.000000 1 0 1.000000
0  -6.395136 21.776711 0.000000  0.970026 0.243000 0.000000  0.000000 0.000000 1 0 1.000000
c_invasion_wrangler_laser
0  -0.198402 8.547047 -1.854865  0.119324 0.878003 0.463544  0.000000 0.000000 1 0 1.000000
0  0.000000 8.245758 -2.417143  0.000000 0.001997 -0.999998  0.000000 0.000000 1 0 1.000000
0  -0.300209 8.245758 -2.366684  -0.229044 0.001188 -0.973415  0.000000 0.000000 1 0 1.000000
c_invasion_wrangler_laser
0  -0.198402 7.944472 -1.854865  0.117015 -0.877337 0.465389  0.000000 0.000000 1 0 1.000000
0  0.000000 8.547047 -1.895298  0.000000 0.913079 0.407784  0.000000 0.000000 1 0 1.000000
0  -0.198402 8.547047 -1.854865  0.119324 0.878003 0.463544  0.000000 0.000000 1 0 1.000000
c_invasion_wrangler_laser
0  -0.300209 8.245758 -2.366684  -0.229044 0.001188 -0.973415  0.000000 0.000000 1 0 1.000000
0  0.000000 7.944472 -1.895298  -0.000000 -0.911678 0.410904  0.000000 0.000000 1 0 1.000000
0  -0.198402 7.944472 -1.854865  0.117015 -0.877337 0.465389  0.000000 0.000000 1 0 1.000000
c_invasion_wrangler_laser
0  -0.593138 8.547047 -1.735124  0.174980 0.889345 0.422431  0.000000 0.000000 1 0 1.000000
0  -0.300209 8.245758 -2.366684  -0.229044 0.001188 -0.973415  0.000000 0.000000 1 0 1.000000
0  -0.792840 8.245758 -2.217246  -0.382683 -0.000002 -0.923880  0.000000 0.000000 1 0 1.000000
c_invasion_wrangler_laser
0  -0.593138 7.944472 -1.735124  0.174976 -0.889344 0.422435  0.000000 0.000000 1 0 1.000000
0  -0.198402 8.547047 -1.854865  0.119324 0.878003 0.463544  0.000000 0.000000 1 0 1.000000
0  -0.593138 8.547047 -1.735124  0.174980 0.889345 0.422431  0.000000 0.000000 1 0 1.000000
c_invasion_wrangler_laser
0  -0.792840 8.245758 -2.217246  -0.382683 -0.000002 -0.923880  0.000000 0.000000 1 0 1.000000
0  -0.198402 7.944472 -1.854865  0.117015 -0.877337 0.465389  0.000000 0.000000 1 0 1.000000
0  -0.593138 7.944472 -1.735124  0.174976 -0.889344 0.422435  0.000000 0.000000 1 0 1.000000
c_invasion_wrangler_laser
0  -0.956928 8.547047 -1.540673  0.254029 0.889344 0.380179  0.000000 0.000000 1 0 1.000000
0  -0.792840 8.245758 -2.217246  -0.382683 -0.000002 -0.923880  0.000000 0.000000 1 0 1.000000
0  -1.246850 8.245758 -1.974572  -0.555571 -0.000001 -0.831469  0.000000 0.000000 1 0 1.000000
c_invasion_wrangler_laser
0  -0.956928 7.944472 -1.540673  0.254027 -0.889343 0.380184  0.000000 0.000000 1 0 1.000000
0  -0.593138 8.547047 -1.735124  0.174980 0.889345 0.422431  0.000000 0.000000 1 0 1.000000
0  -0.956928 8.547047 -1.540673  0.254029 0.889344 0.380179  0.000000 0.000000 1 0 1.000000
c_invasion_wrangler_laser
0  -1.246850 8.245758 -1.974572  -0.555571 -0.000001 -0.831469  0.000000 0.000000 1 0 1.000000
0  -0.593138 7.944472 -1.735124  0.174976 -0.889344 0.422435  0.000000 0.000000 1 0 1.000000
0  -0.956928 7.944472 -1.540673  0.254027 -0.889343 0.380184  0.000000 0.000000 1 0 1.000000
c_invasion_wrangler_laser
0  -1.275794 8.547045 -1.278987  0.323318 0.889344 0.323316  0.000000 0.000000 1 0 1.000000
0  -1.246850 8.245758 -1.974572  -0.555571 -0.000001 -0.831469  0.000000 0.000000 1 0 1.000000
0  -1.644794 8.245758 -1.647988  -0.707106 -0.000000 -0.707107  0.000000 0.000000 1 0 1.000000
c_invasion_wrangler_laser
0  -1.275794 7.944472 -1.278987  0.323315 -0.889343 0.323320  0.000000 0.000000 1 0 1.000000
0  -0.956928 8.547047 -1.540673  0.254029 0.889344 0.380179  0.000000 0.000000 1 0 1.000000
0  -1.275794 8.547045 -1.278987  0.323318 0.889344 0.323316  0.000000 0.000000 1 0 1.000000
c_invasion_wrangler_laser
0  -1.644794 8.245758 -1.647988  -0.707106 -0.000000 -0.707107  0.000000 0.000000 1 0 1.000000
0  -0.956928 7.944472 -1.540673  0.254027 -0.889343 0.380184  0.000000 0.000000 1 0 1.000000
0  -1.275794 7.944472 -1.278987  0.323315 -0.889343 0.323320  0.000000 0.000000 1 0 1.000000
c_invasion_wrangler_laser
0  -1.537480 8.547045 -0.960122  0.380183 0.889343 0.254026  0.000000 0.000000 1 0 1.000000
0  -1.644794 8.245758 -1.647988  -0.707106 -0.000000 -0.707107  0.000000 0.000000 1 0 1.000000
0  -1.971379 8.245758 -1.250043  -0.831469 -0.000000 -0.555571  0.000000 0.000000 1 0 1.000000
c_invasion_wrangler_laser
0  -1.537480 7.944472 -0.960122  0.380180 -0.889343 0.254033  0.000000 0.000000 1 0 1.000000
0  -1.275794 8.547045 -1.278987  0.323318 0.889344 0.323316  0.000000 0.000000 1 0 1.000000
0  -1.537480 8.547045 -0.960122  0.380183 0.889343 0.254026  0.000000 0.000000 1 0 1.000000
c_invasion_wrangler_laser
0  -1.971379 8.245758 -1.250043  -0.831469 -0.000000 -0.555571  0.000000 0.000000 1 0 1.000000
0  -1.275794 7.944472 -1.278987  0.323315 -0.889343 0.323320  0.000000 0.000000 1 0 1.000000
0  -1.537480 7.944472 -0.960122  0.380180 -0.889343 0.254033  0.000000 0.000000 1 0 1.000000
c_invasion_wrangler_laser
0  -1.731931 8.547045 -0.596330  0.422435 0.889344 0.174976  0.000000 0.000000 1 0 1.000000
0  -1.971379 8.245758 -1.250043  -0.831469 -0.000000 -0.555571  0.000000 0.000000 1 0 1.000000
0  -2.214053 8.245758 -0.796032  -0.923879 -0.000000 -0.382684  0.000000 0.000000 1 0 1.000000
c_invasion_wrangler_laser
0  -1.731931 7.944472 -0.596330  0.422433 -0.889344 0.174980  0.000000 0.000000 1 0 1.000000
0  -1.537480 8.547045 -0.960122  0.380183 0.889343 0.254026  0.000000 0.000000 1 0 1.000000
0  -1.731931 8.547045 -0.596330  0.422435 0.889344 0.174976  0.000000 0.000000 1 0 1.000000
c_invasion_wrangler_laser
0  -2.214053 8.245758 -0.796032  -0.923879 -0.000000 -0.382684  0.000000 0.000000 1 0 1.000000
0  -1.537480 7.944472 -0.960122  0.380180 -0.889343 0.254033  0.000000 0.000000 1 0 1.000000
0  -1.731931 7.944472 -0.596330  0.422433 -0.889344 0.174980  0.000000 0.000000 1 0 1.000000
c_invasion_wrangler_laser
0  -1.851672 8.547045 -0.201594  0.464931 0.877698 0.116130  0.000000 0.000000 1 0 1.000000
0  -2.214053 8.245758 -0.796032  -0.923879 -0.000000 -0.382684  0.000000 0.000000 1 0 1.000000
0  -2.363490 8.245758 -0.303401  -0.973620 -0.001155 -0.228172  0.000000 0.000000 1 0 1.000000
c_invasion_wrangler_laser
0  -1.851672 7.944472 -0.201594  0.463149 -0.878339 0.118375  0.000000 0.000000 1 0 1.000000
0  -1.731931 8.547045 -0.596330  0.422435 0.889344 0.174976  0.000000 0.000000 1 0 1.000000
0  -1.851672 8.547045 -0.201594  0.464931 0.877698 0.116130  0.000000 0.000000 1 0 1.000000
c_invasion_wrangler_laser
0  -2.363490 8.245758 -0.303401  -0.973620 -0.001155 -0.228172  0.000000 0.000000 1 0 1.000000
0  -1.731931 7.944472 -0.596330  0.422433 -0.889344 0.174980  0.000000 0.000000 1 0 1.000000
0  -1.851672 7.944472 -0.201594  0.463149 -0.878339 0.118375  0.000000 0.000000 1 0 1.000000
c_invasion_wrangler_laser
0  -1.892105 8.547045 0.000000  0.412349 0.911026 0.000000  0.000000 0.000000 1 0 1.000000
0  -2.363490 8.245758 -0.303401  -0.973620 -0.001155 -0.228172  0.000000 0.000000 1 0 1.000000
0  -2.413950 8.245758 0.000000  -0.999998 -0.001940 0.000000  0.000000 0.000000 1 0 1.000000
c_invasion_wrangler_laser
0  -1.892105 7.944472 0.000000  0.409343 -0.912381 0.000000  0.000000 0.000000 1 0 1.000000
0  -1.851672 8.547045 -0.201594  0.464931 0.877698 0.116130  0.000000 0.000000 1 0 1.000000
0  -1.892105 8.547045 0.000000  0.412349 0.911026 0.000000  0.000000 0.000000 1 0 1.000000
c_invasion_wrangler_laser
0  -2.413950 8.245758 0.000000  -0.999998 -0.001940 0.000000  0.000000 0.000000 1 0 1.000000
0  -1.851672 7.944472 -0.201594  0.463149 -0.878339 0.118375  0.000000 0.000000 1 0 1.000000
0  -1.892105 7.944472 0.000000  0.409343 -0.912381 0.000000  0.000000 0.000000 1 0 1.000000
c_invasion_wrangler_laser
0  -7.197533 19.131565 -0.398517  0.522439 0.000002 -0.852677  0.000000 0.000000 1 0 1.000000
0  -7.106049 20.060417 0.000000  0.980785 -0.195093 0.000000  0.000000 0.000000 1 0 1.000000
0  -7.197533 19.131565 0.000000  1.000000 -0.000002 0.000000  0.000000 0.000000 1 0 1.000000
c_invasion_wrangler_laser
0  -8.137940 20.265675 0.000000  -0.985546 0.169405 0.000000  0.000000 0.000000 1 0 1.000000
0  -6.835113 20.953573 -0.398517  0.490909 -0.203341 -0.847149  0.000000 0.000000 1 0 1.000000
0  -7.106049 20.060417 -0.398517  0.521169 -0.103665 -0.847134  0.000000 0.000000 1 0 1.000000
c_invasion_wrangler_laser
0  -7.106049 20.060417 -0.398517  0.521169 -0.103665 -0.847134  0.000000 0.000000 1 0 1.000000
0  -6.835113 20.953573 0.000000  0.923878 -0.382686 0.000000  0.000000 0.000000 1 0 1.000000
0  -7.106049 20.060417 0.000000  0.980785 -0.195093 0.000000  0.000000 0.000000 1 0 1.000000
c_invasion_wrangler_laser
0  -7.807134 21.356197 0.000000  -0.923879 0.382684 0.000000  0.000000 0.000000 1 0 1.000000
0  -6.395136 21.776711 -0.398517  0.682033 0.241368 -0.690342  0.000000 0.000000 1 0 1.000000
0  -6.835113 20.953573 -0.398517  0.490909 -0.203341 -0.847149  0.000000 0.000000 1 0 1.000000
c_invasion_wrangler_laser
0  -6.835113 20.953573 -0.398517  0.490909 -0.203341 -0.847149  0.000000 0.000000 1 0 1.000000
0  -6.395136 21.776711 0.000000  0.970026 0.243000 0.000000  0.000000 0.000000 1 0 1.000000
0  -6.835113 20.953573 0.000000  0.923878 -0.382686 0.000000  0.000000 0.000000 1 0 1.000000
c_invasion_wrangler_laser
0  -2.436395 13.318319 0.000000  0.510034 -0.860154 0.000000  0.000000 0.000000 1 0 1.000000
0  -3.365245 14.461910 -0.398517  0.103662 0.521146 -0.847149  0.000000 0.000000 1 0 1.000000
0  -2.436395 14.370426 -0.398517  0.579632 0.432997 -0.690319  0.000000 0.000000 1 0 1.000000
c_invasion_wrangler_laser
0  -2.436395 14.370426 -0.398517  0.579632 0.432997 -0.690319  0.000000 0.000000 1 0 1.000000
0  -3.365245 14.461910 0.000000  0.195093 0.980785 0.000000  0.000000 0.000000 1 0 1.000000
0  -2.436395 14.370426 0.000000  0.740951 0.671559 0.000000  0.000000 0.000000 1 0 1.000000
c_invasion_wrangler_laser
0  -3.570500 13.430017 0.000000  -0.195091 -0.980785 0.000000  0.000000 0.000000 1 0 1.000000
0  -4.258405 14.732848 -0.398517  0.203341 0.490909 -0.847149  0.000000 0.000000 1 0 1.000000
0  -3.365245 14.461910 -0.398517  0.103662 0.521146 -0.847149  0.000000 0.000000 1 0 1.000000
c_invasion_wrangler_laser
0  -3.365245 14.461910 -0.398517  0.103662 0.521146 -0.847149  0.000000 0.000000 1 0 1.000000
0  -4.258405 14.732848 0.000000  0.382686 0.923878 0.000000  0.000000 0.000000 1 0 1.000000
0  -3.365245 14.461910 0.000000  0.195093 0.980785 0.000000  0.000000 0.000000 1 0 1.000000
c_invasion_wrangler_laser
0  -4.661029 13.760826 0.000000  -0.382685 -0.923879 -0.000000  0.000000 0.000000 1 0 1.000000
0  -5.081541 15.172824 -0.398517  0.295205 0.441807 -0.847149  0.000000 0.000000 1 0 1.000000
0  -4.258405 14.732848 -0.398517  0.203341 0.490909 -0.847149  0.000000 0.000000 1 0 1.000000
c_invasion_wrangler_laser
0  -4.258405 14.732848 -0.398517  0.203341 0.490909 -0.847149  0.000000 0.000000 1 0 1.000000
0  -5.081541 15.172824 0.000000  0.555572 0.831469 0.000000  0.000000 0.000000 1 0 1.000000
0  -4.258405 14.732848 0.000000  0.382686 0.923878 0.000000  0.000000 0.000000 1 0 1.000000
c_invasion_wrangler_laser
0  -5.666060 14.298028 0.000000  -0.555571 -0.831469 0.000000  0.000000 0.000000 1 0 1.000000
0  -5.803026 15.764930 -0.398517  0.375724 0.375725 -0.847149  0.000000 0.000000 1 0 1.000000
0  -5.081541 15.172824 -0.398517  0.295205 0.441807 -0.847149  0.000000 0.000000 1 0 1.000000
c_invasion_wrangler_laser
0  -5.081541 15.172824 -0.398517  0.295205 0.441807 -0.847149  0.000000 0.000000 1 0 1.000000
0  -5.803026 15.764930 0.000000  0.707108 0.707105 0.000000  0.000000 0.000000 1 0 1.000000
0  -5.081541 15.172824 0.000000  0.555572 0.831469 0.000000  0.000000 0.000000 1 0 1.000000
c_invasion_wrangler_laser
0  -6.546979 15.020977 0.000000  -0.707107 -0.707106 0.000000  0.000000 0.000000 1 0 1.000000
0  -6.395136 16.486420 -0.398517  0.441806 0.295206 -0.847148  0.000000 0.000000 1 0 1.000000
0  -5.803026 15.764930 -0.398517  0.375724 0.375725 -0.847149  0.000000 0.000000 1 0 1.000000
c_invasion_wrangler_laser
0  -5.803026 15.764930 -0.398517  0.375724 0.375725 -0.847149  0.000000 0.000000 1 0 1.000000
0  -6.395136 16.486420 0.000000  0.831471 0.555568 0.000000  0.000000 0.000000 1 0 1.000000
0  -5.803026 15.764930 0.000000  0.707108 0.707105 0.000000  0.000000 0.000000 1 0 1.000000
c_invasion_wrangler_laser
0  -7.269933 15.901899 0.000000  -0.831470 -0.555569 0.000000  0.000000 0.000000 1 0 1.000000
0  -6.835113 17.309555 -0.398517  0.490908 0.203342 -0.847149  0.000000 0.000000 1 0 1.000000
0  -6.395136 16.486420 -0.398517  0.441806 0.295206 -0.847148  0.000000 0.000000 1 0 1.000000
c_invasion_wrangler_laser
0  -6.395136 16.486420 -0.398517  0.441806 0.295206 -0.847148  0.000000 0.000000 1 0 1.000000
0  -6.835113 17.309555 0.000000  0.923880 0.382681 0.000000  0.000000 0.000000 1 0 1.000000
0  -6.395136 16.486420 0.000000  0.831471 0.555568 0.000000  0.000000 0.000000 1 0 1.000000
c_invasion_wrangler_laser
0  -7.807133 16.906931 0.000000  -0.923880 -0.382682 0.000000  0.000000 0.000000 1 0 1.000000
0  -7.106049 18.202715 -0.398517  0.521146 0.103663 -0.847148  0.000000 0.000000 1 0 1.000000
0  -6.835113 17.309555 -0.398517  0.490908 0.203342 -0.847149  0.000000 0.000000 1 0 1.000000
c_invasion_wrangler_laser
0  -6.835113 17.309555 -0.398517  0.490908 0.203342 -0.847149  0.000000 0.000000 1 0 1.000000
0  -7.106049 18.202715 0.000000  0.980786 0.195088 0.000000  0.000000 0.000000 1 0 1.000000
0  -6.835113 17.309555 0.000000  0.923880 0.382681 0.000000  0.000000 0.000000 1 0 1.000000
c_invasion_wrangler_laser
0  -8.137941 17.997459 0.000000  -0.985547 -0.169404 0.000000  0.000000 0.000000 1 0 1.000000
0  -7.197533 19.131565 -0.398517  0.522439 0.000002 -0.852677  0.000000 0.000000 1 0 1.000000
0  -7.106049 18.202715 -0.398517  0.521146 0.103663 -0.847148  0.000000 0.000000 1 0 1.000000
c_invasion_wrangler_laser
0  -7.106049 18.202715 -0.398517  0.521146 0.103663 -0.847148  0.000000 0.000000 1 0 1.000000
0  -7.197533 19.131565 0.000000  1.000000 -0.000002 0.000000  0.000000 0.000000 1 0 1.000000
0  -7.106049 18.202715 0.000000  0.980786 0.195088 0.000000  0.000000 0.000000 1 0 1.000000
c_invasion_wrangler_laser
0  -6.546979 15.020977 0.000000  -0.707107 -0.707106 0.000000  0.000000 0.000000 1 0 1.000000
0  -6.395136 16.486420 -0.398517  0.441806 0.295206 -0.847148  0.000000 0.000000 1 0 1.000000
0  -5.803026 15.764930 -0.398517  0.375724 0.375725 -0.847149  0.000000 0.000000 1 0 1.000000
c_invasion_wrangler_laser
0  -2.436395 14.370426 -0.398517  0.579632 0.432997 -0.690319  0.000000 0.000000 1 0 1.000000
0  -2.436395 14.370426 0.000000  0.740951 0.671559 0.000000  0.000000 0.000000 1 0 1.000000
0  -2.436395 13.318319 0.000000  0.510034 -0.860154 0.000000  0.000000 0.000000 1 0 1.000000
c_invasion_wrangler_laser
0  -6.835113 17.309555 -0.398517  0.490908 0.203342 -0.847149  0.000000 0.000000 1 0 1.000000
0  -7.106049 18.202715 0.000000  0.980786 0.195088 0.000000  0.000000 0.000000 1 0 1.000000
0  -6.835113 17.309555 0.000000  0.923880 0.382682 0.000000  0.000000 0.000000 1 0 1.000000
c_invasion_wrangler_laser
0  -2.436395 13.318319 0.000000  0.510034 -0.860154 0.000000  0.000000 0.000000 1 0 1.000000
0  -3.365245 14.461910 -0.398517  0.103662 0.521146 -0.847149  0.000000 0.000000 1 0 1.000000
0  -2.436395 14.370426 -0.398517  0.579632 0.432997 -0.690319  0.000000 0.000000 1 0 1.000000
c_invasion_wrangler_laser
0  -7.106049 20.060417 -0.398517  0.521169 -0.103665 -0.847134  0.000000 0.000000 1 0 1.000000
0  -6.835113 20.953573 0.000000  0.923878 -0.382686 0.000000  0.000000 0.000000 1 0 1.000000
0  -7.106049 20.060417 0.000000  0.980785 -0.195093 0.000000  0.000000 0.000000 1 0 1.000000
c_invasion_wrangler_laser
0  -7.197533 19.131565 -0.398517  0.522439 0.000002 -0.852677  0.000000 0.000000 1 0 1.000000
0  -7.106049 20.060417 0.000000  0.980785 -0.195093 0.000000  0.000000 0.000000 1 0 1.000000
0  -7.197533 19.131565 0.000000  1.000000 -0.000002 0.000000  0.000000 0.000000 1 0 1.000000
c_invasion_wrangler_laser
0  -2.436395 14.370426 -0.398517  0.579632 0.432997 -0.690319  0.000000 0.000000 1 0 1.000000
0  -2.436395 14.370426 0.000000  0.740951 0.671559 0.000000  0.000000 0.000000 1 0 1.000000
0  -2.436395 13.318319 0.000000  0.510034 -0.860154 0.000000  0.000000 0.000000 1 0 1.000000
c_invasion_wrangler_laser
0  -5.803026 15.764930 -0.398517  0.375724 0.375725 -0.847149  0.000000 0.000000 1 0 1.000000
0  -6.395136 16.486420 0.000000  0.831471 0.555568 0.000000  0.000000 0.000000 1 0 1.000000
0  -5.803026 15.764930 0.000000  0.707108 0.707105 0.000000  0.000000 0.000000 1 0 1.000000
c_invasion_wrangler_laser
0  -7.197533 19.131565 -0.398517  0.522439 0.000002 -0.852677  0.000000 0.000000 1 0 1.000000
0  -7.106049 20.060417 -0.398517  0.521169 -0.103665 -0.847134  0.000000 0.000000 1 0 1.000000
0  -7.106049 20.060417 0.000000  0.980785 -0.195093 0.000000  0.000000 0.000000 1 0 1.000000
c_invasion_wrangler_laser
0  -5.081541 15.172824 -0.398517  0.295205 0.441807 -0.847149  0.000000 0.000000 1 0 1.000000
0  -5.803026 15.764930 0.000000  0.707108 0.707105 0.000000  0.000000 0.000000 1 0 1.000000
0  -5.081541 15.172824 0.000000  0.555572 0.831469 0.000000  0.000000 0.000000 1 0 1.000000
c_invasion_wrangler_laser
0  -8.137940 20.265675 0.000000  -0.985546 0.169405 0.000000  0.000000 0.000000 1 0 1.000000
0  -6.835113 20.953573 -0.398517  0.490909 -0.203341 -0.847149  0.000000 0.000000 1 0 1.000000
0  -7.106049 20.060417 -0.398517  0.521169 -0.103665 -0.847134  0.000000 0.000000 1 0 1.000000
c_invasion_wrangler_laser
0  -6.835113 20.953573 -0.398517  0.490909 -0.203341 -0.847149  0.000000 0.000000 1 0 1.000000
0  -6.395136 21.776711 0.000000  0.970026 0.243000 0.000000  0.000000 0.000000 1 0 1.000000
0  -6.835113 20.953573 0.000000  0.923878 -0.382686 0.000000  0.000000 0.000000 1 0 1.000000
c_invasion_wrangler_laser
0  -3.365245 14.461910 -0.398517  0.103662 0.521146 -0.847149  0.000000 0.000000 1 0 1.000000
0  -4.258405 14.732848 0.000000  0.382686 0.923878 0.000000  0.000000 0.000000 1 0 1.000000
0  -3.365245 14.461910 0.000000  0.195093 0.980785 0.000000  0.000000 0.000000 1 0 1.000000
c_invasion_wrangler_laser
0  -2.413950 11.949177 0.000000  -0.999998 -0.001939 0.000000  0.000000 0.000000 1 0 1.000000
0  -2.363490 11.949177 -0.303401  -0.973619 -0.001154 -0.228175  0.000000 0.000000 1 0 1.000000
0  -1.851672 11.647890 -0.201594  0.463149 -0.878340 0.118375  0.000000 0.000000 1 0 1.000000
c_invasion_wrangler_laser
0  -1.892105 11.647890 0.000000  0.409343 -0.912381 0.000000  0.000000 0.000000 1 0 1.000000
0  -1.851672 11.647890 -0.201594  0.463149 -0.878340 0.118375  0.000000 0.000000 1 0 1.000000
0  -1.851672 12.250463 -0.201594  0.464931 0.877697 0.116132  0.000000 0.000000 1 0 1.000000
c_invasion_wrangler_laser
0  -1.892105 12.250463 0.000000  0.412349 0.911026 0.000000  0.000000 0.000000 1 0 1.000000
0  -1.851672 12.250463 -0.201594  0.464931 0.877697 0.116132  0.000000 0.000000 1 0 1.000000
0  -2.363490 11.949177 -0.303401  -0.973619 -0.001154 -0.228175  0.000000 0.000000 1 0 1.000000
c_invasion_wrangler_laser
0  -2.363490 11.949177 -0.303401  -0.973619 -0.001154 -0.228175  0.000000 0.000000 1 0 1.000000
0  -2.214053 11.949177 -0.796032  -0.923880 -0.000000 -0.382683  0.000000 0.000000 1 0 1.000000
0  -1.731931 11.647890 -0.596330  0.422433 -0.889344 0.174980  0.000000 0.000000 1 0 1.000000
c_invasion_wrangler_laser
0  -1.851672 11.647890 -0.201594  0.463149 -0.878340 0.118375  0.000000 0.000000 1 0 1.000000
0  -1.731931 11.647890 -0.596330  0.422433 -0.889344 0.174980  0.000000 0.000000 1 0 1.000000
0  -1.731931 12.250463 -0.596330  0.422434 0.889344 0.174978  0.000000 0.000000 1 0 1.000000
c_invasion_wrangler_laser
0  -1.851672 12.250463 -0.201594  0.464931 0.877697 0.116132  0.000000 0.000000 1 0 1.000000
0  -1.731931 12.250463 -0.596330  0.422434 0.889344 0.174978  0.000000 0.000000 1 0 1.000000
0  -2.214053 11.949177 -0.796032  -0.923880 -0.000000 -0.382683  0.000000 0.000000 1 0 1.000000
c_invasion_wrangler_laser
0  -2.214053 11.949177 -0.796032  -0.923880 -0.000000 -0.382683  0.000000 0.000000 1 0 1.000000
0  -1.971379 11.949177 -1.250043  -0.831469 -0.000000 -0.555570  0.000000 0.000000 1 0 1.000000
0  -1.537480 11.647890 -0.960122  0.380181 -0.889344 0.254029  0.000000 0.000000 1 0 1.000000
c_invasion_wrangler_laser
0  -1.731931 11.647890 -0.596330  0.422433 -0.889344 0.174980  0.000000 0.000000 1 0 1.000000
0  -1.537480 11.647890 -0.960122  0.380181 -0.889344 0.254029  0.000000 0.000000 1 0 1.000000
0  -1.537480 12.250463 -0.960122  0.380183 0.889343 0.254027  0.000000 0.000000 1 0 1.000000
c_invasion_wrangler_laser
0  -1.731931 12.250463 -0.596330  0.422434 0.889344 0.174978  0.000000 0.000000 1 0 1.000000
0  -1.537480 12.250463 -0.960122  0.380183 0.889343 0.254027  0.000000 0.000000 1 0 1.000000
0  -1.971379 11.949177 -1.250043  -0.831469 -0.000000 -0.555570  0.000000 0.000000 1 0 1.000000
c_invasion_wrangler_laser
0  -1.971379 11.949177 -1.250043  -0.831469 -0.000000 -0.555570  0.000000 0.000000 1 0 1.000000
0  -1.644794 11.949177 -1.647988  -0.707108 -0.000000 -0.707106  0.000000 0.000000 1 0 1.000000
0  -1.275794 11.647890 -1.278987  0.323316 -0.889344 0.323318  0.000000 0.000000 1 0 1.000000
c_invasion_wrangler_laser
0  -1.537480 11.647890 -0.960122  0.380181 -0.889344 0.254029  0.000000 0.000000 1 0 1.000000
0  -1.275794 11.647890 -1.278987  0.323316 -0.889344 0.323318  0.000000 0.000000 1 0 1.000000
0  -1.275794 12.250463 -1.278987  0.323318 0.889344 0.323316  0.000000 0.000000 1 0 1.000000
c_invasion_wrangler_laser
0  -1.537480 12.250463 -0.960122  0.380183 0.889343 0.254027  0.000000 0.000000 1 0 1.000000
0  -1.275794 12.250463 -1.278987  0.323318 0.889344 0.323316  0.000000 0.000000 1 0 1.000000
0  -1.644794 11.949177 -1.647988  -0.707108 -0.000000 -0.707106  0.000000 0.000000 1 0 1.000000
c_invasion_wrangler_laser
0  -1.644794 11.949177 -1.647988  -0.707108 -0.000000 -0.707106  0.000000 0.000000 1 0 1.000000
0  -1.246850 11.949177 -1.974572  -0.555571 -0.000001 -0.831469  0.000000 0.000000 1 0 1.000000
0  -0.956928 11.647890 -1.540673  0.254028 -0.889343 0.380182  0.000000 0.000000 1 0 1.000000
c_invasion_wrangler_laser
0  -1.275794 11.647890 -1.278987  0.323316 -0.889344 0.323318  0.000000 0.000000 1 0 1.000000
0  -0.956928 11.647890 -1.540673  0.254028 -0.889343 0.380182  0.000000 0.000000 1 0 1.000000
0  -0.956928 12.250465 -1.540673  0.254029 0.889344 0.380179  0.000000 0.000000 1 0 1.000000
c_invasion_wrangler_laser
0  -1.275794 12.250463 -1.278987  0.323318 0.889344 0.323316  0.000000 0.000000 1 0 1.000000
0  -0.956928 12.250465 -1.540673  0.254029 0.889344 0.380179  0.000000 0.000000 1 0 1.000000
0  -1.246850 11.949177 -1.974572  -0.555571 -0.000001 -0.831469  0.000000 0.000000 1 0 1.000000
c_invasion_wrangler_laser
0  -1.246850 11.949177 -1.974572  -0.555571 -0.000001 -0.831469  0.000000 0.000000 1 0 1.000000
0  -0.792840 11.949177 -2.217246  -0.382684 -0.000002 -0.923879  0.000000 0.000000 1 0 1.000000
0  -0.593138 11.647890 -1.735124  0.174976 -0.889343 0.422435  0.000000 0.000000 1 0 1.000000
c_invasion_wrangler_laser
0  -0.956928 11.647890 -1.540673  0.254028 -0.889343 0.380182  0.000000 0.000000 1 0 1.000000
0  -0.593138 11.647890 -1.735124  0.174976 -0.889343 0.422435  0.000000 0.000000 1 0 1.000000
0  -0.593138 12.250465 -1.735124  0.174980 0.889345 0.422431  0.000000 0.000000 1 0 1.000000
c_invasion_wrangler_laser
0  -0.956928 12.250465 -1.540673  0.254029 0.889344 0.380179  0.000000 0.000000 1 0 1.000000
0  -0.593138 12.250465 -1.735124  0.174980 0.889345 0.422431  0.000000 0.000000 1 0 1.000000
0  -0.792840 11.949177 -2.217246  -0.382684 -0.000002 -0.923879  0.000000 0.000000 1 0 1.000000
c_invasion_wrangler_laser
0  -0.792840 11.949177 -2.217246  -0.382684 -0.000002 -0.923879  0.000000 0.000000 1 0 1.000000
0  -0.300209 11.949177 -2.366684  -0.229043 0.001188 -0.973415  0.000000 0.000000 1 0 1.000000
0  -0.198402 11.647890 -1.854865  0.117014 -0.877338 0.465388  0.000000 0.000000 1 0 1.000000
c_invasion_wrangler_laser
0  -0.593138 11.647890 -1.735124  0.174976 -0.889343 0.422435  0.000000 0.000000 1 0 1.000000
0  -0.198402 11.647890 -1.854865  0.117014 -0.877338 0.465388  0.000000 0.000000 1 0 1.000000
0  -0.198402 12.250465 -1.854865  0.119325 0.878003 0.463544  0.000000 0.000000 1 0 1.000000
c_invasion_wrangler_laser
0  -0.593138 12.250465 -1.735124  0.174980 0.889345 0.422431  0.000000 0.000000 1 0 1.000000
0  -0.198402 12.250465 -1.854865  0.119325 0.878003 0.463544  0.000000 0.000000 1 0 1.000000
0  -0.300209 11.949177 -2.366684  -0.229043 0.001188 -0.973415  0.000000 0.000000 1 0 1.000000
c_invasion_wrangler_laser
0  -0.300209 11.949177 -2.366684  -0.229043 0.001188 -0.973415  0.000000 0.000000 1 0 1.000000
0  0.000000 11.949177 -2.417143  0.000000 0.001996 -0.999998  0.000000 0.000000 1 0 1.000000
0  0.000000 11.647890 -1.895298  0.000000 -0.911679 0.410903  0.000000 0.000000 1 0 1.000000
c_invasion_wrangler_laser
0  -0.198402 11.647890 -1.854865  0.117014 -0.877338 0.465388  0.000000 0.000000 1 0 1.000000
0  0.000000 11.647890 -1.895298  0.000000 -0.911679 0.410903  0.000000 0.000000 1 0 1.000000
0  0.000000 12.250465 -1.895298  0.000000 0.913079 0.407783  0.000000 0.000000 1 0 1.000000
c_invasion_wrangler_laser
0  -0.198402 12.250465 -1.854865  0.119325 0.878003 0.463544  0.000000 0.000000 1 0 1.000000
0  0.000000 12.250465 -1.895298  0.000000 0.913079 0.407783  0.000000 0.000000 1 0 1.000000
0  0.000000 11.949177 -2.417143  0.000000 0.001996 -0.999998  0.000000 0.000000 1 0 1.000000
c_invasion_wrangler_laser
0  -2.413950 10.714703 0.000000  -0.999998 -0.001940 0.000000  0.000000 0.000000 1 0 1.000000
0  -2.363490 10.714703 -0.303401  -0.973620 -0.001155 -0.228174  0.000000 0.000000 1 0 1.000000
0  -1.851672 10.413417 -0.201594  0.463149 -0.878339 0.118374  0.000000 0.000000 1 0 1.000000
c_invasion_wrangler_laser
0  -1.892105 10.413417 0.000000  0.409344 -0.912380 0.000000  0.000000 0.000000 1 0 1.000000
0  -1.851672 10.413417 -0.201594  0.463149 -0.878339 0.118374  0.000000 0.000000 1 0 1.000000
0  -1.851672 11.015989 -0.201594  0.464931 0.877698 0.116128  0.000000 0.000000 1 0 1.000000
c_invasion_wrangler_laser
0  -1.892105 11.015989 0.000000  0.412350 0.911026 0.000000  0.000000 0.000000 1 0 1.000000
0  -1.851672 11.015989 -0.201594  0.464931 0.877698 0.116128  0.000000 0.000000 1 0 1.000000
0  -2.363490 10.714703 -0.303401  -0.973620 -0.001155 -0.228174  0.000000 0.000000 1 0 1.000000
c_invasion_wrangler_laser
0  -2.363490 10.714703 -0.303401  -0.973620 -0.001155 -0.228174  0.000000 0.000000 1 0 1.000000
0  -2.214053 10.714703 -0.796032  -0.923880 -0.000001 -0.382684  0.000000 0.000000 1 0 1.000000
0  -1.731931 10.413417 -0.596330  0.422434 -0.889344 0.174980  0.000000 0.000000 1 0 1.000000
c_invasion_wrangler_laser
0  -1.851672 10.413417 -0.201594  0.463149 -0.878339 0.118374  0.000000 0.000000 1 0 1.000000
0  -1.731931 10.413417 -0.596330  0.422434 -0.889344 0.174980  0.000000 0.000000 1 0 1.000000
0  -1.731931 11.015989 -0.596330  0.422435 0.889344 0.174975  0.000000 0.000000 1 0 1.000000
c_invasion_wrangler_laser
0  -1.851672 11.015989 -0.201594  0.464931 0.877698 0.116128  0.000000 0.000000 1 0 1.000000
0  -1.731931 11.015989 -0.596330  0.422435 0.889344 0.174975  0.000000 0.000000 1 0 1.000000
0  -2.214053 10.714703 -0.796032  -0.923880 -0.000001 -0.382684  0.000000 0.000000 1 0 1.000000
c_invasion_wrangler_laser
0  -2.214053 10.714703 -0.796032  -0.923880 -0.000001 -0.382684  0.000000 0.000000 1 0 1.000000
0  -1.971379 10.714703 -1.250043  -0.831469 -0.000001 -0.555571  0.000000 0.000000 1 0 1.000000
0  -1.537480 10.413417 -0.960122  0.380181 -0.889343 0.254030  0.000000 0.000000 1 0 1.000000
c_invasion_wrangler_laser
0  -1.731931 10.413417 -0.596330  0.422434 -0.889344 0.174980  0.000000 0.000000 1 0 1.000000
0  -1.537480 10.413417 -0.960122  0.380181 -0.889343 0.254030  0.000000 0.000000 1 0 1.000000
0  -1.537480 11.015989 -0.960122  0.380182 0.889344 0.254027  0.000000 0.000000 1 0 1.000000
c_invasion_wrangler_laser
0  -1.731931 11.015989 -0.596330  0.422435 0.889344 0.174975  0.000000 0.000000 1 0 1.000000
0  -1.537480 11.015989 -0.960122  0.380182 0.889344 0.254027  0.000000 0.000000 1 0 1.000000
0  -1.971379 10.714703 -1.250043  -0.831469 -0.000001 -0.555571  0.000000 0.000000 1 0 1.000000
c_invasion_wrangler_laser
0  -1.971379 10.714703 -1.250043  -0.831469 -0.000001 -0.555571  0.000000 0.000000 1 0 1.000000
0  -1.644794 10.714703 -1.647988  -0.707107 -0.000001 -0.707106  0.000000 0.000000 1 0 1.000000
0  -1.275794 10.413417 -1.278987  0.323316 -0.889344 0.323318  0.000000 0.000000 1 0 1.000000
c_invasion_wrangler_laser
0  -1.537480 10.413417 -0.960122  0.380181 -0.889343 0.254030  0.000000 0.000000 1 0 1.000000
0  -1.275794 10.413417 -1.278987  0.323316 -0.889344 0.323318  0.000000 0.000000 1 0 1.000000
0  -1.275794 11.015989 -1.278987  0.323317 0.889344 0.323317  0.000000 0.000000 1 0 1.000000
c_invasion_wrangler_laser
0  -1.537480 11.015989 -0.960122  0.380182 0.889344 0.254027  0.000000 0.000000 1 0 1.000000
0  -1.275794 11.015989 -1.278987  0.323317 0.889344 0.323317  0.000000 0.000000 1 0 1.000000
0  -1.644794 10.714703 -1.647988  -0.707107 -0.000001 -0.707106  0.000000 0.000000 1 0 1.000000
c_invasion_wrangler_laser
0  -1.644794 10.714703 -1.647988  -0.707107 -0.000001 -0.707106  0.000000 0.000000 1 0 1.000000
0  -1.246850 10.714703 -1.974572  -0.555571 -0.000002 -0.831469  0.000000 0.000000 1 0 1.000000
0  -0.956928 10.413417 -1.540673  0.254027 -0.889343 0.380183  0.000000 0.000000 1 0 1.000000
c_invasion_wrangler_laser
0  -1.275794 10.413417 -1.278987  0.323316 -0.889344 0.323318  0.000000 0.000000 1 0 1.000000
0  -0.956928 10.413417 -1.540673  0.254027 -0.889343 0.380183  0.000000 0.000000 1 0 1.000000
0  -0.956928 11.015992 -1.540673  0.254027 0.889345 0.380178  0.000000 0.000000 1 0 1.000000
c_invasion_wrangler_laser
0  -1.275794 11.015989 -1.278987  0.323317 0.889344 0.323317  0.000000 0.000000 1 0 1.000000
0  -0.956928 11.015992 -1.540673  0.254027 0.889345 0.380178  0.000000 0.000000 1 0 1.000000
0  -1.246850 10.714703 -1.974572  -0.555571 -0.000002 -0.831469  0.000000 0.000000 1 0 1.000000
c_invasion_wrangler_laser
0  -1.246850 10.714703 -1.974572  -0.555571 -0.000002 -0.831469  0.000000 0.000000 1 0 1.000000
0  -0.792840 10.714703 -2.217246  -0.382684 -0.000003 -0.923879  0.000000 0.000000 1 0 1.000000
0  -0.593138 10.413417 -1.735124  0.174976 -0.889343 0.422436  0.000000 0.000000 1 0 1.000000
c_invasion_wrangler_laser
0  -0.956928 10.413417 -1.540673  0.254027 -0.889343 0.380183  0.000000 0.000000 1 0 1.000000
0  -0.593138 10.413417 -1.735124  0.174976 -0.889343 0.422436  0.000000 0.000000 1 0 1.000000
0  -0.593138 11.015992 -1.735124  0.174979 0.889345 0.422431  0.000000 0.000000 1 0 1.000000
c_invasion_wrangler_laser
0  -0.956928 11.015992 -1.540673  0.254027 0.889345 0.380178  0.000000 0.000000 1 0 1.000000
0  -0.593138 11.015992 -1.735124  0.174979 0.889345 0.422431  0.000000 0.000000 1 0 1.000000
0  -0.792840 10.714703 -2.217246  -0.382684 -0.000003 -0.923879  0.000000 0.000000 1 0 1.000000
c_invasion_wrangler_laser
0  -0.792840 10.714703 -2.217246  -0.382684 -0.000003 -0.923879  0.000000 0.000000 1 0 1.000000
0  -0.300209 10.714703 -2.366684  -0.229044 0.001187 -0.973415  0.000000 0.000000 1 0 1.000000
0  -0.198402 10.413417 -1.854865  0.117014 -0.877338 0.465389  0.000000 0.000000 1 0 1.000000
c_invasion_wrangler_laser
0  -0.593138 10.413417 -1.735124  0.174976 -0.889343 0.422436  0.000000 0.000000 1 0 1.000000
0  -0.198402 10.413417 -1.854865  0.117014 -0.877338 0.465389  0.000000 0.000000 1 0 1.000000
0  -0.198402 11.015992 -1.854865  0.119325 0.878003 0.463543  0.000000 0.000000 1 0 1.000000
c_invasion_wrangler_laser
0  -0.593138 11.015992 -1.735124  0.174979 0.889345 0.422431  0.000000 0.000000 1 0 1.000000
0  -0.198402 11.015992 -1.854865  0.119325 0.878003 0.463543  0.000000 0.000000 1 0 1.000000
0  -0.300209 10.714703 -2.366684  -0.229044 0.001187 -0.973415  0.000000 0.000000 1 0 1.000000
c_invasion_wrangler_laser
0  -0.300209 10.714703 -2.366684  -0.229044 0.001187 -0.973415  0.000000 0.000000 1 0 1.000000
0  0.000000 10.714703 -2.417143  0.000000 0.001996 -0.999998  0.000000 0.000000 1 0 1.000000
0  0.000000 10.413417 -1.895298  0.000000 -0.911679 0.410904  0.000000 0.000000 1 0 1.000000
c_invasion_wrangler_laser
0  -0.198402 10.413417 -1.854865  0.117014 -0.877338 0.465389  0.000000 0.000000 1 0 1.000000
0  0.000000 10.413417 -1.895298  0.000000 -0.911679 0.410904  0.000000 0.000000 1 0 1.000000
0  0.000000 11.015992 -1.895298  0.000000 0.913079 0.407783  0.000000 0.000000 1 0 1.000000
c_invasion_wrangler_laser
0  -0.198402 11.015992 -1.854865  0.119325 0.878003 0.463543  0.000000 0.000000 1 0 1.000000
0  0.000000 11.015992 -1.895298  0.000000 0.913079 0.407783  0.000000 0.000000 1 0 1.000000
0  0.000000 10.714703 -2.417143  0.000000 0.001996 -0.999998  0.000000 0.000000 1 0 1.000000
c_invasion_wrangler_laser
0  -2.413950 13.183650 0.000000  -0.999998 -0.001939 0.000000  0.000000 0.000000 1 0 1.000000
0  -2.363490 13.183650 -0.303401  -0.973619 -0.001154 -0.228176  0.000000 0.000000 1 0 1.000000
0  -1.851672 12.882363 -0.201594  0.463149 -0.878340 0.118374  0.000000 0.000000 1 0 1.000000
c_invasion_wrangler_laser
0  -1.892105 12.882363 0.000000  0.409343 -0.912380 0.000000  0.000000 0.000000 1 0 1.000000
0  -1.851672 12.882363 -0.201594  0.463149 -0.878340 0.118374  0.000000 0.000000 1 0 1.000000
0  -1.851672 13.484937 -0.201594  0.464931 0.877697 0.116130  0.000000 0.000000 1 0 1.000000
c_invasion_wrangler_laser
0  -1.892105 13.484937 0.000000  0.412349 0.911026 -0.000000  0.000000 0.000000 1 0 1.000000
0  -1.851672 13.484937 -0.201594  0.464931 0.877697 0.116130  0.000000 0.000000 1 0 1.000000
0  -2.363490 13.183650 -0.303401  -0.973619 -0.001154 -0.228176  0.000000 0.000000 1 0 1.000000
c_invasion_wrangler_laser
0  -2.363490 13.183650 -0.303401  -0.973619 -0.001154 -0.228176  0.000000 0.000000 1 0 1.000000
0  -2.214053 13.183650 -0.796032  -0.923879 0.000000 -0.382684  0.000000 0.000000 1 0 1.000000
0  -1.731931 12.882363 -0.596330  0.422433 -0.889344 0.174979  0.000000 0.000000 1 0 1.000000
c_invasion_wrangler_laser
0  -1.851672 12.882363 -0.201594  0.463149 -0.878340 0.118374  0.000000 0.000000 1 0 1.000000
0  -1.731931 12.882363 -0.596330  0.422433 -0.889344 0.174979  0.000000 0.000000 1 0 1.000000
0  -1.731931 13.484937 -0.596330  0.422435 0.889344 0.174973  0.000000 0.000000 1 0 1.000000
c_invasion_wrangler_laser
0  -1.851672 13.484937 -0.201594  0.464931 0.877697 0.116130  0.000000 0.000000 1 0 1.000000
0  -1.731931 13.484937 -0.596330  0.422435 0.889344 0.174973  0.000000 0.000000 1 0 1.000000
0  -2.214053 13.183650 -0.796032  -0.923879 0.000000 -0.382684  0.000000 0.000000 1 0 1.000000
c_invasion_wrangler_laser
0  -2.214053 13.183650 -0.796032  -0.923879 0.000000 -0.382684  0.000000 0.000000 1 0 1.000000
0  -1.971379 13.183650 -1.250043  -0.831470 0.000000 -0.555570  0.000000 0.000000 1 0 1.000000
0  -1.537480 12.882363 -0.960122  0.380179 -0.889343 0.254032  0.000000 0.000000 1 0 1.000000
c_invasion_wrangler_laser
0  -1.731931 12.882363 -0.596330  0.422433 -0.889344 0.174979  0.000000 0.000000 1 0 1.000000
0  -1.537480 12.882363 -0.960122  0.380179 -0.889343 0.254032  0.000000 0.000000 1 0 1.000000
0  -1.537480 13.484937 -0.960122  0.380183 0.889344 0.254025  0.000000 0.000000 1 0 1.000000
c_invasion_wrangler_laser
0  -1.731931 13.484937 -0.596330  0.422435 0.889344 0.174973  0.000000 0.000000 1 0 1.000000
0  -1.537480 13.484937 -0.960122  0.380183 0.889344 0.254025  0.000000 0.000000 1 0 1.000000
0  -1.971379 13.183650 -1.250043  -0.831470 0.000000 -0.555570  0.000000 0.000000 1 0 1.000000
c_invasion_wrangler_laser
0  -1.971379 13.183650 -1.250043  -0.831470 0.000000 -0.555570  0.000000 0.000000 1 0 1.000000
0  -1.644794 13.183650 -1.647988  -0.707106 0.000000 -0.707107  0.000000 0.000000 1 0 1.000000
0  -1.275794 12.882363 -1.278987  0.323315 -0.889343 0.323320  0.000000 0.000000 1 0 1.000000
c_invasion_wrangler_laser
0  -1.537480 12.882363 -0.960122  0.380179 -0.889343 0.254032  0.000000 0.000000 1 0 1.000000
0  -1.275794 12.882363 -1.278987  0.323315 -0.889343 0.323320  0.000000 0.000000 1 0 1.000000
0  -1.275794 13.484937 -1.278987  0.323318 0.889344 0.323315  0.000000 0.000000 1 0 1.000000
c_invasion_wrangler_laser
0  -1.537480 13.484937 -0.960122  0.380183 0.889344 0.254025  0.000000 0.000000 1 0 1.000000
0  -1.275794 13.484937 -1.278987  0.323318 0.889344 0.323315  0.000000 0.000000 1 0 1.000000
0  -1.644794 13.183650 -1.647988  -0.707106 0.000000 -0.707107  0.000000 0.000000 1 0 1.000000
c_invasion_wrangler_laser
0  -1.644794 13.183650 -1.647988  -0.707106 0.000000 -0.707107  0.000000 0.000000 1 0 1.000000
0  -1.246850 13.183650 -1.974572  -0.555571 -0.000001 -0.831469  0.000000 0.000000 1 0 1.000000
0  -0.956928 12.882363 -1.540673  0.254027 -0.889343 0.380182  0.000000 0.000000 1 0 1.000000
c_invasion_wrangler_laser
0  -1.275794 12.882363 -1.278987  0.323315 -0.889343 0.323320  0.000000 0.000000 1 0 1.000000
0  -0.956928 12.882363 -1.540673  0.254027 -0.889343 0.380182  0.000000 0.000000 1 0 1.000000
0  -0.956928 13.484939 -1.540673  0.254029 0.889344 0.380180  0.000000 0.000000 1 0 1.000000
c_invasion_wrangler_laser
0  -1.275794 13.484937 -1.278987  0.323318 0.889344 0.323315  0.000000 0.000000 1 0 1.000000
0  -0.956928 13.484939 -1.540673  0.254029 0.889344 0.380180  0.000000 0.000000 1 0 1.000000
0  -1.246850 13.183650 -1.974572  -0.555571 -0.000001 -0.831469  0.000000 0.000000 1 0 1.000000
c_invasion_wrangler_laser
0  -1.246850 13.183650 -1.974572  -0.555571 -0.000001 -0.831469  0.000000 0.000000 1 0 1.000000
0  -0.792840 13.183650 -2.217246  -0.382684 -0.000001 -0.923879  0.000000 0.000000 1 0 1.000000
0  -0.593138 12.882363 -1.735124  0.174976 -0.889344 0.422435  0.000000 0.000000 1 0 1.000000
c_invasion_wrangler_laser
0  -0.956928 12.882363 -1.540673  0.254027 -0.889343 0.380182  0.000000 0.000000 1 0 1.000000
0  -0.593138 12.882363 -1.735124  0.174976 -0.889344 0.422435  0.000000 0.000000 1 0 1.000000
0  -0.593138 13.484939 -1.735124  0.174980 0.889344 0.422433  0.000000 0.000000 1 0 1.000000
c_invasion_wrangler_laser
0  -0.956928 13.484939 -1.540673  0.254029 0.889344 0.380180  0.000000 0.000000 1 0 1.000000
0  -0.593138 13.484939 -1.735124  0.174980 0.889344 0.422433  0.000000 0.000000 1 0 1.000000
0  -0.792840 13.183650 -2.217246  -0.382684 -0.000001 -0.923879  0.000000 0.000000 1 0 1.000000
c_invasion_wrangler_laser
0  -0.792840 13.183650 -2.217246  -0.382684 -0.000001 -0.923879  0.000000 0.000000 1 0 1.000000
0  -0.300209 13.183650 -2.366684  -0.229043 0.001189 -0.973415  0.000000 0.000000 1 0 1.000000
0  -0.198402 12.882363 -1.854865  0.117014 -0.877338 0.465388  0.000000 0.000000 1 0 1.000000
c_invasion_wrangler_laser
0  -0.593138 12.882363 -1.735124  0.174976 -0.889344 0.422435  0.000000 0.000000 1 0 1.000000
0  -0.198402 12.882363 -1.854865  0.117014 -0.877338 0.465388  0.000000 0.000000 1 0 1.000000
0  -0.198402 13.484939 -1.854865  0.119325 0.878003 0.463544  0.000000 0.000000 1 0 1.000000
c_invasion_wrangler_laser
0  -0.593138 13.484939 -1.735124  0.174980 0.889344 0.422433  0.000000 0.000000 1 0 1.000000
0  -0.198402 13.484939 -1.854865  0.119325 0.878003 0.463544  0.000000 0.000000 1 0 1.000000
0  -0.300209 13.183650 -2.366684  -0.229043 0.001189 -0.973415  0.000000 0.000000 1 0 1.000000
c_invasion_wrangler_laser
0  -0.300209 13.183650 -2.366684  -0.229043 0.001189 -0.973415  0.000000 0.000000 1 0 1.000000
0  0.000000 13.183650 -2.417143  0.000000 0.001996 -0.999998  0.000000 0.000000 1 0 1.000000
0  0.000000 12.882363 -1.895298  0.000000 -0.911679 0.410903  0.000000 0.000000 1 0 1.000000
c_invasion_wrangler_laser
0  -0.198402 12.882363 -1.854865  0.117014 -0.877338 0.465388  0.000000 0.000000 1 0 1.000000
0  0.000000 12.882363 -1.895298  0.000000 -0.911679 0.410903  0.000000 0.000000 1 0 1.000000
0  0.000000 13.484939 -1.895298  0.000000 0.913079 0.407783  0.000000 0.000000 1 0 1.000000
c_invasion_wrangler_laser
0  -0.198402 13.484939 -1.854865  0.119325 0.878003 0.463544  0.000000 0.000000 1 0 1.000000
0  0.000000 13.484939 -1.895298  0.000000 0.913079 0.407783  0.000000 0.000000 1 0 1.000000
0  0.000000 13.183650 -2.417143  0.000000 0.001996 -0.999998  0.000000 0.000000 1 0 1.000000
c_invasion_wrangler_laser
0  -0.198402 9.781521 -1.854865  0.119325 0.878003 0.463544  0.000000 0.000000 1 0 1.000000
0  0.000000 9.781521 -1.895298  0.000000 0.913079 0.407783  0.000000 0.000000 1 0 1.000000
0  0.000000 9.480232 -2.417143  0.000000 0.001998 -0.999998  0.000000 0.000000 1 0 1.000000
c_invasion_wrangler_laser
0  -0.198402 9.178946 -1.854865  0.117014 -0.877338 0.465388  0.000000 0.000000 1 0 1.000000
0  0.000000 9.178946 -1.895298  0.000000 -0.911679 0.410904  0.000000 0.000000 1 0 1.000000
0  0.000000 9.781521 -1.895298  0.000000 0.913079 0.407783  0.000000 0.000000 1 0 1.000000
c_invasion_wrangler_laser
0  -0.300209 9.480232 -2.366684  -0.229043 0.001189 -0.973415  0.000000 0.000000 1 0 1.000000
0  0.000000 9.480232 -2.417143  0.000000 0.001998 -0.999998  0.000000 0.000000 1 0 1.000000
0  0.000000 9.178946 -1.895298  0.000000 -0.911679 0.410904  0.000000 0.000000 1 0 1.000000
c_invasion_wrangler_laser
0  -0.593138 9.781521 -1.735124  0.174980 0.889345 0.422431  0.000000 0.000000 1 0 1.000000
0  -0.198402 9.781521 -1.854865  0.119325 0.878003 0.463544  0.000000 0.000000 1 0 1.000000
0  -0.300209 9.480232 -2.366684  -0.229043 0.001189 -0.973415  0.000000 0.000000 1 0 1.000000
c_invasion_wrangler_laser
0  -0.593138 9.178946 -1.735124  0.174976 -0.889344 0.422435  0.000000 0.000000 1 0 1.000000
0  -0.198402 9.178946 -1.854865  0.117014 -0.877338 0.465388  0.000000 0.000000 1 0 1.000000
0  -0.198402 9.781521 -1.854865  0.119325 0.878003 0.463544  0.000000 0.000000 1 0 1.000000
c_invasion_wrangler_laser
0  -0.792840 9.480232 -2.217246  -0.382683 -0.000002 -0.923880  0.000000 0.000000 1 0 1.000000
0  -0.300209 9.480232 -2.366684  -0.229043 0.001189 -0.973415  0.000000 0.000000 1 0 1.000000
0  -0.198402 9.178946 -1.854865  0.117014 -0.877338 0.465388  0.000000 0.000000 1 0 1.000000
c_invasion_wrangler_laser
0  -0.956928 9.781521 -1.540673  0.254028 0.889344 0.380180  0.000000 0.000000 1 0 1.000000
0  -0.593138 9.781521 -1.735124  0.174980 0.889345 0.422431  0.000000 0.000000 1 0 1.000000
0  -0.792840 9.480232 -2.217246  -0.382683 -0.000002 -0.923880  0.000000 0.000000 1 0 1.000000
c_invasion_wrangler_laser
0  -0.956928 9.178946 -1.540673  0.254027 -0.889343 0.380183  0.000000 0.000000 1 0 1.000000
0  -0.593138 9.178946 -1.735124  0.174976 -0.889344 0.422435  0.000000 0.000000 1 0 1.000000
0  -0.593138 9.781521 -1.735124  0.174980 0.889345 0.422431  0.000000 0.000000 1 0 1.000000
c_invasion_wrangler_laser
0  -1.246850 9.480232 -1.974572  -0.555572 -0.000001 -0.831468  0.000000 0.000000 1 0 1.000000
0  -0.792840 9.480232 -2.217246  -0.382683 -0.000002 -0.923880  0.000000 0.000000 1 0 1.000000
0  -0.593138 9.178946 -1.735124  0.174976 -0.889344 0.422435  0.000000 0.000000 1 0 1.000000
c_invasion_wrangler_laser
0  -1.275794 9.781518 -1.278987  0.323318 0.889343 0.323317  0.000000 0.000000 1 0 1.000000
0  -0.956928 9.781521 -1.540673  0.254028 0.889344 0.380180  0.000000 0.000000 1 0 1.000000
0  -1.246850 9.480232 -1.974572  -0.555572 -0.000001 -0.831468  0.000000 0.000000 1 0 1.000000
c_invasion_wrangler_laser
0  -1.275794 9.178946 -1.278987  0.323315 -0.889344 0.323319  0.000000 0.000000 1 0 1.000000
0  -0.956928 9.178946 -1.540673  0.254027 -0.889343 0.380183  0.000000 0.000000 1 0 1.000000
0  -0.956928 9.781521 -1.540673  0.254028 0.889344 0.380180  0.000000 0.000000 1 0 1.000000
c_invasion_wrangler_laser
0  -1.644794 9.480232 -1.647988  -0.707107 0.000001 -0.707106  0.000000 0.000000 1 0 1.000000
0  -1.246850 9.480232 -1.974572  -0.555572 -0.000001 -0.831468  0.000000 0.000000 1 0 1.000000
0  -0.956928 9.178946 -1.540673  0.254027 -0.889343 0.380183  0.000000 0.000000 1 0 1.000000
c_invasion_wrangler_laser
0  -1.537480 9.781518 -0.960122  0.380183 0.889343 0.254027  0.000000 0.000000 1 0 1.000000
0  -1.275794 9.781518 -1.278987  0.323318 0.889343 0.323317  0.000000 0.000000 1 0 1.000000
0  -1.644794 9.480232 -1.647988  -0.707107 0.000001 -0.707106  0.000000 0.000000 1 0 1.000000
c_invasion_wrangler_laser
0  -1.537480 9.178946 -0.960122  0.380179 -0.889343 0.254032  0.000000 0.000000 1 0 1.000000
0  -1.275794 9.178946 -1.278987  0.323315 -0.889344 0.323319  0.000000 0.000000 1 0 1.000000
0  -1.275794 9.781518 -1.278987  0.323318 0.889343 0.323317  0.000000 0.000000 1 0 1.000000
c_invasion_wrangler_laser
0  -1.971379 9.480232 -1.250043  -0.831470 0.000001 -0.555569  0.000000 0.000000 1 0 1.000000
0  -1.644794 9.480232 -1.647988  -0.707107 0.000001 -0.707106  0.000000 0.000000 1 0 1.000000
0  -1.275794 9.178946 -1.278987  0.323315 -0.889344 0.323319  0.000000 0.000000 1 0 1.000000
c_invasion_wrangler_laser
0  -1.731931 9.781518 -0.596330  0.422436 0.889343 0.174975  0.000000 0.000000 1 0 1.000000
0  -1.537480 9.781518 -0.960122  0.380183 0.889343 0.254027  0.000000 0.000000 1 0 1.000000
0  -1.971379 9.480232 -1.250043  -0.831470 0.000001 -0.555569  0.000000 0.000000 1 0 1.000000
c_invasion_wrangler_laser
0  -1.731931 9.178946 -0.596330  0.422433 -0.889344 0.174981  0.000000 0.000000 1 0 1.000000
0  -1.537480 9.178946 -0.960122  0.380179 -0.889343 0.254032  0.000000 0.000000 1 0 1.000000
0  -1.537480 9.781518 -0.960122  0.380183 0.889343 0.254027  0.000000 0.000000 1 0 1.000000
c_invasion_wrangler_laser
0  -2.214053 9.480232 -0.796032  -0.923880 0.000000 -0.382681  0.000000 0.000000 1 0 1.000000
0  -1.971379 9.480232 -1.250043  -0.831470 0.000001 -0.555569  0.000000 0.000000 1 0 1.000000
0  -1.537480 9.178946 -0.960122  0.380179 -0.889343 0.254032  0.000000 0.000000 1 0 1.000000
c_invasion_wrangler_laser
0  -1.851672 9.781518 -0.201594  0.464932 0.877697 0.116127  0.000000 0.000000 1 0 1.000000
0  -1.731931 9.781518 -0.596330  0.422436 0.889343 0.174975  0.000000 0.000000 1 0 1.000000
0  -2.214053 9.480232 -0.796032  -0.923880 0.000000 -0.382681  0.000000 0.000000 1 0 1.000000
c_invasion_wrangler_laser
0  -1.851672 9.178946 -0.201594  0.463149 -0.878340 0.118375  0.000000 0.000000 1 0 1.000000
0  -1.731931 9.178946 -0.596330  0.422433 -0.889344 0.174981  0.000000 0.000000 1 0 1.000000
0  -1.731931 9.781518 -0.596330  0.422436 0.889343 0.174975  0.000000 0.000000 1 0 1.000000
c_invasion_wrangler_laser
0  -2.363490 9.480232 -0.303401  -0.973620 -0.001153 -0.228174  0.000000 0.000000 1 0 1.000000
0  -2.214053 9.480232 -0.796032  -0.923880 0.000000 -0.382681  0.000000 0.000000 1 0 1.000000
0  -1.731931 9.178946 -0.596330  0.422433 -0.889344 0.174981  0.000000 0.000000 1 0 1.000000
c_invasion_wrangler_laser
0  -1.892105 9.781518 0.000000  0.412351 0.911025 -0.000000  0.000000 0.000000 1 0 1.000000
0  -1.851672 9.781518 -0.201594  0.464932 0.877697 0.116127  0.000000 0.000000 1 0 1.000000
0  -2.363490 9.480232 -0.303401  -0.973620 -0.001153 -0.228174  0.000000 0.000000 1 0 1.000000
c_invasion_wrangler_laser
0  -1.892105 9.178946 0.000000  0.409343 -0.912381 0.000000  0.000000 0.000000 1 0 1.000000
0  -1.851672 9.178946 -0.201594  0.463149 -0.878340 0.118375  0.000000 0.000000 1 0 1.000000
0  -1.851672 9.781518 -0.201594  0.464932 0.877697 0.116127  0.000000 0.000000 1 0 1.000000
c_invasion_wrangler_laser
0  -2.413950 9.480232 0.000000  -0.999998 -0.001939 0.000000  0.000000 0.000000 1 0 1.000000
0  -2.363490 9.480232 -0.303401  -0.973620 -0.001153 -0.228174  0.000000 0.000000 1 0 1.000000
0  -1.851672 9.178946 -0.201594  0.463149 -0.878340 0.118375  0.000000 0.000000 1 0 1.000000
c_invasion_wrangler_laser
0  -2.413950 14.418124 0.000000  -0.999998 -0.001939 0.000000  0.000000 0.000000 1 0 1.000000
0  -2.363490 14.418124 -0.303401  -0.973619 -0.001153 -0.228178  0.000000 0.000000 1 0 1.000000
0  -1.851672 14.116838 -0.201594  0.463148 -0.878340 0.118377  0.000000 0.000000 1 0 1.000000
c_invasion_wrangler_laser
0  -1.892105 14.116838 0.000000  0.409342 -0.912381 0.000000  0.000000 0.000000 1 0 1.000000
0  -1.851672 14.116838 -0.201594  0.463148 -0.878340 0.118377  0.000000 0.000000 1 0 1.000000
0  -1.851672 14.719410 -0.201594  0.464932 0.877697 0.116131  0.000000 0.000000 1 0 1.000000
c_invasion_wrangler_laser
0  -1.892105 14.719410 0.000000  0.412350 0.911025 0.000000  0.000000 0.000000 1 0 1.000000
0  -1.851672 14.719410 -0.201594  0.464932 0.877697 0.116131  0.000000 0.000000 1 0 1.000000
0  -2.363490 14.418124 -0.303401  -0.973619 -0.001153 -0.228178  0.000000 0.000000 1 0 1.000000
c_invasion_wrangler_laser
0  -2.363490 14.418124 -0.303401  -0.973619 -0.001153 -0.228178  0.000000 0.000000 1 0 1.000000
0  -2.214053 14.418124 -0.796032  -0.923879 0.000001 -0.382685  0.000000 0.000000 1 0 1.000000
0  -1.731931 14.116838 -0.596330  0.422433 -0.889344 0.174981  0.000000 0.000000 1 0 1.000000
c_invasion_wrangler_laser
0  -1.851672 14.116838 -0.201594  0.463148 -0.878340 0.118377  0.000000 0.000000 1 0 1.000000
0  -1.731931 14.116838 -0.596330  0.422433 -0.889344 0.174981  0.000000 0.000000 1 0 1.000000
0  -1.731931 14.719410 -0.596330  0.422435 0.889343 0.174977  0.000000 0.000000 1 0 1.000000
c_invasion_wrangler_laser
0  -1.851672 14.719410 -0.201594  0.464932 0.877697 0.116131  0.000000 0.000000 1 0 1.000000
0  -1.731931 14.719410 -0.596330  0.422435 0.889343 0.174977  0.000000 0.000000 1 0 1.000000
0  -2.214053 14.418124 -0.796032  -0.923879 0.000001 -0.382685  0.000000 0.000000 1 0 1.000000
c_invasion_wrangler_laser
0  -2.214053 14.418124 -0.796032  -0.923879 0.000001 -0.382685  0.000000 0.000000 1 0 1.000000
0  -1.971379 14.418124 -1.250043  -0.831468 0.000001 -0.555572  0.000000 0.000000 1 0 1.000000
0  -1.537480 14.116838 -0.960122  0.380180 -0.889344 0.254030  0.000000 0.000000 1 0 1.000000
c_invasion_wrangler_laser
0  -1.731931 14.116838 -0.596330  0.422433 -0.889344 0.174981  0.000000 0.000000 1 0 1.000000
0  -1.537480 14.116838 -0.960122  0.380180 -0.889344 0.254030  0.000000 0.000000 1 0 1.000000
0  -1.537480 14.719410 -0.960122  0.380183 0.889343 0.254029  0.000000 0.000000 1 0 1.000000
c_invasion_wrangler_laser
0  -1.731931 14.719410 -0.596330  0.422435 0.889343 0.174977  0.000000 0.000000 1 0 1.000000
0  -1.537480 14.719410 -0.960122  0.380183 0.889343 0.254029  0.000000 0.000000 1 0 1.000000
0  -1.971379 14.418124 -1.250043  -0.831468 0.000001 -0.555572  0.000000 0.000000 1 0 1.000000
c_invasion_wrangler_laser
0  -1.971379 14.418124 -1.250043  -0.831468 0.000001 -0.555572  0.000000 0.000000 1 0 1.000000
0  -1.644794 14.418124 -1.647988  -0.707107 -0.000000 -0.707107  0.000000 0.000000 1 0 1.000000
0  -1.275794 14.116838 -1.278987  0.323315 -0.889343 0.323320  0.000000 0.000000 1 0 1.000000
c_invasion_wrangler_laser
0  -1.537480 14.116838 -0.960122  0.380180 -0.889344 0.254030  0.000000 0.000000 1 0 1.000000
0  -1.275794 14.116838 -1.278987  0.323315 -0.889343 0.323320  0.000000 0.000000 1 0 1.000000
0  -1.275794 14.719410 -1.278987  0.323317 0.889343 0.323317  0.000000 0.000000 1 0 1.000000
c_invasion_wrangler_laser
0  -1.537480 14.719410 -0.960122  0.380183 0.889343 0.254029  0.000000 0.000000 1 0 1.000000
0  -1.275794 14.719410 -1.278987  0.323317 0.889343 0.323317  0.000000 0.000000 1 0 1.000000
0  -1.644794 14.418124 -1.647988  -0.707107 -0.000000 -0.707107  0.000000 0.000000 1 0 1.000000
c_invasion_wrangler_laser
0  -1.644794 14.418124 -1.647988  -0.707107 -0.000000 -0.707107  0.000000 0.000000 1 0 1.000000
0  -1.246850 14.418124 -1.974572  -0.555571 -0.000001 -0.831469  0.000000 0.000000 1 0 1.000000
0  -0.956928 14.116838 -1.540673  0.254028 -0.889343 0.380182  0.000000 0.000000 1 0 1.000000
c_invasion_wrangler_laser
0  -1.275794 14.116838 -1.278987  0.323315 -0.889343 0.323320  0.000000 0.000000 1 0 1.000000
0  -0.956928 14.116838 -1.540673  0.254028 -0.889343 0.380182  0.000000 0.000000 1 0 1.000000
0  -0.956928 14.719413 -1.540673  0.254027 0.889345 0.380179  0.000000 0.000000 1 0 1.000000
c_invasion_wrangler_laser
0  -1.275794 14.719410 -1.278987  0.323317 0.889343 0.323317  0.000000 0.000000 1 0 1.000000
0  -0.956928 14.719413 -1.540673  0.254027 0.889345 0.380179  0.000000 0.000000 1 0 1.000000
0  -1.246850 14.418124 -1.974572  -0.555571 -0.000001 -0.831469  0.000000 0.000000 1 0 1.000000
c_invasion_wrangler_laser
0  -1.246850 14.418124 -1.974572  -0.555571 -0.000001 -0.831469  0.000000 0.000000 1 0 1.000000
0  -0.792840 14.418124 -2.217246  -0.382684 -0.000002 -0.923879  0.000000 0.000000 1 0 1.000000
0  -0.593138 14.116838 -1.735124  0.174977 -0.889344 0.422433  0.000000 0.000000 1 0 1.000000
c_invasion_wrangler_laser
0  -0.956928 14.116838 -1.540673  0.254028 -0.889343 0.380182  0.000000 0.000000 1 0 1.000000
0  -0.593138 14.116838 -1.735124  0.174977 -0.889344 0.422433  0.000000 0.000000 1 0 1.000000
0  -0.593138 14.719413 -1.735124  0.174980 0.889344 0.422432  0.000000 0.000000 1 0 1.000000
c_invasion_wrangler_laser
0  -0.956928 14.719413 -1.540673  0.254027 0.889345 0.380179  0.000000 0.000000 1 0 1.000000
0  -0.593138 14.719413 -1.735124  0.174980 0.889344 0.422432  0.000000 0.000000 1 0 1.000000
0  -0.792840 14.418124 -2.217246  -0.382684 -0.000002 -0.923879  0.000000 0.000000 1 0 1.000000
c_invasion_wrangler_laser
0  -0.792840 14.418124 -2.217246  -0.382684 -0.000002 -0.923879  0.000000 0.000000 1 0 1.000000
0  -0.300209 14.418124 -2.366684  -0.229044 0.001187 -0.973415  0.000000 0.000000 1 0 1.000000
0  -0.198402 14.116838 -1.854865  0.117014 -0.877338 0.465387  0.000000 0.000000 1 0 1.000000
c_invasion_wrangler_laser
0  -0.593138 14.116838 -1.735124  0.174977 -0.889344 0.422433  0.000000 0.000000 1 0 1.000000
0  -0.198402 14.116838 -1.854865  0.117014 -0.877338 0.465387  0.000000 0.000000 1 0 1.000000
0  -0.198402 14.719413 -1.854865  0.119325 0.878003 0.463544  0.000000 0.000000 1 0 1.000000
c_invasion_wrangler_laser
0  -0.593138 14.719413 -1.735124  0.174980 0.889344 0.422432  0.000000 0.000000 1 0 1.000000
0  -0.198402 14.719413 -1.854865  0.119325 0.878003 0.463544  0.000000 0.000000 1 0 1.000000
0  -0.300209 14.418124 -2.366684  -0.229044 0.001187 -0.973415  0.000000 0.000000 1 0 1.000000
c_invasion_wrangler_laser
0  -0.300209 14.418124 -2.366684  -0.229044 0.001187 -0.973415  0.000000 0.000000 1 0 1.000000
0  0.000000 14.418124 -2.417143  0.000000 0.001995 -0.999998  0.000000 0.000000 1 0 1.000000
0  0.000000 14.116838 -1.895298  -0.000000 -0.911679 0.410902  0.000000 0.000000 1 0 1.000000
c_invasion_wrangler_laser
0  -0.198402 14.116838 -1.854865  0.117014 -0.877338 0.465387  0.000000 0.000000 1 0 1.000000
0  0.000000 14.116838 -1.895298  -0.000000 -0.911679 0.410902  0.000000 0.000000 1 0 1.000000
0  0.000000 14.719413 -1.895298  0.000000 0.913079 0.407783  0.000000 0.000000 1 0 1.000000
c_invasion_wrangler_laser
0  -0.198402 14.719413 -1.854865  0.119325 0.878003 0.463544  0.000000 0.000000 1 0 1.000000
0  0.000000 14.719413 -1.895298  0.000000 0.913079 0.407783  0.000000 0.000000 1 0 1.000000
0  0.000000 14.418124 -2.417143  0.000000 0.001995 -0.999998  0.000000 0.000000 1 0 1.000000
c_invasion_wrangler_laser
0  -0.198402 8.547047 -1.854865  0.119324 0.878003 0.463544  0.000000 0.000000 1 0 1.000000
0  0.000000 8.547047 -1.895298  0.000000 0.913079 0.407784  0.000000 0.000000 1 0 1.000000
0  0.000000 8.245758 -2.417143  0.000000 0.001997 -0.999998  0.000000 0.000000 1 0 1.000000
c_invasion_wrangler_laser
0  -0.198402 7.944472 -1.854865  0.117015 -0.877337 0.465389  0.000000 0.000000 1 0 1.000000
0  0.000000 7.944472 -1.895298  -0.000000 -0.911678 0.410904  0.000000 0.000000 1 0 1.000000
0  0.000000 8.547047 -1.895298  0.000000 0.913079 0.407784  0.000000 0.000000 1 0 1.000000
c_invasion_wrangler_laser
0  -0.300209 8.245758 -2.366684  -0.229044 0.001188 -0.973415  0.000000 0.000000 1 0 1.000000
0  0.000000 8.245758 -2.417143  0.000000 0.001997 -0.999998  0.000000 0.000000 1 0 1.000000
0  0.000000 7.944472 -1.895298  -0.000000 -0.911678 0.410904  0.000000 0.000000 1 0 1.000000
c_invasion_wrangler_laser
0  -0.593138 8.547047 -1.735124  0.174980 0.889345 0.422431  0.000000 0.000000 1 0 1.000000
0  -0.198402 8.547047 -1.854865  0.119324 0.878003 0.463544  0.000000 0.000000 1 0 1.000000
0  -0.300209 8.245758 -2.366684  -0.229044 0.001188 -0.973415  0.000000 0.000000 1 0 1.000000
c_invasion_wrangler_laser
0  -0.593138 7.944472 -1.735124  0.174976 -0.889344 0.422435  0.000000 0.000000 1 0 1.000000
0  -0.198402 7.944472 -1.854865  0.117015 -0.877337 0.465389  0.000000 0.000000 1 0 1.000000
0  -0.198402 8.547047 -1.854865  0.119324 0.878003 0.463544  0.000000 0.000000 1 0 1.000000
c_invasion_wrangler_laser
0  -0.792840 8.245758 -2.217246  -0.382683 -0.000002 -0.923880  0.000000 0.000000 1 0 1.000000
0  -0.300209 8.245758 -2.366684  -0.229044 0.001188 -0.973415  0.000000 0.000000 1 0 1.000000
0  -0.198402 7.944472 -1.854865  0.117015 -0.877337 0.465389  0.000000 0.000000 1 0 1.000000
c_invasion_wrangler_laser
0  -0.956928 8.547047 -1.540673  0.254029 0.889344 0.380179  0.000000 0.000000 1 0 1.000000
0  -0.593138 8.547047 -1.735124  0.174980 0.889345 0.422431  0.000000 0.000000 1 0 1.000000
0  -0.792840 8.245758 -2.217246  -0.382683 -0.000002 -0.923880  0.000000 0.000000 1 0 1.000000
c_invasion_wrangler_laser
0  -0.956928 7.944472 -1.540673  0.254027 -0.889343 0.380184  0.000000 0.000000 1 0 1.000000
0  -0.593138 7.944472 -1.735124  0.174976 -0.889344 0.422435  0.000000 0.000000 1 0 1.000000
0  -0.593138 8.547047 -1.735124  0.174980 0.889345 0.422431  0.000000 0.000000 1 0 1.000000
c_invasion_wrangler_laser
0  -1.246850 8.245758 -1.974572  -0.555571 -0.000001 -0.831469  0.000000 0.000000 1 0 1.000000
0  -0.792840 8.245758 -2.217246  -0.382683 -0.000002 -0.923880  0.000000 0.000000 1 0 1.000000
0  -0.593138 7.944472 -1.735124  0.174976 -0.889344 0.422435  0.000000 0.000000 1 0 1.000000
c_invasion_wrangler_laser
0  -1.275794 8.547045 -1.278987  0.323318 0.889344 0.323316  0.000000 0.000000 1 0 1.000000
0  -0.956928 8.547047 -1.540673  0.254029 0.889344 0.380179  0.000000 0.000000 1 0 1.000000
0  -1.246850 8.245758 -1.974572  -0.555571 -0.000001 -0.831469  0.000000 0.000000 1 0 1.000000
c_invasion_wrangler_laser
0  -1.275794 7.944472 -1.278987  0.323315 -0.889343 0.323320  0.000000 0.000000 1 0 1.000000
0  -0.956928 7.944472 -1.540673  0.254027 -0.889343 0.380184  0.000000 0.000000 1 0 1.000000
0  -0.956928 8.547047 -1.540673  0.254029 0.889344 0.380179  0.000000 0.000000 1 0 1.000000
c_invasion_wrangler_laser
0  -1.644794 8.245758 -1.647988  -0.707106 -0.000000 -0.707107  0.000000 0.000000 1 0 1.000000
0  -1.246850 8.245758 -1.974572  -0.555571 -0.000001 -0.831469  0.000000 0.000000 1 0 1.000000
0  -0.956928 7.944472 -1.540673  0.254027 -0.889343 0.380184  0.000000 0.000000 1 0 1.000000
c_invasion_wrangler_laser
0  -1.537480 8.547045 -0.960122  0.380183 0.889343 0.254026  0.000000 0.000000 1 0 1.000000
0  -1.275794 8.547045 -1.278987  0.323318 0.889344 0.323316  0.000000 0.000000 1 0 1.000000
0  -1.644794 8.245758 -1.647988  -0.707106 -0.000000 -0.707107  0.000000 0.000000 1 0 1.000000
c_invasion_wrangler_laser
0  -1.537480 7.944472 -0.960122  0.380180 -0.889343 0.254033  0.000000 0.000000 1 0 1.000000
0  -1.275794 7.944472 -1.278987  0.323315 -0.889343 0.323320  0.000000 0.000000 1 0 1.000000
0  -1.275794 8.547045 -1.278987  0.323318 0.889344 0.323316  0.000000 0.000000 1 0 1.000000
c_invasion_wrangler_laser
0  -1.971379 8.245758 -1.250043  -0.831469 -0.000000 -0.555571  0.000000 0.000000 1 0 1.000000
0  -1.644794 8.245758 -1.647988  -0.707106 -0.000000 -0.707107  0.000000 0.000000 1 0 1.000000
0  -1.275794 7.944472 -1.278987  0.323315 -0.889343 0.323320  0.000000 0.000000 1 0 1.000000
c_invasion_wrangler_laser
0  -1.731931 8.547045 -0.596330  0.422435 0.889344 0.174976  0.000000 0.000000 1 0 1.000000
0  -1.537480 8.547045 -0.960122  0.380183 0.889343 0.254026  0.000000 0.000000 1 0 1.000000
0  -1.971379 8.245758 -1.250043  -0.831469 -0.000000 -0.555571  0.000000 0.000000 1 0 1.000000
c_invasion_wrangler_laser
0  -1.731931 7.944472 -0.596330  0.422433 -0.889344 0.174980  0.000000 0.000000 1 0 1.000000
0  -1.537480 7.944472 -0.960122  0.380180 -0.889343 0.254033  0.000000 0.000000 1 0 1.000000
0  -1.537480 8.547045 -0.960122  0.380183 0.889343 0.254026  0.000000 0.000000 1 0 1.000000
c_invasion_wrangler_laser
0  -2.214053 8.245758 -0.796032  -0.923879 -0.000000 -0.382684  0.000000 0.000000 1 0 1.000000
0  -1.971379 8.245758 -1.250043  -0.831469 -0.000000 -0.555571  0.000000 0.000000 1 0 1.000000
0  -1.537480 7.944472 -0.960122  0.380180 -0.889343 0.254033  0.000000 0.000000 1 0 1.000000
c_invasion_wrangler_laser
0  -1.851672 8.547045 -0.201594  0.464931 0.877698 0.116130  0.000000 0.000000 1 0 1.000000
0  -1.731931 8.547045 -0.596330  0.422435 0.889344 0.174976  0.000000 0.000000 1 0 1.000000
0  -2.214053 8.245758 -0.796032  -0.923879 -0.000000 -0.382684  0.000000 0.000000 1 0 1.000000
c_invasion_wrangler_laser
0  -1.851672 7.944472 -0.201594  0.463149 -0.878339 0.118375  0.000000 0.000000 1 0 1.000000
0  -1.731931 7.944472 -0.596330  0.422433 -0.889344 0.174980  0.000000 0.000000 1 0 1.000000
0  -1.731931 8.547045 -0.596330  0.422435 0.889344 0.174976  0.000000 0.000000 1 0 1.000000
c_invasion_wrangler_laser
0  -2.363490 8.245758 -0.303401  -0.973620 -0.001155 -0.228172  0.000000 0.000000 1 0 1.000000
0  -2.214053 8.245758 -0.796032  -0.923879 -0.000000 -0.382684  0.000000 0.000000 1 0 1.000000
0  -1.731931 7.944472 -0.596330  0.422433 -0.889344 0.174980  0.000000 0.000000 1 0 1.000000
c_invasion_wrangler_laser
0  -1.892105 8.547045 0.000000  0.412349 0.911026 0.000000  0.000000 0.000000 1 0 1.000000
0  -1.851672 8.547045 -0.201594  0.464931 0.877698 0.116130  0.000000 0.000000 1 0 1.000000
0  -2.363490 8.245758 -0.303401  -0.973620 -0.001155 -0.228172  0.000000 0.000000 1 0 1.000000
c_invasion_wrangler_laser
0  -1.892105 7.944472 0.000000  0.409343 -0.912381 0.000000  0.000000 0.000000 1 0 1.000000
0  -1.851672 7.944472 -0.201594  0.463149 -0.878339 0.118375  0.000000 0.000000 1 0 1.000000
0  -1.851672 8.547045 -0.201594  0.464931 0.877698 0.116130  0.000000 0.000000 1 0 1.000000
c_invasion_wrangler_laser
0  -2.413950 8.245758 0.000000  -0.999998 -0.001940 0.000000  0.000000 0.000000 1 0 1.000000
0  -2.363490 8.245758 -0.303401  -0.973620 -0.001155 -0.228172  0.000000 0.000000 1 0 1.000000
0  -1.851672 7.944472 -0.201594  0.463149 -0.878339 0.118375  0.000000 0.000000 1 0 1.000000
c_invasion_wrangler_laser
0  -7.197533 19.131565 -0.398517  0.522439 0.000002 -0.852677  0.000000 0.000000 1 0 1.000000
0  -7.106049 20.060417 -0.398517  0.521169 -0.103665 -0.847134  0.000000 0.000000 1 0 1.000000
0  -7.106049 20.060417 0.000000  0.980785 -0.195093 0.000000  0.000000 0.000000 1 0 1.000000
c_invasion_wrangler_laser
0  -8.137940 20.265675 0.000000  -0.985546 0.169405 0.000000  0.000000 0.000000 1 0 1.000000
0  -7.807134 21.356197 0.000000  -0.923879 0.382684 0.000000  0.000000 0.000000 1 0 1.000000
0  -6.835113 20.953573 -0.398517  0.490909 -0.203341 -0.847149  0.000000 0.000000 1 0 1.000000
c_invasion_wrangler_laser
0  -7.106049 20.060417 -0.398517  0.521169 -0.103665 -0.847134  0.000000 0.000000 1 0 1.000000
0  -6.835113 20.953573 -0.398517  0.490909 -0.203341 -0.847149  0.000000 0.000000 1 0 1.000000
0  -6.835113 20.953573 0.000000  0.923878 -0.382686 0.000000  0.000000 0.000000 1 0 1.000000
c_invasion_wrangler_laser
0  -7.807134 21.356197 0.000000  -0.923879 0.382684 0.000000  0.000000 0.000000 1 0 1.000000
0  -7.269933 22.361233 0.000000  -0.431822 0.901959 0.000000  0.000000 0.000000 1 0 1.000000
0  -6.395136 21.776711 -0.398517  0.682033 0.241368 -0.690342  0.000000 0.000000 1 0 1.000000
c_invasion_wrangler_laser
0  -6.835113 20.953573 -0.398517  0.490909 -0.203341 -0.847149  0.000000 0.000000 1 0 1.000000
0  -6.395136 21.776711 -0.398517  0.682033 0.241368 -0.690342  0.000000 0.000000 1 0 1.000000
0  -6.395136 21.776711 0.000000  0.970026 0.243000 0.000000  0.000000 0.000000 1 0 1.000000
c_invasion_wrangler_laser
0  -2.436395 13.318319 0.000000  0.510034 -0.860154 0.000000  0.000000 0.000000 1 0 1.000000
0  -3.570500 13.430017 0.000000  -0.195091 -0.980785 0.000000  0.000000 0.000000 1 0 1.000000
0  -3.365245 14.461910 -0.398517  0.103662 0.521146 -0.847149  0.000000 0.000000 1 0 1.000000
c_invasion_wrangler_laser
0  -2.436395 14.370426 -0.398517  0.579632 0.432997 -0.690319  0.000000 0.000000 1 0 1.000000
0  -3.365245 14.461910 -0.398517  0.103662 0.521146 -0.847149  0.000000 0.000000 1 0 1.000000
0  -3.365245 14.461910 0.000000  0.195093 0.980785 0.000000  0.000000 0.000000 1 0 1.000000
c_invasion_wrangler_laser
0  -3.570500 13.430017 0.000000  -0.195091 -0.980785 0.000000  0.000000 0.000000 1 0 1.000000
0  -4.661029 13.760826 0.000000  -0.382685 -0.923879 -0.000000  0.000000 0.000000 1 0 1.000000
0  -4.258405 14.732848 -0.398517  0.203341 0.490909 -0.847149  0.000000 0.000000 1 0 1.000000
c_invasion_wrangler_laser
0  -3.365245 14.461910 -0.398517  0.103662 0.521146 -0.847149  0.000000 0.000000 1 0 1.000000
0  -4.258405 14.732848 -0.398517  0.203341 0.490909 -0.847149  0.000000 0.000000 1 0 1.000000
0  -4.258405 14.732848 0.000000  0.382686 0.923878 0.000000  0.000000 0.000000 1 0 1.000000
c_invasion_wrangler_laser
0  -4.661029 13.760826 0.000000  -0.382685 -0.923879 -0.000000  0.000000 0.000000 1 0 1.000000
0  -5.666060 14.298028 0.000000  -0.555571 -0.831469 0.000000  0.000000 0.000000 1 0 1.000000
0  -5.081541 15.172824 -0.398517  0.295205 0.441807 -0.847149  0.000000 0.000000 1 0 1.000000
c_invasion_wrangler_laser
0  -4.258405 14.732848 -0.398517  0.203341 0.490909 -0.847149  0.000000 0.000000 1 0 1.000000
0  -5.081541 15.172824 -0.398517  0.295205 0.441807 -0.847149  0.000000 0.000000 1 0 1.000000
0  -5.081541 15.172824 0.000000  0.555572 0.831469 0.000000  0.000000 0.000000 1 0 1.000000
c_invasion_wrangler_laser
0  -5.666060 14.298028 0.000000  -0.555571 -0.831469 0.000000  0.000000 0.000000 1 0 1.000000
0  -6.546979 15.020977 0.000000  -0.707107 -0.707106 0.000000  0.000000 0.000000 1 0 1.000000
0  -5.803026 15.764930 -0.398517  0.375724 0.375725 -0.847149  0.000000 0.000000 1 0 1.000000
c_invasion_wrangler_laser
0  -5.081541 15.172824 -0.398517  0.295205 0.441807 -0.847149  0.000000 0.000000 1 0 1.000000
0  -5.803026 15.764930 -0.398517  0.375724 0.375725 -0.847149  0.000000 0.000000 1 0 1.000000
0  -5.803026 15.764930 0.000000  0.707108 0.707105 0.000000  0.000000 0.000000 1 0 1.000000
c_invasion_wrangler_laser
0  -6.546979 15.020977 0.000000  -0.707107 -0.707106 0.000000  0.000000 0.000000 1 0 1.000000
0  -7.269933 15.901899 0.000000  -0.831470 -0.555569 0.000000  0.000000 0.000000 1 0 1.000000
0  -6.395136 16.486420 -0.398517  0.441806 0.295206 -0.847148  0.000000 0.000000 1 0 1.000000
c_invasion_wrangler_laser
0  -5.803026 15.764930 -0.398517  0.375724 0.375725 -0.847149  0.000000 0.000000 1 0 1.000000
0  -6.395136 16.486420 -0.398517  0.441806 0.295206 -0.847148  0.000000 0.000000 1 0 1.000000
0  -6.395136 16.486420 0.000000  0.831471 0.555568 0.000000  0.000000 0.000000 1 0 1.000000
c_invasion_wrangler_laser
0  -7.269933 15.901899 0.000000  -0.831470 -0.555569 0.000000  0.000000 0.000000 1 0 1.000000
0  -7.807133 16.906931 0.000000  -0.923880 -0.382682 0.000000  0.000000 0.000000 1 0 1.000000
0  -6.835113 17.309555 -0.398517  0.490908 0.203342 -0.847149  0.000000 0.000000 1 0 1.000000
c_invasion_wrangler_laser
0  -6.395136 16.486420 -0.398517  0.441806 0.295206 -0.847148  0.000000 0.000000 1 0 1.000000
0  -6.835113 17.309555 -0.398517  0.490908 0.203342 -0.847149  0.000000 0.000000 1 0 1.000000
0  -6.835113 17.309555 0.000000  0.923880 0.382681 0.000000  0.000000 0.000000 1 0 1.000000
c_invasion_wrangler_laser
0  -7.807133 16.906931 0.000000  -0.923880 -0.382682 0.000000  0.000000 0.000000 1 0 1.000000
0  -8.137941 17.997459 0.000000  -0.985547 -0.169404 0.000000  0.000000 0.000000 1 0 1.000000
0  -7.106049 18.202715 -0.398517  0.521146 0.103663 -0.847148  0.000000 0.000000 1 0 1.000000
c_invasion_wrangler_laser
0  -6.835113 17.309555 -0.398517  0.490908 0.203342 -0.847149  0.000000 0.000000 1 0 1.000000
0  -7.106049 18.202715 -0.398517  0.521146 0.103663 -0.847148  0.000000 0.000000 1 0 1.000000
0  -7.106049 18.202715 0.000000  0.980786 0.195088 0.000000  0.000000 0.000000 1 0 1.000000
c_invasion_wrangler_laser
0  -7.106049 18.202715 -0.398517  0.521146 0.103663 -0.847148  0.000000 0.000000 1 0 1.000000
0  -7.197533 19.131565 -0.398517  0.522439 0.000002 -0.852677  0.000000 0.000000 1 0 1.000000
0  -7.197533 19.131565 0.000000  1.000000 -0.000002 0.000000  0.000000 0.000000 1 0 1.000000
c_invasion_wrangler_laser
0  -7.269933 15.901899 0.000000  -0.831470 -0.555569 0.000000  0.000000 0.000000 1 0 1.000000
0  -6.835113 17.309555 -0.398517  0.490908 0.203342 -0.847149  0.000000 0.000000 1 0 1.000000
0  -6.395136 16.486420 -0.398517  0.441806 0.295206 -0.847148  0.000000 0.000000 1 0 1.000000
c_invasion_wrangler_laser
0  -7.106049 18.202715 -0.398517  0.521146 0.103663 -0.847148  0.000000 0.000000 1 0 1.000000
0  -7.197533 19.131565 0.000000  1.000000 -0.000002 0.000000  0.000000 0.000000 1 0 1.000000
0  -7.106049 18.202715 0.000000  0.980786 0.195088 0.000000  0.000000 0.000000 1 0 1.000000
c_invasion_wrangler_laser
0  -7.807133 16.906931 0.000000  -0.923880 -0.382682 0.000000  0.000000 0.000000 1 0 1.000000
0  -7.106049 18.202715 -0.398517  0.521146 0.103663 -0.847148  0.000000 0.000000 1 0 1.000000
0  -6.835113 17.309555 -0.398517  0.490908 0.203342 -0.847149  0.000000 0.000000 1 0 1.000000
c_invasion_wrangler_laser
0  -2.436395 14.370426 -0.398517  0.579632 0.432997 -0.690319  0.000000 0.000000 1 0 1.000000
0  -3.365245 14.461910 0.000000  0.195093 0.980785 0.000000  0.000000 0.000000 1 0 1.000000
0  -2.436395 14.370426 0.000000  0.740951 0.671559 0.000000  0.000000 0.000000 1 0 1.000000
c_invasion_wrangler_laser
0  -6.395136 21.776711 -0.398517  0.682033 0.241368 -0.690342  0.000000 0.000000 1 0 1.000000
0  -7.269933 22.361233 0.000000  -0.431822 0.901959 0.000000  0.000000 0.000000 1 0 1.000000
0  -6.395136 21.776711 0.000000  0.970026 0.243000 0.000000  0.000000 0.000000 1 0 1.000000
c_invasion_wrangler_laser
0  -4.661029 13.760826 0.000000  -0.382685 -0.923879 -0.000000  0.000000 0.000000 1 0 1.000000
0  -5.081541 15.172824 -0.398517  0.295205 0.441807 -0.847149  0.000000 0.000000 1 0 1.000000
0  -4.258405 14.732848 -0.398517  0.203341 0.490909 -0.847148  0.000000 0.000000 1 0 1.000000
c_invasion_wrangler_laser
0  -6.395136 16.486420 -0.398517  0.441806 0.295206 -0.847148  0.000000 0.000000 1 0 1.000000
0  -6.835113 17.309555 0.000000  0.923880 0.382682 0.000000  0.000000 0.000000 1 0 1.000000
0  -6.395136 16.486420 0.000000  0.831471 0.555568 0.000000  0.000000 0.000000 1 0 1.000000
c_invasion_wrangler_laser
0  -5.666060 14.298028 0.000000  -0.555571 -0.831469 0.000000  0.000000 0.000000 1 0 1.000000
0  -5.803026 15.764930 -0.398517  0.375724 0.375725 -0.847149  0.000000 0.000000 1 0 1.000000
0  -5.081541 15.172824 -0.398517  0.295205 0.441807 -0.847149  0.000000 0.000000 1 0 1.000000
c_invasion_wrangler_laser
0  -7.197533 19.131565 -0.398517  0.522439 0.000002 -0.852677  0.000000 0.000000 1 0 1.000000
0  -8.137940 20.265675 0.000000  -0.985546 0.169405 0.000000  0.000000 0.000000 1 0 1.000000
0  -7.106049 20.060417 -0.398517  0.521169 -0.103665 -0.847134  0.000000 0.000000 1 0 1.000000
c_invasion_wrangler_laser
0  -8.137941 17.997459 0.000000  -0.985547 -0.169404 0.000000  0.000000 0.000000 1 0 1.000000
0  -7.197533 19.131565 -0.398517  0.522439 0.000002 -0.852677  0.000000 0.000000 1 0 1.000000
0  -7.106049 18.202715 -0.398517  0.521146 0.103663 -0.847148  0.000000 0.000000 1 0 1.000000
c_invasion_wrangler_laser
0  -7.807134 21.356197 0.000000  -0.923879 0.382684 0.000000  0.000000 0.000000 1 0 1.000000
0  -6.395136 21.776711 -0.398517  0.682033 0.241368 -0.690342  0.000000 0.000000 1 0 1.000000
0  -6.835113 20.953573 -0.398517  0.490909 -0.203341 -0.847149  0.000000 0.000000 1 0 1.000000
c_invasion_wrangler_laser
0  -3.570500 13.430017 0.000000  -0.195091 -0.980785 0.000000  0.000000 0.000000 1 0 1.000000
0  -4.258405 14.732848 -0.398517  0.203341 0.490909 -0.847148  0.000000 0.000000 1 0 1.000000
0  -3.365245 14.461910 -0.398517  0.103662 0.521146 -0.847149  0.000000 0.000000 1 0 1.000000
c_invasion_wrangler_laser
0  -4.258405 14.732848 -0.398517  0.203341 0.490909 -0.847148  0.000000 0.000000 1 0 1.000000
0  -5.081541 15.172824 0.000000  0.555572 0.831469 0.000000  0.000000 0.000000 1 0 1.000000
0  -4.258405 14.732848 0.000000  0.382686 0.923878 0.000000  0.000000 0.000000 1 0 1.000000
c_invasion_wrangler_laser
0  -7.197533 19.131565 -0.398517  0.522439 0.000002 -0.852677  0.000000 0.000000 1 0 1.000000
0  -8.137941 17.997459 0.000000  -0.985547 -0.169404 0.000000  0.000000 0.000000 1 0 1.000000
0  -8.137940 20.265675 0.000000  -0.985546 0.169405 0.000000  0.000000 0.000000 1 0 1.000000
gold_player
0  -3.812725 16.480772 0.000567  -1.000000 0.000000 0.000000  0.000000 0.000000 1 0 1.000000
0  -3.812725 19.937542 0.000567  -1.000000 0.000000 0.000000  0.000000 0.000000 1 0 1.000000
0  -3.812725 18.209158 -1.496259  -1.000000 0.000000 0.000000  0.000000 0.000000 1 0 1.000000
c_invasion_wrangler_laser
0  -2.102728 16.480772 -3.641458  0.000000 1.000000 0.000000  0.672371 0.193178 1 0 1.000000
0  -2.102728 19.937542 -3.641458  -0.000036 -1.000000 0.000021  0.511750 0.000000 1 0 1.000000
0  -0.806439 18.209158 -4.389869  -0.866026 0.000116 0.499999  0.672371 0.026095 1 0 1.000000
c_invasion_wrangler_laser
0  -8.137940 20.265675 0.000000  -0.985546 0.169405 0.000000  0.000000 0.000000 1 0 1.000000
0  -7.807134 21.356197 0.000000  -0.923879 0.382684 0.000000  0.000000 0.000000 1 0 1.000000
0  -6.835113 20.953573 -0.398517  0.490909 -0.203341 -0.847149  0.000000 0.000000 1 0 1.000000
c_invasion_wrangler_laser
0  -7.106049 20.060417 -0.398517  0.521169 -0.103665 -0.847134  0.000000 0.000000 1 0 1.000000
0  -6.835113 20.953573 -0.398517  0.490909 -0.203341 -0.847149  0.000000 0.000000 1 0 1.000000
0  -6.835113 20.953573 0.000000  0.923878 -0.382686 0.000000  0.000000 0.000000 1 0 1.000000
c_invasion_wrangler_laser
0  -7.807134 21.356197 0.000000  -0.923879 0.382684 0.000000  0.000000 0.000000 1 0 1.000000
0  -7.269933 22.361233 0.000000  -0.431822 0.901959 0.000000  0.000000 0.000000 1 0 1.000000
0  -6.395136 21.776711 -0.398517  0.682033 0.241368 -0.690342  0.000000 0.000000 1 0 1.000000
c_invasion_wrangler_laser
0  -6.835113 20.953573 -0.398517  0.490909 -0.203341 -0.847149  0.000000 0.000000 1 0 1.000000
0  -6.395136 21.776711 -0.398517  0.682033 0.241368 -0.690342  0.000000 0.000000 1 0 1.000000
0  -6.395136 21.776711 0.000000  0.970026 0.243000 0.000000  0.000000 0.000000 1 0 1.000000
c_invasion_wrangler_laser
0  -2.436395 13.318319 0.000000  0.510034 -0.860154 0.000000  0.000000 0.000000 1 0 1.000000
0  -3.570500 13.430017 0.000000  -0.195091 -0.980785 0.000000  0.000000 0.000000 1 0 1.000000
0  -3.365245 14.461910 -0.398517  0.103662 0.521146 -0.847149  0.000000 0.000000 1 0 1.000000
c_invasion_wrangler_laser
0  -2.436395 14.370426 -0.398517  0.579632 0.432997 -0.690319  0.000000 0.000000 1 0 1.000000
0  -3.365245 14.461910 -0.398517  0.103662 0.521146 -0.847149  0.000000 0.000000 1 0 1.000000
0  -3.365245 14.461910 0.000000  0.195093 0.980785 0.000000  0.000000 0.000000 1 0 1.000000
c_invasion_wrangler_laser
0  -3.570500 13.430017 0.000000  -0.195091 -0.980785 0.000000  0.000000 0.000000 1 0 1.000000
0  -4.661029 13.760826 0.000000  -0.382685 -0.923879 -0.000000  0.000000 0.000000 1 0 1.000000
0  -4.258405 14.732848 -0.398517  0.203341 0.490909 -0.847148  0.000000 0.000000 1 0 1.000000
c_invasion_wrangler_laser
0  -3.365245 14.461910 -0.398517  0.103662 0.521146 -0.847149  0.000000 0.000000 1 0 1.000000
0  -4.258405 14.732848 -0.398517  0.203341 0.490909 -0.847148  0.000000 0.000000 1 0 1.000000
0  -4.258405 14.732848 0.000000  0.382686 0.923878 0.000000  0.000000 0.000000 1 0 1.000000
c_invasion_wrangler_laser
0  -4.661029 13.760826 0.000000  -0.382685 -0.923879 -0.000000  0.000000 0.000000 1 0 1.000000
0  -5.666060 14.298028 0.000000  -0.555571 -0.831469 0.000000  0.000000 0.000000 1 0 1.000000
0  -5.081541 15.172824 -0.398517  0.295205 0.441807 -0.847149  0.000000 0.000000 1 0 1.000000
c_invasion_wrangler_laser
0  -4.258405 14.732848 -0.398517  0.203341 0.490909 -0.847148  0.000000 0.000000 1 0 1.000000
0  -5.081541 15.172824 -0.398517  0.295205 0.441807 -0.847149  0.000000 0.000000 1 0 1.000000
0  -5.081541 15.172824 0.000000  0.555572 0.831469 0.000000  0.000000 0.000000 1 0 1.000000
c_invasion_wrangler_laser
0  -5.666060 14.298028 0.000000  -0.555571 -0.831469 0.000000  0.000000 0.000000 1 0 1.000000
0  -6.546979 15.020977 0.000000  -0.707107 -0.707106 0.000000  0.000000 0.000000 1 0 1.000000
0  -5.803026 15.764930 -0.398517  0.375724 0.375725 -0.847149  0.000000 0.000000 1 0 1.000000
c_invasion_wrangler_laser
0  -5.081541 15.172824 -0.398517  0.295205 0.441807 -0.847149  0.000000 0.000000 1 0 1.000000
0  -5.803026 15.764930 -0.398517  0.375724 0.375725 -0.847149  0.000000 0.000000 1 0 1.000000
0  -5.803026 15.764930 0.000000  0.707108 0.707105 0.000000  0.000000 0.000000 1 0 1.000000
c_invasion_wrangler_laser
0  -6.546979 15.020977 0.000000  -0.707107 -0.707106 0.000000  0.000000 0.000000 1 0 1.000000
0  -7.269933 15.901899 0.000000  -0.831470 -0.555569 0.000000  0.000000 0.000000 1 0 1.000000
0  -6.395136 16.486420 -0.398517  0.441806 0.295206 -0.847148  0.000000 0.000000 1 0 1.000000
c_invasion_wrangler_laser
0  -5.803026 15.764930 -0.398517  0.375724 0.375725 -0.847149  0.000000 0.000000 1 0 1.000000
0  -6.395136 16.486420 -0.398517  0.441806 0.295206 -0.847148  0.000000 0.000000 1 0 1.000000
0  -6.395136 16.486420 0.000000  0.831471 0.555568 0.000000  0.000000 0.000000 1 0 1.000000
c_invasion_wrangler_laser
0  -7.269933 15.901899 0.000000  -0.831470 -0.555569 0.000000  0.000000 0.000000 1 0 1.000000
0  -7.807133 16.906931 0.000000  -0.923880 -0.382682 0.000000  0.000000 0.000000 1 0 1.000000
0  -6.835113 17.309555 -0.398517  0.490908 0.203342 -0.847149  0.000000 0.000000 1 0 1.000000
c_invasion_wrangler_laser
0  -6.395136 16.486420 -0.398517  0.441806 0.295206 -0.847148  0.000000 0.000000 1 0 1.000000
0  -6.835113 17.309555 -0.398517  0.490908 0.203342 -0.847149  0.000000 0.000000 1 0 1.000000
0  -6.835113 17.309555 0.000000  0.923880 0.382682 0.000000  0.000000 0.000000 1 0 1.000000
c_invasion_wrangler_laser
0  -7.807133 16.906931 0.000000  -0.923880 -0.382682 0.000000  0.000000 0.000000 1 0 1.000000
0  -8.137941 17.997459 0.000000  -0.985547 -0.169404 0.000000  0.000000 0.000000 1 0 1.000000
0  -7.106049 18.202715 -0.398517  0.521146 0.103663 -0.847148  0.000000 0.000000 1 0 1.000000
c_invasion_wrangler_laser
0  -6.835113 17.309555 -0.398517  0.490908 0.203342 -0.847149  0.000000 0.000000 1 0 1.000000
0  -7.106049 18.202715 -0.398517  0.521146 0.103663 -0.847148  0.000000 0.000000 1 0 1.000000
0  -7.106049 18.202715 0.000000  0.980786 0.195088 0.000000  0.000000 0.000000 1 0 1.000000
c_invasion_wrangler_laser
0  -7.106049 18.202715 -0.398517  0.521146 0.103663 -0.847148  0.000000 0.000000 1 0 1.000000
0  -7.197533 19.131565 -0.398517  0.522439 0.000002 -0.852677  0.000000 0.000000 1 0 1.000000
0  -7.197533 19.131565 0.000000  1.000000 -0.000002 0.000000  0.000000 0.000000 1 0 1.000000
c_invasion_wrangler_laser
0  -7.197533 19.131565 -0.398517  0.522439 0.000002 -0.852677  0.000000 0.000000 1 0 1.000000
0  -8.137940 20.265675 0.000000  -0.985546 0.169405 0.000000  0.000000 0.000000 1 0 1.000000
0  -7.106049 20.060417 -0.398517  0.521169 -0.103665 -0.847134  0.000000 0.000000 1 0 1.000000
c_invasion_wrangler_laser
0  -7.197533 19.131565 -0.398517  0.522439 0.000002 -0.852677  0.000000 0.000000 1 0 1.000000
0  -8.137941 17.997459 0.000000  -0.985547 -0.169404 0.000000  0.000000 0.000000 1 0 1.000000
0  -8.137940 20.265675 0.000000  -0.985546 0.169405 0.000000  0.000000 0.000000 1 0 1.000000
c_invasion_wrangler_laser
0  0.000000 15.020952 -6.546975  0.000000 -0.707107 -0.707107  0.000000 0.000000 1 0 1.000000
0  0.398516 16.486395 -6.395132  0.847148 0.295207 0.441807  0.000000 0.000000 1 0 1.000000
0  0.398516 15.764905 -5.803022  0.847149 0.375726 0.375725  0.000000 0.000000 1 0 1.000000
c_invasion_wrangler_laser
0  0.398516 14.370402 -2.436390  0.690319 0.432999 0.579631  0.000000 0.000000 1 0 1.000000
0  0.000000 14.370402 -2.436390  0.000000 0.671560 0.740950  0.000000 0.000000 1 0 1.000000
0  0.000000 13.318295 -2.436390  -0.000000 -0.860154 0.510034  0.000000 0.000000 1 0 1.000000
c_invasion_wrangler_laser
0  0.398516 17.309530 -6.835108  0.847149 0.203342 0.490908  0.000000 0.000000 1 0 1.000000
0  0.000000 18.202690 -7.106045  0.000000 0.195088 0.980786  0.000000 0.000000 1 0 1.000000
0  0.000000 17.309530 -6.835108  0.000000 0.382681 0.923880  0.000000 0.000000 1 0 1.000000
c_invasion_wrangler_laser
0  0.000000 13.318295 -2.436390  -0.000000 -0.860154 0.510034  0.000000 0.000000 1 0 1.000000
0  0.398516 14.461885 -3.365240  0.847149 0.521146 0.103662  0.000000 0.000000 1 0 1.000000
0  0.398516 14.370402 -2.436390  0.690319 0.432999 0.579631  0.000000 0.000000 1 0 1.000000
c_invasion_wrangler_laser
0  0.398516 20.060392 -7.106045  0.847134 -0.103665 0.521169  0.000000 0.000000 1 0 1.000000
0  0.000000 20.953548 -6.835109  0.000000 -0.382686 0.923878  0.000000 0.000000 1 0 1.000000
0  0.000000 20.060392 -7.106045  0.000000 -0.195093 0.980785  0.000000 0.000000 1 0 1.000000
c_invasion_wrangler_laser
0  0.398516 19.131540 -7.197529  0.852676 0.000002 0.522440  0.000000 0.000000 1 0 1.000000
0  0.000000 20.060392 -7.106045  0.000000 -0.195093 0.980785  0.000000 0.000000 1 0 1.000000
0  0.000000 19.131540 -7.197529  0.000000 -0.000002 1.000000  0.000000 0.000000 1 0 1.000000
c_invasion_wrangler_laser
0  0.398516 15.764905 -5.803022  0.847149 0.375726 0.375725  0.000000 0.000000 1 0 1.000000
0  0.000000 16.486395 -6.395132  0.000000 0.555569 0.831471  0.000000 0.000000 1 0 1.000000
0  0.000000 15.764905 -5.803022  0.000000 0.707105 0.707108  0.000000 0.000000 1 0 1.000000
c_invasion_wrangler_laser
0  0.398516 19.131540 -7.197529  0.852676 0.000002 0.522440  0.000000 0.000000 1 0 1.000000
0  0.398516 20.060392 -7.106045  0.847134 -0.103665 0.521169  0.000000 0.000000 1 0 1.000000
0  0.000000 20.060392 -7.106045  0.000000 -0.195093 0.980785  0.000000 0.000000 1 0 1.000000
c_invasion_wrangler_laser
0  0.398516 15.172799 -5.081537  0.847148 0.441808 0.295204  0.000000 0.000000 1 0 1.000000
0  0.000000 15.764905 -5.803022  0.000000 0.707105 0.707108  0.000000 0.000000 1 0 1.000000
0  0.000000 15.172799 -5.081537  0.000000 0.831469 0.555571  0.000000 0.000000 1 0 1.000000
c_invasion_wrangler_laser
0  0.000000 20.265650 -8.137937  0.000000 0.169405 -0.985547  0.000000 0.000000 1 0 1.000000
0  0.398516 20.953548 -6.835109  0.847148 -0.203340 0.490910  0.000000 0.000000 1 0 1.000000
0  0.398516 20.060392 -7.106045  0.847134 -0.103665 0.521169  0.000000 0.000000 1 0 1.000000
c_invasion_wrangler_laser
0  0.398516 20.953548 -6.835109  0.847148 -0.203340 0.490910  0.000000 0.000000 1 0 1.000000
0  0.000000 21.776686 -6.395132  0.000000 0.242999 0.970027  0.000000 0.000000 1 0 1.000000
0  0.000000 20.953548 -6.835109  0.000000 -0.382686 0.923878  0.000000 0.000000 1 0 1.000000
c_invasion_wrangler_laser
0  0.398516 14.461885 -3.365240  0.847149 0.521146 0.103662  0.000000 0.000000 1 0 1.000000
0  0.000000 14.732824 -4.258400  0.000000 0.923878 0.382687  0.000000 0.000000 1 0 1.000000
0  0.000000 14.461885 -3.365240  0.000000 0.980785 0.195093  0.000000 0.000000 1 0 1.000000
c_invasion_wrangler_laser
0  0.000000 15.901875 -7.269928  0.000000 -0.555569 -0.831470  0.000000 0.000000 1 0 1.000000
0  0.398516 17.309530 -6.835108  0.847149 0.203342 0.490908  0.000000 0.000000 1 0 1.000000
0  0.398516 16.486395 -6.395132  0.847148 0.295207 0.441807  0.000000 0.000000 1 0 1.000000
c_invasion_wrangler_laser
0  0.398516 18.202690 -7.106045  0.847148 0.103663 0.521147  0.000000 0.000000 1 0 1.000000
0  0.000000 19.131540 -7.197529  0.000000 -0.000002 1.000000  0.000000 0.000000 1 0 1.000000
0  0.000000 18.202690 -7.106045  0.000000 0.195088 0.980786  0.000000 0.000000 1 0 1.000000
c_invasion_wrangler_laser
0  0.000000 16.906906 -7.807128  0.000000 -0.382682 -0.923880  0.000000 0.000000 1 0 1.000000
0  0.398516 18.202690 -7.106045  0.847148 0.103663 0.521147  0.000000 0.000000 1 0 1.000000
0  0.398516 17.309530 -6.835108  0.847149 0.203342 0.490908  0.000000 0.000000 1 0 1.000000
c_invasion_wrangler_laser
0  0.398516 14.370402 -2.436390  0.690319 0.432999 0.579631  0.000000 0.000000 1 0 1.000000
0  0.000000 14.461885 -3.365240  0.000000 0.980785 0.195093  0.000000 0.000000 1 0 1.000000
0  0.000000 14.370402 -2.436390  0.000000 0.671560 0.740950  0.000000 0.000000 1 0 1.000000
c_invasion_wrangler_laser
0  0.398516 21.776686 -6.395132  0.690341 0.241368 0.682034  0.000000 0.000000 1 0 1.000000
0  0.000000 22.361208 -7.269929  0.000000 0.901958 -0.431825  0.000000 0.000000 1 0 1.000000
0  0.000000 21.776686 -6.395132  0.000000 0.242999 0.970027  0.000000 0.000000 1 0 1.000000
c_invasion_wrangler_laser
0  0.000000 13.760801 -4.661024  0.000000 -0.923879 -0.382685  0.000000 0.000000 1 0 1.000000
0  0.398516 15.172799 -5.081537  0.847148 0.441808 0.295204  0.000000 0.000000 1 0 1.000000
0  0.398516 14.732824 -4.258400  0.847148 0.490910 0.203341  0.000000 0.000000 1 0 1.000000
c_invasion_wrangler_laser
0  0.398516 16.486395 -6.395132  0.847148 0.295207 0.441807  0.000000 0.000000 1 0 1.000000
0  0.000000 17.309530 -6.835108  0.000000 0.382681 0.923880  0.000000 0.000000 1 0 1.000000
0  0.000000 16.486395 -6.395132  0.000000 0.555569 0.831471  0.000000 0.000000 1 0 1.000000
c_invasion_wrangler_laser
0  0.000000 14.298003 -5.666056  0.000000 -0.831469 -0.555571  0.000000 0.000000 1 0 1.000000
0  0.398516 15.764905 -5.803022  0.847149 0.375726 0.375725  0.000000 0.000000 1 0 1.000000
0  0.398516 15.172799 -5.081537  0.847148 0.441808 0.295204  0.000000 0.000000 1 0 1.000000
c_invasion_wrangler_laser
0  0.000000 17.997435 -8.137938  0.000000 -0.169403 -0.985547  0.000000 0.000000 1 0 1.000000
0  0.398516 19.131540 -7.197529  0.852676 0.000002 0.522440  0.000000 0.000000 1 0 1.000000
0  0.398516 18.202690 -7.106045  0.847148 0.103663 0.521147  0.000000 0.000000 1 0 1.000000
c_invasion_wrangler_laser
0  0.000000 21.356173 -7.807130  0.000000 0.382684 -0.923879  0.000000 0.000000 1 0 1.000000
0  0.398516 21.776686 -6.395132  0.690341 0.241368 0.682034  0.000000 0.000000 1 0 1.000000
0  0.398516 20.953548 -6.835109  0.847148 -0.203340 0.490910  0.000000 0.000000 1 0 1.000000
c_invasion_wrangler_laser
0  0.000000 13.429993 -3.570495  0.000000 -0.980785 -0.195090  0.000000 0.000000 1 0 1.000000
0  0.398516 14.732824 -4.258400  0.847148 0.490910 0.203341  0.000000 0.000000 1 0 1.000000
0  0.398516 14.461885 -3.365240  0.847149 0.521146 0.103662  0.000000 0.000000 1 0 1.000000
c_invasion_wrangler_laser
0  0.398516 14.732824 -4.258400  0.847148 0.490910 0.203341  0.000000 0.000000 1 0 1.000000
0  0.000000 15.172799 -5.081537  0.000000 0.831469 0.555571  0.000000 0.000000 1 0 1.000000
0  0.000000 14.732824 -4.258400  0.000000 0.923878 0.382687  0.000000 0.000000 1 0 1.000000
c_invasion_wrangler_laser
0  0.000000 20.265650 -8.137937  0.000000 0.169405 -0.985547  0.000000 0.000000 1 0 1.000000
0  0.000000 21.356173 -7.807130  0.000000 0.382684 -0.923879  0.000000 0.000000 1 0 1.000000
0  0.398516 20.953548 -6.835109  0.847148 -0.203340 0.490910  0.000000 0.000000 1 0 1.000000
c_invasion_wrangler_laser
0  0.398516 20.060392 -7.106045  0.847134 -0.103665 0.521169  0.000000 0.000000 1 0 1.000000
0  0.398516 20.953548 -6.835109  0.847148 -0.203340 0.490910  0.000000 0.000000 1 0 1.000000
0  0.000000 20.953548 -6.835109  0.000000 -0.382686 0.923878  0.000000 0.000000 1 0 1.000000
c_invasion_wrangler_laser
0  0.000000 21.356173 -7.807130  0.000000 0.382684 -0.923879  0.000000 0.000000 1 0 1.000000
0  0.000000 22.361208 -7.269929  0.000000 0.901958 -0.431825  0.000000 0.000000 1 0 1.000000
0  0.398516 21.776686 -6.395132  0.690341 0.241368 0.682034  0.000000 0.000000 1 0 1.000000
c_invasion_wrangler_laser
0  0.398516 20.953548 -6.835109  0.847148 -0.203340 0.490910  0.000000 0.000000 1 0 1.000000
0  0.398516 21.776686 -6.395132  0.690341 0.241368 0.682034  0.000000 0.000000 1 0 1.000000
0  0.000000 21.776686 -6.395132  0.000000 0.242999 0.970027  0.000000 0.000000 1 0 1.000000
c_invasion_wrangler_laser
0  0.000000 13.318295 -2.436390  -0.000000 -0.860154 0.510034  0.000000 0.000000 1 0 1.000000
0  0.000000 13.429993 -3.570495  0.000000 -0.980785 -0.195090  0.000000 0.000000 1 0 1.000000
0  0.398516 14.461885 -3.365240  0.847149 0.521146 0.103662  0.000000 0.000000 1 0 1.000000
c_invasion_wrangler_laser
0  0.398516 14.370402 -2.436390  0.690319 0.432999 0.579631  0.000000 0.000000 1 0 1.000000
0  0.398516 14.461885 -3.365240  0.847149 0.521146 0.103662  0.000000 0.000000 1 0 1.000000
0  0.000000 14.461885 -3.365240  0.000000 0.980785 0.195093  0.000000 0.000000 1 0 1.000000
c_invasion_wrangler_laser
0  0.000000 13.429993 -3.570495  0.000000 -0.980785 -0.195090  0.000000 0.000000 1 0 1.000000
0  0.000000 13.760801 -4.661024  0.000000 -0.923879 -0.382685  0.000000 0.000000 1 0 1.000000
0  0.398516 14.732824 -4.258400  0.847148 0.490910 0.203341  0.000000 0.000000 1 0 1.000000
c_invasion_wrangler_laser
0  0.398516 14.461885 -3.365240  0.847149 0.521146 0.103662  0.000000 0.000000 1 0 1.000000
0  0.398516 14.732824 -4.258400  0.847148 0.490910 0.203341  0.000000 0.000000 1 0 1.000000
0  0.000000 14.732824 -4.258400  0.000000 0.923878 0.382687  0.000000 0.000000 1 0 1.000000
c_invasion_wrangler_laser
0  0.000000 13.760801 -4.661024  0.000000 -0.923879 -0.382685  0.000000 0.000000 1 0 1.000000
0  0.000000 14.298003 -5.666056  0.000000 -0.831469 -0.555571  0.000000 0.000000 1 0 1.000000
0  0.398516 15.172799 -5.081537  0.847148 0.441808 0.295204  0.000000 0.000000 1 0 1.000000
c_invasion_wrangler_laser
0  0.398516 14.732824 -4.258400  0.847148 0.490910 0.203341  0.000000 0.000000 1 0 1.000000
0  0.398516 15.172799 -5.081537  0.847148 0.441808 0.295204  0.000000 0.000000 1 0 1.000000
0  0.000000 15.172799 -5.081537  0.000000 0.831469 0.555571  0.000000 0.000000 1 0 1.000000
c_invasion_wrangler_laser
0  0.000000 14.298003 -5.666056  0.000000 -0.831469 -0.555571  0.000000 0.000000 1 0 1.000000
0  0.000000 15.020952 -6.546975  0.000000 -0.707107 -0.707107  0.000000 0.000000 1 0 1.000000
0  0.398516 15.764905 -5.803022  0.847149 0.375726 0.375725  0.000000 0.000000 1 0 1.000000
c_invasion_wrangler_laser
0  0.398516 15.172799 -5.081537  0.847148 0.441808 0.295204  0.000000 0.000000 1 0 1.000000
0  0.398516 15.764905 -5.803022  0.847149 0.375726 0.375725  0.000000 0.000000 1 0 1.000000
0  0.000000 15.764905 -5.803022  0.000000 0.707105 0.707108  0.000000 0.000000 1 0 1.000000
c_invasion_wrangler_laser
0  0.000000 15.020952 -6.546975  0.000000 -0.707107 -0.707107  0.000000 0.000000 1 0 1.000000
0  0.000000 15.901875 -7.269928  0.000000 -0.555569 -0.831470  0.000000 0.000000 1 0 1.000000
0  0.398516 16.486395 -6.395132  0.847148 0.295207 0.441807  0.000000 0.000000 1 0 1.000000
c_invasion_wrangler_laser
0  0.398516 15.764905 -5.803022  0.847149 0.375726 0.375725  0.000000 0.000000 1 0 1.000000
0  0.398516 16.486395 -6.395132  0.847148 0.295207 0.441807  0.000000 0.000000 1 0 1.000000
0  0.000000 16.486395 -6.395132  0.000000 0.555569 0.831471  0.000000 0.000000 1 0 1.000000
c_invasion_wrangler_laser
0  0.000000 15.901875 -7.269928  0.000000 -0.555569 -0.831470  0.000000 0.000000 1 0 1.000000
0  0.000000 16.906906 -7.807128  0.000000 -0.382682 -0.923880  0.000000 0.000000 1 0 1.000000
0  0.398516 17.309530 -6.835108  0.847149 0.203342 0.490908  0.000000 0.000000 1 0 1.000000
c_invasion_wrangler_laser
0  0.398516 16.486395 -6.395132  0.847148 0.295207 0.441807  0.000000 0.000000 1 0 1.000000
0  0.398516 17.309530 -6.835108  0.847149 0.203342 0.490908  0.000000 0.000000 1 0 1.000000
0  0.000000 17.309530 -6.835108  0.000000 0.382681 0.923880  0.000000 0.000000 1 0 1.000000
c_invasion_wrangler_laser
0  0.000000 16.906906 -7.807128  0.000000 -0.382682 -0.923880  0.000000 0.000000 1 0 1.000000
0  0.000000 17.997435 -8.137938  0.000000 -0.169403 -0.985547  0.000000 0.000000 1 0 1.000000
0  0.398516 18.202690 -7.106045  0.847148 0.103663 0.521147  0.000000 0.000000 1 0 1.000000
c_invasion_wrangler_laser
0  0.398516 17.309530 -6.835108  0.847149 0.203342 0.490908  0.000000 0.000000 1 0 1.000000
0  0.398516 18.202690 -7.106045  0.847148 0.103663 0.521147  0.000000 0.000000 1 0 1.000000
0  0.000000 18.202690 -7.106045  0.000000 0.195088 0.980786  0.000000 0.000000 1 0 1.000000
c_invasion_wrangler_laser
0  0.398516 18.202690 -7.106045  0.847148 0.103663 0.521147  0.000000 0.000000 1 0 1.000000
0  0.398516 19.131540 -7.197529  0.852676 0.000002 0.522440  0.000000 0.000000 1 0 1.000000
0  0.000000 19.131540 -7.197529  0.000000 -0.000002 1.000000  0.000000 0.000000 1 0 1.000000
c_invasion_wrangler_laser
0  0.398516 19.131540 -7.197529  0.852676 0.000002 0.522440  0.000000 0.000000 1 0 1.000000
0  0.000000 20.265650 -8.137937  0.000000 0.169405 -0.985547  0.000000 0.000000 1 0 1.000000
0  0.398516 20.060392 -7.106045  0.847134 -0.103665 0.521169  0.000000 0.000000 1 0 1.000000
c_invasion_wrangler_laser
0  0.398516 19.131540 -7.197529  0.852676 0.000002 0.522440  0.000000 0.000000 1 0 1.000000
0  0.000000 17.997435 -8.137938  0.000000 -0.169403 -0.985547  0.000000 0.000000 1 0 1.000000
0  0.000000 20.265650 -8.137937  0.000000 0.169405 -0.985547  0.000000 0.000000 1 0 1.000000
gold_player
0  -3.704999 15.739157 0.000567  -0.496224 -0.458064 -0.737523  0.000000 0.000000 1 0 1.000000
0  -1.852500 15.504158 -1.068973  -0.151213 -0.986836 -0.057356  0.000000 0.000000 1 0 1.000000
0  -1.852501 15.504158 0.000000  0.350129 -0.936701 -0.000135  0.000000 0.000000 1 0 1.000000
c_invasion_wrangler_laser
0  -3.907722 16.480772 0.000567  -1.000000 0.000000 0.000000  0.298370 0.539680 1 0 1.000000
0  -3.907722 19.937542 0.000567  -1.000000 0.000000 0.000000  0.298370 0.539680 1 0 1.000000
0  -3.907722 18.209158 -1.496259  -1.000000 0.000000 0.000000  0.298370 0.539680 1 0 1.000000
painted_wood_01
0  -4.204999 18.209158 -1.496259  -0.887300 0.000000 0.461193  0.298137 0.539763 1 0 1.000000
0  -3.907722 16.480772 0.000567  0.000000 0.654653 0.755929  0.298137 0.539763 1 0 1.000000
0  -3.907722 18.209158 -1.496259  0.000000 -0.000002 1.000000  0.298137 0.539763 1 0 1.000000
painted_wood_01
0  -4.204999 19.937542 0.000567  -0.839593 -0.355619 0.410633  0.298137 0.539763 1 0 1.000000
0  -3.907722 18.209158 -1.496259  0.000000 -0.000002 1.000000  0.298137 0.539763 1 0 1.000000
0  -3.907722 19.937542 0.000567  0.000000 -0.654654 0.755929  0.298137 0.539763 1 0 1.000000
painted_wood_01
0  -3.907722 18.209158 -1.496259  0.000000 0.000006 1.000000  0.298137 0.539763 1 0 1.000000
0  -3.812725 16.480772 0.000567  -1.000000 -0.000000 -0.000000  0.298137 0.539763 1 0 1.000000
0  -3.812725 18.209158 -1.496259  -1.000000 -0.000048 0.000034  0.298137 0.539763 1 0 1.000000
painted_wood_01
0  -3.907722 19.937542 0.000567  0.000000 -0.654653 0.755929  0.298137 0.539763 1 0 1.000000
0  -3.812725 18.209158 -1.496259  -1.000000 -0.000048 0.000034  0.298137 0.539763 1 0 1.000000
0  -3.812725 19.937542 0.000567  -1.000000 0.000000 -0.000000  0.298137 0.539763 1 0 1.000000
gold_player
0  -1.856717 20.920296 0.000000  0.351647 0.936124 -0.004016  0.000000 0.000000 1 0 1.000000
0  -1.852500 20.914156 -1.068972  -0.130661 0.988813 -0.071944  0.000000 0.000000 1 0 1.000000
0  -3.704999 20.679157 0.000569  -0.496279 0.457510 -0.737829  0.000000 0.000000 1 0 1.000000
gold_player
0  0.000000 20.914156 -2.138515  0.568900 0.812856 -0.124970  0.000000 0.000000 1 0 1.000000
0  -1.852499 20.679157 -3.208056  -0.475116 0.294414 -0.829207  0.000000 0.000000 1 0 1.000000
0  -1.852500 20.914156 -1.068972  -0.130647 0.988815 -0.071949  0.000000 0.000000 1 0 1.000000
painted_wood_01
0  -2.102728 19.937542 -3.641458  0.000006 -1.000000 -0.000112  0.298137 0.539763 1 0 1.000000
0  -3.704999 18.209158 -2.138515  -0.509856 -0.000046 -0.860260  0.298137 0.539763 1 0 1.000000
0  -1.852499 20.679157 -3.208056  -0.475064 0.294127 -0.829339  0.298137 0.539763 1 0 1.000000
painted_wood_01
0  0.000000 18.209158 -4.277596  -0.500091 -0.000192 -0.865973  0.298137 0.539763 1 0 1.000000
0  -2.102728 19.937542 -3.641458  -0.000134 -1.000000 -0.000051  0.298137 0.539763 1 0 1.000000
0  -1.852499 20.679157 -3.208056  -0.475293 0.294161 -0.829196  0.298137 0.539763 1 0 1.000000
painted_wood_01
0  0.555794 6.231001 1.341806  0.351906 0.581960 0.733133  0.298137 0.539763 1 0 1.000000
0  0.228256 6.625002 1.147519  0.213598 0.155122 0.964527  0.298137 0.539763 1 0 1.000000
0  0.000000 6.625002 1.170000  0.000017 -0.010996 0.999940  0.298137 0.539763 1 0 1.000000
painted_wood_01
0  1.852499 15.739157 3.208056  0.497156 0.003929 0.867652  0.298137 0.539763 1 0 1.000000
0  2.102728 16.480772 3.641458  -0.000040 1.000000 0.000027  0.298137 0.539763 1 0 1.000000
0  0.806439 18.209158 4.389869  0.866043 0.000136 -0.499970  0.298137 0.539763 1 0 1.000000
painted_wood_01
0  0.000000 3.625002 1.170000  0.000027 0.010995 0.999940  0.298137 0.539763 1 0 1.000000
0  0.228256 3.625002 1.147519  0.213599 -0.155123 0.964527  0.298137 0.539763 1 0 1.000000
0  0.555794 4.019003 1.341806  0.351930 -0.581914 0.733159  0.298137 0.539763 1 0 1.000000
painted_wood_01
0  0.555794 4.019003 1.341806  0.351930 -0.581914 0.733159  0.298137 0.539763 1 0 1.000000
0  0.555794 6.231001 1.341806  0.351906 0.581960 0.733133  0.298137 0.539763 1 0 1.000000
0  0.000000 6.231001 1.341806  -0.000001 0.220486 0.975390  0.298137 0.539763 1 0 1.000000
painted_wood_01
0  3.704999 18.209158 2.138515  0.509958 0.000031 0.860199  0.298137 0.539763 1 0 1.000000
0  3.399020 18.209158 2.893043  -0.866029 0.000068 0.499994  0.298137 0.539763 1 0 1.000000
0  2.102728 16.480772 3.641458  -0.000004 1.000000 0.000110  0.298137 0.539763 1 0 1.000000
c_invasion_wrangler_laser
0  2.102728 16.480772 3.641458  -0.000037 1.000000 0.000021  0.672371 0.193178 1 0 1.000000
0  3.399020 18.209158 2.893043  -0.866025 -0.000116 0.500000  0.511750 0.167083 1 0 1.000000
0  2.102728 19.937542 3.641458  0.000000 -1.000000 0.000000  0.511750 0.000000 1 0 1.000000
painted_wood_01
0  4.204999 18.209158 1.496259  0.887300 0.000000 -0.461193  0.298137 0.539763 1 0 1.000000
0  4.204999 16.480772 -0.000567  0.839591 0.355620 -0.410635  0.298137 0.539763 1 0 1.000000
0  3.907722 16.480772 -0.000567  0.000000 0.654653 -0.755929  0.298137 0.539763 1 0 1.000000
painted_wood_01
0  4.204999 19.937542 -0.000567  0.839593 -0.355619 -0.410633  0.298137 0.539763 1 0 1.000000
0  4.204999 18.209158 1.496259  0.887300 0.000000 -0.461193  0.298137 0.539763 1 0 1.000000
0  3.907722 18.209158 1.496259  0.000000 -0.000002 -1.000000  0.298137 0.539763 1 0 1.000000
painted_wood_01
0  3.907722 18.209158 1.496259  0.000000 0.000006 -1.000000  0.298137 0.539763 1 0 1.000000
0  3.907722 16.480772 -0.000567  0.000000 0.654653 -0.755929  0.298137 0.539763 1 0 1.000000
0  3.812725 16.480772 -0.000567  1.000000 -0.000000 0.000000  0.298137 0.539763 1 0 1.000000
painted_wood_01
0  3.907722 19.937542 -0.000567  0.000000 -0.654653 -0.755929  0.298137 0.539763 1 0 1.000000
0  3.907722 18.209158 1.496259  0.000000 0.000006 -1.000000  0.298137 0.539763 1 0 1.000000
0  3.812725 18.209158 1.496259  1.000000 -0.000048 -0.000034  0.298137 0.539763 1 0 1.000000
painted_wood_01
0  2.102728 19.937542 3.641458  0.000043 -1.000000 -0.000003  0.298137 0.539763 1 0 1.000000
0  3.399020 18.209158 2.893043  -0.866025 -0.000076 0.500000  0.298137 0.539763 1 0 1.000000
0  3.704999 18.209158 2.138515  0.509976 -0.000054 0.860188  0.298137 0.539763 1 0 1.000000
painted_wood_01
0  0.000000 18.209158 4.277596  0.500049 -0.000102 0.865997  0.298137 0.539763 1 0 1.000000
0  0.806439 18.209158 4.389869  0.866019 -0.000066 -0.500011  0.298137 0.539763 1 0 1.000000
0  2.102728 19.937542 3.641458  0.000095 -1.000000 0.000046  0.298137 0.539763 1 0 1.000000
painted_wood_01
0  -0.555794 6.231001 1.341806  -0.351936 0.581948 0.733128  0.298137 0.539763 1 0 1.000000
0  0.000000 6.231001 1.341806  -0.000001 0.220486 0.975390  0.298137 0.539763 1 0 1.000000
0  0.000000 6.625002 1.170000  0.000017 -0.010996 0.999940  0.298137 0.539763 1 0 1.000000
painted_wood_01
0  -1.852499 15.739157 3.208056  -0.497221 0.003919 0.867615  0.298137 0.539763 1 0 1.000000
0  0.000000 18.209158 4.277596  -0.500072 0.000145 0.865984  0.298137 0.539763 1 0 1.000000
0  -0.806439 18.209158 4.389869  -0.866026 0.000087 -0.500000  0.298137 0.539763 1 0 1.000000
painted_wood_01
0  0.000000 3.625002 1.170000  0.000027 0.010995 0.999940  0.298137 0.539763 1 0 1.000000
0  0.000000 4.019003 1.341806  0.000000 -0.220474 0.975393  0.298137 0.539763 1 0 1.000000
0  -0.555794 4.019003 1.341806  -0.351932 -0.581913 0.733158  0.298137 0.539763 1 0 1.000000
painted_wood_01
0  -0.555794 4.019003 1.341806  -0.351932 -0.581913 0.733158  0.298137 0.539763 1 0 1.000000
0  0.000000 4.019003 1.341806  0.000000 -0.220474 0.975393  0.298137 0.539763 1 0 1.000000
0  0.000000 6.231001 1.341806  -0.000001 0.220486 0.975390  0.298137 0.539763 1 0 1.000000
painted_wood_01
0  -3.704999 18.209158 2.138515  -0.509886 0.000014 0.860242  0.298137 0.539763 1 0 1.000000
0  -1.852499 15.739157 3.208056  -0.497012 0.003945 0.867734  0.298137 0.539763 1 0 1.000000
0  -2.102728 16.480772 3.641458  0.000007 1.000000 0.000112  0.298137 0.539763 1 0 1.000000
c_invasion_wrangler_laser
0  -2.102728 16.480772 3.641458  -0.000037 1.000000 -0.000021  0.672371 0.193178 1 0 1.000000
0  -0.806439 18.209158 4.389869  -0.866026 -0.000012 -0.499999  0.672371 0.026095 1 0 1.000000
0  -2.102728 19.937542 3.641458  0.000000 -1.000000 -0.000000  0.511750 0.000000 1 0 1.000000
painted_wood_01
0  -4.204999 18.209158 1.496259  -0.887300 0.000000 -0.461193  0.298137 0.539763 1 0 1.000000
0  -3.907722 18.209158 1.496259  0.000000 -0.000002 -1.000000  0.298137 0.539763 1 0 1.000000
0  -3.907722 16.480772 -0.000567  0.000000 0.654653 -0.755929  0.298137 0.539763 1 0 1.000000
painted_wood_01
0  -4.204999 19.937542 -0.000567  -0.839593 -0.355619 -0.410633  0.298137 0.539763 1 0 1.000000
0  -3.907722 19.937542 -0.000567  0.000000 -0.654654 -0.755929  0.298137 0.539763 1 0 1.000000
0  -3.907722 18.209158 1.496259  0.000000 -0.000002 -1.000000  0.298137 0.539763 1 0 1.000000
painted_wood_01
0  -3.907722 18.209158 1.496259  0.000000 0.000006 -1.000000  0.298137 0.539763 1 0 1.000000
0  -3.812725 18.209158 1.496259  -1.000000 -0.000048 -0.000034  0.298137 0.539763 1 0 1.000000
0  -3.812725 16.480772 -0.000567  -1.000000 -0.000000 0.000000  0.298137 0.539763 1 0 1.000000
painted_wood_01
0  -3.907722 19.937542 -0.000567  0.000000 -0.654653 -0.755929  0.298137 0.539763 1 0 1.000000
0  -3.812725 19.937542 -0.000567  -1.000000 0.000000 0.000000  0.298137 0.539763 1 0 1.000000
0  -3.812725 18.209158 1.496259  -1.000000 -0.000048 -0.000034  0.298137 0.539763 1 0 1.000000
painted_wood_01
0  -2.102728 19.937542 3.641458  -0.000024 -1.000000 0.000039  0.298137 0.539763 1 0 1.000000
0  -1.852499 20.679157 3.208056  -0.475091 0.294161 0.829312  0.298137 0.539763 1 0 1.000000
0  -3.704999 18.209158 2.138515  -0.509905 -0.000038 0.860231  0.298137 0.539763 1 0 1.000000
painted_wood_01
0  0.000000 18.209158 4.277596  -0.500078 -0.000136 0.865980  0.298137 0.539763 1 0 1.000000
0  -1.852499 20.679157 3.208056  -0.475248 0.294165 0.829220  0.298137 0.539763 1 0 1.000000
0  -2.102728 19.937542 3.641458  -0.000099 -1.000000 0.000046  0.298137 0.539763 1 0 1.000000
painted_wood_01
0  0.555794 6.231001 -1.341806  0.351936 0.581948 -0.733128  0.298137 0.539763 1 0 1.000000
0  0.000000 6.231001 -1.341806  -0.000001 0.220486 -0.975390  0.298137 0.539763 1 0 1.000000
0  0.000000 6.625002 -1.170000  0.000027 -0.010996 -0.999940  0.298137 0.539763 1 0 1.000000
painted_wood_01
0  1.852499 15.739157 -3.208056  0.497221 0.003919 -0.867615  0.298137 0.539763 1 0 1.000000
0  0.000000 18.209158 -4.277596  0.500072 0.000145 -0.865984  0.298137 0.539763 1 0 1.000000
0  0.806439 18.209158 -4.389869  0.866026 0.000087 0.500000  0.298137 0.539763 1 0 1.000000
painted_wood_01
0  0.000000 3.625002 -1.170000  0.000017 0.010995 -0.999940  0.298137 0.539763 1 0 1.000000
0  0.000000 4.019003 -1.341806  0.000000 -0.220474 -0.975393  0.298137 0.539763 1 0 1.000000
0  0.555794 4.019003 -1.341806  0.351932 -0.581913 -0.733158  0.298137 0.539763 1 0 1.000000
painted_wood_01
0  0.555794 4.019003 -1.341806  0.351932 -0.581913 -0.733158  0.298137 0.539763 1 0 1.000000
0  0.000000 4.019003 -1.341806  0.000000 -0.220474 -0.975393  0.298137 0.539763 1 0 1.000000
0  0.000000 6.231001 -1.341806  -0.000001 0.220486 -0.975390  0.298137 0.539763 1 0 1.000000
painted_wood_01
0  3.704999 18.209158 -2.138515  0.509886 0.000014 -0.860242  0.298137 0.539763 1 0 1.000000
0  1.852499 15.739157 -3.208056  0.497012 0.003945 -0.867734  0.298137 0.539763 1 0 1.000000
0  2.102728 16.480772 -3.641458  -0.000007 1.000000 -0.000112  0.298137 0.539763 1 0 1.000000
c_invasion_wrangler_laser
0  2.102728 16.480772 -3.641458  0.000037 1.000000 0.000021  0.672371 0.193178 1 0 1.000000
0  0.806439 18.209158 -4.389869  0.866026 -0.000012 0.499999  0.672371 0.026095 1 0 1.000000
0  2.102728 19.937542 -3.641458  -0.000000 -1.000000 0.000000  0.511750 0.000000 1 0 1.000000
painted_wood_01
0  4.204999 18.209158 -1.496259  0.887300 0.000000 0.461193  0.298137 0.539763 1 0 1.000000
0  3.907722 18.209158 -1.496259  0.000000 -0.000002 1.000000  0.298137 0.539763 1 0 1.000000
0  3.907722 16.480772 0.000567  0.000000 0.654653 0.755929  0.298137 0.539763 1 0 1.000000
painted_wood_01
0  4.204999 19.937542 0.000567  0.839593 -0.355619 0.410633  0.298137 0.539763 1 0 1.000000
0  3.907722 19.937542 0.000567  0.000000 -0.654654 0.755929  0.298137 0.539763 1 0 1.000000
0  3.907722 18.209158 -1.496259  0.000000 -0.000002 1.000000  0.298137 0.539763 1 0 1.000000
painted_wood_01
0  3.907722 18.209158 -1.496259  0.000000 0.000006 1.000000  0.298137 0.539763 1 0 1.000000
0  3.812725 18.209158 -1.496259  1.000000 -0.000048 0.000034  0.298137 0.539763 1 0 1.000000
0  3.812725 16.480772 0.000567  1.000000 -0.000000 -0.000000  0.298137 0.539763 1 0 1.000000
painted_wood_01
0  3.907722 19.937542 0.000567  0.000000 -0.654653 0.755929  0.298137 0.539763 1 0 1.000000
0  3.812725 19.937542 0.000567  1.000000 0.000000 -0.000000  0.298137 0.539763 1 0 1.000000
0  3.812725 18.209158 -1.496259  1.000000 -0.000048 0.000034  0.298137 0.539763 1 0 1.000000
painted_wood_01
0  2.102728 19.937542 -3.641458  0.000024 -1.000000 -0.000039  0.298137 0.539763 1 0 1.000000
0  1.852499 20.679157 -3.208056  0.475091 0.294161 -0.829312  0.298137 0.539763 1 0 1.000000
0  3.704999 18.209158 -2.138515  0.509905 -0.000038 -0.860231  0.298137 0.539763 1 0 1.000000
painted_wood_01
0  0.000000 18.209158 -4.277596  0.500078 -0.000136 -0.865980  0.298137 0.539763 1 0 1.000000
0  1.852499 20.679157 -3.208056  0.475248 0.294165 -0.829220  0.298137 0.539763 1 0 1.000000
0  2.102728 19.937542 -3.641458  0.000099 -1.000000 -0.000046  0.298137 0.539763 1 0 1.000000
painted_wood_01
0  -0.555794 6.231001 -1.341806  -0.351939 0.581947 -0.733128  0.298137 0.539763 1 0 1.000000
0  -0.228256 6.625002 -1.147519  -0.213546 0.155206 -0.964525  0.298137 0.539763 1 0 1.000000
0  0.000000 6.625002 -1.170000  0.000027 -0.010996 -0.999940  0.298137 0.539763 1 0 1.000000
painted_wood_01
0  -1.852499 15.739157 -3.208056  -0.497218 0.003992 -0.867616  0.298137 0.539763 1 0 1.000000
0  -2.102728 16.480772 -3.641458  -0.000068 1.000000 -0.000042  0.298137 0.539763 1 0 1.000000
0  -0.806439 18.209158 -4.389869  -0.866043 0.000136 0.499970  0.298137 0.539763 1 0 1.000000
painted_wood_01
0  0.000000 3.625002 -1.170000  0.000017 0.010995 -0.999940  0.298137 0.539763 1 0 1.000000
0  -0.228256 3.625002 -1.147519  -0.213547 -0.155207 -0.964525  0.298137 0.539763 1 0 1.000000
0  -0.555794 4.019003 -1.341806  -0.351962 -0.581901 -0.733154  0.298137 0.539763 1 0 1.000000
painted_wood_01
0  -0.555794 4.019003 -1.341806  -0.351962 -0.581901 -0.733154  0.298137 0.539763 1 0 1.000000
0  -0.555794 6.231001 -1.341806  -0.351939 0.581947 -0.733128  0.298137 0.539763 1 0 1.000000
0  0.000000 6.231001 -1.341806  -0.000001 0.220486 -0.975390  0.298137 0.539763 1 0 1.000000
painted_wood_01
0  -3.704999 18.209158 -2.138515  -0.509896 0.000095 -0.860236  0.298137 0.539763 1 0 1.000000
0  -3.399020 18.209158 -2.893043  0.866029 0.000068 -0.499994  0.298137 0.539763 1 0 1.000000
0  -2.102728 16.480772 -3.641458  0.000065 1.000000 -0.000261  0.298137 0.539763 1 0 1.000000
c_invasion_wrangler_laser
0  -2.102728 16.480772 -3.641458  0.000037 1.000000 -0.000021  0.672371 0.193178 1 0 1.000000
0  -3.399020 18.209158 -2.893043  0.866025 -0.000116 -0.500000  0.511750 0.167083 1 0 1.000000
0  -2.102728 19.937542 -3.641458  -0.000000 -1.000000 -0.000000  0.511750 0.000000 1 0 1.000000
painted_wood_01
0  -4.204999 18.209158 -1.496259  -0.887300 0.000000 0.461193  0.298137 0.539763 1 0 1.000000
0  -4.204999 16.480772 0.000567  -0.839591 0.355620 0.410635  0.298137 0.539763 1 0 1.000000
0  -3.907722 16.480772 0.000567  0.000000 0.654653 0.755929  0.298137 0.539763 1 0 1.000000
painted_wood_01
0  -4.204999 19.937542 0.000567  -0.839593 -0.355619 0.410633  0.298137 0.539763 1 0 1.000000
0  -4.204999 18.209158 -1.496259  -0.887300 0.000000 0.461193  0.298137 0.539763 1 0 1.000000
0  -3.907722 18.209158 -1.496259  0.000000 -0.000002 1.000000  0.298137 0.539763 1 0 1.000000
painted_wood_01
0  -3.907722 18.209158 -1.496259  0.000000 0.000006 1.000000  0.298137 0.539763 1 0 1.000000
0  -3.907722 16.480772 0.000567  0.000000 0.654653 0.755929  0.298137 0.539763 1 0 1.000000
0  -3.812725 16.480772 0.000567  -1.000000 -0.000000 -0.000000  0.298137 0.539763 1 0 1.000000
painted_wood_01
0  -3.907722 19.937542 0.000567  0.000000 -0.654653 0.755929  0.298137 0.539763 1 0 1.000000
0  -3.907722 18.209158 -1.496259  0.000000 0.000006 1.000000  0.298137 0.539763 1 0 1.000000
0  -3.812725 18.209158 -1.496259  -1.000000 -0.000048 0.000034  0.298137 0.539763 1 0 1.000000
painted_wood_01
0  -2.102728 19.937542 -3.641458  0.000018 -1.000000 -0.000147  0.298137 0.539763 1 0 1.000000
0  -3.399020 18.209158 -2.893043  0.866025 -0.000076 -0.500000  0.298137 0.539763 1 0 1.000000
0  -3.704999 18.209158 -2.138515  -0.509914 -0.000118 -0.860225  0.298137 0.539763 1 0 1.000000
painted_wood_01
0  0.000000 18.209158 -4.277596  -0.500111 -0.000164 -0.865961  0.298137 0.539763 1 0 1.000000
0  -0.806439 18.209158 -4.389869  -0.866019 -0.000066 0.500011  0.298137 0.539763 1 0 1.000000
0  -2.102728 19.937542 -3.641458  -0.000256 -1.000000 -0.000069  0.298137 0.539763 1 0 1.000000
end
