version 1
nodes
0 "bip_pelvis" -1
end
skeleton
time 0
0  -0.000000 0.000006 48.466885  -1.641949 -0.000000 -0.000000
end
triangles
painted_wood_01
0  -16.281406 18.250322 60.643143  0.900708 0.135669 -0.412698  0.297874 0.539833 0
0  -18.808975 19.187681 54.125484  0.900695 0.136741 -0.412372  0.297874 0.539833 0
0  -18.826790 19.788956 54.285610  0.900689 0.136236 -0.412551  0.297874 0.539833 0
painted_wood_01
0  -17.842327 17.029314 61.122391  -0.757187 -0.154911 0.634563  0.297874 0.539833 0
0  -22.702538 20.575718 54.814049  -0.757246 -0.154519 0.634588  0.297874 0.539833 0
0  -22.802357 19.268536 54.450523  -0.757148 -0.154560 0.634696  0.297874 0.539833 0
painted_wood_01
0  -18.826790 19.788956 54.285610  0.392406 0.230239 -0.890510  0.297874 0.539833 0
0  -22.393518 19.937075 52.752216  0.392405 0.230239 -0.890510  0.297874 0.539833 0
0  -22.325769 20.824270 52.998947  0.392406 0.230239 -0.890510  0.297874 0.539833 0
painted_wood_01
0  -36.339699 19.779839 61.420490  0.044343 0.978548 0.201192  0.297874 0.539833 0
0  -32.930408 19.978807 59.768879  0.044346 0.978548 0.201191  0.297874 0.539833 0
0  -23.155602 20.775839 53.400951  0.044345 0.978548 0.201191  0.297874 0.539833 0
black.001
0  -17.724173 18.421820 60.838787  0.198100 0.966959 0.160456  -1.532320 0.803617 0
0  -19.146992 19.760611 54.822784  0.197865 0.967006 0.160465  -1.715409 1.441672 0
0  -21.812471 20.328451 55.191402  0.197910 0.966978 0.160580  -2.008100 1.430475 0
painted_wood_01
0  -50.570518 19.268330 66.308739  0.055528 0.971220 0.231623  0.297874 0.539833 0
0  -25.597885 21.018993 52.981323  0.055528 0.971220 0.231623  0.297874 0.539833 0
0  -49.671108 19.614056 64.643463  0.055528 0.971220 0.231623  0.297874 0.539833 0
painted_wood_01
0  -18.808975 19.187681 54.125484  -0.063298 -0.923346 -0.378716  0.297874 0.539833 0
0  -23.223351 19.888647 53.154224  -0.063291 -0.923347 -0.378714  0.297874 0.539833 0
0  -22.393518 19.937075 52.752216  -0.063296 -0.923346 -0.378715  0.297874 0.539833 0
painted_wood_01
0  -46.667393 17.875750 66.011795  -0.101989 -0.937843 -0.331735  0.297874 0.539833 0
0  -50.076683 17.676781 67.663406  -0.101993 -0.937843 -0.331733  0.297874 0.539833 0
0  -50.710121 18.075430 66.403862  -0.101995 -0.937843 -0.331733  0.297874 0.539833 0
painted_wood_01
0  -49.976860 18.983963 68.026932  0.073372 0.960838 0.267220  0.297874 0.539833 0
0  -52.216164 18.976110 68.670052  0.073372 0.960838 0.267220  0.297874 0.539833 0
0  -50.759464 18.842110 68.751892  0.073372 0.960838 0.267220  0.297874 0.539833 0
painted_wood_01
0  -22.393518 19.937075 52.752216  -0.432347 0.272090 -0.859676  0.297874 0.539833 0
0  -23.155602 20.775839 53.400951  -0.432347 0.272090 -0.859676  0.297874 0.539833 0
0  -22.325769 20.824270 52.998947  -0.432347 0.272090 -0.859676  0.297874 0.539833 0
black.001
0  -16.891392 17.565731 60.207973  0.012608 -0.957137 -0.289362  2.459895 0.901398 0
0  -21.884041 19.151443 54.870033  0.012403 -0.957198 -0.289167  3.025908 1.493207 0
0  -19.140585 19.027666 54.625622  0.012613 -0.957293 -0.288845  2.729414 1.501958 0
gold_player.001
0  -49.717979 18.050686 67.601349  0.365870 -0.317813 0.874719  -0.989820 -1.872726 0
0  -43.297894 18.157494 65.776329  0.266696 -0.853437 0.447793  -1.056216 -1.872725 0
0  -45.524902 18.027523 66.855194  0.188032 -0.834581 0.517802  -1.031174 -1.872725 0
painted_wood_01
0  -22.702538 20.575718 54.814049  0.185613 0.967623 0.171039  0.297874 0.539833 0
0  -22.325769 20.824270 52.998947  0.185612 0.967623 0.171040  0.297874 0.539833 0
0  -23.155602 20.775839 53.400951  0.185613 0.967623 0.171039  0.297874 0.539833 0
painted_wood_01
0  -17.741055 11.044974 83.386444  0.028623 -0.965926 -0.257231  0.297874 0.539833 0
0  -11.410264 12.510656 78.587151  0.028623 -0.965926 -0.257231  0.297874 0.539833 0
0  -10.724439 12.196499 79.843155  0.028623 -0.965926 -0.257231  0.297874 0.539833 0
painted_wood_01
0  -17.738211 11.476246 83.502457  0.030565 -0.966805 -0.253680  0.297874 0.539833 0
0  -10.949330 12.391352 80.832886  0.762495 -0.646730 -0.018508  0.297874 0.539833 0
0  -17.556128 11.304677 84.178268  0.112749 -0.972589 0.203369  0.297874 0.539833 0
painted_wood_01
0  -24.054821 11.259034 83.595215  -0.045179 -0.969756 -0.239859  0.297874 0.539833 0
0  -18.426880 11.359132 82.130447  -0.045179 -0.969756 -0.239859  0.297874 0.539833 0
0  -17.741055 11.044974 83.386444  -0.045181 -0.969756 -0.239859  0.297874 0.539833 0
painted_wood_01
0  -11.144814 13.014774 80.277374  -0.030555 0.966806 0.253679  0.297874 0.539833 0
0  -17.600853 11.756228 84.296204  0.114316 0.761007 0.638592  0.297874 0.539833 0
0  -10.962720 12.843196 80.953224  0.721919 0.617425 0.312440  0.297874 0.539833 0
painted_wood_01
0  -51.094524 15.636385 75.279793  -0.073372 -0.960841 -0.267211  0.297874 0.539833 0
0  -47.748409 15.379170 75.285896  -0.073372 -0.960841 -0.267211  0.297874 0.539833 0
0  -48.192108 15.036601 76.639549  -0.073372 -0.960841 -0.267211  0.297874 0.539833 0
painted_wood_01
0  -52.692825 16.407087 72.947365  -0.073372 -0.960841 -0.267211  0.297874 0.539833 0
0  -50.010414 15.822742 74.312012  -0.073372 -0.960841 -0.267211  0.297874 0.539833 0
0  -51.094524 15.636385 75.279793  -0.073372 -0.960841 -0.267211  0.297874 0.539833 0
painted_wood_01
0  -52.593002 17.714268 73.310883  -0.834981 -0.087338 0.543303  0.297874 0.539833 0
0  -51.094524 15.636385 75.279793  -0.834981 -0.087338 0.543303  0.297874 0.539833 0
0  -50.994713 16.943567 75.643326  -0.834981 -0.087338 0.543303  0.297874 0.539833 0
c_invasion_wrangler_laser
0  -41.971596 15.458445 77.199463  0.832259 0.538444 0.131996  0.000000 0.000000 0
0  -42.030453 15.024014 76.385300  0.997145 -0.065868 -0.036932  0.000000 0.000000 0
0  -41.981857 15.660335 76.562263  0.997145 -0.065868 -0.036932  0.000000 0.000000 0
painted_wood_01
0  -52.216164 18.976110 68.670052  -0.994240 0.091464 -0.055865  0.297874 0.539833 0
0  -52.692825 16.407087 72.947365  -0.994240 0.091464 -0.055865  0.297874 0.539833 0
0  -52.593002 17.714268 73.310883  -0.994240 0.091464 -0.055865  0.297874 0.539833 0
c_invasion_wrangler_laser
0  -51.161919 17.244839 73.299454  0.073211 0.960774 0.267495  0.000000 0.000000 0
0  -46.934948 17.384186 71.637711  0.073372 0.960841 0.267208  0.000000 0.000000 0
0  -48.160652 17.834530 70.354904  0.073372 0.960841 0.267208  0.000000 0.000000 0
painted_wood_01
0  -51.136307 17.580267 73.392738  0.073371 0.960841 0.267209  0.297874 0.539833 0
0  -50.994713 16.943567 75.643326  0.073371 0.960841 0.267209  0.297874 0.539833 0
0  -49.910599 17.129923 74.675545  0.073371 0.960841 0.267209  0.297874 0.539833 0
painted_wood_01
0  -50.759464 18.842110 68.751892  0.073373 0.960841 0.267211  0.297874 0.539833 0
0  -52.593002 17.714268 73.310883  0.073373 0.960841 0.267211  0.297874 0.539833 0
0  -51.136307 17.580267 73.392738  0.073373 0.960841 0.267211  0.297874 0.539833 0
gold_player.001
0  -50.604988 18.646242 68.529602  0.420093 0.029592 0.906999  -1.155604 -1.872731 0
0  -41.258293 14.431797 77.794800  -0.068112 -0.771495 0.632579  -1.047730 -1.872732 0
0  -41.193142 15.284958 78.032059  0.016517 0.337972 0.941011  -1.155600 -1.872731 0
painted_wood_01
0  -52.315987 17.668930 68.306526  -0.073371 -0.960841 -0.267210  0.297874 0.539833 0
0  -51.236122 16.273088 73.029213  -0.073371 -0.960841 -0.267210  0.297874 0.539833 0
0  -52.692825 16.407087 72.947365  -0.073371 -0.960841 -0.267210  0.297874 0.539833 0
painted_wood_01
0  -50.710121 18.075430 66.403862  -0.073372 -0.960840 -0.267213  0.297874 0.539833 0
0  -50.859283 17.534929 68.388374  -0.073372 -0.960840 -0.267213  0.297874 0.539833 0
0  -52.315987 17.668930 68.306526  -0.073372 -0.960840 -0.267213  0.297874 0.539833 0
painted_wood_01
0  -50.610302 19.382612 66.767395  -0.767732 0.225432 -0.599806  0.297874 0.539833 0
0  -52.315987 17.668930 68.306526  -0.767732 0.225432 -0.599806  0.297874 0.539833 0
0  -52.216164 18.976110 68.670052  -0.767732 0.225432 -0.599806  0.297874 0.539833 0
painted_wood_01
0  -35.579941 14.797567 79.127251  0.073372 0.960842 0.267206  0.297874 0.539833 0
0  -41.614262 15.741959 77.388336  0.073372 0.960842 0.267206  0.297874 0.539833 0
0  -48.092285 16.343782 77.003075  0.073372 0.960842 0.267206  0.297874 0.539833 0
painted_wood_01
0  -23.511303 12.908786 82.605080  0.045674 0.969745 0.239808  0.297874 0.539833 0
0  -17.779997 12.359073 83.736404  0.045675 0.969745 0.239808  0.297874 0.539833 0
0  -18.465822 12.673231 82.480400  0.045675 0.969745 0.239809  0.297874 0.539833 0
painted_wood_01
0  -49.910599 17.129923 74.675545  0.073375 0.960841 0.267210  0.297874 0.539833 0
0  -48.092285 16.343782 77.003075  0.073375 0.960841 0.267210  0.297874 0.539833 0
0  -47.648582 16.686350 75.649422  0.073375 0.960841 0.267210  0.297874 0.539833 0
painted_wood_01
0  -23.611124 11.601605 82.241554  -0.009958 0.262834 -0.964790  0.297874 0.539833 0
0  -18.465822 12.673231 82.480400  -0.009958 0.262834 -0.964790  0.297874 0.539833 0
0  -18.426880 11.359132 82.130447  -0.009959 0.262834 -0.964790  0.297874 0.539833 0
painted_wood_01
0  -18.465822 12.673231 82.480400  -0.028626 0.965926 0.257231  0.297874 0.539833 0
0  -10.763379 13.510597 80.193115  -0.028626 0.965926 0.257231  0.297874 0.539833 0
0  -11.449206 13.824757 78.937096  -0.028626 0.965926 0.257231  0.297874 0.539833 0
painted_wood_01
0  -35.679768 13.490388 78.763725  -0.073374 -0.960841 -0.267209  0.297874 0.539833 0
0  -23.611124 11.601605 82.241554  -0.073374 -0.960841 -0.267209  0.297874 0.539833 0
0  -24.054821 11.259034 83.595215  -0.073374 -0.960841 -0.267209  0.297874 0.539833 0
painted_wood_01
0  -24.296829 11.565270 83.593391  0.950214 -0.148707 0.273823  0.297874 0.539833 0
0  -24.520094 12.123894 84.671539  0.950214 -0.148707 0.273823  0.297874 0.539833 0
0  -24.579412 11.347095 84.455513  0.950214 -0.148707 0.273823  0.297874 0.539833 0
c_invasion_wrangler_laser
0  -49.936214 16.794495 74.582260  0.076542 0.960453 0.267715  0.000000 0.000000 0
0  -45.408279 16.795740 73.221329  0.080385 0.959967 0.268331  0.000000 0.000000 0
0  -46.934948 17.384186 71.637711  0.080386 0.959967 0.268331  0.000000 0.000000 0
painted_wood_01
0  -50.994713 16.943567 75.643326  -0.449822 -0.207243 0.868741  0.297874 0.539833 0
0  -48.192108 15.036601 76.639549  -0.449822 -0.207243 0.868741  0.297874 0.539833 0
0  -48.092285 16.343782 77.003075  -0.449822 -0.207243 0.868741  0.297874 0.539833 0
c_invasion_wrangler_laser
0  -47.674198 16.350922 75.556137  0.076620 0.960862 0.266221  0.000000 0.000000 0
0  -41.981857 15.660335 76.562263  0.070309 0.962305 0.262726  0.000000 0.000000 0
0  -45.408279 16.795740 73.221329  0.070309 0.962305 0.262726  0.000000 0.000000 0
painted_wood_01
0  -50.570518 19.268330 66.308739  -0.987937 0.106662 -0.112268  0.297874 0.539833 0
0  -50.710121 18.075430 66.403862  -0.987937 0.106662 -0.112268  0.297874 0.539833 0
0  -50.610302 19.382612 66.767395  -0.987937 0.106662 -0.112268  0.297874 0.539833 0
painted_wood_01
0  -23.708616 20.836018 53.295643  -0.069874 0.997043 -0.031985  0.297874 0.539833 0
0  -50.610302 19.382612 66.767395  -0.069895 0.997042 -0.031974  0.297874 0.539833 0
0  -23.155602 20.775839 53.400951  -0.069858 0.997044 -0.031993  0.297874 0.539833 0
painted_wood_01
0  -50.636669 18.402071 66.067833  -0.208500 -0.817588 -0.536728  0.297874 0.539833 0
0  -23.223351 19.888647 53.154224  -0.208482 -0.817587 -0.536737  0.297874 0.539833 0
0  -50.710121 18.075430 66.403862  -0.208512 -0.817589 -0.536723  0.297874 0.539833 0
painted_wood_01
0  -23.774767 19.969763 53.054741  0.207161 0.247404 -0.946507  0.297874 0.539833 0
0  -23.155602 20.775839 53.400951  0.207161 0.247404 -0.946507  0.297874 0.539833 0
0  -23.223351 19.888647 53.154224  0.207161 0.247404 -0.946507  0.297874 0.539833 0
painted_wood_01
0  -23.774767 19.969763 53.054741  -0.091092 -0.948837 -0.302343  0.297874 0.539833 0
0  -49.730392 18.837729 64.427567  -0.091092 -0.948837 -0.302343  0.297874 0.539833 0
0  -25.657169 20.242668 52.765430  -0.091092 -0.948837 -0.302343  0.297874 0.539833 0
c_invasion_wrangler_laser
0  -49.554359 19.256937 64.092354  -0.808120 -0.112566 -0.578162  0.000000 0.000000 0
0  -45.002964 20.873127 57.455826  -0.829591 0.207441 -0.518409  0.000000 0.000000 0
0  -45.008209 20.804409 57.436718  -0.829591 0.207441 -0.518409  0.000000 0.000000 0
painted_wood_01
0  -23.708616 20.836018 53.295643  0.182444 0.250476 -0.950777  0.297874 0.539833 0
0  -25.657169 20.242668 52.765430  0.182444 0.250476 -0.950777  0.297874 0.539833 0
0  -25.597885 21.018993 52.981323  0.182444 0.250476 -0.950777  0.297874 0.539833 0
painted_wood_01
0  -49.542938 19.406534 64.133949  -0.689953 0.592986 -0.415129  0.297874 0.539833 0
0  -49.730392 18.837729 64.427567  -0.941203 0.155311 -0.300026  0.297874 0.539833 0
0  -49.671108 19.614056 64.643463  -0.941203 0.155311 -0.300026  0.297874 0.539833 0
painted_wood_01
0  -49.671108 19.614056 64.643463  -0.253831 0.871813 -0.418941  0.297874 0.539833 0
0  -26.055923 20.777260 52.755798  0.043808 0.635827 -0.770587  0.297874 0.539833 0
0  -49.542938 19.406534 64.133949  -0.689946 0.593024 -0.415087  0.297874 0.539833 0
painted_wood_01
0  -25.657169 20.242668 52.765430  -0.357599 -0.487008 -0.796835  0.297874 0.539833 0
0  -49.554359 19.256937 64.092354  -0.749842 -0.191484 -0.633301  0.297874 0.539833 0
0  -26.067348 20.627670 52.714199  -0.016065 -0.148693 -0.988753  0.297874 0.539833 0
painted_wood_01
0  -25.597885 21.018993 52.981323  0.329790 0.229476 -0.915740  0.297874 0.539833 0
0  -26.067348 20.627670 52.714199  -0.016055 -0.148664 -0.988757  0.297874 0.539833 0
0  -26.055923 20.777260 52.755798  0.043880 0.635823 -0.770586  0.297874 0.539833 0
painted_wood_01
0  -50.636669 18.402071 66.067833  -0.879931 0.188482 -0.436114  0.297874 0.539833 0
0  -49.671108 19.614056 64.643463  -0.879931 0.188482 -0.436114  0.297874 0.539833 0
0  -49.730392 18.837729 64.427567  -0.879931 0.188482 -0.436114  0.297874 0.539833 0
c_invasion_wrangler_laser
0  -34.214111 21.502775 52.229229  -0.432350 0.272074 -0.859680  0.000000 0.000000 0
0  -45.008209 20.804409 57.436718  -0.432350 0.272074 -0.859680  0.000000 0.000000 0
0  -45.002964 20.873127 57.455826  -0.432350 0.272074 -0.859680  0.000000 0.000000 0
c_invasion_wrangler_laser
0  -49.542938 19.406534 64.133949  -0.760938 0.506122 -0.405973  0.000000 0.000000 0
0  -34.214111 21.502775 52.229229  0.069003 0.963540 0.258515  0.000000 0.000000 0
0  -45.002964 20.873127 57.455826  0.069003 0.963540 0.258515  0.000000 0.000000 0
c_invasion_wrangler_laser
0  -26.055923 20.777260 52.755798  0.102686 0.556448 -0.824513  0.000000 0.000000 0
0  -34.219357 21.434061 52.210117  0.085263 0.260915 -0.961589  0.000000 0.000000 0
0  -34.214111 21.502775 52.229229  0.085263 0.260915 -0.961589  0.000000 0.000000 0
c_invasion_wrangler_laser
0  -26.067348 20.627670 52.714199  0.055610 -0.062271 -0.996509  0.000000 0.000000 0
0  -45.008209 20.804409 57.436718  -0.077714 -0.958058 -0.275837  0.000000 0.000000 0
0  -34.219357 21.434061 52.210117  -0.077714 -0.958058 -0.275837  0.000000 0.000000 0
gold_player.001
0  -26.055923 20.777260 52.755798  -0.432349 0.272050 -0.859688  0.000000 0.000000 0
0  -49.554359 19.256937 64.092354  -0.432349 0.272050 -0.859688  0.000000 0.000000 0
0  -49.542938 19.406534 64.133949  -0.432349 0.272050 -0.859688  0.000000 0.000000 0
painted_wood_01
0  -50.166004 18.725811 68.122955  0.858738 0.108940 0.500700  0.297874 0.539833 0
0  -50.076683 17.676781 67.663406  0.682502 -0.243756 0.689038  0.297874 0.539833 0
0  -49.976860 18.983963 68.026932  0.682502 -0.243756 0.689038  0.297874 0.539833 0
painted_wood_01
0  -50.231159 17.872650 67.885696  0.814467 -0.470442 0.339600  0.297874 0.539833 0
0  -50.859283 17.534929 68.388374  0.682495 -0.243737 0.689052  0.297874 0.539833 0
0  -50.076683 17.676781 67.663406  0.682495 -0.243737 0.689052  0.297874 0.539833 0
painted_wood_01
0  -50.670139 17.793081 68.292351  0.375946 -0.549873 0.745858  0.297874 0.539833 0
0  -50.759464 18.842110 68.751892  0.682455 -0.243749 0.689088  0.297874 0.539833 0
0  -50.859283 17.534929 68.388374  0.682455 -0.243749 0.689088  0.297874 0.539833 0
painted_wood_01
0  -50.604988 18.646242 68.529602  0.420203 0.029500 0.906950  0.297874 0.539833 0
0  -49.976860 18.983963 68.026932  0.682483 -0.243740 0.689062  0.297874 0.539833 0
0  -50.759464 18.842110 68.751892  0.682483 -0.243740 0.689062  0.297874 0.539833 0
gold_player.001
0  -40.819313 14.511366 77.388153  0.771519 -0.619375 -0.145371  -1.059604 -1.872732 0
0  -41.193142 15.284958 78.032059  0.016471 0.337817 0.941068  -1.155604 -1.872731 0
0  -41.258293 14.431797 77.794800  -0.068151 -0.771600 0.632446  -1.047734 -1.872732 0
gold_player.001
0  -50.231159 17.872650 67.885696  0.814520 -0.470406 0.339522  -1.059604 -1.872732 0
0  -45.460083 17.045170 72.874184  0.566030 0.772692 -0.287329  -1.167478 -1.872732 0
0  -45.525238 16.192009 72.636925  0.462264 -0.586267 -0.665284  -1.059608 -1.872732 0
gold_player.001
0  -41.193142 15.284958 78.032059  0.016608 0.337912 0.941031  -1.155616 -1.872731 0
0  -40.754158 15.364527 77.625412  0.856248 0.490135 0.163118  -1.167487 -1.872732 0
0  -45.460083 17.045170 72.874184  0.566173 0.772543 -0.287446  -1.167480 -1.872732 0
gold_player.001
0  -45.525238 16.192009 72.636925  0.462392 -0.586161 -0.665288  -1.059608 -1.872732 0
0  -40.819313 14.511366 77.388153  0.771530 -0.619375 -0.145316  -1.059612 -1.872732 0
0  -41.258293 14.431797 77.794800  -0.068261 -0.771561 0.632483  -1.047741 -1.872732 0
painted_wood_01
0  -41.714088 14.434779 77.024811  0.302838 0.233812 -0.923916  0.297874 0.539833 0
0  -35.579941 14.797567 79.127251  0.302838 0.233812 -0.923916  0.297874 0.539833 0
0  -35.679768 13.490388 78.763725  0.302838 0.233812 -0.923916  0.297874 0.539833 0
painted_wood_01
0  -35.679768 13.490388 78.763725  0.302838 0.233813 -0.923916  0.297874 0.539833 0
0  -23.511303 12.908786 82.605080  0.302838 0.233813 -0.923916  0.297874 0.539833 0
0  -23.611124 11.601605 82.241554  0.302838 0.233813 -0.923916  0.297874 0.539833 0
gold_player.001
0  -45.525238 16.192009 72.636925  0.462312 -0.586289 -0.665232  -1.059608 -1.872732 0
0  -40.754158 15.364527 77.625412  0.856311 0.489996 0.163203  -1.167482 -1.872732 0
0  -40.819313 14.511366 77.388153  0.771490 -0.619401 -0.145415  -1.059612 -1.872732 0
painted_wood_01
0  -51.210510 16.608517 73.122498  0.943843 0.019652 -0.329811  0.297874 0.539833 0
0  -50.010414 15.822742 74.312012  0.739094 0.127508 -0.661425  0.297874 0.539833 0
0  -51.236122 16.273088 73.029213  0.739094 0.127508 -0.661425  0.297874 0.539833 0
painted_wood_01
0  -51.161919 17.244839 73.299454  0.943885 0.019595 -0.329692  0.297874 0.539833 0
0  -50.759464 18.842110 68.751892  0.994240 -0.091459 0.055868  0.297874 0.539833 0
0  -51.136307 17.580267 73.392738  0.994240 -0.091459 0.055868  0.297874 0.539833 0
painted_wood_01
0  -49.936214 16.794495 74.582260  0.591980 0.173644 -0.787025  0.297874 0.539833 0
0  -51.136307 17.580267 73.392738  0.739087 0.127485 -0.661436  0.297874 0.539833 0
0  -49.910599 17.129923 74.675545  0.739087 0.127485 -0.661436  0.297874 0.539833 0
painted_wood_01
0  -50.860939 17.779045 68.817497  0.994241 -0.091458 0.055865  0.297874 0.539833 0
0  -51.236122 16.273088 73.029213  0.994241 -0.091458 0.055865  0.297874 0.539833 0
0  -50.859283 17.534929 68.388374  0.994241 -0.091458 0.055865  0.297874 0.539833 0
painted_wood_01
0  -50.812347 18.415365 68.994453  0.994241 -0.091461 0.055862  0.297874 0.539833 0
0  -50.859283 17.534929 68.388374  0.994241 -0.091461 0.055862  0.297874 0.539833 0
0  -50.759464 18.842110 68.751892  0.994241 -0.091461 0.055862  0.297874 0.539833 0
painted_wood_01
0  -47.674198 16.350922 75.556137  0.362810 0.223865 -0.904574  0.297874 0.539833 0
0  -49.910599 17.129923 74.675545  0.421305 0.212993 -0.881553  0.297874 0.539833 0
0  -47.648582 16.686350 75.649422  0.421305 0.212993 -0.881553  0.297874 0.539833 0
painted_wood_01
0  -49.984798 16.158171 74.405296  0.591842 0.173689 -0.787119  0.297874 0.539833 0
0  -47.748409 15.379170 75.285896  0.421310 0.212982 -0.881553  0.297874 0.539833 0
0  -50.010414 15.822742 74.312012  0.421310 0.212982 -0.881553  0.297874 0.539833 0
painted_wood_01
0  -47.722794 15.714600 75.379181  0.362811 0.223857 -0.904575  0.297874 0.539833 0
0  -41.714088 14.434779 77.024811  0.302839 0.233819 -0.923914  0.297874 0.539833 0
0  -47.748409 15.379170 75.285896  0.302839 0.233819 -0.923914  0.297874 0.539833 0
painted_wood_01
0  -41.971596 15.458445 77.199463  0.302837 0.233816 -0.923915  0.297874 0.539833 0
0  -47.648582 16.686350 75.649422  0.302837 0.233816 -0.923915  0.297874 0.539833 0
0  -41.614262 15.741959 77.388336  0.302837 0.233816 -0.923915  0.297874 0.539833 0
painted_wood_01
0  -42.020191 14.822124 77.022499  0.302841 0.233809 -0.923916  0.297874 0.539833 0
0  -41.614262 15.741959 77.388336  0.302841 0.233809 -0.923916  0.297874 0.539833 0
0  -41.714088 14.434779 77.024811  0.302841 0.233809 -0.923916  0.297874 0.539833 0
c_invasion_wrangler_laser
0  -48.209244 17.198208 70.177948  0.739082 0.127518 -0.661436  0.000000 0.000000 0
0  -46.934948 17.384186 71.637711  0.739082 0.127518 -0.661436  0.000000 0.000000 0
0  -46.983532 16.747862 71.460747  0.739082 0.127518 -0.661436  0.000000 0.000000 0
c_invasion_wrangler_laser
0  -50.894566 17.990074 68.105309  0.632453 0.162336 -0.757397  0.000000 0.000000 0
0  -48.160652 17.834530 70.354904  0.632453 0.162336 -0.757397  0.000000 0.000000 0
0  -48.209244 17.198208 70.177948  0.632453 0.162336 -0.757397  0.000000 0.000000 0
c_invasion_wrangler_laser
0  -45.456875 16.159418 73.044373  0.714389 0.136324 -0.686341  0.000000 0.000000 0
0  -41.981857 15.660335 76.562263  0.714389 0.136324 -0.686341  0.000000 0.000000 0
0  -42.030453 15.024014 76.385300  0.714389 0.136324 -0.686341  0.000000 0.000000 0
c_invasion_wrangler_laser
0  -46.983532 16.747862 71.460747  0.737365 0.128133 -0.663231  0.000000 0.000000 0
0  -45.408279 16.795740 73.221329  0.737365 0.128133 -0.663231  0.000000 0.000000 0
0  -45.456875 16.159418 73.044373  0.737365 0.128133 -0.663231  0.000000 0.000000 0
c_invasion_wrangler_laser
0  -47.722794 15.714600 75.379181  -0.076687 -0.960842 -0.266275  0.000000 0.000000 0
0  -46.983532 16.747862 71.460747  -0.080385 -0.959975 -0.268304  0.000000 0.000000 0
0  -45.456875 16.159418 73.044373  -0.080385 -0.959975 -0.268303  0.000000 0.000000 0
c_invasion_wrangler_laser
0  -51.210510 16.608517 73.122498  -0.073061 -0.960714 -0.267751  0.000000 0.000000 0
0  -50.894566 17.990074 68.105309  -0.072349 -0.960413 -0.269020  0.000000 0.000000 0
0  -48.209244 17.198208 70.177948  -0.072349 -0.960414 -0.269020  0.000000 0.000000 0
c_invasion_wrangler_laser
0  -49.984798 16.158171 74.405296  -0.076477 -0.960464 -0.267694  0.000000 0.000000 0
0  -48.209244 17.198208 70.177948  -0.073373 -0.960841 -0.267209  0.000000 0.000000 0
0  -46.983532 16.747862 71.460747  -0.073373 -0.960841 -0.267209  0.000000 0.000000 0
c_invasion_wrangler_laser
0  -42.020191 14.822124 77.022499  0.729545 -0.655914 -0.193756  0.000000 0.000000 0
0  -45.456875 16.159418 73.044373  -0.070280 -0.962299 -0.262757  0.000000 0.000000 0
0  -42.030453 15.024014 76.385300  -0.070287 -0.962296 -0.262765  0.000000 0.000000 0
c_invasion_wrangler_laser
0  -50.860939 17.779045 68.817497  -0.521663 -0.826995 -0.209635  0.000000 0.000000 0
0  -50.845974 18.626392 68.282265  -0.996233 0.058208 0.064284  0.000000 0.000000 0
0  -50.894566 17.990074 68.105309  -0.996233 0.058208 0.064284  0.000000 0.000000 0
c_invasion_wrangler_laser
0  -50.812347 18.415365 68.994453  -0.398990 0.876947 0.267900  0.000000 0.000000 0
0  -48.160652 17.834530 70.354904  0.072337 0.960407 0.269045  0.000000 0.000000 0
0  -50.845974 18.626392 68.282265  0.072337 0.960407 0.269045  0.000000 0.000000 0
gold_player.001
0  -50.812347 18.415365 68.994453  0.994240 -0.091464 0.055866  0.000000 0.000000 0
0  -51.210510 16.608517 73.122498  0.943886 0.019605 -0.329690  0.000000 0.000000 0
0  -50.860939 17.779045 68.817497  0.994240 -0.091464 0.055866  0.000000 0.000000 0
gold_player.001
0  -49.984798 16.158171 74.405296  0.591990 0.173681 -0.787009  0.000000 0.000000 0
0  -51.161919 17.244839 73.299454  0.943844 0.019660 -0.329807  0.000000 0.000000 0
0  -49.936214 16.794495 74.582260  0.591988 0.173668 -0.787013  0.000000 0.000000 0
gold_player.001
0  -47.674198 16.350922 75.556137  0.362811 0.223855 -0.904575  0.000000 0.000000 0
0  -49.984798 16.158171 74.405296  0.591839 0.173697 -0.787119  0.000000 0.000000 0
0  -49.936214 16.794495 74.582260  0.591841 0.173711 -0.787114  0.000000 0.000000 0
gold_player.001
0  -41.971596 15.458445 77.199463  0.302840 0.233808 -0.923916  0.000000 0.000000 0
0  -47.722794 15.714600 75.379181  0.362812 0.223855 -0.904575  0.000000 0.000000 0
0  -47.674198 16.350922 75.556137  0.362812 0.223850 -0.904576  0.000000 0.000000 0
black.001
0  -10.477191 12.351939 79.260788  0.070622 -0.959574 -0.272453  1.653114 -1.593218 0
0  -8.667399 12.908684 77.766434  0.071071 -0.959303 -0.273288  1.425489 -1.377366 0
0  -6.686923 12.993422 78.176781  0.070873 -0.959532 -0.272534  1.235126 -1.492650 0
painted_wood_01
0  -8.347279 12.623274 79.168091  0.275092 -0.267770 0.923376  0.297874 0.539833 0
0  -5.970115 13.050049 78.493019  0.263477 -0.238999 0.934590  0.297874 0.539833 0
0  -5.989530 13.705231 78.667503  0.263595 -0.242929 0.933543  0.297874 0.539833 0
black.001
0  -10.774555 13.741066 79.128441  0.007929 0.973829 0.227143  -0.687939 -1.597699 0
0  -6.709777 13.885764 78.414101  0.007672 0.973713 0.227651  -0.239811 -1.557032 0
0  -8.702635 14.028353 78.064873  0.007817 0.973903 0.226829  -0.430435 -1.441891 0
black.001
0  -6.686923 12.993422 78.176781  0.110164 -0.948029 -0.298504  1.193097 -1.361790 0
0  -17.174326 17.051334 61.365246  0.110062 -0.947929 -0.298858  2.507267 0.521408 0
0  -16.460562 17.264351 61.059299  0.110824 -0.947758 -0.299122  2.409944 0.570137 0
painted_wood_01
0  -17.842327 17.029314 61.122391  -0.454767 0.215797 -0.864071  0.297874 0.539833 0
0  -16.281406 18.250322 60.643143  -0.454640 0.219966 -0.863086  0.297874 0.539833 0
0  -16.259218 17.501581 60.443756  -0.454598 0.214314 -0.864529  0.297874 0.539833 0
painted_wood_01
0  -5.989530 13.705231 78.667503  0.854494 0.157090 -0.495138  0.297874 0.539833 0
0  -16.259218 17.501581 60.443756  0.854490 0.157223 -0.495103  0.297874 0.539833 0
0  -16.281406 18.250322 60.643143  0.854492 0.157179 -0.495115  0.297874 0.539833 0
c_invasion_wrangler_laser
0  -19.230022 13.956698 75.676727  -0.066000 0.962944 0.261501  0.000000 0.000000 0
0  -18.192270 12.426937 82.269424  -0.065997 0.962944 0.261503  0.000000 0.000000 0
0  -11.440619 13.534979 78.859924  -0.065998 0.962944 0.261502  0.000000 0.000000 0
black.001
0  -8.702635 14.028353 78.064873  0.075135 0.975947 0.204653  -0.430435 -1.441891 0
0  -16.485411 18.148914 61.294228  0.075120 0.975978 0.204507  -1.413322 0.506392 0
0  -17.210512 18.227770 61.679153  0.073880 0.975965 0.205023  -1.512335 0.456867 0
painted_wood_01
0  -17.716061 17.253006 61.459267  -0.711256 -0.677890 0.185955  0.297874 0.539833 0
0  -17.881268 18.343414 61.472343  -0.879987 -0.170850 0.443208  0.297874 0.539833 0
0  -17.842327 17.029314 61.122391  -0.881410 -0.121080 0.456570  0.297874 0.539833 0
painted_wood_01
0  -18.170504 11.692393 82.073814  -0.468100 0.214424 -0.857266  0.297874 0.539833 0
0  -11.410264 12.510656 78.587151  -0.468100 0.214424 -0.857266  0.297874 0.539833 0
0  -18.426880 11.359132 82.130447  -0.468100 0.214424 -0.857266  0.297874 0.539833 0
painted_wood_01
0  -11.440619 13.534979 78.859924  -0.455920 0.743609 -0.489063  0.297874 0.539833 0
0  -18.465822 12.673231 82.480400  -0.468092 0.214429 -0.857269  0.297874 0.539833 0
0  -11.449206 13.824757 78.937096  -0.468092 0.214429 -0.857269  0.297874 0.539833 0
painted_wood_01
0  -18.192270 12.426937 82.269424  -0.468052 0.214428 -0.857291  0.297874 0.539833 0
0  -18.426880 11.359132 82.130447  -0.468052 0.214428 -0.857291  0.297874 0.539833 0
0  -18.465822 12.673231 82.480400  -0.468052 0.214428 -0.857291  0.297874 0.539833 0
painted_wood_01
0  -11.318674 14.036416 77.316048  -0.288473 0.919044 0.268592  0.297874 0.539833 0
0  -11.449206 13.824757 78.937096  -0.243213 0.964131 0.106299  0.297874 0.539833 0
0  -9.360415 14.167558 77.882286  -0.243213 0.964131 0.106296  0.297874 0.539833 0
painted_wood_01
0  -11.418852 12.800434 78.664322  -0.421304 -0.426025 -0.800628  0.297874 0.539833 0
0  -9.321472 12.853457 77.532341  -0.188033 -0.901163 -0.390576  0.297874 0.539833 0
0  -11.410264 12.510656 78.587151  -0.187936 -0.901156 -0.390637  0.297874 0.539833 0
painted_wood_01
0  -17.737827 17.987547 61.654881  -0.744466 0.452603 0.490837  0.297874 0.539833 0
0  -9.360415 14.167558 77.882286  -0.312553 0.861856 0.399394  0.297874 0.539833 0
0  -17.881268 18.343414 61.472343  -0.292378 0.865503 0.406718  0.297874 0.539833 0
painted_wood_01
0  -11.291626 13.139884 77.078300  -0.232249 -0.944544 -0.232157  0.297874 0.539833 0
0  -17.842327 17.029314 61.122391  -0.236373 -0.967599 -0.088772  0.297874 0.539833 0
0  -9.321472 12.853457 77.532341  -0.256632 -0.961957 -0.093693  0.297874 0.539833 0
gold_player.001
0  -19.230022 13.956698 75.676727  -0.028161 0.969362 0.244015  0.000000 0.000000 0
0  -20.053295 16.201206 67.257072  -0.755073 0.649933 0.086329  0.000000 0.000000 0
0  -19.868881 13.944652 75.650871  -0.741689 0.631597 0.225794  0.000000 0.000000 0
gold_player.001
0  -18.809364 11.680346 82.047958  -0.658858 -0.733465 -0.167134  0.000000 0.000000 0
0  -18.178879 11.629198 82.310196  0.573469 -0.695852 0.432347  0.000000 0.000000 0
0  -18.817739 11.617151 82.284340  -0.580040 -0.717571 0.385546  0.000000 0.000000 0
c_invasion_wrangler_laser
0  -19.219894 13.614931 75.585716  -0.011366 -0.966230 -0.257430  0.000000 0.000000 0
0  -19.404308 15.871487 67.191917  -0.011366 -0.966230 -0.257430  0.000000 0.000000 0
0  -11.291626 13.139884 77.078300  -0.011366 -0.966230 -0.257430  0.000000 0.000000 0
gold_player.001
0  -19.404308 15.871487 67.191917  0.028098 -0.969760 -0.242437  0.000000 0.000000 0
0  -19.858753 13.602884 75.559860  -0.702119 -0.699662 -0.132292  0.000000 0.000000 0
0  -20.043167 15.859440 67.166061  -0.716475 -0.646417 -0.262314  0.000000 0.000000 0
gold_player.001
0  -17.716061 17.253006 61.459267  -0.928840 -0.120794 0.350235  0.000000 0.000000 0
0  -11.318674 14.036416 77.316048  -0.987617 -0.067371 0.141682  0.000000 0.000000 0
0  -17.737827 17.987547 61.654881  -0.928840 -0.120794 0.350235  0.000000 0.000000 0
gold_player.001
0  -11.440619 13.534979 78.859924  -0.840887 0.115690 -0.528701  0.000000 0.000000 0
0  -11.291626 13.139884 77.078300  -0.987772 -0.066970 0.140788  0.000000 0.000000 0
0  -11.418852 12.800434 78.664322  -0.840887 0.115679 -0.528704  0.000000 0.000000 0
gold_player.001
0  -11.418852 12.800434 78.664322  -0.840898 0.115869 -0.528645  0.000000 0.000000 0
0  -18.192270 12.426937 82.269424  -0.468098 0.214411 -0.857270  0.000000 0.000000 0
0  -11.440619 13.534979 78.859924  -0.840892 0.115671 -0.528698  0.000000 0.000000 0
gold_player.001
0  -20.043167 15.859440 67.166061  -0.716316 -0.646553 -0.262414  -0.176791 -1.872727 0
0  -18.376686 17.975500 61.629025  -0.687455 0.719442 0.099040  -0.245587 -1.872727 0
0  -18.354919 17.240959 61.433411  -0.645447 -0.709176 -0.283668  -0.154118 -1.872727 0
gold_player.001
0  -19.868881 13.944652 75.650871  -0.741541 0.631749 0.225854  -0.006644 -1.872729 0
0  -18.809364 11.680346 82.047958  -0.658720 -0.733588 -0.167141  0.062156 -1.872729 0
0  -18.831131 12.414890 82.243568  -0.701118 0.680962 0.211481  -0.029312 -1.872729 0
gold_player.001
0  -20.043167 15.859440 67.166061  -0.716326 -0.646544 -0.262406  -0.177645 -1.872727 0
0  -19.868881 13.944652 75.650871  -0.741534 0.631744 0.225890  -0.007498 -1.872729 0
0  -20.053295 16.201206 67.257072  -0.754940 0.650088 0.086325  -0.220203 -1.872728 0
gold_player.001
0  -19.219894 13.614931 75.585716  0.029257 -0.960900 -0.275347  0.000000 0.000000 0
0  -18.809364 11.680346 82.047958  -0.658863 -0.733475 -0.167076  0.000000 0.000000 0
0  -19.858753 13.602884 75.559860  -0.702110 -0.699672 -0.132290  0.000000 0.000000 0
gold_player.001
0  -17.716061 17.253006 61.459267  0.500867 -0.843386 -0.194503  0.000000 0.000000 0
0  -20.043167 15.859440 67.166061  -0.716464 -0.646374 -0.262451  0.000000 0.000000 0
0  -18.354919 17.240959 61.433411  -0.645594 -0.709073 -0.283592  0.000000 0.000000 0
gold_player.001
0  -18.192270 12.426937 82.269424  0.444148 0.864609 0.234911  0.000000 0.000000 0
0  -19.868881 13.944652 75.650871  -0.741666 0.631588 0.225892  0.000000 0.000000 0
0  -18.831131 12.414890 82.243568  -0.701250 0.680857 0.211382  0.000000 0.000000 0
gold_player.001
0  -18.354919 17.240959 61.433411  -0.645433 -0.709177 -0.283696  -0.154118 -1.872727 0
0  -18.339890 18.253170 60.590454  -0.573546 0.695757 -0.432397  -0.245587 -1.872727 0
0  -18.318123 17.518629 60.394840  -0.540501 -0.419569 -0.729260  -0.154118 -1.872727 0
gold_player.001
0  -19.414436 16.213253 67.282928  -0.029326 0.960367 0.277193  0.000000 0.000000 0
0  -18.376686 17.975500 61.629025  -0.687585 0.719321 0.099019  0.000000 0.000000 0
0  -20.053295 16.201206 67.257072  -0.755058 0.649959 0.086258  0.000000 0.000000 0
gold_player.001
0  -18.178879 11.629198 82.310196  0.573587 -0.695789 0.432290  0.062157 -1.872729 0
0  -18.839506 12.351694 82.479950  -0.613090 0.397741 0.682585  -0.017702 -1.872729 0
0  -18.817739 11.617151 82.284340  -0.579962 -0.717622 0.385567  0.073767 -1.872730 0
gold_player.001
0  -18.170504 11.692393 82.073814  0.494807 -0.840400 -0.221119  0.000000 0.000000 0
0  -18.200645 12.363741 82.505806  0.540505 0.419466 0.729317  0.000000 0.000000 0
0  -18.178879 11.629198 82.310196  0.573553 -0.695863 0.432217  0.000000 0.000000 0
gold_player.001
0  -18.831131 12.414890 82.243568  -0.701144 0.680957 0.211410  -0.029312 -1.872729 0
0  -18.817739 11.617151 82.284340  -0.580002 -0.717554 0.385634  0.062156 -1.872729 0
0  -18.839506 12.351694 82.479950  -0.613054 0.397822 0.682570  -0.029312 -1.872728 0
gold_player.001
0  -18.192270 12.426937 82.269424  0.444146 0.864631 0.234836  0.000000 0.000000 0
0  -18.839506 12.351694 82.479950  -0.612979 0.397756 0.682677  0.000000 0.000000 0
0  -18.200645 12.363741 82.505806  0.540538 0.419547 0.729246  0.000000 0.000000 0
gold_player.001
0  -17.701031 18.265217 60.616310  0.580050 0.717545 -0.385580  -0.245587 -1.872727 0
0  -18.318123 17.518629 60.394840  -0.540529 -0.419484 -0.729288  -0.154118 -1.872727 0
0  -18.339890 18.253170 60.590454  -0.573505 0.695877 -0.432259  -0.245587 -1.872727 0
gold_player.001
0  -17.716061 17.253006 61.459267  0.500844 -0.843397 -0.194518  0.000000 0.000000 0
0  -18.318123 17.518629 60.394840  -0.540481 -0.419510 -0.729309  0.000000 0.000000 0
0  -17.679264 17.530676 60.420696  0.613087 -0.397786 -0.682562  0.000000 0.000000 0
gold_player.001
0  -17.737827 17.987547 61.654881  0.450550 0.854174 0.259600  0.000000 0.000000 0
0  -17.679264 17.530676 60.420696  0.613052 -0.397633 -0.682683  0.000000 0.000000 0
0  -17.701031 18.265217 60.616310  0.579998 0.717615 -0.385526  0.000000 0.000000 0
gold_player.001
0  -18.376686 17.975500 61.629025  -0.687572 0.719335 0.099003  0.000000 0.000000 0
0  -17.701031 18.265217 60.616310  0.579981 0.717591 -0.385597  0.000000 0.000000 0
0  -18.339890 18.253170 60.590454  -0.573591 0.695830 -0.432220  0.000000 0.000000 0
gold_player.001
0  -17.737827 17.987547 61.654881  0.961163 -0.044069 0.272439  0.000000 0.000000 0
0  -19.404308 15.871487 67.191917  0.991168 -0.005908 0.132481  0.000000 0.000000 0
0  -17.716061 17.253006 61.459267  0.961163 -0.044069 0.272439  0.000000 0.000000 0
gold_player.001
0  -19.404308 15.871487 67.191917  0.991185 -0.005869 0.132355  0.000000 0.000000 0
0  -19.230022 13.956698 75.676727  0.995759 0.050065 -0.077184  0.000000 0.000000 0
0  -19.219894 13.614931 75.585716  0.995733 0.050316 -0.077364  0.000000 0.000000 0
gold_player.001
0  -19.230022 13.956698 75.676727  0.995754 0.050094 -0.077236  0.000000 0.000000 0
0  -18.170504 11.692393 82.073814  0.987902 0.066588 -0.140058  0.000000 0.000000 0
0  -19.219894 13.614931 75.585716  0.995737 0.050140 -0.077422  0.000000 0.000000 0
painted_wood_01
0  -16.460562 17.264351 61.059299  0.147356 -0.936114 -0.319339  0.297874 0.539833 0
0  -17.842327 17.029314 61.122391  0.141041 -0.940393 -0.309465  0.297874 0.539833 0
0  -16.259218 17.501581 60.443756  0.139719 -0.939617 -0.312408  0.297874 0.539833 0
painted_wood_01
0  -10.738527 12.525357 78.804695  0.053329 -0.952297 -0.300478  0.297874 0.539833 0
0  -10.724439 12.196499 79.843155  0.059319 -0.951527 -0.301791  0.297874 0.539833 0
0  -11.410264 12.510656 78.587151  0.058834 -0.952266 -0.299545  0.297874 0.539833 0
painted_wood_01
0  -8.667399 12.908684 77.766434  0.097547 -0.985191 -0.141009  0.297874 0.539833 0
0  -11.410264 12.510656 78.587151  0.103898 -0.984400 -0.141993  0.297874 0.539833 0
0  -9.321472 12.853457 77.532341  0.102974 -0.984726 -0.140395  0.297874 0.539833 0
painted_wood_01
0  -6.686923 12.993422 78.176781  0.124059 -0.976848 -0.174289  0.297874 0.539833 0
0  -5.970115 13.050049 78.493019  0.124685 -0.977713 -0.168913  0.297874 0.539833 0
0  -8.347279 12.623274 79.168091  0.121850 -0.978240 -0.167928  0.297874 0.539833 0
painted_wood_01
0  -17.174326 17.051334 61.365246  0.172363 -0.927739 -0.331045  0.297874 0.539833 0
0  -9.321472 12.853457 77.532341  0.166002 -0.931672 -0.323158  0.297874 0.539833 0
0  -17.842327 17.029314 61.122391  0.165032 -0.931371 -0.324519  0.297874 0.539833 0
painted_wood_01
0  -6.686923 12.993422 78.176781  0.180789 -0.923107 -0.339395  0.297874 0.539833 0
0  -16.259218 17.501581 60.443756  0.184015 -0.925799 -0.330204  0.297874 0.539833 0
0  -5.970115 13.050049 78.493019  0.179957 -0.925221 -0.334039  0.297874 0.539833 0
painted_wood_01
0  -17.210512 18.227770 61.679153  0.161623 0.972413 0.168197  0.297874 0.539833 0
0  -16.281406 18.250322 60.643143  0.148950 0.975072 0.164462  0.297874 0.539833 0
0  -17.881268 18.343414 61.472343  0.151037 0.974142 0.168035  0.297874 0.539833 0
painted_wood_01
0  -10.516516 13.679052 79.614212  0.000556 0.977981 0.208691  0.297874 0.539833 0
0  -11.449206 13.824757 78.937096  0.001624 0.976789 0.214196  0.297874 0.539833 0
0  -10.763379 13.510597 80.193115  0.002126 0.977295 0.211874  0.297874 0.539833 0
painted_wood_01
0  -10.774555 13.741066 79.128441  0.050937 0.927451 0.370459  0.297874 0.539833 0
0  -9.360415 14.167558 77.882286  0.052708 0.925388 0.375338  0.297874 0.539833 0
0  -11.449206 13.824757 78.937096  0.053574 0.925973 0.373769  0.297874 0.539833 0
painted_wood_01
0  -6.709777 13.885764 78.414101  0.070199 0.934295 0.349522  0.297874 0.539833 0
0  -10.763379 13.510597 80.193115  0.070131 0.932246 0.354964  0.297874 0.539833 0
0  -5.989530 13.705231 78.667503  0.070853 0.932269 0.354760  0.297874 0.539833 0
painted_wood_01
0  -16.485411 18.148914 61.294228  0.154803 0.974083 0.164919  0.297874 0.539833 0
0  -5.989530 13.705231 78.667503  0.143329 0.976577 0.160482  0.297874 0.539833 0
0  -16.281406 18.250322 60.643143  0.148489 0.974983 0.165408  0.297874 0.539833 0
painted_wood_01
0  -8.702635 14.028353 78.064873  0.135635 0.973035 0.186563  0.297874 0.539833 0
0  -17.881268 18.343414 61.472343  0.126007 0.975536 0.180141  0.297874 0.539833 0
0  -9.360415 14.167558 77.882286  0.127168 0.975058 0.181906  0.297874 0.539833 0
painted_wood_01
0  -47.909599 15.260749 76.788872  -0.302833 -0.233820 0.923916  0.297874 0.539833 0
0  -48.092285 16.343782 77.003075  -0.302833 -0.233820 0.923916  0.297874 0.539833 0
0  -48.192108 15.036601 76.639549  -0.302833 -0.233820 0.923916  0.297874 0.539833 0
black.001
0  -24.237511 12.342069 83.809418  -0.302831 -0.233819 0.923917  16.942293 4.680918 0
0  -24.054821 11.259034 83.595215  -0.302831 -0.233819 0.923917  17.797235 4.593632 0
0  -23.955002 12.566216 83.958740  -0.302831 -0.233819 0.923917  16.808086 4.709914 0
painted_wood_01
0  -24.296829 11.565270 83.593391  -0.302838 -0.233819 0.923914  0.297874 0.539833 0
0  -48.192108 15.036601 76.639549  -0.302838 -0.233819 0.923914  0.297874 0.539833 0
0  -24.054821 11.259034 83.595215  -0.302838 -0.233819 0.923914  0.297874 0.539833 0
painted_wood_01
0  -47.850277 16.037546 77.004898  -0.302838 -0.233819 0.923914  0.297874 0.539833 0
0  -23.955002 12.566216 83.958740  -0.302838 -0.233819 0.923914  0.297874 0.539833 0
0  -48.092285 16.343782 77.003075  -0.302838 -0.233819 0.923914  0.297874 0.539833 0
painted_wood_01
0  -47.909599 15.260749 76.788872  -0.073372 -0.960841 -0.267209  0.297874 0.539833 0
0  -24.579412 11.347095 84.455513  -0.073372 -0.960841 -0.267209  0.297874 0.539833 0
0  -48.192184 15.042574 77.650993  -0.073372 -0.960841 -0.267209  0.297874 0.539833 0
c_invasion_wrangler_laser
0  -42.178913 13.230906 83.405495  -0.302840 -0.233823 0.923913  0.000000 0.000000 0
0  -33.305206 11.732206 85.934822  -0.302840 -0.233823 0.923913  0.000000 0.000000 0
0  -33.296909 11.840841 85.965034  -0.302840 -0.233823 0.923913  0.000000 0.000000 0
painted_wood_01
0  -24.237511 12.342069 83.809418  0.073375 0.960841 0.267208  0.297874 0.539833 0
0  -48.132862 15.819371 77.867020  0.073375 0.960841 0.267208  0.297874 0.539833 0
0  -24.520094 12.123894 84.671539  0.073375 0.960841 0.267208  0.297874 0.539833 0
c_invasion_wrangler_laser
0  -24.861050 11.855035 84.769951  0.140247 -0.002254 0.990114  0.000000 0.000000 0
0  -42.178913 13.230906 83.405495  0.047295 0.937417 0.344982  0.000000 0.000000 0
0  -33.296909 11.840841 85.965034  0.047295 0.937417 0.344982  0.000000 0.000000 0
painted_wood_01
0  -48.132862 15.819371 77.867020  -0.886036 -0.060185 0.459693  0.297874 0.539833 0
0  -48.006912 15.191230 78.027557  -0.665147 -0.522461 0.533492  0.297874 0.539833 0
0  -47.985313 15.474060 78.106209  -0.605245 0.262055 0.751668  0.297874 0.539833 0
painted_wood_01
0  -24.861050 11.855035 84.769951  0.170620 0.140658 0.975246  0.297874 0.539833 0
0  -24.579412 11.347095 84.455513  0.457734 -0.270488 0.846945  0.297874 0.539833 0
0  -24.520094 12.123894 84.671539  0.457734 -0.270488 0.846945  0.297874 0.539833 0
painted_wood_01
0  -48.192184 15.042574 77.650993  -0.266028 -0.844744 0.464368  0.297874 0.539833 0
0  -24.882648 11.572204 84.691299  0.110631 -0.643848 0.757113  0.297874 0.539833 0
0  -48.006912 15.191230 78.027557  -0.665142 -0.522465 0.533495  0.297874 0.539833 0
painted_wood_01
0  -24.520094 12.123894 84.671539  -0.162259 0.514066 0.842264  0.297874 0.539833 0
0  -47.985313 15.474060 78.106209  -0.605230 0.262069 0.751676  0.297874 0.539833 0
0  -24.861050 11.855035 84.769951  0.170607 0.140637 0.975251  0.297874 0.539833 0
painted_wood_01
0  -47.850277 16.037546 77.004898  -0.950213 0.148712 -0.273824  0.297874 0.539833 0
0  -48.192184 15.042574 77.650993  -0.950213 0.148712 -0.273824  0.297874 0.539833 0
0  -48.132862 15.819371 77.867020  -0.950213 0.148712 -0.273824  0.297874 0.539833 0
c_invasion_wrangler_laser
0  -48.006912 15.191230 78.027557  -0.692256 -0.407839 0.595356  0.000000 0.000000 0
0  -33.305206 11.732206 85.934822  -0.062420 -0.951798 -0.300308  0.000000 0.000000 0
0  -42.187210 13.122271 83.375290  -0.062420 -0.951798 -0.300308  0.000000 0.000000 0
c_invasion_wrangler_laser
0  -24.882648 11.572204 84.691299  0.114404 -0.526254 0.842596  0.000000 0.000000 0
0  -33.296909 11.840841 85.965034  0.135307 -0.275059 0.951859  0.000000 0.000000 0
0  -33.305206 11.732206 85.934822  0.135307 -0.275059 0.951859  0.000000 0.000000 0
c_invasion_wrangler_laser
0  -47.985313 15.474060 78.106209  -0.639333 0.133879 0.757186  0.000000 0.000000 0
0  -42.187210 13.122271 83.375290  -0.696677 -0.142304 0.703130  0.000000 0.000000 0
0  -42.178913 13.230906 83.405495  -0.696677 -0.142304 0.703130  0.000000 0.000000 0
gold_player.001
0  -24.882648 11.572204 84.691299  -0.302840 -0.233810 0.923916  0.000000 0.000000 0
0  -47.985313 15.474060 78.106209  -0.302840 -0.233810 0.923916  0.000000 0.000000 0
0  -48.006912 15.191230 78.027557  -0.302840 -0.233810 0.923916  0.000000 0.000000 0
painted_wood_01
0  -21.884041 19.151443 54.870033  0.003406 -0.943211 -0.332177  0.297874 0.539833 0
0  -17.842327 17.029314 61.122391  0.010044 -0.947651 -0.319149  0.297874 0.539833 0
0  -22.802357 19.268536 54.450523  0.005967 -0.947892 -0.318535  0.297874 0.539833 0
painted_wood_01
0  -16.891392 17.565731 60.207973  0.015693 -0.963490 -0.267286  0.297874 0.539833 0
0  -18.808975 19.187681 54.125484  0.024295 -0.966077 -0.257110  0.297874 0.539833 0
0  -16.259218 17.501581 60.443756  0.017441 -0.965759 -0.258853  0.297874 0.539833 0
painted_wood_01
0  -19.140585 19.027666 54.625622  -0.058002 -0.963389 -0.261758  0.297874 0.539833 0
0  -22.802357 19.268536 54.450523  -0.048898 -0.966869 -0.250547  0.297874 0.539833 0
0  -18.808975 19.187681 54.125484  -0.056566 -0.965806 -0.253021  0.297874 0.539833 0
painted_wood_01
0  -17.680670 17.220774 60.513130  0.156309 -0.914912 -0.372160  0.297874 0.539833 0
0  -16.259218 17.501581 60.443756  0.163293 -0.918707 -0.359602  0.297874 0.539833 0
0  -17.842327 17.029314 61.122391  0.159185 -0.918410 -0.362193  0.297874 0.539833 0
painted_wood_01
0  -17.724173 18.421820 60.838787  0.191556 0.964362 0.182518  0.297874 0.539833 0
0  -22.702538 20.575718 54.814049  0.203065 0.963779 0.172900  0.297874 0.539833 0
0  -17.881268 18.343414 61.472343  0.197429 0.965154 0.171756  0.297874 0.539833 0
painted_wood_01
0  -16.902895 18.415159 60.424503  0.134494 0.970597 0.199630  0.297874 0.539833 0
0  -17.881268 18.343414 61.472343  0.147241 0.970213 0.192371  0.297874 0.539833 0
0  -16.281406 18.250322 60.643143  0.138007 0.971389 0.193282  0.297874 0.539833 0
painted_wood_01
0  -19.146992 19.760611 54.822784  0.185611 0.969687 0.158920  0.297874 0.539833 0
0  -16.281406 18.250322 60.643143  0.194795 0.969493 0.148789  0.297874 0.539833 0
0  -18.826790 19.788956 54.285610  0.189831 0.970442 0.149017  0.297874 0.539833 0
painted_wood_01
0  -21.812471 20.328451 55.191402  0.213802 0.964176 0.157014  0.297874 0.539833 0
0  -18.826790 19.788956 54.285610  0.224231 0.963595 0.145623  0.297874 0.539833 0
0  -22.702538 20.575718 54.814049  0.220366 0.964540 0.145265  0.297874 0.539833 0
gold_player.001
0  -32.957481 19.624256 59.670280  0.366655 0.454834 0.811597  -1.253374 -1.872724 0
0  -35.863914 19.022190 62.311348  0.366631 0.454833 0.811609  -1.215035 -1.872725 0
0  -33.396935 19.166164 61.116234  0.366630 0.454833 0.811609  -1.242776 -1.872724 0
gold_player.001
0  -39.821739 18.628241 62.807175  0.266707 -0.853436 0.447789  -1.101102 -1.872725 0
0  -35.896965 18.589418 62.190990  0.266732 -0.853434 0.447776  -1.139438 -1.872725 0
0  -38.363941 18.445446 63.386105  0.266733 -0.853434 0.447777  -1.111697 -1.872725 0
gold_player.001
0  -23.106909 19.603731 54.709778  0.489408 -0.310676 0.814837  -1.289059 -1.872724 0
0  -26.235973 19.584087 57.647148  0.463445 0.424693 0.777724  -1.354209 -1.872724 0
0  -26.269020 19.151314 57.526794  0.368078 -0.824179 0.430403  -1.299507 -1.872724 0
gold_player.001
0  -36.366772 19.425287 61.321892  0.366606 0.454831 0.811621  -1.215037 -1.872725 0
0  -38.330887 18.878218 63.506458  0.366631 0.454832 0.811609  -1.187294 -1.872725 0
0  -35.863914 19.022190 62.311348  0.366605 0.454830 0.811622  -1.215035 -1.872725 0
gold_player.001
0  -36.412449 18.827209 61.155563  0.266755 -0.853434 0.447764  -1.139439 -1.872725 0
0  -33.429989 18.733393 60.995880  0.266732 -0.853435 0.447775  -1.167179 -1.872725 0
0  -35.896965 18.589418 62.190990  0.266758 -0.853433 0.447763  -1.139438 -1.872725 0
gold_player.001
0  -39.776058 19.226318 62.973499  0.366651 0.454834 0.811599  -1.176699 -1.872725 0
0  -40.797867 18.734241 64.701569  0.366685 0.454835 0.811583  -1.159554 -1.872725 0
0  -38.330887 18.878218 63.506458  0.366642 0.454833 0.811603  -1.187296 -1.872725 0
gold_player.001
0  -33.003159 19.026178 59.503956  0.266709 -0.853436 0.447786  -1.177777 -1.872725 0
0  -30.963009 18.877369 59.800770  0.266676 -0.853438 0.447803  -1.194920 -1.872725 0
0  -33.429989 18.733393 60.995880  0.266719 -0.853435 0.447783  -1.167179 -1.872725 0
painted_wood_01
0  -23.061239 20.201813 54.876102  0.495895 -0.224459 0.838872  0.297874 0.539833 0
0  -22.802357 19.268536 54.450523  0.432345 -0.272085 0.859679  0.297874 0.539833 0
0  -22.702538 20.575718 54.814049  0.432345 -0.272085 0.859679  0.297874 0.539833 0
painted_wood_01
0  -46.640320 18.230301 66.110397  0.266689 -0.853535 0.447610  0.297874 0.539833 0
0  -50.076683 17.676781 67.663406  0.432340 -0.272099 0.859677  0.297874 0.539833 0
0  -46.667393 17.875750 66.011795  0.432340 -0.272099 0.859677  0.297874 0.539833 0
painted_wood_01
0  -49.717979 18.050686 67.601349  0.365881 -0.317883 0.874689  0.297874 0.539833 0
0  -49.976860 18.983963 68.026932  0.432344 -0.272092 0.859677  0.297874 0.539833 0
0  -50.076683 17.676781 67.663406  0.432344 -0.272092 0.859677  0.297874 0.539833 0
painted_wood_01
0  -26.138903 20.022196 56.367062  0.366564 0.455009 0.811540  0.297874 0.539833 0
0  -22.702538 20.575718 54.814049  0.432350 -0.272083 0.859677  0.297874 0.539833 0
0  -26.111828 20.376747 56.465660  0.432350 -0.272083 0.859677  0.297874 0.539833 0
painted_wood_01
0  -49.672310 18.648767 67.767677  0.372467 -0.231671 0.898664  0.297874 0.539833 0
0  -46.567570 19.182932 66.375320  0.432347 -0.272093 0.859675  0.297874 0.539833 0
0  -49.976860 18.983963 68.026932  0.432347 -0.272093 0.859675  0.297874 0.539833 0
painted_wood_01
0  -46.594643 18.828381 66.276718  0.366558 0.454996 0.811550  0.297874 0.539833 0
0  -43.158279 19.381901 64.723709  0.432343 -0.272100 0.859675  0.297874 0.539833 0
0  -46.567570 19.182932 66.375320  0.432343 -0.272100 0.859675  0.297874 0.539833 0
painted_wood_01
0  -43.185352 19.027349 64.625107  0.366558 0.454996 0.811550  0.297874 0.539833 0
0  -39.748985 19.580870 63.072098  0.432343 -0.272100 0.859675  0.297874 0.539833 0
0  -43.158279 19.381901 64.723709  0.432343 -0.272100 0.859675  0.297874 0.539833 0
painted_wood_01
0  -39.776058 19.226318 62.973499  0.366554 0.455015 0.811542  0.297874 0.539833 0
0  -36.339699 19.779839 61.420490  0.432342 -0.272078 0.859683  0.297874 0.539833 0
0  -39.748985 19.580870 63.072098  0.432342 -0.272078 0.859683  0.297874 0.539833 0
painted_wood_01
0  -36.366772 19.425287 61.321892  0.366555 0.455016 0.811541  0.297874 0.539833 0
0  -32.930408 19.978807 59.768879  0.432344 -0.272076 0.859682  0.297874 0.539833 0
0  -36.339699 19.779839 61.420490  0.432344 -0.272076 0.859682  0.297874 0.539833 0
painted_wood_01
0  -32.957481 19.624256 59.670280  0.366558 0.455009 0.811543  0.297874 0.539833 0
0  -29.521118 20.177778 58.117268  0.432345 -0.272085 0.859679  0.297874 0.539833 0
0  -32.930408 19.978807 59.768879  0.432345 -0.272085 0.859679  0.297874 0.539833 0
painted_wood_01
0  -29.548193 19.823227 58.018669  0.366558 0.455011 0.811542  0.297874 0.539833 0
0  -26.111828 20.376747 56.465660  0.432342 -0.272083 0.859681  0.297874 0.539833 0
0  -29.521118 20.177778 58.117268  0.432342 -0.272083 0.859681  0.297874 0.539833 0
painted_wood_01
0  -23.106909 19.603731 54.709778  0.489315 -0.310684 0.814890  0.297874 0.539833 0
0  -26.211647 19.069567 56.102135  0.432349 -0.272096 0.859673  0.297874 0.539833 0
0  -22.802357 19.268536 54.450523  0.432349 -0.272096 0.859673  0.297874 0.539833 0
painted_wood_01
0  -26.184572 19.424118 56.200733  0.266688 -0.853528 0.447625  0.297874 0.539833 0
0  -29.620941 18.870596 57.753746  0.432340 -0.272083 0.859682  0.297874 0.539833 0
0  -26.211647 19.069567 56.102135  0.432340 -0.272083 0.859682  0.297874 0.539833 0
painted_wood_01
0  -29.593866 19.225147 57.852345  0.266692 -0.853527 0.447625  0.297874 0.539833 0
0  -33.030231 18.671627 59.405357  0.432345 -0.272079 0.859681  0.297874 0.539833 0
0  -29.620941 18.870596 57.753746  0.432345 -0.272079 0.859681  0.297874 0.539833 0
painted_wood_01
0  -33.003159 19.026178 59.503956  0.266691 -0.853532 0.447614  0.297874 0.539833 0
0  -36.439522 18.472658 61.056965  0.432345 -0.272093 0.859676  0.297874 0.539833 0
0  -33.030231 18.671627 59.405357  0.432345 -0.272093 0.859676  0.297874 0.539833 0
painted_wood_01
0  -36.412449 18.827209 61.155563  0.266694 -0.853527 0.447623  0.297874 0.539833 0
0  -39.848812 18.273689 62.708576  0.432345 -0.272080 0.859680  0.297874 0.539833 0
0  -36.439522 18.472658 61.056965  0.432345 -0.272080 0.859680  0.297874 0.539833 0
painted_wood_01
0  -39.821739 18.628241 62.807175  0.266694 -0.853532 0.447613  0.297874 0.539833 0
0  -43.258102 18.074720 64.360184  0.432348 -0.272093 0.859675  0.297874 0.539833 0
0  -39.848812 18.273689 62.708576  0.432348 -0.272093 0.859675  0.297874 0.539833 0
painted_wood_01
0  -43.231030 18.429270 64.458786  0.266696 -0.853529 0.447619  0.297874 0.539833 0
0  -46.667393 17.875750 66.011795  0.432344 -0.272082 0.859680  0.297874 0.539833 0
0  -43.258102 18.074720 64.360184  0.432344 -0.272082 0.859680  0.297874 0.539833 0
gold_player.001
0  -26.269020 19.151314 57.526794  0.368144 -0.824170 0.430365  -1.258152 -1.872725 0
0  -28.462982 19.454115 58.726013  0.366598 0.454999 0.811531  -1.287812 -1.872724 0
0  -28.496029 19.021345 58.605656  0.266690 -0.853536 0.447608  -1.233110 -1.872724 0
gold_player.001
0  -28.496029 19.021345 58.605656  0.266598 -0.853536 0.447662  -1.233110 -1.872725 0
0  -30.929958 19.310141 59.921124  0.366860 0.455023 0.811399  -1.260071 -1.872724 0
0  -30.963009 18.877369 59.800770  0.266692 -0.853531 0.447616  -1.205369 -1.872725 0
gold_player.001
0  -30.963009 18.877369 59.800770  0.266596 -0.853543 0.447651  -1.205369 -1.872725 0
0  -33.396935 19.166164 61.116234  0.366594 0.454995 0.811535  -1.232330 -1.872725 0
0  -33.429989 18.733393 60.995880  0.266689 -0.853537 0.447607  -1.177628 -1.872725 0
gold_player.001
0  -33.429989 18.733393 60.995880  0.266591 -0.853543 0.447653  -1.177628 -1.872725 0
0  -35.863914 19.022190 62.311348  0.366587 0.454993 0.811539  -1.204589 -1.872725 0
0  -35.896965 18.589418 62.190990  0.266683 -0.853540 0.447604  -1.149887 -1.872725 0
gold_player.001
0  -35.896965 18.589418 62.190990  0.266593 -0.853547 0.447646  -1.149887 -1.872725 0
0  -38.330887 18.878218 63.506458  0.366596 0.454987 0.811538  -1.176849 -1.872725 0
0  -38.363941 18.445446 63.386105  0.266684 -0.853542 0.447600  -1.122146 -1.872725 0
gold_player.001
0  -38.363941 18.445446 63.386105  0.266603 -0.853531 0.447668  -1.122146 -1.872725 0
0  -40.797867 18.734241 64.701569  0.366588 0.455014 0.811527  -1.149107 -1.872725 0
0  -40.830917 18.301468 64.581223  0.266694 -0.853527 0.447622  -1.094405 -1.872725 0
gold_player.001
0  -40.830917 18.301468 64.581223  0.266597 -0.853536 0.447664  -1.094404 -1.872726 0
0  -43.264843 18.590267 65.896683  0.366767 0.455018 0.811443  -1.121365 -1.872725 0
0  -43.297894 18.157494 65.776329  0.266690 -0.853531 0.447617  -1.066663 -1.872726 0
gold_player.001
0  -43.297894 18.157494 65.776329  0.266640 -0.853535 0.447639  -1.066663 -1.872725 0
0  -45.491856 18.460299 66.975548  0.283427 0.414210 0.864927  -1.096324 -1.872725 0
0  -45.524902 18.027523 66.855194  0.187997 -0.834688 0.517642  -1.041621 -1.872725 0
gold_player.001
0  -43.231030 18.429270 64.458786  0.266691 -0.853440 0.447791  -1.062765 -1.872725 0
0  -38.363941 18.445446 63.386105  0.266743 -0.853436 0.447766  -1.111698 -1.872725 0
0  -40.830917 18.301468 64.581223  0.266751 -0.853436 0.447762  -1.083957 -1.872725 0
gold_player.001
0  -29.548193 19.823227 58.018669  0.366673 0.454836 0.811588  -1.291711 -1.872724 0
0  -33.396935 19.166164 61.116234  0.366622 0.454834 0.811612  -1.242777 -1.872724 0
0  -30.929958 19.310141 59.921124  0.366614 0.454833 0.811617  -1.270518 -1.872724 0
gold_player.001
0  -49.672310 18.648767 67.767677  0.372352 -0.231669 0.898712  -1.065417 -1.872726 0
0  -45.524902 18.027523 66.855194  0.188008 -0.834683 0.517646  -1.000265 -1.872726 0
0  -45.491856 18.460299 66.975548  0.283368 0.414190 0.864956  -1.054968 -1.872726 0
gold_player.001
0  -46.640320 18.230301 66.110397  0.266791 -0.853433 0.447744  -1.024428 -1.872726 0
0  -40.830917 18.301468 64.581223  0.266726 -0.853437 0.447775  -1.083957 -1.872725 0
0  -43.297894 18.157494 65.776329  0.266767 -0.853435 0.447755  -1.056216 -1.872725 0
gold_player.001
0  -26.138903 20.022196 56.367062  0.366570 0.454831 0.811637  -1.330048 -1.872724 0
0  -30.929958 19.310141 59.921124  0.366634 0.454832 0.811608  -1.270518 -1.872724 0
0  -28.462982 19.454115 58.726013  0.366593 0.454831 0.811627  -1.298259 -1.872724 0
gold_player.001
0  -23.061239 20.201813 54.876102  0.495907 -0.224536 0.838844  -1.364657 -1.872724 0
0  -28.462982 19.454115 58.726013  0.366668 0.454833 0.811592  -1.298259 -1.872724 0
0  -26.235973 19.584087 57.647148  0.463527 0.424527 0.777766  -1.323302 -1.872724 0
gold_player.001
0  -26.184572 19.424118 56.200733  0.266712 -0.853438 0.447782  -1.254451 -1.872724 0
0  -26.269020 19.151314 57.526794  0.368128 -0.824075 0.430561  -1.247704 -1.872725 0
0  -28.496029 19.021345 58.605656  0.266672 -0.853440 0.447801  -1.222661 -1.872724 0
gold_player.001
0  -46.594643 18.828381 66.276718  0.366645 0.454840 0.811598  -1.100025 -1.872725 0
0  -45.491856 18.460299 66.975548  0.283435 0.414022 0.865015  -1.106771 -1.872725 0
0  -43.264843 18.590267 65.896683  0.366689 0.454843 0.811577  -1.131813 -1.872725 0
gold_player.001
0  -29.593866 19.225147 57.852345  0.266725 -0.853436 0.447778  -1.216114 -1.872725 0
0  -28.496029 19.021345 58.605656  0.266731 -0.853435 0.447776  -1.222661 -1.872725 0
0  -30.963009 18.877369 59.800770  0.266710 -0.853437 0.447785  -1.194920 -1.872725 0
gold_player.001
0  -43.185352 19.027349 64.625107  0.366640 0.454837 0.811603  -1.138362 -1.872725 0
0  -43.264843 18.590267 65.896683  0.366634 0.454837 0.811605  -1.131814 -1.872725 0
0  -40.797867 18.734241 64.701569  0.366654 0.454837 0.811596  -1.159555 -1.872725 0
black.001
0  -11.131424 12.562930 80.157036  0.468816 -0.223072 0.854664  19.385180 5.263299 0
0  -17.741055 11.044974 83.386444  0.468815 -0.223072 0.854664  19.820961 4.937456 0
0  -10.724439 12.196499 79.843155  0.468815 -0.223072 0.854664  19.722363 5.245944 0
black.001
0  -17.782936 11.927798 83.620392  0.467859 -0.223276 0.855135  19.119209 5.007977 0
0  -10.763379 13.510597 80.193115  0.467860 -0.223276 0.855134  18.677723 5.351672 0
0  -17.779997 12.359073 83.736404  0.467860 -0.223276 0.855134  18.776321 5.043183 0
black.001
0  -11.144814 13.014774 80.277374  0.468100 -0.214429 0.857264  19.025984 5.299653 0
0  -10.724439 12.196499 79.843155  0.468100 -0.214429 0.857264  19.722363 5.245944 0
0  -10.763379 13.510597 80.193115  0.468100 -0.214429 0.857264  18.677723 5.351672 0
black.001
0  -23.576080 11.673958 83.696274  0.024024 -0.272721 0.961793  18.587931 4.679616 0
0  -23.955002 12.566216 83.958740  0.024024 -0.272721 0.961793  17.852055 4.742558 0
0  -24.054821 11.259034 83.595215  0.024024 -0.272721 0.961793  18.872898 4.630065 0
black.001
0  -23.541658 12.121210 83.826889  0.025927 -0.260915 0.965014  18.237413 4.718241 0
0  -17.779997 12.359073 83.736404  0.025927 -0.260915 0.965014  18.548046 4.917122 0
0  -23.955002 12.566216 83.958740  0.025927 -0.260915 0.965014  17.852055 4.742558 0
black.001
0  -17.738211 11.476246 83.502457  0.023139 -0.260718 0.965137  19.243990 4.844838 0
0  -24.054821 11.259034 83.595215  0.023139 -0.260718 0.965137  18.872898 4.630065 0
0  -17.741055 11.044974 83.386444  0.023139 -0.260718 0.965137  19.582434 4.808756 0
painted_wood_01
0  -23.576080 11.673958 83.696274  -0.040706 -0.971011 -0.235543  0.297874 0.539833 0
0  -17.556128 11.304677 84.178268  0.112807 -0.972585 0.203356  0.297874 0.539833 0
0  -23.393988 11.502380 84.372116  -0.610166 -0.723854 0.322076  0.297874 0.539833 0
gold_player.001
0  -17.470942 11.644767 84.323196  0.341590 0.147014 0.928280  19.209156 4.995910 0
0  -11.017969 12.452044 81.006950  0.662947 -0.446300 0.601097  19.316710 5.259147 0
0  -11.025458 12.701221 81.073105  0.642246 0.143183 0.753007  19.118660 5.279191 0
painted_wood_01
0  -17.782936 11.927798 83.620392  0.041055 0.971018 0.235453  0.297874 0.539833 0
0  -23.359566 11.949633 84.502731  -0.540737 0.540998 0.644146  0.297874 0.539833 0
0  -17.600853 11.756228 84.296204  0.114261 0.761023 0.638584  0.297874 0.539833 0
painted_wood_01
0  -11.131424 12.562930 80.157036  0.967096 0.091844 -0.237254  0.297874 0.539833 0
0  -10.962720 12.843196 80.953224  0.721803 0.617576 0.312409  0.297874 0.539833 0
0  -10.949330 12.391352 80.832886  0.762398 -0.646842 -0.018541  0.297874 0.539833 0
painted_wood_01
0  -23.541658 12.121210 83.826889  -0.965665 -0.001540 0.259786  0.297874 0.539833 0
0  -23.393988 11.502380 84.372116  -0.610041 -0.723955 0.322086  0.297874 0.539833 0
0  -23.359566 11.949633 84.502731  -0.540747 0.541140 0.644019  0.297874 0.539833 0
gold_player.001
0  -17.645033 11.384835 84.308640  0.106703 -0.577107 0.809668  19.236647 4.848445 0
0  -17.556128 11.304677 84.178268  0.112732 -0.972583 0.203405  19.249359 4.850942 0
0  -17.446379 11.395724 84.257942  0.363020 -0.546058 0.755008  19.249962 4.851626 0
gold_player.001
0  -17.669548 11.632319 84.373558  0.122550 0.113399 0.985963  18.882149 4.885396 0
0  -17.470942 11.644767 84.323196  0.341639 0.147171 0.928237  18.892258 4.887795 0
0  -17.600853 11.756228 84.296204  0.114377 0.760945 0.638656  18.891651 4.887084 0
gold_player.001
0  -17.669548 11.632319 84.373558  0.122457 0.113277 0.985988  19.200010 4.992856 0
0  -17.446379 11.395724 84.257942  0.363031 -0.545931 0.755095  19.407114 4.976425 0
0  -17.470942 11.644767 84.323196  0.341550 0.146953 0.928304  19.209156 4.995910 0
gold_player.001
0  -11.017969 12.452044 81.006950  0.662924 -0.446378 0.601065  19.380690 5.252655 0
0  -17.556128 11.304677 84.178268  0.112776 -0.972570 0.203442  19.473026 4.966938 0
0  -10.949330 12.391352 80.832886  0.762530 -0.646688 -0.018523  19.380135 5.257577 0
gold_player.001
0  -17.470942 11.644767 84.323196  0.341549 0.147135 0.928275  19.112009 5.005757 0
0  -10.962720 12.843196 80.953224  0.721936 0.617404 0.312442  19.020908 5.293963 0
0  -17.600853 11.756228 84.296204  0.114276 0.760959 0.638657  19.114140 5.002287 0
gold_player.001
0  -11.025458 12.701221 81.073105  0.642309 0.143192 0.752951  19.106350 5.284380 0
0  -10.949330 12.391352 80.832886  0.762404 -0.646833 -0.018633  19.384998 5.257100 0
0  -10.962720 12.843196 80.953224  0.721809 0.617582 0.312384  19.025801 5.293454 0
gold_player.001
0  -23.359566 11.949633 84.502731  -0.540740 0.541163 0.644005  18.236126 4.725029 0
0  -23.254391 11.573901 84.498169  -0.246372 -0.521579 0.816858  18.505171 4.696367 0
0  -23.235451 11.820174 84.569801  -0.213005 0.065824 0.974831  18.312223 4.717628 0
gold_player.001
0  -23.235451 11.820174 84.569801  -0.213018 0.065892 0.974824  18.254789 4.728056 0
0  -17.600853 11.756228 84.296204  0.114269 0.760959 0.638658  18.891651 4.887084 0
0  -23.359566 11.949633 84.502731  -0.540873 0.541102 0.643945  18.242577 4.724289 0
gold_player.001
0  -23.393988 11.502380 84.372116  -0.610186 -0.723875 0.321991  18.593302 4.685721 0
0  -17.645033 11.384835 84.308640  0.106717 -0.577054 0.809704  19.236647 4.848445 0
0  -23.254391 11.573901 84.498169  -0.246350 -0.521585 0.816860  18.606260 4.689688 0
gold_player.001
0  -23.235451 11.820174 84.569801  -0.213009 0.065863 0.974828  18.330643 4.719872 0
0  -17.645033 11.384835 84.308640  0.106650 -0.576990 0.809758  19.153976 4.857368 0
0  -17.669548 11.632319 84.373558  0.122497 0.113266 0.985984  18.957981 4.877213 0
painted_wood_01
0  -8.347279 12.623274 79.168091  0.320258 -0.273309 0.907048  0.297874 0.539833 0
0  -9.554316 13.066565 79.680176  0.304501 -0.236689 0.922636  0.297874 0.539833 0
0  -10.724439 12.196499 79.843155  0.272418 -0.213068 0.938291  0.297874 0.539833 0
black.001
0  -10.724439 12.196499 79.843155  0.264049 -0.246685 0.932429  19.722363 5.245944 0
0  -9.554316 13.066565 79.680176  0.304502 -0.236686 0.922637  19.121895 5.346248 0
0  -10.763379 13.510597 80.193115  0.263575 -0.236576 0.935179  18.677723 5.351672 0
painted_wood_01
0  16.281406 18.250322 60.643143  -0.900705 0.135728 -0.412683  0.297874 0.539833 0
0  18.808975 19.187681 54.125484  -0.900694 0.136748 -0.412371  0.297874 0.539833 0
0  16.259218 17.501581 60.443756  -0.900658 0.137340 -0.412254  0.297874 0.539833 0
painted_wood_01
0  17.842327 17.029314 61.122391  0.757221 -0.154930 0.634518  0.297874 0.539833 0
0  22.702538 20.575718 54.814049  0.757272 -0.154527 0.634555  0.297874 0.539833 0
0  17.881268 18.343414 61.472343  0.757193 -0.154914 0.634555  0.297874 0.539833 0
painted_wood_01
0  18.826790 19.788956 54.285610  -0.392407 0.230234 -0.890510  0.297874 0.539833 0
0  22.393518 19.937075 52.752216  -0.392406 0.230235 -0.890511  0.297874 0.539833 0
0  18.808975 19.187681 54.125484  -0.392407 0.230235 -0.890510  0.297874 0.539833 0
painted_wood_01
0  36.339699 19.779839 61.420490  -0.044349 0.978542 0.201217  0.297874 0.539833 0
0  39.748985 19.580870 63.072098  -0.044350 0.978542 0.201217  0.297874 0.539833 0
0  50.610302 19.382612 66.767395  -0.044349 0.978542 0.201217  0.297874 0.539833 0
black.001
0  17.724173 18.421820 60.838787  -0.198052 0.966967 0.160471  -1.532320 0.803617 0
0  19.146992 19.760611 54.822784  -0.197851 0.967009 0.160465  -1.715409 1.441672 0
0  16.902895 18.415159 60.424503  -0.197886 0.966983 0.160576  -1.450059 0.841037 0
painted_wood_01
0  50.570518 19.268330 66.308739  -0.055527 0.971219 0.231624  0.297874 0.539833 0
0  25.597885 21.018993 52.981323  -0.055527 0.971219 0.231624  0.297874 0.539833 0
0  23.708616 20.836018 53.295643  -0.055527 0.971219 0.231624  0.297874 0.539833 0
painted_wood_01
0  18.808975 19.187681 54.125484  0.063286 -0.923339 -0.378735  0.297874 0.539833 0
0  23.223351 19.888647 53.154224  0.063287 -0.923339 -0.378735  0.297874 0.539833 0
0  22.802357 19.268536 54.450523  0.063293 -0.923338 -0.378736  0.297874 0.539833 0
painted_wood_01
0  36.439522 18.472658 61.056965  0.101995 -0.937833 -0.331761  0.297874 0.539833 0
0  33.030231 18.671627 59.405357  0.101993 -0.937833 -0.331762  0.297874 0.539833 0
0  23.223351 19.888647 53.154224  0.101993 -0.937833 -0.331762  0.297874 0.539833 0
painted_wood_01
0  49.976860 18.983963 68.026932  -0.073371 0.960841 0.267209  0.297874 0.539833 0
0  52.216164 18.976110 68.670052  -0.073371 0.960841 0.267209  0.297874 0.539833 0
0  50.610302 19.382612 66.767395  -0.073371 0.960841 0.267209  0.297874 0.539833 0
painted_wood_01
0  22.393518 19.937075 52.752216  0.432345 0.272091 -0.859677  0.297874 0.539833 0
0  23.155602 20.775839 53.400951  0.432345 0.272091 -0.859677  0.297874 0.539833 0
0  23.223351 19.888647 53.154224  0.432345 0.272091 -0.859677  0.297874 0.539833 0
black.001
0  16.891392 17.565731 60.207973  -0.012667 -0.957117 -0.289425  2.459895 0.901398 0
0  21.884041 19.151443 54.870033  -0.012453 -0.957175 -0.289241  3.025908 1.493207 0
0  17.680670 17.220774 60.513130  -0.012437 -0.957333 -0.288718  2.537665 0.864960 0
gold_player.001
0  49.717979 18.050686 67.601349  -0.365942 -0.317767 0.874706  -0.989820 -1.872726 0
0  43.297894 18.157494 65.776329  -0.266719 -0.853412 0.447826  -1.056216 -1.872725 0
0  46.640320 18.230301 66.110397  -0.266808 -0.853407 0.447783  -1.024428 -1.872726 0
painted_wood_01
0  22.702538 20.575718 54.814049  -0.185642 0.967617 0.171037  0.297874 0.539833 0
0  22.325769 20.824270 52.998947  -0.185642 0.967617 0.171037  0.297874 0.539833 0
0  18.826790 19.788956 54.285610  -0.185642 0.967617 0.171039  0.297874 0.539833 0
painted_wood_01
0  17.741055 11.044974 83.386444  -0.028624 -0.965926 -0.257232  0.297874 0.539833 0
0  11.410264 12.510656 78.587151  -0.028624 -0.965926 -0.257232  0.297874 0.539833 0
0  18.426880 11.359132 82.130447  -0.028624 -0.965926 -0.257232  0.297874 0.539833 0
painted_wood_01
0  17.738211 11.476246 83.502457  -0.030570 -0.966805 -0.253679  0.297874 0.539833 0
0  10.949330 12.391352 80.832886  -0.762515 -0.646708 -0.018424  0.297874 0.539833 0
0  11.131424 12.562930 80.157036  -0.030570 -0.966805 -0.253679  0.297874 0.539833 0
painted_wood_01
0  24.054821 11.259034 83.595215  0.045176 -0.969758 -0.239851  0.297874 0.539833 0
0  18.426880 11.359132 82.130447  0.045176 -0.969758 -0.239851  0.297874 0.539833 0
0  23.611124 11.601605 82.241554  0.045176 -0.969758 -0.239850  0.297874 0.539833 0
painted_wood_01
0  11.144814 13.014774 80.277374  0.030556 0.966806 0.253677  0.297874 0.539833 0
0  17.600853 11.756228 84.296204  -0.114318 0.761009 0.638590  0.297874 0.539833 0
0  17.782936 11.927798 83.620392  0.030556 0.966806 0.253677  0.297874 0.539833 0
painted_wood_01
0  51.094524 15.636385 75.279793  0.073371 -0.960842 -0.267208  0.297874 0.539833 0
0  47.748409 15.379170 75.285896  0.073371 -0.960842 -0.267208  0.297874 0.539833 0
0  50.010414 15.822742 74.312012  0.073371 -0.960842 -0.267208  0.297874 0.539833 0
painted_wood_01
0  52.692825 16.407087 72.947365  0.073372 -0.960840 -0.267214  0.297874 0.539833 0
0  50.010414 15.822742 74.312012  0.073372 -0.960840 -0.267214  0.297874 0.539833 0
0  51.236122 16.273088 73.029213  0.073372 -0.960840 -0.267214  0.297874 0.539833 0
painted_wood_01
0  52.593002 17.714268 73.310883  0.834976 -0.087331 0.543313  0.297874 0.539833 0
0  51.094524 15.636385 75.279793  0.834976 -0.087331 0.543313  0.297874 0.539833 0
0  52.692825 16.407087 72.947365  0.834976 -0.087331 0.543313  0.297874 0.539833 0
c_invasion_wrangler_laser
0  41.971596 15.458445 77.199463  -0.832244 0.538467 0.131996  0.000000 0.000000 0
0  42.030453 15.024014 76.385300  -0.997143 -0.065887 -0.036932  0.000000 0.000000 0
0  42.020191 14.822124 77.022499  -0.729420 -0.656032 -0.193828  0.000000 0.000000 0
painted_wood_01
0  52.216164 18.976110 68.670052  0.994241 0.091461 -0.055864  0.297874 0.539833 0
0  52.692825 16.407087 72.947365  0.994241 0.091461 -0.055864  0.297874 0.539833 0
0  52.315987 17.668930 68.306526  0.994241 0.091461 -0.055864  0.297874 0.539833 0
c_invasion_wrangler_laser
0  51.161919 17.244839 73.299454  -0.072958 0.960668 0.267945  0.000000 0.000000 0
0  46.934948 17.384186 71.637711  -0.073373 0.960841 0.267209  0.000000 0.000000 0
0  49.936214 16.794495 74.582260  -0.076570 0.960452 0.267710  0.000000 0.000000 0
painted_wood_01
0  51.136307 17.580267 73.392738  -0.073371 0.960842 0.267208  0.297874 0.539833 0
0  50.994713 16.943567 75.643326  -0.073371 0.960842 0.267208  0.297874 0.539833 0
0  52.593002 17.714268 73.310883  -0.073371 0.960842 0.267208  0.297874 0.539833 0
painted_wood_01
0  50.759464 18.842110 68.751892  -0.073374 0.960841 0.267210  0.297874 0.539833 0
0  52.593002 17.714268 73.310883  -0.073374 0.960841 0.267210  0.297874 0.539833 0
0  52.216164 18.976110 68.670052  -0.073374 0.960841 0.267210  0.297874 0.539833 0
gold_player.001
0  50.604988 18.646242 68.529602  -0.420056 0.029582 0.907016  -1.155604 -1.872731 0
0  41.258293 14.431797 77.794800  0.068151 -0.771530 0.632532  -1.047730 -1.872732 0
0  50.670139 17.793081 68.292351  -0.375831 -0.549879 0.745912  -1.047734 -1.872732 0
painted_wood_01
0  52.315987 17.668930 68.306526  0.073374 -0.960841 -0.267210  0.297874 0.539833 0
0  51.236122 16.273088 73.029213  0.073374 -0.960841 -0.267210  0.297874 0.539833 0
0  50.859283 17.534929 68.388374  0.073374 -0.960841 -0.267210  0.297874 0.539833 0
painted_wood_01
0  50.710121 18.075430 66.403862  0.073375 -0.960841 -0.267210  0.297874 0.539833 0
0  50.859283 17.534929 68.388374  0.073375 -0.960841 -0.267210  0.297874 0.539833 0
0  50.076683 17.676781 67.663406  0.073375 -0.960841 -0.267210  0.297874 0.539833 0
painted_wood_01
0  50.610302 19.382612 66.767395  0.767728 0.225437 -0.599810  0.297874 0.539833 0
0  52.315987 17.668930 68.306526  0.767728 0.225437 -0.599810  0.297874 0.539833 0
0  50.710121 18.075430 66.403862  0.767728 0.225437 -0.599810  0.297874 0.539833 0
painted_wood_01
0  35.579941 14.797567 79.127251  -0.073372 0.960841 0.267210  0.297874 0.539833 0
0  23.955002 12.566216 83.958740  -0.073372 0.960841 0.267210  0.297874 0.539833 0
0  48.092285 16.343782 77.003075  -0.073372 0.960841 0.267210  0.297874 0.539833 0
painted_wood_01
0  23.511303 12.908786 82.605080  -0.045671 0.969741 0.239827  0.297874 0.539833 0
0  17.779997 12.359073 83.736404  -0.045672 0.969741 0.239827  0.297874 0.539833 0
0  23.955002 12.566216 83.958740  -0.045670 0.969741 0.239826  0.297874 0.539833 0
painted_wood_01
0  49.910599 17.129923 74.675545  -0.073371 0.960841 0.267209  0.297874 0.539833 0
0  48.092285 16.343782 77.003075  -0.073371 0.960841 0.267209  0.297874 0.539833 0
0  50.994713 16.943567 75.643326  -0.073371 0.960841 0.267209  0.297874 0.539833 0
painted_wood_01
0  23.611124 11.601605 82.241554  0.009956 0.262840 -0.964788  0.297874 0.539833 0
0  18.465822 12.673231 82.480400  0.009955 0.262840 -0.964788  0.297874 0.539833 0
0  23.511303 12.908786 82.605080  0.009956 0.262840 -0.964788  0.297874 0.539833 0
painted_wood_01
0  18.465822 12.673231 82.480400  0.028622 0.965926 0.257231  0.297874 0.539833 0
0  10.763379 13.510597 80.193115  0.028622 0.965926 0.257231  0.297874 0.539833 0
0  17.779997 12.359073 83.736404  0.028622 0.965926 0.257231  0.297874 0.539833 0
painted_wood_01
0  24.054821 11.259034 83.595215  0.073374 -0.960841 -0.267210  0.297874 0.539833 0
0  23.611124 11.601605 82.241554  0.073374 -0.960841 -0.267210  0.297874 0.539833 0
0  35.679768 13.490388 78.763725  0.073374 -0.960841 -0.267210  0.297874 0.539833 0
painted_wood_01
0  24.296829 11.565270 83.593391  -0.950213 -0.148713 0.273824  0.297874 0.539833 0
0  24.520094 12.123894 84.671539  -0.950213 -0.148713 0.273824  0.297874 0.539833 0
0  24.237511 12.342069 83.809418  -0.950213 -0.148713 0.273824  0.297874 0.539833 0
c_invasion_wrangler_laser
0  49.936214 16.794495 74.582260  -0.076535 0.960456 0.267706  0.000000 0.000000 0
0  45.408279 16.795740 73.221329  -0.080374 0.959980 0.268289  0.000000 0.000000 0
0  47.674198 16.350922 75.556137  -0.076663 0.960856 0.266231  0.000000 0.000000 0
painted_wood_01
0  50.994713 16.943567 75.643326  0.449821 -0.207253 0.868739  0.297874 0.539833 0
0  48.192108 15.036601 76.639549  0.449821 -0.207253 0.868739  0.297874 0.539833 0
0  51.094524 15.636385 75.279793  0.449821 -0.207253 0.868739  0.297874 0.539833 0
c_invasion_wrangler_laser
0  47.674198 16.350922 75.556137  -0.076622 0.960853 0.266252  0.000000 0.000000 0
0  41.981857 15.660335 76.562263  -0.070300 0.962295 0.262768  0.000000 0.000000 0
0  41.971596 15.458445 77.199463  -0.832376 0.538255 0.132031  0.000000 0.000000 0
painted_wood_01
0  50.570518 19.268330 66.308739  0.987936 0.106668 -0.112268  0.297874 0.539833 0
0  50.710121 18.075430 66.403862  0.987936 0.106668 -0.112268  0.297874 0.539833 0
0  50.636669 18.402071 66.067833  0.987936 0.106668 -0.112268  0.297874 0.539833 0
painted_wood_01
0  23.708616 20.836018 53.295643  0.069914 0.997037 -0.032069  0.297874 0.539833 0
0  50.610302 19.382612 66.767395  0.069909 0.997038 -0.032070  0.297874 0.539833 0
0  50.570518 19.268330 66.308739  0.069927 0.997037 -0.032063  0.297874 0.539833 0
painted_wood_01
0  50.636669 18.402071 66.067833  0.208475 -0.817645 -0.536651  0.297874 0.539833 0
0  23.223351 19.888647 53.154224  0.208477 -0.817645 -0.536650  0.297874 0.539833 0
0  23.774767 19.969763 53.054741  0.208463 -0.817645 -0.536657  0.297874 0.539833 0
painted_wood_01
0  23.774767 19.969763 53.054741  -0.207148 0.247403 -0.946510  0.297874 0.539833 0
0  23.155602 20.775839 53.400951  -0.207148 0.247403 -0.946510  0.297874 0.539833 0
0  23.708616 20.836018 53.295643  -0.207148 0.247403 -0.946510  0.297874 0.539833 0
painted_wood_01
0  23.774767 19.969763 53.054741  0.091093 -0.948837 -0.302342  0.297874 0.539833 0
0  49.730392 18.837729 64.427567  0.091093 -0.948837 -0.302342  0.297874 0.539833 0
0  50.636669 18.402071 66.067833  0.091093 -0.948837 -0.302342  0.297874 0.539833 0
c_invasion_wrangler_laser
0  49.554359 19.256937 64.092354  0.808124 -0.112406 -0.578187  0.000000 0.000000 0
0  45.002964 20.873127 57.455826  0.829569 0.207539 -0.518404  0.000000 0.000000 0
0  49.542938 19.406534 64.133949  0.760912 0.506020 -0.406149  0.000000 0.000000 0
painted_wood_01
0  23.708616 20.836018 53.295643  -0.182442 0.250476 -0.950777  0.297874 0.539833 0
0  25.657169 20.242668 52.765430  -0.182442 0.250476 -0.950777  0.297874 0.539833 0
0  23.774767 19.969763 53.054741  -0.182442 0.250476 -0.950777  0.297874 0.539833 0
painted_wood_01
0  49.542938 19.406534 64.133949  0.689977 0.592962 -0.415125  0.297874 0.539833 0
0  49.730392 18.837729 64.427567  0.941202 0.155273 -0.300049  0.297874 0.539833 0
0  49.554359 19.256937 64.092354  0.749886 -0.191522 -0.633238  0.297874 0.539833 0
painted_wood_01
0  49.671108 19.614056 64.643463  0.253834 0.871813 -0.418939  0.297874 0.539833 0
0  26.055923 20.777260 52.755798  -0.043833 0.635844 -0.770572  0.297874 0.539833 0
0  25.597885 21.018993 52.981323  0.253834 0.871813 -0.418939  0.297874 0.539833 0
painted_wood_01
0  25.657169 20.242668 52.765430  0.357600 -0.487023 -0.796826  0.297874 0.539833 0
0  49.554359 19.256937 64.092354  0.749854 -0.191523 -0.633275  0.297874 0.539833 0
0  49.730392 18.837729 64.427567  0.357600 -0.487023 -0.796826  0.297874 0.539833 0
painted_wood_01
0  25.597885 21.018993 52.981323  -0.329770 0.229483 -0.915745  0.297874 0.539833 0
0  26.067348 20.627670 52.714199  0.016025 -0.148710 -0.988751  0.297874 0.539833 0
0  25.657169 20.242668 52.765430  -0.329770 0.229483 -0.915745  0.297874 0.539833 0
painted_wood_01
0  50.636669 18.402071 66.067833  0.879931 0.188477 -0.436117  0.297874 0.539833 0
0  49.671108 19.614056 64.643463  0.879931 0.188477 -0.436117  0.297874 0.539833 0
0  50.570518 19.268330 66.308739  0.879931 0.188477 -0.436117  0.297874 0.539833 0
c_invasion_wrangler_laser
0  34.214111 21.502775 52.229229  0.432358 0.272153 -0.859651  0.000000 0.000000 0
0  45.008209 20.804409 57.436718  0.432358 0.272153 -0.859651  0.000000 0.000000 0
0  34.219357 21.434061 52.210117  0.432358 0.272153 -0.859651  0.000000 0.000000 0
c_invasion_wrangler_laser
0  49.542938 19.406534 64.133949  0.760929 0.506159 -0.405943  0.000000 0.000000 0
0  34.214111 21.502775 52.229229  -0.069003 0.963540 0.258515  0.000000 0.000000 0
0  26.055923 20.777260 52.755798  -0.102773 0.556621 -0.824385  0.000000 0.000000 0
c_invasion_wrangler_laser
0  26.055923 20.777260 52.755798  -0.102665 0.556396 -0.824551  0.000000 0.000000 0
0  34.219357 21.434061 52.210117  -0.085266 0.260897 -0.961594  0.000000 0.000000 0
0  26.067348 20.627670 52.714199  -0.055504 -0.062053 -0.996528  0.000000 0.000000 0
c_invasion_wrangler_laser
0  26.067348 20.627670 52.714199  -0.055617 -0.062320 -0.996505  0.000000 0.000000 0
0  45.008209 20.804409 57.436718  0.077714 -0.958058 -0.275837  0.000000 0.000000 0
0  49.554359 19.256937 64.092354  0.808117 -0.112760 -0.578128  0.000000 0.000000 0
gold_player.001
0  26.055923 20.777260 52.755798  0.432343 0.272075 -0.859683  0.000000 0.000000 0
0  49.554359 19.256937 64.092354  0.432343 0.272075 -0.859683  0.000000 0.000000 0
0  26.067348 20.627670 52.714199  0.432343 0.272075 -0.859683  0.000000 0.000000 0
painted_wood_01
0  50.166004 18.725811 68.122955  -0.858713 0.108949 0.500742  0.297874 0.539833 0
0  50.076683 17.676781 67.663406  -0.682462 -0.243744 0.689083  0.297874 0.539833 0
0  50.231159 17.872650 67.885696  -0.814484 -0.470401 0.339616  0.297874 0.539833 0
painted_wood_01
0  50.231159 17.872650 67.885696  -0.814462 -0.470405 0.339662  0.297874 0.539833 0
0  50.859283 17.534929 68.388374  -0.682481 -0.243734 0.689067  0.297874 0.539833 0
0  50.670139 17.793081 68.292351  -0.375995 -0.549895 0.745818  0.297874 0.539833 0
painted_wood_01
0  50.670139 17.793081 68.292351  -0.375947 -0.549894 0.745843  0.297874 0.539833 0
0  50.759464 18.842110 68.751892  -0.682493 -0.243736 0.689055  0.297874 0.539833 0
0  50.604988 18.646242 68.529602  -0.420175 0.029452 0.906965  0.297874 0.539833 0
painted_wood_01
0  50.604988 18.646242 68.529602  -0.420251 0.029442 0.906930  0.297874 0.539833 0
0  49.976860 18.983963 68.026932  -0.682498 -0.243750 0.689044  0.297874 0.539833 0
0  50.166004 18.725811 68.122955  -0.858703 0.108939 0.500760  0.297874 0.539833 0
gold_player.001
0  40.819313 14.511366 77.388153  -0.771510 -0.619391 -0.145354  -1.059604 -1.872732 0
0  41.193142 15.284958 78.032059  -0.016543 0.337932 0.941025  -1.155604 -1.872731 0
0  40.754158 15.364527 77.625412  -0.856220 0.490150 0.163216  -1.167475 -1.872732 0
gold_player.001
0  50.231159 17.872650 67.885696  -0.814506 -0.470506 0.339416  -1.059604 -1.872732 0
0  45.460083 17.045170 72.874184  -0.566002 0.772722 -0.287302  -1.167478 -1.872732 0
0  50.166004 18.725811 68.122955  -0.858792 0.108956 0.500604  -1.167474 -1.872732 0
gold_player.001
0  45.460083 17.045170 72.874184  -0.566201 0.772514 -0.287467  -1.167480 -1.872732 0
0  41.193142 15.284958 78.032059  -0.016577 0.337909 0.941033  -1.155616 -1.872731 0
0  50.604988 18.646242 68.529602  -0.420301 0.029640 0.906901  -1.155604 -1.872731 0
gold_player.001
0  41.258293 14.431797 77.794800  0.068225 -0.771563 0.632484  -1.047741 -1.872732 0
0  40.819313 14.511366 77.388153  -0.771530 -0.619374 -0.145315  -1.059612 -1.872732 0
0  45.525238 16.192009 72.636925  -0.462430 -0.586129 -0.665290  -1.059608 -1.872732 0
painted_wood_01
0  41.714088 14.434779 77.024811  -0.302839 0.233814 -0.923915  0.297874 0.539833 0
0  35.579941 14.797567 79.127251  -0.302839 0.233814 -0.923915  0.297874 0.539833 0
0  41.614262 15.741959 77.388336  -0.302839 0.233814 -0.923915  0.297874 0.539833 0
painted_wood_01
0  35.679768 13.490388 78.763725  -0.302840 0.233814 -0.923915  0.297874 0.539833 0
0  23.511303 12.908786 82.605080  -0.302840 0.233814 -0.923915  0.297874 0.539833 0
0  35.579941 14.797567 79.127251  -0.302840 0.233814 -0.923915  0.297874 0.539833 0
gold_player.001
0  45.525238 16.192009 72.636925  -0.462285 -0.586325 -0.665219  -1.059608 -1.872732 0
0  40.754158 15.364527 77.625412  -0.856235 0.490145 0.163154  -1.167482 -1.872732 0
0  45.460083 17.045170 72.874184  -0.566182 0.772655 -0.287127  -1.167478 -1.872732 0
painted_wood_01
0  51.210510 16.608517 73.122498  -0.943824 0.019645 -0.329863  0.297874 0.539833 0
0  50.010414 15.822742 74.312012  -0.739091 0.127504 -0.661428  0.297874 0.539833 0
0  49.984798 16.158171 74.405296  -0.592023 0.173653 -0.786990  0.297874 0.539833 0
painted_wood_01
0  51.161919 17.244839 73.299454  -0.943903 0.019615 -0.329641  0.297874 0.539833 0
0  50.759464 18.842110 68.751892  -0.994242 -0.091446 0.055868  0.297874 0.539833 0
0  50.812347 18.415365 68.994453  -0.994242 -0.091446 0.055868  0.297874 0.539833 0
painted_wood_01
0  49.936214 16.794495 74.582260  -0.592026 0.173681 -0.786982  0.297874 0.539833 0
0  51.136307 17.580267 73.392738  -0.739093 0.127524 -0.661422  0.297874 0.539833 0
0  51.161919 17.244839 73.299454  -0.943827 0.019680 -0.329853  0.297874 0.539833 0
painted_wood_01
0  50.860939 17.779045 68.817497  -0.994242 -0.091437 0.055868  0.297874 0.539833 0
0  51.236122 16.273088 73.029213  -0.994242 -0.091437 0.055868  0.297874 0.539833 0
0  51.210510 16.608517 73.122498  -0.943901 0.019616 -0.329645  0.297874 0.539833 0
painted_wood_01
0  50.812347 18.415365 68.994453  -0.994240 -0.091461 0.055866  0.297874 0.539833 0
0  50.859283 17.534929 68.388374  -0.994240 -0.091461 0.055866  0.297874 0.539833 0
0  50.860939 17.779045 68.817497  -0.994240 -0.091461 0.055866  0.297874 0.539833 0
painted_wood_01
0  47.674198 16.350922 75.556137  -0.362817 0.223855 -0.904573  0.297874 0.539833 0
0  49.910599 17.129923 74.675545  -0.421312 0.212984 -0.881552  0.297874 0.539833 0
0  49.936214 16.794495 74.582260  -0.591806 0.173708 -0.787141  0.297874 0.539833 0
painted_wood_01
0  49.984798 16.158171 74.405296  -0.591809 0.173715 -0.787137  0.297874 0.539833 0
0  47.748409 15.379170 75.285896  -0.421317 0.212997 -0.881547  0.297874 0.539833 0
0  47.722794 15.714600 75.379181  -0.362821 0.223866 -0.904569  0.297874 0.539833 0
painted_wood_01
0  47.722794 15.714600 75.379181  -0.362805 0.223844 -0.904581  0.297874 0.539833 0
0  41.714088 14.434779 77.024811  -0.302833 0.233803 -0.923920  0.297874 0.539833 0
0  42.020191 14.822124 77.022499  -0.302833 0.233803 -0.923920  0.297874 0.539833 0
painted_wood_01
0  41.971596 15.458445 77.199463  -0.302833 0.233818 -0.923917  0.297874 0.539833 0
0  47.648582 16.686350 75.649422  -0.302833 0.233818 -0.923917  0.297874 0.539833 0
0  47.674198 16.350922 75.556137  -0.362805 0.223860 -0.904577  0.297874 0.539833 0
painted_wood_01
0  42.020191 14.822124 77.022499  -0.302828 0.233824 -0.923916  0.297874 0.539833 0
0  41.614262 15.741959 77.388336  -0.302828 0.233824 -0.923916  0.297874 0.539833 0
0  41.971596 15.458445 77.199463  -0.302828 0.233824 -0.923916  0.297874 0.539833 0
c_invasion_wrangler_laser
0  48.209244 17.198208 70.177948  -0.739091 0.127488 -0.661432  0.000000 0.000000 0
0  46.934948 17.384186 71.637711  -0.739091 0.127488 -0.661432  0.000000 0.000000 0
0  48.160652 17.834530 70.354904  -0.739091 0.127488 -0.661432  0.000000 0.000000 0
c_invasion_wrangler_laser
0  50.894566 17.990074 68.105309  -0.632461 0.162321 -0.757393  0.000000 0.000000 0
0  48.160652 17.834530 70.354904  -0.632461 0.162321 -0.757393  0.000000 0.000000 0
0  50.845974 18.626392 68.282265  -0.632461 0.162321 -0.757393  0.000000 0.000000 0
c_invasion_wrangler_laser
0  45.456875 16.159418 73.044373  -0.714389 0.136309 -0.686344  0.000000 0.000000 0
0  41.981857 15.660335 76.562263  -0.714389 0.136309 -0.686344  0.000000 0.000000 0
0  45.408279 16.795740 73.221329  -0.714389 0.136309 -0.686344  0.000000 0.000000 0
c_invasion_wrangler_laser
0  46.983532 16.747862 71.460747  -0.737365 0.128155 -0.663226  0.000000 0.000000 0
0  45.408279 16.795740 73.221329  -0.737365 0.128155 -0.663226  0.000000 0.000000 0
0  46.934948 17.384186 71.637711  -0.737365 0.128155 -0.663226  0.000000 0.000000 0
c_invasion_wrangler_laser
0  47.722794 15.714600 75.379181  0.076649 -0.960841 -0.266287  0.000000 0.000000 0
0  46.983532 16.747862 71.460747  0.080378 -0.959975 -0.268304  0.000000 0.000000 0
0  49.984798 16.158171 74.405296  0.076429 -0.960469 -0.267689  0.000000 0.000000 0
c_invasion_wrangler_laser
0  51.210510 16.608517 73.122498  0.073025 -0.960691 -0.267843  0.000000 0.000000 0
0  50.894566 17.990074 68.105309  0.072349 -0.960406 -0.269045  0.000000 0.000000 0
0  50.860939 17.779045 68.817497  0.521515 -0.827075 -0.209690  0.000000 0.000000 0
c_invasion_wrangler_laser
0  49.984798 16.158171 74.405296  0.076524 -0.960457 -0.267705  0.000000 0.000000 0
0  48.209244 17.198208 70.177948  0.073373 -0.960840 -0.267212  0.000000 0.000000 0
0  51.210510 16.608517 73.122498  0.073005 -0.960686 -0.267866  0.000000 0.000000 0
c_invasion_wrangler_laser
0  42.020191 14.822124 77.022499  -0.729570 -0.655910 -0.193677  0.000000 0.000000 0
0  45.456875 16.159418 73.044373  0.070309 -0.962299 -0.262749  0.000000 0.000000 0
0  47.722794 15.714600 75.379181  0.076658 -0.960858 -0.266226  0.000000 0.000000 0
c_invasion_wrangler_laser
0  50.860939 17.779045 68.817497  0.521697 -0.826966 -0.209668  0.000000 0.000000 0
0  50.845974 18.626392 68.282265  0.996233 0.058199 0.064282  0.000000 0.000000 0
0  50.812347 18.415365 68.994453  0.399150 0.876851 0.267978  0.000000 0.000000 0
c_invasion_wrangler_laser
0  50.812347 18.415365 68.994453  0.398973 0.876938 0.267955  0.000000 0.000000 0
0  48.160652 17.834530 70.354904  -0.072357 0.960416 0.269009  0.000000 0.000000 0
0  51.161919 17.244839 73.299454  -0.073142 0.960745 0.267619  0.000000 0.000000 0
gold_player.001
0  50.812347 18.415365 68.994453  -0.994241 -0.091457 0.055865  0.000000 0.000000 0
0  51.210510 16.608517 73.122498  -0.943899 0.019571 -0.329653  0.000000 0.000000 0
0  51.161919 17.244839 73.299454  -0.943901 0.019597 -0.329646  0.000000 0.000000 0
gold_player.001
0  49.984798 16.158171 74.405296  -0.592014 0.173660 -0.786995  0.000000 0.000000 0
0  51.161919 17.244839 73.299454  -0.943824 0.019687 -0.329863  0.000000 0.000000 0
0  51.210510 16.608517 73.122498  -0.943822 0.019652 -0.329870  0.000000 0.000000 0
gold_player.001
0  47.674198 16.350922 75.556137  -0.362808 0.223849 -0.904578  0.000000 0.000000 0
0  49.984798 16.158171 74.405296  -0.591799 0.173699 -0.787148  0.000000 0.000000 0
0  47.722794 15.714600 75.379181  -0.362808 0.223852 -0.904577  0.000000 0.000000 0
gold_player.001
0  41.971596 15.458445 77.199463  -0.302841 0.233816 -0.923914  0.000000 0.000000 0
0  47.722794 15.714600 75.379181  -0.362813 0.223858 -0.904574  0.000000 0.000000 0
0  42.020191 14.822124 77.022499  -0.302841 0.233816 -0.923914  0.000000 0.000000 0
black.001
0  10.477191 12.351939 79.260788  -0.070541 -0.959560 -0.272523  1.653114 -1.593218 0
0  8.667399 12.908684 77.766434  -0.070997 -0.959294 -0.273338  1.425489 -1.377366 0
0  10.738527 12.525357 78.804695  -0.071132 -0.959376 -0.273018  1.682966 -1.533254 0
painted_wood_01
0  5.989530 13.705231 78.667503  -0.263583 -0.242925 0.933548  0.297874 0.539833 0
0  8.347279 12.623274 79.168091  -0.275082 -0.267770 0.923379  0.297874 0.539833 0
0  9.554316 13.066565 79.680176  -0.304502 -0.236685 0.922637  0.297874 0.539833 0
black.001
0  10.774555 13.741066 79.128441  -0.007926 0.973835 0.227116  -0.687939 -1.597699 0
0  6.709777 13.885764 78.414101  -0.007657 0.973725 0.227599  -0.239811 -1.557032 0
0  10.516516 13.679052 79.614212  -0.007290 0.973733 0.227576  -0.658090 -1.657667 0
black.001
0  6.686923 12.993422 78.176781  -0.110131 -0.948038 -0.298487  1.193097 -1.361790 0
0  17.174326 17.051334 61.365246  -0.110037 -0.947937 -0.298842  2.507267 0.521408 0
0  8.667399 12.908684 77.766434  -0.110842 -0.947793 -0.299002  1.425489 -1.377366 0
painted_wood_01
0  17.842327 17.029314 61.122391  0.454771 0.215798 -0.864069  0.297874 0.539833 0
0  16.281406 18.250322 60.643143  0.454649 0.219944 -0.863087  0.297874 0.539833 0
0  17.881268 18.343414 61.472343  0.454851 0.217720 -0.863544  0.297874 0.539833 0
painted_wood_01
0  5.989530 13.705231 78.667503  -0.854491 0.157262 -0.495090  0.297874 0.539833 0
0  16.259218 17.501581 60.443756  -0.854492 0.157222 -0.495101  0.297874 0.539833 0
0  5.970115 13.050049 78.493019  -0.854496 0.157086 -0.495137  0.297874 0.539833 0
c_invasion_wrangler_laser
0  19.230022 13.956698 75.676727  0.066048 0.962931 0.261537  0.000000 0.000000 0
0  19.414436 16.213253 67.282928  0.066048 0.962931 0.261537  0.000000 0.000000 0
0  11.318674 14.036416 77.316048  0.066048 0.962931 0.261537  0.000000 0.000000 0
black.001
0  8.702635 14.028353 78.064873  -0.075084 0.975946 0.204673  -0.430435 -1.441891 0
0  16.485411 18.148914 61.294228  -0.075112 0.975978 0.204510  -1.413322 0.506392 0
0  6.709777 13.885764 78.414101  -0.074142 0.975870 0.205377  -0.197998 -1.427158 0
painted_wood_01
0  17.716061 17.253006 61.459267  0.711204 -0.677938 0.185981  0.297874 0.539833 0
0  17.881268 18.343414 61.472343  0.879966 -0.170824 0.443260  0.297874 0.539833 0
0  17.737827 17.987547 61.654881  0.744408 0.452687 0.490847  0.297874 0.539833 0
painted_wood_01
0  18.170504 11.692393 82.073814  0.468089 0.214432 -0.857270  0.297874 0.539833 0
0  11.410264 12.510656 78.587151  0.468089 0.214432 -0.857270  0.297874 0.539833 0
0  11.418852 12.800434 78.664322  0.421212 -0.426153 -0.800609  0.297874 0.539833 0
painted_wood_01
0  11.440619 13.534979 78.859924  0.455878 0.743649 -0.489042  0.297874 0.539833 0
0  18.465822 12.673231 82.480400  0.468104 0.214430 -0.857262  0.297874 0.539833 0
0  18.192270 12.426937 82.269424  0.468104 0.214430 -0.857262  0.297874 0.539833 0
painted_wood_01
0  18.192270 12.426937 82.269424  0.468146 0.214412 -0.857244  0.297874 0.539833 0
0  18.426880 11.359132 82.130447  0.468146 0.214412 -0.857244  0.297874 0.539833 0
0  18.170504 11.692393 82.073814  0.468146 0.214412 -0.857244  0.297874 0.539833 0
painted_wood_01
0  11.318674 14.036416 77.316048  0.288536 0.919025 0.268590  0.297874 0.539833 0
0  11.449206 13.824757 78.937096  0.243225 0.964127 0.106303  0.297874 0.539833 0
0  11.440619 13.534979 78.859924  0.455992 0.743535 -0.489108  0.297874 0.539833 0
painted_wood_01
0  11.418852 12.800434 78.664322  0.421340 -0.425929 -0.800661  0.297874 0.539833 0
0  9.321472 12.853457 77.532341  0.187994 -0.901175 -0.390567  0.297874 0.539833 0
0  11.291626 13.139884 77.078300  0.232178 -0.944535 -0.232265  0.297874 0.539833 0
painted_wood_01
0  17.737827 17.987547 61.654881  0.744466 0.452506 0.490926  0.297874 0.539833 0
0  9.360415 14.167558 77.882286  0.312510 0.861913 0.399305  0.297874 0.539833 0
0  11.318674 14.036416 77.316048  0.288519 0.918986 0.268739  0.297874 0.539833 0
painted_wood_01
0  11.291626 13.139884 77.078300  0.232217 -0.944584 -0.232024  0.297874 0.539833 0
0  17.842327 17.029314 61.122391  0.236408 -0.967600 -0.088668  0.297874 0.539833 0
0  17.716061 17.253006 61.459267  0.711339 -0.677805 0.185950  0.297874 0.539833 0
gold_player.001
0  19.230022 13.956698 75.676727  0.028156 0.969363 0.244015  0.000000 0.000000 0
0  20.053295 16.201206 67.257072  0.755095 0.649915 0.086267  0.000000 0.000000 0
0  19.414436 16.213253 67.282928  0.029327 0.960374 0.277168  0.000000 0.000000 0
gold_player.001
0  18.809364 11.680346 82.047958  0.658897 -0.733432 -0.167130  0.000000 0.000000 0
0  18.178879 11.629198 82.310196  -0.573524 -0.695841 0.432292  0.000000 0.000000 0
0  18.170504 11.692393 82.073814  -0.494745 -0.840452 -0.221060  0.000000 0.000000 0
c_invasion_wrangler_laser
0  19.219894 13.614931 75.585716  0.011378 -0.966231 -0.257427  0.000000 0.000000 0
0  18.170504 11.692393 82.073814  0.011378 -0.966231 -0.257427  0.000000 0.000000 0
0  11.418852 12.800434 78.664322  0.011378 -0.966231 -0.257427  0.000000 0.000000 0
gold_player.001
0  19.404308 15.871487 67.191917  -0.028100 -0.969760 -0.242437  0.000000 0.000000 0
0  19.858753 13.602884 75.559860  0.702150 -0.699633 -0.132282  0.000000 0.000000 0
0  19.219894 13.614931 75.585716  -0.029264 -0.960905 -0.275328  0.000000 0.000000 0
gold_player.001
0  17.716061 17.253006 61.459267  0.928836 -0.120893 0.350212  0.000000 0.000000 0
0  11.318674 14.036416 77.316048  0.987607 -0.067446 0.141714  0.000000 0.000000 0
0  11.291626 13.139884 77.078300  0.987791 -0.065208 0.141484  0.000000 0.000000 0
gold_player.001
0  11.440619 13.534979 78.859924  0.840901 0.115677 -0.528681  0.000000 0.000000 0
0  11.291626 13.139884 77.078300  0.987783 -0.066936 0.140725  0.000000 0.000000 0
0  11.318674 14.036416 77.316048  0.987657 -0.067172 0.141496  0.000000 0.000000 0
gold_player.001
0  11.418852 12.800434 78.664322  0.840898 0.115873 -0.528643  0.000000 0.000000 0
0  18.192270 12.426937 82.269424  0.468101 0.214421 -0.857266  0.000000 0.000000 0
0  18.170504 11.692393 82.073814  0.468101 0.214421 -0.857266  0.000000 0.000000 0
gold_player.001
0  20.043167 15.859440 67.166061  0.716292 -0.646597 -0.262371  -0.176791 -1.872727 0
0  18.376686 17.975500 61.629025  0.687400 0.719503 0.098973  -0.245587 -1.872727 0
0  20.053295 16.201206 67.257072  0.754892 0.650148 0.086290  -0.219350 -1.872728 0
gold_player.001
0  19.868881 13.944652 75.650871  0.741495 0.631776 0.225930  -0.006644 -1.872729 0
0  18.809364 11.680346 82.047958  0.658674 -0.733646 -0.167072  0.062156 -1.872729 0
0  19.858753 13.602884 75.559860  0.701942 -0.699846 -0.132257  0.035914 -1.872730 0
gold_player.001
0  20.043167 15.859440 67.166061  0.716294 -0.646545 -0.262492  -0.177645 -1.872727 0
0  19.868881 13.944652 75.650871  0.741506 0.631797 0.225834  -0.007498 -1.872729 0
0  19.858753 13.602884 75.559860  0.701948 -0.699830 -0.132313  0.035060 -1.872730 0
gold_player.001
0  19.219894 13.614931 75.585716  -0.029271 -0.960899 -0.275346  0.000000 0.000000 0
0  18.809364 11.680346 82.047958  0.658886 -0.733459 -0.167054  0.000000 0.000000 0
0  18.170504 11.692393 82.073814  -0.494740 -0.840460 -0.221040  0.000000 0.000000 0
gold_player.001
0  17.716061 17.253006 61.459267  -0.500866 -0.843374 -0.194560  0.000000 0.000000 0
0  20.043167 15.859440 67.166061  0.716504 -0.646348 -0.262406  0.000000 0.000000 0
0  19.404308 15.871487 67.191917  -0.028098 -0.969768 -0.242404  0.000000 0.000000 0
gold_player.001
0  18.192270 12.426937 82.269424  -0.444144 0.864607 0.234928  0.000000 0.000000 0
0  19.868881 13.944652 75.650871  0.741712 0.631574 0.225782  0.000000 0.000000 0
0  19.230022 13.956698 75.676727  0.028156 0.969369 0.243989  0.000000 0.000000 0
gold_player.001
0  18.354919 17.240959 61.433411  0.645401 -0.709238 -0.283618  -0.154118 -1.872727 0
0  18.339890 18.253170 60.590454  0.573550 0.695822 -0.432286  -0.245587 -1.872727 0
0  18.376686 17.975500 61.629025  0.687399 0.719487 0.099101  -0.245587 -1.872727 0
gold_player.001
0  19.414436 16.213253 67.282928  0.029322 0.960366 0.277195  0.000000 0.000000 0
0  18.376686 17.975500 61.629025  0.687612 0.719301 0.098979  0.000000 0.000000 0
0  17.737827 17.987547 61.654881  -0.450481 0.854205 0.259616  0.000000 0.000000 0
gold_player.001
0  18.178879 11.629198 82.310196  -0.573551 -0.695825 0.432282  0.062157 -1.872729 0
0  18.839506 12.351694 82.479950  0.613088 0.397753 0.682581  -0.017702 -1.872729 0
0  18.200645 12.363741 82.505806  -0.540445 0.419556 0.729310  -0.029313 -1.872729 0
gold_player.001
0  18.170504 11.692393 82.073814  -0.494846 -0.840407 -0.221005  0.000000 0.000000 0
0  18.200645 12.363741 82.505806  -0.540503 0.419483 0.729308  0.000000 0.000000 0
0  18.192270 12.426937 82.269424  -0.444252 0.864545 0.234952  0.000000 0.000000 0
gold_player.001
0  18.831131 12.414890 82.243568  0.701110 0.680973 0.211472  -0.029312 -1.872729 0
0  18.817739 11.617151 82.284340  0.580005 -0.717559 0.385621  0.062156 -1.872729 0
0  18.809364 11.680346 82.047958  0.658692 -0.733606 -0.167175  0.062156 -1.872729 0
gold_player.001
0  18.192270 12.426937 82.269424  -0.444144 0.864623 0.234869  0.000000 0.000000 0
0  18.839506 12.351694 82.479950  0.613030 0.397764 0.682625  0.000000 0.000000 0
0  18.831131 12.414890 82.243568  0.701306 0.680785 0.211428  0.000000 0.000000 0
gold_player.001
0  17.701031 18.265217 60.616310  -0.580004 0.717577 -0.385588  -0.245587 -1.872727 0
0  18.318123 17.518629 60.394840  0.540533 -0.419500 -0.729276  -0.154118 -1.872727 0
0  17.679264 17.530676 60.420696  -0.613003 -0.397804 -0.682627  -0.154118 -1.872727 0
gold_player.001
0  17.716061 17.253006 61.459267  -0.500861 -0.843373 -0.194576  0.000000 0.000000 0
0  18.318123 17.518629 60.394840  0.540440 -0.419510 -0.729340  0.000000 0.000000 0
0  18.354919 17.240959 61.433411  0.645618 -0.709061 -0.283565  0.000000 0.000000 0
gold_player.001
0  17.737827 17.987547 61.654881  -0.450591 0.854138 0.259645  0.000000 0.000000 0
0  17.679264 17.530676 60.420696  -0.613052 -0.397744 -0.682618  0.000000 0.000000 0
0  17.716061 17.253006 61.459267  -0.500976 -0.843314 -0.194537  0.000000 0.000000 0
gold_player.001
0  18.376686 17.975500 61.629025  0.687620 0.719287 0.099018  0.000000 0.000000 0
0  17.701031 18.265217 60.616310  -0.579944 0.717602 -0.385631  0.000000 0.000000 0
0  17.737827 17.987547 61.654881  -0.450482 0.854215 0.259584  0.000000 0.000000 0
gold_player.001
0  17.737827 17.987547 61.654881  -0.961163 -0.044066 0.272440  0.000000 0.000000 0
0  19.404308 15.871487 67.191917  -0.991162 -0.005917 0.132528  0.000000 0.000000 0
0  19.414436 16.213253 67.282928  -0.991093 -0.006050 0.133033  0.000000 0.000000 0
gold_player.001
0  19.404308 15.871487 67.191917  -0.991204 -0.006306 0.132191  0.000000 0.000000 0
0  19.230022 13.956698 75.676727  -0.995754 0.050247 -0.077134  0.000000 0.000000 0
0  19.414436 16.213253 67.282928  -0.991142 -0.006423 0.132651  0.000000 0.000000 0
gold_player.001
0  19.230022 13.956698 75.676727  -0.995754 0.050075 -0.077236  0.000000 0.000000 0
0  18.170504 11.692393 82.073814  -0.987903 0.066571 -0.140058  0.000000 0.000000 0
0  18.192270 12.426937 82.269424  -0.987903 0.066571 -0.140058  0.000000 0.000000 0
painted_wood_01
0  16.460562 17.264351 61.059299  -0.147356 -0.936120 -0.319320  0.297874 0.539833 0
0  17.842327 17.029314 61.122391  -0.141037 -0.940402 -0.309439  0.297874 0.539833 0
0  17.174326 17.051334 61.365246  -0.149230 -0.939303 -0.308936  0.297874 0.539833 0
painted_wood_01
0  10.738527 12.525357 78.804695  -0.053312 -0.952287 -0.300511  0.297874 0.539833 0
0  10.724439 12.196499 79.843155  -0.059190 -0.951536 -0.301787  0.297874 0.539833 0
0  10.477191 12.351939 79.260788  -0.057640 -0.950653 -0.304856  0.297874 0.539833 0
painted_wood_01
0  8.667399 12.908684 77.766434  -0.097589 -0.985180 -0.141059  0.297874 0.539833 0
0  11.410264 12.510656 78.587151  -0.103891 -0.984397 -0.142019  0.297874 0.539833 0
0  10.738527 12.525357 78.804695  -0.101287 -0.984138 -0.145650  0.297874 0.539833 0
painted_wood_01
0  8.347279 12.623274 79.168091  -0.121850 -0.978240 -0.167929  0.297874 0.539833 0
0  5.970115 13.050049 78.493019  -0.124682 -0.977713 -0.168912  0.297874 0.539833 0
0  6.686923 12.993422 78.176781  -0.124057 -0.976849 -0.174289  0.297874 0.539833 0
painted_wood_01
0  17.174326 17.051334 61.365246  -0.172380 -0.927734 -0.331050  0.297874 0.539833 0
0  9.321472 12.853457 77.532341  -0.166009 -0.931671 -0.323155  0.297874 0.539833 0
0  8.667399 12.908684 77.766434  -0.172451 -0.931841 -0.319270  0.297874 0.539833 0
painted_wood_01
0  6.686923 12.993422 78.176781  -0.180768 -0.923118 -0.339376  0.297874 0.539833 0
0  16.259218 17.501581 60.443756  -0.183968 -0.925817 -0.330181  0.297874 0.539833 0
0  16.460562 17.264351 61.059299  -0.188750 -0.924873 -0.330127  0.297874 0.539833 0
painted_wood_01
0  17.210512 18.227770 61.679153  -0.161647 0.972404 0.168227  0.297874 0.539833 0
0  16.281406 18.250322 60.643143  -0.148982 0.975064 0.164483  0.297874 0.539833 0
0  16.485411 18.148914 61.294228  -0.159143 0.975127 0.154279  0.297874 0.539833 0
painted_wood_01
0  10.516516 13.679052 79.614212  -0.000570 0.977986 0.208669  0.297874 0.539833 0
0  11.449206 13.824757 78.937096  -0.001667 0.976800 0.214149  0.297874 0.539833 0
0  10.774555 13.741066 79.128441  0.003806 0.976990 0.213250  0.297874 0.539833 0
painted_wood_01
0  10.774555 13.741066 79.128441  -0.050949 0.927426 0.370520  0.297874 0.539833 0
0  9.360415 14.167558 77.882286  -0.052741 0.925370 0.375379  0.297874 0.539833 0
0  8.702635 14.028353 78.064873  -0.047238 0.925848 0.374932  0.297874 0.539833 0
painted_wood_01
0  6.709777 13.885764 78.414101  -0.070186 0.934307 0.349492  0.297874 0.539833 0
0  10.763379 13.510597 80.193115  -0.070107 0.932276 0.354891  0.297874 0.539833 0
0  10.516516 13.679052 79.614212  -0.065290 0.933264 0.353208  0.297874 0.539833 0
painted_wood_01
0  16.485411 18.148914 61.294228  -0.154855 0.974082 0.164875  0.297874 0.539833 0
0  5.989530 13.705231 78.667503  -0.143378 0.976576 0.160446  0.297874 0.539833 0
0  6.709777 13.885764 78.414101  -0.144519 0.977584 0.153114  0.297874 0.539833 0
painted_wood_01
0  8.702635 14.028353 78.064873  -0.135597 0.973035 0.186590  0.297874 0.539833 0
0  17.881268 18.343414 61.472343  -0.126007 0.975535 0.180148  0.297874 0.539833 0
0  17.210512 18.227770 61.679153  -0.135578 0.975972 0.170576  0.297874 0.539833 0
painted_wood_01
0  47.909599 15.260749 76.788872  0.302759 -0.233827 0.923938  0.297874 0.539833 0
0  48.092285 16.343782 77.003075  0.302759 -0.233827 0.923938  0.297874 0.539833 0
0  47.850277 16.037546 77.004898  0.302759 -0.233827 0.923938  0.297874 0.539833 0
black.001
0  24.237511 12.342069 83.809418  0.302839 -0.233816 0.923915  16.942293 4.680918 0
0  24.054821 11.259034 83.595215  0.302839 -0.233816 0.923915  17.797235 4.593632 0
0  24.296829 11.565270 83.593391  0.302839 -0.233816 0.923915  17.530098 4.611816 0
painted_wood_01
0  24.296829 11.565270 83.593391  0.302841 -0.233803 0.923917  0.297874 0.539833 0
0  48.192108 15.036601 76.639549  0.302841 -0.233803 0.923917  0.297874 0.539833 0
0  47.909599 15.260749 76.788872  0.302841 -0.233803 0.923917  0.297874 0.539833 0
painted_wood_01
0  47.850277 16.037546 77.004898  0.302835 -0.233814 0.923917  0.297874 0.539833 0
0  23.955002 12.566216 83.958740  0.302835 -0.233814 0.923917  0.297874 0.539833 0
0  24.237511 12.342069 83.809418  0.302835 -0.233814 0.923917  0.297874 0.539833 0
painted_wood_01
0  47.909599 15.260749 76.788872  0.073373 -0.960841 -0.267208  0.297874 0.539833 0
0  24.579412 11.347095 84.455513  0.073373 -0.960841 -0.267208  0.297874 0.539833 0
0  24.296829 11.565270 83.593391  0.073373 -0.960841 -0.267208  0.297874 0.539833 0
c_invasion_wrangler_laser
0  42.178913 13.230906 83.405495  0.302815 -0.233757 0.923938  0.000000 0.000000 0
0  33.305206 11.732206 85.934822  0.302815 -0.233757 0.923938  0.000000 0.000000 0
0  42.187210 13.122271 83.375290  0.302815 -0.233757 0.923938  0.000000 0.000000 0
painted_wood_01
0  24.237511 12.342069 83.809418  -0.073372 0.960842 0.267208  0.297874 0.539833 0
0  48.132862 15.819371 77.867020  -0.073372 0.960842 0.267208  0.297874 0.539833 0
0  47.850277 16.037546 77.004898  -0.073372 0.960842 0.267208  0.297874 0.539833 0
c_invasion_wrangler_laser
0  24.861050 11.855035 84.769951  -0.140286 -0.002205 0.990109  0.000000 0.000000 0
0  42.178913 13.230906 83.405495  -0.047295 0.937417 0.344981  0.000000 0.000000 0
0  47.985313 15.474060 78.106209  0.639205 0.134064 0.757261  0.000000 0.000000 0
painted_wood_01
0  48.132862 15.819371 77.867020  0.886038 -0.060162 0.459692  0.297874 0.539833 0
0  48.006912 15.191230 78.027557  0.665169 -0.522442 0.533484  0.297874 0.539833 0
0  48.192184 15.042574 77.650993  0.886038 -0.060162 0.459692  0.297874 0.539833 0
painted_wood_01
0  24.861050 11.855035 84.769951  -0.170650 0.140659 0.975240  0.297874 0.539833 0
0  24.579412 11.347095 84.455513  -0.457774 -0.270472 0.846928  0.297874 0.539833 0
0  24.882648 11.572204 84.691299  -0.110739 -0.643868 0.757080  0.297874 0.539833 0
painted_wood_01
0  48.192184 15.042574 77.650993  0.266019 -0.844746 0.464370  0.297874 0.539833 0
0  24.882648 11.572204 84.691299  -0.110651 -0.643851 0.757108  0.297874 0.539833 0
0  24.579412 11.347095 84.455513  0.266019 -0.844746 0.464370  0.297874 0.539833 0
painted_wood_01
0  24.520094 12.123894 84.671539  0.162261 0.514081 0.842254  0.297874 0.539833 0
0  47.985313 15.474060 78.106209  0.605227 0.262068 0.751679  0.297874 0.539833 0
0  48.132862 15.819371 77.867020  0.162261 0.514081 0.842254  0.297874 0.539833 0
painted_wood_01
0  47.850277 16.037546 77.004898  0.950213 0.148717 -0.273823  0.297874 0.539833 0
0  48.192184 15.042574 77.650993  0.950213 0.148717 -0.273823  0.297874 0.539833 0
0  47.909599 15.260749 76.788872  0.950213 0.148717 -0.273823  0.297874 0.539833 0
c_invasion_wrangler_laser
0  48.006912 15.191230 78.027557  0.692240 -0.407846 0.595370  0.000000 0.000000 0
0  33.305206 11.732206 85.934822  0.062420 -0.951797 -0.300309  0.000000 0.000000 0
0  24.882648 11.572204 84.691299  -0.114389 -0.526336 0.842547  0.000000 0.000000 0
c_invasion_wrangler_laser
0  24.882648 11.572204 84.691299  -0.114380 -0.526188 0.842641  0.000000 0.000000 0
0  33.296909 11.840841 85.965034  -0.135311 -0.275030 0.951866  0.000000 0.000000 0
0  24.861050 11.855035 84.769951  -0.140287 -0.002448 0.990108  0.000000 0.000000 0
c_invasion_wrangler_laser
0  47.985313 15.474060 78.106209  0.639330 0.133804 0.757201  0.000000 0.000000 0
0  42.187210 13.122271 83.375290  0.696690 -0.142323 0.703112  0.000000 0.000000 0
0  48.006912 15.191230 78.027557  0.692181 -0.407714 0.595529  0.000000 0.000000 0
gold_player.001
0  24.882648 11.572204 84.691299  0.302843 -0.233798 0.923918  0.000000 0.000000 0
0  47.985313 15.474060 78.106209  0.302843 -0.233798 0.923918  0.000000 0.000000 0
0  24.861050 11.855035 84.769951  0.302843 -0.233798 0.923918  0.000000 0.000000 0
painted_wood_01
0  21.884041 19.151443 54.870033  -0.003419 -0.943209 -0.332183  0.297874 0.539833 0
0  17.842327 17.029314 61.122391  -0.010013 -0.947658 -0.319131  0.297874 0.539833 0
0  17.680670 17.220774 60.513130  -0.015197 -0.944624 -0.327802  0.297874 0.539833 0
painted_wood_01
0  16.891392 17.565731 60.207973  -0.015723 -0.963487 -0.267292  0.297874 0.539833 0
0  18.808975 19.187681 54.125484  -0.024302 -0.966075 -0.257116  0.297874 0.539833 0
0  19.140585 19.027666 54.625622  -0.030493 -0.963091 -0.267444  0.297874 0.539833 0
painted_wood_01
0  19.140585 19.027666 54.625622  0.058008 -0.963392 -0.261747  0.297874 0.539833 0
0  22.802357 19.268536 54.450523  0.048907 -0.966870 -0.250540  0.297874 0.539833 0
0  21.884041 19.151443 54.870033  0.044109 -0.966000 -0.254753  0.297874 0.539833 0
painted_wood_01
0  17.680670 17.220774 60.513130  -0.156309 -0.914881 -0.372237  0.297874 0.539833 0
0  16.259218 17.501581 60.443756  -0.163315 -0.918685 -0.359648  0.297874 0.539833 0
0  16.891392 17.565731 60.207973  -0.169708 -0.913179 -0.370546  0.297874 0.539833 0
painted_wood_01
0  17.724173 18.421820 60.838787  -0.191557 0.964362 0.182515  0.297874 0.539833 0
0  22.702538 20.575718 54.814049  -0.203081 0.963776 0.172900  0.297874 0.539833 0
0  21.812471 20.328451 55.191402  -0.206976 0.961740 0.179493  0.297874 0.539833 0
painted_wood_01
0  16.902895 18.415159 60.424503  -0.134479 0.970605 0.199605  0.297874 0.539833 0
0  17.881268 18.343414 61.472343  -0.147201 0.970225 0.192343  0.297874 0.539833 0
0  17.724173 18.421820 60.838787  -0.149125 0.967717 0.203189  0.297874 0.539833 0
painted_wood_01
0  19.146992 19.760611 54.822784  -0.185640 0.969687 0.158885  0.297874 0.539833 0
0  16.281406 18.250322 60.643143  -0.194799 0.969495 0.148768  0.297874 0.539833 0
0  16.902895 18.415159 60.424503  -0.198508 0.966707 0.161471  0.297874 0.539833 0
painted_wood_01
0  21.812471 20.328451 55.191402  -0.213808 0.964169 0.157048  0.297874 0.539833 0
0  18.826790 19.788956 54.285610  -0.224235 0.963586 0.145671  0.297874 0.539833 0
0  19.146992 19.760611 54.822784  -0.226895 0.961127 0.157332  0.297874 0.539833 0
gold_player.001
0  32.957481 19.624256 59.670280  -0.366664 0.454790 0.811618  -1.253374 -1.872724 0
0  35.863914 19.022190 62.311348  -0.366662 0.454788 0.811620  -1.215035 -1.872725 0
0  36.366772 19.425287 61.321892  -0.366644 0.454789 0.811628  -1.215037 -1.872725 0
gold_player.001
0  39.821739 18.628241 62.807175  -0.266728 -0.853413 0.447820  -1.101102 -1.872725 0
0  35.896965 18.589418 62.190990  -0.266729 -0.853413 0.447819  -1.139438 -1.872725 0
0  36.412449 18.827209 61.155563  -0.266746 -0.853412 0.447812  -1.139439 -1.872725 0
gold_player.001
0  23.106909 19.603731 54.709778  -0.489455 -0.310642 0.814822  -1.289059 -1.872724 0
0  26.235973 19.584087 57.647148  -0.463423 0.424740 0.777711  -1.354209 -1.872724 0
0  23.061239 20.201813 54.876102  -0.496038 -0.224462 0.838787  -1.364657 -1.872724 0
gold_player.001
0  36.366772 19.425287 61.321892  -0.366652 0.454795 0.811620  -1.215037 -1.872725 0
0  38.330887 18.878218 63.506458  -0.366564 0.454791 0.811663  -1.187294 -1.872725 0
0  39.776058 19.226318 62.973499  -0.366605 0.454792 0.811643  -1.176699 -1.872725 0
gold_player.001
0  36.412449 18.827209 61.155563  -0.266738 -0.853412 0.447816  -1.139439 -1.872725 0
0  33.429989 18.733393 60.995880  -0.266825 -0.853407 0.447774  -1.167179 -1.872725 0
0  33.003159 19.026178 59.503956  -0.266784 -0.853409 0.447793  -1.177777 -1.872725 0
gold_player.001
0  39.776058 19.226318 62.973499  -0.366683 0.454792 0.811608  -1.176699 -1.872725 0
0  40.797867 18.734241 64.701569  -0.366672 0.454789 0.811615  -1.159554 -1.872725 0
0  43.185352 19.027349 64.625107  -0.366708 0.454791 0.811597  -1.138362 -1.872725 0
gold_player.001
0  33.003159 19.026178 59.503956  -0.266706 -0.853414 0.447830  -1.177777 -1.872725 0
0  30.963009 18.877369 59.800770  -0.266718 -0.853414 0.447824  -1.194920 -1.872725 0
0  29.593866 19.225147 57.852345  -0.266683 -0.853415 0.447843  -1.216114 -1.872725 0
painted_wood_01
0  23.061239 20.201813 54.876102  -0.495848 -0.224493 0.838891  0.297874 0.539833 0
0  22.802357 19.268536 54.450523  -0.432336 -0.272093 0.859681  0.297874 0.539833 0
0  23.106909 19.603731 54.709778  -0.489297 -0.310690 0.814899  0.297874 0.539833 0
painted_wood_01
0  46.640320 18.230301 66.110397  -0.266709 -0.853551 0.447568  0.297874 0.539833 0
0  50.076683 17.676781 67.663406  -0.432349 -0.272081 0.859678  0.297874 0.539833 0
0  49.717979 18.050686 67.601349  -0.365894 -0.317888 0.874682  0.297874 0.539833 0
painted_wood_01
0  49.717979 18.050686 67.601349  -0.365945 -0.317856 0.874672  0.297874 0.539833 0
0  49.976860 18.983963 68.026932  -0.432366 -0.272087 0.859667  0.297874 0.539833 0
0  49.672310 18.648767 67.767677  -0.372493 -0.231656 0.898657  0.297874 0.539833 0
painted_wood_01
0  26.138903 20.022196 56.367062  -0.366515 0.455045 0.811542  0.297874 0.539833 0
0  22.702538 20.575718 54.814049  -0.432340 -0.272092 0.859679  0.297874 0.539833 0
0  23.061239 20.201813 54.876102  -0.495885 -0.224459 0.838877  0.297874 0.539833 0
painted_wood_01
0  49.672310 18.648767 67.767677  -0.372467 -0.231663 0.898666  0.297874 0.539833 0
0  46.567570 19.182932 66.375320  -0.432345 -0.272088 0.859678  0.297874 0.539833 0
0  46.594643 18.828381 66.276718  -0.366572 0.455048 0.811515  0.297874 0.539833 0
painted_wood_01
0  46.594643 18.828381 66.276718  -0.366517 0.455042 0.811543  0.297874 0.539833 0
0  43.158279 19.381901 64.723709  -0.432341 -0.272095 0.859678  0.297874 0.539833 0
0  43.185352 19.027349 64.625107  -0.366571 0.455043 0.811518  0.297874 0.539833 0
painted_wood_01
0  43.185352 19.027349 64.625107  -0.366519 0.455050 0.811538  0.297874 0.539833 0
0  39.748985 19.580870 63.072098  -0.432347 -0.272083 0.859678  0.297874 0.539833 0
0  39.776058 19.226318 62.973499  -0.366574 0.455055 0.811510  0.297874 0.539833 0
painted_wood_01
0  39.776058 19.226318 62.973499  -0.366513 0.455048 0.811542  0.297874 0.539833 0
0  36.339699 19.779839 61.420490  -0.432338 -0.272090 0.859681  0.297874 0.539833 0
0  36.366772 19.425287 61.321892  -0.366570 0.455047 0.811516  0.297874 0.539833 0
painted_wood_01
0  36.366772 19.425287 61.321892  -0.366521 0.455051 0.811536  0.297874 0.539833 0
0  32.930408 19.978807 59.768879  -0.432350 -0.272081 0.859677  0.297874 0.539833 0
0  32.957481 19.624256 59.670280  -0.366576 0.455057 0.811508  0.297874 0.539833 0
painted_wood_01
0  32.957481 19.624256 59.670280  -0.366521 0.455043 0.811541  0.297874 0.539833 0
0  29.521118 20.177778 58.117268  -0.432347 -0.272091 0.859676  0.297874 0.539833 0
0  29.548193 19.823227 58.018669  -0.366579 0.455048 0.811511  0.297874 0.539833 0
painted_wood_01
0  29.548193 19.823227 58.018669  -0.366517 0.455047 0.811540  0.297874 0.539833 0
0  26.111828 20.376747 56.465660  -0.432343 -0.272089 0.859679  0.297874 0.539833 0
0  26.138903 20.022196 56.367062  -0.366576 0.455050 0.811512  0.297874 0.539833 0
painted_wood_01
0  23.106909 19.603731 54.709778  -0.489312 -0.310680 0.814893  0.297874 0.539833 0
0  26.211647 19.069567 56.102135  -0.432348 -0.272089 0.859676  0.297874 0.539833 0
0  26.184572 19.424118 56.200733  -0.266649 -0.853556 0.447593  0.297874 0.539833 0
painted_wood_01
0  26.184572 19.424118 56.200733  -0.266705 -0.853556 0.447562  0.297874 0.539833 0
0  29.620941 18.870596 57.753746  -0.432347 -0.272091 0.859676  0.297874 0.539833 0
0  29.593866 19.225147 57.852345  -0.266648 -0.853557 0.447592  0.297874 0.539833 0
painted_wood_01
0  29.593866 19.225147 57.852345  -0.266702 -0.853552 0.447571  0.297874 0.539833 0
0  33.030231 18.671627 59.405357  -0.432340 -0.272087 0.859681  0.297874 0.539833 0
0  33.003159 19.026178 59.503956  -0.266645 -0.853557 0.447595  0.297874 0.539833 0
painted_wood_01
0  33.003159 19.026178 59.503956  -0.266706 -0.853555 0.447561  0.297874 0.539833 0
0  36.439522 18.472658 61.056965  -0.432349 -0.272089 0.859675  0.297874 0.539833 0
0  36.412449 18.827209 61.155563  -0.266652 -0.853556 0.447592  0.297874 0.539833 0
painted_wood_01
0  36.412449 18.827209 61.155563  -0.266708 -0.853547 0.447577  0.297874 0.539833 0
0  39.848812 18.273689 62.708576  -0.432344 -0.272076 0.859682  0.297874 0.539833 0
0  39.821739 18.628241 62.807175  -0.266651 -0.853552 0.447601  0.297874 0.539833 0
painted_wood_01
0  39.821739 18.628241 62.807175  -0.266700 -0.853559 0.447557  0.297874 0.539833 0
0  43.258102 18.074720 64.360184  -0.432343 -0.272099 0.859675  0.297874 0.539833 0
0  43.231030 18.429270 64.458786  -0.266648 -0.853562 0.447583  0.297874 0.539833 0
painted_wood_01
0  43.231030 18.429270 64.458786  -0.266702 -0.853558 0.447560  0.297874 0.539833 0
0  46.667393 17.875750 66.011795  -0.432344 -0.272096 0.859676  0.297874 0.539833 0
0  46.640320 18.230301 66.110397  -0.266649 -0.853561 0.447585  0.297874 0.539833 0
gold_player.001
0  26.269020 19.151314 57.526794  -0.368099 -0.824202 0.430342  -1.258152 -1.872725 0
0  28.462982 19.454115 58.726013  -0.366580 0.455045 0.811513  -1.287812 -1.872724 0
0  26.235973 19.584087 57.647148  -0.463455 0.424748 0.777688  -1.312855 -1.872724 0
gold_player.001
0  28.496029 19.021345 58.605656  -0.266634 -0.853562 0.447592  -1.233110 -1.872725 0
0  30.929958 19.310141 59.921124  -0.366620 0.455045 0.811495  -1.260071 -1.872724 0
0  28.462982 19.454115 58.726013  -0.366547 0.455041 0.811530  -1.287812 -1.872724 0
gold_player.001
0  30.963009 18.877369 59.800770  -0.266636 -0.853559 0.447597  -1.205369 -1.872725 0
0  33.396935 19.166164 61.116234  -0.366620 0.455049 0.811492  -1.232330 -1.872725 0
0  30.929958 19.310141 59.921124  -0.366549 0.455048 0.811525  -1.260072 -1.872724 0
gold_player.001
0  33.429989 18.733393 60.995880  -0.266635 -0.853558 0.447598  -1.177628 -1.872725 0
0  35.863914 19.022190 62.311348  -0.366622 0.455049 0.811492  -1.204589 -1.872725 0
0  33.396935 19.166164 61.116234  -0.366551 0.455049 0.811523  -1.232331 -1.872725 0
gold_player.001
0  35.896965 18.589418 62.190990  -0.266635 -0.853563 0.447589  -1.149887 -1.872725 0
0  38.330887 18.878218 63.506458  -0.366626 0.455041 0.811494  -1.176849 -1.872725 0
0  35.863914 19.022190 62.311348  -0.366553 0.455042 0.811527  -1.204589 -1.872725 0
gold_player.001
0  38.363941 18.445446 63.386105  -0.266631 -0.853562 0.447593  -1.122146 -1.872725 0
0  40.797867 18.734241 64.701569  -0.366621 0.455044 0.811495  -1.149107 -1.872725 0
0  38.330887 18.878218 63.506458  -0.366376 0.455032 0.811612  -1.176848 -1.872725 0
gold_player.001
0  40.830917 18.301468 64.581223  -0.266635 -0.853556 0.447603  -1.094404 -1.872726 0
0  43.264843 18.590267 65.896683  -0.366618 0.455056 0.811489  -1.121365 -1.872725 0
0  40.797867 18.734241 64.701569  -0.366549 0.455053 0.811522  -1.149106 -1.872725 0
gold_player.001
0  43.297894 18.157494 65.776329  -0.266623 -0.853559 0.447604  -1.066663 -1.872725 0
0  45.491856 18.460299 66.975548  -0.283371 0.414247 0.864928  -1.096324 -1.872725 0
0  43.264843 18.590267 65.896683  -0.366370 0.455035 0.811614  -1.121366 -1.872725 0
gold_player.001
0  43.231030 18.429270 64.458786  -0.266755 -0.853410 0.447810  -1.062765 -1.872725 0
0  38.363941 18.445446 63.386105  -0.266775 -0.853408 0.447801  -1.111698 -1.872725 0
0  39.821739 18.628241 62.807175  -0.266751 -0.853410 0.447812  -1.101102 -1.872725 0
gold_player.001
0  29.548193 19.823227 58.018669  -0.366636 0.454790 0.811630  -1.291711 -1.872724 0
0  33.396935 19.166164 61.116234  -0.366617 0.454787 0.811641  -1.242777 -1.872724 0
0  32.957481 19.624256 59.670280  -0.366640 0.454790 0.811629  -1.253374 -1.872724 0
gold_player.001
0  49.672310 18.648767 67.767677  -0.372313 -0.231702 0.898720  -1.065417 -1.872726 0
0  45.524902 18.027523 66.855194  -0.188009 -0.834712 0.517598  -1.000265 -1.872726 0
0  49.717979 18.050686 67.601349  -0.365729 -0.317881 0.874754  -0.989820 -1.872726 0
gold_player.001
0  46.640320 18.230301 66.110397  -0.266715 -0.853411 0.447832  -1.024428 -1.872726 0
0  40.830917 18.301468 64.581223  -0.266802 -0.853406 0.447789  -1.083957 -1.872725 0
0  43.231030 18.429270 64.458786  -0.266756 -0.853409 0.447811  -1.062765 -1.872725 0
gold_player.001
0  26.138903 20.022196 56.367062  -0.366676 0.454795 0.811610  -1.330048 -1.872724 0
0  30.929958 19.310141 59.921124  -0.366588 0.454792 0.811651  -1.270518 -1.872724 0
0  29.548193 19.823227 58.018669  -0.366635 0.454793 0.811629  -1.291711 -1.872724 0
gold_player.001
0  23.061239 20.201813 54.876102  -0.495842 -0.224590 0.838868  -1.364657 -1.872724 0
0  28.462982 19.454115 58.726013  -0.366673 0.454795 0.811611  -1.298259 -1.872724 0
0  26.138903 20.022196 56.367062  -0.366584 0.454789 0.811654  -1.330048 -1.872724 0
gold_player.001
0  26.184572 19.424118 56.200733  -0.266717 -0.853414 0.447825  -1.254451 -1.872724 0
0  26.269020 19.151314 57.526794  -0.368223 -0.824041 0.430545  -1.247704 -1.872725 0
0  23.106909 19.603731 54.709778  -0.489248 -0.310573 0.814973  -1.289059 -1.872724 0
gold_player.001
0  46.594643 18.828381 66.276718  -0.366670 0.454794 0.811613  -1.100025 -1.872725 0
0  45.491856 18.460299 66.975548  -0.283358 0.413971 0.865064  -1.106771 -1.872725 0
0  49.672310 18.648767 67.767677  -0.372537 -0.231785 0.898606  -1.065417 -1.872726 0
gold_player.001
0  29.593866 19.225147 57.852345  -0.266732 -0.853410 0.447823  -1.216114 -1.872725 0
0  28.496029 19.021345 58.605656  -0.266712 -0.853411 0.447833  -1.222661 -1.872725 0
0  26.184572 19.424118 56.200733  -0.266731 -0.853411 0.447822  -1.254451 -1.872724 0
gold_player.001
0  43.185352 19.027349 64.625107  -0.366659 0.454795 0.811617  -1.138362 -1.872725 0
0  43.264843 18.590267 65.896683  -0.366679 0.454797 0.811607  -1.131814 -1.872725 0
0  46.594643 18.828381 66.276718  -0.366659 0.454795 0.811617  -1.100025 -1.872725 0
black.001
0  11.131424 12.562930 80.157036  -0.468807 -0.223106 0.854660  19.385180 5.263299 0
0  17.741055 11.044974 83.386444  -0.468808 -0.223105 0.854660  19.820961 4.937456 0
0  17.738211 11.476246 83.502457  -0.468808 -0.223105 0.854660  19.478073 4.972659 0
black.001
0  17.782936 11.927798 83.620392  -0.467858 -0.223268 0.855138  19.119209 5.007977 0
0  10.763379 13.510597 80.193115  -0.467859 -0.223268 0.855137  18.677723 5.351672 0
0  11.144814 13.014774 80.277374  -0.467858 -0.223268 0.855138  19.025984 5.299653 0
black.001
0  11.144814 13.014774 80.277374  -0.468066 -0.214446 0.857279  19.025984 5.299653 0
0  10.724439 12.196499 79.843155  -0.468066 -0.214446 0.857279  19.722363 5.245944 0
0  11.131424 12.562930 80.157036  -0.468066 -0.214446 0.857279  19.385180 5.263299 0
black.001
0  23.576080 11.673958 83.696274  -0.023955 -0.272736 0.961791  18.587931 4.679616 0
0  23.955002 12.566216 83.958740  -0.023956 -0.272737 0.961790  17.852055 4.742558 0
0  23.541658 12.121210 83.826889  -0.023954 -0.272734 0.961791  18.237413 4.718241 0
black.001
0  23.541658 12.121210 83.826889  -0.025919 -0.260767 0.965054  18.237413 4.718241 0
0  17.779997 12.359073 83.736404  -0.025919 -0.260767 0.965054  18.548046 4.917122 0
0  17.782936 11.927798 83.620392  -0.025919 -0.260767 0.965054  18.886486 4.881037 0
black.001
0  17.738211 11.476246 83.502457  -0.023141 -0.260809 0.965113  19.243990 4.844838 0
0  24.054821 11.259034 83.595215  -0.023141 -0.260809 0.965113  18.872898 4.630065 0
0  23.576080 11.673958 83.696274  -0.023141 -0.260809 0.965113  18.587931 4.679616 0
painted_wood_01
0  23.576080 11.673958 83.696274  0.040705 -0.971010 -0.235545  0.297874 0.539833 0
0  17.556128 11.304677 84.178268  -0.112785 -0.972586 0.203362  0.297874 0.539833 0
0  17.738211 11.476246 83.502457  0.040705 -0.971010 -0.235545  0.297874 0.539833 0
gold_player.001
0  17.470942 11.644767 84.323196  -0.341642 0.146987 0.928265  19.209156 4.995910 0
0  11.017969 12.452044 81.006950  -0.662914 -0.446296 0.601136  19.316710 5.259147 0
0  17.446379 11.395724 84.257942  -0.363133 -0.545886 0.755078  19.407114 4.976425 0
painted_wood_01
0  17.782936 11.927798 83.620392  -0.041056 0.971017 0.235456  0.297874 0.539833 0
0  23.359566 11.949633 84.502731  0.540795 0.540967 0.644124  0.297874 0.539833 0
0  23.541658 12.121210 83.826889  -0.041056 0.971017 0.235456  0.297874 0.539833 0
painted_wood_01
0  11.131424 12.562930 80.157036  -0.967097 0.091847 -0.237249  0.297874 0.539833 0
0  10.962720 12.843196 80.953224  -0.721780 0.617568 0.312478  0.297874 0.539833 0
0  11.144814 13.014774 80.277374  -0.967097 0.091847 -0.237249  0.297874 0.539833 0
painted_wood_01
0  23.541658 12.121210 83.826889  0.965665 -0.001537 0.259786  0.297874 0.539833 0
0  23.393988 11.502380 84.372116  0.610019 -0.723995 0.322039  0.297874 0.539833 0
0  23.576080 11.673958 83.696274  0.965665 -0.001537 0.259786  0.297874 0.539833 0
gold_player.001
0  17.645033 11.384835 84.308640  -0.106728 -0.577140 0.809641  19.236647 4.848445 0
0  17.446379 11.395724 84.257942  -0.362999 -0.546097 0.754990  19.249962 4.851626 0
0  17.556128 11.304677 84.178268  -0.112744 -0.972582 0.203402  19.249359 4.850942 0
gold_player.001
0  17.669548 11.632319 84.373558  -0.122557 0.113446 0.985956  18.882149 4.885396 0
0  17.600853 11.756228 84.296204  -0.114381 0.760913 0.638692  18.891651 4.887084 0
0  17.470942 11.644767 84.323196  -0.341611 0.147211 0.928241  18.892258 4.887795 0
gold_player.001
0  17.669548 11.632319 84.373558  -0.122455 0.113220 0.985995  19.200010 4.992856 0
0  17.446379 11.395724 84.257942  -0.363053 -0.545870 0.755128  19.407114 4.976425 0
0  17.645033 11.384835 84.308640  -0.106695 -0.576932 0.809794  19.396751 4.973493 0
gold_player.001
0  11.017969 12.452044 81.006950  -0.662930 -0.446342 0.601084  19.380690 5.252655 0
0  17.556128 11.304677 84.178268  -0.112836 -0.972558 0.203467  19.473026 4.966938 0
0  17.446379 11.395724 84.257942  -0.363084 -0.546076 0.754964  19.471048 4.969939 0
gold_player.001
0  17.470942 11.644767 84.323196  -0.341545 0.147196 0.928268  19.112009 5.005757 0
0  10.962720 12.843196 80.953224  -0.721964 0.617419 0.312349  19.020908 5.293963 0
0  11.025458 12.701221 81.073105  -0.642301 0.143243 0.752948  19.021460 5.289045 0
gold_player.001
0  11.025458 12.701221 81.073105  -0.642274 0.143189 0.752981  19.106350 5.284380 0
0  10.949330 12.391352 80.832886  -0.762377 -0.646866 -0.018592  19.384998 5.257100 0
0  11.017969 12.452044 81.006950  -0.662913 -0.446292 0.601141  19.304398 5.264336 0
gold_player.001
0  23.359566 11.949633 84.502731  0.540695 0.541155 0.644050  18.236126 4.725029 0
0  23.254391 11.573901 84.498169  0.246298 -0.521559 0.816893  18.505171 4.696367 0
0  23.393988 11.502380 84.372116  0.610048 -0.724003 0.321963  18.586647 4.686404 0
gold_player.001
0  23.235451 11.820174 84.569801  0.213054 0.065907 0.974815  18.254789 4.728056 0
0  17.600853 11.756228 84.296204  -0.114292 0.760921 0.638699  18.891651 4.887084 0
0  17.669548 11.632319 84.373558  -0.122485 0.113440 0.985966  18.882120 4.885398 0
gold_player.001
0  23.393988 11.502380 84.372116  0.610225 -0.723842 0.321992  18.593302 4.685721 0
0  17.645033 11.384835 84.308640  -0.106707 -0.577070 0.809693  19.236647 4.848445 0
0  17.556128 11.304677 84.178268  -0.112778 -0.972558 0.203501  19.249359 4.850942 0
gold_player.001
0  23.235451 11.820174 84.569801  0.212989 0.065830 0.974834  18.330643 4.719872 0
0  17.645033 11.384835 84.308640  -0.106678 -0.576929 0.809798  19.153976 4.857368 0
0  23.254391 11.573901 84.498169  0.246293 -0.521535 0.816909  18.523594 4.698610 0
painted_wood_01
0  8.347279 12.623274 79.168091  -0.320258 -0.273309 0.907048  0.297874 0.539833 0
0  10.724439 12.196499 79.843155  -0.272418 -0.213069 0.938291  0.297874 0.539833 0
0  9.554316 13.066565 79.680176  -0.304501 -0.236689 0.922636  0.297874 0.539833 0
black.001
0  10.724439 12.196499 79.843155  -0.264049 -0.246686 0.932429  19.722363 5.245944 0
0  10.763379 13.510597 80.193115  -0.263576 -0.236571 0.935180  18.677723 5.351672 0
0  9.554316 13.066565 79.680176  -0.304502 -0.236686 0.922637  19.121895 5.346248 0
painted_wood_01
0  -16.281406 18.250322 60.643143  0.900707 0.135676 -0.412697  0.297874 0.539833 0
0  -16.259218 17.501581 60.443756  0.900658 0.137341 -0.412254  0.297874 0.539833 0
0  -18.808975 19.187681 54.125484  0.900694 0.136746 -0.412371  0.297874 0.539833 0
painted_wood_01
0  -17.842327 17.029314 61.122391  -0.757191 -0.154925 0.634555  0.297874 0.539833 0
0  -17.881268 18.343414 61.472343  -0.757156 -0.154945 0.634592  0.297874 0.539833 0
0  -22.702538 20.575718 54.814049  -0.757241 -0.154525 0.634592  0.297874 0.539833 0
painted_wood_01
0  -18.826790 19.788956 54.285610  0.392407 0.230234 -0.890511  0.297874 0.539833 0
0  -18.808975 19.187681 54.125484  0.392407 0.230235 -0.890511  0.297874 0.539833 0
0  -22.393518 19.937075 52.752216  0.392407 0.230235 -0.890511  0.297874 0.539833 0
painted_wood_01
0  -26.111828 20.376747 56.465660  0.044334 0.978547 0.201196  0.297874 0.539833 0
0  -22.702538 20.575718 54.814049  0.044334 0.978547 0.201196  0.297874 0.539833 0
0  -23.155602 20.775839 53.400951  0.044334 0.978547 0.201196  0.297874 0.539833 0
painted_wood_01
0  -23.155602 20.775839 53.400951  0.044358 0.978546 0.201197  0.297874 0.539833 0
0  -50.610302 19.382612 66.767395  0.044358 0.978546 0.201197  0.297874 0.539833 0
0  -36.339699 19.779839 61.420490  0.044358 0.978546 0.201197  0.297874 0.539833 0
painted_wood_01
0  -50.610302 19.382612 66.767395  0.044349 0.978543 0.201214  0.297874 0.539833 0
0  -49.976860 18.983963 68.026932  0.044344 0.978543 0.201216  0.297874 0.539833 0
0  -46.567570 19.182932 66.375320  0.044342 0.978543 0.201217  0.297874 0.539833 0
painted_wood_01
0  -50.610302 19.382612 66.767395  0.044340 0.978543 0.201213  0.297874 0.539833 0
0  -46.567570 19.182932 66.375320  0.044347 0.978544 0.201210  0.297874 0.539833 0
0  -43.158279 19.381901 64.723709  0.044353 0.978544 0.201208  0.297874 0.539833 0
painted_wood_01
0  -29.521118 20.177778 58.117268  0.044331 0.978548 0.201191  0.297874 0.539833 0
0  -26.111828 20.376747 56.465660  0.044336 0.978549 0.201189  0.297874 0.539833 0
0  -23.155602 20.775839 53.400951  0.044336 0.978549 0.201189  0.297874 0.539833 0
painted_wood_01
0  -32.930408 19.978807 59.768879  0.044336 0.978547 0.201195  0.297874 0.539833 0
0  -29.521118 20.177778 58.117268  0.044336 0.978547 0.201194  0.297874 0.539833 0
0  -23.155602 20.775839 53.400951  0.044337 0.978548 0.201194  0.297874 0.539833 0
painted_wood_01
0  -50.610302 19.382612 66.767395  0.044345 0.978543 0.201213  0.297874 0.539833 0
0  -43.158279 19.381901 64.723709  0.044347 0.978543 0.201212  0.297874 0.539833 0
0  -39.748985 19.580870 63.072098  0.044357 0.978544 0.201208  0.297874 0.539833 0
painted_wood_01
0  -36.339699 19.779839 61.420490  0.044350 0.978542 0.201217  0.297874 0.539833 0
0  -50.610302 19.382612 66.767395  0.044350 0.978542 0.201217  0.297874 0.539833 0
0  -39.748985 19.580870 63.072098  0.044348 0.978542 0.201218  0.297874 0.539833 0
black.001
0  -17.724173 18.421820 60.838787  0.198052 0.966967 0.160472  -1.532320 0.803617 0
0  -16.902895 18.415159 60.424503  0.197888 0.966982 0.160580  -1.450059 0.841037 0
0  -19.146992 19.760611 54.822784  0.197857 0.967004 0.160486  -1.715409 1.441672 0
painted_wood_01
0  -50.570518 19.268330 66.308739  0.055527 0.971219 0.231624  0.297874 0.539833 0
0  -23.708616 20.836018 53.295643  0.055527 0.971219 0.231624  0.297874 0.539833 0
0  -25.597885 21.018993 52.981323  0.055527 0.971219 0.231624  0.297874 0.539833 0
painted_wood_01
0  -18.808975 19.187681 54.125484  -0.063292 -0.923338 -0.378736  0.297874 0.539833 0
0  -22.802357 19.268536 54.450523  -0.063287 -0.923339 -0.378735  0.297874 0.539833 0
0  -23.223351 19.888647 53.154224  -0.063287 -0.923339 -0.378735  0.297874 0.539833 0
painted_wood_01
0  -50.710121 18.075430 66.403862  -0.101983 -0.937839 -0.331749  0.297874 0.539833 0
0  -23.223351 19.888647 53.154224  -0.101983 -0.937839 -0.331749  0.297874 0.539833 0
0  -36.439522 18.472658 61.056965  -0.101983 -0.937839 -0.331749  0.297874 0.539833 0
painted_wood_01
0  -23.223351 19.888647 53.154224  -0.102005 -0.937835 -0.331753  0.297874 0.539833 0
0  -22.802357 19.268536 54.450523  -0.102005 -0.937835 -0.331753  0.297874 0.539833 0
0  -26.211647 19.069567 56.102135  -0.102004 -0.937835 -0.331754  0.297874 0.539833 0
painted_wood_01
0  -29.620941 18.870596 57.753746  -0.101996 -0.937833 -0.331761  0.297874 0.539833 0
0  -23.223351 19.888647 53.154224  -0.102003 -0.937834 -0.331757  0.297874 0.539833 0
0  -26.211647 19.069567 56.102135  -0.102009 -0.937835 -0.331754  0.297874 0.539833 0
painted_wood_01
0  -29.620941 18.870596 57.753746  -0.102007 -0.937834 -0.331755  0.297874 0.539833 0
0  -33.030231 18.671627 59.405357  -0.102003 -0.937834 -0.331757  0.297874 0.539833 0
0  -23.223351 19.888647 53.154224  -0.102003 -0.937834 -0.331758  0.297874 0.539833 0
painted_wood_01
0  -33.030231 18.671627 59.405357  -0.102002 -0.937834 -0.331758  0.297874 0.539833 0
0  -36.439522 18.472658 61.056965  -0.101994 -0.937833 -0.331762  0.297874 0.539833 0
0  -23.223351 19.888647 53.154224  -0.101993 -0.937833 -0.331762  0.297874 0.539833 0
painted_wood_01
0  -36.439522 18.472658 61.056965  -0.101992 -0.937846 -0.331726  0.297874 0.539833 0
0  -39.848812 18.273689 62.708576  -0.101990 -0.937846 -0.331726  0.297874 0.539833 0
0  -50.710121 18.075430 66.403862  -0.101991 -0.937846 -0.331726  0.297874 0.539833 0
painted_wood_01
0  -39.848812 18.273689 62.708576  -0.101999 -0.937841 -0.331738  0.297874 0.539833 0
0  -43.258102 18.074720 64.360184  -0.101992 -0.937841 -0.331741  0.297874 0.539833 0
0  -50.710121 18.075430 66.403862  -0.101985 -0.937841 -0.331744  0.297874 0.539833 0
painted_wood_01
0  -43.258102 18.074720 64.360184  -0.101991 -0.937842 -0.331738  0.297874 0.539833 0
0  -46.667393 17.875750 66.011795  -0.101997 -0.937842 -0.331736  0.297874 0.539833 0
0  -50.710121 18.075430 66.403862  -0.101990 -0.937842 -0.331738  0.297874 0.539833 0
painted_wood_01
0  -49.976860 18.983963 68.026932  0.073371 0.960841 0.267209  0.297874 0.539833 0
0  -50.610302 19.382612 66.767395  0.073371 0.960841 0.267209  0.297874 0.539833 0
0  -52.216164 18.976110 68.670052  0.073371 0.960841 0.267209  0.297874 0.539833 0
painted_wood_01
0  -22.393518 19.937075 52.752216  -0.432345 0.272091 -0.859677  0.297874 0.539833 0
0  -23.223351 19.888647 53.154224  -0.432345 0.272091 -0.859677  0.297874 0.539833 0
0  -23.155602 20.775839 53.400951  -0.432345 0.272091 -0.859677  0.297874 0.539833 0
black.001
0  -16.891392 17.565731 60.207973  0.012671 -0.957118 -0.289421  2.459895 0.901398 0
0  -17.680670 17.220774 60.513130  0.012443 -0.957335 -0.288712  2.537665 0.864960 0
0  -21.884041 19.151443 54.870033  0.012458 -0.957177 -0.289235  3.025908 1.493207 0
gold_player.001
0  -49.717979 18.050686 67.601349  0.365974 -0.317811 0.874677  -0.989820 -1.872726 0
0  -46.640320 18.230301 66.110397  0.266820 -0.853430 0.447732  -1.024428 -1.872726 0
0  -43.297894 18.157494 65.776329  0.266726 -0.853436 0.447777  -1.056216 -1.872725 0
painted_wood_01
0  -22.702538 20.575718 54.814049  0.185642 0.967617 0.171041  0.297874 0.539833 0
0  -18.826790 19.788956 54.285610  0.185643 0.967617 0.171036  0.297874 0.539833 0
0  -22.325769 20.824270 52.998947  0.185642 0.967617 0.171037  0.297874 0.539833 0
painted_wood_01
0  -17.741055 11.044974 83.386444  0.028624 -0.965926 -0.257232  0.297874 0.539833 0
0  -18.426880 11.359132 82.130447  0.028624 -0.965926 -0.257232  0.297874 0.539833 0
0  -11.410264 12.510656 78.587151  0.028624 -0.965926 -0.257232  0.297874 0.539833 0
painted_wood_01
0  -17.738211 11.476246 83.502457  0.030570 -0.966805 -0.253679  0.297874 0.539833 0
0  -11.131424 12.562930 80.157036  0.030570 -0.966805 -0.253679  0.297874 0.539833 0
0  -10.949330 12.391352 80.832886  0.762490 -0.646736 -0.018463  0.297874 0.539833 0
painted_wood_01
0  -24.054821 11.259034 83.595215  -0.045176 -0.969758 -0.239851  0.297874 0.539833 0
0  -23.611124 11.601605 82.241554  -0.045177 -0.969758 -0.239850  0.297874 0.539833 0
0  -18.426880 11.359132 82.130447  -0.045179 -0.969758 -0.239850  0.297874 0.539833 0
painted_wood_01
0  -11.144814 13.014774 80.277374  -0.030556 0.966806 0.253677  0.297874 0.539833 0
0  -17.782936 11.927798 83.620392  -0.030556 0.966806 0.253677  0.297874 0.539833 0
0  -17.600853 11.756228 84.296204  0.114301 0.761007 0.638595  0.297874 0.539833 0
painted_wood_01
0  -51.094524 15.636385 75.279793  -0.073371 -0.960842 -0.267208  0.297874 0.539833 0
0  -50.010414 15.822742 74.312012  -0.073371 -0.960842 -0.267208  0.297874 0.539833 0
0  -47.748409 15.379170 75.285896  -0.073371 -0.960842 -0.267208  0.297874 0.539833 0
painted_wood_01
0  -52.692825 16.407087 72.947365  -0.073372 -0.960840 -0.267214  0.297874 0.539833 0
0  -51.236122 16.273088 73.029213  -0.073372 -0.960840 -0.267214  0.297874 0.539833 0
0  -50.010414 15.822742 74.312012  -0.073372 -0.960840 -0.267214  0.297874 0.539833 0
painted_wood_01
0  -52.593002 17.714268 73.310883  -0.834976 -0.087331 0.543313  0.297874 0.539833 0
0  -52.692825 16.407087 72.947365  -0.834976 -0.087331 0.543313  0.297874 0.539833 0
0  -51.094524 15.636385 75.279793  -0.834976 -0.087331 0.543313  0.297874 0.539833 0
c_invasion_wrangler_laser
0  -41.971596 15.458445 77.199463  0.832271 0.538422 0.132011  0.000000 0.000000 0
0  -42.020191 14.822124 77.022499  0.729452 -0.655993 -0.193838  0.000000 0.000000 0
0  -42.030453 15.024014 76.385300  0.997143 -0.065887 -0.036932  0.000000 0.000000 0
painted_wood_01
0  -52.216164 18.976110 68.670052  -0.994241 0.091461 -0.055864  0.297874 0.539833 0
0  -52.315987 17.668930 68.306526  -0.994241 0.091461 -0.055864  0.297874 0.539833 0
0  -52.692825 16.407087 72.947365  -0.994241 0.091461 -0.055864  0.297874 0.539833 0
c_invasion_wrangler_laser
0  -51.161919 17.244839 73.299454  0.073142 0.960745 0.267618  0.000000 0.000000 0
0  -49.936214 16.794495 74.582260  0.076429 0.960469 0.267688  0.000000 0.000000 0
0  -46.934948 17.384186 71.637711  0.073373 0.960841 0.267209  0.000000 0.000000 0
painted_wood_01
0  -51.136307 17.580267 73.392738  0.073371 0.960842 0.267208  0.297874 0.539833 0
0  -52.593002 17.714268 73.310883  0.073371 0.960842 0.267208  0.297874 0.539833 0
0  -50.994713 16.943567 75.643326  0.073371 0.960842 0.267208  0.297874 0.539833 0
painted_wood_01
0  -50.759464 18.842110 68.751892  0.073374 0.960841 0.267210  0.297874 0.539833 0
0  -52.216164 18.976110 68.670052  0.073374 0.960841 0.267210  0.297874 0.539833 0
0  -52.593002 17.714268 73.310883  0.073374 0.960841 0.267210  0.297874 0.539833 0
gold_player.001
0  -50.604988 18.646242 68.529602  0.420093 0.029630 0.906997  -1.155604 -1.872731 0
0  -50.670139 17.793081 68.292351  0.375873 -0.549881 0.745889  -1.047734 -1.872732 0
0  -41.258293 14.431797 77.794800  -0.068159 -0.771537 0.632522  -1.047730 -1.872732 0
painted_wood_01
0  -52.315987 17.668930 68.306526  -0.073374 -0.960841 -0.267210  0.297874 0.539833 0
0  -50.859283 17.534929 68.388374  -0.073374 -0.960841 -0.267210  0.297874 0.539833 0
0  -51.236122 16.273088 73.029213  -0.073374 -0.960841 -0.267210  0.297874 0.539833 0
painted_wood_01
0  -50.710121 18.075430 66.403862  -0.073375 -0.960841 -0.267210  0.297874 0.539833 0
0  -50.076683 17.676781 67.663406  -0.073375 -0.960841 -0.267210  0.297874 0.539833 0
0  -50.859283 17.534929 68.388374  -0.073375 -0.960841 -0.267210  0.297874 0.539833 0
painted_wood_01
0  -50.610302 19.382612 66.767395  -0.767728 0.225437 -0.599810  0.297874 0.539833 0
0  -50.710121 18.075430 66.403862  -0.767728 0.225437 -0.599810  0.297874 0.539833 0
0  -52.315987 17.668930 68.306526  -0.767728 0.225437 -0.599810  0.297874 0.539833 0
painted_wood_01
0  -41.614262 15.741959 77.388336  0.073374 0.960841 0.267209  0.297874 0.539833 0
0  -47.648582 16.686350 75.649422  0.073374 0.960841 0.267209  0.297874 0.539833 0
0  -48.092285 16.343782 77.003075  0.073374 0.960841 0.267209  0.297874 0.539833 0
painted_wood_01
0  -48.092285 16.343782 77.003075  0.073372 0.960841 0.267210  0.297874 0.539833 0
0  -23.955002 12.566216 83.958740  0.073372 0.960841 0.267210  0.297874 0.539833 0
0  -35.579941 14.797567 79.127251  0.073372 0.960841 0.267210  0.297874 0.539833 0
painted_wood_01
0  -23.955002 12.566216 83.958740  0.073374 0.960841 0.267208  0.297874 0.539833 0
0  -23.511303 12.908786 82.605080  0.073374 0.960841 0.267208  0.297874 0.539833 0
0  -35.579941 14.797567 79.127251  0.073374 0.960841 0.267208  0.297874 0.539833 0
painted_wood_01
0  -23.511303 12.908786 82.605080  0.045672 0.969741 0.239827  0.297874 0.539833 0
0  -23.955002 12.566216 83.958740  0.045671 0.969741 0.239827  0.297874 0.539833 0
0  -17.779997 12.359073 83.736404  0.045670 0.969741 0.239826  0.297874 0.539833 0
painted_wood_01
0  -49.910599 17.129923 74.675545  0.073371 0.960841 0.267209  0.297874 0.539833 0
0  -50.994713 16.943567 75.643326  0.073371 0.960841 0.267209  0.297874 0.539833 0
0  -48.092285 16.343782 77.003075  0.073371 0.960841 0.267209  0.297874 0.539833 0
painted_wood_01
0  -23.611124 11.601605 82.241554  -0.009956 0.262840 -0.964788  0.297874 0.539833 0
0  -23.511303 12.908786 82.605080  -0.009956 0.262840 -0.964788  0.297874 0.539833 0
0  -18.465822 12.673231 82.480400  -0.009956 0.262840 -0.964788  0.297874 0.539833 0
painted_wood_01
0  -18.465822 12.673231 82.480400  -0.028622 0.965926 0.257231  0.297874 0.539833 0
0  -17.779997 12.359073 83.736404  -0.028622 0.965926 0.257231  0.297874 0.539833 0
0  -10.763379 13.510597 80.193115  -0.028622 0.965926 0.257231  0.297874 0.539833 0
painted_wood_01
0  -24.054821 11.259034 83.595215  -0.073372 -0.960841 -0.267209  0.297874 0.539833 0
0  -48.192108 15.036601 76.639549  -0.073372 -0.960841 -0.267209  0.297874 0.539833 0
0  -35.679768 13.490388 78.763725  -0.073372 -0.960841 -0.267209  0.297874 0.539833 0
painted_wood_01
0  -48.192108 15.036601 76.639549  -0.073374 -0.960841 -0.267209  0.297874 0.539833 0
0  -47.748409 15.379170 75.285896  -0.073374 -0.960841 -0.267209  0.297874 0.539833 0
0  -41.714088 14.434779 77.024811  -0.073374 -0.960841 -0.267209  0.297874 0.539833 0
painted_wood_01
0  -35.679768 13.490388 78.763725  -0.073372 -0.960841 -0.267211  0.297874 0.539833 0
0  -48.192108 15.036601 76.639549  -0.073372 -0.960841 -0.267211  0.297874 0.539833 0
0  -41.714088 14.434779 77.024811  -0.073372 -0.960841 -0.267211  0.297874 0.539833 0
painted_wood_01
0  -24.296829 11.565270 83.593391  0.950213 -0.148713 0.273824  0.297874 0.539833 0
0  -24.237511 12.342069 83.809418  0.950213 -0.148713 0.273824  0.297874 0.539833 0
0  -24.520094 12.123894 84.671539  0.950213 -0.148713 0.273824  0.297874 0.539833 0
c_invasion_wrangler_laser
0  -49.936214 16.794495 74.582260  0.076536 0.960456 0.267706  0.000000 0.000000 0
0  -47.674198 16.350922 75.556137  0.076659 0.960844 0.266277  0.000000 0.000000 0
0  -45.408279 16.795740 73.221329  0.080374 0.959980 0.268289  0.000000 0.000000 0
painted_wood_01
0  -50.994713 16.943567 75.643326  -0.449821 -0.207253 0.868739  0.297874 0.539833 0
0  -51.094524 15.636385 75.279793  -0.449821 -0.207253 0.868739  0.297874 0.539833 0
0  -48.192108 15.036601 76.639549  -0.449821 -0.207253 0.868739  0.297874 0.539833 0
c_invasion_wrangler_laser
0  -47.674198 16.350922 75.556137  0.076623 0.960853 0.266252  0.000000 0.000000 0
0  -41.971596 15.458445 77.199463  0.832345 0.538320 0.131958  0.000000 0.000000 0
0  -41.981857 15.660335 76.562263  0.070300 0.962295 0.262768  0.000000 0.000000 0
painted_wood_01
0  -50.570518 19.268330 66.308739  -0.987936 0.106668 -0.112268  0.297874 0.539833 0
0  -50.636669 18.402071 66.067833  -0.987936 0.106668 -0.112268  0.297874 0.539833 0
0  -50.710121 18.075430 66.403862  -0.987936 0.106668 -0.112268  0.297874 0.539833 0
painted_wood_01
0  -23.708616 20.836018 53.295643  -0.069909 0.997038 -0.032071  0.297874 0.539833 0
0  -50.570518 19.268330 66.308739  -0.069921 0.997037 -0.032065  0.297874 0.539833 0
0  -50.610302 19.382612 66.767395  -0.069913 0.997037 -0.032068  0.297874 0.539833 0
painted_wood_01
0  -50.636669 18.402071 66.067833  -0.208450 -0.817644 -0.536663  0.297874 0.539833 0
0  -23.774767 19.969763 53.054741  -0.208472 -0.817645 -0.536653  0.297874 0.539833 0
0  -23.223351 19.888647 53.154224  -0.208469 -0.817645 -0.536654  0.297874 0.539833 0
painted_wood_01
0  -23.774767 19.969763 53.054741  0.207148 0.247403 -0.946510  0.297874 0.539833 0
0  -23.708616 20.836018 53.295643  0.207148 0.247403 -0.946510  0.297874 0.539833 0
0  -23.155602 20.775839 53.400951  0.207148 0.247403 -0.946510  0.297874 0.539833 0
painted_wood_01
0  -23.774767 19.969763 53.054741  -0.091093 -0.948837 -0.302342  0.297874 0.539833 0
0  -50.636669 18.402071 66.067833  -0.091093 -0.948837 -0.302342  0.297874 0.539833 0
0  -49.730392 18.837729 64.427567  -0.091093 -0.948837 -0.302342  0.297874 0.539833 0
c_invasion_wrangler_laser
0  -49.554359 19.256937 64.092354  -0.808117 -0.112453 -0.578187  0.000000 0.000000 0
0  -49.542938 19.406534 64.133949  -0.760895 0.506061 -0.406130  0.000000 0.000000 0
0  -45.002964 20.873127 57.455826  -0.829569 0.207539 -0.518404  0.000000 0.000000 0
painted_wood_01
0  -23.708616 20.836018 53.295643  0.182442 0.250476 -0.950777  0.297874 0.539833 0
0  -23.774767 19.969763 53.054741  0.182442 0.250476 -0.950777  0.297874 0.539833 0
0  -25.657169 20.242668 52.765430  0.182442 0.250476 -0.950777  0.297874 0.539833 0
painted_wood_01
0  -49.542938 19.406534 64.133949  -0.689991 0.592985 -0.415069  0.297874 0.539833 0
0  -49.554359 19.256937 64.092354  -0.749884 -0.191518 -0.633242  0.297874 0.539833 0
0  -49.730392 18.837729 64.427567  -0.941202 0.155273 -0.300049  0.297874 0.539833 0
painted_wood_01
0  -49.671108 19.614056 64.643463  -0.253834 0.871813 -0.418939  0.297874 0.539833 0
0  -25.597885 21.018993 52.981323  -0.253834 0.871813 -0.418939  0.297874 0.539833 0
0  -26.055923 20.777260 52.755798  0.043835 0.635845 -0.770571  0.297874 0.539833 0
painted_wood_01
0  -25.657169 20.242668 52.765430  -0.357600 -0.487023 -0.796826  0.297874 0.539833 0
0  -49.730392 18.837729 64.427567  -0.357600 -0.487023 -0.796826  0.297874 0.539833 0
0  -49.554359 19.256937 64.092354  -0.749855 -0.191525 -0.633273  0.297874 0.539833 0
painted_wood_01
0  -25.597885 21.018993 52.981323  0.329770 0.229483 -0.915745  0.297874 0.539833 0
0  -25.657169 20.242668 52.765430  0.329770 0.229483 -0.915745  0.297874 0.539833 0
0  -26.067348 20.627670 52.714199  -0.016035 -0.148701 -0.988752  0.297874 0.539833 0
painted_wood_01
0  -50.636669 18.402071 66.067833  -0.879931 0.188477 -0.436117  0.297874 0.539833 0
0  -50.570518 19.268330 66.308739  -0.879931 0.188477 -0.436117  0.297874 0.539833 0
0  -49.671108 19.614056 64.643463  -0.879931 0.188477 -0.436117  0.297874 0.539833 0
c_invasion_wrangler_laser
0  -34.214111 21.502775 52.229229  -0.432358 0.272153 -0.859651  0.000000 0.000000 0
0  -34.219357 21.434061 52.210117  -0.432358 0.272153 -0.859651  0.000000 0.000000 0
0  -45.008209 20.804409 57.436718  -0.432358 0.272153 -0.859651  0.000000 0.000000 0
c_invasion_wrangler_laser
0  -49.542938 19.406534 64.133949  -0.760922 0.506127 -0.405997  0.000000 0.000000 0
0  -26.055923 20.777260 52.755798  0.102767 0.556582 -0.824412  0.000000 0.000000 0
0  -34.214111 21.502775 52.229229  0.069003 0.963540 0.258515  0.000000 0.000000 0
c_invasion_wrangler_laser
0  -26.055923 20.777260 52.755798  0.102672 0.556435 -0.824523  0.000000 0.000000 0
0  -26.067348 20.627670 52.714199  0.055497 -0.062101 -0.996526  0.000000 0.000000 0
0  -34.219357 21.434061 52.210117  0.085266 0.260897 -0.961594  0.000000 0.000000 0
c_invasion_wrangler_laser
0  -26.067348 20.627670 52.714199  0.055581 -0.062268 -0.996511  0.000000 0.000000 0
0  -49.554359 19.256937 64.092354  -0.808125 -0.112713 -0.578127  0.000000 0.000000 0
0  -45.008209 20.804409 57.436718  -0.077714 -0.958058 -0.275837  0.000000 0.000000 0
gold_player.001
0  -26.055923 20.777260 52.755798  -0.432343 0.272075 -0.859683  0.000000 0.000000 0
0  -26.067348 20.627670 52.714199  -0.432343 0.272075 -0.859683  0.000000 0.000000 0
0  -49.554359 19.256937 64.092354  -0.432343 0.272075 -0.859683  0.000000 0.000000 0
painted_wood_01
0  -50.166004 18.725811 68.122955  0.858721 0.108939 0.500729  0.297874 0.539833 0
0  -50.231159 17.872650 67.885696  0.814456 -0.470440 0.339630  0.297874 0.539833 0
0  -50.076683 17.676781 67.663406  0.682462 -0.243744 0.689083  0.297874 0.539833 0
painted_wood_01
0  -50.231159 17.872650 67.885696  0.814451 -0.470420 0.339667  0.297874 0.539833 0
0  -50.670139 17.793081 68.292351  0.375948 -0.549912 0.745829  0.297874 0.539833 0
0  -50.859283 17.534929 68.388374  0.682481 -0.243734 0.689067  0.297874 0.539833 0
painted_wood_01
0  -50.670139 17.793081 68.292351  0.375939 -0.549883 0.745855  0.297874 0.539833 0
0  -50.604988 18.646242 68.529602  0.420203 0.029490 0.906951  0.297874 0.539833 0
0  -50.759464 18.842110 68.751892  0.682493 -0.243736 0.689055  0.297874 0.539833 0
painted_wood_01
0  -50.604988 18.646242 68.529602  0.420262 0.029457 0.906925  0.297874 0.539833 0
0  -50.166004 18.725811 68.122955  0.858712 0.108928 0.500748  0.297874 0.539833 0
0  -49.976860 18.983963 68.026932  0.682498 -0.243750 0.689044  0.297874 0.539833 0
gold_player.001
0  -40.819313 14.511366 77.388153  0.771599 -0.619268 -0.145400  -1.059604 -1.872732 0
0  -40.754158 15.364527 77.625412  0.856220 0.490150 0.163216  -1.167475 -1.872732 0
0  -41.193142 15.284958 78.032059  0.016541 0.337929 0.941026  -1.155604 -1.872731 0
gold_player.001
0  -50.231159 17.872650 67.885696  0.814472 -0.470549 0.339439  -1.059604 -1.872732 0
0  -50.166004 18.725811 68.122955  0.858769 0.108951 0.500645  -1.167474 -1.872732 0
0  -45.460083 17.045170 72.874184  0.566009 0.772699 -0.287350  -1.167478 -1.872732 0
gold_player.001
0  -45.460083 17.045170 72.874184  0.566128 0.772560 -0.287490  -1.167480 -1.872732 0
0  -50.166004 18.725811 68.122955  0.858744 0.109094 0.500656  -1.167474 -1.872732 0
0  -50.604988 18.646242 68.529602  0.420279 0.029594 0.906912  -1.155604 -1.872731 0
gold_player.001
0  -50.604988 18.646242 68.529602  0.420283 0.029591 0.906911  -1.155604 -1.872731 0
0  -41.193142 15.284958 78.032059  0.016559 0.337911 0.941032  -1.155616 -1.872731 0
0  -45.460083 17.045170 72.874184  0.566160 0.772549 -0.287455  -1.167480 -1.872732 0
gold_player.001
0  -41.258293 14.431797 77.794800  -0.068295 -0.771559 0.632481  -1.047741 -1.872732 0
0  -50.670139 17.793081 68.292351  0.375884 -0.550001 0.745795  -1.047734 -1.872732 0
0  -45.525238 16.192009 72.636925  0.462356 -0.586153 -0.665321  -1.059608 -1.872732 0
gold_player.001
0  -50.670139 17.793081 68.292351  0.375860 -0.550001 0.745807  -1.047734 -1.872732 0
0  -50.231159 17.872650 67.885696  0.814424 -0.470523 0.339591  -1.059604 -1.872732 0
0  -45.525238 16.192009 72.636925  0.462346 -0.586149 -0.665330  -1.059608 -1.872732 0
painted_wood_01
0  -41.714088 14.434779 77.024811  0.302839 0.233814 -0.923915  0.297874 0.539833 0
0  -41.614262 15.741959 77.388336  0.302839 0.233814 -0.923915  0.297874 0.539833 0
0  -35.579941 14.797567 79.127251  0.302839 0.233814 -0.923915  0.297874 0.539833 0
painted_wood_01
0  -35.679768 13.490388 78.763725  0.302840 0.233814 -0.923915  0.297874 0.539833 0
0  -35.579941 14.797567 79.127251  0.302840 0.233814 -0.923915  0.297874 0.539833 0
0  -23.511303 12.908786 82.605080  0.302840 0.233814 -0.923915  0.297874 0.539833 0
gold_player.001
0  -45.525238 16.192009 72.636925  0.462295 -0.586282 -0.665250  -1.059608 -1.872732 0
0  -45.460083 17.045170 72.874184  0.566065 0.772677 -0.287299  -1.167478 -1.872732 0
0  -40.754158 15.364527 77.625412  0.856290 0.490036 0.163192  -1.167482 -1.872732 0
painted_wood_01
0  -51.210510 16.608517 73.122498  0.943841 0.019647 -0.329816  0.297874 0.539833 0
0  -49.984798 16.158171 74.405296  0.591984 0.173664 -0.787017  0.297874 0.539833 0
0  -50.010414 15.822742 74.312012  0.739091 0.127504 -0.661428  0.297874 0.539833 0
painted_wood_01
0  -51.161919 17.244839 73.299454  0.943887 0.019621 -0.329686  0.297874 0.539833 0
0  -50.812347 18.415365 68.994453  0.994242 -0.091446 0.055868  0.297874 0.539833 0
0  -50.759464 18.842110 68.751892  0.994242 -0.091446 0.055868  0.297874 0.539833 0
painted_wood_01
0  -49.936214 16.794495 74.582260  0.591987 0.173683 -0.787011  0.297874 0.539833 0
0  -51.161919 17.244839 73.299454  0.943842 0.019666 -0.329810  0.297874 0.539833 0
0  -51.136307 17.580267 73.392738  0.739093 0.127524 -0.661422  0.297874 0.539833 0
painted_wood_01
0  -50.860939 17.779045 68.817497  0.994242 -0.091437 0.055868  0.297874 0.539833 0
0  -51.210510 16.608517 73.122498  0.943886 0.019630 -0.329688  0.297874 0.539833 0
0  -51.236122 16.273088 73.029213  0.994242 -0.091437 0.055868  0.297874 0.539833 0
painted_wood_01
0  -50.812347 18.415365 68.994453  0.994240 -0.091461 0.055866  0.297874 0.539833 0
0  -50.860939 17.779045 68.817497  0.994240 -0.091461 0.055866  0.297874 0.539833 0
0  -50.859283 17.534929 68.388374  0.994240 -0.091461 0.055866  0.297874 0.539833 0
painted_wood_01
0  -47.674198 16.350922 75.556137  0.362817 0.223853 -0.904574  0.297874 0.539833 0
0  -49.936214 16.794495 74.582260  0.591845 0.173698 -0.787114  0.297874 0.539833 0
0  -49.910599 17.129923 74.675545  0.421312 0.212984 -0.881552  0.297874 0.539833 0
painted_wood_01
0  -49.984798 16.158171 74.405296  0.591848 0.173711 -0.787109  0.297874 0.539833 0
0  -47.722794 15.714600 75.379181  0.362821 0.223863 -0.904570  0.297874 0.539833 0
0  -47.748409 15.379170 75.285896  0.421317 0.212997 -0.881547  0.297874 0.539833 0
painted_wood_01
0  -47.722794 15.714600 75.379181  0.362806 0.223845 -0.904580  0.297874 0.539833 0
0  -42.020191 14.822124 77.022499  0.302833 0.233803 -0.923920  0.297874 0.539833 0
0  -41.714088 14.434779 77.024811  0.302833 0.233803 -0.923920  0.297874 0.539833 0
painted_wood_01
0  -41.971596 15.458445 77.199463  0.302833 0.233818 -0.923917  0.297874 0.539833 0
0  -47.674198 16.350922 75.556137  0.362805 0.223860 -0.904577  0.297874 0.539833 0
0  -47.648582 16.686350 75.649422  0.302833 0.233818 -0.923917  0.297874 0.539833 0
painted_wood_01
0  -42.020191 14.822124 77.022499  0.302828 0.233824 -0.923916  0.297874 0.539833 0
0  -41.971596 15.458445 77.199463  0.302828 0.233824 -0.923916  0.297874 0.539833 0
0  -41.614262 15.741959 77.388336  0.302828 0.233824 -0.923916  0.297874 0.539833 0
c_invasion_wrangler_laser
0  -48.209244 17.198208 70.177948  0.739091 0.127488 -0.661432  0.000000 0.000000 0
0  -48.160652 17.834530 70.354904  0.739091 0.127488 -0.661432  0.000000 0.000000 0
0  -46.934948 17.384186 71.637711  0.739091 0.127488 -0.661432  0.000000 0.000000 0
c_invasion_wrangler_laser
0  -50.894566 17.990074 68.105309  0.632461 0.162321 -0.757393  0.000000 0.000000 0
0  -50.845974 18.626392 68.282265  0.632461 0.162321 -0.757393  0.000000 0.000000 0
0  -48.160652 17.834530 70.354904  0.632461 0.162321 -0.757393  0.000000 0.000000 0
c_invasion_wrangler_laser
0  -45.456875 16.159418 73.044373  0.714389 0.136309 -0.686344  0.000000 0.000000 0
0  -45.408279 16.795740 73.221329  0.714389 0.136309 -0.686344  0.000000 0.000000 0
0  -41.981857 15.660335 76.562263  0.714389 0.136309 -0.686344  0.000000 0.000000 0
c_invasion_wrangler_laser
0  -46.983532 16.747862 71.460747  0.737365 0.128155 -0.663226  0.000000 0.000000 0
0  -46.934948 17.384186 71.637711  0.737365 0.128155 -0.663226  0.000000 0.000000 0
0  -45.408279 16.795740 73.221329  0.737365 0.128155 -0.663226  0.000000 0.000000 0
c_invasion_wrangler_laser
0  -47.722794 15.714600 75.379181  -0.076695 -0.960841 -0.266274  0.000000 0.000000 0
0  -49.984798 16.158171 74.405296  -0.076476 -0.960463 -0.267697  0.000000 0.000000 0
0  -46.983532 16.747862 71.460747  -0.080378 -0.959975 -0.268304  0.000000 0.000000 0
c_invasion_wrangler_laser
0  -51.210510 16.608517 73.122498  -0.073031 -0.960713 -0.267763  0.000000 0.000000 0
0  -50.860939 17.779045 68.817497  -0.521514 -0.827078 -0.209679  0.000000 0.000000 0
0  -50.894566 17.990074 68.105309  -0.072350 -0.960407 -0.269042  0.000000 0.000000 0
c_invasion_wrangler_laser
0  -49.984798 16.158171 74.405296  -0.076477 -0.960463 -0.267697  0.000000 0.000000 0
0  -51.210510 16.608517 73.122498  -0.073050 -0.960706 -0.267784  0.000000 0.000000 0
0  -48.209244 17.198208 70.177948  -0.073373 -0.960840 -0.267212  0.000000 0.000000 0
c_invasion_wrangler_laser
0  -42.020191 14.822124 77.022499  0.729537 -0.655947 -0.193674  0.000000 0.000000 0
0  -47.722794 15.714600 75.379181  -0.076659 -0.960858 -0.266226  0.000000 0.000000 0
0  -45.456875 16.159418 73.044373  -0.070309 -0.962299 -0.262749  0.000000 0.000000 0
c_invasion_wrangler_laser
0  -50.860939 17.779045 68.817497  -0.521654 -0.826999 -0.209643  0.000000 0.000000 0
0  -50.812347 18.415365 68.994453  -0.399106 0.876866 0.267995  0.000000 0.000000 0
0  -50.845974 18.626392 68.282265  -0.996233 0.058199 0.064282  0.000000 0.000000 0
c_invasion_wrangler_laser
0  -50.812347 18.415365 68.994453  -0.398974 0.876944 0.267936  0.000000 0.000000 0
0  -51.161919 17.244839 73.299454  0.073211 0.960774 0.267496  0.000000 0.000000 0
0  -48.160652 17.834530 70.354904  0.072358 0.960416 0.269009  0.000000 0.000000 0
gold_player.001
0  -50.812347 18.415365 68.994453  0.994241 -0.091457 0.055865  0.000000 0.000000 0
0  -51.161919 17.244839 73.299454  0.943886 0.019611 -0.329689  0.000000 0.000000 0
0  -51.210510 16.608517 73.122498  0.943885 0.019595 -0.329693  0.000000 0.000000 0
gold_player.001
0  -49.984798 16.158171 74.405296  0.591974 0.173655 -0.787026  0.000000 0.000000 0
0  -51.210510 16.608517 73.122498  0.943837 0.019639 -0.329827  0.000000 0.000000 0
0  -51.161919 17.244839 73.299454  0.943836 0.019631 -0.329831  0.000000 0.000000 0
gold_player.001
0  -47.674198 16.350922 75.556137  0.362808 0.223848 -0.904578  0.000000 0.000000 0
0  -47.722794 15.714600 75.379181  0.362808 0.223843 -0.904580  0.000000 0.000000 0
0  -49.984798 16.158171 74.405296  0.591839 0.173705 -0.787117  0.000000 0.000000 0
gold_player.001
0  -41.971596 15.458445 77.199463  0.302841 0.233816 -0.923914  0.000000 0.000000 0
0  -42.020191 14.822124 77.022499  0.302841 0.233816 -0.923914  0.000000 0.000000 0
0  -47.722794 15.714600 75.379181  0.362813 0.223859 -0.904574  0.000000 0.000000 0
black.001
0  -10.477191 12.351939 79.260788  0.070573 -0.959567 -0.272489  1.653114 -1.593218 0
0  -10.738527 12.525357 78.804695  0.071180 -0.959378 -0.272996  1.682966 -1.533254 0
0  -8.667399 12.908684 77.766434  0.071048 -0.959296 -0.273319  1.425489 -1.377366 0
painted_wood_01
0  -5.989530 13.705231 78.667503  0.263583 -0.242923 0.933548  0.297874 0.539833 0
0  -10.763379 13.510597 80.193115  0.276037 -0.268649 0.922838  0.297874 0.539833 0
0  -9.554316 13.066565 79.680176  0.304501 -0.236679 0.922638  0.297874 0.539833 0
painted_wood_01
0  -9.554316 13.066565 79.680176  0.304502 -0.236685 0.922637  0.297874 0.539833 0
0  -8.347279 12.623274 79.168091  0.275081 -0.267769 0.923380  0.297874 0.539833 0
0  -5.989530 13.705231 78.667503  0.263583 -0.242922 0.933548  0.297874 0.539833 0
black.001
0  -10.774555 13.741066 79.128441  0.007937 0.973836 0.227114  -0.687939 -1.597699 0
0  -10.516516 13.679052 79.614212  0.007289 0.973733 0.227577  -0.658090 -1.657667 0
0  -6.709777 13.885764 78.414101  0.007654 0.973725 0.227599  -0.239811 -1.557032 0
black.001
0  -6.686923 12.993422 78.176781  0.110130 -0.948038 -0.298488  1.193097 -1.361790 0
0  -8.667399 12.908684 77.766434  0.110843 -0.947793 -0.299002  1.425489 -1.377366 0
0  -17.174326 17.051334 61.365246  0.110037 -0.947937 -0.298842  2.507267 0.521408 0
painted_wood_01
0  -17.842327 17.029314 61.122391  -0.454771 0.215795 -0.864069  0.297874 0.539833 0
0  -17.881268 18.343414 61.472343  -0.454851 0.217720 -0.863544  0.297874 0.539833 0
0  -16.281406 18.250322 60.643143  -0.454646 0.219965 -0.863083  0.297874 0.539833 0
painted_wood_01
0  -5.989530 13.705231 78.667503  0.854496 0.157091 -0.495136  0.297874 0.539833 0
0  -5.970115 13.050049 78.493019  0.854496 0.157091 -0.495136  0.297874 0.539833 0
0  -16.259218 17.501581 60.443756  0.854492 0.157222 -0.495101  0.297874 0.539833 0
c_invasion_wrangler_laser
0  -11.440619 13.534979 78.859924  -0.066013 0.962939 0.261517  0.000000 0.000000 0
0  -11.318674 14.036416 77.316048  -0.066007 0.962939 0.261518  0.000000 0.000000 0
0  -19.230022 13.956698 75.676727  -0.066012 0.962939 0.261517  0.000000 0.000000 0
c_invasion_wrangler_laser
0  -11.318674 14.036416 77.316048  -0.066007 0.962940 0.261515  0.000000 0.000000 0
0  -17.737827 17.987547 61.654881  -0.066005 0.962939 0.261517  0.000000 0.000000 0
0  -19.414436 16.213253 67.282928  -0.066007 0.962940 0.261515  0.000000 0.000000 0
c_invasion_wrangler_laser
0  -19.230022 13.956698 75.676727  -0.066048 0.962931 0.261537  0.000000 0.000000 0
0  -11.318674 14.036416 77.316048  -0.066048 0.962931 0.261537  0.000000 0.000000 0
0  -19.414436 16.213253 67.282928  -0.066048 0.962931 0.261537  0.000000 0.000000 0
black.001
0  -8.702635 14.028353 78.064873  0.075084 0.975946 0.204674  -0.430435 -1.441891 0
0  -6.709777 13.885764 78.414101  0.074142 0.975871 0.205375  -0.197998 -1.427158 0
0  -16.485411 18.148914 61.294228  0.075117 0.975976 0.204519  -1.413322 0.506392 0
painted_wood_01
0  -17.716061 17.253006 61.459267  -0.711241 -0.677899 0.185981  0.297874 0.539833 0
0  -17.737827 17.987547 61.654881  -0.744420 0.452640 0.490872  0.297874 0.539833 0
0  -17.881268 18.343414 61.472343  -0.879982 -0.170853 0.443216  0.297874 0.539833 0
painted_wood_01
0  -18.170504 11.692393 82.073814  -0.468089 0.214432 -0.857270  0.297874 0.539833 0
0  -11.418852 12.800434 78.664322  -0.421248 -0.426110 -0.800612  0.297874 0.539833 0
0  -11.410264 12.510656 78.587151  -0.468089 0.214432 -0.857270  0.297874 0.539833 0
painted_wood_01
0  -11.440619 13.534979 78.859924  -0.455891 0.743618 -0.489076  0.297874 0.539833 0
0  -18.192270 12.426937 82.269424  -0.468104 0.214430 -0.857262  0.297874 0.539833 0
0  -18.465822 12.673231 82.480400  -0.468104 0.214430 -0.857262  0.297874 0.539833 0
painted_wood_01
0  -18.192270 12.426937 82.269424  -0.468146 0.214412 -0.857244  0.297874 0.539833 0
0  -18.170504 11.692393 82.073814  -0.468146 0.214412 -0.857244  0.297874 0.539833 0
0  -18.426880 11.359132 82.130447  -0.468146 0.214412 -0.857244  0.297874 0.539833 0
painted_wood_01
0  -11.318674 14.036416 77.316048  -0.288539 0.919013 0.268627  0.297874 0.539833 0
0  -11.440619 13.534979 78.859924  -0.455990 0.743517 -0.489138  0.297874 0.539833 0
0  -11.449206 13.824757 78.937096  -0.243223 0.964131 0.106270  0.297874 0.539833 0
painted_wood_01
0  -11.418852 12.800434 78.664322  -0.421332 -0.425973 -0.800642  0.297874 0.539833 0
0  -11.291626 13.139884 77.078300  -0.232184 -0.944543 -0.232226  0.297874 0.539833 0
0  -9.321472 12.853457 77.532341  -0.188017 -0.901175 -0.390554  0.297874 0.539833 0
painted_wood_01
0  -17.737827 17.987547 61.654881  -0.744536 0.452538 0.490791  0.297874 0.539833 0
0  -11.318674 14.036416 77.316048  -0.288511 0.919004 0.268687  0.297874 0.539833 0
0  -9.360415 14.167558 77.882286  -0.312505 0.861911 0.399311  0.297874 0.539833 0
painted_wood_01
0  -11.291626 13.139884 77.078300  -0.232244 -0.944531 -0.232213  0.297874 0.539833 0
0  -17.716061 17.253006 61.459267  -0.711286 -0.677849 0.185993  0.297874 0.539833 0
0  -17.842327 17.029314 61.122391  -0.236452 -0.967579 -0.088777  0.297874 0.539833 0
gold_player.001
0  -19.230022 13.956698 75.676727  -0.028155 0.969363 0.244015  0.000000 0.000000 0
0  -19.414436 16.213253 67.282928  -0.029327 0.960374 0.277168  0.000000 0.000000 0
0  -20.053295 16.201206 67.257072  -0.755067 0.649943 0.086305  0.000000 0.000000 0
gold_player.001
0  -18.809364 11.680346 82.047958  -0.658860 -0.733468 -0.167115  0.000000 0.000000 0
0  -18.170504 11.692393 82.073814  0.494745 -0.840452 -0.221060  0.000000 0.000000 0
0  -18.178879 11.629198 82.310196  0.573550 -0.695834 0.432268  0.000000 0.000000 0
c_invasion_wrangler_laser
0  -17.716061 17.253006 61.459267  -0.011396 -0.966236 -0.257405  0.000000 0.000000 0
0  -11.291626 13.139884 77.078300  -0.011397 -0.966236 -0.257406  0.000000 0.000000 0
0  -19.404308 15.871487 67.191917  -0.011396 -0.966236 -0.257405  0.000000 0.000000 0
c_invasion_wrangler_laser
0  -11.291626 13.139884 77.078300  -0.011378 -0.966235 -0.257410  0.000000 0.000000 0
0  -11.418852 12.800434 78.664322  -0.011379 -0.966235 -0.257410  0.000000 0.000000 0
0  -19.219894 13.614931 75.585716  -0.011383 -0.966235 -0.257411  0.000000 0.000000 0
c_invasion_wrangler_laser
0  -11.418852 12.800434 78.664322  -0.011374 -0.966232 -0.257424  0.000000 0.000000 0
0  -18.170504 11.692393 82.073814  -0.011377 -0.966231 -0.257426  0.000000 0.000000 0
0  -19.219894 13.614931 75.585716  -0.011377 -0.966231 -0.257426  0.000000 0.000000 0
gold_player.001
0  -19.404308 15.871487 67.191917  0.028102 -0.969760 -0.242437  0.000000 0.000000 0
0  -19.219894 13.614931 75.585716  0.029264 -0.960905 -0.275328  0.000000 0.000000 0
0  -19.858753 13.602884 75.559860  -0.702118 -0.699661 -0.132307  0.000000 0.000000 0
gold_player.001
0  -17.716061 17.253006 61.459267  -0.928836 -0.120893 0.350212  0.000000 0.000000 0
0  -11.291626 13.139884 77.078300  -0.987746 -0.067024 0.140944  0.000000 0.000000 0
0  -11.318674 14.036416 77.316048  -0.987615 -0.067411 0.141674  0.000000 0.000000 0
gold_player.001
0  -11.440619 13.534979 78.859924  -0.840901 0.115683 -0.528680  0.000000 0.000000 0
0  -11.318674 14.036416 77.316048  -0.987650 -0.067175 0.141544  0.000000 0.000000 0
0  -11.291626 13.139884 77.078300  -0.987776 -0.066955 0.140769  0.000000 0.000000 0
gold_player.001
0  -11.418852 12.800434 78.664322  -0.840898 0.115860 -0.528646  0.000000 0.000000 0
0  -18.170504 11.692393 82.073814  -0.468101 0.214421 -0.857266  0.000000 0.000000 0
0  -18.192270 12.426937 82.269424  -0.468101 0.214421 -0.857266  0.000000 0.000000 0
gold_player.001
0  -20.043167 15.859440 67.166061  -0.716303 -0.646555 -0.262443  -0.176791 -1.872727 0
0  -20.053295 16.201206 67.257072  -0.754927 0.650108 0.086286  -0.219350 -1.872728 0
0  -18.376686 17.975500 61.629025  -0.687436 0.719471 0.098962  -0.245587 -1.872727 0
gold_player.001
0  -19.868881 13.944652 75.650871  -0.741531 0.631745 0.225899  -0.006644 -1.872729 0
0  -19.858753 13.602884 75.559860  -0.701979 -0.699809 -0.132261  0.035914 -1.872730 0
0  -18.809364 11.680346 82.047958  -0.658733 -0.733565 -0.167195  0.062156 -1.872729 0
gold_player.001
0  -20.043167 15.859440 67.166061  -0.716325 -0.646562 -0.262367  -0.177645 -1.872727 0
0  -19.858753 13.602884 75.559860  -0.701982 -0.699798 -0.132303  0.035060 -1.872730 0
0  -19.868881 13.944652 75.650871  -0.741539 0.631770 0.225802  -0.007498 -1.872729 0
gold_player.001
0  -19.219894 13.614931 75.585716  0.029271 -0.960899 -0.275346  0.000000 0.000000 0
0  -18.170504 11.692393 82.073814  0.494740 -0.840461 -0.221036  0.000000 0.000000 0
0  -18.809364 11.680346 82.047958  -0.658848 -0.733497 -0.167037  0.000000 0.000000 0
gold_player.001
0  -17.716061 17.253006 61.459267  0.500866 -0.843391 -0.194484  0.000000 0.000000 0
0  -19.404308 15.871487 67.191917  0.028096 -0.969768 -0.242404  0.000000 0.000000 0
0  -20.043167 15.859440 67.166061  -0.716476 -0.646390 -0.262378  0.000000 0.000000 0
gold_player.001
0  -18.192270 12.426937 82.269424  0.444149 0.864625 0.234853  0.000000 0.000000 0
0  -19.230022 13.956698 75.676727  -0.028157 0.969369 0.243989  0.000000 0.000000 0
0  -19.868881 13.944652 75.650871  -0.741671 0.631590 0.225874  0.000000 0.000000 0
gold_player.001
0  -18.354919 17.240959 61.433411  -0.645438 -0.709211 -0.283600  -0.154118 -1.872727 0
0  -18.376686 17.975500 61.629025  -0.687434 0.719455 0.099094  -0.245587 -1.872727 0
0  -18.339890 18.253170 60.590454  -0.573550 0.695812 -0.432304  -0.245587 -1.872727 0
gold_player.001
0  -19.414436 16.213253 67.282928  -0.029324 0.960366 0.277195  0.000000 0.000000 0
0  -17.737827 17.987547 61.654881  0.450481 0.854203 0.259623  0.000000 0.000000 0
0  -18.376686 17.975500 61.629025  -0.687574 0.719337 0.098975  0.000000 0.000000 0
gold_player.001
0  -18.178879 11.629198 82.310196  0.573574 -0.695802 0.432288  0.062157 -1.872729 0
0  -18.200645 12.363741 82.505806  0.540445 0.419556 0.729310  -0.029313 -1.872729 0
0  -18.839506 12.351694 82.479950  -0.613106 0.397734 0.682575  -0.017702 -1.872729 0
gold_player.001
0  -18.170504 11.692393 82.073814  0.494803 -0.840440 -0.220976  0.000000 0.000000 0
0  -18.192270 12.426937 82.269424  0.444209 0.864566 0.234956  0.000000 0.000000 0
0  -18.200645 12.363741 82.505806  0.540503 0.419510 0.729293  0.000000 0.000000 0
gold_player.001
0  -18.831131 12.414890 82.243568  -0.701141 0.680975 0.211364  -0.029312 -1.872729 0
0  -18.809364 11.680346 82.047958  -0.658728 -0.733575 -0.167170  0.062156 -1.872729 0
0  -18.817739 11.617151 82.284340  -0.580004 -0.717574 0.385594  0.062156 -1.872729 0
gold_player.001
0  -18.192270 12.426937 82.269424  0.444143 0.864618 0.234886  0.000000 0.000000 0
0  -18.831131 12.414890 82.243568  -0.701272 0.680818 0.211435  0.000000 0.000000 0
0  -18.839506 12.351694 82.479950  -0.613055 0.397770 0.682600  0.000000 0.000000 0
gold_player.001
0  -17.701031 18.265217 60.616310  0.580028 0.717555 -0.385593  -0.245587 -1.872727 0
0  -17.679264 17.530676 60.420696  0.613003 -0.397804 -0.682627  -0.154118 -1.872727 0
0  -18.318123 17.518629 60.394840  -0.540553 -0.419482 -0.729272  -0.154118 -1.872727 0
gold_player.001
0  -17.716061 17.253006 61.459267  0.500861 -0.843372 -0.194582  0.000000 0.000000 0
0  -18.354919 17.240959 61.433411  -0.645582 -0.709093 -0.283568  0.000000 0.000000 0
0  -18.318123 17.518629 60.394840  -0.540437 -0.419509 -0.729342  0.000000 0.000000 0
gold_player.001
0  -17.737827 17.987547 61.654881  0.450548 0.854156 0.259660  0.000000 0.000000 0
0  -17.716061 17.253006 61.459267  0.500935 -0.843337 -0.194544  0.000000 0.000000 0
0  -17.679264 17.530676 60.420696  0.613052 -0.397726 -0.682628  0.000000 0.000000 0
gold_player.001
0  -18.376686 17.975500 61.629025  -0.687585 0.719321 0.099022  0.000000 0.000000 0
0  -17.737827 17.987547 61.654881  0.450482 0.854215 0.259584  0.000000 0.000000 0
0  -17.701031 18.265217 60.616310  0.579942 0.717603 -0.385634  0.000000 0.000000 0
gold_player.001
0  -17.737827 17.987547 61.654881  0.961163 -0.044066 0.272440  0.000000 0.000000 0
0  -19.414436 16.213253 67.282928  0.991099 -0.006043 0.132986  0.000000 0.000000 0
0  -19.404308 15.871487 67.191917  0.991168 -0.005898 0.132484  0.000000 0.000000 0
gold_player.001
0  -19.404308 15.871487 67.191917  0.991185 -0.005882 0.132354  0.000000 0.000000 0
0  -19.414436 16.213253 67.282928  0.991136 -0.006436 0.132697  0.000000 0.000000 0
0  -19.230022 13.956698 75.676727  0.995759 0.050055 -0.077185  0.000000 0.000000 0
gold_player.001
0  -19.230022 13.956698 75.676727  0.995754 0.050076 -0.077236  0.000000 0.000000 0
0  -18.192270 12.426937 82.269424  0.987903 0.066571 -0.140058  0.000000 0.000000 0
0  -18.170504 11.692393 82.073814  0.987903 0.066571 -0.140058  0.000000 0.000000 0
painted_wood_01
0  -16.460562 17.264351 61.059299  0.147355 -0.936120 -0.319321  0.297874 0.539833 0
0  -17.174326 17.051334 61.365246  0.149231 -0.939302 -0.308937  0.297874 0.539833 0
0  -17.842327 17.029314 61.122391  0.141066 -0.940386 -0.309473  0.297874 0.539833 0
painted_wood_01
0  -10.738527 12.525357 78.804695  0.053265 -0.952306 -0.300459  0.297874 0.539833 0
0  -10.477191 12.351939 79.260788  0.057686 -0.950629 -0.304919  0.297874 0.539833 0
0  -10.724439 12.196499 79.843155  0.059238 -0.951532 -0.301791  0.297874 0.539833 0
painted_wood_01
0  -8.667399 12.908684 77.766434  0.097542 -0.985186 -0.141048  0.297874 0.539833 0
0  -10.738527 12.525357 78.804695  0.101283 -0.984138 -0.145649  0.297874 0.539833 0
0  -11.410264 12.510656 78.587151  0.103890 -0.984397 -0.142018  0.297874 0.539833 0
painted_wood_01
0  -10.724439 12.196499 79.843155  0.124002 -0.977834 -0.168712  0.297874 0.539833 0
0  -10.477191 12.351939 79.260788  0.119204 -0.978079 -0.170738  0.297874 0.539833 0
0  -8.347279 12.623274 79.168091  0.121842 -0.978236 -0.167954  0.297874 0.539833 0
painted_wood_01
0  -10.477191 12.351939 79.260788  0.119209 -0.978078 -0.170741  0.297874 0.539833 0
0  -6.686923 12.993422 78.176781  0.124033 -0.976854 -0.174277  0.297874 0.539833 0
0  -8.347279 12.623274 79.168091  0.121807 -0.978240 -0.167955  0.297874 0.539833 0
painted_wood_01
0  -17.174326 17.051334 61.365246  0.172380 -0.927734 -0.331050  0.297874 0.539833 0
0  -8.667399 12.908684 77.766434  0.172450 -0.931841 -0.319271  0.297874 0.539833 0
0  -9.321472 12.853457 77.532341  0.166010 -0.931672 -0.323154  0.297874 0.539833 0
painted_wood_01
0  -6.686923 12.993422 78.176781  0.180767 -0.923118 -0.339376  0.297874 0.539833 0
0  -16.460562 17.264351 61.059299  0.188750 -0.924873 -0.330126  0.297874 0.539833 0
0  -16.259218 17.501581 60.443756  0.183966 -0.925815 -0.330186  0.297874 0.539833 0
painted_wood_01
0  -17.210512 18.227770 61.679153  0.161648 0.972404 0.168225  0.297874 0.539833 0
0  -16.485411 18.148914 61.294228  0.159145 0.975127 0.154276  0.297874 0.539833 0
0  -16.281406 18.250322 60.643143  0.148983 0.975064 0.164482  0.297874 0.539833 0
painted_wood_01
0  -10.516516 13.679052 79.614212  0.000567 0.977987 0.208667  0.297874 0.539833 0
0  -10.774555 13.741066 79.128441  -0.003861 0.976986 0.213268  0.297874 0.539833 0
0  -11.449206 13.824757 78.937096  0.001661 0.976800 0.214145  0.297874 0.539833 0
painted_wood_01
0  -10.774555 13.741066 79.128441  0.050947 0.927449 0.370463  0.297874 0.539833 0
0  -8.702635 14.028353 78.064873  0.047176 0.925852 0.374930  0.297874 0.539833 0
0  -9.360415 14.167558 77.882286  0.052745 0.925370 0.375376  0.297874 0.539833 0
painted_wood_01
0  -6.709777 13.885764 78.414101  0.070195 0.934308 0.349487  0.297874 0.539833 0
0  -10.516516 13.679052 79.614212  0.065297 0.933264 0.353206  0.297874 0.539833 0
0  -10.763379 13.510597 80.193115  0.070099 0.932275 0.354894  0.297874 0.539833 0
painted_wood_01
0  -16.485411 18.148914 61.294228  0.154862 0.974080 0.164883  0.297874 0.539833 0
0  -6.709777 13.885764 78.414101  0.144518 0.977585 0.153112  0.297874 0.539833 0
0  -5.989530 13.705231 78.667503  0.143379 0.976575 0.160448  0.297874 0.539833 0
painted_wood_01
0  -8.702635 14.028353 78.064873  0.135597 0.973035 0.186590  0.297874 0.539833 0
0  -17.210512 18.227770 61.679153  0.135579 0.975972 0.170578  0.297874 0.539833 0
0  -17.881268 18.343414 61.472343  0.126008 0.975535 0.180150  0.297874 0.539833 0
painted_wood_01
0  -47.909599 15.260749 76.788872  -0.302759 -0.233827 0.923938  0.297874 0.539833 0
0  -47.850277 16.037546 77.004898  -0.302759 -0.233827 0.923938  0.297874 0.539833 0
0  -48.092285 16.343782 77.003075  -0.302759 -0.233827 0.923938  0.297874 0.539833 0
black.001
0  -24.237511 12.342069 83.809418  -0.302839 -0.233816 0.923915  16.942293 4.680918 0
0  -24.296829 11.565270 83.593391  -0.302839 -0.233816 0.923915  17.530098 4.611816 0
0  -24.054821 11.259034 83.595215  -0.302839 -0.233816 0.923915  17.797235 4.593632 0
painted_wood_01
0  -24.296829 11.565270 83.593391  -0.302841 -0.233803 0.923917  0.297874 0.539833 0
0  -47.909599 15.260749 76.788872  -0.302841 -0.233803 0.923917  0.297874 0.539833 0
0  -48.192108 15.036601 76.639549  -0.302841 -0.233803 0.923917  0.297874 0.539833 0
painted_wood_01
0  -47.850277 16.037546 77.004898  -0.302835 -0.233814 0.923917  0.297874 0.539833 0
0  -24.237511 12.342069 83.809418  -0.302835 -0.233814 0.923917  0.297874 0.539833 0
0  -23.955002 12.566216 83.958740  -0.302835 -0.233814 0.923917  0.297874 0.539833 0
painted_wood_01
0  -47.909599 15.260749 76.788872  -0.073373 -0.960841 -0.267208  0.297874 0.539833 0
0  -24.296829 11.565270 83.593391  -0.073373 -0.960841 -0.267208  0.297874 0.539833 0
0  -24.579412 11.347095 84.455513  -0.073373 -0.960841 -0.267208  0.297874 0.539833 0
c_invasion_wrangler_laser
0  -42.178913 13.230906 83.405495  -0.302815 -0.233757 0.923938  0.000000 0.000000 0
0  -42.187210 13.122271 83.375290  -0.302815 -0.233757 0.923938  0.000000 0.000000 0
0  -33.305206 11.732206 85.934822  -0.302815 -0.233757 0.923938  0.000000 0.000000 0
painted_wood_01
0  -24.237511 12.342069 83.809418  0.073372 0.960842 0.267208  0.297874 0.539833 0
0  -47.850277 16.037546 77.004898  0.073372 0.960842 0.267208  0.297874 0.539833 0
0  -48.132862 15.819371 77.867020  0.073372 0.960842 0.267208  0.297874 0.539833 0
c_invasion_wrangler_laser
0  -24.861050 11.855035 84.769951  0.140418 -0.002253 0.990090  0.000000 0.000000 0
0  -47.985313 15.474060 78.106209  -0.639229 0.134022 0.757248  0.000000 0.000000 0
0  -42.178913 13.230906 83.405495  0.047295 0.937417 0.344981  0.000000 0.000000 0
painted_wood_01
0  -48.132862 15.819371 77.867020  -0.886038 -0.060162 0.459692  0.297874 0.539833 0
0  -48.192184 15.042574 77.650993  -0.886038 -0.060162 0.459692  0.297874 0.539833 0
0  -48.006912 15.191230 78.027557  -0.665175 -0.522447 0.533470  0.297874 0.539833 0
painted_wood_01
0  -24.861050 11.855035 84.769951  0.170644 0.140654 0.975242  0.297874 0.539833 0
0  -24.882648 11.572204 84.691299  0.110735 -0.643865 0.757084  0.297874 0.539833 0
0  -24.579412 11.347095 84.455513  0.457774 -0.270472 0.846928  0.297874 0.539833 0
painted_wood_01
0  -48.192184 15.042574 77.650993  -0.266019 -0.844746 0.464370  0.297874 0.539833 0
0  -24.579412 11.347095 84.455513  -0.266019 -0.844746 0.464370  0.297874 0.539833 0
0  -24.882648 11.572204 84.691299  0.110653 -0.643853 0.757106  0.297874 0.539833 0
painted_wood_01
0  -24.520094 12.123894 84.671539  -0.162261 0.514081 0.842254  0.297874 0.539833 0
0  -48.132862 15.819371 77.867020  -0.162261 0.514081 0.842254  0.297874 0.539833 0
0  -47.985313 15.474060 78.106209  -0.605228 0.262071 0.751677  0.297874 0.539833 0
painted_wood_01
0  -47.850277 16.037546 77.004898  -0.950213 0.148717 -0.273823  0.297874 0.539833 0
0  -47.909599 15.260749 76.788872  -0.950213 0.148717 -0.273823  0.297874 0.539833 0
0  -48.192184 15.042574 77.650993  -0.950213 0.148717 -0.273823  0.297874 0.539833 0
c_invasion_wrangler_laser
0  -48.006912 15.191230 78.027557  -0.692211 -0.407856 0.595397  0.000000 0.000000 0
0  -24.882648 11.572204 84.691299  0.114409 -0.526337 0.842544  0.000000 0.000000 0
0  -33.305206 11.732206 85.934822  -0.062420 -0.951797 -0.300309  0.000000 0.000000 0
c_invasion_wrangler_laser
0  -24.882648 11.572204 84.691299  0.114375 -0.526228 0.842616  0.000000 0.000000 0
0  -24.861050 11.855035 84.769951  0.140278 -0.002400 0.990109  0.000000 0.000000 0
0  -33.296909 11.840841 85.965034  0.135311 -0.275030 0.951866  0.000000 0.000000 0
c_invasion_wrangler_laser
0  -47.985313 15.474060 78.106209  -0.639353 0.133864 0.757171  0.000000 0.000000 0
0  -48.006912 15.191230 78.027557  -0.692179 -0.407754 0.595504  0.000000 0.000000 0
0  -42.187210 13.122271 83.375290  -0.696690 -0.142323 0.703112  0.000000 0.000000 0
gold_player.001
0  -24.882648 11.572204 84.691299  -0.302843 -0.233798 0.923918  0.000000 0.000000 0
0  -24.861050 11.855035 84.769951  -0.302843 -0.233798 0.923918  0.000000 0.000000 0
0  -47.985313 15.474060 78.106209  -0.302843 -0.233798 0.923918  0.000000 0.000000 0
painted_wood_01
0  -21.884041 19.151443 54.870033  0.003418 -0.943209 -0.332184  0.297874 0.539833 0
0  -17.680670 17.220774 60.513130  0.015199 -0.944625 -0.327799  0.297874 0.539833 0
0  -17.842327 17.029314 61.122391  0.010013 -0.947658 -0.319130  0.297874 0.539833 0
painted_wood_01
0  -16.891392 17.565731 60.207973  0.015722 -0.963486 -0.267298  0.297874 0.539833 0
0  -19.140585 19.027666 54.625622  0.030492 -0.963090 -0.267447  0.297874 0.539833 0
0  -18.808975 19.187681 54.125484  0.024302 -0.966075 -0.257116  0.297874 0.539833 0
painted_wood_01
0  -19.140585 19.027666 54.625622  -0.058012 -0.963391 -0.261747  0.297874 0.539833 0
0  -21.884041 19.151443 54.870033  -0.044109 -0.966000 -0.254753  0.297874 0.539833 0
0  -22.802357 19.268536 54.450523  -0.048892 -0.966871 -0.250538  0.297874 0.539833 0
painted_wood_01
0  -17.680670 17.220774 60.513130  0.156277 -0.914887 -0.372236  0.297874 0.539833 0
0  -16.891392 17.565731 60.207973  0.169732 -0.913173 -0.370547  0.297874 0.539833 0
0  -16.259218 17.501581 60.443756  0.163275 -0.918693 -0.359646  0.297874 0.539833 0
painted_wood_01
0  -17.724173 18.421820 60.838787  0.191557 0.964362 0.182515  0.297874 0.539833 0
0  -21.812471 20.328451 55.191402  0.206976 0.961740 0.179493  0.297874 0.539833 0
0  -22.702538 20.575718 54.814049  0.203081 0.963776 0.172900  0.297874 0.539833 0
painted_wood_01
0  -16.902895 18.415159 60.424503  0.134476 0.970605 0.199607  0.297874 0.539833 0
0  -17.724173 18.421820 60.838787  0.149123 0.967717 0.203191  0.297874 0.539833 0
0  -17.881268 18.343414 61.472343  0.147200 0.970225 0.192343  0.297874 0.539833 0
painted_wood_01
0  -19.146992 19.760611 54.822784  0.185639 0.969687 0.158884  0.297874 0.539833 0
0  -16.902895 18.415159 60.424503  0.198509 0.966706 0.161472  0.297874 0.539833 0
0  -16.281406 18.250322 60.643143  0.194799 0.969495 0.148768  0.297874 0.539833 0
painted_wood_01
0  -21.812471 20.328451 55.191402  0.213804 0.964170 0.157050  0.297874 0.539833 0
0  -19.146992 19.760611 54.822784  0.226895 0.961127 0.157332  0.297874 0.539833 0
0  -18.826790 19.788956 54.285610  0.224233 0.963587 0.145672  0.297874 0.539833 0
gold_player.001
0  -32.957481 19.624256 59.670280  0.366625 0.454831 0.811612  -1.253374 -1.872724 0
0  -36.366772 19.425287 61.321892  0.366632 0.454831 0.811609  -1.215037 -1.872725 0
0  -35.863914 19.022190 62.311348  0.366628 0.454830 0.811612  -1.215035 -1.872725 0
gold_player.001
0  -39.821739 18.628241 62.807175  0.266738 -0.853436 0.447769  -1.101102 -1.872725 0
0  -36.412449 18.827209 61.155563  0.266729 -0.853437 0.447774  -1.139439 -1.872725 0
0  -35.896965 18.589418 62.190990  0.266734 -0.853436 0.447771  -1.139438 -1.872725 0
gold_player.001
0  -23.106909 19.603731 54.709778  0.489414 -0.310662 0.814839  -1.289059 -1.872724 0
0  -23.061239 20.201813 54.876102  0.495997 -0.224460 0.838812  -1.364657 -1.872724 0
0  -26.235973 19.584087 57.647148  0.463463 0.424705 0.777706  -1.354209 -1.872724 0
gold_player.001
0  -36.366772 19.425287 61.321892  0.366622 0.454837 0.811611  -1.215037 -1.872725 0
0  -39.776058 19.226318 62.973499  0.366617 0.454836 0.811613  -1.176699 -1.872725 0
0  -38.330887 18.878218 63.506458  0.366577 0.454835 0.811632  -1.187294 -1.872725 0
gold_player.001
0  -36.412449 18.827209 61.155563  0.266739 -0.853436 0.447770  -1.139439 -1.872725 0
0  -33.003159 19.026178 59.503956  0.266744 -0.853436 0.447767  -1.177777 -1.872725 0
0  -33.429989 18.733393 60.995880  0.266784 -0.853433 0.447748  -1.167179 -1.872725 0
gold_player.001
0  -39.776058 19.226318 62.973499  0.366686 0.454835 0.811583  -1.176699 -1.872725 0
0  -43.185352 19.027349 64.625107  0.366695 0.454834 0.811579  -1.138362 -1.872725 0
0  -40.797867 18.734241 64.701569  0.366683 0.454833 0.811585  -1.159554 -1.872725 0
gold_player.001
0  -33.003159 19.026178 59.503956  0.266675 -0.853440 0.447800  -1.177777 -1.872725 0
0  -29.593866 19.225147 57.852345  0.266667 -0.853440 0.447804  -1.216114 -1.872725 0
0  -30.963009 18.877369 59.800770  0.266678 -0.853440 0.447798  -1.194920 -1.872725 0
painted_wood_01
0  -23.061239 20.201813 54.876102  0.495849 -0.224495 0.838889  0.297874 0.539833 0
0  -23.106909 19.603731 54.709778  0.489265 -0.310666 0.814927  0.297874 0.539833 0
0  -22.802357 19.268536 54.450523  0.432336 -0.272093 0.859681  0.297874 0.539833 0
painted_wood_01
0  -46.640320 18.230301 66.110397  0.266710 -0.853527 0.447613  0.297874 0.539833 0
0  -49.717979 18.050686 67.601349  0.365892 -0.317885 0.874684  0.297874 0.539833 0
0  -50.076683 17.676781 67.663406  0.432349 -0.272081 0.859678  0.297874 0.539833 0
painted_wood_01
0  -49.717979 18.050686 67.601349  0.365943 -0.317854 0.874674  0.297874 0.539833 0
0  -49.672310 18.648767 67.767677  0.372491 -0.231658 0.898657  0.297874 0.539833 0
0  -49.976860 18.983963 68.026932  0.432366 -0.272087 0.859667  0.297874 0.539833 0
painted_wood_01
0  -26.138903 20.022196 56.367062  0.366542 0.455004 0.811553  0.297874 0.539833 0
0  -23.061239 20.201813 54.876102  0.495883 -0.224455 0.838880  0.297874 0.539833 0
0  -22.702538 20.575718 54.814049  0.432340 -0.272092 0.859679  0.297874 0.539833 0
painted_wood_01
0  -49.672310 18.648767 67.767677  0.372468 -0.231661 0.898666  0.297874 0.539833 0
0  -46.594643 18.828381 66.276718  0.366583 0.455006 0.811533  0.297874 0.539833 0
0  -46.567570 19.182932 66.375320  0.432345 -0.272088 0.859678  0.297874 0.539833 0
painted_wood_01
0  -46.594643 18.828381 66.276718  0.366544 0.455001 0.811554  0.297874 0.539833 0
0  -43.185352 19.027349 64.625107  0.366582 0.455001 0.811537  0.297874 0.539833 0
0  -43.158279 19.381901 64.723709  0.432341 -0.272095 0.859678  0.297874 0.539833 0
painted_wood_01
0  -43.185352 19.027349 64.625107  0.366545 0.455009 0.811549  0.297874 0.539833 0
0  -39.776058 19.226318 62.973499  0.366586 0.455013 0.811529  0.297874 0.539833 0
0  -39.748985 19.580870 63.072098  0.432347 -0.272083 0.859678  0.297874 0.539833 0
painted_wood_01
0  -39.776058 19.226318 62.973499  0.366539 0.455006 0.811553  0.297874 0.539833 0
0  -36.366772 19.425287 61.321892  0.366581 0.455005 0.811535  0.297874 0.539833 0
0  -36.339699 19.779839 61.420490  0.432338 -0.272090 0.859681  0.297874 0.539833 0
painted_wood_01
0  -36.366772 19.425287 61.321892  0.366548 0.455009 0.811547  0.297874 0.539833 0
0  -32.957481 19.624256 59.670280  0.366587 0.455014 0.811527  0.297874 0.539833 0
0  -32.930408 19.978807 59.768879  0.432350 -0.272081 0.859677  0.297874 0.539833 0
painted_wood_01
0  -32.957481 19.624256 59.670280  0.366548 0.455001 0.811552  0.297874 0.539833 0
0  -29.548193 19.823227 58.018669  0.366590 0.455006 0.811530  0.297874 0.539833 0
0  -29.521118 20.177778 58.117268  0.432347 -0.272091 0.859676  0.297874 0.539833 0
painted_wood_01
0  -29.548193 19.823227 58.018669  0.366544 0.455005 0.811552  0.297874 0.539833 0
0  -26.138903 20.022196 56.367062  0.366587 0.455007 0.811531  0.297874 0.539833 0
0  -26.111828 20.376747 56.465660  0.432343 -0.272089 0.859679  0.297874 0.539833 0
painted_wood_01
0  -23.106909 19.603731 54.709778  0.489311 -0.310682 0.814893  0.297874 0.539833 0
0  -26.184572 19.424118 56.200733  0.266666 -0.853532 0.447631  0.297874 0.539833 0
0  -26.211647 19.069567 56.102135  0.432348 -0.272089 0.859676  0.297874 0.539833 0
painted_wood_01
0  -26.184572 19.424118 56.200733  0.266706 -0.853531 0.447607  0.297874 0.539833 0
0  -29.593866 19.225147 57.852345  0.266664 -0.853533 0.447630  0.297874 0.539833 0
0  -29.620941 18.870596 57.753746  0.432347 -0.272091 0.859676  0.297874 0.539833 0
painted_wood_01
0  -29.593866 19.225147 57.852345  0.266704 -0.853528 0.447615  0.297874 0.539833 0
0  -33.003159 19.026178 59.503956  0.266662 -0.853532 0.447632  0.297874 0.539833 0
0  -33.030231 18.671627 59.405357  0.432340 -0.272087 0.859681  0.297874 0.539833 0
painted_wood_01
0  -33.003159 19.026178 59.503956  0.266708 -0.853531 0.447606  0.297874 0.539833 0
0  -36.412449 18.827209 61.155563  0.266669 -0.853531 0.447629  0.297874 0.539833 0
0  -36.439522 18.472658 61.056965  0.432349 -0.272089 0.859675  0.297874 0.539833 0
painted_wood_01
0  -36.412449 18.827209 61.155563  0.266709 -0.853523 0.447621  0.297874 0.539833 0
0  -39.821739 18.628241 62.807175  0.266668 -0.853527 0.447638  0.297874 0.539833 0
0  -39.848812 18.273689 62.708576  0.432344 -0.272076 0.859682  0.297874 0.539833 0
painted_wood_01
0  -39.821739 18.628241 62.807175  0.266702 -0.853535 0.447602  0.297874 0.539833 0
0  -43.231030 18.429270 64.458786  0.266664 -0.853537 0.447620  0.297874 0.539833 0
0  -43.258102 18.074720 64.360184  0.432343 -0.272099 0.859675  0.297874 0.539833 0
painted_wood_01
0  -43.231030 18.429270 64.458786  0.266703 -0.853534 0.447604  0.297874 0.539833 0
0  -46.640320 18.230301 66.110397  0.266666 -0.853536 0.447623  0.297874 0.539833 0
0  -46.667393 17.875750 66.011795  0.432344 -0.272096 0.859676  0.297874 0.539833 0
gold_player.001
0  -26.269020 19.151314 57.526794  0.368030 -0.824194 0.430416  -1.258152 -1.872725 0
0  -26.235973 19.584087 57.647148  0.463461 0.424704 0.777708  -1.312855 -1.872724 0
0  -28.462982 19.454115 58.726013  0.366616 0.455004 0.811520  -1.287812 -1.872724 0
gold_player.001
0  -28.496029 19.021345 58.605656  0.266664 -0.853536 0.447623  -1.233110 -1.872725 0
0  -28.462982 19.454115 58.726013  0.366558 0.454999 0.811549  -1.287812 -1.872724 0
0  -30.929958 19.310141 59.921124  0.366654 0.455003 0.811503  -1.260071 -1.872724 0
gold_player.001
0  -30.963009 18.877369 59.800770  0.266665 -0.853533 0.447628  -1.205369 -1.872725 0
0  -30.929958 19.310141 59.921124  0.366561 0.455005 0.811544  -1.260072 -1.872724 0
0  -33.396935 19.166164 61.116234  0.366654 0.455008 0.811500  -1.232330 -1.872725 0
gold_player.001
0  -33.429989 18.733393 60.995880  0.266665 -0.853533 0.447629  -1.177628 -1.872725 0
0  -33.396935 19.166164 61.116234  0.366563 0.455007 0.811542  -1.232331 -1.872725 0
0  -35.863914 19.022190 62.311348  0.366656 0.455008 0.811499  -1.204589 -1.872725 0
gold_player.001
0  -35.896965 18.589418 62.190990  0.266665 -0.853537 0.447620  -1.149887 -1.872725 0
0  -35.863914 19.022190 62.311348  0.366564 0.455000 0.811545  -1.204589 -1.872725 0
0  -38.330887 18.878218 63.506458  0.366660 0.455000 0.811502  -1.176849 -1.872725 0
gold_player.001
0  -38.363941 18.445446 63.386105  0.266661 -0.853537 0.447624  -1.122146 -1.872725 0
0  -38.330887 18.878218 63.506458  0.366563 0.455000 0.811546  -1.176848 -1.872725 0
0  -40.797867 18.734241 64.701569  0.366656 0.455002 0.811503  -1.149107 -1.872725 0
gold_player.001
0  -40.830917 18.301468 64.581223  0.266665 -0.853530 0.447634  -1.094404 -1.872726 0
0  -40.797867 18.734241 64.701569  0.366561 0.455010 0.811541  -1.149106 -1.872725 0
0  -43.264843 18.590267 65.896683  0.366653 0.455015 0.811497  -1.121365 -1.872725 0
gold_player.001
0  -43.297894 18.157494 65.776329  0.266648 -0.853534 0.447637  -1.066663 -1.872725 0
0  -43.264843 18.590267 65.896683  0.366557 0.455003 0.811547  -1.121366 -1.872725 0
0  -45.491856 18.460299 66.975548  0.283300 0.414185 0.864981  -1.096324 -1.872725 0
gold_player.001
0  -43.231030 18.429270 64.458786  0.266653 -0.853439 0.447814  -1.062765 -1.872725 0
0  -39.821739 18.628241 62.807175  0.266672 -0.853438 0.447805  -1.101102 -1.872725 0
0  -38.363941 18.445446 63.386105  0.266744 -0.853434 0.447770  -1.111698 -1.872725 0
gold_player.001
0  -29.548193 19.823227 58.018669  0.366710 0.454838 0.811571  -1.291711 -1.872724 0
0  -32.957481 19.624256 59.670280  0.366691 0.454836 0.811580  -1.253374 -1.872724 0
0  -33.396935 19.166164 61.116234  0.366619 0.454831 0.811615  -1.242777 -1.872724 0
gold_player.001
0  -49.672310 18.648767 67.767677  0.372356 -0.231684 0.898707  -1.065417 -1.872726 0
0  -49.717979 18.050686 67.601349  0.365773 -0.317884 0.874734  -0.989820 -1.872726 0
0  -45.524902 18.027523 66.855194  0.187989 -0.834690 0.517642  -1.000265 -1.872726 0
gold_player.001
0  -46.640320 18.230301 66.110397  0.266724 -0.853434 0.447782  -1.024428 -1.872726 0
0  -43.231030 18.429270 64.458786  0.266738 -0.853434 0.447774  -1.062765 -1.872725 0
0  -40.830917 18.301468 64.581223  0.266700 -0.853436 0.447793  -1.083957 -1.872725 0
gold_player.001
0  -26.138903 20.022196 56.367062  0.366639 0.454836 0.811603  -1.330048 -1.872724 0
0  -29.548193 19.823227 58.018669  0.366624 0.454836 0.811610  -1.291711 -1.872724 0
0  -30.929958 19.310141 59.921124  0.366662 0.454839 0.811591  -1.270518 -1.872724 0
gold_player.001
0  -23.061239 20.201813 54.876102  0.495810 -0.224546 0.838899  -1.364657 -1.872724 0
0  -26.138903 20.022196 56.367062  0.366544 0.454830 0.811650  -1.330048 -1.872724 0
0  -28.462982 19.454115 58.726013  0.366637 0.454836 0.811604  -1.298259 -1.872724 0
gold_player.001
0  -26.184572 19.424118 56.200733  0.266727 -0.853437 0.447774  -1.254451 -1.872724 0
0  -23.106909 19.603731 54.709778  0.489282 -0.310616 0.814936  -1.289059 -1.872724 0
0  -26.269020 19.151314 57.526794  0.368176 -0.824070 0.430528  -1.247704 -1.872725 0
gold_player.001
0  -46.594643 18.828381 66.276718  0.366632 0.454835 0.811607  -1.100025 -1.872725 0
0  -49.672310 18.648767 67.767677  0.372498 -0.231739 0.898633  -1.065417 -1.872726 0
0  -45.491856 18.460299 66.975548  0.283382 0.414015 0.865036  -1.106771 -1.872725 0
gold_player.001
0  -29.593866 19.225147 57.852345  0.266730 -0.853434 0.447778  -1.216114 -1.872725 0
0  -26.184572 19.424118 56.200733  0.266737 -0.853434 0.447774  -1.254451 -1.872724 0
0  -28.496029 19.021345 58.605656  0.266713 -0.853435 0.447787  -1.222661 -1.872725 0
gold_player.001
0  -43.185352 19.027349 64.625107  0.366633 0.454836 0.811606  -1.138362 -1.872725 0
0  -46.594643 18.828381 66.276718  0.366625 0.454837 0.811610  -1.100025 -1.872725 0
0  -43.264843 18.590267 65.896683  0.366649 0.454838 0.811597  -1.131814 -1.872725 0
black.001
0  -11.131424 12.562930 80.157036  0.468807 -0.223106 0.854660  19.385180 5.263299 0
0  -17.738211 11.476246 83.502457  0.468807 -0.223106 0.854660  19.478073 4.972659 0
0  -17.741055 11.044974 83.386444  0.468807 -0.223105 0.854660  19.820961 4.937456 0
black.001
0  -17.782936 11.927798 83.620392  0.467858 -0.223268 0.855138  19.119209 5.007977 0
0  -11.144814 13.014774 80.277374  0.467859 -0.223268 0.855137  19.025984 5.299653 0
0  -10.763379 13.510597 80.193115  0.467858 -0.223268 0.855138  18.677723 5.351672 0
black.001
0  -11.144814 13.014774 80.277374  0.468066 -0.214446 0.857279  19.025984 5.299653 0
0  -11.131424 12.562930 80.157036  0.468066 -0.214446 0.857279  19.385180 5.263299 0
0  -10.724439 12.196499 79.843155  0.468066 -0.214446 0.857279  19.722363 5.245944 0
black.001
0  -23.576080 11.673958 83.696274  0.023954 -0.272733 0.961791  18.587931 4.679616 0
0  -23.541658 12.121210 83.826889  0.023954 -0.272735 0.961791  18.237413 4.718241 0
0  -23.955002 12.566216 83.958740  0.023955 -0.272735 0.961791  17.852055 4.742558 0
black.001
0  -23.541658 12.121210 83.826889  0.025919 -0.260767 0.965054  18.237413 4.718241 0
0  -17.782936 11.927798 83.620392  0.025919 -0.260767 0.965054  18.886486 4.881037 0
0  -17.779997 12.359073 83.736404  0.025919 -0.260767 0.965054  18.548046 4.917122 0
black.001
0  -17.738211 11.476246 83.502457  0.023141 -0.260809 0.965113  19.243990 4.844838 0
0  -23.576080 11.673958 83.696274  0.023141 -0.260809 0.965113  18.587931 4.679616 0
0  -24.054821 11.259034 83.595215  0.023142 -0.260809 0.965113  18.872898 4.630065 0
painted_wood_01
0  -23.576080 11.673958 83.696274  -0.040705 -0.971010 -0.235545  0.297874 0.539833 0
0  -17.738211 11.476246 83.502457  -0.040705 -0.971010 -0.235545  0.297874 0.539833 0
0  -17.556128 11.304677 84.178268  0.112804 -0.972585 0.203355  0.297874 0.539833 0
gold_player.001
0  -17.470942 11.644767 84.323196  0.341609 0.147025 0.928271  19.209156 4.995910 0
0  -17.446379 11.395724 84.257942  0.363102 -0.545924 0.755065  19.407114 4.976425 0
0  -11.017969 12.452044 81.006950  0.662927 -0.446326 0.601100  19.316710 5.259147 0
painted_wood_01
0  -17.782936 11.927798 83.620392  0.041056 0.971017 0.235456  0.297874 0.539833 0
0  -23.541658 12.121210 83.826889  0.041056 0.971017 0.235456  0.297874 0.539833 0
0  -23.359566 11.949633 84.502731  -0.540791 0.541012 0.644089  0.297874 0.539833 0
painted_wood_01
0  -11.131424 12.562930 80.157036  0.967097 0.091847 -0.237249  0.297874 0.539833 0
0  -11.144814 13.014774 80.277374  0.967097 0.091847 -0.237249  0.297874 0.539833 0
0  -10.962720 12.843196 80.953224  0.721814 0.617540 0.312456  0.297874 0.539833 0
painted_wood_01
0  -23.541658 12.121210 83.826889  -0.965665 -0.001537 0.259786  0.297874 0.539833 0
0  -23.576080 11.673958 83.696274  -0.965665 -0.001537 0.259786  0.297874 0.539833 0
0  -23.393988 11.502380 84.372116  -0.610051 -0.723960 0.322055  0.297874 0.539833 0
gold_player.001
0  -17.669548 11.632319 84.373558  0.122483 0.113283 0.985984  19.200010 4.992856 0
0  -17.645033 11.384835 84.308640  0.106661 -0.576964 0.809775  19.396751 4.973493 0
0  -17.446379 11.395724 84.257942  0.363020 -0.545925 0.755104  19.407114 4.976425 0
gold_player.001
0  -11.017969 12.452044 81.006950  0.662933 -0.446343 0.601081  19.380690 5.252655 0
0  -17.446379 11.395724 84.257942  0.363069 -0.546041 0.754996  19.471048 4.969939 0
0  -17.556128 11.304677 84.178268  0.112796 -0.972568 0.203441  19.473026 4.966938 0
gold_player.001
0  -17.470942 11.644767 84.323196  0.341543 0.147148 0.928276  19.112009 5.005757 0
0  -11.025458 12.701221 81.073105  0.642255 0.143200 0.752996  19.021460 5.289045 0
0  -10.962720 12.843196 80.953224  0.721929 0.617441 0.312384  19.020908 5.293963 0
gold_player.001
0  -11.025458 12.701221 81.073105  0.642257 0.143121 0.753009  19.106350 5.284380 0
0  -11.017969 12.452044 81.006950  0.662913 -0.446293 0.601140  19.304398 5.264336 0
0  -10.949330 12.391352 80.832886  0.762450 -0.646777 -0.018665  19.384998 5.257100 0
gold_player.001
0  -23.359566 11.949633 84.502731  -0.540698 0.541115 0.644081  18.236126 4.725029 0
0  -23.393988 11.502380 84.372116  -0.610056 -0.723979 0.322004  18.586647 4.686404 0
0  -23.254391 11.573901 84.498169  -0.246339 -0.521607 0.816849  18.505171 4.696367 0
gold_player.001
0  -23.235451 11.820174 84.569801  -0.213058 0.065909 0.974814  18.254789 4.728056 0
0  -17.669548 11.632319 84.373558  0.122509 0.113395 0.985968  18.882120 4.885398 0
0  -17.600853 11.756228 84.296204  0.114261 0.760959 0.638659  18.891651 4.887084 0
gold_player.001
0  -23.393988 11.502380 84.372116  -0.610188 -0.723862 0.322015  18.593302 4.685721 0
0  -17.556128 11.304677 84.178268  0.112793 -0.972565 0.203456  19.249359 4.850942 0
0  -17.645033 11.384835 84.308640  0.106703 -0.577070 0.809694  19.236647 4.848445 0
gold_player.001
0  -23.235451 11.820174 84.569801  -0.213020 0.065866 0.974825  18.330643 4.719872 0
0  -23.254391 11.573901 84.498169  -0.246317 -0.521568 0.816881  18.523594 4.698610 0
0  -17.645033 11.384835 84.308640  0.106685 -0.576967 0.809770  19.153976 4.857368 0
painted_wood_01
0  16.281406 18.250322 60.643143  -0.900706 0.135722 -0.412684  0.297874 0.539833 0
0  18.826790 19.788956 54.285610  -0.900689 0.136237 -0.412551  0.297874 0.539833 0
0  18.808975 19.187681 54.125484  -0.900695 0.136737 -0.412373  0.297874 0.539833 0
painted_wood_01
0  17.842327 17.029314 61.122391  0.757220 -0.154896 0.634527  0.297874 0.539833 0
0  22.802357 19.268536 54.450523  0.757188 -0.154569 0.634645  0.297874 0.539833 0
0  22.702538 20.575718 54.814049  0.757277 -0.154498 0.634557  0.297874 0.539833 0
painted_wood_01
0  18.826790 19.788956 54.285610  -0.392404 0.230239 -0.890510  0.297874 0.539833 0
0  22.325769 20.824270 52.998947  -0.392405 0.230239 -0.890510  0.297874 0.539833 0
0  22.393518 19.937075 52.752216  -0.392405 0.230239 -0.890510  0.297874 0.539833 0
painted_wood_01
0  23.155602 20.775839 53.400951  -0.044335 0.978547 0.201195  0.297874 0.539833 0
0  22.702538 20.575718 54.814049  -0.044336 0.978547 0.201195  0.297874 0.539833 0
0  26.111828 20.376747 56.465660  -0.044337 0.978547 0.201195  0.297874 0.539833 0
painted_wood_01
0  29.521118 20.177778 58.117268  -0.044333 0.978547 0.201196  0.297874 0.539833 0
0  32.930408 19.978807 59.768879  -0.044338 0.978548 0.201193  0.297874 0.539833 0
0  23.155602 20.775839 53.400951  -0.044338 0.978548 0.201193  0.297874 0.539833 0
painted_wood_01
0  32.930408 19.978807 59.768879  -0.044337 0.978548 0.201191  0.297874 0.539833 0
0  36.339699 19.779839 61.420490  -0.044345 0.978549 0.201187  0.297874 0.539833 0
0  23.155602 20.775839 53.400951  -0.044346 0.978549 0.201187  0.297874 0.539833 0
painted_wood_01
0  23.155602 20.775839 53.400951  -0.044339 0.978549 0.201186  0.297874 0.539833 0
0  26.111828 20.376747 56.465660  -0.044333 0.978549 0.201189  0.297874 0.539833 0
0  29.521118 20.177778 58.117268  -0.044346 0.978550 0.201182  0.297874 0.539833 0
painted_wood_01
0  49.976860 18.983963 68.026932  -0.044347 0.978543 0.201214  0.297874 0.539833 0
0  50.610302 19.382612 66.767395  -0.044345 0.978543 0.201215  0.297874 0.539833 0
0  46.567570 19.182932 66.375320  -0.044351 0.978543 0.201212  0.297874 0.539833 0
painted_wood_01
0  50.610302 19.382612 66.767395  -0.044359 0.978546 0.201198  0.297874 0.539833 0
0  23.155602 20.775839 53.400951  -0.044359 0.978546 0.201198  0.297874 0.539833 0
0  36.339699 19.779839 61.420490  -0.044358 0.978546 0.201198  0.297874 0.539833 0
painted_wood_01
0  46.567570 19.182932 66.375320  -0.044344 0.978543 0.201212  0.297874 0.539833 0
0  50.610302 19.382612 66.767395  -0.044350 0.978544 0.201209  0.297874 0.539833 0
0  43.158279 19.381901 64.723709  -0.044350 0.978544 0.201209  0.297874 0.539833 0
painted_wood_01
0  43.158279 19.381901 64.723709  -0.044349 0.978544 0.201210  0.297874 0.539833 0
0  50.610302 19.382612 66.767395  -0.044357 0.978544 0.201207  0.297874 0.539833 0
0  39.748985 19.580870 63.072098  -0.044342 0.978543 0.201213  0.297874 0.539833 0
black.001
0  17.724173 18.421820 60.838787  -0.198100 0.966959 0.160457  -1.532320 0.803617 0
0  21.812471 20.328451 55.191402  -0.197910 0.966978 0.160580  -2.008100 1.430475 0
0  19.146992 19.760611 54.822784  -0.197865 0.967006 0.160466  -1.715409 1.441672 0
painted_wood_01
0  50.570518 19.268330 66.308739  -0.055528 0.971220 0.231623  0.297874 0.539833 0
0  49.671108 19.614056 64.643463  -0.055528 0.971220 0.231623  0.297874 0.539833 0
0  25.597885 21.018993 52.981323  -0.055528 0.971220 0.231623  0.297874 0.539833 0
painted_wood_01
0  18.808975 19.187681 54.125484  0.063295 -0.923347 -0.378715  0.297874 0.539833 0
0  22.393518 19.937075 52.752216  0.063292 -0.923347 -0.378714  0.297874 0.539833 0
0  23.223351 19.888647 53.154224  0.063295 -0.923347 -0.378715  0.297874 0.539833 0
painted_wood_01
0  22.802357 19.268536 54.450523  0.102008 -0.937835 -0.331753  0.297874 0.539833 0
0  23.223351 19.888647 53.154224  0.102008 -0.937835 -0.331753  0.297874 0.539833 0
0  26.211647 19.069567 56.102135  0.102007 -0.937835 -0.331753  0.297874 0.539833 0
painted_wood_01
0  23.223351 19.888647 53.154224  0.101983 -0.937839 -0.331749  0.297874 0.539833 0
0  50.710121 18.075430 66.403862  0.101983 -0.937839 -0.331749  0.297874 0.539833 0
0  36.439522 18.472658 61.056965  0.101983 -0.937839 -0.331749  0.297874 0.539833 0
painted_wood_01
0  26.211647 19.069567 56.102135  0.102005 -0.937834 -0.331756  0.297874 0.539833 0
0  23.223351 19.888647 53.154224  0.102004 -0.937834 -0.331757  0.297874 0.539833 0
0  29.620941 18.870596 57.753746  0.102009 -0.937834 -0.331754  0.297874 0.539833 0
painted_wood_01
0  50.710121 18.075430 66.403862  0.101992 -0.937843 -0.331734  0.297874 0.539833 0
0  50.076683 17.676781 67.663406  0.101993 -0.937843 -0.331734  0.297874 0.539833 0
0  46.667393 17.875750 66.011795  0.101999 -0.937844 -0.331731  0.297874 0.539833 0
painted_wood_01
0  43.258102 18.074720 64.360184  0.101995 -0.937842 -0.331736  0.297874 0.539833 0
0  39.848812 18.273689 62.708576  0.101985 -0.937842 -0.331740  0.297874 0.539833 0
0  50.710121 18.075430 66.403862  0.101997 -0.937843 -0.331735  0.297874 0.539833 0
painted_wood_01
0  39.848812 18.273689 62.708576  0.101992 -0.937846 -0.331725  0.297874 0.539833 0
0  36.439522 18.472658 61.056965  0.101990 -0.937846 -0.331726  0.297874 0.539833 0
0  50.710121 18.075430 66.403862  0.101990 -0.937846 -0.331726  0.297874 0.539833 0
painted_wood_01
0  50.710121 18.075430 66.403862  0.102000 -0.937843 -0.331733  0.297874 0.539833 0
0  46.667393 17.875750 66.011795  0.101993 -0.937842 -0.331736  0.297874 0.539833 0
0  43.258102 18.074720 64.360184  0.101988 -0.937842 -0.331738  0.297874 0.539833 0
painted_wood_01
0  33.030231 18.671627 59.405357  0.102005 -0.937835 -0.331754  0.297874 0.539833 0
0  29.620941 18.870596 57.753746  0.102005 -0.937835 -0.331754  0.297874 0.539833 0
0  23.223351 19.888647 53.154224  0.102004 -0.937835 -0.331755  0.297874 0.539833 0
painted_wood_01
0  49.976860 18.983963 68.026932  -0.073372 0.960838 0.267220  0.297874 0.539833 0
0  50.759464 18.842110 68.751892  -0.073372 0.960838 0.267220  0.297874 0.539833 0
0  52.216164 18.976110 68.670052  -0.073372 0.960838 0.267220  0.297874 0.539833 0
painted_wood_01
0  22.393518 19.937075 52.752216  0.432347 0.272090 -0.859676  0.297874 0.539833 0
0  22.325769 20.824270 52.998947  0.432347 0.272090 -0.859676  0.297874 0.539833 0
0  23.155602 20.775839 53.400951  0.432347 0.272090 -0.859676  0.297874 0.539833 0
black.001
0  16.891392 17.565731 60.207973  -0.012610 -0.957138 -0.289359  2.459895 0.901398 0
0  19.140585 19.027666 54.625622  -0.012611 -0.957292 -0.288848  2.729414 1.501958 0
0  21.884041 19.151443 54.870033  -0.012401 -0.957198 -0.289169  3.025908 1.493207 0
gold_player.001
0  49.717979 18.050686 67.601349  -0.365849 -0.317769 0.874744  -0.989820 -1.872726 0
0  45.524902 18.027523 66.855194  -0.188074 -0.834554 0.517830  -1.031174 -1.872725 0
0  43.297894 18.157494 65.776329  -0.266689 -0.853413 0.447843  -1.056216 -1.872725 0
painted_wood_01
0  22.702538 20.575718 54.814049  -0.185613 0.967623 0.171039  0.297874 0.539833 0
0  23.155602 20.775839 53.400951  -0.185614 0.967623 0.171034  0.297874 0.539833 0
0  22.325769 20.824270 52.998947  -0.185611 0.967622 0.171044  0.297874 0.539833 0
painted_wood_01
0  17.741055 11.044974 83.386444  -0.028623 -0.965926 -0.257231  0.297874 0.539833 0
0  10.724439 12.196499 79.843155  -0.028623 -0.965926 -0.257231  0.297874 0.539833 0
0  11.410264 12.510656 78.587151  -0.028623 -0.965926 -0.257231  0.297874 0.539833 0
painted_wood_01
0  17.738211 11.476246 83.502457  -0.030565 -0.966805 -0.253680  0.297874 0.539833 0
0  17.556128 11.304677 84.178268  -0.112744 -0.972589 0.203370  0.297874 0.539833 0
0  10.949330 12.391352 80.832886  -0.762521 -0.646700 -0.018474  0.297874 0.539833 0
painted_wood_01
0  24.054821 11.259034 83.595215  0.045181 -0.969756 -0.239859  0.297874 0.539833 0
0  17.741055 11.044974 83.386444  0.045180 -0.969756 -0.239859  0.297874 0.539833 0
0  18.426880 11.359132 82.130447  0.045179 -0.969756 -0.239859  0.297874 0.539833 0
painted_wood_01
0  11.144814 13.014774 80.277374  0.030555 0.966806 0.253679  0.297874 0.539833 0
0  10.962720 12.843196 80.953224  -0.721949 0.617388 0.312445  0.297874 0.539833 0
0  17.600853 11.756228 84.296204  -0.114326 0.761008 0.638589  0.297874 0.539833 0
painted_wood_01
0  51.094524 15.636385 75.279793  0.073372 -0.960841 -0.267211  0.297874 0.539833 0
0  48.192108 15.036601 76.639549  0.073372 -0.960841 -0.267211  0.297874 0.539833 0
0  47.748409 15.379170 75.285896  0.073372 -0.960841 -0.267211  0.297874 0.539833 0
painted_wood_01
0  52.692825 16.407087 72.947365  0.073372 -0.960841 -0.267211  0.297874 0.539833 0
0  51.094524 15.636385 75.279793  0.073372 -0.960841 -0.267211  0.297874 0.539833 0
0  50.010414 15.822742 74.312012  0.073372 -0.960841 -0.267211  0.297874 0.539833 0
painted_wood_01
0  52.593002 17.714268 73.310883  0.834981 -0.087338 0.543303  0.297874 0.539833 0
0  50.994713 16.943567 75.643326  0.834981 -0.087338 0.543303  0.297874 0.539833 0
0  51.094524 15.636385 75.279793  0.834981 -0.087338 0.543303  0.297874 0.539833 0
c_invasion_wrangler_laser
0  41.971596 15.458445 77.199463  -0.832234 0.538462 0.132080  0.000000 0.000000 0
0  41.981857 15.660335 76.562263  -0.997145 -0.065868 -0.036932  0.000000 0.000000 0
0  42.030453 15.024014 76.385300  -0.997145 -0.065868 -0.036932  0.000000 0.000000 0
painted_wood_01
0  52.216164 18.976110 68.670052  0.994240 0.091464 -0.055865  0.297874 0.539833 0
0  52.593002 17.714268 73.310883  0.994240 0.091464 -0.055865  0.297874 0.539833 0
0  52.692825 16.407087 72.947365  0.994240 0.091464 -0.055865  0.297874 0.539833 0
c_invasion_wrangler_laser
0  51.161919 17.244839 73.299454  -0.072957 0.960668 0.267945  0.000000 0.000000 0
0  48.160652 17.834530 70.354904  -0.073372 0.960841 0.267208  0.000000 0.000000 0
0  46.934948 17.384186 71.637711  -0.073372 0.960841 0.267208  0.000000 0.000000 0
painted_wood_01
0  51.136307 17.580267 73.392738  -0.073371 0.960841 0.267209  0.297874 0.539833 0
0  49.910599 17.129923 74.675545  -0.073371 0.960841 0.267209  0.297874 0.539833 0
0  50.994713 16.943567 75.643326  -0.073371 0.960841 0.267209  0.297874 0.539833 0
painted_wood_01
0  50.759464 18.842110 68.751892  -0.073373 0.960841 0.267211  0.297874 0.539833 0
0  51.136307 17.580267 73.392738  -0.073373 0.960841 0.267211  0.297874 0.539833 0
0  52.593002 17.714268 73.310883  -0.073373 0.960841 0.267211  0.297874 0.539833 0
gold_player.001
0  50.604988 18.646242 68.529602  -0.420047 0.029601 0.907019  -1.155604 -1.872731 0
0  41.193142 15.284958 78.032059  -0.016517 0.337972 0.941011  -1.155600 -1.872731 0
0  41.258293 14.431797 77.794800  0.068195 -0.771574 0.632474  -1.047730 -1.872732 0
painted_wood_01
0  52.315987 17.668930 68.306526  0.073371 -0.960841 -0.267210  0.297874 0.539833 0
0  52.692825 16.407087 72.947365  0.073371 -0.960841 -0.267210  0.297874 0.539833 0
0  51.236122 16.273088 73.029213  0.073371 -0.960841 -0.267210  0.297874 0.539833 0
painted_wood_01
0  50.710121 18.075430 66.403862  0.073372 -0.960840 -0.267213  0.297874 0.539833 0
0  52.315987 17.668930 68.306526  0.073372 -0.960840 -0.267213  0.297874 0.539833 0
0  50.859283 17.534929 68.388374  0.073372 -0.960840 -0.267213  0.297874 0.539833 0
painted_wood_01
0  50.610302 19.382612 66.767395  0.767732 0.225432 -0.599806  0.297874 0.539833 0
0  52.216164 18.976110 68.670052  0.767732 0.225432 -0.599806  0.297874 0.539833 0
0  52.315987 17.668930 68.306526  0.767732 0.225432 -0.599806  0.297874 0.539833 0
painted_wood_01
0  48.092285 16.343782 77.003075  -0.073374 0.960841 0.267209  0.297874 0.539833 0
0  47.648582 16.686350 75.649422  -0.073374 0.960841 0.267209  0.297874 0.539833 0
0  41.614262 15.741959 77.388336  -0.073374 0.960841 0.267209  0.297874 0.539833 0
painted_wood_01
0  35.579941 14.797567 79.127251  -0.073374 0.960841 0.267208  0.297874 0.539833 0
0  23.511303 12.908786 82.605080  -0.073374 0.960841 0.267208  0.297874 0.539833 0
0  23.955002 12.566216 83.958740  -0.073374 0.960841 0.267208  0.297874 0.539833 0
painted_wood_01
0  48.092285 16.343782 77.003075  -0.073373 0.960842 0.267206  0.297874 0.539833 0
0  41.614262 15.741959 77.388336  -0.073373 0.960842 0.267206  0.297874 0.539833 0
0  35.579941 14.797567 79.127251  -0.073373 0.960842 0.267206  0.297874 0.539833 0
painted_wood_01
0  23.511303 12.908786 82.605080  -0.045675 0.969745 0.239809  0.297874 0.539833 0
0  18.465822 12.673231 82.480400  -0.045674 0.969745 0.239808  0.297874 0.539833 0
0  17.779997 12.359073 83.736404  -0.045678 0.969745 0.239809  0.297874 0.539833 0
painted_wood_01
0  49.910599 17.129923 74.675545  -0.073375 0.960841 0.267210  0.297874 0.539833 0
0  47.648582 16.686350 75.649422  -0.073375 0.960841 0.267210  0.297874 0.539833 0
0  48.092285 16.343782 77.003075  -0.073375 0.960841 0.267210  0.297874 0.539833 0
painted_wood_01
0  23.611124 11.601605 82.241554  0.009959 0.262833 -0.964790  0.297874 0.539833 0
0  18.426880 11.359132 82.130447  0.009958 0.262834 -0.964790  0.297874 0.539833 0
0  18.465822 12.673231 82.480400  0.009959 0.262833 -0.964790  0.297874 0.539833 0
painted_wood_01
0  18.465822 12.673231 82.480400  0.028626 0.965926 0.257231  0.297874 0.539833 0
0  11.449206 13.824757 78.937096  0.028626 0.965926 0.257231  0.297874 0.539833 0
0  10.763379 13.510597 80.193115  0.028626 0.965926 0.257231  0.297874 0.539833 0
painted_wood_01
0  47.748409 15.379170 75.285896  0.073373 -0.960841 -0.267209  0.297874 0.539833 0
0  48.192108 15.036601 76.639549  0.073373 -0.960841 -0.267209  0.297874 0.539833 0
0  41.714088 14.434779 77.024811  0.073373 -0.960841 -0.267209  0.297874 0.539833 0
painted_wood_01
0  48.192108 15.036601 76.639549  0.073372 -0.960841 -0.267210  0.297874 0.539833 0
0  24.054821 11.259034 83.595215  0.073372 -0.960841 -0.267210  0.297874 0.539833 0
0  35.679768 13.490388 78.763725  0.073372 -0.960841 -0.267210  0.297874 0.539833 0
painted_wood_01
0  41.714088 14.434779 77.024811  0.073373 -0.960841 -0.267211  0.297874 0.539833 0
0  48.192108 15.036601 76.639549  0.073373 -0.960841 -0.267211  0.297874 0.539833 0
0  35.679768 13.490388 78.763725  0.073373 -0.960841 -0.267211  0.297874 0.539833 0
painted_wood_01
0  24.296829 11.565270 83.593391  -0.950214 -0.148707 0.273823  0.297874 0.539833 0
0  24.579412 11.347095 84.455513  -0.950214 -0.148707 0.273823  0.297874 0.539833 0
0  24.520094 12.123894 84.671539  -0.950214 -0.148707 0.273823  0.297874 0.539833 0
c_invasion_wrangler_laser
0  49.936214 16.794495 74.582260  -0.076542 0.960453 0.267715  0.000000 0.000000 0
0  46.934948 17.384186 71.637711  -0.080386 0.959967 0.268331  0.000000 0.000000 0
0  45.408279 16.795740 73.221329  -0.080386 0.959967 0.268331  0.000000 0.000000 0
painted_wood_01
0  50.994713 16.943567 75.643326  0.449822 -0.207243 0.868741  0.297874 0.539833 0
0  48.092285 16.343782 77.003075  0.449822 -0.207243 0.868741  0.297874 0.539833 0
0  48.192108 15.036601 76.639549  0.449822 -0.207243 0.868741  0.297874 0.539833 0
c_invasion_wrangler_laser
0  47.674198 16.350922 75.556137  -0.076620 0.960862 0.266221  0.000000 0.000000 0
0  45.408279 16.795740 73.221329  -0.070309 0.962305 0.262726  0.000000 0.000000 0
0  41.981857 15.660335 76.562263  -0.070309 0.962305 0.262726  0.000000 0.000000 0
painted_wood_01
0  50.570518 19.268330 66.308739  0.987937 0.106662 -0.112268  0.297874 0.539833 0
0  50.610302 19.382612 66.767395  0.987937 0.106662 -0.112268  0.297874 0.539833 0
0  50.710121 18.075430 66.403862  0.987937 0.106662 -0.112268  0.297874 0.539833 0
painted_wood_01
0  23.708616 20.836018 53.295643  0.069884 0.997042 -0.031980  0.297874 0.539833 0
0  23.155602 20.775839 53.400951  0.069894 0.997042 -0.031975  0.297874 0.539833 0
0  50.610302 19.382612 66.767395  0.069892 0.997042 -0.031975  0.297874 0.539833 0
painted_wood_01
0  50.636669 18.402071 66.067833  0.208508 -0.817589 -0.536725  0.297874 0.539833 0
0  50.710121 18.075430 66.403862  0.208482 -0.817587 -0.536737  0.297874 0.539833 0
0  23.223351 19.888647 53.154224  0.208491 -0.817587 -0.536733  0.297874 0.539833 0
painted_wood_01
0  23.774767 19.969763 53.054741  -0.207161 0.247404 -0.946507  0.297874 0.539833 0
0  23.223351 19.888647 53.154224  -0.207161 0.247404 -0.946507  0.297874 0.539833 0
0  23.155602 20.775839 53.400951  -0.207161 0.247404 -0.946507  0.297874 0.539833 0
painted_wood_01
0  23.774767 19.969763 53.054741  0.091092 -0.948837 -0.302343  0.297874 0.539833 0
0  25.657169 20.242668 52.765430  0.091092 -0.948837 -0.302343  0.297874 0.539833 0
0  49.730392 18.837729 64.427567  0.091092 -0.948837 -0.302343  0.297874 0.539833 0
c_invasion_wrangler_laser
0  49.554359 19.256937 64.092354  0.808110 -0.112512 -0.578186  0.000000 0.000000 0
0  45.008209 20.804409 57.436718  0.829591 0.207441 -0.518409  0.000000 0.000000 0
0  45.002964 20.873127 57.455826  0.829591 0.207441 -0.518409  0.000000 0.000000 0
painted_wood_01
0  23.708616 20.836018 53.295643  -0.182444 0.250476 -0.950777  0.297874 0.539833 0
0  25.597885 21.018993 52.981323  -0.182444 0.250476 -0.950777  0.297874 0.539833 0
0  25.657169 20.242668 52.765430  -0.182444 0.250476 -0.950777  0.297874 0.539833 0
painted_wood_01
0  49.542938 19.406534 64.133949  0.689956 0.592991 -0.415117  0.297874 0.539833 0
0  49.671108 19.614056 64.643463  0.941203 0.155311 -0.300026  0.297874 0.539833 0
0  49.730392 18.837729 64.427567  0.941203 0.155311 -0.300026  0.297874 0.539833 0
painted_wood_01
0  49.671108 19.614056 64.643463  0.253831 0.871813 -0.418941  0.297874 0.539833 0
0  49.542938 19.406534 64.133949  0.689947 0.593026 -0.415082  0.297874 0.539833 0
0  26.055923 20.777260 52.755798  -0.043806 0.635826 -0.770589  0.297874 0.539833 0
painted_wood_01
0  25.657169 20.242668 52.765430  0.357599 -0.487008 -0.796835  0.297874 0.539833 0
0  26.067348 20.627670 52.714199  0.016061 -0.148697 -0.988752  0.297874 0.539833 0
0  49.554359 19.256937 64.092354  0.749841 -0.191482 -0.633303  0.297874 0.539833 0
painted_wood_01
0  25.597885 21.018993 52.981323  -0.329790 0.229476 -0.915740  0.297874 0.539833 0
0  26.055923 20.777260 52.755798  -0.043885 0.635826 -0.770584  0.297874 0.539833 0
0  26.067348 20.627670 52.714199  0.016039 -0.148679 -0.988755  0.297874 0.539833 0
painted_wood_01
0  50.636669 18.402071 66.067833  0.879931 0.188482 -0.436114  0.297874 0.539833 0
0  49.730392 18.837729 64.427567  0.879931 0.188482 -0.436114  0.297874 0.539833 0
0  49.671108 19.614056 64.643463  0.879931 0.188482 -0.436114  0.297874 0.539833 0
c_invasion_wrangler_laser
0  34.214111 21.502775 52.229229  0.432350 0.272074 -0.859680  0.000000 0.000000 0
0  45.002964 20.873127 57.455826  0.432350 0.272074 -0.859680  0.000000 0.000000 0
0  45.008209 20.804409 57.436718  0.432350 0.272074 -0.859680  0.000000 0.000000 0
c_invasion_wrangler_laser
0  49.542938 19.406534 64.133949  0.760849 0.506186 -0.406060  0.000000 0.000000 0
0  45.002964 20.873127 57.455826  -0.069003 0.963540 0.258515  0.000000 0.000000 0
0  34.214111 21.502775 52.229229  -0.069003 0.963540 0.258515  0.000000 0.000000 0
c_invasion_wrangler_laser
0  26.055923 20.777260 52.755798  -0.102650 0.556411 -0.824542  0.000000 0.000000 0
0  34.214111 21.502775 52.229229  -0.085263 0.260915 -0.961589  0.000000 0.000000 0
0  34.219357 21.434061 52.210117  -0.085263 0.260915 -0.961589  0.000000 0.000000 0
c_invasion_wrangler_laser
0  26.067348 20.627670 52.714199  -0.055474 -0.062305 -0.996514  0.000000 0.000000 0
0  34.219357 21.434061 52.210117  0.077714 -0.958058 -0.275837  0.000000 0.000000 0
0  45.008209 20.804409 57.436718  0.077714 -0.958058 -0.275837  0.000000 0.000000 0
gold_player.001
0  26.055923 20.777260 52.755798  0.432349 0.272050 -0.859688  0.000000 0.000000 0
0  49.542938 19.406534 64.133949  0.432349 0.272050 -0.859688  0.000000 0.000000 0
0  49.554359 19.256937 64.092354  0.432349 0.272050 -0.859688  0.000000 0.000000 0
painted_wood_01
0  50.166004 18.725811 68.122955  -0.858725 0.108957 0.500719  0.297874 0.539833 0
0  49.976860 18.983963 68.026932  -0.682502 -0.243756 0.689038  0.297874 0.539833 0
0  50.076683 17.676781 67.663406  -0.682502 -0.243756 0.689038  0.297874 0.539833 0
painted_wood_01
0  50.231159 17.872650 67.885696  -0.814477 -0.470428 0.339595  0.297874 0.539833 0
0  50.076683 17.676781 67.663406  -0.682495 -0.243737 0.689052  0.297874 0.539833 0
0  50.859283 17.534929 68.388374  -0.682495 -0.243737 0.689052  0.297874 0.539833 0
painted_wood_01
0  50.670139 17.793081 68.292351  -0.375959 -0.549890 0.745839  0.297874 0.539833 0
0  50.859283 17.534929 68.388374  -0.682455 -0.243749 0.689088  0.297874 0.539833 0
0  50.759464 18.842110 68.751892  -0.682455 -0.243749 0.689088  0.297874 0.539833 0
painted_wood_01
0  50.604988 18.646242 68.529602  -0.420193 0.029486 0.906956  0.297874 0.539833 0
0  50.759464 18.842110 68.751892  -0.682483 -0.243740 0.689062  0.297874 0.539833 0
0  49.976860 18.983963 68.026932  -0.682483 -0.243740 0.689062  0.297874 0.539833 0
gold_player.001
0  40.819313 14.511366 77.388153  -0.771516 -0.619379 -0.145370  -1.059604 -1.872732 0
0  41.258293 14.431797 77.794800  0.068151 -0.771600 0.632446  -1.047734 -1.872732 0
0  41.193142 15.284958 78.032059  -0.016561 0.337940 0.941022  -1.155604 -1.872731 0
gold_player.001
0  50.231159 17.872650 67.885696  -0.814536 -0.470417 0.339469  -1.059604 -1.872732 0
0  45.525238 16.192009 72.636925  -0.462237 -0.586304 -0.665270  -1.059608 -1.872732 0
0  45.460083 17.045170 72.874184  -0.565991 0.772726 -0.287314  -1.167478 -1.872732 0
gold_player.001
0  50.604988 18.646242 68.529602  -0.420238 0.029641 0.906930  -1.155604 -1.872731 0
0  50.166004 18.725811 68.122955  -0.858736 0.109140 0.500661  -1.167474 -1.872732 0
0  45.460083 17.045170 72.874184  -0.566139 0.772536 -0.287533  -1.167480 -1.872732 0
gold_player.001
0  45.460083 17.045170 72.874184  -0.566184 0.772520 -0.287488  -1.167480 -1.872732 0
0  40.754158 15.364527 77.625412  -0.856247 0.490136 0.163118  -1.167487 -1.872732 0
0  41.193142 15.284958 78.032059  -0.016571 0.337914 0.941031  -1.155616 -1.872731 0
gold_player.001
0  50.231159 17.872650 67.885696  -0.814408 -0.470564 0.339572  -1.059604 -1.872732 0
0  50.670139 17.793081 68.292351  -0.375889 -0.550039 0.745765  -1.047734 -1.872732 0
0  45.525238 16.192009 72.636925  -0.462384 -0.586116 -0.665334  -1.059608 -1.872732 0
gold_player.001
0  50.670139 17.793081 68.292351  -0.375854 -0.550042 0.745780  -1.047734 -1.872732 0
0  41.258293 14.431797 77.794800  0.068315 -0.771558 0.632481  -1.047741 -1.872732 0
0  45.525238 16.192009 72.636925  -0.462363 -0.586110 -0.665354  -1.059608 -1.872732 0
painted_wood_01
0  41.714088 14.434779 77.024811  -0.302838 0.233812 -0.923916  0.297874 0.539833 0
0  35.679768 13.490388 78.763725  -0.302838 0.233812 -0.923916  0.297874 0.539833 0
0  35.579941 14.797567 79.127251  -0.302838 0.233812 -0.923916  0.297874 0.539833 0
painted_wood_01
0  35.679768 13.490388 78.763725  -0.302838 0.233813 -0.923916  0.297874 0.539833 0
0  23.611124 11.601605 82.241554  -0.302838 0.233813 -0.923916  0.297874 0.539833 0
0  23.511303 12.908786 82.605080  -0.302838 0.233813 -0.923916  0.297874 0.539833 0
gold_player.001
0  45.525238 16.192009 72.636925  -0.462270 -0.586320 -0.665233  -1.059608 -1.872732 0
0  40.819313 14.511366 77.388153  -0.771490 -0.619401 -0.145415  -1.059612 -1.872732 0
0  40.754158 15.364527 77.625412  -0.856247 0.490124 0.163158  -1.167482 -1.872732 0
painted_wood_01
0  51.210510 16.608517 73.122498  -0.943827 0.019669 -0.329853  0.297874 0.539833 0
0  51.236122 16.273088 73.029213  -0.739094 0.127508 -0.661425  0.297874 0.539833 0
0  50.010414 15.822742 74.312012  -0.739094 0.127508 -0.661425  0.297874 0.539833 0
painted_wood_01
0  51.161919 17.244839 73.299454  -0.943904 0.019620 -0.329638  0.297874 0.539833 0
0  51.136307 17.580267 73.392738  -0.994240 -0.091459 0.055868  0.297874 0.539833 0
0  50.759464 18.842110 68.751892  -0.994240 -0.091459 0.055868  0.297874 0.539833 0
painted_wood_01
0  49.936214 16.794495 74.582260  -0.592018 0.173632 -0.786998  0.297874 0.539833 0
0  49.910599 17.129923 74.675545  -0.739087 0.127485 -0.661436  0.297874 0.539833 0
0  51.136307 17.580267 73.392738  -0.739087 0.127485 -0.661436  0.297874 0.539833 0
painted_wood_01
0  50.860939 17.779045 68.817497  -0.994241 -0.091458 0.055865  0.297874 0.539833 0
0  50.859283 17.534929 68.388374  -0.994241 -0.091458 0.055865  0.297874 0.539833 0
0  51.236122 16.273088 73.029213  -0.994241 -0.091458 0.055865  0.297874 0.539833 0
painted_wood_01
0  50.812347 18.415365 68.994453  -0.994241 -0.091461 0.055862  0.297874 0.539833 0
0  50.759464 18.842110 68.751892  -0.994241 -0.091461 0.055862  0.297874 0.539833 0
0  50.859283 17.534929 68.388374  -0.994241 -0.091461 0.055862  0.297874 0.539833 0
painted_wood_01
0  47.674198 16.350922 75.556137  -0.362810 0.223863 -0.904574  0.297874 0.539833 0
0  47.648582 16.686350 75.649422  -0.421305 0.212993 -0.881553  0.297874 0.539833 0
0  49.910599 17.129923 74.675545  -0.421305 0.212993 -0.881553  0.297874 0.539833 0
painted_wood_01
0  49.984798 16.158171 74.405296  -0.591804 0.173705 -0.787144  0.297874 0.539833 0
0  50.010414 15.822742 74.312012  -0.421310 0.212982 -0.881553  0.297874 0.539833 0
0  47.748409 15.379170 75.285896  -0.421310 0.212982 -0.881553  0.297874 0.539833 0
painted_wood_01
0  47.722794 15.714600 75.379181  -0.362810 0.223851 -0.904577  0.297874 0.539833 0
0  47.748409 15.379170 75.285896  -0.302839 0.233819 -0.923914  0.297874 0.539833 0
0  41.714088 14.434779 77.024811  -0.302839 0.233819 -0.923914  0.297874 0.539833 0
painted_wood_01
0  41.971596 15.458445 77.199463  -0.302837 0.233816 -0.923915  0.297874 0.539833 0
0  41.614262 15.741959 77.388336  -0.302837 0.233816 -0.923915  0.297874 0.539833 0
0  47.648582 16.686350 75.649422  -0.302837 0.233816 -0.923915  0.297874 0.539833 0
painted_wood_01
0  42.020191 14.822124 77.022499  -0.302841 0.233809 -0.923916  0.297874 0.539833 0
0  41.714088 14.434779 77.024811  -0.302841 0.233809 -0.923916  0.297874 0.539833 0
0  41.614262 15.741959 77.388336  -0.302841 0.233809 -0.923916  0.297874 0.539833 0
c_invasion_wrangler_laser
0  48.209244 17.198208 70.177948  -0.739082 0.127518 -0.661436  0.000000 0.000000 0
0  46.983532 16.747862 71.460747  -0.739082 0.127518 -0.661436  0.000000 0.000000 0
0  46.934948 17.384186 71.637711  -0.739082 0.127518 -0.661436  0.000000 0.000000 0
c_invasion_wrangler_laser
0  50.894566 17.990074 68.105309  -0.632453 0.162336 -0.757397  0.000000 0.000000 0
0  48.209244 17.198208 70.177948  -0.632453 0.162336 -0.757397  0.000000 0.000000 0
0  48.160652 17.834530 70.354904  -0.632453 0.162336 -0.757397  0.000000 0.000000 0
c_invasion_wrangler_laser
0  45.456875 16.159418 73.044373  -0.714389 0.136324 -0.686341  0.000000 0.000000 0
0  42.030453 15.024014 76.385300  -0.714389 0.136324 -0.686341  0.000000 0.000000 0
0  41.981857 15.660335 76.562263  -0.714389 0.136324 -0.686341  0.000000 0.000000 0
c_invasion_wrangler_laser
0  46.983532 16.747862 71.460747  -0.737365 0.128133 -0.663231  0.000000 0.000000 0
0  45.456875 16.159418 73.044373  -0.737365 0.128133 -0.663231  0.000000 0.000000 0
0  45.408279 16.795740 73.221329  -0.737365 0.128133 -0.663231  0.000000 0.000000 0
c_invasion_wrangler_laser
0  47.722794 15.714600 75.379181  0.076687 -0.960842 -0.266275  0.000000 0.000000 0
0  45.456875 16.159418 73.044373  0.080385 -0.959975 -0.268304  0.000000 0.000000 0
0  46.983532 16.747862 71.460747  0.080385 -0.959975 -0.268304  0.000000 0.000000 0
c_invasion_wrangler_laser
0  51.210510 16.608517 73.122498  0.073011 -0.960696 -0.267831  0.000000 0.000000 0
0  48.209244 17.198208 70.177948  0.072349 -0.960413 -0.269020  0.000000 0.000000 0
0  50.894566 17.990074 68.105309  0.072349 -0.960413 -0.269020  0.000000 0.000000 0
c_invasion_wrangler_laser
0  49.984798 16.158171 74.405296  0.076524 -0.960458 -0.267702  0.000000 0.000000 0
0  46.983532 16.747862 71.460747  0.073373 -0.960841 -0.267209  0.000000 0.000000 0
0  48.209244 17.198208 70.177948  0.073373 -0.960841 -0.267209  0.000000 0.000000 0
c_invasion_wrangler_laser
0  42.020191 14.822124 77.022499  -0.729608 -0.655878 -0.193638  0.000000 0.000000 0
0  42.030453 15.024014 76.385300  0.070283 -0.962298 -0.262760  0.000000 0.000000 0
0  45.456875 16.159418 73.044373  0.070289 -0.962296 -0.262767  0.000000 0.000000 0
c_invasion_wrangler_laser
0  50.860939 17.779045 68.817497  0.521706 -0.826961 -0.209663  0.000000 0.000000 0
0  50.894566 17.990074 68.105309  0.996233 0.058208 0.064284  0.000000 0.000000 0
0  50.845974 18.626392 68.282265  0.996233 0.058208 0.064284  0.000000 0.000000 0
c_invasion_wrangler_laser
0  50.812347 18.415365 68.994453  0.398989 0.876932 0.267951  0.000000 0.000000 0
0  50.845974 18.626392 68.282265  -0.072359 0.960417 0.269004  0.000000 0.000000 0
0  48.160652 17.834530 70.354904  -0.072360 0.960417 0.269004  0.000000 0.000000 0
gold_player.001
0  50.812347 18.415365 68.994453  -0.994240 -0.091464 0.055866  0.000000 0.000000 0
0  50.860939 17.779045 68.817497  -0.994240 -0.091464 0.055866  0.000000 0.000000 0
0  51.210510 16.608517 73.122498  -0.943902 0.019605 -0.329642  0.000000 0.000000 0
gold_player.001
0  49.984798 16.158171 74.405296  -0.592027 0.173650 -0.786988  0.000000 0.000000 0
0  49.936214 16.794495 74.582260  -0.592027 0.173666 -0.786984  0.000000 0.000000 0
0  51.161919 17.244839 73.299454  -0.943826 0.019650 -0.329857  0.000000 0.000000 0
gold_player.001
0  47.674198 16.350922 75.556137  -0.362812 0.223866 -0.904572  0.000000 0.000000 0
0  49.936214 16.794495 74.582260  -0.591801 0.173712 -0.787144  0.000000 0.000000 0
0  49.984798 16.158171 74.405296  -0.591803 0.173732 -0.787138  0.000000 0.000000 0
gold_player.001
0  41.971596 15.458445 77.199463  -0.302840 0.233808 -0.923916  0.000000 0.000000 0
0  47.674198 16.350922 75.556137  -0.362813 0.223859 -0.904574  0.000000 0.000000 0
0  47.722794 15.714600 75.379181  -0.362812 0.223858 -0.904574  0.000000 0.000000 0
black.001
0  10.477191 12.351939 79.260788  -0.070582 -0.959569 -0.272482  1.653114 -1.593218 0
0  6.686923 12.993422 78.176781  -0.070838 -0.959526 -0.272566  1.235126 -1.492650 0
0  8.667399 12.908684 77.766434  -0.071022 -0.959300 -0.273310  1.425489 -1.377366 0
painted_wood_01
0  9.554316 13.066565 79.680176  -0.304503 -0.236679 0.922638  0.297874 0.539833 0
0  10.763379 13.510597 80.193115  -0.276045 -0.268655 0.922835  0.297874 0.539833 0
0  5.989530 13.705231 78.667503  -0.263584 -0.242922 0.933548  0.297874 0.539833 0
painted_wood_01
0  5.989530 13.705231 78.667503  -0.263595 -0.242918 0.933546  0.297874 0.539833 0
0  5.970115 13.050049 78.493019  -0.263477 -0.239001 0.934590  0.297874 0.539833 0
0  8.347279 12.623274 79.168091  -0.275094 -0.267771 0.923375  0.297874 0.539833 0
black.001
0  10.774555 13.741066 79.128441  -0.007938 0.973829 0.227142  -0.687939 -1.597699 0
0  8.702635 14.028353 78.064873  -0.007768 0.973913 0.226789  -0.430435 -1.441891 0
0  6.709777 13.885764 78.414101  -0.007670 0.973713 0.227651  -0.239811 -1.557032 0
black.001
0  6.686923 12.993422 78.176781  -0.110164 -0.948029 -0.298504  1.193097 -1.361790 0
0  16.460562 17.264351 61.059299  -0.110824 -0.947758 -0.299121  2.409944 0.570137 0
0  17.174326 17.051334 61.365246  -0.110063 -0.947930 -0.298857  2.507267 0.521408 0
painted_wood_01
0  17.842327 17.029314 61.122391  0.454767 0.215798 -0.864071  0.297874 0.539833 0
0  16.259218 17.501581 60.443756  0.454599 0.214323 -0.864526  0.297874 0.539833 0
0  16.281406 18.250322 60.643143  0.454644 0.219941 -0.863090  0.297874 0.539833 0
painted_wood_01
0  5.989530 13.705231 78.667503  -0.854490 0.157256 -0.495094  0.297874 0.539833 0
0  16.281406 18.250322 60.643143  -0.854492 0.157179 -0.495115  0.297874 0.539833 0
0  16.259218 17.501581 60.443756  -0.854491 0.157222 -0.495103  0.297874 0.539833 0
c_invasion_wrangler_laser
0  17.737827 17.987547 61.654881  0.066008 0.962940 0.261514  0.000000 0.000000 0
0  11.318674 14.036416 77.316048  0.066008 0.962940 0.261514  0.000000 0.000000 0
0  19.414436 16.213253 67.282928  0.066006 0.962940 0.261516  0.000000 0.000000 0
c_invasion_wrangler_laser
0  11.318674 14.036416 77.316048  0.066009 0.962939 0.261517  0.000000 0.000000 0
0  11.440619 13.534979 78.859924  0.066008 0.962939 0.261518  0.000000 0.000000 0
0  19.230022 13.956698 75.676727  0.066006 0.962939 0.261518  0.000000 0.000000 0
c_invasion_wrangler_laser
0  11.440619 13.534979 78.859924  0.065999 0.962944 0.261502  0.000000 0.000000 0
0  18.192270 12.426937 82.269424  0.066000 0.962944 0.261500  0.000000 0.000000 0
0  19.230022 13.956698 75.676727  0.065999 0.962944 0.261501  0.000000 0.000000 0
black.001
0  8.702635 14.028353 78.064873  -0.075135 0.975946 0.204655  -0.430435 -1.441891 0
0  17.210512 18.227770 61.679153  -0.073872 0.975969 0.205005  -1.512335 0.456867 0
0  16.485411 18.148914 61.294228  -0.075126 0.975975 0.204520  -1.413322 0.506392 0
painted_wood_01
0  17.716061 17.253006 61.459267  0.711203 -0.677938 0.185986  0.297874 0.539833 0
0  17.842327 17.029314 61.122391  0.881410 -0.121081 0.456570  0.297874 0.539833 0
0  17.881268 18.343414 61.472343  0.879970 -0.170821 0.443252  0.297874 0.539833 0
painted_wood_01
0  18.170504 11.692393 82.073814  0.468100 0.214424 -0.857266  0.297874 0.539833 0
0  18.426880 11.359132 82.130447  0.468100 0.214424 -0.857266  0.297874 0.539833 0
0  11.410264 12.510656 78.587151  0.468100 0.214424 -0.857266  0.297874 0.539833 0
painted_wood_01
0  11.440619 13.534979 78.859924  0.455880 0.743648 -0.489041  0.297874 0.539833 0
0  11.449206 13.824757 78.937096  0.468092 0.214429 -0.857269  0.297874 0.539833 0
0  18.465822 12.673231 82.480400  0.468092 0.214429 -0.857269  0.297874 0.539833 0
painted_wood_01
0  18.192270 12.426937 82.269424  0.468052 0.214428 -0.857291  0.297874 0.539833 0
0  18.465822 12.673231 82.480400  0.468052 0.214428 -0.857291  0.297874 0.539833 0
0  18.426880 11.359132 82.130447  0.468052 0.214428 -0.857291  0.297874 0.539833 0
painted_wood_01
0  11.318674 14.036416 77.316048  0.288439 0.919063 0.268564  0.297874 0.539833 0
0  9.360415 14.167558 77.882286  0.243213 0.964130 0.106302  0.297874 0.539833 0
0  11.449206 13.824757 78.937096  0.243213 0.964131 0.106300  0.297874 0.539833 0
painted_wood_01
0  11.418852 12.800434 78.664322  0.421296 -0.425981 -0.800656  0.297874 0.539833 0
0  11.410264 12.510656 78.587151  0.187937 -0.901156 -0.390637  0.297874 0.539833 0
0  9.321472 12.853457 77.532341  0.188060 -0.901163 -0.390562  0.297874 0.539833 0
painted_wood_01
0  17.737827 17.987547 61.654881  0.744464 0.452549 0.490890  0.297874 0.539833 0
0  17.881268 18.343414 61.472343  0.292319 0.865514 0.406738  0.297874 0.539833 0
0  9.360415 14.167558 77.882286  0.312637 0.861900 0.399232  0.297874 0.539833 0
painted_wood_01
0  11.291626 13.139884 77.078300  0.232258 -0.944549 -0.232126  0.297874 0.539833 0
0  9.321472 12.853457 77.532341  0.256645 -0.961952 -0.093713  0.297874 0.539833 0
0  17.842327 17.029314 61.122391  0.236375 -0.967598 -0.088775  0.297874 0.539833 0
gold_player.001
0  19.230022 13.956698 75.676727  0.028158 0.969362 0.244015  0.000000 0.000000 0
0  19.868881 13.944652 75.650871  0.741726 0.631581 0.225717  0.000000 0.000000 0
0  20.053295 16.201206 67.257072  0.755089 0.649932 0.086195  0.000000 0.000000 0
gold_player.001
0  18.809364 11.680346 82.047958  0.658896 -0.733428 -0.167154  0.000000 0.000000 0
0  18.817739 11.617151 82.284340  0.580040 -0.717571 0.385546  0.000000 0.000000 0
0  18.178879 11.629198 82.310196  -0.573555 -0.695829 0.432270  0.000000 0.000000 0
c_invasion_wrangler_laser
0  11.418852 12.800434 78.664322  0.011385 -0.966235 -0.257411  0.000000 0.000000 0
0  11.291626 13.139884 77.078300  0.011376 -0.966235 -0.257410  0.000000 0.000000 0
0  19.219894 13.614931 75.585716  0.011381 -0.966235 -0.257410  0.000000 0.000000 0
c_invasion_wrangler_laser
0  11.291626 13.139884 77.078300  0.011397 -0.966236 -0.257405  0.000000 0.000000 0
0  17.716061 17.253006 61.459267  0.011397 -0.966236 -0.257405  0.000000 0.000000 0
0  19.404308 15.871487 67.191917  0.011397 -0.966236 -0.257406  0.000000 0.000000 0
c_invasion_wrangler_laser
0  19.219894 13.614931 75.585716  0.011366 -0.966230 -0.257430  0.000000 0.000000 0
0  11.291626 13.139884 77.078300  0.011366 -0.966230 -0.257430  0.000000 0.000000 0
0  19.404308 15.871487 67.191917  0.011366 -0.966230 -0.257430  0.000000 0.000000 0
gold_player.001
0  19.404308 15.871487 67.191917  -0.028096 -0.969760 -0.242438  0.000000 0.000000 0
0  20.043167 15.859440 67.166061  0.716511 -0.646391 -0.262279  0.000000 0.000000 0
0  19.858753 13.602884 75.559860  0.702154 -0.699627 -0.132295  0.000000 0.000000 0
gold_player.001
0  17.716061 17.253006 61.459267  0.928840 -0.120794 0.350235  0.000000 0.000000 0
0  17.737827 17.987547 61.654881  0.928840 -0.120794 0.350235  0.000000 0.000000 0
0  11.318674 14.036416 77.316048  0.987608 -0.067438 0.141713  0.000000 0.000000 0
gold_player.001
0  11.440619 13.534979 78.859924  0.840887 0.115676 -0.528704  0.000000 0.000000 0
0  11.418852 12.800434 78.664322  0.840887 0.115660 -0.528708  0.000000 0.000000 0
0  11.291626 13.139884 77.078300  0.987780 -0.066952 0.140743  0.000000 0.000000 0
gold_player.001
0  11.418852 12.800434 78.664322  0.840897 0.115849 -0.528650  0.000000 0.000000 0
0  11.440619 13.534979 78.859924  0.840897 0.115852 -0.528650  0.000000 0.000000 0
0  18.192270 12.426937 82.269424  0.468098 0.214411 -0.857270  0.000000 0.000000 0
gold_player.001
0  20.043167 15.859440 67.166061  0.716291 -0.646591 -0.262389  -0.176791 -1.872727 0
0  18.354919 17.240959 61.433411  0.645407 -0.709206 -0.283684  -0.154118 -1.872727 0
0  18.376686 17.975500 61.629025  0.687402 0.719499 0.098994  -0.245587 -1.872727 0
gold_player.001
0  19.868881 13.944652 75.650871  0.741493 0.631766 0.225963  -0.006644 -1.872729 0
0  18.831131 12.414890 82.243568  0.701082 0.680993 0.211501  -0.029312 -1.872729 0
0  18.809364 11.680346 82.047958  0.658673 -0.733643 -0.167088  0.062156 -1.872729 0
gold_player.001
0  20.043167 15.859440 67.166061  0.716294 -0.646566 -0.262442  -0.177645 -1.872727 0
0  20.053295 16.201206 67.257072  0.754908 0.650123 0.086331  -0.220203 -1.872728 0
0  19.868881 13.944652 75.650871  0.741502 0.631781 0.225892  -0.007498 -1.872729 0
gold_player.001
0  19.219894 13.614931 75.585716  -0.029257 -0.960900 -0.275347  0.000000 0.000000 0
0  19.858753 13.602884 75.559860  0.702143 -0.699643 -0.132271  0.000000 0.000000 0
0  18.809364 11.680346 82.047958  0.658900 -0.733440 -0.167080  0.000000 0.000000 0
gold_player.001
0  17.716061 17.253006 61.459267  -0.500867 -0.843391 -0.194483  0.000000 0.000000 0
0  18.354919 17.240959 61.433411  0.645631 -0.709043 -0.283580  0.000000 0.000000 0
0  20.043167 15.859440 67.166061  0.716493 -0.646335 -0.262467  0.000000 0.000000 0
gold_player.001
0  18.192270 12.426937 82.269424  -0.444149 0.864613 0.234898  0.000000 0.000000 0
0  18.831131 12.414890 82.243568  0.701283 0.680822 0.211383  0.000000 0.000000 0
0  19.868881 13.944652 75.650871  0.741696 0.631549 0.225904  0.000000 0.000000 0
gold_player.001
0  18.354919 17.240959 61.433411  0.645400 -0.709245 -0.283603  -0.154118 -1.872727 0
0  18.318123 17.518629 60.394840  0.540501 -0.419569 -0.729260  -0.154118 -1.872727 0
0  18.339890 18.253170 60.590454  0.573546 0.695762 -0.432389  -0.245587 -1.872727 0
gold_player.001
0  19.414436 16.213253 67.282928  0.029326 0.960367 0.277193  0.000000 0.000000 0
0  20.053295 16.201206 67.257072  0.755090 0.649922 0.086254  0.000000 0.000000 0
0  18.376686 17.975500 61.629025  0.687622 0.719285 0.099020  0.000000 0.000000 0
gold_player.001
0  18.178879 11.629198 82.310196  -0.573568 -0.695809 0.432284  0.062157 -1.872729 0
0  18.817739 11.617151 82.284340  0.579962 -0.717623 0.385567  0.073767 -1.872730 0
0  18.839506 12.351694 82.479950  0.613067 0.397764 0.682592  -0.017702 -1.872729 0
gold_player.001
0  18.170504 11.692393 82.073814  -0.494845 -0.840405 -0.221014  0.000000 0.000000 0
0  18.178879 11.629198 82.310196  -0.573553 -0.695863 0.432217  0.000000 0.000000 0
0  18.200645 12.363741 82.505806  -0.540505 0.419435 0.729334  0.000000 0.000000 0
gold_player.001
0  18.831131 12.414890 82.243568  0.701109 0.680997 0.211396  -0.029312 -1.872729 0
0  18.839506 12.351694 82.479950  0.613054 0.397823 0.682570  -0.029312 -1.872728 0
0  18.817739 11.617151 82.284340  0.580004 -0.717536 0.385665  0.062156 -1.872729 0
gold_player.001
0  18.192270 12.426937 82.269424  -0.444145 0.864618 0.234886  0.000000 0.000000 0
0  18.200645 12.363741 82.505806  -0.540538 0.419547 0.729246  0.000000 0.000000 0
0  18.839506 12.351694 82.479950  0.613059 0.397775 0.682593  0.000000 0.000000 0
gold_player.001
0  17.701031 18.265217 60.616310  -0.580030 0.717563 -0.385575  -0.245587 -1.872727 0
0  18.339890 18.253170 60.590454  0.573505 0.695877 -0.432259  -0.245587 -1.872727 0
0  18.318123 17.518629 60.394840  0.540505 -0.419506 -0.729293  -0.154118 -1.872727 0
gold_player.001
0  17.716061 17.253006 61.459267  -0.500850 -0.843374 -0.194600  0.000000 0.000000 0
0  17.679264 17.530676 60.420696  -0.613087 -0.397786 -0.682562  0.000000 0.000000 0
0  18.318123 17.518629 60.394840  0.540473 -0.419507 -0.729316  0.000000 0.000000 0
gold_player.001
0  17.737827 17.987547 61.654881  -0.450594 0.854159 0.259574  0.000000 0.000000 0
0  17.701031 18.265217 60.616310  -0.579998 0.717615 -0.385526  0.000000 0.000000 0
0  17.679264 17.530676 60.420696  -0.613052 -0.397641 -0.682678  0.000000 0.000000 0
gold_player.001
0  18.376686 17.975500 61.629025  0.687606 0.719305 0.098988  0.000000 0.000000 0
0  18.339890 18.253170 60.590454  0.573592 0.695830 -0.432220  0.000000 0.000000 0
0  17.701031 18.265217 60.616310  -0.579973 0.717593 -0.385605  0.000000 0.000000 0
gold_player.001
0  17.737827 17.987547 61.654881  -0.961163 -0.044069 0.272439  0.000000 0.000000 0
0  17.716061 17.253006 61.459267  -0.961163 -0.044069 0.272439  0.000000 0.000000 0
0  19.404308 15.871487 67.191917  -0.991162 -0.005918 0.132528  0.000000 0.000000 0
gold_player.001
0  19.404308 15.871487 67.191917  -0.991204 -0.006291 0.132193  0.000000 0.000000 0
0  19.219894 13.614931 75.585716  -0.995733 0.050315 -0.077364  0.000000 0.000000 0
0  19.230022 13.956698 75.676727  -0.995753 0.050258 -0.077133  0.000000 0.000000 0
gold_player.001
0  19.230022 13.956698 75.676727  -0.995753 0.050097 -0.077235  0.000000 0.000000 0
0  19.219894 13.614931 75.585716  -0.995737 0.050141 -0.077421  0.000000 0.000000 0
0  18.170504 11.692393 82.073814  -0.987902 0.066588 -0.140058  0.000000 0.000000 0
painted_wood_01
0  16.460562 17.264351 61.059299  -0.147373 -0.936097 -0.319380  0.297874 0.539833 0
0  16.259218 17.501581 60.443756  -0.139675 -0.939629 -0.312392  0.297874 0.539833 0
0  17.842327 17.029314 61.122391  -0.141042 -0.940393 -0.309464  0.297874 0.539833 0
painted_wood_01
0  10.738527 12.525357 78.804695  -0.053376 -0.952286 -0.300502  0.297874 0.539833 0
0  11.410264 12.510656 78.587151  -0.058785 -0.952259 -0.299579  0.297874 0.539833 0
0  10.724439 12.196499 79.843155  -0.059271 -0.951530 -0.301792  0.297874 0.539833 0
painted_wood_01
0  8.667399 12.908684 77.766434  -0.097588 -0.985185 -0.141024  0.297874 0.539833 0
0  9.321472 12.853457 77.532341  -0.102940 -0.984731 -0.140386  0.297874 0.539833 0
0  11.410264 12.510656 78.587151  -0.103890 -0.984401 -0.141991  0.297874 0.539833 0
painted_wood_01
0  6.686923 12.993422 78.176781  -0.124033 -0.976854 -0.174277  0.297874 0.539833 0
0  10.477191 12.351939 79.260788  -0.119210 -0.978078 -0.170741  0.297874 0.539833 0
0  8.347279 12.623274 79.168091  -0.121853 -0.978236 -0.167946  0.297874 0.539833 0
painted_wood_01
0  10.477191 12.351939 79.260788  -0.119208 -0.978079 -0.170739  0.297874 0.539833 0
0  10.724439 12.196499 79.843155  -0.124003 -0.977834 -0.168712  0.297874 0.539833 0
0  8.347279 12.623274 79.168091  -0.121841 -0.978236 -0.167953  0.297874 0.539833 0
painted_wood_01
0  17.174326 17.051334 61.365246  -0.172362 -0.927739 -0.331048  0.297874 0.539833 0
0  17.842327 17.029314 61.122391  -0.165034 -0.931372 -0.324517  0.297874 0.539833 0
0  9.321472 12.853457 77.532341  -0.166003 -0.931672 -0.323158  0.297874 0.539833 0
painted_wood_01
0  6.686923 12.993422 78.176781  -0.180790 -0.923108 -0.339391  0.297874 0.539833 0
0  5.970115 13.050049 78.493019  -0.179958 -0.925221 -0.334037  0.297874 0.539833 0
0  16.259218 17.501581 60.443756  -0.184015 -0.925799 -0.330204  0.297874 0.539833 0
painted_wood_01
0  17.210512 18.227770 61.679153  -0.161621 0.972413 0.168198  0.297874 0.539833 0
0  17.881268 18.343414 61.472343  -0.151036 0.974142 0.168036  0.297874 0.539833 0
0  16.281406 18.250322 60.643143  -0.148952 0.975072 0.164461  0.297874 0.539833 0
painted_wood_01
0  10.516516 13.679052 79.614212  -0.000550 0.977982 0.208686  0.297874 0.539833 0
0  10.763379 13.510597 80.193115  -0.002128 0.977294 0.211876  0.297874 0.539833 0
0  11.449206 13.824757 78.937096  -0.001623 0.976790 0.214195  0.297874 0.539833 0
painted_wood_01
0  10.774555 13.741066 79.128441  -0.050949 0.927429 0.370512  0.297874 0.539833 0
0  11.449206 13.824757 78.937096  -0.053516 0.925979 0.373762  0.297874 0.539833 0
0  9.360415 14.167558 77.882286  -0.052704 0.925386 0.375343  0.297874 0.539833 0
painted_wood_01
0  6.709777 13.885764 78.414101  -0.070203 0.934295 0.349521  0.297874 0.539833 0
0  5.989530 13.705231 78.667503  -0.070821 0.932285 0.354725  0.297874 0.539833 0
0  10.763379 13.510597 80.193115  -0.070130 0.932245 0.354965  0.297874 0.539833 0
painted_wood_01
0  16.485411 18.148914 61.294228  -0.154847 0.974079 0.164901  0.297874 0.539833 0
0  16.281406 18.250322 60.643143  -0.148490 0.974982 0.165409  0.297874 0.539833 0
0  5.989530 13.705231 78.667503  -0.143328 0.976577 0.160482  0.297874 0.539833 0
painted_wood_01
0  8.702635 14.028353 78.064873  -0.135634 0.973035 0.186562  0.297874 0.539833 0
0  9.360415 14.167558 77.882286  -0.127169 0.975058 0.181908  0.297874 0.539833 0
0  17.881268 18.343414 61.472343  -0.126007 0.975536 0.180141  0.297874 0.539833 0
painted_wood_01
0  47.909599 15.260749 76.788872  0.302833 -0.233820 0.923916  0.297874 0.539833 0
0  48.192108 15.036601 76.639549  0.302833 -0.233820 0.923916  0.297874 0.539833 0
0  48.092285 16.343782 77.003075  0.302833 -0.233820 0.923916  0.297874 0.539833 0
black.001
0  24.237511 12.342069 83.809418  0.302831 -0.233819 0.923917  16.942293 4.680918 0
0  23.955002 12.566216 83.958740  0.302831 -0.233819 0.923917  16.808086 4.709914 0
0  24.054821 11.259034 83.595215  0.302831 -0.233819 0.923917  17.797235 4.593632 0
painted_wood_01
0  24.296829 11.565270 83.593391  0.302838 -0.233819 0.923914  0.297874 0.539833 0
0  24.054821 11.259034 83.595215  0.302838 -0.233819 0.923914  0.297874 0.539833 0
0  48.192108 15.036601 76.639549  0.302838 -0.233819 0.923914  0.297874 0.539833 0
painted_wood_01
0  47.850277 16.037546 77.004898  0.302838 -0.233819 0.923914  0.297874 0.539833 0
0  48.092285 16.343782 77.003075  0.302838 -0.233819 0.923914  0.297874 0.539833 0
0  23.955002 12.566216 83.958740  0.302838 -0.233819 0.923914  0.297874 0.539833 0
painted_wood_01
0  47.909599 15.260749 76.788872  0.073372 -0.960841 -0.267209  0.297874 0.539833 0
0  48.192184 15.042574 77.650993  0.073372 -0.960841 -0.267209  0.297874 0.539833 0
0  24.579412 11.347095 84.455513  0.073372 -0.960841 -0.267209  0.297874 0.539833 0
c_invasion_wrangler_laser
0  42.178913 13.230906 83.405495  0.302840 -0.233823 0.923913  0.000000 0.000000 0
0  33.296909 11.840841 85.965034  0.302840 -0.233823 0.923913  0.000000 0.000000 0
0  33.305206 11.732206 85.934822  0.302840 -0.233823 0.923913  0.000000 0.000000 0
painted_wood_01
0  24.237511 12.342069 83.809418  -0.073375 0.960841 0.267208  0.297874 0.539833 0
0  24.520094 12.123894 84.671539  -0.073375 0.960841 0.267208  0.297874 0.539833 0
0  48.132862 15.819371 77.867020  -0.073375 0.960841 0.267208  0.297874 0.539833 0
c_invasion_wrangler_laser
0  24.861050 11.855035 84.769951  -0.140288 -0.002206 0.990108  0.000000 0.000000 0
0  33.296909 11.840841 85.965034  -0.047295 0.937417 0.344982  0.000000 0.000000 0
0  42.178913 13.230906 83.405495  -0.047295 0.937417 0.344982  0.000000 0.000000 0
painted_wood_01
0  48.132862 15.819371 77.867020  0.886036 -0.060185 0.459693  0.297874 0.539833 0
0  47.985313 15.474060 78.106209  0.605247 0.262060 0.751665  0.297874 0.539833 0
0  48.006912 15.191230 78.027557  0.665150 -0.522464 0.533485  0.297874 0.539833 0
painted_wood_01
0  24.861050 11.855035 84.769951  -0.170608 0.140649 0.975249  0.297874 0.539833 0
0  24.520094 12.123894 84.671539  -0.457734 -0.270488 0.846945  0.297874 0.539833 0
0  24.579412 11.347095 84.455513  -0.457734 -0.270488 0.846945  0.297874 0.539833 0
painted_wood_01
0  48.192184 15.042574 77.650993  0.266028 -0.844744 0.464368  0.297874 0.539833 0
0  48.006912 15.191230 78.027557  0.665144 -0.522467 0.533490  0.297874 0.539833 0
0  24.882648 11.572204 84.691299  -0.110629 -0.643846 0.757115  0.297874 0.539833 0
painted_wood_01
0  24.520094 12.123894 84.671539  0.162259 0.514066 0.842264  0.297874 0.539833 0
0  24.861050 11.855035 84.769951  -0.170611 0.140641 0.975250  0.297874 0.539833 0
0  47.985313 15.474060 78.106209  0.605229 0.262067 0.751678  0.297874 0.539833 0
painted_wood_01
0  47.850277 16.037546 77.004898  0.950213 0.148712 -0.273824  0.297874 0.539833 0
0  48.132862 15.819371 77.867020  0.950213 0.148712 -0.273824  0.297874 0.539833 0
0  48.192184 15.042574 77.650993  0.950213 0.148712 -0.273824  0.297874 0.539833 0
c_invasion_wrangler_laser
0  48.006912 15.191230 78.027557  0.692160 -0.407873 0.595444  0.000000 0.000000 0
0  42.187210 13.122271 83.375290  0.062420 -0.951798 -0.300308  0.000000 0.000000 0
0  33.305206 11.732206 85.934822  0.062420 -0.951798 -0.300308  0.000000 0.000000 0
c_invasion_wrangler_laser
0  24.882648 11.572204 84.691299  -0.114369 -0.526213 0.842627  0.000000 0.000000 0
0  33.305206 11.732206 85.934822  -0.135307 -0.275059 0.951859  0.000000 0.000000 0
0  33.296909 11.840841 85.965034  -0.135307 -0.275059 0.951859  0.000000 0.000000 0
c_invasion_wrangler_laser
0  47.985313 15.474060 78.106209  0.639348 0.133834 0.757181  0.000000 0.000000 0
0  42.178913 13.230906 83.405495  0.696677 -0.142304 0.703130  0.000000 0.000000 0
0  42.187210 13.122271 83.375290  0.696677 -0.142304 0.703130  0.000000 0.000000 0
gold_player.001
0  24.882648 11.572204 84.691299  0.302840 -0.233810 0.923916  0.000000 0.000000 0
0  48.006912 15.191230 78.027557  0.302840 -0.233810 0.923916  0.000000 0.000000 0
0  47.985313 15.474060 78.106209  0.302840 -0.233810 0.923916  0.000000 0.000000 0
painted_wood_01
0  21.884041 19.151443 54.870033  -0.003406 -0.943212 -0.332175  0.297874 0.539833 0
0  22.802357 19.268536 54.450523  -0.005967 -0.947892 -0.318535  0.297874 0.539833 0
0  17.842327 17.029314 61.122391  -0.010044 -0.947651 -0.319150  0.297874 0.539833 0
painted_wood_01
0  16.891392 17.565731 60.207973  -0.015693 -0.963490 -0.267285  0.297874 0.539833 0
0  16.259218 17.501581 60.443756  -0.017441 -0.965759 -0.258854  0.297874 0.539833 0
0  18.808975 19.187681 54.125484  -0.024295 -0.966077 -0.257109  0.297874 0.539833 0
painted_wood_01
0  19.140585 19.027666 54.625622  0.058009 -0.963388 -0.261759  0.297874 0.539833 0
0  18.808975 19.187681 54.125484  0.056565 -0.965806 -0.253021  0.297874 0.539833 0
0  22.802357 19.268536 54.450523  0.048901 -0.966869 -0.250547  0.297874 0.539833 0
painted_wood_01
0  17.680670 17.220774 60.513130  -0.156304 -0.914913 -0.372159  0.297874 0.539833 0
0  17.842327 17.029314 61.122391  -0.159200 -0.918406 -0.362195  0.297874 0.539833 0
0  16.259218 17.501581 60.443756  -0.163297 -0.918706 -0.359602  0.297874 0.539833 0
painted_wood_01
0  17.724173 18.421820 60.838787  -0.191556 0.964362 0.182517  0.297874 0.539833 0
0  17.881268 18.343414 61.472343  -0.197429 0.965154 0.171756  0.297874 0.539833 0
0  22.702538 20.575718 54.814049  -0.203065 0.963779 0.172900  0.297874 0.539833 0
painted_wood_01
0  16.902895 18.415159 60.424503  -0.134491 0.970597 0.199633  0.297874 0.539833 0
0  16.281406 18.250322 60.643143  -0.138008 0.971389 0.193280  0.297874 0.539833 0
0  17.881268 18.343414 61.472343  -0.147240 0.970213 0.192372  0.297874 0.539833 0
painted_wood_01
0  19.146992 19.760611 54.822784  -0.185611 0.969687 0.158920  0.297874 0.539833 0
0  18.826790 19.788956 54.285610  -0.189831 0.970442 0.149017  0.297874 0.539833 0
0  16.281406 18.250322 60.643143  -0.194793 0.969494 0.148786  0.297874 0.539833 0
painted_wood_01
0  21.812471 20.328451 55.191402  -0.213803 0.964176 0.157014  0.297874 0.539833 0
0  22.702538 20.575718 54.814049  -0.220369 0.964539 0.145264  0.297874 0.539833 0
0  18.826790 19.788956 54.285610  -0.224231 0.963594 0.145623  0.297874 0.539833 0
gold_player.001
0  32.957481 19.624256 59.670280  -0.366663 0.454792 0.811617  -1.253374 -1.872724 0
0  33.396935 19.166164 61.116234  -0.366665 0.454791 0.811616  -1.242776 -1.872724 0
0  35.863914 19.022190 62.311348  -0.366669 0.454792 0.811614  -1.215035 -1.872725 0
gold_player.001
0  39.821739 18.628241 62.807175  -0.266728 -0.853410 0.447824  -1.101102 -1.872725 0
0  38.363941 18.445446 63.386105  -0.266727 -0.853411 0.447825  -1.111697 -1.872725 0
0  35.896965 18.589418 62.190990  -0.266722 -0.853411 0.447827  -1.139438 -1.872725 0
gold_player.001
0  23.106909 19.603731 54.709778  -0.489447 -0.310632 0.814831  -1.289059 -1.872724 0
0  26.269020 19.151314 57.526794  -0.368060 -0.824207 0.430366  -1.299507 -1.872724 0
0  26.235973 19.584087 57.647148  -0.463440 0.424742 0.777701  -1.354209 -1.872724 0
gold_player.001
0  36.366772 19.425287 61.321892  -0.366644 0.454790 0.811627  -1.215037 -1.872725 0
0  35.863914 19.022190 62.311348  -0.366616 0.454788 0.811641  -1.215035 -1.872725 0
0  38.330887 18.878218 63.506458  -0.366551 0.454784 0.811672  -1.187294 -1.872725 0
gold_player.001
0  36.412449 18.827209 61.155563  -0.266745 -0.853411 0.447814  -1.139439 -1.872725 0
0  35.896965 18.589418 62.190990  -0.266775 -0.853408 0.447801  -1.139438 -1.872725 0
0  33.429989 18.733393 60.995880  -0.266840 -0.853405 0.447768  -1.167179 -1.872725 0
gold_player.001
0  39.776058 19.226318 62.973499  -0.366592 0.454788 0.811652  -1.176699 -1.872725 0
0  38.330887 18.878218 63.506458  -0.366630 0.454789 0.811634  -1.187296 -1.872725 0
0  40.797867 18.734241 64.701569  -0.366682 0.454791 0.811609  -1.159554 -1.872725 0
gold_player.001
0  33.003159 19.026178 59.503956  -0.266797 -0.853407 0.447789  -1.177777 -1.872725 0
0  33.429989 18.733393 60.995880  -0.266759 -0.853409 0.447809  -1.167179 -1.872725 0
0  30.963009 18.877369 59.800770  -0.266707 -0.853412 0.447834  -1.194920 -1.872725 0
painted_wood_01
0  23.061239 20.201813 54.876102  -0.495892 -0.224454 0.838875  0.297874 0.539833 0
0  22.702538 20.575718 54.814049  -0.432345 -0.272085 0.859679  0.297874 0.539833 0
0  22.802357 19.268536 54.450523  -0.432345 -0.272085 0.859679  0.297874 0.539833 0
painted_wood_01
0  46.640320 18.230301 66.110397  -0.266646 -0.853561 0.447586  0.297874 0.539833 0
0  46.667393 17.875750 66.011795  -0.432340 -0.272099 0.859677  0.297874 0.539833 0
0  50.076683 17.676781 67.663406  -0.432340 -0.272099 0.859677  0.297874 0.539833 0
painted_wood_01
0  49.717979 18.050686 67.601349  -0.365881 -0.317885 0.874689  0.297874 0.539833 0
0  50.076683 17.676781 67.663406  -0.432344 -0.272092 0.859677  0.297874 0.539833 0
0  49.976860 18.983963 68.026932  -0.432344 -0.272092 0.859677  0.297874 0.539833 0
painted_wood_01
0  26.138903 20.022196 56.367062  -0.366580 0.455053 0.811509  0.297874 0.539833 0
0  26.111828 20.376747 56.465660  -0.432350 -0.272083 0.859677  0.297874 0.539833 0
0  22.702538 20.575718 54.814049  -0.432350 -0.272083 0.859677  0.297874 0.539833 0
painted_wood_01
0  49.672310 18.648767 67.767677  -0.372472 -0.231665 0.898664  0.297874 0.539833 0
0  49.976860 18.983963 68.026932  -0.432347 -0.272093 0.859675  0.297874 0.539833 0
0  46.567570 19.182932 66.375320  -0.432347 -0.272093 0.859675  0.297874 0.539833 0
painted_wood_01
0  46.594643 18.828381 66.276718  -0.366573 0.455040 0.811519  0.297874 0.539833 0
0  46.567570 19.182932 66.375320  -0.432343 -0.272100 0.859675  0.297874 0.539833 0
0  43.158279 19.381901 64.723709  -0.432343 -0.272100 0.859675  0.297874 0.539833 0
painted_wood_01
0  43.185352 19.027349 64.625107  -0.366573 0.455040 0.811519  0.297874 0.539833 0
0  43.158279 19.381901 64.723709  -0.432343 -0.272100 0.859675  0.297874 0.539833 0
0  39.748985 19.580870 63.072098  -0.432343 -0.272100 0.859675  0.297874 0.539833 0
painted_wood_01
0  39.776058 19.226318 62.973499  -0.366569 0.455059 0.811510  0.297874 0.539833 0
0  39.748985 19.580870 63.072098  -0.432342 -0.272078 0.859683  0.297874 0.539833 0
0  36.339699 19.779839 61.420490  -0.432342 -0.272078 0.859683  0.297874 0.539833 0
painted_wood_01
0  36.366772 19.425287 61.321892  -0.366570 0.455060 0.811509  0.297874 0.539833 0
0  36.339699 19.779839 61.420490  -0.432344 -0.272076 0.859682  0.297874 0.539833 0
0  32.930408 19.978807 59.768879  -0.432344 -0.272076 0.859682  0.297874 0.539833 0
painted_wood_01
0  32.957481 19.624256 59.670280  -0.366573 0.455053 0.811512  0.297874 0.539833 0
0  32.930408 19.978807 59.768879  -0.432345 -0.272085 0.859679  0.297874 0.539833 0
0  29.521118 20.177778 58.117268  -0.432345 -0.272085 0.859679  0.297874 0.539833 0
painted_wood_01
0  29.548193 19.823227 58.018669  -0.366573 0.455055 0.811510  0.297874 0.539833 0
0  29.521118 20.177778 58.117268  -0.432342 -0.272083 0.859681  0.297874 0.539833 0
0  26.111828 20.376747 56.465660  -0.432342 -0.272083 0.859681  0.297874 0.539833 0
painted_wood_01
0  23.106909 19.603731 54.709778  -0.489311 -0.310690 0.814891  0.297874 0.539833 0
0  22.802357 19.268536 54.450523  -0.432349 -0.272096 0.859673  0.297874 0.539833 0
0  26.211647 19.069567 56.102135  -0.432349 -0.272096 0.859673  0.297874 0.539833 0
painted_wood_01
0  26.184572 19.424118 56.200733  -0.266644 -0.853554 0.447601  0.297874 0.539833 0
0  26.211647 19.069567 56.102135  -0.432340 -0.272083 0.859682  0.297874 0.539833 0
0  29.620941 18.870596 57.753746  -0.432340 -0.272083 0.859682  0.297874 0.539833 0
painted_wood_01
0  29.593866 19.225147 57.852345  -0.266648 -0.853553 0.447601  0.297874 0.539833 0
0  29.620941 18.870596 57.753746  -0.432345 -0.272079 0.859681  0.297874 0.539833 0
0  33.030231 18.671627 59.405357  -0.432345 -0.272079 0.859681  0.297874 0.539833 0
painted_wood_01
0  33.003159 19.026178 59.503956  -0.266648 -0.853559 0.447590  0.297874 0.539833 0
0  33.030231 18.671627 59.405357  -0.432345 -0.272093 0.859676  0.297874 0.539833 0
0  36.439522 18.472658 61.056965  -0.432345 -0.272093 0.859676  0.297874 0.539833 0
painted_wood_01
0  36.412449 18.827209 61.155563  -0.266651 -0.853553 0.447599  0.297874 0.539833 0
0  36.439522 18.472658 61.056965  -0.432345 -0.272080 0.859680  0.297874 0.539833 0
0  39.848812 18.273689 62.708576  -0.432345 -0.272080 0.859680  0.297874 0.539833 0
painted_wood_01
0  39.821739 18.628241 62.807175  -0.266650 -0.853559 0.447588  0.297874 0.539833 0
0  39.848812 18.273689 62.708576  -0.432348 -0.272093 0.859675  0.297874 0.539833 0
0  43.258102 18.074720 64.360184  -0.432348 -0.272093 0.859675  0.297874 0.539833 0
painted_wood_01
0  43.231030 18.429270 64.458786  -0.266652 -0.853555 0.447594  0.297874 0.539833 0
0  43.258102 18.074720 64.360184  -0.432344 -0.272082 0.859680  0.297874 0.539833 0
0  46.667393 17.875750 66.011795  -0.432344 -0.272082 0.859680  0.297874 0.539833 0
gold_player.001
0  26.269020 19.151314 57.526794  -0.368046 -0.824214 0.430364  -1.258152 -1.872725 0
0  28.496029 19.021345 58.605656  -0.266673 -0.853561 0.447571  -1.233110 -1.872724 0
0  28.462982 19.454115 58.726013  -0.366594 0.455042 0.811508  -1.287812 -1.872724 0
gold_player.001
0  28.496029 19.021345 58.605656  -0.266605 -0.853560 0.447613  -1.233110 -1.872725 0
0  30.963009 18.877369 59.800770  -0.266851 -0.853546 0.447494  -1.205369 -1.872725 0
0  30.929958 19.310141 59.921124  -0.366588 0.455051 0.811506  -1.260071 -1.872724 0
gold_player.001
0  30.963009 18.877369 59.800770  -0.266603 -0.853566 0.447602  -1.205369 -1.872725 0
0  33.429989 18.733393 60.995880  -0.266672 -0.853562 0.447570  -1.177628 -1.872725 0
0  33.396935 19.166164 61.116234  -0.366595 0.455039 0.811509  -1.232330 -1.872725 0
gold_player.001
0  33.429989 18.733393 60.995880  -0.266597 -0.853567 0.447604  -1.177628 -1.872725 0
0  35.896965 18.589418 62.190990  -0.266667 -0.853565 0.447566  -1.149887 -1.872725 0
0  35.863914 19.022190 62.311348  -0.366589 0.455036 0.811514  -1.204589 -1.872725 0
gold_player.001
0  35.896965 18.589418 62.190990  -0.266599 -0.853570 0.447597  -1.149887 -1.872725 0
0  38.363941 18.445446 63.386105  -0.266668 -0.853567 0.447563  -1.122146 -1.872725 0
0  38.330887 18.878218 63.506458  -0.366598 0.455031 0.811513  -1.176849 -1.872725 0
gold_player.001
0  38.363941 18.445446 63.386105  -0.266609 -0.853555 0.447620  -1.122146 -1.872725 0
0  40.830917 18.301468 64.581223  -0.266678 -0.853552 0.447585  -1.094405 -1.872725 0
0  40.797867 18.734241 64.701569  -0.366589 0.455058 0.811502  -1.149107 -1.872725 0
gold_player.001
0  40.830917 18.301468 64.581223  -0.266603 -0.853559 0.447615  -1.094404 -1.872726 0
0  43.297894 18.157494 65.776329  -0.266673 -0.853556 0.447580  -1.066663 -1.872726 0
0  43.264843 18.590267 65.896683  -0.366586 0.455051 0.811507  -1.121365 -1.872725 0
gold_player.001
0  43.297894 18.157494 65.776329  -0.266648 -0.853558 0.447590  -1.066663 -1.872725 0
0  45.524902 18.027523 66.855194  -0.187976 -0.834714 0.517607  -1.041621 -1.872725 0
0  45.491856 18.460299 66.975548  -0.283330 0.414235 0.864947  -1.096324 -1.872725 0
gold_player.001
0  43.231030 18.429270 64.458786  -0.266680 -0.853417 0.447842  -1.062765 -1.872725 0
0  40.830917 18.301468 64.581223  -0.266768 -0.853411 0.447799  -1.083957 -1.872725 0
0  38.363941 18.445446 63.386105  -0.266732 -0.853413 0.447817  -1.111698 -1.872725 0
gold_player.001
0  29.548193 19.823227 58.018669  -0.366712 0.454795 0.811593  -1.291711 -1.872724 0
0  30.929958 19.310141 59.921124  -0.366624 0.454790 0.811636  -1.270518 -1.872724 0
0  33.396935 19.166164 61.116234  -0.366661 0.454793 0.811617  -1.242777 -1.872724 0
gold_player.001
0  49.672310 18.648767 67.767677  -0.372313 -0.231713 0.898717  -1.065417 -1.872726 0
0  45.491856 18.460299 66.975548  -0.283358 0.414235 0.864938  -1.054968 -1.872726 0
0  45.524902 18.027523 66.855194  -0.187983 -0.834712 0.517608  -1.000265 -1.872726 0
gold_player.001
0  46.640320 18.230301 66.110397  -0.266785 -0.853410 0.447792  -1.024428 -1.872726 0
0  43.297894 18.157494 65.776329  -0.266807 -0.853408 0.447781  -1.056216 -1.872725 0
0  40.830917 18.301468 64.581223  -0.266717 -0.853414 0.447825  -1.083957 -1.872725 0
gold_player.001
0  26.138903 20.022196 56.367062  -0.366604 0.454789 0.811645  -1.330048 -1.872724 0
0  28.462982 19.454115 58.726013  -0.366582 0.454787 0.811657  -1.298259 -1.872724 0
0  30.929958 19.310141 59.921124  -0.366671 0.454791 0.811614  -1.270518 -1.872724 0
gold_player.001
0  23.061239 20.201813 54.876102  -0.495927 -0.224580 0.838821  -1.364657 -1.872724 0
0  26.235973 19.584087 57.647148  -0.463515 0.424481 0.777798  -1.323302 -1.872724 0
0  28.462982 19.454115 58.726013  -0.366703 0.454792 0.811599  -1.298259 -1.872724 0
gold_player.001
0  26.184572 19.424118 56.200733  -0.266649 -0.853418 0.447858  -1.254451 -1.872724 0
0  28.496029 19.021345 58.605656  -0.266666 -0.853417 0.447850  -1.222661 -1.872724 0
0  26.269020 19.151314 57.526794  -0.368236 -0.824039 0.430536  -1.247704 -1.872725 0
gold_player.001
0  46.594643 18.828381 66.276718  -0.366737 0.454802 0.811578  -1.100025 -1.872725 0
0  43.264843 18.590267 65.896683  -0.366724 0.454802 0.811584  -1.131813 -1.872725 0
0  45.491856 18.460299 66.975548  -0.283341 0.413978 0.865066  -1.106771 -1.872725 0
gold_player.001
0  29.593866 19.225147 57.852345  -0.266720 -0.853412 0.447826  -1.216114 -1.872725 0
0  30.963009 18.877369 59.800770  -0.266726 -0.853412 0.447823  -1.194920 -1.872725 0
0  28.496029 19.021345 58.605656  -0.266732 -0.853411 0.447820  -1.222661 -1.872725 0
gold_player.001
0  43.185352 19.027349 64.625107  -0.366673 0.454795 0.811611  -1.138362 -1.872725 0
0  40.797867 18.734241 64.701569  -0.366667 0.454795 0.811614  -1.159555 -1.872725 0
0  43.264843 18.590267 65.896683  -0.366661 0.454796 0.811616  -1.131814 -1.872725 0
black.001
0  11.131424 12.562930 80.157036  -0.468815 -0.223072 0.854664  19.385180 5.263299 0
0  10.724439 12.196499 79.843155  -0.468815 -0.223072 0.854664  19.722363 5.245944 0
0  17.741055 11.044974 83.386444  -0.468816 -0.223072 0.854664  19.820961 4.937456 0
black.001
0  17.782936 11.927798 83.620392  -0.467860 -0.223276 0.855134  19.119209 5.007977 0
0  17.779997 12.359073 83.736404  -0.467860 -0.223276 0.855134  18.776321 5.043183 0
0  10.763379 13.510597 80.193115  -0.467860 -0.223276 0.855134  18.677723 5.351672 0
black.001
0  11.144814 13.014774 80.277374  -0.468100 -0.214429 0.857264  19.025984 5.299653 0
0  10.763379 13.510597 80.193115  -0.468100 -0.214429 0.857264  18.677723 5.351672 0
0  10.724439 12.196499 79.843155  -0.468100 -0.214429 0.857264  19.722363 5.245944 0
black.001
0  23.576080 11.673958 83.696274  -0.024024 -0.272721 0.961793  18.587931 4.679616 0
0  24.054821 11.259034 83.595215  -0.024024 -0.272721 0.961793  18.872898 4.630065 0
0  23.955002 12.566216 83.958740  -0.024024 -0.272721 0.961793  17.852055 4.742558 0
black.001
0  23.541658 12.121210 83.826889  -0.025927 -0.260915 0.965014  18.237413 4.718241 0
0  23.955002 12.566216 83.958740  -0.025927 -0.260915 0.965014  17.852055 4.742558 0
0  17.779997 12.359073 83.736404  -0.025927 -0.260915 0.965014  18.548046 4.917122 0
black.001
0  17.738211 11.476246 83.502457  -0.023139 -0.260718 0.965137  19.243990 4.844838 0
0  17.741055 11.044974 83.386444  -0.023139 -0.260718 0.965137  19.582434 4.808756 0
0  24.054821 11.259034 83.595215  -0.023139 -0.260718 0.965137  18.872898 4.630065 0
painted_wood_01
0  23.576080 11.673958 83.696274  0.040706 -0.971011 -0.235543  0.297874 0.539833 0
0  23.393988 11.502380 84.372116  0.610183 -0.723824 0.322110  0.297874 0.539833 0
0  17.556128 11.304677 84.178268  -0.112794 -0.972585 0.203361  0.297874 0.539833 0
gold_player.001
0  17.470942 11.644767 84.323196  -0.341667 0.146996 0.928254  19.209156 4.995910 0
0  11.025458 12.701221 81.073105  -0.642272 0.143113 0.752997  19.118660 5.279191 0
0  11.017969 12.452044 81.006950  -0.662884 -0.446327 0.601146  19.316710 5.259147 0
painted_wood_01
0  17.782936 11.927798 83.620392  -0.041055 0.971018 0.235453  0.297874 0.539833 0
0  17.600853 11.756228 84.296204  -0.114265 0.761023 0.638583  0.297874 0.539833 0
0  23.359566 11.949633 84.502731  0.540841 0.540983 0.644071  0.297874 0.539833 0
painted_wood_01
0  11.131424 12.562930 80.157036  -0.967096 0.091844 -0.237254  0.297874 0.539833 0
0  10.949330 12.391352 80.832886  -0.762368 -0.646878 -0.018530  0.297874 0.539833 0
0  10.962720 12.843196 80.953224  -0.721772 0.617598 0.312439  0.297874 0.539833 0
painted_wood_01
0  23.541658 12.121210 83.826889  0.965665 -0.001540 0.259786  0.297874 0.539833 0
0  23.359566 11.949633 84.502731  0.540702 0.541146 0.644052  0.297874 0.539833 0
0  23.393988 11.502380 84.372116  0.610002 -0.723984 0.322093  0.297874 0.539833 0
gold_player.001
0  17.669548 11.632319 84.373558  -0.122435 0.113216 0.985998  19.200010 4.992856 0
0  17.470942 11.644767 84.323196  -0.341527 0.146911 0.928319  19.209156 4.995910 0
0  17.446379 11.395724 84.257942  -0.363071 -0.545874 0.755117  19.407114 4.976425 0
gold_player.001
0  11.017969 12.452044 81.006950  -0.662913 -0.446376 0.601078  19.380690 5.252655 0
0  10.949330 12.391352 80.832886  -0.762539 -0.646675 -0.018574  19.380135 5.257577 0
0  17.556128 11.304677 84.178268  -0.112811 -0.972560 0.203473  19.473026 4.966938 0
gold_player.001
0  17.470942 11.644767 84.323196  -0.341489 0.147185 0.928290  19.112009 5.005757 0
0  17.600853 11.756228 84.296204  -0.114341 0.760947 0.638659  19.114140 5.002287 0
0  10.962720 12.843196 80.953224  -0.721955 0.617405 0.312397  19.020908 5.293963 0
gold_player.001
0  11.025458 12.701221 81.073105  -0.642305 0.143177 0.752957  19.106350 5.284380 0
0  10.962720 12.843196 80.953224  -0.721780 0.617620 0.312376  19.025801 5.293454 0
0  10.949330 12.391352 80.832886  -0.762385 -0.646854 -0.018675  19.384998 5.257100 0
gold_player.001
0  23.359566 11.949633 84.502731  0.540713 0.541204 0.643994  18.236126 4.725029 0
0  23.235451 11.820174 84.569801  0.213030 0.065871 0.974823  18.312223 4.717628 0
0  23.254391 11.573901 84.498169  0.246366 -0.521572 0.816864  18.505171 4.696367 0
gold_player.001
0  23.235451 11.820174 84.569801  0.213004 0.065884 0.974828  18.254789 4.728056 0
0  23.359566 11.949633 84.502731  0.540931 0.541032 0.643955  18.242577 4.724289 0
0  17.600853 11.756228 84.296204  -0.114257 0.760930 0.638694  18.891651 4.887084 0
gold_player.001
0  23.393988 11.502380 84.372116  0.610227 -0.723840 0.321992  18.593302 4.685721 0
0  23.254391 11.573901 84.498169  0.246367 -0.521589 0.816852  18.606260 4.689688 0
0  17.645033 11.384835 84.308640  -0.106714 -0.577053 0.809705  19.236647 4.848445 0
gold_player.001
0  23.235451 11.820174 84.569801  0.212987 0.065821 0.974836  18.330643 4.719872 0
0  17.669548 11.632319 84.373558  -0.122424 0.113236 0.985997  18.957981 4.877213 0
0  17.645033 11.384835 84.308640  -0.106689 -0.576941 0.809788  19.153976 4.857368 0
end
